fiscal_year,payroll_number,agency_name,agency_start_date,work_location_borough,title_description,leave_status_as_of_june_30,base_salary,pay_basis,regular_hours,regular_gross_paid,ot_hours,total_ot_paid,total_other_pay
2024,67,ADMIN FOR CHILDREN'S SVCS,2009-03-23T00:00:00.000,MANHATTAN,CHILD PROTECTIVE SPECIALIST,ACTIVE,67899.00,per Annum,1820,65567.23,0,0.00,4402.89
2024,67,ADMIN FOR CHILDREN'S SVCS,2023-01-17T00:00:00.000,MANHATTAN,CONGREG CARE SPEC - ACS,ACTIVE,48094.00,per Annum,1890,47382.47,173.5,5225.58,4271.00
2024,67,ADMIN FOR CHILDREN'S SVCS,2023-07-17T00:00:00.000,MANHATTAN,COMPUTER SYSTEMS MANAGER,ACTIVE,236447.00,per Annum,1680,209928.11,0,0.00,4000.00
2024,67,ADMIN FOR CHILDREN'S SVCS,2015-01-05T00:00:00.000,MANHATTAN,CHILD WELFARE SPECIALIST,ACTIVE,70655.00,per Annum,1820,60671.49,6.5,256.73,3989.06
2024,67,ADMIN FOR CHILDREN'S SVCS,2005-08-22T00:00:00.000,MANHATTAN,COMPUTER AIDE-NON-SPVR,ACTIVE,74232.00,per Annum,1610,41912.85,42.25,1837.23,3969.47
2024,67,ADMIN FOR CHILDREN'S SVCS,2020-01-21T00:00:00.000,MANHATTAN,COMMUNITY ASSOCIATE,ACTIVE,49615.00,per Annum,1820,42717.49,46.5,1486.38,3909.26
2024,67,ADMIN FOR CHILDREN'S SVCS,2005-08-01T00:00:00.000,BRONX,CHILD PROTECTIVE SPECIALIST,ACTIVE,67973.00,per Annum,1400,50475.10,0,0.00,3856.10
2024,67,ADMIN FOR CHILDREN'S SVCS,2014-10-20T00:00:00.000,BROOKLYN,CHILD PROTECTIVE SPECIALIST,ACTIVE,67899.00,per Annum,1820,86464.31,73,5180.44,3812.87
2024,67,ADMIN FOR CHILDREN'S SVCS,2020-01-06T00:00:00.000,MANHATTAN,SPECIAL OFFICER,CEASED,40619.00,per Annum,720,15369.67,48,1705.00,3812.40
2024,67,ADMIN FOR CHILDREN'S SVCS,2014-05-05T00:00:00.000,MANHATTAN,ADMINISTRATIVE STAFF ANALYST,ACTIVE,171878.00,per Annum,1820,179126.40,0,0.00,3750.00
2024,67,ADMIN FOR CHILDREN'S SVCS,2012-04-30T00:00:00.000,QUEENS,CHILD WELFARE SPECIALIST,ACTIVE,66159.00,per Annum,1820,63887.22,0,0.00,3541.81
2024,67,ADMIN FOR CHILDREN'S SVCS,2019-07-22T00:00:00.000,BRONX,CHILD PROTECTIVE SPECIALIST,ACTIVE,67899.00,per Annum,1820,65567.23,85.25,4125.66,3525.97
2024,67,ADMIN FOR CHILDREN'S SVCS,1996-06-23T00:00:00.000,MANHATTAN,DIRECTOR OF FIELD OPERATIONS,CEASED,142273.00,per Annum,0,0.00,0,0.00,95736.99
2024,67,ADMIN FOR CHILDREN'S SVCS,1996-06-23T00:00:00.000,MANHATTAN,DIRECTOR OF FIELD OPERATIONS,CEASED,118342.00,per Annum,0,0.00,0,0.00,25235.05
2024,67,ADMIN FOR CHILDREN'S SVCS,2015-09-08T00:00:00.000,BROOKLYN,AGENCY ATTORNEY,ACTIVE,129175.00,per Annum,1820,135493.30,33.75,3445.54,12137.36
2024,67,ADMIN FOR CHILDREN'S SVCS,2016-03-14T00:00:00.000,MANHATTAN,CONSTRUCTION PROJECT MANAGER,ACTIVE,128128.00,per Annum,1820,123588.01,246,22099.89,11607.89
2024,67,ADMIN FOR CHILDREN'S SVCS,2006-08-21T00:00:00.000,MANHATTAN,CHILD PROTECTIVE SPECIALIST SUPERVISOR,ACTIVE,76264.00,per Annum,1820,89176.83,226.5,14777.89,11487.81
2024,67,ADMIN FOR CHILDREN'S SVCS,2013-07-22T00:00:00.000,BROOKLYN,ASSOCIATE YOUTH DEVELOPMENT SPECIALIST,ACTIVE,80549.00,per Annum,1820,80563.34,700.75,43707.92,11391.09
2024,67,ADMIN FOR CHILDREN'S SVCS,2012-01-09T00:00:00.000,MANHATTAN,YOUTH DEVELOPMENT SPECIALIST,ACTIVE,67525.00,per Annum,1824,67675.12,282.25,14201.03,10358.65
2024,67,ADMIN FOR CHILDREN'S SVCS,2017-06-26T00:00:00.000,MANHATTAN,CHILD WELFARE SPECIALIST,ACTIVE,66159.00,per Annum,1820,63887.22,261,11907.46,10019.46
2024,67,ADMIN FOR CHILDREN'S SVCS,1997-02-02T00:00:00.000,MANHATTAN,MANAGEMENT AUDITOR,ACTIVE,87404.00,per Annum,1820,84121.09,0,0.00,10007.08
2024,67,ADMIN FOR CHILDREN'S SVCS,2011-07-04T00:00:00.000,BROOKLYN,YOUTH DEVELOPMENT SPECIALIST,ACTIVE,67525.00,per Annum,1820,62600.05,256.5,11579.79,9275.40
2024,67,ADMIN FOR CHILDREN'S SVCS,2015-01-05T00:00:00.000,MANHATTAN,CHILD PROTECTIVE SPECIALIST,ACTIVE,67899.00,per Annum,1820,65567.23,210.1,10829.29,9185.09
2024,67,ADMIN FOR CHILDREN'S SVCS,2022-05-23T00:00:00.000,MANHATTAN,CHILD PROTECTIVE SPECIALIST,CEASED,64232.00,per Annum,1085,36363.29,213.75,9348.64,8850.22
2024,67,ADMIN FOR CHILDREN'S SVCS,2018-03-12T00:00:00.000,MANHATTAN,AGENCY ATTORNEY,ACTIVE,106312.00,per Annum,1820,111624.76,0,0.00,8793.00
2024,67,ADMIN FOR CHILDREN'S SVCS,2017-05-22T00:00:00.000,MANHATTAN,CHILD PROTECTIVE SPECIALIST,ACTIVE,67899.00,per Annum,1820,65567.23,173,9115.18,8515.94
2024,67,ADMIN FOR CHILDREN'S SVCS,2019-11-25T00:00:00.000,BROOKLYN,YOUTH DEVELOPMENT SPECIALIST,ACTIVE,64090.00,per Annum,1820,51138.30,629.5,26421.59,8508.10
2024,67,ADMIN FOR CHILDREN'S SVCS,2022-09-12T00:00:00.000,MANHATTAN,ASSISTANT COMMISSIONER,CEASED,161000.00,per Annum,770,67758.84,0,0.00,8145.21
2024,67,ADMIN FOR CHILDREN'S SVCS,1996-06-23T00:00:00.000,MANHATTAN,PRINCIPAL ADMINISTRATIVE ASSOCIATE -  NON SUPVR,ON SEPARATION LEAVE,67193.00,per Annum,1820,69685.01,0,55.08,7911.25
2024,67,ADMIN FOR CHILDREN'S SVCS,2016-04-25T00:00:00.000,MANHATTAN,SUPERVISOR I,ACTIVE,66268.00,per Annum,1820,62471.72,642.5,35220.07,7824.77
2024,67,ADMIN FOR CHILDREN'S SVCS,1996-06-23T00:00:00.000,MANHATTAN,PRINCIPAL ADMINISTRATIVE ASSOCIATE -  NON SUPVR,ACTIVE,73527.00,per Annum,1820,75985.75,0,0.00,7793.25
2024,67,ADMIN FOR CHILDREN'S SVCS,1997-06-30T00:00:00.000,MANHATTAN,CHILD PROTECTIVE SPECIALIST,ACTIVE,68027.00,per Annum,1820,65667.61,0,0.00,5012.78
2024,67,ADMIN FOR CHILDREN'S SVCS,2005-10-11T00:00:00.000,MANHATTAN,SUPERVISING SPECIAL OFFICER,ACTIVE,68145.00,per Annum,2080,69344.27,62,3173.14,5001.44
2024,67,ADMIN FOR CHILDREN'S SVCS,2007-07-16T00:00:00.000,MANHATTAN,CHILD PROTECTIVE SPECIALIST,ACTIVE,67899.00,per Annum,1820,65567.23,36.5,1534.18,5000.78
2024,67,ADMIN FOR CHILDREN'S SVCS,2005-12-19T00:00:00.000,MANHATTAN,SPECIAL OFFICER,ACTIVE,53295.00,per Annum,2000,53052.67,638.75,25495.84,4980.03
2024,67,ADMIN FOR CHILDREN'S SVCS,2023-09-25T00:00:00.000,BRONX,YOUTH DEVELOPMENT SPECIALIST,ACTIVE,51502.00,per Annum,1330,36411.33,396.75,15177.49,4921.29
2024,67,ADMIN FOR CHILDREN'S SVCS,2000-09-11T00:00:00.000,BROOKLYN,ADM MANAGER-NON-MGRL,ACTIVE,77181.00,per Annum,1820,79175.17,0,0.00,4877.03
2024,67,ADMIN FOR CHILDREN'S SVCS,2000-02-22T00:00:00.000,MANHATTAN,ADM MANAGER-NON-MGRL,ACTIVE,106117.00,per Annum,1820,109170.60,0,0.00,4865.36
2024,67,ADMIN FOR CHILDREN'S SVCS,2011-06-20T00:00:00.000,BROOKLYN,CHILD PROTECTIVE SPECIALIST,ACTIVE,67899.00,per Annum,1820,65567.23,146.25,6235.59,4827.62
2024,67,ADMIN FOR CHILDREN'S SVCS,2000-09-25T00:00:00.000,MANHATTAN,ADM MANAGER-NON-MGRL,ACTIVE,89762.00,per Annum,1820,89514.11,0,11.54,4804.48
2024,67,ADMIN FOR CHILDREN'S SVCS,2016-11-21T00:00:00.000,MANHATTAN,ADM MANAGER-NON-MGRL,ACTIVE,80279.00,per Annum,1820,80681.19,0,0.00,4773.80
2024,67,ADMIN FOR CHILDREN'S SVCS,2022-09-12T00:00:00.000,BRONX,AGENCY ATTORNEY,ACTIVE,106312.00,per Annum,1820,96140.34,24.25,1339.76,4723.37
2024,67,ADMIN FOR CHILDREN'S SVCS,2016-10-11T00:00:00.000,BRONX,INSTITUTIONAL AIDE,ACTIVE,44800.00,per Annum,1950,43261.48,429.25,13714.95,4722.24
2024,67,ADMIN FOR CHILDREN'S SVCS,2023-07-17T00:00:00.000,BROOKLYN,YOUTH DEVELOPMENT SPECIALIST,ACTIVE,51502.00,per Annum,1680,46059.15,283,10180.92,4694.52
2024,67,ADMIN FOR CHILDREN'S SVCS,2009-08-10T00:00:00.000,BRONX,CHILD PROTECTIVE SPECIALIST,ACTIVE,67899.00,per Annum,1820,65567.23,294,12965.56,4659.66
2024,67,ADMIN FOR CHILDREN'S SVCS,2007-07-16T00:00:00.000,MANHATTAN,CHILD PROTECTIVE SPECIALIST SUPERVISOR,ACTIVE,96901.00,per Annum,1566.5,80540.63,45.75,2612.42,4593.98
2024,67,ADMIN FOR CHILDREN'S SVCS,2019-04-29T00:00:00.000,BRONX,CHILD PROTECTIVE SPECIALIST,ACTIVE,67899.00,per Annum,1820,65567.23,339.25,16564.80,4579.97
2024,67,ADMIN FOR CHILDREN'S SVCS,1996-06-23T00:00:00.000,MANHATTAN,CHILD WELFARE SPECIALIST SUPERVISOR,ACTIVE,92434.00,per Annum,1820,89236.57,0,0.00,5012.78
2024,67,ADMIN FOR CHILDREN'S SVCS,1996-06-23T00:00:00.000,BROOKLYN,CHILD WELFARE SPECIALIST SUPERVISOR,ACTIVE,82263.00,per Annum,1820,79415.41,0,0.00,5012.78
2024,67,ADMIN FOR CHILDREN'S SVCS,2023-04-24T00:00:00.000,MANHATTAN,SPECIAL OFFICER,ACTIVE,36955.00,per Annum,2080,37071.20,365.5,10010.86,7512.46
2024,67,ADMIN FOR CHILDREN'S SVCS,2021-05-10T00:00:00.000,MANHATTAN,AGENCY ATTORNEY,ON SEPARATION LEAVE,106312.00,per Annum,1820,110220.90,35,3076.40,7031.55
2024,67,ADMIN FOR CHILDREN'S SVCS,2013-04-29T00:00:00.000,MANHATTAN,CHILD PROTECTIVE SPECIALIST,ACTIVE,67899.00,per Annum,1820,65567.23,21,913.07,6841.30
2024,67,ADMIN FOR CHILDREN'S SVCS,2011-07-04T00:00:00.000,MANHATTAN,COMPUTER ASSOCIATE,ACTIVE,66458.00,per Annum,1820,61834.56,0,0.00,6802.84
2024,67,ADMIN FOR CHILDREN'S SVCS,2011-07-04T00:00:00.000,MANHATTAN,CONGREG CARE SPEC- DJJ,ACTIVE,71639.00,per Annum,2080,69155.85,110.25,3993.08,6715.47
2024,67,ADMIN FOR CHILDREN'S SVCS,2023-06-26T00:00:00.000,BRONX,YOUTH DEVELOPMENT SPECIALIST,CEASED,50001.00,per Annum,1143,31329.08,598.5,22827.51,6606.98
2024,67,ADMIN FOR CHILDREN'S SVCS,2016-06-27T00:00:00.000,MANHATTAN,CHILD WELFARE SPECIALIST,ACTIVE,62567.00,per Annum,1820,57470.22,528.75,25056.41,6445.22
2024,67,ADMIN FOR CHILDREN'S SVCS,2015-09-21T00:00:00.000,BROOKLYN,COMPUTER ASSOCIATE,ACTIVE,66313.00,per Annum,1820,63954.38,24.25,1292.67,6318.26
2024,67,ADMIN FOR CHILDREN'S SVCS,2006-05-08T00:00:00.000,BRONX,SUPERVISING COMPUTER SERVICE TECHNICIAN,ACTIVE,90272.00,per Annum,1820,87148.83,0,0.00,6306.92
2024,67,ADMIN FOR CHILDREN'S SVCS,2000-07-10T00:00:00.000,QUEENS,CHILD PROTECTIVE SPECIALIST SUPERVISOR,ACTIVE,97003.00,per Annum,1820,93648.68,310,23861.94,6211.70
2024,67,ADMIN FOR CHILDREN'S SVCS,2019-03-25T00:00:00.000,BROOKLYN,YOUTH DEVELOPMENT SPECIALIST,ACTIVE,65236.00,per Annum,1820,63612.84,794.75,39051.02,5975.46
2024,67,ADMIN FOR CHILDREN'S SVCS,2006-10-16T00:00:00.000,MANHATTAN,CHILD PROTECTIVE SPECIALIST SUPERVISOR,ACTIVE,96950.00,per Annum,1820,93597.97,164.75,10323.99,5933.02
2024,67,ADMIN FOR CHILDREN'S SVCS,2016-07-11T00:00:00.000,MANHATTAN,COMPUTER SPECIALIST,ACTIVE,121856.00,per Annum,1820,117671.91,61,4440.11,5863.71
2024,67,ADMIN FOR CHILDREN'S SVCS,1998-12-14T00:00:00.000,MANHATTAN,CHILD PROTECTIVE SPECIALIST,CEASED,66022.00,per Annum,1295,46726.42,36,1595.61,5770.62
2024,67,ADMIN FOR CHILDREN'S SVCS,2019-02-04T00:00:00.000,BROOKLYN,YOUTH DEVELOPMENT SPECIALIST,ON LEAVE,67525.00,per Annum,1324,41674.03,37.5,1896.35,5599.88
2024,67,ADMIN FOR CHILDREN'S SVCS,2023-08-14T00:00:00.000,BRONX,SPECIAL OFFICER,ACTIVE,36955.00,per Annum,1760,30789.54,292,7663.44,5512.68
2024,67,ADMIN FOR CHILDREN'S SVCS,2018-08-13T00:00:00.000,MANHATTAN,SUPERVISING COMPUTER SERVICE TECHNICIAN,ACTIVE,79563.00,per Annum,1820,70922.38,0,0.00,5511.24
2024,67,ADMIN FOR CHILDREN'S SVCS,2018-05-07T00:00:00.000,BROOKLYN,COMPUTER SERVICE TECHNICIAN,ACTIVE,60347.00,per Annum,1820,58274.56,0,0.00,5511.24
2024,67,ADMIN FOR CHILDREN'S SVCS,2000-08-21T00:00:00.000,BROOKLYN,CHILD PROTECTIVE SPECIALIST SUPERVISOR,ACTIVE,97071.00,per Annum,1820,93714.21,41.25,2920.21,5424.97
2024,67,ADMIN FOR CHILDREN'S SVCS,1998-02-17T00:00:00.000,BRONX,CHILD PROTECTIVE SPECIALIST SUPERVISOR,ACTIVE,97123.00,per Annum,1820,93764.92,379.75,24970.48,5423.29
2024,67,ADMIN FOR CHILDREN'S SVCS,2018-06-25T00:00:00.000,MANHATTAN,CONGREG CARE SPEC - ACS,ACTIVE,48094.00,per Annum,1820,46442.37,1735,65738.41,5315.88
2024,67,ADMIN FOR CHILDREN'S SVCS,2017-02-06T00:00:00.000,MANHATTAN,CHILD PROTECTIVE SPECIALIST,ON LEAVE,67899.00,per Annum,1820,63259.64,243.25,10722.70,5256.84
2024,67,ADMIN FOR CHILDREN'S SVCS,1996-06-23T00:00:00.000,MANHATTAN,CHILD PROTECTIVE SPECIALIST SUPERVISOR,ON SEPARATION LEAVE,75998.00,per Annum,1820,73365.13,111,5679.73,5209.69
2024,67,ADMIN FOR CHILDREN'S SVCS,2006-06-05T00:00:00.000,BRONX,CHILD PROTECTIVE SPECIALIST SUPERVISOR,ACTIVE,96950.00,per Annum,1820,93597.97,155.75,9001.32,5197.71
2024,67,ADMIN FOR CHILDREN'S SVCS,2006-06-26T00:00:00.000,MANHATTAN,SUPERVISING SPECIAL OFFICER,ACTIVE,68114.00,per Annum,2080,70044.06,220.5,11408.01,5174.89
2024,67,ADMIN FOR CHILDREN'S SVCS,2003-09-22T00:00:00.000,BRONX,CHILD PROTECTIVE SPECIALIST SUPERVISOR,ACTIVE,97003.00,per Annum,1820,93648.68,43.5,2517.82,5149.82
2024,67,ADMIN FOR CHILDREN'S SVCS,2007-04-16T00:00:00.000,MANHATTAN,CHILD PROTECTIVE SPECIALIST SUPERVISOR,ACTIVE,75874.00,per Annum,1820,73245.78,55.5,2950.00,5148.32
2024,67,ADMIN FOR CHILDREN'S SVCS,2006-12-04T00:00:00.000,MANHATTAN,CHILD PROTECTIVE SPECIALIST,ACTIVE,67947.00,per Annum,1820,65591.16,76.25,3200.55,5105.06
2024,67,ADMIN FOR CHILDREN'S SVCS,1996-06-23T00:00:00.000,MANHATTAN,CHILD PROTECTIVE SPECIALIST SUPERVISOR,ACTIVE,103776.00,per Annum,1820,100189.36,153.5,9320.82,5035.94
2024,67,ADMIN FOR CHILDREN'S SVCS,2006-06-05T00:00:00.000,MANHATTAN,CHILD PROTECTIVE SPECIALIST,ACTIVE,67947.00,per Annum,1820,65591.16,2.2,128.22,5029.28
2024,67,ADMIN FOR CHILDREN'S SVCS,1996-06-23T00:00:00.000,BROOKLYN,CHILD PROTECTIVE SPECIALIST SUPERVISOR,ACTIVE,97022.00,per Annum,1820,93667.66,0,0.00,5029.28
2024,67,ADMIN FOR CHILDREN'S SVCS,2006-10-16T00:00:00.000,BROOKLYN,CHILD PROTECTIVE SPECIALIST,ACTIVE,68027.00,per Annum,1820,65667.61,0,0.00,5029.28
2024,67,ADMIN FOR CHILDREN'S SVCS,2007-06-04T00:00:00.000,MANHATTAN,CHILD PROTECTIVE SPECIALIST,ACTIVE,67923.00,per Annum,1820,65567.23,2,77.68,5028.80
2024,67,ADMIN FOR CHILDREN'S SVCS,2017-08-14T00:00:00.000,BROOKLYN,CHILD PROTECTIVE SPECIALIST,ACTIVE,67899.00,per Annum,1820,65567.23,0,0.00,2817.61
2024,67,ADMIN FOR CHILDREN'S SVCS,2023-09-25T00:00:00.000,BROOKLYN,YOUTH DEVELOPMENT SPECIALIST,ACTIVE,51502.00,per Annum,1330,36798.41,466.5,17492.15,2851.34
2024,67,ADMIN FOR CHILDREN'S SVCS,2023-12-04T00:00:00.000,BRONX,SPECIAL OFFICER,ACTIVE,36955.00,per Annum,1120,19648.76,142,3788.44,2898.56
2024,67,ADMIN FOR CHILDREN'S SVCS,2022-02-28T00:00:00.000,RICHMOND,CHILD PROTECTIVE SPECIALIST,CEASED,65921.00,per Annum,1505,52267.18,125.5,5274.21,2923.11
2024,67,ADMIN FOR CHILDREN'S SVCS,2016-10-17T00:00:00.000,QUEENS,CHILD PROTECTIVE SPECIALIST,ACTIVE,67899.00,per Annum,1820,65567.23,226,10581.42,2923.54
2024,67,ADMIN FOR CHILDREN'S SVCS,2023-11-20T00:00:00.000,BRONX,YOUTH DEVELOPMENT SPECIALIST,ACTIVE,51502.00,per Annum,1050,28524.95,360,13906.69,2958.26
2024,67,ADMIN FOR CHILDREN'S SVCS,2005-01-31T00:00:00.000,MANHATTAN,CONGREG CARE SPEC - ACS,ACTIVE,62367.00,per Annum,1820,60202.13,1521.75,73057.24,2970.99
2024,67,ADMIN FOR CHILDREN'S SVCS,2015-09-28T00:00:00.000,BROOKLYN,YOUTH DEVELOPMENT SPECIALIST,ACTIVE,67525.00,per Annum,1820,63379.24,530.75,27525.60,2997.73
2024,67,ADMIN FOR CHILDREN'S SVCS,2023-10-02T00:00:00.000,BROOKLYN,COMPUTER ASSOCIATE,CEASED,56106.00,per Annum,420,13623.95,0,0.00,3000.00
2024,67,ADMIN FOR CHILDREN'S SVCS,2024-01-16T00:00:00.000,MANHATTAN,ADMINISTRATIVE MANAGEMENT AUDITOR,ACTIVE,153519.00,per Annum,770,62995.15,0,0.00,3000.00
2024,67,ADMIN FOR CHILDREN'S SVCS,2016-08-29T00:00:00.000,MANHATTAN,PRINCIPAL ADMINISTRATIVE ASSOCIATE -  NON SUPVR,ACTIVE,73758.00,per Annum,1820,75444.17,0,0.00,3000.00
2024,67,ADMIN FOR CHILDREN'S SVCS,2023-04-17T00:00:00.000,MANHATTAN,DIRECTOR OF FIELD OPERATIONS,ACTIVE,122152.00,per Annum,1820,117593.21,0,0.00,3000.00
2024,67,ADMIN FOR CHILDREN'S SVCS,1996-06-23T00:00:00.000,MANHATTAN,DIRECTOR OF FIELD OPERATIONS,ACTIVE,116208.00,per Annum,1820,121566.65,0,0.00,3000.00
2024,67,ADMIN FOR CHILDREN'S SVCS,2007-04-16T00:00:00.000,BRONX,DIRECTOR OF FIELD OPERATIONS,ACTIVE,124261.00,per Annum,1820,122432.78,0,0.00,3000.00
2024,67,ADMIN FOR CHILDREN'S SVCS,2003-09-22T00:00:00.000,MANHATTAN,DIRECTOR OF FIELD OPERATIONS,ACTIVE,124261.00,per Annum,1820,122607.36,0,0.00,3000.00
2024,67,ADMIN FOR CHILDREN'S SVCS,2001-06-11T00:00:00.000,QUEENS,DIRECTOR OF FIELD OPERATIONS,ACTIVE,124261.00,per Annum,1820,122607.36,0,0.00,3000.00
2024,67,ADMIN FOR CHILDREN'S SVCS,2023-02-13T00:00:00.000,BRONX,YOUTH DEVELOPMENT SPECIALIST,CEASED,48545.00,per Annum,7.25,192.83,17.75,607.81,2589.04
2024,67,ADMIN FOR CHILDREN'S SVCS,1999-05-03T00:00:00.000,MANHATTAN,ADMINISTRATIVE DIRECTOR OF SOCIAL SERVICES,ACTIVE,137576.00,per Annum,1820,133405.91,0,0.00,3000.00
2024,67,ADMIN FOR CHILDREN'S SVCS,1997-06-30T00:00:00.000,BROOKLYN,DIRECTOR OF FIELD OPERATIONS,ACTIVE,131782.00,per Annum,1820,136997.60,0,0.00,3000.00
2024,67,ADMIN FOR CHILDREN'S SVCS,2000-09-18T00:00:00.000,MANHATTAN,ADMINISTRATIVE DIRECTOR OF SOCIAL SERVICES,ACTIVE,150808.00,per Annum,1820,157397.18,0,0.00,3000.00
2024,67,ADMIN FOR CHILDREN'S SVCS,2015-04-13T00:00:00.000,BRONX,EXECUTIVE AGENCY COUNSEL,ACTIVE,182330.00,per Annum,1820,188583.05,0,0.00,3000.00
2024,67,ADMIN FOR CHILDREN'S SVCS,2018-09-04T00:00:00.000,BROOKLYN,EXECUTIVE AGENCY COUNSEL,ACTIVE,182329.00,per Annum,1820,188876.94,0,0.00,3000.00
2024,67,ADMIN FOR CHILDREN'S SVCS,1996-06-23T00:00:00.000,MANHATTAN,EXECUTIVE AGENCY COUNSEL,ACTIVE,182330.00,per Annum,1820,189145.91,0,0.00,3000.00
2024,67,ADMIN FOR CHILDREN'S SVCS,1996-06-23T00:00:00.000,BROOKLYN,EXECUTIVE AGENCY COUNSEL,ACTIVE,182330.00,per Annum,1820,189145.91,0,0.00,3000.00
2024,67,ADMIN FOR CHILDREN'S SVCS,2014-12-08T00:00:00.000,MANHATTAN,ADMINISTRATIVE DIRECTOR OF SOCIAL SERVICES,ACTIVE,195874.00,per Annum,1820,205084.97,0,0.00,3000.00
2024,67,ADMIN FOR CHILDREN'S SVCS,2023-09-11T00:00:00.000,MANHATTAN,AGENCY ATTORNEY INTERNE,ACTIVE,80763.00,per Annum,1400,59547.42,11,472.12,3000.00
2024,67,ADMIN FOR CHILDREN'S SVCS,2023-12-04T00:00:00.000,BRONX,SPECIAL OFFICER,ACTIVE,36955.00,per Annum,1280,22255.36,260.5,6798.81,3003.62
2024,67,ADMIN FOR CHILDREN'S SVCS,2023-09-11T00:00:00.000,MANHATTAN,AGENCY ATTORNEY INTERNE,ACTIVE,80763.00,per Annum,1400,59986.60,13.25,574.05,3066.00
2024,67,ADMIN FOR CHILDREN'S SVCS,2007-09-17T00:00:00.000,QUEENS,CHILD PROTECTIVE SPECIALIST SUPERVISOR,ACTIVE,97096.00,per Annum,1085,55877.50,0,0.00,3087.10
2024,67,ADMIN FOR CHILDREN'S SVCS,2022-09-12T00:00:00.000,QUEENS,AGENCY ATTORNEY INTERNE,CEASED,82785.00,per Annum,1295,61106.95,0,11.05,3116.00
2024,67,ADMIN FOR CHILDREN'S SVCS,2018-09-17T00:00:00.000,MANHATTAN,ADMINISTRATIVE DIRECTOR OF SOCIAL SERVICES,ACTIVE,271810.00,per Annum,1820,285514.68,0,0.00,3398.19
2024,67,ADMIN FOR CHILDREN'S SVCS,2016-09-12T00:00:00.000,BROOKLYN,EXECUTIVE AGENCY COUNSEL,CEASED,168839.00,per Annum,1463,144859.40,0,487.89,3414.93
2024,67,ADMIN FOR CHILDREN'S SVCS,2016-07-11T00:00:00.000,MANHATTAN,COMMUNITY COORDINATOR,ACTIVE,70191.00,per Annum,1820,67757.43,0,0.00,2565.16
2024,67,ADMIN FOR CHILDREN'S SVCS,2016-05-16T00:00:00.000,BRONX,CHILD WELFARE SPECIALIST,ACTIVE,66159.00,per Annum,1820,63887.22,92.25,3380.81,2541.06
2024,67,ADMIN FOR CHILDREN'S SVCS,2018-04-23T00:00:00.000,MANHATTAN,CHILD PROTECTIVE SPECIALIST,ACTIVE,67899.00,per Annum,1820,65567.23,0,0.00,2498.31
2024,67,ADMIN FOR CHILDREN'S SVCS,2022-06-06T00:00:00.000,MANHATTAN,CONGREG CARE SPEC - ACS,ON LEAVE,48094.00,per Annum,1260,31796.59,60.5,2048.43,2496.63
2024,67,ADMIN FOR CHILDREN'S SVCS,2017-11-13T00:00:00.000,MANHATTAN,CHILD PROTECTIVE SPECIALIST,ACTIVE,67899.00,per Annum,875,31519.62,56.25,2565.67,2306.75
2024,67,ADMIN FOR CHILDREN'S SVCS,2020-02-18T00:00:00.000,BROOKLYN,CHILD PROTECTIVE SPECIALIST,ACTIVE,67899.00,per Annum,1820,65567.23,304,13860.51,2291.20
2024,67,ADMIN FOR CHILDREN'S SVCS,2004-02-09T00:00:00.000,MANHATTAN,CHILD AND FAMILY SPECIALIST,ACTIVE,99060.00,per Annum,1820,95635.02,127,10019.49,2136.53
2024,67,ADMIN FOR CHILDREN'S SVCS,2019-04-29T00:00:00.000,BROOKLYN,CHILD PROTECTIVE SPECIALIST,ACTIVE,67899.00,per Annum,1820,65567.23,0,0.00,1958.25
2024,67,ADMIN FOR CHILDREN'S SVCS,2020-02-18T00:00:00.000,BROOKLYN,YOUTH DEVELOPMENT SPECIALIST,ACTIVE,64090.00,per Annum,1015,35277.59,192,9277.91,1912.72
2024,67,ADMIN FOR CHILDREN'S SVCS,2019-11-12T00:00:00.000,BRONX,CHILD PROTECTIVE SPECIALIST,ACTIVE,67899.00,per Annum,1820,65567.23,30.75,1244.41,1894.39
2024,67,ADMIN FOR CHILDREN'S SVCS,2019-07-22T00:00:00.000,BRONX,CHILD PROTECTIVE SPECIALIST,ACTIVE,67899.00,per Annum,1820,65567.23,185.5,7679.46,1879.83
2024,67,ADMIN FOR CHILDREN'S SVCS,2018-01-02T00:00:00.000,BROOKLYN,CONGREG CARE SPEC - ACS,ACTIVE,48094.00,per Annum,1906,32263.20,24.75,651.71,1867.05
2024,67,ADMIN FOR CHILDREN'S SVCS,2019-07-22T00:00:00.000,BROOKLYN,CHILD PROTECTIVE SPECIALIST,ACTIVE,67899.00,per Annum,1820,65567.23,0,0.00,1686.00
2024,67,ADMIN FOR CHILDREN'S SVCS,2019-04-29T00:00:00.000,BROOKLYN,CHILD PROTECTIVE SPECIALIST,ACTIVE,67899.00,per Annum,1820,65567.23,0,0.00,1686.00
2024,67,ADMIN FOR CHILDREN'S SVCS,2019-11-12T00:00:00.000,MANHATTAN,CHILD PROTECTIVE SPECIALIST,ACTIVE,67899.00,per Annum,1960,65376.30,0,0.00,1663.38
2024,67,ADMIN FOR CHILDREN'S SVCS,2011-07-04T00:00:00.000,MANHATTAN,COMMUNITY COORDINATOR,ACTIVE,74382.00,per Annum,1820,71804.47,0,0.00,1545.22
2024,67,ADMIN FOR CHILDREN'S SVCS,1996-06-23T00:00:00.000,MANHATTAN,ADMINISTRATIVE DIRECTOR OF SOCIAL SERVICES,ACTIVE,104771.00,per Annum,1820,101150.16,446.75,14061.73,1526.03
2024,67,ADMIN FOR CHILDREN'S SVCS,2023-05-22T00:00:00.000,BROOKLYN,CHILD PROTECTIVE SPECIALIST,CEASED,60236.00,per Annum,1330,41508.21,147.25,5734.22,1502.75
2024,67,ADMIN FOR CHILDREN'S SVCS,2012-01-17T00:00:00.000,MANHATTAN,PROTECTION AGENT,ON SEPARATION LEAVE,75193.00,per Annum,2080,72611.07,0,0.00,1473.59
2024,67,ADMIN FOR CHILDREN'S SVCS,1997-07-06T00:00:00.000,MANHATTAN,COMMUNITY COORDINATOR,ACTIVE,70046.00,per Annum,1820,66524.45,2.25,85.54,1470.97
2024,67,ADMIN FOR CHILDREN'S SVCS,2000-02-28T00:00:00.000,MANHATTAN,COMMUNITY COORDINATOR,ACTIVE,95001.00,per Annum,1820,91716.17,0,0.00,1470.97
2024,67,ADMIN FOR CHILDREN'S SVCS,2004-04-19T00:00:00.000,MANHATTAN,COMMUNITY ASSOCIATE,ACTIVE,63955.00,per Annum,1820,61735.77,0,0.00,1470.97
2024,67,ADMIN FOR CHILDREN'S SVCS,2022-05-29T00:00:00.000,MANHATTAN,CLERICAL ASSOCIATE,ACTIVE,64153.00,per Annum,1820,61949.75,0,0.00,1430.24
2024,67,ADMIN FOR CHILDREN'S SVCS,2016-08-22T00:00:00.000,MANHATTAN,CITY RESEARCH SCIENTIST,ACTIVE,109330.00,per Annum,1820,92246.85,0,0.00,1298.08
2024,67,ADMIN FOR CHILDREN'S SVCS,2023-04-24T00:00:00.000,BRONX,YOUTH DEVELOPMENT SPECIALIST,ACTIVE,55507.00,per Annum,1260,20756.07,227.75,6945.06,1275.72
2024,67,ADMIN FOR CHILDREN'S SVCS,2022-02-28T00:00:00.000,QUEENS,CHILD PROTECTIVE SPECIALIST,ACTIVE,67899.00,per Annum,1820,63614.68,99.75,4116.67,1253.46
2024,67,ADMIN FOR CHILDREN'S SVCS,2020-12-07T00:00:00.000,BROOKLYN,YOUTH DEVELOPMENT SPECIALIST,ACTIVE,62948.00,per Annum,1820,57895.33,666.5,29835.22,1202.10
2024,67,ADMIN FOR CHILDREN'S SVCS,2021-08-23T00:00:00.000,QUEENS,CHILD PROTECTIVE SPECIALIST,ACTIVE,67899.00,per Annum,1820,64253.85,659,33039.74,1182.32
2024,67,ADMIN FOR CHILDREN'S SVCS,2021-07-26T00:00:00.000,BRONX,YOUTH DEVELOPMENT SPECIALIST,ACTIVE,59513.00,per Annum,1820,55516.81,0,0.00,1117.40
2024,67,ADMIN FOR CHILDREN'S SVCS,2021-03-15T00:00:00.000,BROOKLYN,YOUTH DEVELOPMENT SPECIALIST,ACTIVE,62948.00,per Annum,1820,59254.32,397.5,17985.97,1080.88
2024,67,ADMIN FOR CHILDREN'S SVCS,2021-08-23T00:00:00.000,MANHATTAN,CHILD PROTECTIVE SPECIALIST,ACTIVE,67899.00,per Annum,1820,64905.22,0,0.00,1008.52
2024,67,ADMIN FOR CHILDREN'S SVCS,2023-12-18T00:00:00.000,BRONX,COMMUNITY COORDINATOR,ACTIVE,70022.00,per Annum,910,32505.52,12,446.53,994.28
2024,67,ADMIN FOR CHILDREN'S SVCS,2022-08-29T00:00:00.000,QUEENS,CHILD PROTECTIVE SPECIALIST,ACTIVE,66159.00,per Annum,1820,61091.85,234.25,9869.96,852.78
2024,67,ADMIN FOR CHILDREN'S SVCS,2023-07-17T00:00:00.000,BRONX,YOUTH DEVELOPMENT SPECIALIST,ACTIVE,51502.00,per Annum,1680,45660.24,399.25,15141.22,847.48
2024,67,ADMIN FOR CHILDREN'S SVCS,2022-08-29T00:00:00.000,BRONX,CHILD PROTECTIVE SPECIALIST,ACTIVE,66159.00,per Annum,1750,58045.07,460.25,20282.83,794.11
2024,67,ADMIN FOR CHILDREN'S SVCS,2023-11-20T00:00:00.000,BRONX,CHILD PROTECTIVE SPECIALIST,CEASED,55463.00,per Annum,840,23969.89,41.5,1404.01,753.39
2024,67,ADMIN FOR CHILDREN'S SVCS,1996-06-23T00:00:00.000,QUEENS,CHILD AND FAMILY SPECIALIST,ACTIVE,100653.00,per Annum,1820,97196.47,97.75,5399.45,704.91
2024,67,ADMIN FOR CHILDREN'S SVCS,2019-09-16T00:00:00.000,MANHATTAN,AGENCY ATTORNEY,CEASED,100053.00,per Annum,182,19564.48,0,384.31,698.28
2024,67,ADMIN FOR CHILDREN'S SVCS,2023-01-09T00:00:00.000,BRONX,YOUTH DEVELOPMENT SPECIALIST,CEASED,50001.00,per Annum,224.5,6085.57,155,6055.12,695.20
2024,67,ADMIN FOR CHILDREN'S SVCS,1996-06-23T00:00:00.000,MANHATTAN,ADMINISTRATIVE DIRECTOR OF SOCIAL SERVICES,ACTIVE,90041.00,per Annum,1820,86280.09,0,0.00,670.09
2024,67,ADMIN FOR CHILDREN'S SVCS,2022-08-29T00:00:00.000,BRONX,CHILD PROTECTIVE SPECIALIST,ACTIVE,66159.00,per Annum,1743,58251.59,171.75,6775.70,660.00
2024,67,ADMIN FOR CHILDREN'S SVCS,2021-05-24T00:00:00.000,MANHATTAN,COMMUNITY COORDINATOR,ACTIVE,70022.00,per Annum,1769,63192.76,5.75,204.82,636.70
2024,67,ADMIN FOR CHILDREN'S SVCS,2021-07-06T00:00:00.000,MANHATTAN,COMPUTER SERVICE TECHNICIAN,ACTIVE,53055.00,per Annum,1820,50902.54,109,3890.75,554.10
2024,67,ADMIN FOR CHILDREN'S SVCS,2019-04-22T00:00:00.000,MANHATTAN,CITY RESEARCH SCIENTIST,ON LEAVE,107117.00,per Annum,770,43768.44,0,0.00,551.31
2024,67,ADMIN FOR CHILDREN'S SVCS,2023-09-11T00:00:00.000,MANHATTAN,CONGREG CARE SPEC - ACS,ACTIVE,48094.00,per Annum,1400,32297.72,85.75,2240.85,493.62
2024,67,ADMIN FOR CHILDREN'S SVCS,2022-01-03T00:00:00.000,BRONX,ADMINISTRATIVE DIRECTOR OF RESIDENTIAL CHILD CARE,ACTIVE,111786.00,per Annum,1820,104361.32,0,0.00,404.25
2024,67,ADMIN FOR CHILDREN'S SVCS,2023-02-27T00:00:00.000,BRONX,CHILD PROTECTIVE SPECIALIST,ACTIVE,62043.00,per Annum,1820,58451.69,274,11113.82,390.86
2024,67,ADMIN FOR CHILDREN'S SVCS,2023-02-27T00:00:00.000,BRONX,CHILD PROTECTIVE SPECIALIST,ACTIVE,62043.00,per Annum,1820,58999.40,248.25,10626.89,352.56
2024,67,ADMIN FOR CHILDREN'S SVCS,2017-04-10T00:00:00.000,BROOKLYN,CHILD PROTECTIVE SPECIALIST,ACTIVE,67899.00,per Annum,280,9014.60,0,0.00,347.61
2024,67,ADMIN FOR CHILDREN'S SVCS,2016-08-08T00:00:00.000,MANHATTAN,CHILD WELFARE SPECIALIST,ACTIVE,79364.00,per Annum,1820,74378.41,218.75,11365.89,307.93
2024,67,ADMIN FOR CHILDREN'S SVCS,2022-10-03T00:00:00.000,BRONX,SPECIAL OFFICER,CEASED,36955.00,per Annum,8,460.01,0,87.73,295.61
2024,67,ADMIN FOR CHILDREN'S SVCS,2023-01-30T00:00:00.000,MANHATTAN,COMMUNITY COORDINATOR,CEASED,77274.00,per Annum,350,14786.71,0,0.00,283.00
2024,67,ADMIN FOR CHILDREN'S SVCS,2020-02-18T00:00:00.000,BROOKLYN,ASSOCIATE YOUTH DEVELOPMENT SPECIALIST,ACTIVE,78971.00,per Annum,609,26361.89,0,0.00,282.28
2024,67,ADMIN FOR CHILDREN'S SVCS,2019-12-30T00:00:00.000,MANHATTAN,CHILD AND FAMILY SPECIALIST,ACTIVE,94521.00,per Annum,1820,90422.10,24,1262.02,269.39
2024,67,ADMIN FOR CHILDREN'S SVCS,2023-05-22T00:00:00.000,QUEENS,CHILD PROTECTIVE SPECIALIST,ACTIVE,62043.00,per Annum,1820,55680.11,268.75,11206.59,261.81
2024,67,ADMIN FOR CHILDREN'S SVCS,2024-02-12T00:00:00.000,BRONX,YOUTH DEVELOPMENT SPECIALIST,ON LEAVE,51502.00,per Annum,560,10900.19,27.75,759.46,200.44
2024,67,ADMIN FOR CHILDREN'S SVCS,2024-03-25T00:00:00.000,BRONX,YOUTH DEVELOPMENT SPECIALIST,ACTIVE,51502.00,per Annum,420,11031.28,41.75,1437.71,184.28
2024,67,ADMIN FOR CHILDREN'S SVCS,2023-05-22T00:00:00.000,BROOKLYN,CHILD PROTECTIVE SPECIALIST,ACTIVE,62043.00,per Annum,1820,57545.76,161.5,6697.03,171.57
2024,67,ADMIN FOR CHILDREN'S SVCS,2023-05-22T00:00:00.000,MANHATTAN,CHILD PROTECTIVE SPECIALIST,ON LEAVE,62043.00,per Annum,1805,57212.63,61.75,2168.99,165.09
2024,67,ADMIN FOR CHILDREN'S SVCS,2023-11-20T00:00:00.000,BROOKLYN,CHILD PROTECTIVE SPECIALIST,ACTIVE,62043.00,per Annum,1050,31536.69,8.75,273.22,157.25
2024,67,ADMIN FOR CHILDREN'S SVCS,2023-12-11T00:00:00.000,MANHATTAN,CONGREG CARE SPEC - ACS,ACTIVE,48094.00,per Annum,830,20539.78,0.5,12.78,152.50
2024,67,ADMIN FOR CHILDREN'S SVCS,2024-06-04T00:00:00.000,MANHATTAN,SUMMER COLLEGE INTERN,ACTIVE,19.70,per Hour,182,3185.00,0,0.00,122.50
2024,67,ADMIN FOR CHILDREN'S SVCS,2023-11-20T00:00:00.000,BROOKLYN,CHILD PROTECTIVE SPECIALIST,ACTIVE,62043.00,per Annum,1050,30476.95,26.75,876.55,112.14
2024,67,ADMIN FOR CHILDREN'S SVCS,2021-12-06T00:00:00.000,MANHATTAN,COMMUNITY COORDINATOR,ACTIVE,70022.00,per Annum,1820,63474.47,0,0.00,100.00
2024,67,ADMIN FOR CHILDREN'S SVCS,2023-08-28T00:00:00.000,MANHATTAN,CHILD PROTECTIVE SPECIALIST,ACTIVE,62043.00,per Annum,1470,45430.58,72.5,2522.69,90.21
2024,67,ADMIN FOR CHILDREN'S SVCS,2023-11-20T00:00:00.000,BRONX,CHILD PROTECTIVE SPECIALIST,ACTIVE,62043.00,per Annum,1050,31267.96,12,425.00,78.04
2024,67,ADMIN FOR CHILDREN'S SVCS,2015-05-04T00:00:00.000,MANHATTAN,COMMUNITY COORDINATOR,ACTIVE,85959.00,per Annum,1820,83007.14,47.75,2426.67,74.75
2024,67,ADMIN FOR CHILDREN'S SVCS,2019-01-28T00:00:00.000,MANHATTAN,COMMUNITY COORDINATOR,ACTIVE,70022.00,per Annum,1820,67214.99,59,2827.98,70.71
2024,67,ADMIN FOR CHILDREN'S SVCS,2023-07-03T00:00:00.000,QUEENS,CHILD AND FAMILY SPECIALIST,ACTIVE,94521.00,per Annum,1750,87756.25,99.5,5544.05,69.97
2024,67,ADMIN FOR CHILDREN'S SVCS,2023-08-28T00:00:00.000,BRONX,CHILD PROTECTIVE SPECIALIST,ACTIVE,62043.00,per Annum,1470,45963.17,202.75,7888.32,65.25
2024,67,ADMIN FOR CHILDREN'S SVCS,2024-04-15T00:00:00.000,BRONX,YOUTH DEVELOPMENT SPECIALIST,ACTIVE,51502.00,per Annum,315,8878.20,7.25,246.31,44.45
2024,67,ADMIN FOR CHILDREN'S SVCS,2024-02-25T00:00:00.000,QUEENS,CHILD PROTECTIVE SPECIALIST,ACTIVE,57127.00,per Annum,560,16699.55,5.5,250.45,42.25
2024,67,ADMIN FOR CHILDREN'S SVCS,2023-05-22T00:00:00.000,MANHATTAN,CHILD PROTECTIVE SPECIALIST,CEASED,60236.00,per Annum,1085,33640.91,176.5,6747.14,39.56
2024,67,ADMIN FOR CHILDREN'S SVCS,2023-01-03T00:00:00.000,MANHATTAN,CITY RESEARCH SCIENTIST,ACTIVE,92630.00,per Annum,1484,69044.98,33.25,1546.73,24.75
2024,67,ADMIN FOR CHILDREN'S SVCS,2019-11-12T00:00:00.000,MANHATTAN,COMMUNITY COORDINATOR,ACTIVE,77491.00,per Annum,1820,74830.13,0,0.00,24.75
2024,67,ADMIN FOR CHILDREN'S SVCS,2023-11-06T00:00:00.000,MANHATTAN,COMMUNITY ASSOCIATE,ACTIVE,49615.00,per Annum,1120,29152.09,0,0.00,16.50
2024,67,ADMIN FOR CHILDREN'S SVCS,2023-11-20T00:00:00.000,MANHATTAN,CHILD PROTECTIVE SPECIALIST,ACTIVE,62043.00,per Annum,1050,31567.00,53.5,1687.38,13.91
2024,67,ADMIN FOR CHILDREN'S SVCS,2022-05-09T00:00:00.000,MANHATTAN,SPECIAL OFFICER,CEASED,35879.00,per Annum,0,199.99,0,0.00,9.26
2024,67,ADMIN FOR CHILDREN'S SVCS,2024-02-12T00:00:00.000,BRONX,YOUTH DEVELOPMENT SPECIALIST,CEASED,50001.00,per Annum,280,5742.45,0,0.00,8.89
2024,67,ADMIN FOR CHILDREN'S SVCS,2015-04-27T00:00:00.000,MANHATTAN,PROTECTION AGENT,CEASED,75193.00,per Annum,2055.8,71765.68,0,0.00,8.25
2024,67,ADMIN FOR CHILDREN'S SVCS,2018-08-06T00:00:00.000,MANHATTAN,COMMUNITY COORDINATOR,ACTIVE,73159.00,per Annum,1820,70646.83,0,0.00,8.25
2024,67,ADMIN FOR CHILDREN'S SVCS,2023-12-04T00:00:00.000,QUEENS,PROTECTION AGENT,ACTIVE,75193.00,per Annum,1120,37698.19,0,0.00,8.25
2024,67,ADMIN FOR CHILDREN'S SVCS,2024-05-20T00:00:00.000,MANHATTAN,CHILD PROTECTIVE SPECIALIST,ACTIVE,57127.00,per Annum,140,4230.45,0,0.00,8.25
2024,67,ADMIN FOR CHILDREN'S SVCS,2024-05-20T00:00:00.000,BROOKLYN,CHILD PROTECTIVE SPECIALIST,ACTIVE,57127.00,per Annum,140,4030.93,0,0.00,8.25
2024,67,ADMIN FOR CHILDREN'S SVCS,2022-08-29T00:00:00.000,BROOKLYN,CHILD PROTECTIVE SPECIALIST,CEASED,60236.00,per Annum,175,15836.69,0,216.73,1.73
2024,67,ADMIN FOR CHILDREN'S SVCS,1996-06-23T00:00:00.000,MANHATTAN,ADM MANAGER-NON-MGRL,CEASED,75270.00,per Annum,0,87.96,0,0.00,0.92
2024,67,ADMIN FOR CHILDREN'S SVCS,2018-09-10T00:00:00.000,BRONX,*SENIOR COOK,CEASED,47693.00,per Annum,0,132.58,0,0.00,0.76
2024,67,ADMIN FOR CHILDREN'S SVCS,2023-02-27T00:00:00.000,QUEENS,CHILD PROTECTIVE SPECIALIST,CEASED,55463.00,per Annum,140,2972.67,21,637.52,0.00
2024,67,ADMIN FOR CHILDREN'S SVCS,2015-01-05T00:00:00.000,MANHATTAN,COMMUNITY COORDINATOR,ACTIVE,72504.00,per Annum,1820,70014.19,12,231.17,0.00
2024,67,ADMIN FOR CHILDREN'S SVCS,2016-05-23T00:00:00.000,MANHATTAN,COMMUNITY COORDINATOR,ACTIVE,80733.00,per Annum,1820,77961.35,6.5,311.04,0.00
2024,67,ADMIN FOR CHILDREN'S SVCS,2021-09-27T00:00:00.000,MANHATTAN,AGENCY ATTORNEY,CEASED,77140.00,per Annum,0,4365.52,0,84.37,0.00
2024,67,ADMIN FOR CHILDREN'S SVCS,2022-10-24T00:00:00.000,QUEENS,AGENCY ATTORNEY,CEASED,77140.00,per Annum,0,1972.56,0,30.27,0.00
2024,67,ADMIN FOR CHILDREN'S SVCS,2012-10-15T00:00:00.000,MANHATTAN,ADMINISTRATIVE DIRECTOR OF SOCIAL SERVICES,ACTIVE,108973.00,per Annum,1820,105231.25,0,0.00,0.00
2024,67,ADMIN FOR CHILDREN'S SVCS,2013-01-28T00:00:00.000,BROOKLYN,ADMINISTRATIVE DIRECTOR OF SOCIAL SERVICES,ACTIVE,102846.00,per Annum,1820,98218.56,0,0.00,0.00
2024,67,ADMIN FOR CHILDREN'S SVCS,2018-01-02T00:00:00.000,MANHATTAN,ADMINISTRATIVE DIRECTOR OF SOCIAL SERVICES,ACTIVE,100353.00,per Annum,1820,96907.06,0,0.00,0.00
2024,67,ADMIN FOR CHILDREN'S SVCS,2016-10-17T00:00:00.000,BROOKLYN,CHILD PROTECTIVE SPECIALIST,ACTIVE,67899.00,per Annum,1743,62793.46,138.5,6153.81,2625.34
2024,67,ADMIN FOR CHILDREN'S SVCS,2017-10-16T00:00:00.000,MANHATTAN,CHILD PROTECTIVE SPECIALIST,ACTIVE,67899.00,per Annum,1820,65567.23,47,2243.69,2643.01
2024,67,ADMIN FOR CHILDREN'S SVCS,2016-08-08T00:00:00.000,BRONX,CHILD PROTECTIVE SPECIALIST,ACTIVE,67899.00,per Annum,1820,63802.11,98,3897.32,2658.20
2024,67,ADMIN FOR CHILDREN'S SVCS,2023-03-20T00:00:00.000,BRONX,YOUTH DEVELOPMENT SPECIALIST,ACTIVE,55507.00,per Annum,1820,49775.14,945.5,36610.96,2720.97
2024,67,ADMIN FOR CHILDREN'S SVCS,2023-12-04T00:00:00.000,BROOKLYN,SPECIAL OFFICER,ACTIVE,36955.00,per Annum,1120,19432.32,235,6278.51,2775.71
2024,67,ADMIN FOR CHILDREN'S SVCS,2018-11-13T00:00:00.000,MANHATTAN,PROGRAM EVALUATOR,ACTIVE,94598.00,per Annum,1750,87836.94,0,0.00,0.00
2024,67,ADMIN FOR CHILDREN'S SVCS,2018-04-09T00:00:00.000,MANHATTAN,PROGRAM EVALUATOR,ACTIVE,85998.00,per Annum,1820,83044.84,0,0.00,0.00
2024,67,ADMIN FOR CHILDREN'S SVCS,2022-06-21T00:00:00.000,QUEENS,PROTECTION AGENT,ACTIVE,75193.00,per Annum,2080,76581.92,0,0.00,0.00
2024,67,ADMIN FOR CHILDREN'S SVCS,2023-06-05T00:00:00.000,BRONX,PROTECTION AGENT,ACTIVE,79219.00,per Annum,2080,74034.50,0,0.00,0.00
2024,67,ADMIN FOR CHILDREN'S SVCS,2019-10-15T00:00:00.000,MANHATTAN,CITY RESEARCH SCIENTIST,ACTIVE,97728.00,per Annum,1820,73277.99,0,0.00,0.00
2024,67,ADMIN FOR CHILDREN'S SVCS,2015-04-27T00:00:00.000,MANHATTAN,PROTECTION AGENT,ACTIVE,75193.00,per Annum,2080,72611.07,0,0.00,0.00
2024,67,ADMIN FOR CHILDREN'S SVCS,2016-07-11T00:00:00.000,MANHATTAN,PRINCIPAL ADMINISTRATIVE ASSOCIATE -  NON SUPVR,ACTIVE,90640.00,per Annum,1465,71459.24,0,0.00,0.00
2024,67,ADMIN FOR CHILDREN'S SVCS,2023-07-24T00:00:00.000,MANHATTAN,COMMUNITY COORDINATOR,ACTIVE,60889.00,per Annum,1645,53139.84,0,0.00,0.00
2024,67,ADMIN FOR CHILDREN'S SVCS,2018-05-14T00:00:00.000,MANHATTAN,CONTRACT SPECIALIST,ACTIVE,53748.00,per Annum,1820,51902.90,0,0.00,0.00
2024,67,ADMIN FOR CHILDREN'S SVCS,2023-11-20T00:00:00.000,MANHATTAN,COMMUNITY COORDINATOR,ACTIVE,70022.00,per Annum,1050,38950.88,0,0.00,0.00
2024,67,ADMIN FOR CHILDREN'S SVCS,2023-11-06T00:00:00.000,MANHATTAN,COMMUNITY COORDINATOR,ACTIVE,60889.00,per Annum,1120,36180.32,0,0.00,0.00
2024,67,ADMIN FOR CHILDREN'S SVCS,2019-04-08T00:00:00.000,QUEENS,COMMUNITY COORDINATOR,CEASED,84414.00,per Annum,490,22610.87,0,0.00,0.00
2024,67,ADMIN FOR CHILDREN'S SVCS,2024-05-20T00:00:00.000,MANHATTAN,CHILD PROTECTIVE SPECIALIST,ACTIVE,57127.00,per Annum,140,3379.33,0,0.00,0.00
2024,67,ADMIN FOR CHILDREN'S SVCS,2024-05-20T00:00:00.000,RICHMOND,CHILD PROTECTIVE SPECIALIST,ACTIVE,57127.00,per Annum,140,4243.08,0,0.00,0.00
2024,67,ADMIN FOR CHILDREN'S SVCS,2024-05-20T00:00:00.000,BRONX,CHILD PROTECTIVE SPECIALIST,ACTIVE,57127.00,per Annum,140,4243.08,0,0.00,0.00
2024,67,ADMIN FOR CHILDREN'S SVCS,2024-05-20T00:00:00.000,QUEENS,CHILD PROTECTIVE SPECIALIST,ACTIVE,57127.00,per Annum,140,4243.08,0,0.00,0.00
2024,67,ADMIN FOR CHILDREN'S SVCS,2021-09-27T00:00:00.000,MANHATTAN,AGENCY ATTORNEY,CEASED,77140.00,per Annum,0,4247.89,0,0.00,0.00
2024,67,ADMIN FOR CHILDREN'S SVCS,2023-10-10T00:00:00.000,BRONX,CASEWORKER,ACTIVE,30.90,per Hour,347.97,10439.00,0,0.00,0.00
2024,67,ADMIN FOR CHILDREN'S SVCS,2023-08-28T00:00:00.000,MANHATTAN,CHILD PROTECTIVE SPECIALIST,CEASED,57127.00,per Annum,448,12835.54,0,0.00,0.00
2024,67,ADMIN FOR CHILDREN'S SVCS,2021-11-22T00:00:00.000,BROOKLYN,CHILD PROTECTIVE SPECIALIST,CEASED,58482.00,per Annum,0,0.00,0,0.00,-3000.00
2024,67,ADMIN FOR CHILDREN'S SVCS,2019-04-29T00:00:00.000,QUEENS,CHILD PROTECTIVE SPECIALIST,CEASED,65921.00,per Annum,420,7730.90,30.5,1114.65,-731.61
2024,67,ADMIN FOR CHILDREN'S SVCS,2021-11-19T00:00:00.000,BROOKLYN,CHILD PROTECTIVE SPECIALIST,CEASED,53848.00,per Annum,0,-3272.42,0,-390.71,-177.51
2024,67,ADMIN FOR CHILDREN'S SVCS,2021-11-22T00:00:00.000,BRONX,YOUTH DEVELOPMENT SPECIALIST,CEASED,52320.00,per Annum,0,0.00,0,0.00,-106.00
2024,67,ADMIN FOR CHILDREN'S SVCS,2017-04-10T00:00:00.000,BRONX,CHILD PROTECTIVE SPECIALIST,CEASED,65921.00,per Annum,-70,-2575.83,0,0.00,-97.50
2024,67,ADMIN FOR CHILDREN'S SVCS,1996-06-23T00:00:00.000,MANHATTAN,CHILD PROTECTIVE SPECIALIST SUPERVISOR,CEASED,91803.00,per Annum,0,-2594.95,0,0.00,-18.86
2024,67,ADMIN FOR CHILDREN'S SVCS,1996-06-23T00:00:00.000,MANHATTAN,CHILD PROTECTIVE SPECIALIST SUPERVISOR,CEASED,88856.00,per Annum,0,-1553.27,0,-6.84,-11.31
2024,67,ADMIN FOR CHILDREN'S SVCS,2020-02-18T00:00:00.000,BROOKLYN,CHILD PROTECTIVE SPECIALIST,CEASED,56779.00,per Annum,0,-303.62,0,-14.25,0.00
2024,67,ADMIN FOR CHILDREN'S SVCS,2020-02-18T00:00:00.000,MANHATTAN,CHILD PROTECTIVE SPECIALIST,CEASED,56779.00,per Annum,0,-113.29,0,0.00,0.00
2024,67,ADMIN FOR CHILDREN'S SVCS,2021-04-26T00:00:00.000,QUEENS,YOUTH DEVELOPMENT SPECIALIST,CEASED,47132.00,per Annum,0,-3.37,0,0.00,0.00
2024,67,ADMIN FOR CHILDREN'S SVCS,2012-08-20T00:00:00.000,MANHATTAN,ADMINISTRATIVE STAFF ANALYST,CEASED,69555.00,per Annum,0,87.56,0,0.00,0.00
2024,67,ADMIN FOR CHILDREN'S SVCS,2024-06-03T00:00:00.000,MANHATTAN,SUMMER COLLEGE INTERN,ACTIVE,19.70,per Hour,35,612.50,0,0.00,0.00
2024,67,ADMIN FOR CHILDREN'S SVCS,2024-06-03T00:00:00.000,BROOKLYN,SUMMER COLLEGE INTERN,ACTIVE,19.70,per Hour,35,612.50,0,0.00,0.00
2024,67,ADMIN FOR CHILDREN'S SVCS,2024-06-03T00:00:00.000,MANHATTAN,SUMMER GRADUATE INTERN,ACTIVE,27.83,per Hour,27.5,680.08,0,0.00,0.00
2024,67,ADMIN FOR CHILDREN'S SVCS,2019-11-04T00:00:00.000,BRONX,AGENCY ATTORNEY INTERNE,CEASED,73910.00,per Annum,0,1197.41,0,0.00,0.00
2024,67,ADMIN FOR CHILDREN'S SVCS,1996-06-23T00:00:00.000,MANHATTAN,ASSOCIATE STAFF ANALYST,CEASED,88434.00,per Annum,0,1324.76,0,0.00,0.00
2024,67,ADMIN FOR CHILDREN'S SVCS,2024-05-20T00:00:00.000,QUEENS,CHILD PROTECTIVE SPECIALIST,CEASED,55463.00,per Annum,70,2121.54,0,0.00,0.00
2024,72,DEPARTMENT OF CORRECTION,2017-06-19T00:00:00.000,QUEENS,CORRECTION OFFICER,ACTIVE,101590.00,per Annum,2080,89704.18,708,53151.34,14147.65
2024,72,DEPARTMENT OF CORRECTION,2013-05-16T00:00:00.000,BRONX,CAPTAIN,ACTIVE,100171.00,per Annum,2080,97008.84,710.25,55481.88,14140.80
2024,72,DEPARTMENT OF CORRECTION,2008-11-20T00:00:00.000,QUEENS,CORRECTION OFFICER,ACTIVE,101590.00,per Annum,2080,91578.88,421.47,29908.52,14132.21
2024,72,DEPARTMENT OF CORRECTION,2016-12-19T00:00:00.000,QUEENS,CORRECTION OFFICER,ACTIVE,101590.00,per Annum,2080,91578.88,542,41248.93,14129.56
2024,72,DEPARTMENT OF CORRECTION,2009-08-27T00:00:00.000,QUEENS,CORRECTION OFFICER,ACTIVE,101590.00,per Annum,2080,91578.88,376,26417.96,14121.72
2024,72,DEPARTMENT OF CORRECTION,2012-09-06T00:00:00.000,QUEENS,CORRECTION OFFICER,ACTIVE,101590.00,per Annum,2080,91578.88,703.13,51109.78,14086.54
2024,72,DEPARTMENT OF CORRECTION,2013-05-16T00:00:00.000,QUEENS,CAPTAIN,ACTIVE,125855.00,per Annum,2080,125495.42,879.25,84167.02,14013.75
2024,72,DEPARTMENT OF CORRECTION,2013-09-26T00:00:00.000,QUEENS,CORRECTION OFFICER,ACTIVE,101590.00,per Annum,2080,91578.88,619.08,43449.84,13894.38
2024,72,DEPARTMENT OF CORRECTION,2016-01-14T00:00:00.000,QUEENS,CORRECTION OFFICER,ACTIVE,101590.00,per Annum,2080,90829.00,1008.77,71011.44,13871.39
2024,72,DEPARTMENT OF CORRECTION,2004-02-12T00:00:00.000,QUEENS,WARDEN-ASSISTANT DEPUTY WARDEN TED < 11/1/92,CEASED,135511.00,per Annum,1512,97979.27,256.5,26543.69,13798.30
2024,72,DEPARTMENT OF CORRECTION,2016-12-19T00:00:00.000,BRONX,CORRECTION OFFICER,ACTIVE,101590.00,per Annum,2080,90454.06,570.87,39702.71,13796.90
2024,72,DEPARTMENT OF CORRECTION,2015-08-06T00:00:00.000,QUEENS,CORRECTION OFFICER,ACTIVE,101590.00,per Annum,2080,91954.84,593.5,45212.00,13736.38
2024,72,DEPARTMENT OF CORRECTION,2018-01-08T00:00:00.000,QUEENS,CORRECTION OFFICER,ACTIVE,101590.00,per Annum,2080,89452.28,346.6,23407.84,13515.57
2024,72,DEPARTMENT OF CORRECTION,2011-05-26T00:00:00.000,QUEENS,CAPTAIN,ACTIVE,125855.00,per Annum,2080,125495.42,532.25,50492.65,13511.20
2024,72,DEPARTMENT OF CORRECTION,2009-08-27T00:00:00.000,QUEENS,CORRECTION OFFICER,ACTIVE,101590.00,per Annum,2080,91152.58,632.83,45326.67,13451.43
2024,72,DEPARTMENT OF CORRECTION,2012-04-26T00:00:00.000,QUEENS,CORRECTION OFFICER,ACTIVE,101590.00,per Annum,2080,89036.48,1063.28,76593.58,13409.03
2024,72,DEPARTMENT OF CORRECTION,2018-01-08T00:00:00.000,QUEENS,CORRECTION OFFICER,ACTIVE,101590.00,per Annum,2080,87302.43,337.57,23538.33,13301.83
2024,72,DEPARTMENT OF CORRECTION,2014-05-08T00:00:00.000,QUEENS,CORRECTION OFFICER,ACTIVE,101590.00,per Annum,2080,91578.88,1672,118523.55,13294.45
2024,72,DEPARTMENT OF CORRECTION,2006-11-09T00:00:00.000,MANHATTAN,CORRECTION OFFICER,ACTIVE,101590.00,per Annum,2080,91578.88,1246.98,88595.63,13258.00
2024,72,DEPARTMENT OF CORRECTION,2010-12-16T00:00:00.000,QUEENS,CAPTAIN,ACTIVE,125855.00,per Annum,2080,119939.23,937,89343.42,13213.57
2024,72,DEPARTMENT OF CORRECTION,2011-08-25T00:00:00.000,QUEENS,CORRECTION OFFICER,ACTIVE,101590.00,per Annum,2080,91453.27,537,37730.27,13209.92
2024,72,DEPARTMENT OF CORRECTION,2005-06-02T00:00:00.000,QUEENS,CORRECTION OFFICER,ACTIVE,101590.00,per Annum,2080,91203.94,664.5,47252.53,13201.68
2024,72,DEPARTMENT OF CORRECTION,2013-01-03T00:00:00.000,QUEENS,CORRECTION OFFICER,ACTIVE,101590.00,per Annum,2080,91883.03,334,23680.84,13197.68
2024,72,DEPARTMENT OF CORRECTION,2018-01-08T00:00:00.000,QUEENS,CORRECTION OFFICER,ACTIVE,101590.00,per Annum,2080,90285.03,284.67,19063.06,13180.32
2024,72,DEPARTMENT OF CORRECTION,2010-12-16T00:00:00.000,QUEENS,CORRECTION OFFICER,ACTIVE,101590.00,per Annum,2080,91578.88,1019.73,71726.36,13178.20
2024,72,DEPARTMENT OF CORRECTION,2015-08-06T00:00:00.000,QUEENS,CORRECTION OFFICER,ACTIVE,101590.00,per Annum,2080,91578.88,413.73,30133.59,13014.24
2024,72,DEPARTMENT OF CORRECTION,2007-04-12T00:00:00.000,QUEENS,CORRECTION OFFICER,ACTIVE,101590.00,per Annum,2068.57,90758.78,274.23,19536.25,14519.73
2024,72,DEPARTMENT OF CORRECTION,2012-09-06T00:00:00.000,QUEENS,CORRECTION OFFICER,ACTIVE,101590.00,per Annum,2080,89792.23,667.2,46884.79,14590.58
2024,72,DEPARTMENT OF CORRECTION,2015-08-06T00:00:00.000,QUEENS,CORRECTION OFFICER,ACTIVE,101590.00,per Annum,2080,89980.80,723,55077.11,14632.43
2024,72,DEPARTMENT OF CORRECTION,2017-06-19T00:00:00.000,QUEENS,CORRECTION OFFICER,ACTIVE,101590.00,per Annum,2080,91578.88,209.5,15952.77,14649.82
2024,72,DEPARTMENT OF CORRECTION,2008-02-28T00:00:00.000,QUEENS,CORRECTION OFFICER,ACTIVE,101590.00,per Annum,2080,90718.21,434.65,30851.07,14659.80
2024,72,DEPARTMENT OF CORRECTION,2016-12-19T00:00:00.000,QUEENS,CORRECTION OFFICER,ACTIVE,101590.00,per Annum,2080,85407.27,84.83,6462.50,14664.55
2024,72,DEPARTMENT OF CORRECTION,2016-06-27T00:00:00.000,QUEENS,CORRECTION OFFICER,ACTIVE,101590.00,per Annum,2080,91049.12,86.62,6594.28,14666.62
2024,72,DEPARTMENT OF CORRECTION,2004-08-12T00:00:00.000,BRONX,CORRECTION OFFICER,ON SEPARATION LEAVE,101590.00,per Annum,2080,91578.88,306,21719.58,14680.39
2024,72,DEPARTMENT OF CORRECTION,2016-06-27T00:00:00.000,QUEENS,CORRECTION OFFICER,ACTIVE,101590.00,per Annum,2080,85204.90,516.77,39305.85,14682.26
2024,72,DEPARTMENT OF CORRECTION,2000-06-01T00:00:00.000,BROOKLYN,CORRECTION OFFICER,ACTIVE,101590.00,per Annum,2080,91578.88,567.5,41208.98,14704.75
2024,72,DEPARTMENT OF CORRECTION,2000-06-01T00:00:00.000,QUEENS,CORRECTION OFFICER,ACTIVE,101590.00,per Annum,2080,92065.20,896,65063.03,14752.33
2024,72,DEPARTMENT OF CORRECTION,2017-06-19T00:00:00.000,QUEENS,CORRECTION OFFICER,ACTIVE,101590.00,per Annum,2080,87453.52,914,69627.29,14795.50
2024,72,DEPARTMENT OF CORRECTION,2011-05-26T00:00:00.000,QUEENS,CAPTAIN,ACTIVE,125855.00,per Annum,2080,118817.62,1434,133256.08,14833.50
2024,72,DEPARTMENT OF CORRECTION,2016-06-27T00:00:00.000,QUEENS,CORRECTION OFFICER,ACTIVE,101590.00,per Annum,2080,90827.98,355.83,27070.33,15094.87
2024,72,DEPARTMENT OF CORRECTION,2010-04-26T00:00:00.000,QUEENS,*SENIOR COOK,ACTIVE,49403.00,per Annum,2080,50967.32,97,4340.36,15112.06
2024,72,DEPARTMENT OF CORRECTION,2015-03-05T00:00:00.000,QUEENS,CORRECTION OFFICER,ACTIVE,101590.00,per Annum,2080,91578.88,266.1,20271.15,15223.74
2024,72,DEPARTMENT OF CORRECTION,2014-10-30T00:00:00.000,QUEENS,CORRECTION OFFICER,ACTIVE,101590.00,per Annum,2080,90344.01,330.13,25149.12,15224.68
2024,72,DEPARTMENT OF CORRECTION,2016-06-26T00:00:00.000,QUEENS,CORRECTION OFFICER,ACTIVE,101590.00,per Annum,2080,91578.88,1037.5,78987.25,15231.01
2024,72,DEPARTMENT OF CORRECTION,2013-09-26T00:00:00.000,QUEENS,CAPTAIN,ACTIVE,125855.00,per Annum,2080,118525.06,481.5,46851.80,15249.64
2024,72,DEPARTMENT OF CORRECTION,2008-06-26T00:00:00.000,QUEENS,CORRECTION OFFICER,ACTIVE,101590.00,per Annum,2080,91578.88,1260.07,89492.78,15322.90
2024,72,DEPARTMENT OF CORRECTION,2004-12-16T00:00:00.000,BROOKLYN,CORRECTION OFFICER,ACTIVE,101590.00,per Annum,2080,91578.88,526,37334.83,15341.32
2024,72,DEPARTMENT OF CORRECTION,2006-12-07T00:00:00.000,QUEENS,CAPTAIN,ACTIVE,125855.00,per Annum,2080,125495.42,824.5,81237.22,15484.86
2024,72,DEPARTMENT OF CORRECTION,2005-06-02T00:00:00.000,MANHATTAN,CORRECTION OFFICER,ACTIVE,101590.00,per Annum,2080,91203.94,384.35,27294.44,15562.81
2024,72,DEPARTMENT OF CORRECTION,2016-01-14T00:00:00.000,QUEENS,CAPTAIN,ACTIVE,99415.00,per Annum,2080,90454.06,201.25,13995.42,15572.99
2024,72,DEPARTMENT OF CORRECTION,2016-12-19T00:00:00.000,QUEENS,CORRECTION OFFICER,ACTIVE,101590.00,per Annum,2080,91203.94,626.22,47704.10,15644.87
2024,72,DEPARTMENT OF CORRECTION,2012-04-26T00:00:00.000,QUEENS,CAPTAIN,ACTIVE,125855.00,per Annum,2080,118816.60,923.5,83892.19,15826.27
2024,72,DEPARTMENT OF CORRECTION,2005-06-02T00:00:00.000,QUEENS,CAPTAIN,ACTIVE,125855.00,per Annum,2080,122922.01,846.75,83104.25,15840.13
2024,72,DEPARTMENT OF CORRECTION,2011-08-25T00:00:00.000,QUEENS,CORRECTION OFFICER,ACTIVE,101590.00,per Annum,2080,89330.25,902.25,69386.92,15854.78
2024,72,DEPARTMENT OF CORRECTION,2008-06-26T00:00:00.000,QUEENS,CORRECTION OFFICER,ACTIVE,101590.00,per Annum,2080,91578.88,268.5,19605.91,15924.47
2024,72,DEPARTMENT OF CORRECTION,2016-01-14T00:00:00.000,QUEENS,CORRECTION OFFICER,ACTIVE,101590.00,per Annum,2080,87008.44,143.98,10968.40,16027.04
2024,72,DEPARTMENT OF CORRECTION,2016-06-27T00:00:00.000,QUEENS,CORRECTION OFFICER,ACTIVE,101590.00,per Annum,2080,91954.84,764.67,58151.99,16259.23
2024,72,DEPARTMENT OF CORRECTION,2004-12-16T00:00:00.000,QUEENS,CORRECTION OFFICER,ON SEPARATION LEAVE,101590.00,per Annum,2080,90827.98,330.12,25619.95,16275.79
2024,72,DEPARTMENT OF CORRECTION,2015-03-05T00:00:00.000,QUEENS,CORRECTION OFFICER,ACTIVE,101590.00,per Annum,2080,91578.88,1465.98,111623.65,16441.50
2024,72,DEPARTMENT OF CORRECTION,2016-06-27T00:00:00.000,QUEENS,CORRECTION OFFICER,ACTIVE,101590.00,per Annum,2080,91578.88,1099.98,83523.56,16551.80
2024,72,DEPARTMENT OF CORRECTION,2012-09-06T00:00:00.000,QUEENS,CAPTAIN,ACTIVE,125855.00,per Annum,2080,125495.42,815,78244.29,16667.80
2024,72,DEPARTMENT OF CORRECTION,2016-12-19T00:00:00.000,QUEENS,CORRECTION OFFICER,ACTIVE,101590.00,per Annum,2080,91578.88,288.43,21965.78,16719.78
2024,72,DEPARTMENT OF CORRECTION,2007-04-12T00:00:00.000,QUEENS,CORRECTION OFFICER,CEASED,98155.00,per Annum,608,26774.76,0,0.00,16746.17
2024,72,DEPARTMENT OF CORRECTION,2012-04-26T00:00:00.000,QUEENS,CORRECTION OFFICER,ACTIVE,101590.00,per Annum,2080,91202.92,454.62,34961.81,16753.39
2024,72,DEPARTMENT OF CORRECTION,2016-06-27T00:00:00.000,QUEENS,CORRECTION OFFICER,ACTIVE,101590.00,per Annum,2080,91578.88,577.98,44003.23,16841.38
2024,72,DEPARTMENT OF CORRECTION,2008-02-28T00:00:00.000,QUEENS,CORRECTION OFFICER,ACTIVE,101590.00,per Annum,2080,90005.39,164.32,12755.77,16895.80
2024,72,DEPARTMENT OF CORRECTION,2005-01-13T00:00:00.000,QUEENS,CORRECTION OFFICER,ACTIVE,101590.00,per Annum,2080,91578.88,0,0.00,16904.48
2024,72,DEPARTMENT OF CORRECTION,2017-06-19T00:00:00.000,QUEENS,CORRECTION OFFICER,CEASED,98155.00,per Annum,0,0.00,0,0.00,16965.78
2024,72,DEPARTMENT OF CORRECTION,2014-10-30T00:00:00.000,QUEENS,CORRECTION OFFICER,ACTIVE,101590.00,per Annum,2080,91578.88,483.88,36803.40,16995.78
2024,72,DEPARTMENT OF CORRECTION,2004-02-12T00:00:00.000,QUEENS,CORRECTION OFFICER,CEASED,101590.00,per Annum,2080,91578.88,330.5,25610.01,17136.51
2024,72,DEPARTMENT OF CORRECTION,2013-01-03T00:00:00.000,QUEENS,CORRECTION OFFICER,ACTIVE,101590.00,per Annum,2080,91578.88,733.67,56355.72,17314.43
2024,72,DEPARTMENT OF CORRECTION,2007-08-30T00:00:00.000,QUEENS,CORRECTION OFFICER,ACTIVE,101590.00,per Annum,2080,91578.88,1138.48,86237.70,17405.24
2024,72,DEPARTMENT OF CORRECTION,1999-02-11T00:00:00.000,QUEENS,CORRECTION OFFICER,ACTIVE,101590.00,per Annum,2080,91578.88,590.57,43636.19,17484.23
2024,72,DEPARTMENT OF CORRECTION,2013-05-16T00:00:00.000,QUEENS,CORRECTION OFFICER,ACTIVE,101590.00,per Annum,2080,91578.88,261.82,20149.39,17604.99
2024,72,DEPARTMENT OF CORRECTION,2016-06-27T00:00:00.000,QUEENS,CORRECTION OFFICER,ACTIVE,101590.00,per Annum,2080,91578.88,1510.03,114849.54,17748.22
2024,72,DEPARTMENT OF CORRECTION,2007-08-30T00:00:00.000,BRONX,CORRECTION OFFICER,ACTIVE,101590.00,per Annum,2080,89682.18,739.42,56529.41,17768.06
2024,72,DEPARTMENT OF CORRECTION,2016-01-14T00:00:00.000,QUEENS,CORRECTION OFFICER,ACTIVE,101590.00,per Annum,2080,91203.94,442.75,33706.54,17836.52
2024,72,DEPARTMENT OF CORRECTION,2016-12-19T00:00:00.000,QUEENS,CORRECTION OFFICER,ACTIVE,101590.00,per Annum,2080,90176.72,179.85,13684.14,18012.89
2024,72,DEPARTMENT OF CORRECTION,2013-01-03T00:00:00.000,QUEENS,CORRECTION OFFICER,ACTIVE,101590.00,per Annum,2080,91578.88,551.52,42384.32,18067.47
2024,72,DEPARTMENT OF CORRECTION,2008-01-17T00:00:00.000,BRONX,CORRECTION OFFICER,ACTIVE,101590.00,per Annum,2080,90829.00,240.25,18650.55,18150.50
2024,72,DEPARTMENT OF CORRECTION,2010-12-16T00:00:00.000,QUEENS,CORRECTION OFFICER,ACTIVE,101590.00,per Annum,2080,91203.94,506.52,38651.01,18165.20
2024,72,DEPARTMENT OF CORRECTION,2016-01-14T00:00:00.000,QUEENS,CORRECTION OFFICER,ACTIVE,101590.00,per Annum,2080,91578.88,1339,102003.28,18752.81
2024,72,DEPARTMENT OF CORRECTION,2012-09-06T00:00:00.000,QUEENS,CORRECTION OFFICER,ACTIVE,101590.00,per Annum,2080,91460.70,291.75,22436.93,18882.33
2024,72,DEPARTMENT OF CORRECTION,2009-08-27T00:00:00.000,BROOKLYN,CORRECTION OFFICER,ACTIVE,101590.00,per Annum,2080,91578.88,398.33,30550.53,18975.22
2024,72,DEPARTMENT OF CORRECTION,2009-08-27T00:00:00.000,MANHATTAN,CORRECTION OFFICER,ACTIVE,101590.00,per Annum,2080,91578.88,1644.97,126373.24,18976.82
2024,72,DEPARTMENT OF CORRECTION,2005-06-09T00:00:00.000,QUEENS,CORRECTION OFFICER,ACTIVE,101590.00,per Annum,2080,91578.88,1355.5,105185.89,19514.86
2024,72,DEPARTMENT OF CORRECTION,2004-12-16T00:00:00.000,QUEENS,CAPTAIN,ACTIVE,125855.00,per Annum,2080,122341.04,1227,129018.71,19592.61
2024,72,DEPARTMENT OF CORRECTION,2004-12-16T00:00:00.000,QUEENS,CORRECTION OFFICER,ACTIVE,101590.00,per Annum,2080,91578.88,975.53,75623.07,19706.74
2024,72,DEPARTMENT OF CORRECTION,2008-06-26T00:00:00.000,QUEENS,CAPTAIN,ACTIVE,125855.00,per Annum,2080,125335.14,184.5,18090.34,19721.90
2024,72,DEPARTMENT OF CORRECTION,2008-11-20T00:00:00.000,BROOKLYN,CORRECTION OFFICER,ACTIVE,101590.00,per Annum,2080,91578.88,200.98,15443.49,19753.81
2024,72,DEPARTMENT OF CORRECTION,2013-01-03T00:00:00.000,QUEENS,CORRECTION OFFICER,ACTIVE,101590.00,per Annum,2080,149365.93,390.25,28135.66,19823.78
2024,72,DEPARTMENT OF CORRECTION,2000-06-01T00:00:00.000,QUEENS,CORRECTION OFFICER,ACTIVE,101590.00,per Annum,2080,89804.71,1631.48,129331.27,20014.73
2024,72,DEPARTMENT OF CORRECTION,2012-09-06T00:00:00.000,QUEENS,CAPTAIN,ACTIVE,125855.00,per Annum,2080,113842.92,343,33911.17,20205.13
2024,72,DEPARTMENT OF CORRECTION,2005-11-03T00:00:00.000,QUEENS,CORRECTION OFFICER,ACTIVE,101590.00,per Annum,2080,91578.88,944.6,73045.72,20849.19
2024,72,DEPARTMENT OF CORRECTION,2001-12-20T00:00:00.000,QUEENS,CORRECTION OFFICER,ACTIVE,101590.00,per Annum,2080,91203.94,1026.48,81372.09,22037.65
2024,72,DEPARTMENT OF CORRECTION,2010-12-22T00:00:00.000,QUEENS,CORRECTION OFFICER,CEASED,98155.00,per Annum,1472,61502.03,31.5,2213.22,22097.46
2024,72,DEPARTMENT OF CORRECTION,2011-12-22T00:00:00.000,QUEENS,CORRECTION OFFICER,ACTIVE,101590.00,per Annum,1368,64037.83,51,3646.52,22149.55
2024,72,DEPARTMENT OF CORRECTION,2007-04-12T00:00:00.000,QUEENS,CORRECTION OFFICER,CEASED,101590.00,per Annum,1648.38,72324.14,0,0.00,22519.92
2024,72,DEPARTMENT OF CORRECTION,2012-09-06T00:00:00.000,BRONX,CAPTAIN,ACTIVE,125855.00,per Annum,2080,123318.09,1000,104249.71,22704.73
2024,72,DEPARTMENT OF CORRECTION,2008-02-28T00:00:00.000,QUEENS,CAPTAIN,ACTIVE,125855.00,per Annum,2080,125178.48,299.25,31706.53,23134.76
2024,72,DEPARTMENT OF CORRECTION,2022-10-03T00:00:00.000,QUEENS,STAFF NURSE,ACTIVE,104420.00,per Annum,2080,102047.96,35.75,2728.00,23960.04
2024,72,DEPARTMENT OF CORRECTION,2016-06-27T00:00:00.000,BRONX,CORRECTION OFFICER,ACTIVE,101590.00,per Annum,2080,90829.00,334.43,25408.09,29764.92
2024,72,DEPARTMENT OF CORRECTION,2017-06-19T00:00:00.000,BRONX,CORRECTION OFFICER,ACTIVE,101590.00,per Annum,2080,89539.60,1039.47,79075.59,30124.27
2024,72,DEPARTMENT OF CORRECTION,2008-06-26T00:00:00.000,QUEENS,CORRECTION OFFICER,CEASED,98155.00,per Annum,224,9869.28,0,0.00,31182.02
2024,72,DEPARTMENT OF CORRECTION,2004-02-12T00:00:00.000,QUEENS,CORRECTION OFFICER,CEASED,101590.00,per Annum,1656,72911.78,506.27,39242.67,32362.09
2024,72,DEPARTMENT OF CORRECTION,2004-03-04T00:00:00.000,QUEENS,CAPTAIN,CEASED,125855.00,per Annum,1640,99016.84,0,0.00,36712.40
2024,72,DEPARTMENT OF CORRECTION,2004-02-12T00:00:00.000,MANHATTAN,CORRECTION OFFICER,CEASED,101590.00,per Annum,1960.42,86313.68,652.63,50794.39,36844.88
2024,72,DEPARTMENT OF CORRECTION,2012-09-06T00:00:00.000,BRONX,CAPTAIN,ACTIVE,125855.00,per Annum,2080,122130.49,382.25,39730.47,41539.34
2024,72,DEPARTMENT OF CORRECTION,2015-08-06T00:00:00.000,QUEENS,CORRECTION OFFICER,ACTIVE,101590.00,per Annum,2080,85697.24,24.67,1879.06,14459.54
2024,72,DEPARTMENT OF CORRECTION,2005-11-03T00:00:00.000,QUEENS,CORRECTION OFFICER,ACTIVE,101590.00,per Annum,2080,89742.47,537.98,38185.34,14443.86
2024,72,DEPARTMENT OF CORRECTION,2011-08-25T00:00:00.000,QUEENS,WARDEN-ASSISTANT DEPUTY WARDEN TED < 11/1/92,ACTIVE,120204.00,per Annum,2080,118459.71,280,25952.50,14439.71
2024,72,DEPARTMENT OF CORRECTION,2015-08-06T00:00:00.000,QUEENS,CORRECTION OFFICER,ACTIVE,101590.00,per Annum,2080,91170.86,437.2,33085.96,14428.42
2024,72,DEPARTMENT OF CORRECTION,2016-12-19T00:00:00.000,QUEENS,CORRECTION OFFICER,ACTIVE,101590.00,per Annum,2080,91578.88,18.65,1367.65,14394.15
2024,72,DEPARTMENT OF CORRECTION,1999-03-08T00:00:00.000,QUEENS,*COOK,ACTIVE,44098.00,per Annum,2080,45496.83,10,370.02,14263.42
2024,72,DEPARTMENT OF CORRECTION,2008-01-17T00:00:00.000,QUEENS,CORRECTION OFFICER,ACTIVE,101590.00,per Annum,2080,91578.88,852.2,60834.31,14248.17
2024,72,DEPARTMENT OF CORRECTION,2017-06-19T00:00:00.000,QUEENS,CORRECTION OFFICER,ON LEAVE,101590.00,per Annum,0,0.00,0,0.00,-246.17
2024,72,DEPARTMENT OF CORRECTION,2015-08-06T00:00:00.000,QUEENS,CORRECTION OFFICER,CEASED,98155.00,per Annum,-58.23,-2570.42,0,0.00,-1645.96
2024,72,DEPARTMENT OF CORRECTION,2016-11-28T00:00:00.000,QUEENS,COMMUNITY ASSOCIATE,CEASED,45405.00,per Annum,0,1222.14,0,0.00,-606.29
2024,72,DEPARTMENT OF CORRECTION,2023-07-31T00:00:00.000,QUEENS,STAFF ANALYST,CEASED,68262.00,per Annum,514.25,17554.43,0,0.00,1421.20
2024,72,DEPARTMENT OF CORRECTION,2016-02-22T00:00:00.000,QUEENS,PROGRAM SPECIALIST  CORRECTION,ACTIVE,97850.00,per Annum,1820,93561.04,113.75,6084.56,1139.01
2024,72,DEPARTMENT OF CORRECTION,2023-02-27T00:00:00.000,QUEENS,CITY RESEARCH SCIENTIST,ACTIVE,109330.00,per Annum,1820,105329.80,0,0.00,1049.50
2024,72,DEPARTMENT OF CORRECTION,2016-01-14T00:00:00.000,QUEENS,CORRECTION OFFICER,ACTIVE,101590.00,per Annum,308.57,13584.55,105,7301.96,1016.36
2024,72,DEPARTMENT OF CORRECTION,2017-06-26T00:00:00.000,QUEENS,SHEET METAL WORKER,CEASED,443.03,per Day,1050,59961.96,256,34307.68,944.01
2024,72,DEPARTMENT OF CORRECTION,2023-09-05T00:00:00.000,QUEENS,AGENCY ATTORNEY,ACTIVE,81838.00,per Annum,1435,52559.28,20.25,746.23,894.29
2024,72,DEPARTMENT OF CORRECTION,2016-06-06T00:00:00.000,QUEENS,CORRECTION OFFICER,ACTIVE,101590.00,per Annum,2080,91088.14,194,13590.60,10428.02
2024,72,DEPARTMENT OF CORRECTION,2013-09-26T00:00:00.000,QUEENS,CORRECTION OFFICER,ACTIVE,101590.00,per Annum,2080,74995.41,177,12382.58,10484.99
2024,72,DEPARTMENT OF CORRECTION,2015-08-06T00:00:00.000,QUEENS,CORRECTION OFFICER,ACTIVE,101590.00,per Annum,2080,85204.88,234.5,16307.72,10554.98
2024,72,DEPARTMENT OF CORRECTION,2016-06-27T00:00:00.000,BRONX,CORRECTION OFFICER,ACTIVE,101590.00,per Annum,2080,91578.88,19.5,1355.17,10567.59
2024,72,DEPARTMENT OF CORRECTION,2015-03-05T00:00:00.000,QUEENS,CORRECTION OFFICER,ACTIVE,101590.00,per Annum,2080,90644.78,44.92,3136.88,10693.32
2024,72,DEPARTMENT OF CORRECTION,2016-01-14T00:00:00.000,QUEENS,CORRECTION OFFICER,ACTIVE,101590.00,per Annum,2080,91839.64,130.25,9057.88,10701.12
2024,72,DEPARTMENT OF CORRECTION,2016-06-27T00:00:00.000,QUEENS,CORRECTION OFFICER,ACTIVE,101590.00,per Annum,2080,75462.61,199.25,13900.21,10716.95
2024,72,DEPARTMENT OF CORRECTION,2018-01-08T00:00:00.000,QUEENS,CORRECTION OFFICER,ACTIVE,101590.00,per Annum,2080,84420.52,495.5,33528.68,10727.23
2024,72,DEPARTMENT OF CORRECTION,2016-01-14T00:00:00.000,QUEENS,CORRECTION OFFICER,CEASED,98155.00,per Annum,0,0.00,0,0.00,10787.22
2024,72,DEPARTMENT OF CORRECTION,2024-02-05T00:00:00.000,MANHATTAN,DIETARY AIDE,ACTIVE,38957.00,per Annum,760,12545.98,2,45.28,664.50
2024,72,DEPARTMENT OF CORRECTION,2023-11-06T00:00:00.000,QUEENS,INVESTIGATOR,ACTIVE,65467.00,per Annum,1120,37415.33,49,2017.78,533.31
2024,72,DEPARTMENT OF CORRECTION,2020-11-16T00:00:00.000,QUEENS,CITY LABORER,ACTIVE,290.00,per Day,2080,75400.00,924.5,54552.29,502.98
2024,72,DEPARTMENT OF CORRECTION,2024-01-01T00:00:00.000,QUEENS,COLLEGE AIDE,ACTIVE,16.00,per Hour,178,2848.00,0,0.00,448.00
2024,72,DEPARTMENT OF CORRECTION,2001-03-12T00:00:00.000,QUEENS,PROGRAM SPECIALIST  CORRECTION,CEASED,56403.00,per Annum,385,11871.29,0,0.00,311.30
2024,72,DEPARTMENT OF CORRECTION,2023-05-30T00:00:00.000,QUEENS,SUMMER GRADUATE INTERN,CEASED,16.00,per Hour,180.5,2888.00,0,0.00,224.00
2024,72,DEPARTMENT OF CORRECTION,2024-03-07T00:00:00.000,QUEENS,CORRECTION OFFICER,CEASED,52804.00,per Annum,121.82,2766.11,0,0.00,133.87
2024,72,DEPARTMENT OF CORRECTION,2015-07-06T00:00:00.000,QUEENS,ADMINISTRATIVE GRAPHIC ARTIST,ACTIVE,114883.00,per Annum,1820,110938.30,0,0.00,74.62
2024,72,DEPARTMENT OF CORRECTION,1995-11-12T00:00:00.000,QUEENS,ASSOCIATE CORRECTIONAL COUNSELOR,CEASED,87153.00,per Annum,265,785.39,0,0.00,71.70
2024,72,DEPARTMENT OF CORRECTION,2021-12-20T00:00:00.000,QUEENS,FILM MANAGER,ACTIVE,75884.00,per Annum,1820,67442.18,0,0.00,66.50
2024,72,DEPARTMENT OF CORRECTION,2019-02-25T00:00:00.000,QUEENS,PROGRAM SPECIALIST  CORRECTION,ACTIVE,77832.00,per Annum,1820,71010.64,0,0.00,41.25
2024,72,DEPARTMENT OF CORRECTION,2024-03-07T00:00:00.000,QUEENS,CORRECTION OFFICER,CEASED,52804.00,per Annum,8,182.99,0,0.00,30.34
2024,72,DEPARTMENT OF CORRECTION,2016-01-25T00:00:00.000,QUEENS,ASSOCIATE CORRECTIONAL COUNSELOR,ACTIVE,89665.00,per Annum,1820,83422.48,7,381.18,23.82
2024,72,DEPARTMENT OF CORRECTION,2016-09-12T00:00:00.000,QUEENS,ASSOCIATE CORRECTIONAL COUNSELOR,ACTIVE,87053.00,per Annum,1820,76488.26,0,0.00,16.50
2024,72,DEPARTMENT OF CORRECTION,2024-03-25T00:00:00.000,QUEENS,PAINTER,ACTIVE,354.62,per Day,420,20655.60,230,16967.10,0.00
2024,72,DEPARTMENT OF CORRECTION,1990-06-25T00:00:00.000,MANHATTAN,LOCKSMITH,ACTIVE,286.88,per Day,2080,56856.08,30.75,1135.37,0.00
2024,72,DEPARTMENT OF CORRECTION,2021-12-06T00:00:00.000,QUEENS,COMMUNITY COORDINATOR,ACTIVE,70022.00,per Annum,1820,66472.04,12.25,455.83,0.00
2024,72,DEPARTMENT OF CORRECTION,2022-11-09T00:00:00.000,QUEENS,ASSOCIATE COMMISSIONER,CEASED,228328.00,per Annum,1064,127602.41,0,0.00,0.00
2024,72,DEPARTMENT OF CORRECTION,2023-01-03T00:00:00.000,QUEENS,COMMUNITY COORDINATOR,ACTIVE,60889.00,per Annum,1820,58798.77,0,0.00,0.00
2024,72,DEPARTMENT OF CORRECTION,2022-09-06T00:00:00.000,QUEENS,RECREATION DIRECTOR,CEASED,52351.00,per Annum,1296.18,33314.89,0,0.00,0.00
2024,72,DEPARTMENT OF CORRECTION,2018-03-05T00:00:00.000,QUEENS,INVESTIGATOR,ON LEAVE,65467.00,per Annum,1820,19004.73,0,0.00,0.00
2024,72,DEPARTMENT OF CORRECTION,2024-03-07T00:00:00.000,QUEENS,CORRECTION OFFICER,ACTIVE,52804.00,per Annum,577.15,13206.47,0,0.00,0.00
2024,72,DEPARTMENT OF CORRECTION,2022-08-29T00:00:00.000,QUEENS,LEGAL COORDINATOR,CEASED,52777.00,per Annum,350,9799.43,0,0.00,0.00
2024,72,DEPARTMENT OF CORRECTION,2019-07-15T00:00:00.000,QUEENS,CHAPLAIN,ACTIVE,36.14,per Hour,201.75,7079.56,0,0.00,0.00
2024,72,DEPARTMENT OF CORRECTION,2005-06-13T00:00:00.000,QUEENS,CORRECTION ADMINISTRATIVE AIDE,CEASED,25.04,per Hour,238,5959.52,0,0.00,0.00
2024,72,DEPARTMENT OF CORRECTION,2023-06-26T00:00:00.000,QUEENS,SUMMER GRADUATE INTERN,CEASED,16.00,per Hour,189,3024.00,0,0.00,0.00
2024,72,DEPARTMENT OF CORRECTION,2024-05-28T00:00:00.000,QUEENS,SUMMER COLLEGE INTERN,ACTIVE,16.00,per Hour,77,1232.00,0,0.00,0.00
2024,72,DEPARTMENT OF CORRECTION,1991-10-21T00:00:00.000,QUEENS,ADMINISTRATIVE STAFF ANALYST,CEASED,89347.00,per Annum,0,1098.41,0,0.00,0.00
2024,72,DEPARTMENT OF CORRECTION,2024-06-04T00:00:00.000,QUEENS,SUMMER COLLEGE INTERN,ACTIVE,16.00,per Hour,28,448.00,0,0.00,0.00
2024,72,DEPARTMENT OF CORRECTION,2000-01-18T00:00:00.000,QUEENS,CARPENTER,CEASED,375.97,per Day,0,160.90,0,0.00,0.00
2024,72,DEPARTMENT OF CORRECTION,2018-01-08T00:00:00.000,QUEENS,CORRECTION OFFICER,CEASED,69380.00,per Annum,0,0.00,0,0.00,-11.15
2024,72,DEPARTMENT OF CORRECTION,2017-06-19T00:00:00.000,QUEENS,CORRECTION OFFICER,CEASED,62166.00,per Annum,0,0.00,0,0.00,-13.12
2024,72,DEPARTMENT OF CORRECTION,2010-05-17T00:00:00.000,QUEENS,DIETARY AIDE,CEASED,41028.00,per Annum,0,-605.27,0,-13.16,-20.79
2024,72,DEPARTMENT OF CORRECTION,2004-06-21T00:00:00.000,QUEENS,ELECTRICAL ENGINEER,CEASED,106146.00,per Annum,0,-716.56,0,0.00,-22.20
2024,72,DEPARTMENT OF CORRECTION,2015-08-06T00:00:00.000,QUEENS,CORRECTION OFFICER,CEASED,95065.00,per Annum,0,0.00,0,0.00,-25.50
2024,72,DEPARTMENT OF CORRECTION,2022-02-22T00:00:00.000,QUEENS,SHEET METAL WORKER,CEASED,443.03,per Day,980,62227.76,169,23205.10,7664.71
2024,72,DEPARTMENT OF CORRECTION,1997-04-25T00:00:00.000,QUEENS,CASHIER,ACTIVE,52047.00,per Annum,1820,50202.07,245.5,10093.10,6819.84
2024,72,DEPARTMENT OF CORRECTION,2008-01-17T00:00:00.000,MANHATTAN,CORRECTION OFFICER,ACTIVE,101590.00,per Annum,2080,91578.88,394.5,28120.97,12866.40
2024,72,DEPARTMENT OF CORRECTION,2012-09-06T00:00:00.000,QUEENS,CORRECTION OFFICER,ACTIVE,101590.00,per Annum,2080,88662.27,68.92,4842.14,12865.94
2024,72,DEPARTMENT OF CORRECTION,2018-01-08T00:00:00.000,QUEENS,CORRECTION OFFICER,ACTIVE,101590.00,per Annum,2080,90285.03,254.25,17666.40,12760.19
2024,72,DEPARTMENT OF CORRECTION,2008-06-26T00:00:00.000,BRONX,CORRECTION OFFICER,ACTIVE,101590.00,per Annum,2080,91591.64,238.05,16900.84,12653.75
2024,72,DEPARTMENT OF CORRECTION,2008-01-17T00:00:00.000,BROOKLYN,CORRECTION OFFICER,ACTIVE,101590.00,per Annum,2080,91578.88,505.5,35893.21,12621.24
2024,72,DEPARTMENT OF CORRECTION,2015-03-05T00:00:00.000,QUEENS,CORRECTION OFFICER,ACTIVE,101590.00,per Annum,2080,91578.88,1346.58,93695.70,12602.23
2024,72,DEPARTMENT OF CORRECTION,2013-05-16T00:00:00.000,QUEENS,CORRECTION OFFICER,ACTIVE,101590.00,per Annum,2080,91578.88,35,2489.78,12466.72
2024,72,DEPARTMENT OF CORRECTION,2012-09-06T00:00:00.000,QUEENS,CORRECTION OFFICER,ACTIVE,101590.00,per Annum,2080,89340.98,121.47,8554.22,12451.65
2024,72,DEPARTMENT OF CORRECTION,2006-06-29T00:00:00.000,BRONX,CORRECTION OFFICER,ACTIVE,101590.00,per Annum,2080,91578.88,236.9,16815.04,12335.52
2024,72,DEPARTMENT OF CORRECTION,2016-12-19T00:00:00.000,QUEENS,CORRECTION OFFICER,ACTIVE,101590.00,per Annum,2080,91578.88,421.58,30533.95,12332.69
2024,72,DEPARTMENT OF CORRECTION,2006-12-07T00:00:00.000,QUEENS,CORRECTION OFFICER,ACTIVE,101590.00,per Annum,2080,90829.00,586.12,41728.52,12287.42
2024,72,DEPARTMENT OF CORRECTION,2023-11-06T00:00:00.000,QUEENS,AGENCY ATTORNEY,ACTIVE,103055.00,per Annum,1120,61234.56,0,0.00,12226.91
2024,72,DEPARTMENT OF CORRECTION,2004-03-04T00:00:00.000,BRONX,CORRECTION OFFICER,CEASED,101590.00,per Annum,1640,72207.66,0,0.00,12184.89
2024,72,DEPARTMENT OF CORRECTION,2011-12-22T00:00:00.000,QUEENS,CORRECTION OFFICER,ACTIVE,101590.00,per Annum,2080,79769.22,483.65,34021.46,12180.70
2024,72,DEPARTMENT OF CORRECTION,2012-09-06T00:00:00.000,QUEENS,CORRECTION OFFICER,ACTIVE,101590.00,per Annum,2080,91578.88,298.42,20932.11,12099.70
2024,72,DEPARTMENT OF CORRECTION,2016-12-19T00:00:00.000,QUEENS,CORRECTION OFFICER,ACTIVE,101590.00,per Annum,2080,90454.06,479.1,33324.28,12065.54
2024,72,DEPARTMENT OF CORRECTION,2016-01-14T00:00:00.000,QUEENS,CORRECTION OFFICER,ACTIVE,101590.00,per Annum,2080,91203.94,315.05,22458.75,12064.58
2024,72,DEPARTMENT OF CORRECTION,2016-01-14T00:00:00.000,QUEENS,CORRECTION OFFICER,ACTIVE,101590.00,per Annum,2080,91558.34,434.52,30303.61,12027.86
2024,72,DEPARTMENT OF CORRECTION,2015-03-05T00:00:00.000,QUEENS,CORRECTION OFFICER,ACTIVE,101590.00,per Annum,2080,91578.88,326.25,22688.18,11924.57
2024,72,DEPARTMENT OF CORRECTION,2008-11-20T00:00:00.000,QUEENS,CORRECTION OFFICER,ACTIVE,101590.00,per Annum,2080,91578.88,0,0.00,11888.82
2024,72,DEPARTMENT OF CORRECTION,2008-11-20T00:00:00.000,MANHATTAN,CORRECTION OFFICER,ACTIVE,101590.00,per Annum,2080,91203.94,1142,80702.56,11869.99
2024,72,DEPARTMENT OF CORRECTION,2016-06-06T00:00:00.000,QUEENS,*SENIOR COOK,ACTIVE,47702.00,per Annum,2080,41804.11,82,3508.44,11819.95
2024,72,DEPARTMENT OF CORRECTION,2011-12-22T00:00:00.000,MANHATTAN,CORRECTION OFFICER,ACTIVE,101590.00,per Annum,2080,91578.88,416.72,29697.13,11731.51
2024,72,DEPARTMENT OF CORRECTION,2013-05-16T00:00:00.000,BRONX,CORRECTION OFFICER,ACTIVE,101590.00,per Annum,2080,91578.88,197.28,14007.65,11660.39
2024,72,DEPARTMENT OF CORRECTION,2016-06-27T00:00:00.000,QUEENS,CORRECTION OFFICER,ACTIVE,101590.00,per Annum,2080,90967.11,641.97,45353.73,11575.80
2024,72,DEPARTMENT OF CORRECTION,2015-03-05T00:00:00.000,QUEENS,CORRECTION OFFICER,ACTIVE,101590.00,per Annum,1963.43,84415.59,363.8,27713.74,11564.83
2024,72,DEPARTMENT OF CORRECTION,2017-06-19T00:00:00.000,QUEENS,CORRECTION OFFICER,ACTIVE,101590.00,per Annum,2080,88960.19,1044.77,72655.63,11561.64
2024,72,DEPARTMENT OF CORRECTION,2016-06-27T00:00:00.000,QUEENS,CORRECTION OFFICER,ACTIVE,101590.00,per Annum,2080,88203.40,297.5,20675.07,11527.69
2024,72,DEPARTMENT OF CORRECTION,2011-08-25T00:00:00.000,MANHATTAN,CORRECTION OFFICER,ACTIVE,101590.00,per Annum,1897.15,79008.22,820.6,59095.88,11003.29
2024,72,DEPARTMENT OF CORRECTION,2014-10-30T00:00:00.000,QUEENS,CORRECTION OFFICER,ACTIVE,101590.00,per Annum,2080,85042.93,269.43,18737.04,11014.60
2024,72,DEPARTMENT OF CORRECTION,2011-08-25T00:00:00.000,MANHATTAN,CORRECTION OFFICER,ACTIVE,101590.00,per Annum,2080,91243.56,984.75,69754.23,11285.06
2024,72,DEPARTMENT OF CORRECTION,2016-12-19T00:00:00.000,QUEENS,CORRECTION OFFICER,ACTIVE,101590.00,per Annum,2080,82955.24,1.5,114.26,11209.74
2024,72,DEPARTMENT OF CORRECTION,2016-01-14T00:00:00.000,QUEENS,CORRECTION OFFICER,ACTIVE,101590.00,per Annum,2080,66800.79,608.38,42318.43,11099.33
2024,72,DEPARTMENT OF CORRECTION,2018-01-08T00:00:00.000,QUEENS,CORRECTION OFFICER,ACTIVE,101590.00,per Annum,2080,66813.17,373.27,26727.81,11077.61
2024,72,DEPARTMENT OF CORRECTION,2014-08-11T00:00:00.000,QUEENS,PRINCIPAL ADMINISTRATIVE ASSOCIATE -  NON SUPVR,ACTIVE,68653.00,per Annum,1820,66000.35,273.5,12538.51,5918.89
2024,72,DEPARTMENT OF CORRECTION,2023-02-23T00:00:00.000,QUEENS,CORRECTION OFFICER,ACTIVE,52804.00,per Annum,2080,47405.38,1146.85,42971.98,5737.81
2024,72,DEPARTMENT OF CORRECTION,2013-09-26T00:00:00.000,QUEENS,CORRECTION OFFICER,ON LEAVE,101590.00,per Annum,800,35228.16,0,0.00,5581.93
2024,72,DEPARTMENT OF CORRECTION,2023-02-23T00:00:00.000,QUEENS,CORRECTION OFFICER,ACTIVE,52804.00,per Annum,2080,43442.85,1320.13,49491.06,5483.90
2024,72,DEPARTMENT OF CORRECTION,1991-12-18T00:00:00.000,QUEENS,HEALTH SERVICES MANAGER NON MANAGERIAL LEVEL I,ACTIVE,120726.00,per Annum,1820,127314.60,0,0.00,5376.54
2024,72,DEPARTMENT OF CORRECTION,2022-03-14T00:00:00.000,QUEENS,SUPERVISOR OF MECHANICS,ACTIVE,136407.00,per Annum,2080,138189.60,850.5,85725.54,5361.74
2024,72,DEPARTMENT OF CORRECTION,2018-07-23T00:00:00.000,QUEENS,CORRECTION OFFICER,ON LEAVE,101590.00,per Annum,1840,65918.86,23,1110.28,8006.26
2024,72,DEPARTMENT OF CORRECTION,2014-08-11T00:00:00.000,QUEENS,CLERICAL ASSOCIATE,ACTIVE,51796.00,per Annum,1820,50017.19,717.25,30163.11,8103.83
2024,72,DEPARTMENT OF CORRECTION,2019-02-11T00:00:00.000,QUEENS,CORRECTION OFFICER,ACTIVE,74142.00,per Annum,2080,65087.48,292.63,15360.75,8136.37
2024,72,DEPARTMENT OF CORRECTION,2015-11-30T00:00:00.000,QUEENS,CONFIDENTIAL AGENCY INVESTIGATOR,CEASED,105000.00,per Annum,1015,54878.09,0,0.00,8311.71
2024,72,DEPARTMENT OF CORRECTION,2016-02-15T00:00:00.000,QUEENS,HIGH PRESSURE PLANT TENDER,ACTIVE,331.28,per Day,2080,78208.00,293.75,16509.22,8573.09
2024,72,DEPARTMENT OF CORRECTION,2008-08-07T00:00:00.000,QUEENS,CAPTAIN,ACTIVE,125855.00,per Annum,1840,72105.83,195,19514.12,9454.15
2024,72,DEPARTMENT OF CORRECTION,2016-05-09T00:00:00.000,QUEENS,CITY MEDICAL SPECIALIST,ACTIVE,96.00,per Hour,1365.75,131112.00,0,0.00,9557.25
2024,72,DEPARTMENT OF CORRECTION,2016-06-27T00:00:00.000,QUEENS,CORRECTION OFFICER,ACTIVE,101590.00,per Annum,2080,90826.96,0,0.00,10150.09
2024,72,DEPARTMENT OF CORRECTION,2017-06-19T00:00:00.000,QUEENS,CORRECTION OFFICER,ACTIVE,101590.00,per Annum,2080,91380.77,0,0.00,10243.95
2024,72,DEPARTMENT OF CORRECTION,2018-01-08T00:00:00.000,QUEENS,CORRECTION OFFICER,ACTIVE,101590.00,per Annum,2080,90285.03,970.72,65558.06,10254.13
2024,72,DEPARTMENT OF CORRECTION,2005-08-08T00:00:00.000,QUEENS,SUPERVISOR STEAMFITTER,ACTIVE,445.55,per Day,1820,115843.00,1304.5,165959.98,5123.83
2024,72,DEPARTMENT OF CORRECTION,2022-01-10T00:00:00.000,QUEENS,AGENCY ATTORNEY,CEASED,96933.00,per Annum,1318,65811.26,0,0.00,4922.03
2024,72,DEPARTMENT OF CORRECTION,2023-08-07T00:00:00.000,QUEENS,ADMIN COMMUNITY RELATIONS SPECIALIST,ACTIVE,99249.00,per Annum,1575,84134.38,0,0.00,4575.43
2024,72,DEPARTMENT OF CORRECTION,2018-01-08T00:00:00.000,QUEENS,CORRECTION OFFICER,ACTIVE,101590.00,per Annum,1864,81173.34,151.75,10408.61,10275.12
2024,72,DEPARTMENT OF CORRECTION,2017-06-19T00:00:00.000,QUEENS,CORRECTION OFFICER,CEASED,98155.00,per Annum,976,31710.97,114.73,7996.94,4272.09
2024,72,DEPARTMENT OF CORRECTION,2019-02-11T00:00:00.000,QUEENS,CORRECTION OFFICER,CEASED,71635.00,per Annum,584,15291.23,172.75,7875.80,4266.86
2024,72,DEPARTMENT OF CORRECTION,2023-07-20T00:00:00.000,BRONX,CORRECTION OFFICER,ACTIVE,52804.00,per Annum,1954.3,41109.28,268.75,10032.81,4121.13
2024,72,DEPARTMENT OF CORRECTION,2022-06-23T00:00:00.000,QUEENS,CORRECTION OFFICER,CEASED,51018.00,per Annum,0,0.00,0,0.00,3878.57
2024,72,DEPARTMENT OF CORRECTION,2021-09-30T00:00:00.000,QUEENS,CORRECTION OFFICER,ACTIVE,62139.00,per Annum,2080,51689.76,267.65,10368.45,3599.80
2024,72,DEPARTMENT OF CORRECTION,2023-02-06T00:00:00.000,QUEENS,AGENCY ATTORNEY,ACTIVE,94110.00,per Annum,1820,91323.32,0,0.00,3562.72
2024,72,DEPARTMENT OF CORRECTION,2011-01-18T00:00:00.000,QUEENS,COMPUTER OPERATIONS MANAGER,ACTIVE,201241.00,per Annum,1820,210118.40,0,0.00,3500.00
2024,72,DEPARTMENT OF CORRECTION,2023-07-20T00:00:00.000,QUEENS,CORRECTION OFFICER,ACTIVE,52804.00,per Annum,1897.15,43377.05,460.47,17094.43,3378.31
2024,72,DEPARTMENT OF CORRECTION,2023-07-20T00:00:00.000,QUEENS,CORRECTION OFFICER,ACTIVE,52804.00,per Annum,1897.15,43021.61,636.22,23316.62,3332.45
2024,72,DEPARTMENT OF CORRECTION,2023-07-20T00:00:00.000,QUEENS,CORRECTION OFFICER,ACTIVE,52804.00,per Annum,1891.43,43074.66,756.57,28224.07,3129.19
2024,72,DEPARTMENT OF CORRECTION,2023-07-20T00:00:00.000,BRONX,CORRECTION OFFICER,ACTIVE,52804.00,per Annum,1897.15,42551.76,327,12207.07,3117.51
2024,72,DEPARTMENT OF CORRECTION,2023-07-20T00:00:00.000,QUEENS,CORRECTION OFFICER,ACTIVE,52804.00,per Annum,1878.85,43385.06,680.05,24985.93,3116.66
2024,72,DEPARTMENT OF CORRECTION,2023-07-20T00:00:00.000,QUEENS,CORRECTION OFFICER,ACTIVE,52804.00,per Annum,1897.15,42679.52,599.5,21959.12,3059.02
2024,72,DEPARTMENT OF CORRECTION,2015-04-13T00:00:00.000,QUEENS,SECRETARY TO THE COMMISSIONER OF CORRECTION,CEASED,116902.00,per Annum,1820,122226.84,395,32210.97,3057.27
2024,72,DEPARTMENT OF CORRECTION,2011-04-10T00:00:00.000,QUEENS,CARPENTER,ACTIVE,398.86,per Day,1820,109323.28,750.75,64777.67,3052.70
2024,72,DEPARTMENT OF CORRECTION,2012-02-27T00:00:00.000,QUEENS,PLUMBER,ACTIVE,422.31,per Day,1820,112171.78,520.25,64074.73,3039.33
2024,72,DEPARTMENT OF CORRECTION,2008-08-04T00:00:00.000,QUEENS,ELECTRICIAN,ACTIVE,466.97,per Day,1820,119232.43,497.75,48831.74,3000.00
2024,72,DEPARTMENT OF CORRECTION,2023-07-30T00:00:00.000,QUEENS,DIRECTOR OF CORRECTIONAL STANDARDS REVIEW,ACTIVE,141039.00,per Annum,1610,119740.85,0,0.00,3000.00
2024,72,DEPARTMENT OF CORRECTION,2019-07-01T00:00:00.000,QUEENS,COMPUTER SYSTEMS MANAGER,ACTIVE,109355.00,per Annum,1820,114179.89,0,0.00,3000.00
2024,72,DEPARTMENT OF CORRECTION,2015-12-14T00:00:00.000,QUEENS,DIRECTOR OF CORRECTIONAL STANDARDS REVIEW,ACTIVE,106403.00,per Annum,1820,111097.31,0,0.00,3000.00
2024,72,DEPARTMENT OF CORRECTION,2023-11-27T00:00:00.000,QUEENS,ASSISTANT COMMISSIONER,ACTIVE,156709.00,per Annum,1015,83617.38,0,0.00,3000.00
2024,72,DEPARTMENT OF CORRECTION,2006-11-09T00:00:00.000,QUEENS,CORRECTION OFFICER,ACTIVE,101590.00,per Annum,782.85,34464.50,262.52,18256.03,2071.37
2024,72,DEPARTMENT OF CORRECTION,2014-10-30T00:00:00.000,QUEENS,CORRECTION OFFICER,CEASED,98155.00,per Annum,0,869.51,0,0.00,1967.40
2024,72,DEPARTMENT OF CORRECTION,2017-06-19T00:00:00.000,QUEENS,CORRECTION OFFICER,CEASED,98155.00,per Annum,0,0.00,0,0.00,1856.50
2024,72,DEPARTMENT OF CORRECTION,2015-07-13T00:00:00.000,QUEENS,LICENSED BARBER,ACTIVE,45557.00,per Annum,1820,43992.67,0,0.00,1770.16
2024,72,DEPARTMENT OF CORRECTION,2016-09-12T00:00:00.000,QUEENS,STEAM FITTER,ACTIVE,430.50,per Day,1820,111930.00,1234.75,151566.75,1722.00
2024,836,DEPARTMENT OF FINANCE,2001-07-30T00:00:00.000,MANHATTAN,CLERICAL ASSOCIATE,ACTIVE,50496.00,per Annum,1820,48738.92,0,0.00,5523.20
2024,836,DEPARTMENT OF FINANCE,2004-03-08T00:00:00.000,MANHATTAN,CLERICAL ASSOCIATE,ACTIVE,47200.00,per Annum,1820,45556.19,0,0.00,5523.20
2024,836,DEPARTMENT OF FINANCE,2004-03-22T00:00:00.000,BROOKLYN,CLERICAL ASSOCIATE,ACTIVE,50968.00,per Annum,1820,48804.81,0,0.00,5479.45
2024,836,DEPARTMENT OF FINANCE,2004-03-29T00:00:00.000,MANHATTAN,CLERICAL ASSOCIATE,ACTIVE,51917.00,per Annum,1820,47395.64,0,0.00,5446.49
2024,836,DEPARTMENT OF FINANCE,2019-04-22T00:00:00.000,MANHATTAN,PRINCIPAL ADMINISTRATIVE ASSOCIATE -  NON SUPVR,ACTIVE,66672.00,per Annum,1820,69102.78,9,343.37,5382.39
2024,836,DEPARTMENT OF FINANCE,2019-04-15T00:00:00.000,MANHATTAN,PRINCIPAL ADMINISTRATIVE ASSOCIATE -  NON SUPVR,ACTIVE,59588.00,per Annum,1820,61761.13,0,166.63,5372.48
2024,836,DEPARTMENT OF FINANCE,2009-10-19T00:00:00.000,MANHATTAN,CERTIFIED IT ADMINISTRATOR,CEASED,167563.00,per Annum,1772.27,157565.82,0,0.00,5366.66
2024,836,DEPARTMENT OF FINANCE,2004-03-21T00:00:00.000,BROOKLYN,CLERICAL ASSOCIATE,ACTIVE,61793.00,per Annum,1820,57468.81,0,0.00,5354.42
2024,836,DEPARTMENT OF FINANCE,2023-07-31T00:00:00.000,MANHATTAN,PRINCIPAL ADMINISTRATIVE ASSOCIATE -  NON SUPVR,ACTIVE,66672.00,per Annum,1610,50430.06,0,0.00,5089.36
2024,836,DEPARTMENT OF FINANCE,2014-03-31T00:00:00.000,MANHATTAN,CITY TAX AUDITOR,ACTIVE,86561.00,per Annum,1400,64150.60,0,0.00,5065.20
2024,836,DEPARTMENT OF FINANCE,2004-03-15T00:00:00.000,MANHATTAN,PRINCIPAL ADMINISTRATIVE ASSOCIATE -  NON SUPVR,ACTIVE,59648.00,per Annum,1820,60508.41,0,0.00,5044.94
2024,836,DEPARTMENT OF FINANCE,1994-07-01T00:00:00.000,MANHATTAN,ADM MANAGER-NON-MGRL,ACTIVE,92851.00,per Annum,1820,95269.95,108.75,7301.25,4966.62
2024,836,DEPARTMENT OF FINANCE,2013-04-08T00:00:00.000,MANHATTAN,TAX MAP CARTOGRAPHER,ACTIVE,80981.00,per Annum,1820,78155.32,6.5,282.53,4951.05
2024,836,DEPARTMENT OF FINANCE,1994-05-12T00:00:00.000,MANHATTAN,COMPUTER ASSOCIATE,ACTIVE,83739.00,per Annum,1820,74291.90,13,554.74,4924.33
2024,836,DEPARTMENT OF FINANCE,1989-09-11T00:00:00.000,MANHATTAN,ADM MANAGER-NON-MGRL,ACTIVE,98543.00,per Annum,1820,101692.26,0,0.00,4914.49
2024,836,DEPARTMENT OF FINANCE,2011-07-05T00:00:00.000,MANHATTAN,ADMINISTRATIVE TAX AUDITOR,ACTIVE,125360.00,per Annum,1820,109828.05,0,0.00,4900.66
2024,836,DEPARTMENT OF FINANCE,1987-02-11T00:00:00.000,MANHATTAN,ADM MANAGER-NON-MGRL,ACTIVE,107850.00,per Annum,1820,111508.75,0,227.43,4890.12
2024,836,DEPARTMENT OF FINANCE,1982-01-27T00:00:00.000,MANHATTAN,PRINCIPAL ADMINISTRATIVE ASSOCIATE -  NON SUPVR,ACTIVE,59648.00,per Annum,1820,60508.41,0,0.00,4846.95
2024,836,DEPARTMENT OF FINANCE,2004-03-01T00:00:00.000,MANHATTAN,PRINCIPAL ADMINISTRATIVE ASSOCIATE -  NON SUPVR,ACTIVE,66702.00,per Annum,1820,67473.06,0,0.00,4846.94
2024,836,DEPARTMENT OF FINANCE,2015-04-27T00:00:00.000,MANHATTAN,ADMINISTRATIVE STAFF ANALYST,ACTIVE,129001.00,per Annum,1820,134754.24,0,0.00,4833.37
2024,836,DEPARTMENT OF FINANCE,2019-03-18T00:00:00.000,BRONX,DEPUTY CITY SHERIFF - NON-SPVR,ACTIVE,68144.00,per Annum,2080,66778.34,526.25,25581.23,4728.18
2024,836,DEPARTMENT OF FINANCE,2014-11-03T00:00:00.000,QUEENS,DEPUTY CITY SHERIFF - NON-SPVR,ACTIVE,92073.00,per Annum,2080,91578.88,431,29780.40,4725.18
2024,836,DEPARTMENT OF FINANCE,2019-07-22T00:00:00.000,RICHMOND,PRINCIPAL ADMINISTRATIVE ASSOCIATE -  NON SUPVR,ACTIVE,73758.00,per Annum,1820,73059.61,0,58.03,4724.65
2024,836,DEPARTMENT OF FINANCE,2004-03-15T00:00:00.000,MANHATTAN,PRINCIPAL ADMINISTRATIVE ASSOCIATE -  NON SUPVR,ACTIVE,59648.00,per Annum,1820,53974.61,0,0.00,4598.35
2024,836,DEPARTMENT OF FINANCE,2011-12-19T00:00:00.000,MANHATTAN,ADMINISTRATIVE STAFF ANALYST,ACTIVE,109601.00,per Annum,1820,118231.42,0,0.00,4440.69
2024,836,DEPARTMENT OF FINANCE,2019-04-07T00:00:00.000,MANHATTAN,ADMINISTRATIVE STAFF ANALYST,ACTIVE,93310.00,per Annum,1820,98686.62,0,0.00,4402.20
2024,836,DEPARTMENT OF FINANCE,2013-07-22T00:00:00.000,MANHATTAN,CHIEF TAX COMPLIANCE OFFICER,ACTIVE,241356.00,per Annum,1820,248413.62,0,0.00,4377.00
2024,836,DEPARTMENT OF FINANCE,2006-06-05T00:00:00.000,MANHATTAN,CLERICAL ASSOCIATE,ACTIVE,56112.00,per Annum,1820,54161.74,0,0.00,4350.49
2024,836,DEPARTMENT OF FINANCE,2004-03-29T00:00:00.000,MANHATTAN,CLERICAL ASSOCIATE,ACTIVE,51407.00,per Annum,1820,49618.31,0,0.00,4350.49
2024,836,DEPARTMENT OF FINANCE,2014-07-21T00:00:00.000,MANHATTAN,ADMINISTRATIVE STAFF ANALYST,ACTIVE,111244.00,per Annum,1820,117845.85,0,0.00,4333.94
2024,836,DEPARTMENT OF FINANCE,2018-01-22T00:00:00.000,MANHATTAN,ADMINISTRATIVE STAFF ANALYST,ACTIVE,93998.00,per Annum,1820,99183.21,0,0.00,4327.95
2024,836,DEPARTMENT OF FINANCE,2012-05-07T00:00:00.000,MANHATTAN,ADM MANAGER-NON-MGRL,ACTIVE,106982.00,per Annum,1820,110883.61,0,63.69,4281.86
2024,836,DEPARTMENT OF FINANCE,2007-08-20T00:00:00.000,MANHATTAN,EXAMINER OF ACCOUNTS,ACTIVE,144627.00,per Annum,1820,145394.93,0,37.33,4158.40
2024,836,DEPARTMENT OF FINANCE,2017-06-05T00:00:00.000,MANHATTAN,ADMINISTRATIVE LABOR RELATIONS ANALYST,ACTIVE,181596.00,per Annum,1820,188817.67,0,0.00,4000.00
2024,836,DEPARTMENT OF FINANCE,2006-07-31T00:00:00.000,MANHATTAN,PRINCIPAL ADMINISTRATIVE ASSOCIATE -  NON SUPVR,ACTIVE,70401.00,per Annum,1820,72966.13,199.5,9433.79,7498.95
2024,836,DEPARTMENT OF FINANCE,1981-09-04T00:00:00.000,QUEENS,CITY ASSESSOR,ACTIVE,117187.00,per Annum,1820,113163.33,79.5,6517.14,7419.75
2024,836,DEPARTMENT OF FINANCE,2014-09-15T00:00:00.000,QUEENS,PRINCIPAL ADMINISTRATIVE ASSOCIATE -  NON SUPVR,ACTIVE,66798.00,per Annum,1820,63722.71,0,0.00,7414.20
2024,836,DEPARTMENT OF FINANCE,2014-06-16T00:00:00.000,MANHATTAN,TELECOMMUNICATIONS ASSOCIATE,ACTIVE,66634.00,per Annum,1820,64323.01,335.75,15814.30,6705.30
2024,836,DEPARTMENT OF FINANCE,2012-01-17T00:00:00.000,MANHATTAN,CITY TAX AUDITOR,ACTIVE,86774.00,per Annum,1820,78143.69,0,0.00,6718.86
2024,836,DEPARTMENT OF FINANCE,2013-08-12T00:00:00.000,MANHATTAN,PRINCIPAL ADMINISTRATIVE ASSOCIATE -  NON SUPVR,ACTIVE,66672.00,per Annum,1820,69102.78,0,0.00,6759.51
2024,836,DEPARTMENT OF FINANCE,2018-07-30T00:00:00.000,MANHATTAN,PRINCIPAL ADMINISTRATIVE ASSOCIATE -  NON SUPVR,ACTIVE,72945.00,per Annum,1820,74857.27,0,114.22,6793.22
2024,836,DEPARTMENT OF FINANCE,2014-07-14T00:00:00.000,MANHATTAN,PRINCIPAL ADMINISTRATIVE ASSOCIATE -  NON SUPVR,ACTIVE,73145.00,per Annum,1820,75542.84,178.75,8889.00,6795.38
2024,836,DEPARTMENT OF FINANCE,1984-09-24T00:00:00.000,RICHMOND,CITY ASSESSOR,ACTIVE,91544.00,per Annum,1820,88400.86,51.75,3448.80,6925.07
2024,836,DEPARTMENT OF FINANCE,2005-11-07T00:00:00.000,MANHATTAN,CERTIFIED IT ADMINISTRATOR,ACTIVE,135862.00,per Annum,1820,131174.25,124,9457.03,6968.92
2024,836,DEPARTMENT OF FINANCE,2018-09-17T00:00:00.000,MANHATTAN,ASSOCIATE FRAUD INVESTIGATOR,ACTIVE,95779.00,per Annum,1820,92490.01,0,0.00,7231.21
2024,836,DEPARTMENT OF FINANCE,1985-03-11T00:00:00.000,MANHATTAN,CITY ASSESSOR,ACTIVE,105257.00,per Annum,1820,101642.64,139,10999.54,7363.94
2024,836,DEPARTMENT OF FINANCE,1999-11-30T00:00:00.000,MANHATTAN,HEARING OFFICER,ACTIVE,61.52,per Hour,1760.32,104914.76,0,0.00,24233.28
2024,836,DEPARTMENT OF FINANCE,2013-08-12T00:00:00.000,MANHATTAN,AGENCY ATTORNEY,ACTIVE,118712.00,per Annum,1820,125856.78,0,0.00,19325.44
2024,836,DEPARTMENT OF FINANCE,1989-05-30T00:00:00.000,MANHATTAN,CITY TAX AUDITOR,ACTIVE,111470.00,per Annum,1820,109335.99,16.5,1345.28,17804.31
2024,836,DEPARTMENT OF FINANCE,1987-08-10T00:00:00.000,MANHATTAN,CITY TAX AUDITOR,ACTIVE,93674.00,per Annum,1820,90176.30,0,0.00,16763.57
2024,836,DEPARTMENT OF FINANCE,1987-12-07T00:00:00.000,MANHATTAN,CITY TAX AUDITOR,ACTIVE,93674.00,per Annum,1820,90176.30,0,0.00,16763.57
2024,836,DEPARTMENT OF FINANCE,1992-08-31T00:00:00.000,MANHATTAN,CITY TAX AUDITOR,ACTIVE,93674.00,per Annum,1820,90176.30,0,0.00,16763.57
2024,836,DEPARTMENT OF FINANCE,2011-07-05T00:00:00.000,MANHATTAN,CITY TAX AUDITOR,ACTIVE,92179.00,per Annum,1820,88829.63,0,0.00,13452.61
2024,836,DEPARTMENT OF FINANCE,2016-07-25T00:00:00.000,MANHATTAN,CITY TAX AUDITOR,ACTIVE,92179.00,per Annum,1820,88829.63,5,280.71,13214.39
2024,836,DEPARTMENT OF FINANCE,2022-10-24T00:00:00.000,MANHATTAN,COMPUTER SPECIALIST,ACTIVE,106071.00,per Annum,1820,94749.63,32.25,1704.25,12936.99
2024,836,DEPARTMENT OF FINANCE,1995-07-09T00:00:00.000,QUEENS,SUPERVISING DEPUTY SHERIFF - AL 1 ONLY 40 HR,ACTIVE,118977.00,per Annum,1820,117148.59,1318,131529.86,12472.00
2024,836,DEPARTMENT OF FINANCE,2015-06-15T00:00:00.000,MANHATTAN,AGENCY ATTORNEY,ACTIVE,107484.00,per Annum,1820,113953.65,0,0.00,12323.40
2024,836,DEPARTMENT OF FINANCE,2011-10-04T00:00:00.000,RICHMOND,DEPUTY CITY SHERIFF - NON-SPVR,ACTIVE,92073.00,per Annum,2080,91578.88,754,55977.68,12010.87
2024,836,DEPARTMENT OF FINANCE,1995-07-09T00:00:00.000,QUEENS,SUPERVISING DEPUTY SHERIFF - AL 1 ONLY 40 HR,ACTIVE,106620.00,per Annum,2080,105770.94,1005.25,83873.28,11923.79
2024,836,DEPARTMENT OF FINANCE,1985-07-29T00:00:00.000,MANHATTAN,ASSOCIATE STAFF ANALYST,ACTIVE,100388.00,per Annum,1820,106784.33,0,0.00,9929.66
2024,836,DEPARTMENT OF FINANCE,1987-10-19T00:00:00.000,MANHATTAN,CITY TAX AUDITOR,ACTIVE,93396.00,per Annum,1820,89907.96,0,0.00,9904.62
2024,836,DEPARTMENT OF FINANCE,1988-09-06T00:00:00.000,MANHATTAN,CITY TAX AUDITOR,ACTIVE,88242.00,per Annum,1820,84930.80,0,0.00,9904.62
2024,836,DEPARTMENT OF FINANCE,1995-03-13T00:00:00.000,MANHATTAN,CITY TAX AUDITOR,ACTIVE,87447.00,per Annum,1820,84162.95,0,0.00,9904.62
2024,836,DEPARTMENT OF FINANCE,1989-05-30T00:00:00.000,MANHATTAN,CITY TAX AUDITOR,ACTIVE,86979.00,per Annum,1820,83711.29,0,0.00,9904.62
2024,836,DEPARTMENT OF FINANCE,1994-10-24T00:00:00.000,MANHATTAN,CITY TAX AUDITOR,ACTIVE,86662.00,per Annum,1820,83404.98,0,0.00,9904.62
2024,836,DEPARTMENT OF FINANCE,1986-06-16T00:00:00.000,MANHATTAN,CITY TAX AUDITOR,ACTIVE,75987.00,per Annum,1820,73096.54,0,0.00,9904.62
2024,836,DEPARTMENT OF FINANCE,1994-07-01T00:00:00.000,QUEENS,ADMINISTRATIVE STAFF ANALYST,ACTIVE,105797.00,per Annum,1820,112382.66,61.25,5128.75,9008.73
2024,836,DEPARTMENT OF FINANCE,2016-04-18T00:00:00.000,BRONX,DEPUTY CITY SHERIFF - NON-SPVR,ACTIVE,94256.00,per Annum,2080,91662.38,1147,79757.30,9002.07
2024,836,DEPARTMENT OF FINANCE,2005-03-21T00:00:00.000,MANHATTAN,PRINCIPAL ADMINISTRATIVE ASSOCIATE -  NON SUPVR,ACTIVE,73206.00,per Annum,1820,75603.90,0,0.00,8812.81
2024,836,DEPARTMENT OF FINANCE,2013-02-25T00:00:00.000,MANHATTAN,ADMINISTRATIVE STAFF ANALYST,ACTIVE,139578.00,per Annum,1820,147845.91,138.75,14040.73,7981.02
2024,836,DEPARTMENT OF FINANCE,2000-08-21T00:00:00.000,MANHATTAN,ADMINISTRATIVE STAFF ANALYST,ACTIVE,107563.00,per Annum,1820,114136.22,0,8.27,7931.42
2024,836,DEPARTMENT OF FINANCE,2014-01-26T00:00:00.000,MANHATTAN,ADMINISTRATIVE STAFF ANALYST,ACTIVE,108907.00,per Annum,1820,114985.31,1.25,87.39,7914.74
2024,836,DEPARTMENT OF FINANCE,1989-05-22T00:00:00.000,MANHATTAN,ADMINISTRATIVE STAFF ANALYST,ACTIVE,110314.00,per Annum,1820,117167.01,0,0.00,7914.48
2024,836,DEPARTMENT OF FINANCE,2008-04-07T00:00:00.000,MANHATTAN,PRINCIPAL ADMINISTRATIVE ASSOCIATE -  NON SUPVR,ACTIVE,90766.00,per Annum,1820,94076.42,133,7278.65,7904.83
2024,836,DEPARTMENT OF FINANCE,2012-01-17T00:00:00.000,MANHATTAN,CITY TAX AUDITOR,CEASED,89900.00,per Annum,1197,45017.07,0,0.00,7862.91
2024,836,DEPARTMENT OF FINANCE,1999-01-19T00:00:00.000,MANHATTAN,PRINCIPAL ADMINISTRATIVE ASSOCIATE -  NON SUPVR,ACTIVE,63235.00,per Annum,1820,65583.78,0,224.34,7836.60
2024,836,DEPARTMENT OF FINANCE,2016-12-11T00:00:00.000,MANHATTAN,PRINCIPAL ADMINISTRATIVE ASSOCIATE -  NON SUPVR,ACTIVE,73788.00,per Annum,1820,73791.88,174.5,8361.97,7811.64
2024,836,DEPARTMENT OF FINANCE,1995-07-09T00:00:00.000,MANHATTAN,PRINCIPAL ADMINISTRATIVE ASSOCIATE -  NON SUPVR,ACTIVE,60220.00,per Annum,1820,62458.45,4,150.60,7793.25
2024,836,DEPARTMENT OF FINANCE,2007-02-25T00:00:00.000,MANHATTAN,PRINCIPAL ADMINISTRATIVE ASSOCIATE -  NON SUPVR,ACTIVE,95477.00,per Annum,1820,98650.64,0,816.33,7793.25
2024,836,DEPARTMENT OF FINANCE,2015-04-20T00:00:00.000,MANHATTAN,PRINCIPAL ADMINISTRATIVE ASSOCIATE -  NON SUPVR,ACTIVE,79246.00,per Annum,1820,82177.66,0,0.00,7793.25
2024,836,DEPARTMENT OF FINANCE,1995-09-18T00:00:00.000,MANHATTAN,PRINCIPAL ADMINISTRATIVE ASSOCIATE -  NON SUPVR,ON SEPARATION LEAVE,78806.00,per Annum,1820,81722.47,0,0.00,7793.25
2024,836,DEPARTMENT OF FINANCE,1994-07-01T00:00:00.000,MANHATTAN,PRINCIPAL ADMINISTRATIVE ASSOCIATE -  NON SUPVR,ACTIVE,74536.00,per Annum,1820,77296.64,0,0.00,7793.25
2024,836,DEPARTMENT OF FINANCE,1994-07-01T00:00:00.000,BROOKLYN,PRINCIPAL ADMINISTRATIVE ASSOCIATE -  NON SUPVR,ACTIVE,74039.00,per Annum,1820,76780.82,0,0.00,7793.25
2024,836,DEPARTMENT OF FINANCE,2007-02-20T00:00:00.000,MANHATTAN,PRINCIPAL ADMINISTRATIVE ASSOCIATE -  NON SUPVR,ACTIVE,59618.00,per Annum,1820,61776.41,0,0.00,7793.25
2024,836,DEPARTMENT OF FINANCE,2016-07-11T00:00:00.000,MANHATTAN,PRINCIPAL ADMINISTRATIVE ASSOCIATE -  NON SUPVR,ACTIVE,66798.00,per Annum,1820,69275.28,13.5,581.34,7792.63
2024,836,DEPARTMENT OF FINANCE,2004-03-01T00:00:00.000,MANHATTAN,PRINCIPAL ADMINISTRATIVE ASSOCIATE -  NON SUPVR,ACTIVE,66798.00,per Annum,1820,69275.28,0,0.00,7780.81
2024,836,DEPARTMENT OF FINANCE,2019-05-13T00:00:00.000,MANHATTAN,AGENCY ATTORNEY,CEASED,100053.00,per Annum,1330,57502.53,0,0.00,7771.28
2024,836,DEPARTMENT OF FINANCE,2016-06-20T00:00:00.000,MANHATTAN,PRINCIPAL ADMINISTRATIVE ASSOCIATE -  NON SUPVR,ACTIVE,66733.00,per Annum,1820,68742.70,0,0.00,7757.89
2024,836,DEPARTMENT OF FINANCE,1988-09-06T00:00:00.000,MANHATTAN,CITY TAX AUDITOR,CEASED,73422.00,per Annum,1421.72,57047.94,0,0.00,7737.30
2024,836,DEPARTMENT OF FINANCE,2018-01-02T00:00:00.000,MANHATTAN,CITY TAX AUDITOR,CEASED,83264.00,per Annum,1610,73262.19,0,0.00,7631.26
2024,836,DEPARTMENT OF FINANCE,2016-12-12T00:00:00.000,MANHATTAN,PRINCIPAL ADMINISTRATIVE ASSOCIATE -  NON SUPVR,ACTIVE,77388.00,per Annum,1820,80252.50,218.5,11696.73,7583.36
2024,836,DEPARTMENT OF FINANCE,2014-08-04T00:00:00.000,MANHATTAN,CITY TAX AUDITOR,ACTIVE,91988.00,per Annum,1820,83403.94,0,0.00,6585.41
2024,836,DEPARTMENT OF FINANCE,2015-06-08T00:00:00.000,MANHATTAN,CITY TAX AUDITOR,ACTIVE,86351.00,per Annum,1820,83202.15,0,0.00,6576.22
2024,836,DEPARTMENT OF FINANCE,2023-06-05T00:00:00.000,MANHATTAN,CITY TAX AUDITOR,ACTIVE,73359.00,per Annum,1820,70336.67,0,0.00,6557.15
2024,836,DEPARTMENT OF FINANCE,2015-09-08T00:00:00.000,MANHATTAN,CITY TAX AUDITOR,ACTIVE,73167.00,per Annum,1820,70470.79,0,0.00,6511.36
2024,836,DEPARTMENT OF FINANCE,1985-09-09T00:00:00.000,MANHATTAN,COMPUTER AIDE-NON-SPVR,ACTIVE,74111.00,per Annum,1820,71542.88,0,0.00,6337.05
2024,836,DEPARTMENT OF FINANCE,2015-09-08T00:00:00.000,MANHATTAN,CITY TAX AUDITOR,ACTIVE,86225.00,per Annum,1820,83079.69,0,0.00,6328.77
2024,836,DEPARTMENT OF FINANCE,2016-04-18T00:00:00.000,MANHATTAN,CITY TAX AUDITOR,ACTIVE,86150.00,per Annum,1820,83007.14,0,0.00,6328.77
2024,836,DEPARTMENT OF FINANCE,2018-01-02T00:00:00.000,MANHATTAN,CITY TAX AUDITOR,ACTIVE,85953.00,per Annum,1820,82725.82,0,0.00,6321.79
2024,836,DEPARTMENT OF FINANCE,1994-07-01T00:00:00.000,MANHATTAN,COMPUTER SPECIALIST,ACTIVE,115207.00,per Annum,1820,111227.71,0,0.00,6306.92
2024,836,DEPARTMENT OF FINANCE,2019-04-15T00:00:00.000,MANHATTAN,PRINCIPAL ADMINISTRATIVE ASSOCIATE -  NON SUPVR,ACTIVE,66672.00,per Annum,1820,68827.84,41.5,1730.58,6265.99
2024,836,DEPARTMENT OF FINANCE,2014-02-18T00:00:00.000,MANHATTAN,PRINCIPAL ADMINISTRATIVE ASSOCIATE -  NON SUPVR,ACTIVE,77451.00,per Annum,1820,79534.08,28.75,1598.68,6180.41
2024,836,DEPARTMENT OF FINANCE,1994-07-01T00:00:00.000,MANHATTAN,PRINCIPAL ADMINISTRATIVE ASSOCIATE -  NON SUPVR,CEASED,66702.00,per Annum,1115.93,43008.75,0,0.00,5984.14
2024,836,DEPARTMENT OF FINANCE,2017-03-27T00:00:00.000,MANHATTAN,PRINCIPAL ADMINISTRATIVE ASSOCIATE -  NON SUPVR,ACTIVE,66883.00,per Annum,1820,69019.40,9,550.26,5934.85
2024,836,DEPARTMENT OF FINANCE,2014-07-07T00:00:00.000,BROOKLYN,PRINCIPAL ADMINISTRATIVE ASSOCIATE -  NON SUPVR,ACTIVE,59588.00,per Annum,1820,61761.13,164.25,5832.15,5928.00
2024,836,DEPARTMENT OF FINANCE,2016-08-29T00:00:00.000,MANHATTAN,PRINCIPAL ADMINISTRATIVE ASSOCIATE -  NON SUPVR,ACTIVE,59588.00,per Annum,1820,61761.13,0,301.11,5927.89
2024,836,DEPARTMENT OF FINANCE,2001-04-02T00:00:00.000,MANHATTAN,CLERICAL ASSOCIATE,ACTIVE,64476.00,per Annum,1820,62239.17,0,0.00,5693.20
2024,836,DEPARTMENT OF FINANCE,2006-04-24T00:00:00.000,MANHATTAN,ADMINISTRATIVE STAFF ANALYST,ACTIVE,108791.00,per Annum,1820,115338.07,0,0.00,5655.65
2024,836,DEPARTMENT OF FINANCE,2015-09-21T00:00:00.000,MANHATTAN,PRINCIPAL ADMINISTRATIVE ASSOCIATE -  NON SUPVR,ACTIVE,66672.00,per Annum,1820,66458.68,0,0.00,5645.62
2024,836,DEPARTMENT OF FINANCE,2019-09-09T00:00:00.000,BROOKLYN,CITY ASSESSOR,ACTIVE,79300.00,per Annum,1820,74474.66,0,0.00,0.00
2024,836,DEPARTMENT OF FINANCE,2012-07-16T00:00:00.000,MANHATTAN,HEARING OFFICER,ACTIVE,61.52,per Hour,1303.27,77566.29,0,0.00,0.00
2024,836,DEPARTMENT OF FINANCE,2019-08-13T00:00:00.000,MANHATTAN,HEARING OFFICER,ACTIVE,61.52,per Hour,1375.97,81750.85,0,0.00,0.00
2024,836,DEPARTMENT OF FINANCE,2017-06-05T00:00:00.000,MANHATTAN,ADMINISTRATIVE TAX AUDITOR,CEASED,121709.00,per Annum,1312,87268.74,0,0.00,0.00
2024,836,DEPARTMENT OF FINANCE,2016-01-04T00:00:00.000,MANHATTAN,COMPUTER SYSTEMS MANAGER,CEASED,165000.00,per Annum,1120,100807.95,0,0.00,0.00
2024,836,DEPARTMENT OF FINANCE,2022-03-08T00:00:00.000,MANHATTAN,HEARING OFFICER,ACTIVE,61.52,per Hour,1822.8,108628.52,0,0.00,0.00
2024,836,DEPARTMENT OF FINANCE,2018-10-03T00:00:00.000,MANHATTAN,COMPUTER SYSTEMS MANAGER,ACTIVE,121724.00,per Annum,1820,117544.76,0,0.00,0.00
2024,836,DEPARTMENT OF FINANCE,2017-04-17T00:00:00.000,MANHATTAN,COMPUTER SYSTEMS MANAGER,ACTIVE,134179.00,per Annum,1820,129571.72,0,0.00,0.00
2024,836,DEPARTMENT OF FINANCE,2021-11-15T00:00:00.000,BROOKLYN,ASSISTANT CITY ASSESSOR,ACTIVE,57229.00,per Annum,1820,55263.73,3.25,98.84,0.00
2024,836,DEPARTMENT OF FINANCE,1987-07-06T00:00:00.000,MANHATTAN,ADM MANAGER-NON-MGRL,CEASED,77483.00,per Annum,0,208.49,0,0.00,2.10
2024,836,DEPARTMENT OF FINANCE,2024-01-08T00:00:00.000,MANHATTAN,COMMUNITY COORDINATOR,ACTIVE,82400.00,per Annum,805,34579.24,0,0.00,16.50
2024,836,DEPARTMENT OF FINANCE,2023-07-17T00:00:00.000,MANHATTAN,MOTOR VEHICLE OPERATOR,ACTIVE,51726.00,per Annum,1920,46102.80,166,5988.82,16.50
2024,836,DEPARTMENT OF FINANCE,2019-01-22T00:00:00.000,BRONX,ASSISTANT CITY ASSESSOR,ACTIVE,57229.00,per Annum,1820,55263.73,0,0.00,17.00
2024,836,DEPARTMENT OF FINANCE,1985-01-14T00:00:00.000,MANHATTAN,PRINCIPAL ADMINISTRATIVE ASSOCIATE -  NON SUPVR,CEASED,56602.00,per Annum,0,320.59,0,0.00,19.21
2024,836,DEPARTMENT OF FINANCE,2018-12-24T00:00:00.000,RICHMOND,CITY ASSESSOR,ACTIVE,79300.00,per Annum,1820,76576.72,0,0.00,41.25
2024,836,DEPARTMENT OF FINANCE,2018-12-24T00:00:00.000,RICHMOND,CITY ASSESSOR,ACTIVE,79300.00,per Annum,1820,76576.72,9,379.26,41.43
2024,836,DEPARTMENT OF FINANCE,1989-01-09T00:00:00.000,MANHATTAN,STAFF ANALYST,CEASED,81584.00,per Annum,0,521.42,0,0.00,41.55
2024,836,DEPARTMENT OF FINANCE,2019-01-07T00:00:00.000,MANHATTAN,PRINCIPAL ADMINISTRATIVE ASSOCIATE -  NON SUPVR,CEASED,61015.00,per Annum,0,1708.38,0,51.06,48.34
2024,836,DEPARTMENT OF FINANCE,2018-02-26T00:00:00.000,MANHATTAN,COMMUNITY COORDINATOR,ACTIVE,90629.00,per Annum,1820,87516.76,0,0.00,96.25
2024,836,DEPARTMENT OF FINANCE,2011-07-25T00:00:00.000,MANHATTAN,COMPUTER SYSTEMS MANAGER,ACTIVE,140164.00,per Annum,1820,135351.57,0,0.00,98.25
2024,836,DEPARTMENT OF FINANCE,2024-05-27T00:00:00.000,MANHATTAN,PRINCIPAL ADMINISTRATIVE ASSOCIATE -  NON SUPVR,ACTIVE,66672.00,per Annum,105,3825.45,0,0.00,100.54
2024,836,DEPARTMENT OF FINANCE,2015-12-07T00:00:00.000,MANHATTAN,AGENCY ATTORNEY,CEASED,94310.00,per Annum,0,2581.33,0,0.00,128.23
2024,836,DEPARTMENT OF FINANCE,2012-01-17T00:00:00.000,MANHATTAN,ADMINISTRATIVE TAX AUDITOR,ACTIVE,126360.00,per Annum,1190,75081.93,0,0.00,158.94
2024,836,DEPARTMENT OF FINANCE,2023-06-05T00:00:00.000,MANHATTAN,SUMMER GRADUATE INTERN,CEASED,24.73,per Hour,329,8136.17,0,0.00,173.11
2024,836,DEPARTMENT OF FINANCE,2023-09-22T00:00:00.000,MANHATTAN,COLLEGE AIDE,CEASED,19.90,per Hour,645.05,14382.18,0,0.00,173.11
2024,836,DEPARTMENT OF FINANCE,2015-06-29T00:00:00.000,BROOKLYN,AGENCY ATTORNEY,CEASED,103727.00,per Annum,0,3944.40,0,0.00,208.17
2024,836,DEPARTMENT OF FINANCE,2022-07-05T00:00:00.000,MANHATTAN,COMPUTER SYSTEMS MANAGER,ACTIVE,131127.00,per Annum,1820,126624.60,0,0.00,263.75
2024,836,DEPARTMENT OF FINANCE,2010-05-17T00:00:00.000,MANHATTAN,COMPUTER SYSTEMS MANAGER,ACTIVE,186882.00,per Annum,1820,180465.19,0,0.00,275.00
2024,836,DEPARTMENT OF FINANCE,2018-12-24T00:00:00.000,QUEENS,ASSISTANT CITY ASSESSOR,ACTIVE,66729.00,per Annum,1820,64437.17,41.5,1613.43,464.52
2024,836,DEPARTMENT OF FINANCE,2015-04-13T00:00:00.000,MANHATTAN,IT PROJECT SPECIALIST,ACTIVE,151166.00,per Annum,1820,145975.42,0,0.00,557.63
2024,836,DEPARTMENT OF FINANCE,2018-01-02T00:00:00.000,MANHATTAN,CITY TAX AUDITOR,CEASED,70532.00,per Annum,140,5402.76,0,0.00,616.82
2024,836,DEPARTMENT OF FINANCE,1986-09-08T00:00:00.000,MANHATTAN,COMPUTER SPECIALIST,CEASED,108939.00,per Annum,182.92,10898.65,0,0.00,634.34
2024,836,DEPARTMENT OF FINANCE,2019-09-16T00:00:00.000,MANHATTAN,GRAPHIC ARTIST,ACTIVE,80413.00,per Annum,1820,77651.92,0,0.00,679.23
2024,836,DEPARTMENT OF FINANCE,2024-02-05T00:00:00.000,MANHATTAN,ADMINISTRATIVE STAFF ANALYST,ACTIVE,125000.00,per Annum,665,45406.41,0,0.00,683.06
2024,836,DEPARTMENT OF FINANCE,2016-12-12T00:00:00.000,MANHATTAN,CLERICAL ASSOCIATE,ACTIVE,47100.00,per Annum,1820,34625.32,0,0.00,761.93
2024,836,DEPARTMENT OF FINANCE,2023-01-03T00:00:00.000,MANHATTAN,CLERICAL ASSOCIATE,ACTIVE,51796.00,per Annum,1820,50017.19,1.5,42.15,1050.25
2024,836,DEPARTMENT OF FINANCE,2016-06-13T00:00:00.000,MANHATTAN,CITY ASSESSOR,ACTIVE,90758.00,per Annum,945,41119.34,0,0.00,1269.60
2024,836,DEPARTMENT OF FINANCE,2021-11-15T00:00:00.000,MANHATTAN,ASSISTANT CITY ASSESSOR,ACTIVE,57229.00,per Annum,1820,55263.73,0,0.00,1336.81
2024,836,DEPARTMENT OF FINANCE,1985-10-15T00:00:00.000,MANHATTAN,CITY ASSESSOR,CEASED,102191.00,per Annum,377.12,21068.38,0,0.00,1433.52
2024,836,DEPARTMENT OF FINANCE,2019-04-15T00:00:00.000,MANHATTAN,CITY RESEARCH SCIENTIST,CEASED,94882.00,per Annum,0,0.00,0,0.00,1477.67
2024,836,DEPARTMENT OF FINANCE,2019-10-15T00:00:00.000,MANHATTAN,PRINCIPAL ADMINISTRATIVE ASSOCIATE -  NON SUPVR,ACTIVE,59588.00,per Annum,812,28270.12,0,0.00,1623.20
2024,836,DEPARTMENT OF FINANCE,2018-07-29T00:00:00.000,MANHATTAN,PRINCIPAL ADMINISTRATIVE ASSOCIATE -  NON SUPVR,ACTIVE,66765.00,per Annum,735,27863.38,0,0.00,1691.95
2024,836,DEPARTMENT OF FINANCE,2014-11-03T00:00:00.000,BROOKLYN,DEPUTY CITY SHERIFF - NON-SPVR,CEASED,92073.00,per Annum,1039.77,45782.34,0,0.00,1696.11
2024,836,DEPARTMENT OF FINANCE,2016-09-26T00:00:00.000,MANHATTAN,CITY TAX AUDITOR,CEASED,83528.00,per Annum,280,12788.37,0,0.00,1698.72
2024,836,DEPARTMENT OF FINANCE,1987-02-23T00:00:00.000,MANHATTAN,CITY TAX AUDITOR,CEASED,90209.00,per Annum,315,15535.95,0,0.00,1715.00
2024,836,DEPARTMENT OF FINANCE,2019-07-08T00:00:00.000,QUEENS,DEPUTY CITY SHERIFF - NON-SPVR,ACTIVE,94256.00,per Annum,2080,66547.00,799.5,38511.64,1718.14
2024,836,DEPARTMENT OF FINANCE,2014-02-18T00:00:00.000,RICHMOND,CLERICAL ASSOCIATE,ACTIVE,47100.00,per Annum,1820,45482.61,0,0.00,2015.98
2024,836,DEPARTMENT OF FINANCE,2023-11-13T00:00:00.000,MANHATTAN,AGENCY ATTORNEY,ACTIVE,101855.00,per Annum,1085,58630.30,0,0.00,2215.93
2024,836,DEPARTMENT OF FINANCE,2015-01-12T00:00:00.000,MANHATTAN,ADMINISTRATIVE STAFF ANALYST,ACTIVE,100346.00,per Annum,1820,92264.48,0,0.00,2234.64
2024,836,DEPARTMENT OF FINANCE,1995-07-09T00:00:00.000,QUEENS,SUPERVISING DEPUTY SHERIFF - AL 1 ONLY 40 HR,CEASED,124776.00,per Annum,418.92,28573.66,0,0.00,2238.51
2024,836,DEPARTMENT OF FINANCE,2019-07-01T00:00:00.000,MANHATTAN,CITY TAX AUDITOR,ACTIVE,72570.00,per Annum,1820,68970.74,0,0.00,2325.23
2024,836,DEPARTMENT OF FINANCE,2019-11-18T00:00:00.000,MANHATTAN,CITY TAX AUDITOR,ACTIVE,72570.00,per Annum,1820,70009.24,0,0.00,2360.25
2024,836,DEPARTMENT OF FINANCE,2019-06-17T00:00:00.000,MANHATTAN,CITY TAX AUDITOR,ACTIVE,72570.00,per Annum,1820,70009.24,0,0.00,2360.25
2024,836,DEPARTMENT OF FINANCE,2019-06-17T00:00:00.000,MANHATTAN,CITY TAX AUDITOR,ACTIVE,72570.00,per Annum,1820,70009.24,0,0.00,2360.25
2024,836,DEPARTMENT OF FINANCE,2019-08-19T00:00:00.000,MANHATTAN,CITY TAX AUDITOR,ACTIVE,72570.00,per Annum,1820,70009.24,0,0.00,2360.26
2024,836,DEPARTMENT OF FINANCE,2019-08-19T00:00:00.000,MANHATTAN,CITY TAX AUDITOR,ACTIVE,85833.00,per Annum,1820,71240.64,0,0.00,2360.26
2024,836,DEPARTMENT OF FINANCE,2019-02-19T00:00:00.000,RICHMOND,DEPUTY CITY SHERIFF - NON-SPVR,ACTIVE,68144.00,per Annum,2080,67096.86,155.25,7441.93,2453.37
2024,836,DEPARTMENT OF FINANCE,2019-04-15T00:00:00.000,BROOKLYN,DEPUTY CITY SHERIFF - NON-SPVR,ACTIVE,58718.00,per Annum,2080,54077.58,720.5,28256.92,2661.68
2024,836,DEPARTMENT OF FINANCE,2017-01-23T00:00:00.000,BROOKLYN,CLERICAL ASSOCIATE,ACTIVE,50868.00,per Annum,1820,48838.41,0,0.00,2700.84
2024,836,DEPARTMENT OF FINANCE,2021-06-21T00:00:00.000,BROOKLYN,DEPUTY CITY SHERIFF - NON-SPVR,ACTIVE,58718.00,per Annum,2080,55260.08,307.75,12405.64,2771.40
2024,836,DEPARTMENT OF FINANCE,2021-06-21T00:00:00.000,BROOKLYN,DEPUTY CITY SHERIFF - NON-SPVR,ACTIVE,58718.00,per Annum,2080,55276.97,1094.5,44814.45,2807.75
2024,836,DEPARTMENT OF FINANCE,2019-04-29T00:00:00.000,QUEENS,DEPUTY CITY SHERIFF - NON-SPVR,ACTIVE,94256.00,per Annum,2080,67326.83,222.25,11123.63,2814.91
2024,836,DEPARTMENT OF FINANCE,2022-05-16T00:00:00.000,QUEENS,DEPUTY CITY SHERIFF - NON-SPVR,ACTIVE,52535.00,per Annum,2080,50252.21,700.75,26018.29,2956.59
2024,836,DEPARTMENT OF FINANCE,2023-11-20T00:00:00.000,MANHATTAN,ASSOCIATE STAFF ANALYST,ACTIVE,96068.00,per Annum,1050,55120.95,0,0.00,3000.00
2024,836,DEPARTMENT OF FINANCE,2016-11-14T00:00:00.000,MANHATTAN,PRINCIPAL ADMINISTRATIVE ASSOCIATE -  NON SUPVR,ACTIVE,66672.00,per Annum,1820,66876.14,0,0.00,3000.00
2024,836,DEPARTMENT OF FINANCE,2023-09-11T00:00:00.000,MANHATTAN,BUSINESS RESEARCH & DATA ANALYTICS SPECIALIST,ACTIVE,92994.00,per Annum,1400,68903.94,0,0.00,3000.00
2024,836,DEPARTMENT OF FINANCE,1979-07-16T00:00:00.000,MANHATTAN,ADMINISTRATIVE MANAGER,ACTIVE,99739.00,per Annum,1820,84652.76,0,0.00,3000.00
2024,836,DEPARTMENT OF FINANCE,2019-07-15T00:00:00.000,MANHATTAN,ADMINISTRATIVE STAFF ANALYST,ACTIVE,99131.00,per Annum,1820,97967.69,0,0.00,3000.00
2024,836,DEPARTMENT OF FINANCE,2022-10-30T00:00:00.000,MANHATTAN,ASSOCIATE STAFF ANALYST,ACTIVE,106033.00,per Annum,1820,107918.42,0,0.00,3000.00
2024,836,DEPARTMENT OF FINANCE,2017-02-06T00:00:00.000,MANHATTAN,ADMINISTRATIVE STAFF ANALYST,ACTIVE,102769.00,per Annum,1820,108855.42,0,0.00,3000.00
2024,836,DEPARTMENT OF FINANCE,2003-11-17T00:00:00.000,MANHATTAN,ADMIN CONTRACT SPECIALIST,ACTIVE,107979.00,per Annum,1820,113219.71,0,0.00,3000.00
2024,836,DEPARTMENT OF FINANCE,2016-04-25T00:00:00.000,MANHATTAN,ADMINISTRATIVE LABOR RELATIONS ANALYST,ACTIVE,124123.00,per Annum,1820,129535.54,0,0.00,3000.00
2024,836,DEPARTMENT OF FINANCE,2022-02-17T00:00:00.000,MANHATTAN,COMPUTER SYSTEMS MANAGER,ACTIVE,142779.00,per Annum,1820,137598.93,0,0.00,3000.00
2024,836,DEPARTMENT OF FINANCE,2011-05-16T00:00:00.000,MANHATTAN,ADMINISTRATIVE TAX AUDITOR,ACTIVE,146607.00,per Annum,1820,149782.80,0,0.00,3000.00
2024,836,DEPARTMENT OF FINANCE,1986-09-02T00:00:00.000,MANHATTAN,ADMINISTRATIVE TAX AUDITOR,ACTIVE,146606.00,per Annum,1820,151812.92,0,0.00,3000.00
2024,836,DEPARTMENT OF FINANCE,1987-05-18T00:00:00.000,MANHATTAN,ADMINISTRATIVE TAX AUDITOR,ACTIVE,146606.00,per Annum,1820,151812.92,0,0.00,3000.00
2024,836,DEPARTMENT OF FINANCE,2019-07-22T00:00:00.000,MANHATTAN,EXECUTIVE AGENCY COUNSEL,ACTIVE,157886.00,per Annum,1820,165358.65,0,0.00,3000.00
2024,836,DEPARTMENT OF FINANCE,1987-06-29T00:00:00.000,MANHATTAN,ADMINISTRATIVE TAX AUDITOR,ACTIVE,209435.00,per Annum,1820,167681.15,0,0.00,3000.00
2024,836,DEPARTMENT OF FINANCE,1990-06-04T00:00:00.000,MANHATTAN,COMPUTER SYSTEMS MANAGER,ACTIVE,159835.00,per Annum,1820,167975.41,0,0.00,3000.00
2024,836,DEPARTMENT OF FINANCE,2014-03-31T00:00:00.000,MANHATTAN,ASSISTANT COMMISSIONER,CEASED,203333.00,per Annum,1470,179050.05,0,0.00,3000.00
2024,836,DEPARTMENT OF FINANCE,2012-06-11T00:00:00.000,MANHATTAN,COMPUTER SYSTEMS MANAGER,ACTIVE,172451.00,per Annum,1820,181305.58,0,0.00,3000.00
2024,836,DEPARTMENT OF FINANCE,2023-08-21T00:00:00.000,MANHATTAN,COUNSEL,ACTIVE,241386.00,per Annum,1505,187788.19,0,0.00,3000.00
2024,836,DEPARTMENT OF FINANCE,2010-12-28T00:00:00.000,MANHATTAN,COMPUTER SYSTEMS MANAGER,ACTIVE,184512.00,per Annum,1820,190407.46,0,0.00,3000.00
2024,836,DEPARTMENT OF FINANCE,2016-09-19T00:00:00.000,MANHATTAN,ASSIST COMMISSIONER,ACTIVE,189502.00,per Annum,1820,191297.37,0,0.00,3000.00
2024,836,DEPARTMENT OF FINANCE,2015-01-20T00:00:00.000,MANHATTAN,COMPUTER SYSTEMS MANAGER,ACTIVE,186235.00,per Annum,1820,194101.01,0,0.00,3000.00
2024,836,DEPARTMENT OF FINANCE,2015-06-01T00:00:00.000,MANHATTAN,ADMINISTRATIVE CITY PLANNER,ACTIVE,209438.00,per Annum,1820,218334.81,0,0.00,3000.00
2024,836,DEPARTMENT OF FINANCE,1990-09-04T00:00:00.000,MANHATTAN,EXECUTIVE AGENCY COUNSEL,ACTIVE,209442.00,per Annum,1820,218344.10,0,0.00,3000.00
2024,836,DEPARTMENT OF FINANCE,2022-05-02T00:00:00.000,QUEENS,DEPUTY COMMISSIONER,ACTIVE,241364.00,per Annum,1820,247255.00,0,0.00,3000.00
2024,836,DEPARTMENT OF FINANCE,2022-07-18T00:00:00.000,MANHATTAN,STAFF ANALYST,ACTIVE,78501.00,per Annum,1820,81297.00,2.5,130.69,3000.00
2024,836,DEPARTMENT OF FINANCE,2023-07-31T00:00:00.000,MANHATTAN,PRINCIPAL ADMINISTRATIVE ASSOCIATE -  NON SUPVR,ACTIVE,61015.00,per Annum,1610,53617.13,30.25,1018.58,3000.00
2024,836,DEPARTMENT OF FINANCE,2019-06-24T00:00:00.000,BRONX,PRINCIPAL ADMINISTRATIVE ASSOCIATE -  NON SUPVR,ACTIVE,59588.00,per Annum,1820,60447.87,8.25,471.57,3000.59
2024,836,DEPARTMENT OF FINANCE,2017-09-05T00:00:00.000,MANHATTAN,ADMINISTRATIVE ACCOUNTANT,ACTIVE,149603.00,per Annum,1617,116941.48,0,0.00,3001.36
2024,836,DEPARTMENT OF FINANCE,2004-03-15T00:00:00.000,MANHATTAN,CLERICAL AIDE,ACTIVE,45146.00,per Annum,1820,43572.97,1,25.63,3007.72
2024,836,DEPARTMENT OF FINANCE,2022-12-12T00:00:00.000,MANHATTAN,ADMIN COMMUNITY RELATIONS SPECIALIST,ACTIVE,124321.00,per Annum,1771,92296.12,0,0.00,3008.25
2024,836,DEPARTMENT OF FINANCE,2017-07-17T00:00:00.000,MANHATTAN,ADMINISTRATIVE STAFF ANALYST,ACTIVE,117167.00,per Annum,1820,106828.26,0,0.00,3008.25
2024,836,DEPARTMENT OF FINANCE,2019-10-07T00:00:00.000,MANHATTAN,PRINCIPAL ADMINISTRATIVE ASSOCIATE -  NON SUPVR,ACTIVE,59588.00,per Annum,1820,60162.87,22,913.24,3017.50
2024,836,DEPARTMENT OF FINANCE,2023-06-26T00:00:00.000,MANHATTAN,BUSINESS RESEARCH & DATA ANALYTICS SPECIALIST,ACTIVE,122797.00,per Annum,1785,114692.09,0,0.00,3025.44
2024,836,DEPARTMENT OF FINANCE,2022-10-17T00:00:00.000,MANHATTAN,COMPUTER SYSTEMS MANAGER,ACTIVE,153208.00,per Annum,1820,150907.85,0,0.00,3125.34
2024,836,DEPARTMENT OF FINANCE,2023-03-07T00:00:00.000,MANHATTAN,BUSINESS RESEARCH & DATA ANALYTICS SPECIALIST,ACTIVE,91511.00,per Annum,1820,89583.51,0,0.00,3220.50
2024,836,DEPARTMENT OF FINANCE,2023-01-16T00:00:00.000,MANHATTAN,BUSINESS RESEARCH & DATA ANALYTICS SPECIALIST,ACTIVE,95755.00,per Annum,1820,93335.24,0,0.00,3250.00
2024,836,DEPARTMENT OF FINANCE,2019-02-19T00:00:00.000,MANHATTAN,ADMINISTRATIVE STAFF ANALYST,ACTIVE,92914.00,per Annum,1820,98120.63,4.5,292.61,3280.50
2024,836,DEPARTMENT OF FINANCE,2019-08-26T00:00:00.000,MANHATTAN,ADMINISTRATIVE PROCUREMENT ANALYST-NON-MGRL,ACTIVE,103574.00,per Annum,1820,105627.48,387,29132.00,3537.18
2024,836,DEPARTMENT OF FINANCE,2019-07-22T00:00:00.000,MANHATTAN,EXECUTIVE AGENCY COUNSEL,ACTIVE,128984.00,per Annum,1820,135362.51,0,0.00,3815.63
2024,836,DEPARTMENT OF FINANCE,2019-08-12T00:00:00.000,MANHATTAN,PRINCIPAL ADMINISTRATIVE ASSOCIATE -  NON SUPVR,ACTIVE,66672.00,per Annum,1820,69051.23,14,926.48,3839.19
2024,836,DEPARTMENT OF FINANCE,2015-03-23T00:00:00.000,MANHATTAN,PRINCIPAL ADMINISTRATIVE ASSOCIATE -  NON SUPVR,ACTIVE,59588.00,per Annum,1820,60447.87,0,0.00,3860.59
2024,836,DEPARTMENT OF FINANCE,2018-11-12T00:00:00.000,MANHATTAN,ADMINISTRATIVE STAFF ANALYST,ACTIVE,120564.00,per Annum,1820,126968.60,494.25,44728.08,3886.18
2024,836,DEPARTMENT OF FINANCE,2012-06-25T00:00:00.000,MANHATTAN,ADMINISTRATIVE STAFF ANALYST,ACTIVE,108559.00,per Annum,1820,114033.05,0,117.61,3940.84
2024,836,DEPARTMENT OF FINANCE,2023-05-01T00:00:00.000,MANHATTAN,ADMIN COMMUNITY RELATIONS SPECIALIST,ACTIVE,121416.00,per Annum,1820,120377.76,0,0.00,3994.60
2024,836,DEPARTMENT OF FINANCE,2024-06-03T00:00:00.000,MANHATTAN,SUMMER COLLEGE INTERN,ACTIVE,18.50,per Hour,35,647.50,0,0.00,0.00
2024,836,DEPARTMENT OF FINANCE,2024-06-03T00:00:00.000,MANHATTAN,SUMMER GRADUATE INTERN,ACTIVE,25.73,per Hour,35,900.55,0,0.00,0.00
2024,836,DEPARTMENT OF FINANCE,2024-06-03T00:00:00.000,QUEENS,SUMMER GRADUATE INTERN,ACTIVE,25.73,per Hour,35,900.55,0,0.00,0.00
2024,836,DEPARTMENT OF FINANCE,2024-06-10T00:00:00.000,MANHATTAN,CITY TAX AUDITOR,ACTIVE,51130.00,per Annum,35,949.40,0,0.00,0.00
2024,836,DEPARTMENT OF FINANCE,2019-09-16T00:00:00.000,MANHATTAN,ASSOCIATE STAFF ANALYST,CEASED,91759.00,per Annum,0,1675.05,0,0.00,0.00
2024,836,DEPARTMENT OF FINANCE,2024-06-03T00:00:00.000,MANHATTAN,CITY TAX AUDITOR,ACTIVE,51130.00,per Annum,70,1898.80,0,0.00,0.00
2024,836,DEPARTMENT OF FINANCE,2024-06-03T00:00:00.000,MANHATTAN,CITY TAX AUDITOR,ACTIVE,51130.00,per Annum,70,1898.80,0,0.00,0.00
2024,836,DEPARTMENT OF FINANCE,1988-03-07T00:00:00.000,MANHATTAN,ADMINISTRATIVE STAFF ANALYST,CEASED,97366.00,per Annum,0,2255.17,0,0.00,0.00
2024,836,DEPARTMENT OF FINANCE,2018-05-23T00:00:00.000,MANHATTAN,HEARING OFFICER,CEASED,57.99,per Hour,40.87,2369.85,0,0.00,0.00
2024,836,DEPARTMENT OF FINANCE,2018-10-28T00:00:00.000,MANHATTAN,PROCUREMENT ANALYST,CEASED,98323.00,per Annum,0,2826.39,0,0.00,0.00
2024,836,DEPARTMENT OF FINANCE,2024-06-10T00:00:00.000,MANHATTAN,COMPUTER SYSTEMS MANAGER,ACTIVE,165000.00,per Annum,35,3155.74,0,0.00,0.00
2024,836,DEPARTMENT OF FINANCE,2016-02-29T00:00:00.000,MANHATTAN,ADMINISTRATIVE STAFF ANALYST,CEASED,118079.00,per Annum,0,3977.49,0,0.00,0.00
2024,836,DEPARTMENT OF FINANCE,2023-10-02T00:00:00.000,MANHATTAN,HIGH SCHOOL STUDENT AIDE,ACTIVE,16.00,per Hour,365.65,5484.75,0,0.00,0.00
2024,836,DEPARTMENT OF FINANCE,2024-05-06T00:00:00.000,MANHATTAN,CITY TAX AUDITOR,ACTIVE,51129.00,per Annum,210,5669.27,0,0.00,0.00
2024,836,DEPARTMENT OF FINANCE,2024-05-06T00:00:00.000,MANHATTAN,CITY TAX AUDITOR,ACTIVE,51129.00,per Annum,210,5696.40,0,0.00,0.00
2024,836,DEPARTMENT OF FINANCE,2024-04-15T00:00:00.000,MANHATTAN,CITY RESEARCH SCIENTIST,ACTIVE,88889.00,per Annum,315,14854.91,0,0.00,0.00
2024,836,DEPARTMENT OF FINANCE,2023-12-04T00:00:00.000,BRONX,CLERICAL ASSOCIATE,ACTIVE,47100.00,per Annum,980,24488.24,0,0.00,0.00
2024,836,DEPARTMENT OF FINANCE,2024-01-02T00:00:00.000,MANHATTAN,CITY PLANNER,ACTIVE,62138.00,per Annum,830,26438.86,0,0.00,0.00
2024,836,DEPARTMENT OF FINANCE,2023-10-16T00:00:00.000,MANHATTAN,CITY TAX AUDITOR,ACTIVE,51129.00,per Annum,1225,33229.00,0,0.00,0.00
2024,836,DEPARTMENT OF FINANCE,2023-10-16T00:00:00.000,MANHATTAN,CITY TAX AUDITOR,ACTIVE,51129.00,per Annum,1225,33229.00,0,0.00,0.00
2024,836,DEPARTMENT OF FINANCE,2023-10-16T00:00:00.000,MANHATTAN,CITY TAX AUDITOR,ACTIVE,58799.00,per Annum,1225,34714.13,0,0.00,0.00
2024,836,DEPARTMENT OF FINANCE,2023-10-02T00:00:00.000,MANHATTAN,CITY TAX AUDITOR,ACTIVE,51129.00,per Annum,1295,35127.80,0,0.00,0.00
2024,836,DEPARTMENT OF FINANCE,2023-03-27T00:00:00.000,MANHATTAN,CITY TAX AUDITOR,CEASED,49640.00,per Annum,1316,35701.71,0,0.00,0.00
2024,836,DEPARTMENT OF FINANCE,2023-07-10T00:00:00.000,BROOKLYN,CLERICAL ASSOCIATE,ACTIVE,47100.00,per Annum,1715,40330.59,0,0.00,0.00
2024,836,DEPARTMENT OF FINANCE,2023-07-17T00:00:00.000,QUEENS,CLERICAL ASSOCIATE,ACTIVE,47100.00,per Annum,1680,41979.84,0,0.00,0.00
2024,836,DEPARTMENT OF FINANCE,2023-05-15T00:00:00.000,MANHATTAN,CLERICAL ASSOCIATE,ACTIVE,47100.00,per Annum,1820,44984.06,0,0.00,0.00
2024,836,DEPARTMENT OF FINANCE,2023-06-05T00:00:00.000,MANHATTAN,CLERICAL ASSOCIATE,ACTIVE,47100.00,per Annum,1820,45456.03,0,0.00,0.00
2024,836,DEPARTMENT OF FINANCE,2023-07-17T00:00:00.000,MANHATTAN,CITY TAX AUDITOR,ACTIVE,51130.00,per Annum,1680,45571.20,0,0.00,0.00
2024,836,DEPARTMENT OF FINANCE,2022-01-18T00:00:00.000,MANHATTAN,CITY TAX AUDITOR,ACTIVE,72499.00,per Annum,1820,55097.80,0,0.00,0.00
2024,836,DEPARTMENT OF FINANCE,2019-08-13T00:00:00.000,MANHATTAN,HEARING OFFICER,ACTIVE,61.52,per Hour,962.37,57145.71,0,0.00,0.00
2024,836,DEPARTMENT OF FINANCE,2017-05-31T00:00:00.000,MANHATTAN,HEARING OFFICER,ACTIVE,61.52,per Hour,1028.45,61346.13,0,0.00,0.00
2024,836,DEPARTMENT OF FINANCE,2021-05-18T00:00:00.000,MANHATTAN,HEARING OFFICER,ACTIVE,61.52,per Hour,1035.73,61658.20,0,0.00,0.00
2024,836,DEPARTMENT OF FINANCE,2001-06-28T00:00:00.000,MANHATTAN,HEARING OFFICER,ACTIVE,61.52,per Hour,1049.57,62245.52,0,0.00,0.00
2024,827,DEPARTMENT OF SANITATION,2018-09-17T00:00:00.000,QUEENS,SANITATION WORKER,ACTIVE,88979.00,per Annum,2080,76541.12,287,21475.16,31994.76
2024,827,DEPARTMENT OF SANITATION,1989-08-14T00:00:00.000,MANHATTAN,SANITATION WORKER,ACTIVE,88979.00,per Annum,2080,84153.69,264,24951.27,32685.63
2024,827,DEPARTMENT OF SANITATION,2007-10-09T00:00:00.000,QUEENS,SANITATION WORKER,ACTIVE,88979.00,per Annum,2080,88541.29,148,14286.13,33898.90
2024,827,DEPARTMENT OF SANITATION,2018-09-17T00:00:00.000,QUEENS,SANITATION WORKER,ACTIVE,88979.00,per Annum,2080,77312.83,250,19302.98,34099.91
2024,827,DEPARTMENT OF SANITATION,2001-09-17T00:00:00.000,MANHATTAN,SANITATION WORKER,CEASED,88979.00,per Annum,1232,50737.56,175,16317.40,35081.87
2024,827,DEPARTMENT OF SANITATION,2010-08-23T00:00:00.000,QUEENS,STATIONARY ENGINEER,ACTIVE,555.84,per Day,2080,160408.86,370.5,44162.56,35381.89
2024,827,DEPARTMENT OF SANITATION,2005-08-15T00:00:00.000,RICHMOND,SANITATION WORKER,ACTIVE,88979.00,per Annum,2080,88541.29,351,30357.82,39009.96
2024,827,DEPARTMENT OF SANITATION,2006-10-16T00:00:00.000,BRONX,SANITATION WORKER,ACTIVE,88979.00,per Annum,2080,88211.11,323,28022.21,39110.84
2024,827,DEPARTMENT OF SANITATION,2006-08-21T00:00:00.000,QUEENS,SANITATION WORKER,ACTIVE,88979.00,per Annum,2080,88024.89,316,27120.62,40086.83
2024,827,DEPARTMENT OF SANITATION,1999-02-22T00:00:00.000,QUEENS,SANITATION WORKER,CEASED,88979.00,per Annum,1776,72848.73,76,7554.01,40380.74
2024,827,DEPARTMENT OF SANITATION,2006-09-18T00:00:00.000,BROOKLYN,SANITATION WORKER,ACTIVE,88979.00,per Annum,2080,87821.14,388,34804.74,41009.29
2024,827,DEPARTMENT OF SANITATION,2015-02-09T00:00:00.000,MANHATTAN,EXECUTIVE AGENCY COUNSEL,CEASED,146828.00,per Annum,0,1339.40,0,124.50,52593.75
2024,827,DEPARTMENT OF SANITATION,2013-09-16T00:00:00.000,MANHATTAN,SANITATION WORKER,ACTIVE,88979.00,per Annum,2080,88200.72,159,15109.95,21750.14
2024,827,DEPARTMENT OF SANITATION,2004-11-15T00:00:00.000,MANHATTAN,SUPERVISOR,ACTIVE,119517.00,per Annum,2080,111080.46,674.25,58936.83,21567.30
2024,827,DEPARTMENT OF SANITATION,2017-08-14T00:00:00.000,QUEENS,SANITATION WORKER,ACTIVE,88979.00,per Annum,2080,86950.82,336,28598.71,21150.48
2024,827,DEPARTMENT OF SANITATION,2005-05-31T00:00:00.000,MANHATTAN,SANITATION WORKER,ACTIVE,88979.00,per Annum,2080,80797.14,140,13342.57,20622.92
2024,827,DEPARTMENT OF SANITATION,1999-03-22T00:00:00.000,BROOKLYN,ASSOCIATE SANITATION ENFORCEMENT AGENT,CEASED,58358.00,per Annum,104,50626.32,0,1359.47,20106.80
2024,827,DEPARTMENT OF SANITATION,2021-07-26T00:00:00.000,QUEENS,SANITATION WORKER,ACTIVE,51388.00,per Annum,2080,49192.33,164.5,7979.20,20084.04
2024,827,DEPARTMENT OF SANITATION,2021-11-29T00:00:00.000,BROOKLYN,SANITATION WORKER,ACTIVE,51388.00,per Annum,2080,48054.82,156,7707.37,19845.31
2024,827,DEPARTMENT OF SANITATION,2021-07-26T00:00:00.000,BROOKLYN,SANITATION WORKER,ACTIVE,51388.00,per Annum,2080,48835.57,252.5,12258.85,19831.97
2024,827,DEPARTMENT OF SANITATION,2007-09-10T00:00:00.000,BROOKLYN,SUPERVISOR,ACTIVE,119517.00,per Annum,2080,111509.30,485.28,41749.80,19745.22
2024,827,DEPARTMENT OF SANITATION,2021-07-12T00:00:00.000,BROOKLYN,SANITATION WORKER,ACTIVE,51388.00,per Annum,2080,49123.88,265,12608.76,19700.87
2024,827,DEPARTMENT OF SANITATION,2015-07-13T00:00:00.000,MANHATTAN,SANITATION WORKER,ACTIVE,88979.00,per Annum,2080,88211.11,46,4902.29,19647.67
2024,827,DEPARTMENT OF SANITATION,2014-08-18T00:00:00.000,MANHATTAN,SANITATION WORKER,ACTIVE,88979.00,per Annum,2080,87612.02,107,10107.19,19332.37
2024,827,DEPARTMENT OF SANITATION,2022-10-24T00:00:00.000,MANHATTAN,SANITATION WORKER,ACTIVE,48069.00,per Annum,2080,46246.04,163,7910.77,19244.42
2024,827,DEPARTMENT OF SANITATION,2012-09-10T00:00:00.000,BROOKLYN,ASSOCIATE SANITATION ENFORCEMENT AGENT,ACTIVE,51322.00,per Annum,2080,92439.53,31,3598.70,19148.98
2024,827,DEPARTMENT OF SANITATION,2022-09-19T00:00:00.000,QUEENS,SANITATION WORKER,ACTIVE,48069.00,per Annum,2080,47009.44,88,4608.74,19123.95
2024,827,DEPARTMENT OF SANITATION,2012-08-27T00:00:00.000,BRONX,SANITATION WORKER,ACTIVE,88979.00,per Annum,2080,86165.59,108,11095.72,21881.99
2024,827,DEPARTMENT OF SANITATION,2000-04-03T00:00:00.000,MANHATTAN,SANITATION WORKER,ACTIVE,88979.00,per Annum,2080,86641.27,355,32261.42,22024.29
2024,827,DEPARTMENT OF SANITATION,2017-07-10T00:00:00.000,QUEENS,SANITATION WORKER,ACTIVE,88979.00,per Annum,2080,88186.27,186,16464.01,22151.75
2024,827,DEPARTMENT OF SANITATION,2015-07-13T00:00:00.000,QUEENS,SANITATION WORKER,ACTIVE,88979.00,per Annum,2080,87508.49,247.5,22219.31,22171.45
2024,827,DEPARTMENT OF SANITATION,2013-08-19T00:00:00.000,MANHATTAN,SANITATION WORKER,ACTIVE,88979.00,per Annum,2080,88533.93,132,12423.41,22184.16
2024,827,DEPARTMENT OF SANITATION,2022-07-11T00:00:00.000,QUEENS,SANITATION WORKER,ACTIVE,48069.00,per Annum,2080,47233.54,246.75,11297.50,22192.81
2024,827,DEPARTMENT OF SANITATION,2007-05-21T00:00:00.000,RICHMOND,SANITATION WORKER,ACTIVE,88979.00,per Annum,2080,85510.96,207,19242.19,22213.81
2024,827,DEPARTMENT OF SANITATION,2005-05-09T00:00:00.000,MANHATTAN,SANITATION WORKER,ACTIVE,88979.00,per Annum,2080,85484.80,128,12182.04,22214.05
2024,827,DEPARTMENT OF SANITATION,2007-10-09T00:00:00.000,BROOKLYN,SANITATION WORKER,ACTIVE,88979.00,per Annum,2080,88541.29,148,14096.60,22387.06
2024,827,DEPARTMENT OF SANITATION,2005-08-15T00:00:00.000,MANHATTAN,SANITATION WORKER,ACTIVE,88979.00,per Annum,2080,88209.81,122.5,11657.87,23007.97
2024,827,DEPARTMENT OF SANITATION,2001-04-16T00:00:00.000,RICHMOND,SANITATION WORKER,ACTIVE,88979.00,per Annum,2080,86503.06,228,20493.90,23050.29
2024,827,DEPARTMENT OF SANITATION,2016-08-22T00:00:00.000,BROOKLYN,SANITATION WORKER,ACTIVE,88979.00,per Annum,2080,88200.37,216.5,19558.08,23202.95
2024,827,DEPARTMENT OF SANITATION,2018-07-09T00:00:00.000,BROOKLYN,SANITATION WORKER,ACTIVE,88979.00,per Annum,2080,80260.66,218,17479.85,23422.71
2024,827,DEPARTMENT OF SANITATION,2016-07-18T00:00:00.000,RICHMOND,SANITATION WORKER,ACTIVE,88979.00,per Annum,2080,87064.88,105.5,10073.51,23715.55
2024,827,DEPARTMENT OF SANITATION,2008-07-07T00:00:00.000,BROOKLYN,SANITATION WORKER,ACTIVE,88979.00,per Annum,2080,87023.96,249.5,21765.40,24209.22
2024,827,DEPARTMENT OF SANITATION,2018-10-29T00:00:00.000,QUEENS,SANITATION WORKER,ACTIVE,88979.00,per Annum,2080,75174.74,293,21986.68,24308.05
2024,827,DEPARTMENT OF SANITATION,2005-05-09T00:00:00.000,BROOKLYN,SANITATION WORKER,ACTIVE,88979.00,per Annum,2080,87538.71,231.75,21533.83,24311.50
2024,827,DEPARTMENT OF SANITATION,2011-11-14T00:00:00.000,BROOKLYN,SANITATION WORKER,ACTIVE,88979.00,per Annum,2080,86011.94,176,16155.00,24570.06
2024,827,DEPARTMENT OF SANITATION,2004-03-22T00:00:00.000,QUEENS,SANITATION WORKER,CEASED,88979.00,per Annum,1776,75585.11,102,9455.11,24734.73
2024,827,DEPARTMENT OF SANITATION,1999-09-20T00:00:00.000,QUEENS,SUPERVISOR,ACTIVE,119517.00,per Annum,2080,111509.30,670,59385.30,25034.96
2024,827,DEPARTMENT OF SANITATION,2011-09-12T00:00:00.000,RICHMOND,SANITATION WORKER,ACTIVE,88979.00,per Annum,2080,87193.72,195,18128.46,25067.96
2024,827,DEPARTMENT OF SANITATION,2017-09-11T00:00:00.000,QUEENS,SANITATION WORKER,ACTIVE,88979.00,per Annum,2080,86727.82,145.25,13437.92,25189.09
2024,827,DEPARTMENT OF SANITATION,2004-09-13T00:00:00.000,BROOKLYN,SANITATION WORKER,ACTIVE,88979.00,per Annum,2080,88190.33,160,14984.88,25210.70
2024,827,DEPARTMENT OF SANITATION,2015-09-07T00:00:00.000,BRONX,SANITATION WORKER,ACTIVE,88979.00,per Annum,2080,88200.72,153,14004.51,25307.62
2024,827,DEPARTMENT OF SANITATION,2012-09-24T00:00:00.000,BROOKLYN,SANITATION WORKER,ACTIVE,88979.00,per Annum,2080,86146.15,320.5,27662.01,25365.55
2024,827,DEPARTMENT OF SANITATION,2013-11-11T00:00:00.000,BROOKLYN,SANITATION WORKER,ACTIVE,88979.00,per Annum,2080,87808.14,373,31607.78,25491.29
2024,827,DEPARTMENT OF SANITATION,2006-01-30T00:00:00.000,BROOKLYN,ASSOCIATE SANITATION ENFORCEMENT AGENT,ACTIVE,68742.00,per Annum,2080,119677.83,89,10874.71,25555.16
2024,827,DEPARTMENT OF SANITATION,2022-07-11T00:00:00.000,QUEENS,SANITATION WORKER,ACTIVE,48069.00,per Annum,2080,47233.54,226.5,10610.52,25631.62
2024,827,DEPARTMENT OF SANITATION,2016-07-18T00:00:00.000,BROOKLYN,SANITATION WORKER,ACTIVE,88979.00,per Annum,2080,87860.15,255,22756.81,26004.80
2024,827,DEPARTMENT OF SANITATION,2004-05-03T00:00:00.000,RICHMOND,SANITATION WORKER,ACTIVE,88979.00,per Annum,2080,88200.37,275,24971.71,26088.55
2024,827,DEPARTMENT OF SANITATION,2006-11-13T00:00:00.000,BROOKLYN,SANITATION WORKER,ACTIVE,88979.00,per Annum,2080,87540.01,333.5,28455.93,26317.24
2024,827,DEPARTMENT OF SANITATION,2006-05-22T00:00:00.000,QUEENS,SANITATION WORKER,ACTIVE,88979.00,per Annum,2080,88530.90,269.25,24095.46,26585.59
2024,827,DEPARTMENT OF SANITATION,2006-08-21T00:00:00.000,RICHMOND,SANITATION WORKER,ACTIVE,88979.00,per Annum,2080,86800.76,262,23825.80,26915.03
2024,827,DEPARTMENT OF SANITATION,2012-09-24T00:00:00.000,QUEENS,SANITATION WORKER,ACTIVE,88979.00,per Annum,2080,84322.41,213,19461.10,26931.24
2024,827,DEPARTMENT OF SANITATION,2000-09-05T00:00:00.000,MANHATTAN,SUPERVISOR,CEASED,115755.00,per Annum,256,13733.46,0,0.00,26988.72
2024,827,DEPARTMENT OF SANITATION,2007-11-07T00:00:00.000,BROOKLYN,SANITATION WORKER,ACTIVE,88979.00,per Annum,2080,88541.29,302.5,26659.15,27099.55
2024,827,DEPARTMENT OF SANITATION,2005-07-18T00:00:00.000,BRONX,SANITATION WORKER,ACTIVE,88979.00,per Annum,2080,86133.89,188,18175.00,27199.31
2024,827,DEPARTMENT OF SANITATION,2005-09-12T00:00:00.000,MANHATTAN,SANITATION WORKER,ACTIVE,88979.00,per Annum,2080,88288.80,306,26836.55,27256.08
2024,827,DEPARTMENT OF SANITATION,2006-05-22T00:00:00.000,QUEENS,SANITATION WORKER,ACTIVE,88979.00,per Annum,2080,88541.29,203,19003.34,27336.90
2024,827,DEPARTMENT OF SANITATION,2014-08-18T00:00:00.000,QUEENS,SANITATION WORKER,ACTIVE,88979.00,per Annum,2080,88541.29,237.5,21729.34,28013.24
2024,827,DEPARTMENT OF SANITATION,2015-08-10T00:00:00.000,BROOKLYN,SANITATION WORKER,ACTIVE,88979.00,per Annum,2080,88541.29,289,25329.84,28309.11
2024,827,DEPARTMENT OF SANITATION,2007-05-21T00:00:00.000,QUEENS,SANITATION WORKER,ACTIVE,88979.00,per Annum,2080,88541.29,297.5,25640.97,28373.42
2024,827,DEPARTMENT OF SANITATION,2004-10-04T00:00:00.000,RICHMOND,SANITATION WORKER,ACTIVE,88979.00,per Annum,2080,88541.29,306,27106.47,28402.99
2024,827,DEPARTMENT OF SANITATION,2007-05-21T00:00:00.000,QUEENS,SANITATION WORKER,ACTIVE,88979.00,per Annum,2080,88456.06,250,22860.95,28498.60
2024,827,DEPARTMENT OF SANITATION,2019-07-15T00:00:00.000,BRONX,SANITATION WORKER,ACTIVE,73616.00,per Annum,2080,63461.97,163,10676.48,28529.68
2024,827,DEPARTMENT OF SANITATION,2006-05-22T00:00:00.000,MANHATTAN,SANITATION WORKER,ACTIVE,88979.00,per Annum,2080,88541.29,320.5,28700.02,28575.28
2024,827,DEPARTMENT OF SANITATION,2004-05-03T00:00:00.000,QUEENS,SANITATION WORKER,ACTIVE,88979.00,per Annum,2080,88541.29,309,26908.17,28723.49
2024,827,DEPARTMENT OF SANITATION,2005-08-15T00:00:00.000,BROOKLYN,SANITATION WORKER,ACTIVE,88979.00,per Annum,2080,88541.29,442,37100.10,29065.68
2024,827,DEPARTMENT OF SANITATION,2000-03-20T00:00:00.000,QUEENS,SANITATION WORKER,ACTIVE,88979.00,per Annum,2080,86342.12,209,19522.06,29194.47
2024,827,DEPARTMENT OF SANITATION,2000-04-17T00:00:00.000,RICHMOND,SANITATION WORKER,ACTIVE,88979.00,per Annum,2080,88541.29,258,23746.25,29276.07
2024,827,DEPARTMENT OF SANITATION,2014-09-15T00:00:00.000,QUEENS,SANITATION WORKER,ACTIVE,88979.00,per Annum,2080,88200.37,253.5,22545.04,29587.03
2024,827,DEPARTMENT OF SANITATION,2014-10-13T00:00:00.000,BRONX,SANITATION WORKER,ACTIVE,88979.00,per Annum,2080,88541.29,170,15891.71,29937.52
2024,827,DEPARTMENT OF SANITATION,2007-11-07T00:00:00.000,RICHMOND,SANITATION WORKER,ACTIVE,88979.00,per Annum,2080,87518.88,231,21643.73,29965.62
2024,827,DEPARTMENT OF SANITATION,2004-04-12T00:00:00.000,QUEENS,SANITATION WORKER,ACTIVE,88979.00,per Annum,2080,87870.19,223.75,20547.41,30181.27
2024,827,DEPARTMENT OF SANITATION,2000-03-06T00:00:00.000,BROOKLYN,SUPERVISOR,CEASED,115755.00,per Annum,424,23168.95,156,13530.81,30346.89
2024,827,DEPARTMENT OF SANITATION,2005-09-12T00:00:00.000,QUEENS,SANITATION WORKER,ACTIVE,88979.00,per Annum,2080,88541.29,341,29010.34,31737.17
2024,827,DEPARTMENT OF SANITATION,2011-11-14T00:00:00.000,BROOKLYN,SUPERVISOR,ACTIVE,119517.00,per Annum,2080,108936.26,208.5,19029.96,18369.14
2024,827,DEPARTMENT OF SANITATION,2022-09-19T00:00:00.000,QUEENS,SANITATION WORKER,ACTIVE,48069.00,per Annum,2080,46832.07,259,11885.84,18241.98
2024,827,DEPARTMENT OF SANITATION,2019-09-23T00:00:00.000,BROOKLYN,SANITATION WORKER,ACTIVE,73616.00,per Annum,2080,60795.78,164,9985.91,18227.61
2024,827,DEPARTMENT OF SANITATION,2021-07-26T00:00:00.000,QUEENS,SANITATION WORKER,ACTIVE,51388.00,per Annum,2080,48454.51,225,10451.63,17890.08
2024,827,DEPARTMENT OF SANITATION,2012-08-27T00:00:00.000,MANHATTAN,SANITATION WORKER,ACTIVE,88979.00,per Annum,2078.85,88102.66,156.25,14454.11,17859.49
2024,827,DEPARTMENT OF SANITATION,2011-10-11T00:00:00.000,MANHATTAN,SANITATION WORKER,ACTIVE,88979.00,per Annum,2080,78127.30,198,17034.04,17699.61
2024,827,DEPARTMENT OF SANITATION,2015-09-07T00:00:00.000,QUEENS,SANITATION WORKER,ACTIVE,88979.00,per Annum,2080,84466.48,165.25,14999.99,17487.24
2024,827,DEPARTMENT OF SANITATION,2019-09-23T00:00:00.000,QUEENS,SANITATION WORKER,ACTIVE,73616.00,per Annum,2080,61238.12,183,10785.73,17363.50
2024,827,DEPARTMENT OF SANITATION,2006-08-21T00:00:00.000,BROOKLYN,SANITATION WORKER,ACTIVE,88979.00,per Annum,2080,86827.70,178.33,15460.56,16844.08
2024,827,DEPARTMENT OF SANITATION,2018-09-17T00:00:00.000,QUEENS,SANITATION WORKER,ACTIVE,88979.00,per Annum,2080,76971.64,48,4355.12,16647.74
2024,827,DEPARTMENT OF SANITATION,1999-10-18T00:00:00.000,QUEENS,GENERAL SUPERINTENDENT,ACTIVE,145280.00,per Annum,2080,135546.58,793,84526.93,16624.95
2024,827,DEPARTMENT OF SANITATION,2019-04-22T00:00:00.000,QUEENS,SANITATION WORKER,ACTIVE,73616.00,per Annum,2080,68044.37,179,12267.84,16543.27
2024,827,DEPARTMENT OF SANITATION,2021-09-13T00:00:00.000,BROOKLYN,SANITATION WORKER,ACTIVE,51388.00,per Annum,2080,48577.07,233,11105.96,16458.30
2024,827,DEPARTMENT OF SANITATION,2015-09-07T00:00:00.000,BROOKLYN,SANITATION WORKER,ACTIVE,88979.00,per Annum,2080,85794.20,38,3027.10,16412.81
2024,827,DEPARTMENT OF SANITATION,2017-07-10T00:00:00.000,MANHATTAN,SANITATION WORKER,ACTIVE,88979.00,per Annum,2080,88525.90,88,8623.16,16372.05
2024,827,DEPARTMENT OF SANITATION,2013-09-16T00:00:00.000,BROOKLYN,SANITATION WORKER,ACTIVE,88979.00,per Annum,2080,81787.33,118,10621.99,16304.75
2024,827,DEPARTMENT OF SANITATION,2015-08-10T00:00:00.000,MANHATTAN,SUPERVISOR,ACTIVE,96747.00,per Annum,2080,88458.17,260,18531.84,16001.07
2024,827,DEPARTMENT OF SANITATION,2021-07-12T00:00:00.000,BROOKLYN,SANITATION WORKER,ACTIVE,51388.00,per Annum,2080,48834.02,106,5705.05,15295.38
2024,827,DEPARTMENT OF SANITATION,2021-11-29T00:00:00.000,BRONX,SANITATION WORKER,ACTIVE,51388.00,per Annum,2080,47686.48,44,2461.78,15271.89
2024,827,DEPARTMENT OF SANITATION,2014-12-29T00:00:00.000,QUEENS,AUTO MECHANIC,ACTIVE,390.72,per Day,2080,107704.80,120,10007.10,15086.13
2024,827,DEPARTMENT OF SANITATION,2021-09-13T00:00:00.000,BROOKLYN,SANITATION WORKER,ACTIVE,51388.00,per Annum,2080,48201.97,106,5341.51,14645.66
2024,827,DEPARTMENT OF SANITATION,2011-09-12T00:00:00.000,BROOKLYN,SUPERVISOR,ACTIVE,97716.00,per Annum,2080,90157.18,390,27888.47,14640.64
2024,827,DEPARTMENT OF SANITATION,2001-04-02T00:00:00.000,BROOKLYN,AUTO MECHANIC,ACTIVE,390.72,per Day,2080,107923.20,210,16560.26,14431.70
2024,827,DEPARTMENT OF SANITATION,2016-09-19T00:00:00.000,BRONX,SUPERVISOR,ACTIVE,110339.00,per Annum,2080,93325.76,366,26585.46,14427.80
2024,827,DEPARTMENT OF SANITATION,2012-09-24T00:00:00.000,MANHATTAN,SUPERVISOR,ACTIVE,95789.00,per Annum,2040,88219.48,453,35398.12,14373.55
2024,827,DEPARTMENT OF SANITATION,2007-10-09T00:00:00.000,RICHMOND,SANITATION WORKER,ACTIVE,88979.00,per Annum,2080,88541.29,103,10177.05,14137.74
2024,827,DEPARTMENT OF SANITATION,2014-02-10T00:00:00.000,QUEENS,AUTO MECHANIC,ACTIVE,390.72,per Day,2080,107954.40,179,14450.74,13821.45
2024,827,DEPARTMENT OF SANITATION,2008-08-11T00:00:00.000,RICHMOND,SUPERVISOR,ACTIVE,119517.00,per Annum,2080,102582.33,148.5,11989.11,13398.29
2024,827,DEPARTMENT OF SANITATION,2015-10-05T00:00:00.000,QUEENS,SUPERVISOR,ACTIVE,97716.00,per Annum,2080,90851.46,302,21237.57,13325.65
2024,827,DEPARTMENT OF SANITATION,2021-09-13T00:00:00.000,BROOKLYN,SANITATION WORKER,ACTIVE,51388.00,per Annum,2080,46225.07,200.5,9412.92,13047.87
2024,827,DEPARTMENT OF SANITATION,2017-09-11T00:00:00.000,BRONX,SANITATION WORKER,ACTIVE,88979.00,per Annum,2080,87777.82,214.5,19467.93,12804.29
2024,827,DEPARTMENT OF SANITATION,2017-09-11T00:00:00.000,QUEENS,SANITATION WORKER,ACTIVE,88979.00,per Annum,2080,86766.85,98,9122.71,12787.63
2024,827,DEPARTMENT OF SANITATION,2022-07-11T00:00:00.000,MANHATTAN,SANITATION WORKER,ACTIVE,48069.00,per Annum,2080,47233.54,103.92,5491.18,12732.83
2024,827,DEPARTMENT OF SANITATION,2015-10-05T00:00:00.000,BROOKLYN,SANITATION WORKER,ACTIVE,88979.00,per Annum,2080,88168.85,170.25,15166.40,12632.33
2024,827,DEPARTMENT OF SANITATION,2022-03-21T00:00:00.000,MANHATTAN,CIVIL ENGINEER,CEASED,120623.00,per Annum,1660,113724.61,0,0.00,12614.77
2024,827,DEPARTMENT OF SANITATION,2004-10-25T00:00:00.000,QUEENS,SUPERVISOR,ACTIVE,119517.00,per Annum,2080,111080.46,58,5132.93,12436.46
2024,827,DEPARTMENT OF SANITATION,2006-10-16T00:00:00.000,BROOKLYN,SUPERVISOR,ACTIVE,119517.00,per Annum,2080,111509.30,459,40358.33,12371.99
2024,827,DEPARTMENT OF SANITATION,2021-08-09T00:00:00.000,MANHATTAN,SANITATION WORKER,ACTIVE,51388.00,per Annum,2080,48331.86,159.75,7841.15,12193.74
2024,827,DEPARTMENT OF SANITATION,2022-09-19T00:00:00.000,BROOKLYN,SANITATION WORKER,ACTIVE,48069.00,per Annum,2080,46835.13,76,3994.01,11825.17
2024,827,DEPARTMENT OF SANITATION,2021-08-23T00:00:00.000,BROOKLYN,SANITATION WORKER,ACTIVE,51388.00,per Annum,2080,48133.69,210.5,10243.15,11653.42
2024,827,DEPARTMENT OF SANITATION,1989-01-04T00:00:00.000,RICHMOND,DIRECTOR OF MOTOR EQUIPMENT MAINTENANCE-NM,ACTIVE,211827.00,per Annum,1820,234441.82,126.5,19790.03,11543.12
2024,827,DEPARTMENT OF SANITATION,2018-08-13T00:00:00.000,QUEENS,SANITATION WORKER,ACTIVE,88979.00,per Annum,2080,78735.73,38,2423.35,11225.67
2024,827,DEPARTMENT OF SANITATION,1986-11-07T00:00:00.000,RICHMOND,SUPERVISOR OF MECHANICS,ACTIVE,136407.00,per Annum,2080,153057.35,539.5,58704.94,11204.07
2024,827,DEPARTMENT OF SANITATION,2014-07-21T00:00:00.000,RICHMOND,SANITATION WORKER,ACTIVE,88979.00,per Annum,2080,84462.12,158,14188.10,11002.44
2024,827,DEPARTMENT OF SANITATION,2004-05-03T00:00:00.000,BRONX,CLERICAL ASSOCIATE,ACTIVE,47200.00,per Annum,1820,45556.19,535.25,19889.77,10711.56
2024,827,DEPARTMENT OF SANITATION,1984-03-08T00:00:00.000,QUEENS,SUPERVISOR OF MECHANICS,ACTIVE,153223.00,per Annum,2080,171780.92,556.75,71161.96,10694.02
2024,827,DEPARTMENT OF SANITATION,2021-07-12T00:00:00.000,BROOKLYN,SANITATION WORKER,ACTIVE,51388.00,per Annum,2080,48011.67,225.75,10938.14,10632.21
2024,827,DEPARTMENT OF SANITATION,2017-01-03T00:00:00.000,QUEENS,CARPENTER,ACTIVE,398.86,per Day,1820,109590.61,1312,123597.66,10619.70
2024,827,DEPARTMENT OF SANITATION,2014-08-18T00:00:00.000,QUEENS,SANITATION WORKER,ACTIVE,88979.00,per Annum,2080,87115.89,64,6717.90,10434.46
2024,827,DEPARTMENT OF SANITATION,2016-08-22T00:00:00.000,MANHATTAN,SANITATION WORKER,ACTIVE,88979.00,per Annum,2080,88200.37,319,28882.53,10241.76
2024,827,DEPARTMENT OF SANITATION,2010-12-13T00:00:00.000,BROOKLYN,SUPERVISOR,ACTIVE,119517.00,per Annum,2080,111509.30,410,35217.11,10171.88
2024,827,DEPARTMENT OF SANITATION,2022-08-15T00:00:00.000,BROOKLYN,SANITATION WORKER,ACTIVE,48069.00,per Annum,2080,46933.87,257.75,11988.14,10147.90
2024,827,DEPARTMENT OF SANITATION,2018-09-17T00:00:00.000,RICHMOND,SUPERVISOR,ACTIVE,104021.00,per Annum,2080,92122.60,354,26564.11,10002.30
2024,827,DEPARTMENT OF SANITATION,1997-09-15T00:00:00.000,BROOKLYN,CLERICAL ASSOCIATE,ACTIVE,59051.00,per Annum,1820,57000.44,718,33169.69,9964.31
2024,827,DEPARTMENT OF SANITATION,2012-09-24T00:00:00.000,BRONX,SUPERVISOR,ACTIVE,119517.00,per Annum,2080,111509.30,266,23128.49,9870.39
2024,827,DEPARTMENT OF SANITATION,2017-08-14T00:00:00.000,BROOKLYN,SANITATION WORKER,ACTIVE,88979.00,per Annum,2080,88126.32,140,13041.60,9823.00
2024,827,DEPARTMENT OF SANITATION,1999-10-04T00:00:00.000,MANHATTAN,GENERAL SUPERINTENDENT,ACTIVE,202666.00,per Annum,2080,200988.28,0,0.00,9550.23
2024,827,DEPARTMENT OF SANITATION,2023-06-05T00:00:00.000,MANHATTAN,SANITATION WORKER,ACTIVE,46975.00,per Annum,2080,44542.32,25,1665.89,9524.63
2024,827,DEPARTMENT OF SANITATION,2013-11-11T00:00:00.000,MANHATTAN,SUPERVISOR,ACTIVE,119517.00,per Annum,2080,111509.30,104,9471.77,9492.33
2024,827,DEPARTMENT OF SANITATION,2012-09-24T00:00:00.000,BROOKLYN,SANITATION WORKER,ACTIVE,88979.00,per Annum,2080,87706.75,140,11868.24,9477.83
2024,827,DEPARTMENT OF SANITATION,2013-11-25T00:00:00.000,BROOKLYN,AUTO MECHANIC,ACTIVE,390.72,per Day,2080,107954.40,84,6758.57,9429.90
2024,827,DEPARTMENT OF SANITATION,2006-08-21T00:00:00.000,QUEENS,SANITATION WORKER,ACTIVE,88979.00,per Annum,2080,88438.11,204,17826.89,8858.78
2024,827,DEPARTMENT OF SANITATION,2018-09-17T00:00:00.000,BROOKLYN,SANITATION WORKER,ACTIVE,88979.00,per Annum,2080,76331.74,143.75,10842.71,8827.49
2024,827,DEPARTMENT OF SANITATION,2022-10-24T00:00:00.000,BROOKLYN,SANITATION WORKER,ACTIVE,48069.00,per Annum,2080,46890.64,117.75,5840.59,8631.91
2024,827,DEPARTMENT OF SANITATION,1990-06-18T00:00:00.000,QUEENS,CLERICAL ASSOCIATE,ACTIVE,47525.00,per Annum,1820,45869.52,378,12912.32,8458.22
2024,827,DEPARTMENT OF SANITATION,2005-05-31T00:00:00.000,BROOKLYN,SANITATION WORKER,ACTIVE,88979.00,per Annum,2080,88519.98,179,16620.90,8344.44
2024,827,DEPARTMENT OF SANITATION,2017-08-28T00:00:00.000,QUEENS,MACHINIST,ACTIVE,390.72,per Day,2080,107954.40,714.5,54355.29,8149.13
2024,827,DEPARTMENT OF SANITATION,2004-02-02T00:00:00.000,MANHATTAN,MEDICAL RECORD LIBRARIAN,CEASED,68562.00,per Annum,1757,63893.92,0,0.00,7966.17
2024,827,DEPARTMENT OF SANITATION,2005-11-14T00:00:00.000,MANHATTAN,SANITATION WORKER,ACTIVE,88979.00,per Annum,2080,87705.10,153,14349.49,7940.87
2024,827,DEPARTMENT OF SANITATION,1999-09-20T00:00:00.000,BROOKLYN,SANITATION WORKER,CEASED,88979.00,per Annum,1080,42222.08,32,3302.70,7611.91
2024,827,DEPARTMENT OF SANITATION,2022-08-15T00:00:00.000,QUEENS,AUTO MECHANIC,ACTIVE,335.68,per Day,2080,89067.61,257,16284.30,7606.74
2024,827,DEPARTMENT OF SANITATION,2014-10-20T00:00:00.000,QUEENS,SUPERVISOR STEAMFITTER,ACTIVE,445.55,per Day,1820,115843.00,868.75,131691.92,7492.30
2024,827,DEPARTMENT OF SANITATION,2015-11-23T00:00:00.000,QUEENS,AUTO MECHANIC,ACTIVE,390.72,per Day,2080,107954.40,37,3511.77,7399.69
2024,827,DEPARTMENT OF SANITATION,2015-07-13T00:00:00.000,BROOKLYN,SANITATION WORKER,ACTIVE,88979.00,per Annum,2080,87870.19,233,20212.24,7348.81
2024,827,DEPARTMENT OF SANITATION,2001-01-29T00:00:00.000,QUEENS,SUPERVISOR OF MECHANICS,ACTIVE,136407.00,per Annum,2080,153057.35,32,4215.32,7291.31
2024,827,DEPARTMENT OF SANITATION,2022-09-19T00:00:00.000,QUEENS,SANITATION WORKER,ACTIVE,48069.00,per Annum,2080,46824.96,72.5,3448.13,7155.75
2024,827,DEPARTMENT OF SANITATION,2021-07-26T00:00:00.000,QUEENS,SANITATION WORKER,CEASED,46556.00,per Annum,760,16022.00,118,5525.23,7006.77
2024,827,DEPARTMENT OF SANITATION,2021-10-04T00:00:00.000,BROOKLYN,SANITATION WORKER,ACTIVE,51388.00,per Annum,2080,47351.33,135,6306.28,6689.72
2024,827,DEPARTMENT OF SANITATION,2011-08-29T00:00:00.000,MANHATTAN,CITY MEDICAL SPECIALIST,CEASED,84.86,per Hour,0,0.00,0,0.00,6613.53
2024,827,DEPARTMENT OF SANITATION,2018-09-17T00:00:00.000,QUEENS,SUPERVISOR,ACTIVE,97716.00,per Annum,2080,90742.30,200,13476.10,6562.08
2024,827,DEPARTMENT OF SANITATION,2018-08-13T00:00:00.000,MANHATTAN,SANITATION WORKER,ACTIVE,88979.00,per Annum,2080,78742.71,64.5,6051.03,6542.21
2024,827,DEPARTMENT OF SANITATION,2007-01-22T00:00:00.000,MANHATTAN,SECRETARY,ACTIVE,64146.00,per Annum,1820,61919.86,0,0.00,6471.08
2024,827,DEPARTMENT OF SANITATION,2001-03-26T00:00:00.000,QUEENS,CLERICAL ASSOCIATE,ACTIVE,47267.00,per Annum,1820,45620.94,162,5388.80,6468.14
2024,827,DEPARTMENT OF SANITATION,2021-08-23T00:00:00.000,MANHATTAN,SANITATION WORKER,ACTIVE,51388.00,per Annum,2080,48172.27,102,5040.31,6428.45
2024,827,DEPARTMENT OF SANITATION,2021-07-26T00:00:00.000,BROOKLYN,SANITATION WORKER,ACTIVE,51388.00,per Annum,2080,49186.71,68,3889.96,6005.26
2024,827,DEPARTMENT OF SANITATION,2023-08-14T00:00:00.000,MANHATTAN,SANITATION WORKER,ACTIVE,46975.00,per Annum,1800,38136.61,129.5,5990.48,5883.97
2024,827,DEPARTMENT OF SANITATION,2022-11-28T00:00:00.000,MANHATTAN,SANITATION WORKER,CEASED,46975.00,per Annum,1488,33208.15,173,8053.91,5957.12
2024,827,DEPARTMENT OF SANITATION,2021-11-29T00:00:00.000,QUEENS,SANITATION WORKER,ACTIVE,51388.00,per Annum,2080,48054.82,36,2247.15,5967.23
2024,827,DEPARTMENT OF SANITATION,2005-09-12T00:00:00.000,MANHATTAN,GENERAL SUPERINTENDENT,ACTIVE,202666.00,per Annum,2080,187642.04,0,0.00,6291.31
2024,827,DEPARTMENT OF SANITATION,2023-10-23T00:00:00.000,MANHATTAN,SANITATION WORKER,ACTIVE,46975.00,per Annum,1400,29406.74,122,5202.42,6343.52
2024,827,DEPARTMENT OF SANITATION,2023-07-10T00:00:00.000,BROOKLYN,SANITATION WORKER,ACTIVE,46975.00,per Annum,2000,42505.56,46,2367.99,6364.23
2024,827,DEPARTMENT OF SANITATION,2021-10-12T00:00:00.000,BRONX,JOB TRAINING PARTICIPANT,CEASED,16.39,per Hour,0,862.22,0,0.00,0.00
2024,827,DEPARTMENT OF SANITATION,2023-09-25T00:00:00.000,BRONX,JOB TRAINING PARTICIPANT,CEASED,18.00,per Hour,40,720.00,0,0.00,0.00
2024,827,DEPARTMENT OF SANITATION,2021-11-15T00:00:00.000,BRONX,JOB TRAINING PARTICIPANT,CEASED,16.39,per Hour,0,717.53,0,0.00,0.00
2024,827,DEPARTMENT OF SANITATION,2022-06-06T00:00:00.000,BRONX,JOB TRAINING PARTICIPANT,CEASED,16.39,per Hour,0,693.25,0,0.00,0.00
2024,827,DEPARTMENT OF SANITATION,2021-10-12T00:00:00.000,BROOKLYN,JOB TRAINING PARTICIPANT,CEASED,16.39,per Hour,0,446.08,0,0.00,0.00
2024,827,DEPARTMENT OF SANITATION,2023-03-06T00:00:00.000,MANHATTAN,JOB TRAINING PARTICIPANT,CEASED,18.00,per Hour,283.5,5497.96,0,0.00,0.00
2024,827,DEPARTMENT OF SANITATION,2024-04-15T00:00:00.000,BROOKLYN,JOB TRAINING PARTICIPANT,ACTIVE,18.54,per Hour,316.5,5697.00,0,0.00,0.00
2024,827,DEPARTMENT OF SANITATION,2023-10-03T00:00:00.000,MANHATTAN,HIGH SCHOOL STUDENT AIDE,ACTIVE,16.00,per Hour,528.42,7926.25,0,0.00,0.00
2024,827,DEPARTMENT OF SANITATION,2023-03-06T00:00:00.000,MANHATTAN,JOB TRAINING PARTICIPANT,CEASED,18.00,per Hour,456,8532.82,0,0.00,0.00
2024,827,DEPARTMENT OF SANITATION,2019-10-21T00:00:00.000,BROOKLYN,SANITATION ENFORCEMENT AGENT,CEASED,32025.00,per Annum,0,86.32,0,1.35,0.14
2024,827,DEPARTMENT OF SANITATION,2022-07-11T00:00:00.000,BRONX,SANITATION WORKER,CEASED,45496.00,per Annum,0,71.77,0,11.87,8.01
2024,827,DEPARTMENT OF SANITATION,2023-07-03T00:00:00.000,MANHATTAN,IT INFRASTRUCTURE ENGINEER,ACTIVE,121540.00,per Annum,1750,111938.76,0,0.00,8.75
2024,827,DEPARTMENT OF SANITATION,2015-10-05T00:00:00.000,BRONX,SANITATION ENFORCEMENT AGENT,CEASED,40513.00,per Annum,0,679.13,0,51.34,27.80
2024,827,DEPARTMENT OF SANITATION,2021-10-05T00:00:00.000,MANHATTAN,SANITATION WORKER,CEASED,46556.00,per Annum,0,658.29,-8,-79.59,67.21
2024,827,DEPARTMENT OF SANITATION,2017-04-17T00:00:00.000,QUEENS,SANITATION ENFORCEMENT AGENT,CEASED,34743.00,per Annum,0,73.50,0,82.44,119.49
2024,827,DEPARTMENT OF SANITATION,1989-01-03T00:00:00.000,QUEENS,BLACKSMITH,CEASED,487.00,per Day,0,9473.51,0,1528.53,292.32
2024,827,DEPARTMENT OF SANITATION,2016-01-19T00:00:00.000,QUEENS,SANITATION ENFORCEMENT AGENT,CEASED,44259.00,per Annum,0,3676.75,0,570.57,404.29
2024,827,DEPARTMENT OF SANITATION,2000-03-20T00:00:00.000,RICHMOND,SANITATION WORKER,CEASED,86178.00,per Annum,0,466.27,0,51.18,565.80
2024,827,DEPARTMENT OF SANITATION,1999-09-20T00:00:00.000,RICHMOND,SANITATION WORKER,CEASED,86178.00,per Annum,0,694.92,0,106.96,622.50
2024,827,DEPARTMENT OF SANITATION,2015-07-13T00:00:00.000,QUEENS,CITY ATTENDANT,ACTIVE,42054.00,per Annum,2080,40453.80,0,0.00,633.60
2024,827,DEPARTMENT OF SANITATION,2019-11-12T00:00:00.000,QUEENS,STEAM FITTER,ACTIVE,430.50,per Day,1820,111930.00,109.5,15867.00,861.00
2024,827,DEPARTMENT OF SANITATION,2020-02-10T00:00:00.000,BROOKLYN,CLERICAL ASSOCIATE,ACTIVE,47100.00,per Annum,1820,45482.61,0,0.00,944.94
2024,827,DEPARTMENT OF SANITATION,1987-03-02T00:00:00.000,MANHATTAN,SANITATION WORKER,CEASED,86178.00,per Annum,0,705.31,0,359.61,997.43
2024,827,DEPARTMENT OF SANITATION,2021-08-09T00:00:00.000,BROOKLYN,SANITATION WORKER,ACTIVE,51388.00,per Annum,2080,49063.89,8,407.19,1000.00
2024,827,DEPARTMENT OF SANITATION,2023-09-18T00:00:00.000,QUEENS,SANITATION WORKER,CEASED,41942.00,per Annum,520,10116.60,8,408.53,1024.80
2024,827,DEPARTMENT OF SANITATION,2022-09-19T00:00:00.000,BROOKLYN,SANITATION WORKER,ACTIVE,48069.00,per Annum,2080,46558.19,77,3021.23,1199.27
2024,827,DEPARTMENT OF SANITATION,1998-05-20T00:00:00.000,QUEENS,COMMUNITY ASSOCIATE,ACTIVE,50079.00,per Annum,1820,48336.13,0,0.00,1846.97
2024,827,DEPARTMENT OF SANITATION,2021-09-13T00:00:00.000,BRONX,SANITATION WORKER,ACTIVE,51388.00,per Annum,2080,48761.24,104,5058.24,1865.76
2024,827,DEPARTMENT OF SANITATION,2023-09-18T00:00:00.000,MANHATTAN,SANITATION WORKER,ACTIVE,46975.00,per Annum,1600,33526.60,70.5,3212.22,1988.45
2024,827,DEPARTMENT OF SANITATION,2016-09-12T00:00:00.000,QUEENS,COMPUTER SYSTEMS MANAGER,ACTIVE,112177.00,per Annum,1820,107908.96,6,357.66,2455.52
2024,827,DEPARTMENT OF SANITATION,1999-03-15T00:00:00.000,BROOKLYN,SANITATION WORKER,CEASED,86178.00,per Annum,0,-675.36,0,243.10,2603.60
2024,827,DEPARTMENT OF SANITATION,2005-10-17T00:00:00.000,BROOKLYN,SANITATION WORKER,CEASED,86178.00,per Annum,256,12945.91,28,2796.19,2703.39
2024,827,DEPARTMENT OF SANITATION,2023-01-23T00:00:00.000,MANHATTAN,ASSISTANT COMMISSIONER,ACTIVE,182879.00,per Annum,1820,177579.25,0,0.00,3000.00
2024,827,DEPARTMENT OF SANITATION,2022-08-01T00:00:00.000,MANHATTAN,ADMINISTRATIVE STAFF ANALYST,ACTIVE,196119.00,per Annum,1820,187737.75,0,0.00,3000.00
2024,827,DEPARTMENT OF SANITATION,2014-10-27T00:00:00.000,MANHATTAN,COMPUTER SYSTEMS MANAGER,ACTIVE,199460.00,per Annum,1820,207649.69,0,0.00,3000.00
2024,827,DEPARTMENT OF SANITATION,2022-08-15T00:00:00.000,MANHATTAN,EXECUTIVE AGENCY COUNSEL,ACTIVE,246085.00,per Annum,1820,238621.98,0,0.00,3000.00
2024,827,DEPARTMENT OF SANITATION,2022-08-15T00:00:00.000,BROOKLYN,SANITATION WORKER,CEASED,45496.00,per Annum,920,20732.86,49,2283.87,3064.35
2024,827,DEPARTMENT OF SANITATION,2000-09-05T00:00:00.000,QUEENS,AUTO MECHANIC,CEASED,379.36,per Day,1312,71532.80,0,1202.93,3167.98
2024,827,DEPARTMENT OF SANITATION,2004-04-12T00:00:00.000,MANHATTAN,PROCUREMENT ANALYST,ACTIVE,52046.00,per Annum,1820,53077.04,0,0.00,3493.20
2024,827,DEPARTMENT OF SANITATION,2004-10-04T00:00:00.000,QUEENS,SANITATION WORKER,CEASED,88979.00,per Annum,1392,54213.97,0,2.62,3558.82
2024,827,DEPARTMENT OF SANITATION,2022-09-19T00:00:00.000,BRONX,SANITATION WORKER,ACTIVE,48069.00,per Annum,2040,46999.32,72.5,3879.53,3729.94
2024,827,DEPARTMENT OF SANITATION,2016-08-22T00:00:00.000,BROOKLYN,SANITATION WORKER,ACTIVE,88979.00,per Annum,2080,79927.36,49,3577.76,3737.67
2024,827,DEPARTMENT OF SANITATION,2015-09-07T00:00:00.000,BROOKLYN,SANITATION WORKER,ACTIVE,88979.00,per Annum,2080,84558.20,8,703.98,3746.99
2024,827,DEPARTMENT OF SANITATION,2023-09-18T00:00:00.000,MANHATTAN,SANITATION WORKER,ACTIVE,46975.00,per Annum,1600,33787.74,81,3434.08,3784.75
2024,827,DEPARTMENT OF SANITATION,2018-09-17T00:00:00.000,QUEENS,SANITATION WORKER,ACTIVE,88979.00,per Annum,2080,77312.56,453,28274.51,3799.09
2024,827,DEPARTMENT OF SANITATION,2006-03-27T00:00:00.000,BROOKLYN,AUTO MECHANIC,CEASED,379.36,per Day,1520,75685.09,0,1361.24,4016.03
2024,827,DEPARTMENT OF SANITATION,2024-02-14T00:00:00.000,MANHATTAN,CITY SEASONAL AIDE,CEASED,18.00,per Hour,7.5,135.00,0,0.00,0.00
2024,827,DEPARTMENT OF SANITATION,2024-02-14T00:00:00.000,MANHATTAN,CITY SEASONAL AIDE,CEASED,18.00,per Hour,7.5,135.00,0,0.00,0.00
2024,827,DEPARTMENT OF SANITATION,2019-04-22T00:00:00.000,MANHATTAN,SUPERVISOR,ACTIVE,104021.00,per Annum,2080,91670.08,265.75,19392.24,5772.37
2024,827,DEPARTMENT OF SANITATION,2015-09-07T00:00:00.000,BROOKLYN,SANITATION WORKER,ACTIVE,88979.00,per Annum,2080,67752.42,113,10798.48,5715.00
2024,827,DEPARTMENT OF SANITATION,2017-06-05T00:00:00.000,MANHATTAN,ASSOCIATE STAFF ANALYST,ACTIVE,97605.00,per Annum,1820,95836.39,87.25,5703.85,5612.13
2024,827,DEPARTMENT OF SANITATION,2023-07-10T00:00:00.000,BROOKLYN,SANITATION WORKER,ACTIVE,46975.00,per Annum,2000,42505.56,150,6653.55,5591.56
2024,827,DEPARTMENT OF SANITATION,2004-04-12T00:00:00.000,RICHMOND,SANITATION WORKER,ACTIVE,88979.00,per Annum,2080,88520.51,-8,-590.64,5583.34
2024,827,DEPARTMENT OF SANITATION,2014-07-07T00:00:00.000,QUEENS,MACHINIST,ACTIVE,390.72,per Day,2080,107954.40,4,284.52,5528.63
2024,827,DEPARTMENT OF SANITATION,2015-09-08T00:00:00.000,MANHATTAN,COMPUTER SPECIALIST,ACTIVE,128010.00,per Annum,1820,123615.05,0,0.00,5511.24
2024,827,DEPARTMENT OF SANITATION,2023-08-14T00:00:00.000,MANHATTAN,SANITATION WORKER,ACTIVE,46975.00,per Annum,1800,38136.61,95.75,4314.83,5461.60
2024,827,DEPARTMENT OF SANITATION,2017-08-14T00:00:00.000,BROOKLYN,SANITATION WORKER,ACTIVE,88979.00,per Annum,2080,86084.87,210,19558.97,5363.45
2024,827,DEPARTMENT OF SANITATION,2023-07-10T00:00:00.000,MANHATTAN,SANITATION WORKER,ACTIVE,46975.00,per Annum,2000,42505.56,175,7703.57,5266.54
2024,827,DEPARTMENT OF SANITATION,2013-12-30T00:00:00.000,MANHATTAN,EXECUTIVE AGENCY COUNSEL,ACTIVE,159969.00,per Annum,1820,161755.67,0,0.00,5141.81
2024,827,DEPARTMENT OF SANITATION,2007-11-07T00:00:00.000,QUEENS,SANITATION WORKER,ACTIVE,88979.00,per Annum,2080,85568.33,135,12735.89,5137.93
2024,827,DEPARTMENT OF SANITATION,2015-10-05T00:00:00.000,QUEENS,SANITATION WORKER,ACTIVE,88979.00,per Annum,2080,88541.29,68,4997.59,5045.52
2024,827,DEPARTMENT OF SANITATION,2021-07-26T00:00:00.000,MANHATTAN,SANITATION WORKER,ACTIVE,51388.00,per Annum,2080,49093.89,89,4522.53,5034.10
2024,827,DEPARTMENT OF SANITATION,2022-07-11T00:00:00.000,BROOKLYN,SANITATION WORKER,ACTIVE,48069.00,per Annum,2080,47072.26,188,8747.94,5021.58
2024,827,DEPARTMENT OF SANITATION,2005-04-04T00:00:00.000,QUEENS,AUTO MECHANIC,ACTIVE,390.72,per Day,2080,107954.40,12,1201.88,4908.31
2024,827,DEPARTMENT OF SANITATION,2012-10-22T00:00:00.000,BRONX,SANITATION WORKER,ACTIVE,88979.00,per Annum,2080,88055.83,193.75,17364.19,4886.82
2024,827,DEPARTMENT OF SANITATION,2023-09-18T00:00:00.000,MANHATTAN,SANITATION WORKER,ACTIVE,46975.00,per Annum,1600,33787.74,84,3709.08,4862.57
2024,827,DEPARTMENT OF SANITATION,2022-11-28T00:00:00.000,BRONX,SANITATION WORKER,ACTIVE,48069.00,per Annum,2080,46244.17,9.25,1324.60,4793.31
2024,827,DEPARTMENT OF SANITATION,2019-09-23T00:00:00.000,QUEENS,SANITATION WORKER,ACTIVE,73616.00,per Annum,2080,61233.51,220.08,12695.28,4547.18
2024,827,DEPARTMENT OF SANITATION,2022-08-15T00:00:00.000,MANHATTAN,SANITATION WORKER,ACTIVE,48069.00,per Annum,2080,47118.04,61.5,3576.92,4445.19
2024,827,DEPARTMENT OF SANITATION,2011-11-14T00:00:00.000,QUEENS,SANITATION WORKER,ACTIVE,88979.00,per Annum,2080,88211.11,179,16713.43,4440.71
2024,827,DEPARTMENT OF SANITATION,2014-03-03T00:00:00.000,QUEENS,AUTO MECHANIC,ACTIVE,390.72,per Day,2080,107758.12,0,7.80,4435.10
2024,827,DEPARTMENT OF SANITATION,2014-09-15T00:00:00.000,MANHATTAN,SANITATION WORKER,CEASED,65409.00,per Annum,0,-919.84,0,-194.45,-26.74
2024,827,DEPARTMENT OF SANITATION,2024-02-14T00:00:00.000,MANHATTAN,CITY SEASONAL AIDE,CEASED,18.00,per Hour,7,126.00,0,0.00,0.00
2024,827,DEPARTMENT OF SANITATION,2024-02-14T00:00:00.000,MANHATTAN,CITY SEASONAL AIDE,CEASED,18.00,per Hour,7,126.00,0,0.00,0.00
2024,827,DEPARTMENT OF SANITATION,2023-07-10T00:00:00.000,BRONX,SANITATION WORKER,CEASED,46975.00,per Annum,1416,29006.34,83.67,3774.25,6119.68
2024,827,DEPARTMENT OF SANITATION,1987-07-06T00:00:00.000,BROOKLYN,SANITATION WORKER,CEASED,88979.00,per Annum,1800,76609.23,36,3648.61,6078.34
2024,841,DEPARTMENT OF TRANSPORTATION,2017-11-13T00:00:00.000,BROOKLYN,MOTOR GRADER OPERATOR,ACTIVE,560.33,per Day,2080,173425.45,63,43331.97,81087.42
2024,841,DEPARTMENT OF TRANSPORTATION,2007-04-09T00:00:00.000,BROOKLYN,GASOLINE ROLLER ENGINEER-L15,ACTIVE,536.67,per Day,2080,139534.20,0,19822.72,66045.18
2024,841,DEPARTMENT OF TRANSPORTATION,1997-02-09T00:00:00.000,RICHMOND,CAPTAIN,ACTIVE,169521.00,per Annum,1960,223047.78,449.5,102850.60,51875.41
2024,841,DEPARTMENT OF TRANSPORTATION,2009-11-02T00:00:00.000,RICHMOND,CAPTAIN,ACTIVE,169521.00,per Annum,1960,223047.78,290,77066.80,43842.30
2024,841,DEPARTMENT OF TRANSPORTATION,2005-03-27T00:00:00.000,RICHMOND,MATE,ACTIVE,116980.00,per Annum,1960,166904.57,792,127332.60,38822.26
2024,841,DEPARTMENT OF TRANSPORTATION,2012-03-19T00:00:00.000,RICHMOND,HIGHWAY REPAIRER,ACTIVE,428.40,per Day,1984,115885.65,156,13394.64,4239.77
2024,841,DEPARTMENT OF TRANSPORTATION,1985-06-24T00:00:00.000,BROOKLYN,HIGHWAY REPAIRER,ACTIVE,428.40,per Day,2080,120880.59,80,6961.17,4262.26
2024,841,DEPARTMENT OF TRANSPORTATION,2022-05-16T00:00:00.000,QUEENS,ASSISTANT CITY HIGHWAY REPAIRER,ACTIVE,29.43,per Hour,1494.77,37607.44,33.5,1280.28,4323.84
2024,841,DEPARTMENT OF TRANSPORTATION,2019-01-28T00:00:00.000,MANHATTAN,CITY PLANNER,ACTIVE,44.49,per Hour,1729.35,75078.13,13.5,611.94,4340.47
2024,841,DEPARTMENT OF TRANSPORTATION,1998-08-09T00:00:00.000,QUEENS,SUPERVISOR PAINTER,ACTIVE,405.30,per Day,1820,110025.30,646.75,57567.93,4349.86
2024,841,DEPARTMENT OF TRANSPORTATION,2017-10-02T00:00:00.000,BROOKLYN,HIGHWAYS AND SEWERS INSPECTOR,ACTIVE,57500.00,per Annum,2080,55838.70,441.75,18191.25,4356.74
2024,841,DEPARTMENT OF TRANSPORTATION,1992-10-13T00:00:00.000,MANHATTAN,ADM MANAGER-NON-MGRL,ACTIVE,83435.00,per Annum,1323,64063.51,0,0.00,4367.59
2024,841,DEPARTMENT OF TRANSPORTATION,1993-03-08T00:00:00.000,RICHMOND,HIGHWAY REPAIRER,ON SEPARATION LEAVE,428.40,per Day,2080,120869.15,249,22479.21,4395.65
2024,841,DEPARTMENT OF TRANSPORTATION,2019-12-30T00:00:00.000,BROOKLYN,TRAFFIC DEVICE MAINTAINER,ACTIVE,72515.00,per Annum,1914.28,64439.88,209.25,10818.70,4484.36
2024,841,DEPARTMENT OF TRANSPORTATION,2019-08-26T00:00:00.000,BRONX,ASSISTANT CITY HIGHWAY REPAIRER,ACTIVE,29.43,per Hour,1496,42740.72,120.5,5226.84,4486.17
2024,841,DEPARTMENT OF TRANSPORTATION,2019-08-19T00:00:00.000,BROOKLYN,ASSISTANT CITY HIGHWAY REPAIRER,ACTIVE,29.43,per Hour,1496,42740.72,76,3259.84,4498.07
2024,841,DEPARTMENT OF TRANSPORTATION,2008-02-04T00:00:00.000,MANHATTAN,ASSOCIATE INSPECTOR,ON LEAVE,74000.00,per Annum,2080,72966.11,134,7332.76,4587.26
2024,841,DEPARTMENT OF TRANSPORTATION,2011-10-17T00:00:00.000,RICHMOND,DECKHAND,ACTIVE,59253.00,per Annum,1664,58935.02,561.5,33846.25,4620.01
2024,841,DEPARTMENT OF TRANSPORTATION,2019-08-26T00:00:00.000,RICHMOND,SUPERVISING SPECIAL OFFICER,ACTIVE,68099.00,per Annum,2080,70227.27,382.75,19375.91,8482.15
2024,841,DEPARTMENT OF TRANSPORTATION,1999-06-20T00:00:00.000,MANHATTAN,PRINCIPAL ADMINISTRATIVE ASSOCIATE -  NON SUPVR,ACTIVE,44.06,per Hour,1736,73851.96,14.6,1231.56,8510.00
2024,841,DEPARTMENT OF TRANSPORTATION,2006-01-03T00:00:00.000,MANHATTAN,TRANSPORTATION SPECIALIST,ACTIVE,107108.00,per Annum,1820,103289.64,0,0.00,8559.98
2024,841,DEPARTMENT OF TRANSPORTATION,2021-07-06T00:00:00.000,RICHMOND,ASSISTANT CITY HIGHWAY REPAIRER,CEASED,28.57,per Hour,1024,28778.24,0,0.00,8607.09
2024,841,DEPARTMENT OF TRANSPORTATION,2006-06-26T00:00:00.000,MANHATTAN,ADMINISTRATIVE STAFF ANALYST,ACTIVE,129173.00,per Annum,1820,131847.25,401.5,35038.84,8638.87
2024,841,DEPARTMENT OF TRANSPORTATION,2007-04-02T00:00:00.000,MANHATTAN,PRINCIPAL ADMINISTRATIVE ASSOCIATE -  NON SUPVR,ACTIVE,78441.00,per Annum,1820,80902.82,0,0.00,8769.66
2024,841,DEPARTMENT OF TRANSPORTATION,2023-05-30T00:00:00.000,QUEENS,ASSISTANT CITY HIGHWAY REPAIRER,ACTIVE,25.59,per Hour,1488,36961.92,109,4164.43,8782.53
2024,841,DEPARTMENT OF TRANSPORTATION,2013-08-18T00:00:00.000,QUEENS,ASSISTANT ELECTRICAL ENGINEER,ACTIVE,77572.00,per Annum,1820,74963.00,349.5,18203.72,8941.40
2024,841,DEPARTMENT OF TRANSPORTATION,2005-06-26T00:00:00.000,BROOKLYN,SUPERVISOR HIGHWAY REPAIRER,ACTIVE,449.84,per Day,2080,120053.68,300.5,28022.30,9189.08
2024,841,DEPARTMENT OF TRANSPORTATION,2012-12-30T00:00:00.000,QUEENS,ASSOCIATE OPERATIONS COMMUNICATIONS SPECIALIST,ACTIVE,66667.00,per Annum,1820,64377.61,145,5827.55,10075.08
2024,841,DEPARTMENT OF TRANSPORTATION,2004-06-01T00:00:00.000,RICHMOND,MATE,ACTIVE,116980.00,per Annum,1960,146574.85,277,72524.03,30502.93
2024,841,DEPARTMENT OF TRANSPORTATION,2018-11-13T00:00:00.000,MANHATTAN,TRACTOR OPERATOR,ACTIVE,70.04,per Hour,1496,123092.64,202,34223.01,28269.20
2024,841,DEPARTMENT OF TRANSPORTATION,1990-10-15T00:00:00.000,MANHATTAN,HIGHWAY REPAIRER,ACTIVE,428.40,per Day,2080,120880.59,176.5,16664.78,24308.12
2024,841,DEPARTMENT OF TRANSPORTATION,2015-06-29T00:00:00.000,BRONX,GASOLINE ROLLER ENGINEER-L15,ACTIVE,67.08,per Hour,1496,100351.68,0,21130.20,20023.38
2024,841,DEPARTMENT OF TRANSPORTATION,2022-04-25T00:00:00.000,QUEENS,GASOLINE ROLLER ENGINEER-L15,ACTIVE,67.08,per Hour,1495.12,100292.42,0,17960.67,18886.94
2024,841,DEPARTMENT OF TRANSPORTATION,2012-03-19T00:00:00.000,RICHMOND,HIGHWAY REPAIRER,ACTIVE,428.40,per Day,2080,120869.15,248,22703.06,18726.72
2024,841,DEPARTMENT OF TRANSPORTATION,2006-01-16T00:00:00.000,RICHMOND,MATE,CEASED,65271.00,per Annum,0,2990.82,0,901.51,18276.47
2024,841,DEPARTMENT OF TRANSPORTATION,2000-09-10T00:00:00.000,MANHATTAN,BRIDGE OPERATOR,ACTIVE,50395.00,per Annum,2080,51987.87,557.75,24612.84,17880.09
2024,841,DEPARTMENT OF TRANSPORTATION,2003-03-16T00:00:00.000,MANHATTAN,BRIDGE OPERATOR,ACTIVE,50341.00,per Annum,2080,51932.45,553.25,25233.76,17596.53
2024,841,DEPARTMENT OF TRANSPORTATION,2008-11-17T00:00:00.000,RICHMOND,MATE,CEASED,73105.00,per Annum,0,59404.32,0,25182.40,17587.96
2024,841,DEPARTMENT OF TRANSPORTATION,2016-08-01T00:00:00.000,RICHMOND,MATE,ACTIVE,116980.00,per Annum,1960,163913.75,451.5,78245.95,17411.87
2024,841,DEPARTMENT OF TRANSPORTATION,2021-11-29T00:00:00.000,MANHATTAN,BRIDGE OPERATOR,ACTIVE,50294.00,per Annum,2080,51153.04,559.75,24237.31,16730.45
2024,841,DEPARTMENT OF TRANSPORTATION,2016-08-15T00:00:00.000,BROOKLYN,MOTOR GRADER OPERATOR,ACTIVE,560.33,per Day,1840,149000.82,40,16061.61,16541.89
2024,841,DEPARTMENT OF TRANSPORTATION,2012-02-21T00:00:00.000,MANHATTAN,BRIDGE OPERATOR,ACTIVE,57527.00,per Annum,2080,59325.09,0,16.95,15713.27
2024,841,DEPARTMENT OF TRANSPORTATION,2005-04-24T00:00:00.000,QUEENS,SUPERVISOR OF ELECTRICAL INSTALLATIONS & MAINTENANCE,ACTIVE,94862.00,per Annum,1820,91464.47,895,69199.62,13989.57
2024,841,DEPARTMENT OF TRANSPORTATION,2006-05-15T00:00:00.000,QUEENS,SUPERVISOR OF TRAFFIC DEVICE MAINTAINERS LEVEL 1 ONLY,ACTIVE,69749.00,per Annum,2080,70425.89,795,45561.17,13575.55
2024,841,DEPARTMENT OF TRANSPORTATION,2000-08-13T00:00:00.000,MANHATTAN,SUPERVISOR HIGHWAY REPAIRER,ACTIVE,449.84,per Day,2080,127967.49,550.25,51980.81,13547.94
2024,841,DEPARTMENT OF TRANSPORTATION,2016-10-31T00:00:00.000,QUEENS,SUPERVISOR OF TRAFFIC DEVICE MAINTAINERS LEVEL 1 ONLY,ACTIVE,71927.00,per Annum,2080,73648.36,380.75,22739.62,13349.24
2024,841,DEPARTMENT OF TRANSPORTATION,2019-03-18T00:00:00.000,QUEENS,ASSISTANT CITY HIGHWAY REPAIRER,ACTIVE,61441.00,per Annum,1552,44313.55,222.33,9724.24,12861.20
2024,841,DEPARTMENT OF TRANSPORTATION,1994-10-17T00:00:00.000,QUEENS,ASSOCIATE STAFF ANALYST,ACTIVE,95137.00,per Annum,1820,101221.92,148,10140.73,12652.27
2024,841,DEPARTMENT OF TRANSPORTATION,2001-05-06T00:00:00.000,QUEENS,ADMINISTRATIVE ENGINEER,ACTIVE,103431.00,per Annum,1820,99951.27,290.5,20394.01,12286.56
2024,841,DEPARTMENT OF TRANSPORTATION,2001-05-20T00:00:00.000,MANHATTAN,PRINCIPAL ADMINISTRATIVE ASSOCIATE -  NON SUPVR,ACTIVE,49.23,per Hour,1735.97,88685.07,105.75,6681.10,12012.48
2024,841,DEPARTMENT OF TRANSPORTATION,2024-03-11T00:00:00.000,QUEENS,ASSISTANT CITY HIGHWAY REPAIRER,ACTIVE,61441.00,per Annum,1544,44084.99,32.5,1393.90,11446.45
2024,841,DEPARTMENT OF TRANSPORTATION,2019-03-11T00:00:00.000,QUEENS,ELECTRICIAN,ACTIVE,466.97,per Day,1820,119232.43,377.75,37084.83,11397.90
2024,841,DEPARTMENT OF TRANSPORTATION,2021-04-12T00:00:00.000,RICHMOND,SUPERVISING SPECIAL OFFICER,ACTIVE,68099.00,per Annum,2080,70989.03,383.75,19443.91,11290.70
2024,841,DEPARTMENT OF TRANSPORTATION,2019-03-18T00:00:00.000,BROOKLYN,ASSISTANT CITY HIGHWAY REPAIRER,ACTIVE,61441.00,per Annum,1544,44084.99,32,1404.65,11082.17
2024,841,DEPARTMENT OF TRANSPORTATION,2007-06-25T00:00:00.000,QUEENS,ASSOCIATE PROJECT MANAGER,ACTIVE,104851.00,per Annum,1820,101158.21,16.75,1023.38,10771.59
2024,841,DEPARTMENT OF TRANSPORTATION,2021-06-28T00:00:00.000,QUEENS,ASSISTANT CITY HIGHWAY REPAIRER,ACTIVE,29.43,per Hour,1496,42412.48,19.5,816.20,10389.96
2024,841,DEPARTMENT OF TRANSPORTATION,1995-04-24T00:00:00.000,RICHMOND,CHIEF MARINE ENGINEER,ACTIVE,169520.00,per Annum,1960,476233.66,714.5,423152.07,659913.11
2024,841,DEPARTMENT OF TRANSPORTATION,2006-03-13T00:00:00.000,RICHMOND,CHIEF MARINE ENGINEER,ACTIVE,169520.00,per Annum,1770,467340.32,248.5,188724.28,652844.64
2024,841,DEPARTMENT OF TRANSPORTATION,2008-06-29T00:00:00.000,MANHATTAN,CIVIL ENGINEER,ACTIVE,121743.00,per Annum,1820,117470.13,75.5,6552.09,6396.47
2024,841,DEPARTMENT OF TRANSPORTATION,2018-03-12T00:00:00.000,RICHMOND,MARINE ENGINEER,ACTIVE,136110.00,per Annum,1960,121567.01,573.75,59916.43,6377.32
2024,841,DEPARTMENT OF TRANSPORTATION,2023-08-28T00:00:00.000,RICHMOND,MACHINIST,ACTIVE,335.68,per Day,1680,67139.52,850.75,51988.58,6318.84
2024,841,DEPARTMENT OF TRANSPORTATION,2016-09-12T00:00:00.000,QUEENS,SUPERVISOR OF ELECTRICAL INSTALLATIONS & MAINTENANCE,ACTIVE,87748.00,per Annum,1820,84690.02,1215.5,82899.84,6294.71
2024,841,DEPARTMENT OF TRANSPORTATION,2023-08-21T00:00:00.000,QUEENS,ELECTRICIAN,ACTIVE,466.97,per Day,1470,96218.95,133.25,13076.18,6179.99
2024,841,DEPARTMENT OF TRANSPORTATION,2014-05-18T00:00:00.000,QUEENS,PRINCIPAL ADMINISTRATIVE ASSOCIATE -  NON SUPVR,ACTIVE,66672.00,per Annum,1820,68527.82,0,14.84,6169.75
2024,841,DEPARTMENT OF TRANSPORTATION,2008-10-20T00:00:00.000,RICHMOND,SUPERVISOR OF MECHANICS,ACTIVE,136407.00,per Annum,2080,153057.35,250,28915.48,6154.57
2024,841,DEPARTMENT OF TRANSPORTATION,2019-03-25T00:00:00.000,BROOKLYN,ASSISTANT CITY HIGHWAY REPAIRER,ACTIVE,61441.00,per Annum,1544,40206.10,32,1002.11,6123.98
2024,841,DEPARTMENT OF TRANSPORTATION,1997-11-30T00:00:00.000,QUEENS,ADM MANAGER-NON-MGRL,ACTIVE,118921.00,per Annum,1820,123299.62,353.5,30287.61,6013.27
2024,841,DEPARTMENT OF TRANSPORTATION,2017-07-17T00:00:00.000,QUEENS,ASSISTANT CITY HIGHWAY REPAIRER,ACTIVE,61441.00,per Annum,2080,59330.79,333.58,15597.89,5994.15
2024,841,DEPARTMENT OF TRANSPORTATION,2003-03-09T00:00:00.000,QUEENS,AUTO MECHANIC,ACTIVE,390.72,per Day,2080,107954.40,266.5,21296.47,5959.68
2024,841,DEPARTMENT OF TRANSPORTATION,1983-12-02T00:00:00.000,MANHATTAN,ADM MANAGER-NON-MGRL,ACTIVE,131228.00,per Annum,1820,135520.35,25.75,2381.18,5865.36
2024,841,DEPARTMENT OF TRANSPORTATION,1997-04-28T00:00:00.000,MANHATTAN,ADMINISTRATIVE PROJECT MANAGER,ACTIVE,115586.00,per Annum,1820,111616.70,276.5,22634.79,5856.04
2024,841,DEPARTMENT OF TRANSPORTATION,2009-06-01T00:00:00.000,QUEENS,TRAFFIC DEVICE MAINTAINER,ACTIVE,75459.00,per Annum,2080,72867.72,403.75,22495.45,5799.53
2024,841,DEPARTMENT OF TRANSPORTATION,2012-06-11T00:00:00.000,QUEENS,TRAFFIC DEVICE MAINTAINER,ACTIVE,75459.00,per Annum,1592,55773.63,91,5204.84,5766.72
2024,841,DEPARTMENT OF TRANSPORTATION,2007-07-30T00:00:00.000,QUEENS,ADMINISTRATIVE STAFF ANALYST,ACTIVE,110103.00,per Annum,1820,116655.45,183,13331.29,5752.31
2024,841,DEPARTMENT OF TRANSPORTATION,2022-05-16T00:00:00.000,QUEENS,ASSISTANT CITY HIGHWAY REPAIRER,ACTIVE,29.43,per Hour,1488,37439.36,102,3917.32,4932.80
2024,841,DEPARTMENT OF TRANSPORTATION,2023-09-05T00:00:00.000,BRONX,ASSISTANT CITY HIGHWAY REPAIRER,ACTIVE,25.59,per Hour,1029.25,25569.13,153.5,5824.34,4899.94
2024,841,DEPARTMENT OF TRANSPORTATION,1992-11-09T00:00:00.000,QUEENS,ADM MANAGER-NON-MGRL,ACTIVE,101654.00,per Annum,1820,105402.64,169,10793.96,4890.30
2024,841,DEPARTMENT OF TRANSPORTATION,1993-03-01T00:00:00.000,MANHATTAN,ADM MANAGER-NON-MGRL,ACTIVE,87607.00,per Annum,1820,88828.43,0,0.00,4881.86
2024,841,DEPARTMENT OF TRANSPORTATION,1987-02-23T00:00:00.000,MANHATTAN,ADM MANAGER-NON-MGRL,ACTIVE,102785.00,per Annum,1820,106505.93,27.5,1723.86,4877.44
2024,841,DEPARTMENT OF TRANSPORTATION,2019-11-11T00:00:00.000,MANHATTAN,PRINCIPAL ADMINISTRATIVE ASSOCIATE -  NON SUPVR,ACTIVE,59648.00,per Annum,1820,61073.15,0,0.00,4854.87
2024,841,DEPARTMENT OF TRANSPORTATION,2003-10-07T00:00:00.000,RICHMOND,HIGHWAY REPAIRER,ACTIVE,428.40,per Day,2080,120880.59,318.5,27693.10,4794.25
2024,841,DEPARTMENT OF TRANSPORTATION,2016-03-14T00:00:00.000,BROOKLYN,HIGHWAY REPAIRER,ACTIVE,428.40,per Day,2080,73346.68,112.5,4877.56,7944.81
2024,841,DEPARTMENT OF TRANSPORTATION,2018-07-16T00:00:00.000,QUEENS,TRANSPORTATION SPECIALIST,CEASED,93807.00,per Annum,385,25660.57,76.75,7523.42,7950.24
2024,841,DEPARTMENT OF TRANSPORTATION,2020-02-03T00:00:00.000,QUEENS,ASSISTANT CITY HIGHWAY REPAIRER,ACTIVE,29.43,per Hour,1496,42740.72,190,8273.09,8095.80
2024,841,DEPARTMENT OF TRANSPORTATION,2014-04-14T00:00:00.000,QUEENS,SUPERVISOR HIGHWAY REPAIRER,ACTIVE,449.84,per Day,2080,121975.23,301,27292.75,8182.09
2024,841,DEPARTMENT OF TRANSPORTATION,2021-06-28T00:00:00.000,BROOKLYN,ASSISTANT CITY HIGHWAY REPAIRER,ACTIVE,29.43,per Hour,1496,42412.48,98,4510.53,8237.17
2024,841,DEPARTMENT OF TRANSPORTATION,2013-06-30T00:00:00.000,BROOKLYN,HIGHWAY REPAIRER,ACTIVE,428.40,per Day,2080,117685.93,576.75,49709.44,8269.95
2024,841,DEPARTMENT OF TRANSPORTATION,2000-06-18T00:00:00.000,QUEENS,AREA SUPERVISOR,ACTIVE,122086.00,per Annum,2080,124661.74,582.5,55788.26,8362.69
2024,841,DEPARTMENT OF TRANSPORTATION,1989-04-10T00:00:00.000,QUEENS,AREA SUPERVISOR,ACTIVE,129386.00,per Annum,2080,124919.86,606.5,56949.28,8416.85
2024,841,DEPARTMENT OF TRANSPORTATION,2012-12-17T00:00:00.000,MANHATTAN,COMPUTER SYSTEMS MANAGER,ACTIVE,169476.00,per Annum,1820,164460.29,65.25,6961.43,5706.70
2024,841,DEPARTMENT OF TRANSPORTATION,2017-01-30T00:00:00.000,RICHMOND,DECKHAND,ACTIVE,59253.00,per Annum,1664,58935.02,573,32777.58,5633.87
2024,841,DEPARTMENT OF TRANSPORTATION,2017-08-28T00:00:00.000,QUEENS,TRAFFIC DEVICE MAINTAINER,ACTIVE,75459.00,per Annum,2080,70025.11,439.25,22573.20,5609.59
2024,841,DEPARTMENT OF TRANSPORTATION,1977-07-14T00:00:00.000,MANHATTAN,SECRETARY,ACTIVE,70832.00,per Annum,1820,68377.07,0,0.00,5523.20
2024,841,DEPARTMENT OF TRANSPORTATION,2012-12-10T00:00:00.000,QUEENS,HIGHWAY REPAIRER,ACTIVE,428.40,per Day,2080,117685.93,410.5,35129.72,5522.96
2024,841,DEPARTMENT OF TRANSPORTATION,2017-04-03T00:00:00.000,MANHATTAN,CERTIFIED IT DEVELOPER,ACTIVE,133702.00,per Annum,1820,129111.22,28,2074.24,5519.49
2024,841,DEPARTMENT OF TRANSPORTATION,2018-08-27T00:00:00.000,MANHATTAN,ADM MANAGER-NON-MGRL,ACTIVE,108449.00,per Annum,1820,112444.87,38.25,2625.92,5419.41
2024,841,DEPARTMENT OF TRANSPORTATION,2021-12-06T00:00:00.000,MANHATTAN,STAFF ANALYST,ACTIVE,82474.00,per Annum,1820,86597.02,27.5,1351.02,5335.51
2024,841,DEPARTMENT OF TRANSPORTATION,2021-07-06T00:00:00.000,QUEENS,GASOLINE ROLLER ENGINEER-L15,ACTIVE,67.08,per Hour,1488,42034.72,8.5,341.89,5325.74
2024,841,DEPARTMENT OF TRANSPORTATION,2017-11-06T00:00:00.000,QUEENS,AUTO MECHANIC,ACTIVE,390.72,per Day,2080,107954.40,219.5,17339.35,5275.43
2024,841,DEPARTMENT OF TRANSPORTATION,2005-06-26T00:00:00.000,RICHMOND,HIGHWAY REPAIRER,ACTIVE,428.40,per Day,2080,120880.59,347,30447.95,5272.56
2024,841,DEPARTMENT OF TRANSPORTATION,2001-04-01T00:00:00.000,MANHATTAN,COMMUNITY COORDINATOR,ACTIVE,46.50,per Hour,1736,78345.68,0,0.00,5192.32
2024,841,DEPARTMENT OF TRANSPORTATION,2015-10-13T00:00:00.000,BROOKLYN,AUTO MECHANIC,ACTIVE,390.72,per Day,2080,107954.40,40,3127.62,5163.73
2024,841,DEPARTMENT OF TRANSPORTATION,2009-07-06T00:00:00.000,RICHMOND,DECKHAND,ACTIVE,59253.00,per Annum,1664,58935.02,732.75,43186.71,5158.28
2024,841,DEPARTMENT OF TRANSPORTATION,2005-03-20T00:00:00.000,QUEENS,AUTO MECHANIC,ACTIVE,390.72,per Day,2080,107954.40,210.5,16613.28,5151.70
2024,841,DEPARTMENT OF TRANSPORTATION,1988-06-06T00:00:00.000,MANHATTAN,SECRETARY,ACTIVE,53894.00,per Annum,1820,48147.05,0,0.00,5111.98
2024,841,DEPARTMENT OF TRANSPORTATION,2014-06-16T00:00:00.000,RICHMOND,MARINE OILER,ACTIVE,61555.00,per Annum,1664,61224.55,823.25,50192.40,7582.53
2024,841,DEPARTMENT OF TRANSPORTATION,1997-02-18T00:00:00.000,QUEENS,TRAFFIC DEVICE MAINTAINER,ACTIVE,75558.00,per Annum,2080,72940.52,587,33051.98,7154.37
2024,841,DEPARTMENT OF TRANSPORTATION,2023-06-20T00:00:00.000,QUEENS,TRACTOR OPERATOR,ACTIVE,70.04,per Hour,1456,99901.44,412,56590.96,7103.84
2024,841,DEPARTMENT OF TRANSPORTATION,2001-11-13T00:00:00.000,MANHATTAN,CLERICAL ASSOCIATE,ACTIVE,61385.00,per Annum,1820,59254.33,201.75,8824.98,7098.97
2024,841,DEPARTMENT OF TRANSPORTATION,2002-04-28T00:00:00.000,QUEENS,CITY PARKING EQUIPMENT SERVICE WORKER,ACTIVE,62417.00,per Annum,2080,60250.76,200.75,9697.36,7033.90
2024,841,DEPARTMENT OF TRANSPORTATION,2004-12-14T00:00:00.000,MANHATTAN,ASSISTANT TRANSPORTATION SPECIALIST,ACTIVE,63895.00,per Annum,1820,61678.29,250,9640.75,6994.04
2024,841,DEPARTMENT OF TRANSPORTATION,2008-03-17T00:00:00.000,BRONX,HIGHWAY REPAIRER,ACTIVE,428.40,per Day,2080,120880.59,433.5,37986.57,6965.16
2024,841,DEPARTMENT OF TRANSPORTATION,2016-04-25T00:00:00.000,MANHATTAN,COMPUTER SPECIALIST,ACTIVE,116678.00,per Annum,1820,112671.89,54.5,3674.66,6872.68
2024,841,DEPARTMENT OF TRANSPORTATION,2007-10-15T00:00:00.000,MANHATTAN,CERTIFIED IT ADMINISTRATOR,ACTIVE,116678.00,per Annum,1820,110775.28,395.75,37040.98,6783.16
2024,841,DEPARTMENT OF TRANSPORTATION,2001-04-08T00:00:00.000,MANHATTAN,ADM MANAGER-NON-MGRL,ACTIVE,99525.00,per Annum,1820,102759.23,196.25,14164.35,6768.76
2024,841,DEPARTMENT OF TRANSPORTATION,2019-03-18T00:00:00.000,BROOKLYN,ASSISTANT CITY HIGHWAY REPAIRER,ACTIVE,61441.00,per Annum,1511.9,43167.84,323,14574.87,6638.33
2024,841,DEPARTMENT OF TRANSPORTATION,2008-01-14T00:00:00.000,QUEENS,CITY PLANNER,ACTIVE,96628.00,per Annum,1820,92512.29,62.75,3478.29,6632.44
2024,841,DEPARTMENT OF TRANSPORTATION,2017-04-03T00:00:00.000,QUEENS,TRAFFIC DEVICE MAINTAINER,ACTIVE,75459.00,per Annum,2080,72867.72,415,22213.95,7690.92
2024,841,DEPARTMENT OF TRANSPORTATION,2019-12-09T00:00:00.000,MANHATTAN,PRINCIPAL ADMINISTRATIVE ASSOCIATE -  NON SUPVR,ACTIVE,83404.00,per Annum,1820,86298.56,0,0.00,7787.20
2024,841,DEPARTMENT OF TRANSPORTATION,2007-04-24T00:00:00.000,RICHMOND,HIGHWAY REPAIRER,ACTIVE,428.40,per Day,2080,114834.01,486.25,40465.99,6560.32
2024,841,DEPARTMENT OF TRANSPORTATION,2010-03-22T00:00:00.000,BROOKLYN,ELECTRICIAN,ACTIVE,466.97,per Day,1820,119232.43,1072.75,104128.15,6552.21
2024,841,DEPARTMENT OF TRANSPORTATION,2006-04-03T00:00:00.000,BROOKLYN,HIGHWAY REPAIRER,ACTIVE,428.40,per Day,2080,122811.24,132.75,11912.15,-11248.24
2024,841,DEPARTMENT OF TRANSPORTATION,2007-08-20T00:00:00.000,MANHATTAN,BRIDGE REPAIRER AND RIVETER,CEASED,400.40,per Day,0,-167.45,0,0.00,-1448.43
2024,841,DEPARTMENT OF TRANSPORTATION,2017-06-05T00:00:00.000,MANHATTAN,COMMUNITY ASSOCIATE,CEASED,57283.00,per Annum,0,58.77,0,0.00,0.00
2024,841,DEPARTMENT OF TRANSPORTATION,2023-02-06T00:00:00.000,QUEENS,GARDENER,CEASED,44712.00,per Annum,640,339.82,0,0.00,0.00
2024,841,DEPARTMENT OF TRANSPORTATION,2005-03-20T00:00:00.000,BROOKLYN,ELECTRICIAN,CEASED,357.60,per Day,0,613.63,0,0.00,0.00
2024,841,DEPARTMENT OF TRANSPORTATION,2024-06-10T00:00:00.000,MANHATTAN,APPRENTICE INSPECTOR,ACTIVE,33019.00,per Annum,40,631.51,0,0.00,0.00
2024,841,DEPARTMENT OF TRANSPORTATION,2024-06-03T00:00:00.000,MANHATTAN,COLLEGE AIDE,ACTIVE,20.90,per Hour,35,696.50,0,0.00,0.00
2024,841,DEPARTMENT OF TRANSPORTATION,2022-01-24T00:00:00.000,QUEENS,COLLEGE AIDE,CEASED,17.30,per Hour,147.42,2550.36,0,0.00,0.00
2024,841,DEPARTMENT OF TRANSPORTATION,2023-07-24T00:00:00.000,MANHATTAN,COLLEGE AIDE,CEASED,17.30,per Hour,254.08,4395.71,0,0.00,0.00
2024,841,DEPARTMENT OF TRANSPORTATION,2023-06-12T00:00:00.000,MANHATTAN,SUMMER COLLEGE INTERN,CEASED,17.30,per Hour,369.75,6396.72,0,0.00,0.00
2024,841,DEPARTMENT OF TRANSPORTATION,2023-06-05T00:00:00.000,MANHATTAN,COLLEGE AIDE,CEASED,17.30,per Hour,696.5,12049.45,0,0.00,0.00
2024,841,DEPARTMENT OF TRANSPORTATION,2021-11-08T00:00:00.000,QUEENS,COLLEGE AIDE,ACTIVE,18.30,per Hour,932.25,16128.08,0,0.00,0.00
2024,841,DEPARTMENT OF TRANSPORTATION,2023-07-17T00:00:00.000,MANHATTAN,COLLEGE AIDE - ASSIGNMENT LEVELS II AND III,ACTIVE,21.72,per Hour,781.63,16484.66,0,0.00,0.00
2024,841,DEPARTMENT OF TRANSPORTATION,2024-02-12T00:00:00.000,MANHATTAN,IT AUTOMATION AND MONITORING ENGINEER,ACTIVE,133900.00,per Annum,630,44754.12,0,0.00,0.00
2024,841,DEPARTMENT OF TRANSPORTATION,2023-07-10T00:00:00.000,MANHATTAN,ASSISTANT CIVIL ENGINEER,ACTIVE,88723.00,per Annum,1715,80725.79,0,0.00,0.00
2024,841,DEPARTMENT OF TRANSPORTATION,2022-02-07T00:00:00.000,MANHATTAN,COMMUNITY COORDINATOR,ACTIVE,84872.00,per Annum,1820,81957.68,0,0.00,0.00
2024,841,DEPARTMENT OF TRANSPORTATION,2019-12-09T00:00:00.000,RICHMOND,CUSTOMER INFORMATION REPRESENTATIVE MA L 1549,ACTIVE,75624.00,per Annum,1820,73396.06,0,17.24,0.00
2024,841,DEPARTMENT OF TRANSPORTATION,2021-05-10T00:00:00.000,RICHMOND,MATE,CEASED,73105.00,per Annum,0,2336.68,0,623.10,0.00
2024,841,DEPARTMENT OF TRANSPORTATION,2024-03-18T00:00:00.000,BRONX,APPRENTICE INSPECTOR,ACTIVE,33019.00,per Annum,520,8063.60,4,94.88,0.00
2024,841,DEPARTMENT OF TRANSPORTATION,2024-04-22T00:00:00.000,RICHMOND,MARINE ENGINEER,ACTIVE,100188.00,per Annum,148.57,7119.32,26,1783.35,0.00
2024,841,DEPARTMENT OF TRANSPORTATION,2021-07-12T00:00:00.000,MANHATTAN,CYBER SECURITY ANALYST,ACTIVE,88684.00,per Annum,1820,86063.26,51,3204.65,0.00
2024,841,DEPARTMENT OF TRANSPORTATION,2024-04-15T00:00:00.000,RICHMOND,MARINE ENGINEER,ACTIVE,100188.00,per Annum,360,17245.48,54,3771.56,0.00
2024,841,DEPARTMENT OF TRANSPORTATION,1995-02-26T00:00:00.000,QUEENS,ADMIN COMMUNITY RELATIONS SPECIALIST,CEASED,114482.00,per Annum,0,3012.37,0,4.57,0.46
2024,841,DEPARTMENT OF TRANSPORTATION,2017-02-27T00:00:00.000,MANHATTAN,ADM MANAGER-NON-MGRL,CEASED,84975.00,per Annum,0,1477.36,0,99.34,2.82
2024,841,DEPARTMENT OF TRANSPORTATION,1983-11-07T00:00:00.000,MANHATTAN,ADM MANAGER-NON-MGRL,CEASED,75270.00,per Annum,0,675.44,0,0.00,6.89
2024,841,DEPARTMENT OF TRANSPORTATION,2023-03-20T00:00:00.000,MANHATTAN,APPRENTICE INSPECTOR,ACTIVE,41254.00,per Annum,1440,25795.36,62.25,1802.45,8.75
2024,841,DEPARTMENT OF TRANSPORTATION,1983-08-01T00:00:00.000,QUEENS,ADM MANAGER-NON-MGRL,CEASED,101276.00,per Annum,0,1637.22,0,53.74,12.82
2024,841,DEPARTMENT OF TRANSPORTATION,2023-01-09T00:00:00.000,MANHATTAN,COMMUNITY COORDINATOR,ACTIVE,66003.00,per Annum,1820,63737.17,263,10609.97,14.02
2024,841,DEPARTMENT OF TRANSPORTATION,2023-01-09T00:00:00.000,MANHATTAN,ASSOCIATE URBAN DESIGNER,ACTIVE,87701.00,per Annum,1820,86639.89,0,0.00,16.50
2024,841,DEPARTMENT OF TRANSPORTATION,2018-12-10T00:00:00.000,MANHATTAN,CITY TAX AUDITOR,ACTIVE,91711.00,per Annum,1820,87605.04,7.5,370.81,17.00
2024,841,DEPARTMENT OF TRANSPORTATION,1981-06-08T00:00:00.000,MANHATTAN,ADM MANAGER-NON-MGRL,CEASED,83678.00,per Annum,0,2178.28,0,130.88,20.28
2024,841,DEPARTMENT OF TRANSPORTATION,1997-04-20T00:00:00.000,RICHMOND,ADM MANAGER-NON-MGRL,CEASED,82568.00,per Annum,0,2159.31,0,0.00,20.37
2024,841,DEPARTMENT OF TRANSPORTATION,2006-05-22T00:00:00.000,MANHATTAN,ADMINISTRATIVE MANAGEMENT AUDITOR,ACTIVE,134553.00,per Annum,1820,129932.89,0,0.00,32.19
2024,841,DEPARTMENT OF TRANSPORTATION,2023-07-10T00:00:00.000,MANHATTAN,COMMUNITY COORDINATOR,ACTIVE,70022.00,per Annum,1715,63710.78,1,37.21,33.00
2024,841,DEPARTMENT OF TRANSPORTATION,2023-09-11T00:00:00.000,MANHATTAN,COMMUNITY COORDINATOR,ACTIVE,70022.00,per Annum,1400,52008.80,0,0.00,36.00
2024,841,DEPARTMENT OF TRANSPORTATION,2023-09-20T00:00:00.000,MANHATTAN,ASSISTANT CIVIL ENGINEER,ACTIVE,73878.00,per Annum,1253,48013.31,23.75,1050.17,41.22
2024,841,DEPARTMENT OF TRANSPORTATION,2018-06-04T00:00:00.000,MANHATTAN,ADMINISTRATIVE CITY PLANNER,ACTIVE,142377.00,per Annum,1820,127633.22,0,0.00,44.72
2024,841,DEPARTMENT OF TRANSPORTATION,2023-07-10T00:00:00.000,QUEENS,CLERICAL ASSOCIATE,ACTIVE,45040.00,per Annum,1715,40645.63,0,0.00,57.75
2024,841,DEPARTMENT OF TRANSPORTATION,2022-07-25T00:00:00.000,MANHATTAN,CLERICAL ASSOCIATE,CEASED,43728.00,per Annum,0,1266.11,0,114.14,77.70
2024,841,DEPARTMENT OF TRANSPORTATION,2022-07-25T00:00:00.000,MANHATTAN,CLERICAL ASSOCIATE,ACTIVE,45040.00,per Annum,1820,45724.20,39,1139.77,86.25
2024,841,DEPARTMENT OF TRANSPORTATION,2018-03-12T00:00:00.000,RICHMOND,ADMINISTRATIVE CITY PLANNER,ACTIVE,151945.00,per Annum,1820,158397.25,0,22.57,88.92
2024,841,DEPARTMENT OF TRANSPORTATION,2019-07-01T00:00:00.000,MANHATTAN,CLERICAL ASSOCIATE,ACTIVE,51796.00,per Annum,1820,50017.19,0,0.00,107.25
2024,841,DEPARTMENT OF TRANSPORTATION,2022-07-25T00:00:00.000,MANHATTAN,CLERICAL ASSOCIATE,ACTIVE,51796.00,per Annum,1820,49940.31,0,104.69,113.17
2024,841,DEPARTMENT OF TRANSPORTATION,2022-12-05T00:00:00.000,QUEENS,ASSISTANT TRANSPORTATION SPECIALIST,ACTIVE,55519.00,per Annum,1820,55268.07,0,0.00,137.50
2024,841,DEPARTMENT OF TRANSPORTATION,2015-05-18T00:00:00.000,MANHATTAN,ASSISTANT PRINTING PRESS OPERATOR,ACTIVE,75474.00,per Annum,1400,56065.26,0,0.00,143.02
2024,841,DEPARTMENT OF TRANSPORTATION,2006-11-27T00:00:00.000,MANHATTAN,PRINCIPAL ADMINISTRATIVE ASSOCIATE -  NON SUPVR,CEASED,64730.00,per Annum,0,4639.05,0,485.25,153.02
2024,841,DEPARTMENT OF TRANSPORTATION,2018-03-11T00:00:00.000,MANHATTAN,ADMINISTRATIVE CITY PLANNER,ACTIVE,85161.00,per Annum,1820,82237.20,68,3867.42,155.59
2024,841,DEPARTMENT OF TRANSPORTATION,2022-07-25T00:00:00.000,MANHATTAN,CLERICAL ASSOCIATE,ACTIVE,51796.00,per Annum,1820,46154.29,0,41.86,158.50
2024,841,DEPARTMENT OF TRANSPORTATION,2008-10-06T00:00:00.000,MANHATTAN,ADMINISTRATIVE ENGINEER,ACTIVE,134771.00,per Annum,1820,130143.77,8,573.88,210.88
2024,841,DEPARTMENT OF TRANSPORTATION,1997-02-18T00:00:00.000,BRONX,TRAFFIC DEVICE MAINTAINER,CEASED,71175.00,per Annum,0,2718.69,0,17.47,214.29
2024,841,DEPARTMENT OF TRANSPORTATION,2024-03-18T00:00:00.000,BROOKLYN,ASSISTANT CITY HIGHWAY REPAIRER,ACTIVE,25.59,per Hour,471,11700.82,0,0.00,233.10
2024,841,DEPARTMENT OF TRANSPORTATION,2009-04-13T00:00:00.000,MANHATTAN,ASSOCIATE STAFF ANALYST,CEASED,86292.00,per Annum,210,16391.04,0,19.89,269.67
2024,841,DEPARTMENT OF TRANSPORTATION,1986-01-21T00:00:00.000,MANHATTAN,ADMINISTRATIVE ENGINEER,ACTIVE,156406.00,per Annum,1820,151035.00,0,0.00,306.31
2024,841,DEPARTMENT OF TRANSPORTATION,2005-01-02T00:00:00.000,MANHATTAN,CERTIFIED IT ADMINISTRATOR,CEASED,113736.00,per Annum,0,0.00,0,0.94,309.81
2024,841,DEPARTMENT OF TRANSPORTATION,1994-10-09T00:00:00.000,MANHATTAN,ADMINISTRATIVE CITY PLANNER,ACTIVE,119611.00,per Annum,1820,115503.82,83.5,5321.93,383.09
2024,841,DEPARTMENT OF TRANSPORTATION,2024-04-08T00:00:00.000,BROOKLYN,ASSISTANT CITY HIGHWAY REPAIRER,ACTIVE,25.59,per Hour,383.73,9586.71,10,372.65,403.46
2024,841,DEPARTMENT OF TRANSPORTATION,2024-04-08T00:00:00.000,BROOKLYN,ASSISTANT CITY HIGHWAY REPAIRER,ACTIVE,25.59,per Hour,342,8496.13,61.75,2353.13,436.01
2024,841,DEPARTMENT OF TRANSPORTATION,2022-09-12T00:00:00.000,MANHATTAN,CLERICAL ASSOCIATE,CEASED,47400.00,per Annum,1295,33580.90,0,0.00,448.76
2024,841,DEPARTMENT OF TRANSPORTATION,2022-07-25T00:00:00.000,MANHATTAN,CLERICAL ASSOCIATE,ACTIVE,51796.00,per Annum,1820,52583.03,676.5,26097.73,473.61
2024,841,DEPARTMENT OF TRANSPORTATION,2023-04-10T00:00:00.000,MANHATTAN,APPRENTICE INSPECTOR,ACTIVE,35873.00,per Annum,2080,32133.89,141.75,3520.66,593.49
2024,841,DEPARTMENT OF TRANSPORTATION,2021-12-27T00:00:00.000,QUEENS,SUPERVISOR OF ELECTRICAL INSTALLATIONS & MAINTENANCE,ACTIVE,73878.00,per Annum,1820,71747.92,12,538.21,618.33
2024,841,DEPARTMENT OF TRANSPORTATION,2023-11-27T00:00:00.000,RICHMOND,DOCKBUILDER,ACTIVE,441.92,per Day,1160,59834.88,113,8782.97,623.28
2024,841,DEPARTMENT OF TRANSPORTATION,2020-01-27T00:00:00.000,MANHATTAN,APPRENTICE INSPECTOR,ACTIVE,51891.00,per Annum,2080,49395.48,3,104.00,696.32
2024,841,DEPARTMENT OF TRANSPORTATION,2023-06-26T00:00:00.000,MANHATTAN,COMMUNITY ASSOCIATE,ACTIVE,57901.00,per Annum,1785,54835.17,0,0.00,723.90
2024,841,DEPARTMENT OF TRANSPORTATION,2021-08-16T00:00:00.000,MANHATTAN,CONSTRUCTION PROJECT MANAGER,ACTIVE,104267.00,per Annum,1820,95707.56,28,1730.12,793.64
2024,841,DEPARTMENT OF TRANSPORTATION,2017-07-17T00:00:00.000,RICHMOND,ASSISTANT CITY HIGHWAY REPAIRER,ACTIVE,61441.00,per Annum,2080,56820.92,127.5,5535.91,797.94
2024,841,DEPARTMENT OF TRANSPORTATION,2015-06-29T00:00:00.000,BROOKLYN,CEMENT MASON,ACTIVE,378.98,per Day,1386,86677.09,426.5,51507.71,805.64
2024,841,DEPARTMENT OF TRANSPORTATION,2016-03-14T00:00:00.000,QUEENS,HIGHWAY REPAIRER,ACTIVE,428.40,per Day,2080,73346.68,67.67,4011.70,857.93
2024,841,DEPARTMENT OF TRANSPORTATION,2016-09-19T00:00:00.000,BROOKLYN,ASSISTANT CITY HIGHWAY REPAIRER,ACTIVE,61441.00,per Annum,2080,59330.79,106.5,4597.38,881.26
2024,841,DEPARTMENT OF TRANSPORTATION,2023-07-10T00:00:00.000,MANHATTAN,CLERICAL ASSOCIATE,CEASED,27.52,per Hour,574.5,15810.24,0,0.00,917.79
2024,841,DEPARTMENT OF TRANSPORTATION,2023-10-30T00:00:00.000,MANHATTAN,SENIOR IT ARCHITECT,CEASED,140000.00,per Annum,525,40163.93,0,0.00,938.72
2024,841,DEPARTMENT OF TRANSPORTATION,2019-12-23T00:00:00.000,MANHATTAN,APPRENTICE INSPECTOR,ACTIVE,51891.00,per Annum,2080,47213.05,133,4543.22,943.89
2024,841,DEPARTMENT OF TRANSPORTATION,2019-08-12T00:00:00.000,QUEENS,CLERICAL ASSOCIATE,ON LEAVE,60096.00,per Annum,1750,55800.94,0,0.00,1009.86
2024,841,DEPARTMENT OF TRANSPORTATION,1986-05-19T00:00:00.000,MANHATTAN,TRANSPORTATION SPECIALIST,CEASED,96174.00,per Annum,350,18403.31,8.75,498.86,1024.49
2024,841,DEPARTMENT OF TRANSPORTATION,2023-10-16T00:00:00.000,MANHATTAN,ASSISTANT CIVIL ENGINEER,CEASED,71726.00,per Annum,735,17755.14,0,0.00,1030.58
2024,841,DEPARTMENT OF TRANSPORTATION,2022-03-21T00:00:00.000,MANHATTAN,CLERICAL ASSOCIATE,ACTIVE,60101.00,per Annum,1820,61650.42,39,1521.78,1145.32
2024,841,DEPARTMENT OF TRANSPORTATION,2019-07-01T00:00:00.000,MANHATTAN,CLERICAL ASSOCIATE,ACTIVE,51796.00,per Annum,1820,50017.19,15.25,423.20,1188.79
2024,841,DEPARTMENT OF TRANSPORTATION,2018-03-19T00:00:00.000,RICHMOND,ASSISTANT CITY HIGHWAY REPAIRER,ACTIVE,61441.00,per Annum,2080,59330.79,197.5,8513.19,1192.47
2024,841,DEPARTMENT OF TRANSPORTATION,2016-03-14T00:00:00.000,QUEENS,HIGHWAY REPAIRER,ACTIVE,428.40,per Day,2080,73346.68,243.83,13419.34,1201.76
2024,841,DEPARTMENT OF TRANSPORTATION,2019-04-08T00:00:00.000,QUEENS,ASSISTANT ELECTRICAL ENGINEER,ACTIVE,73878.00,per Annum,1400,54876.04,14,717.10,1221.93
2024,841,DEPARTMENT OF TRANSPORTATION,2023-03-06T00:00:00.000,QUEENS,CITY PARKING EQUIPMENT SERVICE WORKER,ACTIVE,38388.00,per Annum,2080,37096.78,97.5,2683.70,1225.30
2024,841,DEPARTMENT OF TRANSPORTATION,2007-04-09T00:00:00.000,BROOKLYN,HIGHWAYS AND SEWERS INSPECTOR,ON LEAVE,72000.00,per Annum,480,20935.91,10,356.48,1278.49
2024,841,DEPARTMENT OF TRANSPORTATION,2016-03-14T00:00:00.000,QUEENS,ASSISTANT CITY HIGHWAY REPAIRER,ACTIVE,61441.00,per Annum,2080,59330.79,247,10773.11,1305.16
2024,841,DEPARTMENT OF TRANSPORTATION,2016-03-14T00:00:00.000,BROOKLYN,HIGHWAY REPAIRER,ACTIVE,428.40,per Day,2080,73346.68,236,14859.64,1450.24
2024,841,DEPARTMENT OF TRANSPORTATION,1986-04-07T00:00:00.000,QUEENS,ADMINISTRATIVE STAFF ANALYST,CEASED,123335.00,per Annum,833,64326.05,0,0.00,1454.38
2024,841,DEPARTMENT OF TRANSPORTATION,2020-03-02T00:00:00.000,MANHATTAN,CITY PLANNER,ACTIVE,101296.00,per Annum,1820,97818.18,9.25,531.73,1514.58
2024,841,DEPARTMENT OF TRANSPORTATION,2006-09-25T00:00:00.000,QUEENS,ADMIN INSPECTOR,ACTIVE,106109.00,per Annum,1820,96582.81,573.25,40679.42,1630.52
2024,841,DEPARTMENT OF TRANSPORTATION,2016-03-14T00:00:00.000,BRONX,HIGHWAY REPAIRER,ACTIVE,428.40,per Day,2080,73346.68,307,17602.76,1641.45
2024,841,DEPARTMENT OF TRANSPORTATION,2022-10-03T00:00:00.000,QUEENS,ASSISTANT ELECTRICAL ENGINEER,ACTIVE,77082.00,per Annum,1820,71250.12,32.75,1505.47,1675.58
2024,841,DEPARTMENT OF TRANSPORTATION,2019-06-10T00:00:00.000,MANHATTAN,ASSISTANT CITY HIGHWAY REPAIRER,ACTIVE,61441.00,per Annum,1363,38913.85,228,9857.88,1710.88
2024,841,DEPARTMENT OF TRANSPORTATION,2024-01-08T00:00:00.000,RICHMOND,DECKHAND,ACTIVE,51524.00,per Annum,736,22664.89,345,17978.17,1833.32
2024,841,DEPARTMENT OF TRANSPORTATION,2016-01-25T00:00:00.000,MANHATTAN,ADMINISTRATIVE CITY PLANNER,ACTIVE,146317.00,per Annum,1400,105215.36,0,0.00,2170.69
2024,841,DEPARTMENT OF TRANSPORTATION,2007-06-11T00:00:00.000,MANHATTAN,CITY LABORER,ACTIVE,290.00,per Day,2080,75400.00,1316.75,73542.69,2175.00
2024,841,DEPARTMENT OF TRANSPORTATION,2018-07-16T00:00:00.000,MANHATTAN,APPRENTICE INSPECTOR,ACTIVE,51891.00,per Annum,2080,51612.45,213.5,8153.28,2178.62
2024,841,DEPARTMENT OF TRANSPORTATION,2023-09-05T00:00:00.000,BROOKLYN,ASSISTANT CITY HIGHWAY REPAIRER,ACTIVE,25.59,per Hour,1031.5,25625.03,241,9155.96,2263.65
2024,841,DEPARTMENT OF TRANSPORTATION,2022-07-18T00:00:00.000,QUEENS,ASSISTANT CIVIL ENGINEER,ACTIVE,84976.00,per Annum,1820,86355.48,0,0.00,2273.48
2024,841,DEPARTMENT OF TRANSPORTATION,2022-03-28T00:00:00.000,MANHATTAN,GRAPHIC ARTIST,ACTIVE,79854.00,per Annum,1820,77111.85,90.25,4405.05,2322.34
2024,841,DEPARTMENT OF TRANSPORTATION,1984-04-16T00:00:00.000,MANHATTAN,PRINCIPAL ADMINISTRATIVE ASSOCIATE -  NON SUPVR,CEASED,63054.00,per Annum,980,30861.19,0,0.00,2331.56
2024,841,DEPARTMENT OF TRANSPORTATION,2018-10-15T00:00:00.000,QUEENS,TRAFFIC CONTROL INSPECTOR,ACTIVE,58517.00,per Annum,1820,61110.70,58.25,2178.32,2336.50
2024,841,DEPARTMENT OF TRANSPORTATION,2010-06-01T00:00:00.000,QUEENS,TRANSPORTATION SPECIALIST,ACTIVE,116072.00,per Annum,1820,115429.64,122.5,8059.00,2338.06
2024,841,DEPARTMENT OF TRANSPORTATION,2017-09-11T00:00:00.000,QUEENS,TRAFFIC DEVICE MAINTAINER,ACTIVE,75459.00,per Annum,2080,72867.72,484,25895.01,2423.61
2024,841,DEPARTMENT OF TRANSPORTATION,2019-09-09T00:00:00.000,QUEENS,TRAFFIC DEVICE MAINTAINER,ACTIVE,72515.00,per Annum,2080,70025.11,425.5,22020.51,2841.58
2024,841,DEPARTMENT OF TRANSPORTATION,2023-06-26T00:00:00.000,QUEENS,TRAFFIC DEVICE MAINTAINER,ACTIVE,57758.00,per Annum,2040,54699.51,663.75,26943.38,2961.62
2024,841,DEPARTMENT OF TRANSPORTATION,2023-08-21T00:00:00.000,MANHATTAN,NEW YORK CITY PUBLIC SERVICE FELLOW,ACTIVE,52167.00,per Annum,1505,38205.85,0,0.00,3000.00
2024,841,DEPARTMENT OF TRANSPORTATION,2015-06-01T00:00:00.000,MANHATTAN,ADM MANAGER-NON-MGRL,ACTIVE,83342.00,per Annum,1820,84379.11,0,0.00,3000.00
2024,841,DEPARTMENT OF TRANSPORTATION,1994-02-27T00:00:00.000,MANHATTAN,ADMINISTRATIVE SUPERINTENDENT OF HIGHWAY OPERATIONS,ACTIVE,139113.00,per Annum,1820,146611.00,0,0.00,3000.00
2024,841,DEPARTMENT OF TRANSPORTATION,1990-03-26T00:00:00.000,MANHATTAN,ADMINISTRATIVE ENGINEER,ACTIVE,148427.00,per Annum,1820,155324.09,0,0.00,3000.00
2024,841,DEPARTMENT OF TRANSPORTATION,1989-09-18T00:00:00.000,BRONX,ADMINISTRATIVE SUPERINTENDENT OF HIGHWAY OPERATIONS,ACTIVE,172040.00,per Annum,1820,180480.05,0,0.00,3000.00
2024,841,DEPARTMENT OF TRANSPORTATION,2018-02-05T00:00:00.000,MANHATTAN,ADMINISTRATIVE CITY PLANNER,ACTIVE,196858.00,per Annum,1820,203968.36,0,0.00,3000.00
2024,841,DEPARTMENT OF TRANSPORTATION,2013-07-22T00:00:00.000,RICHMOND,ADMINISTRATIVE PROJECT MANAGER,ACTIVE,236728.00,per Annum,1820,244405.56,0,0.00,3000.00
2024,841,DEPARTMENT OF TRANSPORTATION,2022-12-05T00:00:00.000,QUEENS,STAFF ANALYST,ACTIVE,58785.00,per Annum,1820,59854.29,14,514.82,3000.00
2024,841,DEPARTMENT OF TRANSPORTATION,2015-07-06T00:00:00.000,BROOKLYN,BRIDGE PAINTER,ACTIVE,431.76,per Day,1820,117731.92,62.5,7284.47,3000.00
2024,841,DEPARTMENT OF TRANSPORTATION,2014-03-31T00:00:00.000,BRONX,TRACTOR OPERATOR,ACTIVE,560.33,per Day,2080,173445.71,347.5,57780.46,3000.00
2024,841,DEPARTMENT OF TRANSPORTATION,2021-04-12T00:00:00.000,MANHATTAN,ASSOCIATE STAFF ANALYST,ACTIVE,97605.00,per Annum,1820,102594.72,20.25,1125.90,3008.01
2024,841,DEPARTMENT OF TRANSPORTATION,2014-12-15T00:00:00.000,MANHATTAN,ASSOCIATE PROJECT MANAGER,ACTIVE,127709.00,per Annum,1820,123278.83,0,0.00,3013.70
2024,841,DEPARTMENT OF TRANSPORTATION,2019-10-07T00:00:00.000,QUEENS,PRINCIPAL ADMINISTRATIVE ASSOCIATE -  NON SUPVR,ACTIVE,59588.00,per Annum,1820,60887.11,0,0.00,3018.70
2024,841,DEPARTMENT OF TRANSPORTATION,2023-01-01T00:00:00.000,MANHATTAN,ASSOCIATE STAFF ANALYST,ACTIVE,93217.00,per Annum,1823,92271.81,37.5,2147.14,3062.45
2024,841,DEPARTMENT OF TRANSPORTATION,2011-07-18T00:00:00.000,MANHATTAN,ADMINISTRATIVE STAFF ANALYST,ACTIVE,167861.00,per Annum,1820,170104.65,294.5,30149.29,3098.93
2024,841,DEPARTMENT OF TRANSPORTATION,2013-02-19T00:00:00.000,BROOKLYN,HIGHWAYS AND SEWERS INSPECTOR,ACTIVE,72000.00,per Annum,2080,72741.82,92,4886.52,3112.11
2024,841,DEPARTMENT OF TRANSPORTATION,2007-04-16T00:00:00.000,MANHATTAN,HIGHWAYS AND SEWERS INSPECTOR,ACTIVE,72000.00,per Annum,2080,71613.60,192,10266.93,3349.92
2024,841,DEPARTMENT OF TRANSPORTATION,2000-09-05T00:00:00.000,RICHMOND,HIGHWAYS AND SEWERS INSPECTOR,ACTIVE,72000.00,per Annum,2080,71613.60,56.5,3041.54,3419.31
2024,841,DEPARTMENT OF TRANSPORTATION,2014-10-06T00:00:00.000,QUEENS,TRAFFIC CONTROL INSPECTOR,ACTIVE,58517.00,per Annum,1820,55695.02,42.75,1386.85,3495.77
2024,841,DEPARTMENT OF TRANSPORTATION,2023-01-09T00:00:00.000,RICHMOND,MARINE OILER,ACTIVE,61555.00,per Annum,1664,61224.55,975.5,57529.31,3521.90
2024,841,DEPARTMENT OF TRANSPORTATION,2014-07-21T00:00:00.000,MANHATTAN,ASSOCIATE INVESTIGATOR,ACTIVE,66114.00,per Annum,1820,54422.92,304.5,10963.61,3685.83
2024,841,DEPARTMENT OF TRANSPORTATION,2014-02-24T00:00:00.000,MANHATTAN,ADM MANAGER-NON-MGRL,ACTIVE,107837.00,per Annum,1820,110907.24,97,6217.82,3902.12
2024,841,DEPARTMENT OF TRANSPORTATION,2016-03-14T00:00:00.000,QUEENS,HIGHWAY REPAIRER,ACTIVE,428.40,per Day,2080,73346.68,345.5,17941.60,4027.61
2024,841,DEPARTMENT OF TRANSPORTATION,2006-04-10T00:00:00.000,RICHMOND,DECKHAND,ACTIVE,59253.00,per Annum,1664,58935.02,516.5,32751.69,4039.58
2024,841,DEPARTMENT OF TRANSPORTATION,2015-06-15T00:00:00.000,BROOKLYN,BRIDGE PAINTER,ON LEAVE,431.76,per Day,1799,115507.89,49.5,6202.03,4089.40
2024,841,DEPARTMENT OF TRANSPORTATION,2015-04-27T00:00:00.000,MANHATTAN,HIGHWAY REPAIRER,ACTIVE,428.40,per Day,2080,122687.55,354.5,31480.13,4203.42
2024,868,DEPT OF CITYWIDE ADMIN SVCS,2006-11-06T00:00:00.000,BRONX,STATIONARY ENGINEER,ACTIVE,555.84,per Day,2080,160173.66,457,54115.68,39272.51
2024,868,DEPT OF CITYWIDE ADMIN SVCS,2006-07-24T00:00:00.000,BROOKLYN,STATIONARY ENGINEER,ACTIVE,555.84,per Day,2080,160173.66,1109,129712.67,38517.06
2024,868,DEPT OF CITYWIDE ADMIN SVCS,2003-04-20T00:00:00.000,MANHATTAN,STATIONARY ENGINEER,ACTIVE,555.84,per Day,2080,160173.66,1232,142976.00,34385.67
2024,868,DEPT OF CITYWIDE ADMIN SVCS,2018-10-01T00:00:00.000,QUEENS,STATIONARY ENGINEER,ACTIVE,555.84,per Day,2080,160173.66,720.5,81428.29,34239.34
2024,868,DEPT OF CITYWIDE ADMIN SVCS,2008-09-08T00:00:00.000,MANHATTAN,STATIONARY ENGINEER,ACTIVE,555.84,per Day,2080,160173.66,211.5,25708.01,33987.18
2024,868,DEPT OF CITYWIDE ADMIN SVCS,2015-05-26T00:00:00.000,BRONX,STATIONARY ENGINEER,ACTIVE,555.84,per Day,2080,159433.77,760.5,83085.68,31554.50
2024,868,DEPT OF CITYWIDE ADMIN SVCS,2021-12-06T00:00:00.000,RICHMOND,STATIONARY ENGINEER,ACTIVE,555.84,per Day,2080,157160.46,618.25,69222.58,28484.72
2024,868,DEPT OF CITYWIDE ADMIN SVCS,2018-06-25T00:00:00.000,MANHATTAN,ASSISTANT COMMISSIONER,CEASED,166402.00,per Annum,0,0.00,0,0.00,26705.33
2024,868,DEPT OF CITYWIDE ADMIN SVCS,2023-06-05T00:00:00.000,MANHATTAN,STATIONARY ENGINEER,ACTIVE,555.84,per Day,2080,144988.80,424,46716.02,25976.30
2024,868,DEPT OF CITYWIDE ADMIN SVCS,2018-03-19T00:00:00.000,MANHATTAN,COMPUTER SPECIALIST,CEASED,97821.00,per Annum,217,11679.18,0,0.00,23497.98
2024,868,DEPT OF CITYWIDE ADMIN SVCS,2000-05-21T00:00:00.000,MANHATTAN,AGENCY ATTORNEY,ACTIVE,138994.00,per Annum,1820,146448.75,0,0.00,22348.22
2024,868,DEPT OF CITYWIDE ADMIN SVCS,2005-05-08T00:00:00.000,BRONX,OILER,ACTIVE,522.32,per Day,2080,168152.74,80,19094.61,20890.72
2024,868,DEPT OF CITYWIDE ADMIN SVCS,2014-02-27T00:00:00.000,MANHATTAN,STATIONARY ENGINEER,ACTIVE,555.84,per Day,2080,168335.15,1086,126784.30,18628.34
2024,868,DEPT OF CITYWIDE ADMIN SVCS,2019-02-04T00:00:00.000,BRONX,OILER,ACTIVE,522.32,per Day,2080,150579.26,152,20957.83,17164.36
2024,868,DEPT OF CITYWIDE ADMIN SVCS,2003-04-27T00:00:00.000,BROOKLYN,STATIONARY ENGINEER,ON SEPARATION LEAVE,555.84,per Day,2080,160173.66,176,25167.72,13041.47
2024,868,DEPT OF CITYWIDE ADMIN SVCS,2009-05-11T00:00:00.000,MANHATTAN,ACCOUNTANT,ACTIVE,91642.00,per Annum,1820,88270.08,393,27460.35,12410.49
2024,868,DEPT OF CITYWIDE ADMIN SVCS,2014-03-10T00:00:00.000,MANHATTAN,SENIOR STATIONARY ENGINEER,ACTIVE,659.68,per Day,2080,186464.98,388.75,52223.24,12205.71
2024,868,DEPT OF CITYWIDE ADMIN SVCS,2002-01-27T00:00:00.000,MANHATTAN,ADMINISTRATIVE STAFF ANALYST,ACTIVE,120046.00,per Annum,1820,126399.46,0,0.00,11581.63
2024,868,DEPT OF CITYWIDE ADMIN SVCS,2018-02-20T00:00:00.000,MANHATTAN,SPECIAL OFFICER,ACTIVE,53329.00,per Annum,2080,55034.14,299,12120.28,11089.54
2024,868,DEPT OF CITYWIDE ADMIN SVCS,2017-05-15T00:00:00.000,MANHATTAN,SPECIAL OFFICER,ACTIVE,53264.00,per Annum,2080,54927.86,552.75,21848.39,10977.16
2024,868,DEPT OF CITYWIDE ADMIN SVCS,2019-01-07T00:00:00.000,MANHATTAN,SPECIAL OFFICER,ACTIVE,53264.00,per Annum,2080,54919.61,386.25,15308.70,10498.99
2024,868,DEPT OF CITYWIDE ADMIN SVCS,2015-10-05T00:00:00.000,MANHATTAN,PRINCIPAL ADMINISTRATIVE ASSOCIATE -  NON SUPVR,ACTIVE,59713.00,per Annum,1820,61300.28,829.5,40442.45,9834.83
2024,868,DEPT OF CITYWIDE ADMIN SVCS,2017-11-13T00:00:00.000,MANHATTAN,COMMUNITY COORDINATOR,ACTIVE,74909.00,per Annum,2070,71681.92,347.75,18738.68,9732.07
2024,868,DEPT OF CITYWIDE ADMIN SVCS,2009-08-17T00:00:00.000,MANHATTAN,MAINTENANCE WORKER,ACTIVE,272.32,per Day,2080,73426.40,1250,66351.61,8140.93
2024,868,DEPT OF CITYWIDE ADMIN SVCS,2001-02-20T00:00:00.000,BROOKLYN,CARPENTER,ON SEPARATION LEAVE,398.86,per Day,1820,109471.61,420,37755.21,7877.02
2024,868,DEPT OF CITYWIDE ADMIN SVCS,2002-07-07T00:00:00.000,MANHATTAN,COMPUTER SPECIALIST,ACTIVE,142014.00,per Annum,1820,137114.02,96.5,9332.81,7786.39
2024,868,DEPT OF CITYWIDE ADMIN SVCS,2019-06-24T00:00:00.000,MANHATTAN,AGENCY ATTORNEY,ACTIVE,104167.00,per Annum,1820,109943.74,0,0.00,7718.65
2024,868,DEPT OF CITYWIDE ADMIN SVCS,2004-07-02T00:00:00.000,MANHATTAN,SENIOR STATIONARY ENGINEER,ACTIVE,659.68,per Day,2080,190109.77,903.5,122492.33,7696.76
2024,868,DEPT OF CITYWIDE ADMIN SVCS,2014-09-08T00:00:00.000,MANHATTAN,ASSOCIATE STAFF ANALYST,ACTIVE,89384.00,per Annum,1820,94981.81,0,2.87,7670.83
2024,868,DEPT OF CITYWIDE ADMIN SVCS,1996-06-23T00:00:00.000,MANHATTAN,STATIONARY ENGINEER,ACTIVE,555.84,per Day,2080,166374.29,1297.25,153881.11,7591.93
2024,868,DEPT OF CITYWIDE ADMIN SVCS,2009-07-13T00:00:00.000,MANHATTAN,PRINCIPAL ADMINISTRATIVE ASSOCIATE -  NON SUPVR,ACTIVE,64261.00,per Annum,1820,66604.02,0,0.00,6798.65
2024,868,DEPT OF CITYWIDE ADMIN SVCS,1997-08-31T00:00:00.000,MANHATTAN,COMPUTER ASSOCIATE,ACTIVE,116172.00,per Annum,1820,112159.89,134,10626.03,6757.17
2024,868,DEPT OF CITYWIDE ADMIN SVCS,2000-10-29T00:00:00.000,MANHATTAN,PRINCIPAL ADMINISTRATIVE ASSOCIATE -  NON SUPVR,ACTIVE,88828.00,per Annum,1400,72037.40,0,0.00,6735.80
2024,868,DEPT OF CITYWIDE ADMIN SVCS,2014-12-01T00:00:00.000,MANHATTAN,SUPERVISING SPECIAL OFFICER,ACTIVE,68099.00,per Annum,2080,70227.12,139.5,7564.61,6525.37
2024,868,DEPT OF CITYWIDE ADMIN SVCS,2017-01-09T00:00:00.000,MANHATTAN,COMPUTER SPECIALIST,ACTIVE,110499.00,per Annum,1820,106782.15,0,0.00,6409.53
2024,868,DEPT OF CITYWIDE ADMIN SVCS,2016-05-16T00:00:00.000,BROOKLYN,ELECTRICIAN,ACTIVE,466.97,per Day,1820,119232.43,1049,102617.57,6328.01
2024,868,DEPT OF CITYWIDE ADMIN SVCS,2020-02-17T00:00:00.000,MANHATTAN,CERTIFIED IT DEVELOPER,ACTIVE,146341.00,per Annum,1820,141292.62,0,0.00,6306.92
2024,868,DEPT OF CITYWIDE ADMIN SVCS,2004-07-11T00:00:00.000,MANHATTAN,COMPUTER SPECIALIST,ON SEPARATION LEAVE,145439.00,per Annum,1820,140422.32,0,0.00,6306.92
2024,868,DEPT OF CITYWIDE ADMIN SVCS,2003-11-23T00:00:00.000,BROOKLYN,SUPERVISOR PLUMBER,ACTIVE,442.19,per Day,1820,117452.02,891.5,115594.45,6224.74
2024,868,DEPT OF CITYWIDE ADMIN SVCS,2018-11-12T00:00:00.000,MANHATTAN,MANAGEMENT AUDITOR,ACTIVE,83480.00,per Annum,1820,83603.88,106,6404.27,6166.86
2024,868,DEPT OF CITYWIDE ADMIN SVCS,2001-05-09T00:00:00.000,MANHATTAN,CITY CUSTODIAL ASSISTANT,ACTIVE,41714.00,per Annum,2080,40288.34,397,13163.40,6159.13
2024,868,DEPT OF CITYWIDE ADMIN SVCS,2012-05-21T00:00:00.000,QUEENS,CITY CUSTODIAL ASSISTANT,ACTIVE,41548.00,per Annum,2080,41964.85,1011.5,31724.81,6141.17
2024,868,DEPT OF CITYWIDE ADMIN SVCS,2016-05-16T00:00:00.000,BRONX,CITY CUSTODIAL ASSISTANT,ACTIVE,41548.00,per Annum,2080,41972.71,1402.75,43175.35,5890.75
2024,868,DEPT OF CITYWIDE ADMIN SVCS,2002-05-12T00:00:00.000,QUEENS,CITY CUSTODIAL ASSISTANT,ACTIVE,41698.00,per Annum,2080,40272.47,3.5,112.89,5851.89
2024,868,DEPT OF CITYWIDE ADMIN SVCS,2004-09-19T00:00:00.000,BROOKLYN,STATIONARY ENGINEER,ACTIVE,555.84,per Day,2080,158755.66,513.25,61689.55,5847.62
2024,868,DEPT OF CITYWIDE ADMIN SVCS,2008-08-11T00:00:00.000,MANHATTAN,ASSOCIATE REAL PROPERTY MANAGER,ACTIVE,74202.00,per Annum,1820,71682.25,0,0.00,5845.72
2024,868,DEPT OF CITYWIDE ADMIN SVCS,2002-01-10T00:00:00.000,BROOKLYN,CUSTODIAN,ACTIVE,41178.00,per Annum,2080,42483.56,30.25,1024.56,5695.29
2024,868,DEPT OF CITYWIDE ADMIN SVCS,2017-05-15T00:00:00.000,BRONX,COMMUNITY COORDINATOR,ACTIVE,70024.00,per Annum,1680,57265.98,396.5,19033.22,5651.67
2024,868,DEPT OF CITYWIDE ADMIN SVCS,2017-05-15T00:00:00.000,BRONX,CITY SECURITY AIDE,ACTIVE,45341.00,per Annum,2080,43815.47,636.75,20221.12,5644.46
2024,868,DEPT OF CITYWIDE ADMIN SVCS,2019-08-12T00:00:00.000,MANHATTAN,CERTIFIED IT DEVELOPER,ACTIVE,144910.00,per Annum,1820,139933.99,11,880.44,5566.26
2024,868,DEPT OF CITYWIDE ADMIN SVCS,2015-12-07T00:00:00.000,MANHATTAN,COMPUTER SPECIALIST,ACTIVE,110499.00,per Annum,1820,106782.15,0,0.00,5528.14
2024,868,DEPT OF CITYWIDE ADMIN SVCS,1998-03-03T00:00:00.000,MANHATTAN,CLERICAL ASSOCIATE,ACTIVE,53989.00,per Annum,1820,52149.90,57.75,1911.30,5526.61
2024,868,DEPT OF CITYWIDE ADMIN SVCS,2011-06-27T00:00:00.000,MANHATTAN,CLERICAL ASSOCIATE,ACTIVE,61503.00,per Annum,1820,59367.70,0,0.00,5523.20
2024,868,DEPT OF CITYWIDE ADMIN SVCS,2019-03-25T00:00:00.000,BRONX,COMPUTER SPECIALIST,ACTIVE,99182.00,per Annum,1820,95845.38,48,3629.96,5438.67
2024,868,DEPT OF CITYWIDE ADMIN SVCS,1997-03-23T00:00:00.000,MANHATTAN,ADM MANAGER-NON-MGRL,CEASED,94000.00,per Annum,1557.37,83979.01,0,0.00,5419.96
2024,868,DEPT OF CITYWIDE ADMIN SVCS,2017-07-10T00:00:00.000,MANHATTAN,CITY SECURITY AIDE,ACTIVE,45341.00,per Annum,2080,43815.47,1511.75,49340.17,5373.54
2024,868,DEPT OF CITYWIDE ADMIN SVCS,2016-06-13T00:00:00.000,MANHATTAN,ASSOCIATE STAFF ANALYST,ACTIVE,87732.00,per Annum,1820,92641.49,0,54.54,5356.16
2024,868,DEPT OF CITYWIDE ADMIN SVCS,2013-06-03T00:00:00.000,MANHATTAN,CITY PLANNER,ACTIVE,120079.00,per Annum,1820,110110.83,12.5,858.06,5070.68
2024,868,DEPT OF CITYWIDE ADMIN SVCS,2008-05-19T00:00:00.000,MANHATTAN,ADM MANAGER-NON-MGRL,ACTIVE,150045.00,per Annum,1820,155517.09,0,0.00,4955.81
2024,868,DEPT OF CITYWIDE ADMIN SVCS,2005-06-20T00:00:00.000,MANHATTAN,ADMIN COMMUNITY RELATIONS SPECIALIST,ACTIVE,100882.00,per Annum,1820,105249.01,212.75,15723.98,4881.98
2024,868,DEPT OF CITYWIDE ADMIN SVCS,1996-06-23T00:00:00.000,MANHATTAN,ADM MANAGER-NON-MGRL,ACTIVE,83435.00,per Annum,1820,86520.10,0,48.89,4873.61
2024,868,DEPT OF CITYWIDE ADMIN SVCS,2019-10-15T00:00:00.000,MANHATTAN,STAFF ANALYST,ACTIVE,78501.00,per Annum,1610,68271.49,0,0.00,4867.80
2024,868,DEPT OF CITYWIDE ADMIN SVCS,2009-02-02T00:00:00.000,MANHATTAN,CITY CUSTODIAL ASSISTANT,ACTIVE,41548.00,per Annum,2080,39224.58,1234.25,39144.82,4862.76
2024,868,DEPT OF CITYWIDE ADMIN SVCS,2006-12-18T00:00:00.000,MANHATTAN,CUSTODIAN,ACTIVE,54919.00,per Annum,2080,64785.65,1116,51763.70,4847.50
2024,868,DEPT OF CITYWIDE ADMIN SVCS,2006-10-16T00:00:00.000,QUEENS,CUSTODIAN,ACTIVE,41139.00,per Annum,2080,42442.28,1008.67,31451.49,4843.23
2024,868,DEPT OF CITYWIDE ADMIN SVCS,2005-05-08T00:00:00.000,RICHMOND,CUSTODIAN,ACTIVE,75179.00,per Annum,2080,75922.08,215.5,12744.00,4783.46
2024,868,DEPT OF CITYWIDE ADMIN SVCS,2007-08-20T00:00:00.000,BRONX,CITY CUSTODIAL ASSISTANT,ACTIVE,41572.00,per Annum,2080,40150.38,564,18293.04,4776.17
2024,868,DEPT OF CITYWIDE ADMIN SVCS,2013-03-11T00:00:00.000,BRONX,CITY CUSTODIAL ASSISTANT,ACTIVE,41548.00,per Annum,2040,39378.89,1.5,49.04,4735.49
2024,868,DEPT OF CITYWIDE ADMIN SVCS,2009-10-13T00:00:00.000,MANHATTAN,SUPERVISING SPECIAL OFFICER,ACTIVE,78384.00,per Annum,2080,80833.70,60.25,3639.57,4641.21
2024,868,DEPT OF CITYWIDE ADMIN SVCS,2023-08-14T00:00:00.000,MANHATTAN,ADMINISTRATIVE STAFF ANALYST,ACTIVE,137551.00,per Annum,1540,115490.54,0,0.00,4588.67
2024,868,DEPT OF CITYWIDE ADMIN SVCS,2008-04-21T00:00:00.000,MANHATTAN,CLERICAL ASSOCIATE,ACTIVE,43611.00,per Annum,1820,42144.13,56,1853.79,4491.54
2024,868,DEPT OF CITYWIDE ADMIN SVCS,2017-05-15T00:00:00.000,BRONX,CITY SECURITY AIDE,ACTIVE,45341.00,per Annum,2080,43815.47,154,5062.86,4429.74
2024,868,DEPT OF CITYWIDE ADMIN SVCS,2004-12-19T00:00:00.000,MANHATTAN,CITY CUSTODIAL ASSISTANT,ACTIVE,41647.00,per Annum,2080,40223.80,8,257.76,4423.98
2024,868,DEPT OF CITYWIDE ADMIN SVCS,2005-05-08T00:00:00.000,BROOKLYN,CITY CUSTODIAL ASSISTANT,ACTIVE,41623.00,per Annum,2080,40199.88,760.5,24490.04,4415.23
2024,868,DEPT OF CITYWIDE ADMIN SVCS,2004-12-05T00:00:00.000,MANHATTAN,CITY CUSTODIAL ASSISTANT,ACTIVE,41647.00,per Annum,2080,40223.80,132.25,4261.06,4415.23
2024,868,DEPT OF CITYWIDE ADMIN SVCS,2015-01-12T00:00:00.000,MANHATTAN,ADMINISTRATIVE STAFF ANALYST,ACTIVE,127181.00,per Annum,1820,134360.73,0,0.00,4414.33
2024,868,DEPT OF CITYWIDE ADMIN SVCS,2009-08-31T00:00:00.000,QUEENS,ADMINISTRATIVE STAFF ANALYST,ACTIVE,92406.00,per Annum,1820,101723.01,0,0.00,4327.95
2024,868,DEPT OF CITYWIDE ADMIN SVCS,2016-04-25T00:00:00.000,BROOKLYN,CUSTODIAN,ACTIVE,41139.00,per Annum,2056,40149.08,12.75,449.15,4244.82
2024,868,DEPT OF CITYWIDE ADMIN SVCS,2019-01-07T00:00:00.000,MANHATTAN,CUSTODIAN,ACTIVE,41108.00,per Annum,2080,41781.84,18,542.97,4137.25
2024,868,DEPT OF CITYWIDE ADMIN SVCS,2011-08-15T00:00:00.000,MANHATTAN,CITY CUSTODIAL ASSISTANT,ACTIVE,41548.00,per Annum,2080,40150.38,543.5,17222.30,4087.75
2024,868,DEPT OF CITYWIDE ADMIN SVCS,2019-10-15T00:00:00.000,BROOKLYN,CARPENTER,ACTIVE,398.86,per Day,1820,109471.61,124.5,10732.04,4082.62
2024,868,DEPT OF CITYWIDE ADMIN SVCS,2007-12-10T00:00:00.000,BRONX,CUSTODIAN,ACTIVE,82074.00,per Annum,2080,70534.08,445.75,22584.60,4059.79
2024,868,DEPT OF CITYWIDE ADMIN SVCS,2019-01-07T00:00:00.000,MANHATTAN,ADMINISTRATIVE PROJECT MANAGER,ACTIVE,157674.00,per Annum,1820,159896.65,461.5,56520.30,4057.94
2024,868,DEPT OF CITYWIDE ADMIN SVCS,2010-08-30T00:00:00.000,MANHATTAN,CHAUFFEUR-ATTENDANT,ACTIVE,72502.00,per Annum,2080,75567.23,587.5,31887.29,4022.22
2024,868,DEPT OF CITYWIDE ADMIN SVCS,2017-01-23T00:00:00.000,BROOKLYN,PAINTER,ACTIVE,354.62,per Day,1505,67026.97,218,17989.35,3753.57
2024,868,DEPT OF CITYWIDE ADMIN SVCS,2016-08-08T00:00:00.000,MANHATTAN,SPECIAL OFFICER,CEASED,50207.00,per Annum,0,0.00,0,0.00,3752.33
2024,868,DEPT OF CITYWIDE ADMIN SVCS,2014-08-11T00:00:00.000,MANHATTAN,ADM MANAGER-NON-MGRL,ACTIVE,115000.00,per Annum,1820,95022.69,146,11407.93,3746.97
2024,868,DEPT OF CITYWIDE ADMIN SVCS,2007-01-02T00:00:00.000,QUEENS,CUSTODIAN,ACTIVE,43636.00,per Annum,2080,45017.60,1040,34009.19,3662.23
2024,868,DEPT OF CITYWIDE ADMIN SVCS,2015-08-10T00:00:00.000,MANHATTAN,ADMIN COMMUNITY RELATIONS SPECIALIST,ACTIVE,97029.00,per Annum,1820,99938.13,0,24.85,3578.41
2024,868,DEPT OF CITYWIDE ADMIN SVCS,2007-05-07T00:00:00.000,BROOKLYN,CUSTODIAN,ACTIVE,41108.00,per Annum,2080,48192.39,199,6930.12,3527.18
2024,868,DEPT OF CITYWIDE ADMIN SVCS,2002-06-16T00:00:00.000,BRONX,CITY CUSTODIAL ASSISTANT,CEASED,40438.00,per Annum,1634.25,31465.87,0,0.00,3452.10
2024,868,DEPT OF CITYWIDE ADMIN SVCS,2023-12-04T00:00:00.000,MANHATTAN,COMPUTER SPECIALIST,ACTIVE,137941.00,per Annum,980,69617.52,0,0.00,3395.70
2024,868,DEPT OF CITYWIDE ADMIN SVCS,1996-06-23T00:00:00.000,BRONX,CUSTODIAN,CEASED,53666.00,per Annum,1633,43891.51,6,314.61,3368.73
2024,868,DEPT OF CITYWIDE ADMIN SVCS,2007-11-19T00:00:00.000,MANHATTAN,ASSOCIATE QUALITY ASSURANCE SPECIALIST,ACTIVE,93337.00,per Annum,1820,93048.62,0,0.00,3331.50
2024,868,DEPT OF CITYWIDE ADMIN SVCS,2010-07-06T00:00:00.000,RICHMOND,CITY CUSTODIAL ASSISTANT,ACTIVE,40527.00,per Annum,2080,39164.17,918,27968.46,3286.80
2024,868,DEPT OF CITYWIDE ADMIN SVCS,2006-03-27T00:00:00.000,QUEENS,CUSTODIAN,CEASED,59453.00,per Annum,920,28328.35,305.25,14099.66,3224.43
2024,868,DEPT OF CITYWIDE ADMIN SVCS,2001-05-20T00:00:00.000,QUEENS,SUPERVISOR OF STOCK WORKERS,CEASED,47774.00,per Annum,647.42,18673.43,58,2369.25,3198.23
2024,868,DEPT OF CITYWIDE ADMIN SVCS,2016-05-31T00:00:00.000,BRONX,CUSTODIAN,CEASED,41108.00,per Annum,1918.17,39210.57,87.5,2725.44,3191.96
2024,868,DEPT OF CITYWIDE ADMIN SVCS,2010-04-26T00:00:00.000,MANHATTAN,CITY CUSTODIAL ASSISTANT,ACTIVE,41548.00,per Annum,2080,40121.41,355.25,11071.71,3179.41
2024,868,DEPT OF CITYWIDE ADMIN SVCS,2017-08-21T00:00:00.000,MANHATTAN,STEAM FITTER,ACTIVE,430.50,per Day,1820,107625.00,201.5,24784.50,3136.50
2024,868,DEPT OF CITYWIDE ADMIN SVCS,2016-04-04T00:00:00.000,MANHATTAN,ADMINISTRATIVE STAFF ANALYST,ACTIVE,122075.00,per Annum,1820,129305.01,0,3.72,3099.00
2024,868,DEPT OF CITYWIDE ADMIN SVCS,2023-10-10T00:00:00.000,MANHATTAN,MAYORAL PROGRAM COORDINATOR,ACTIVE,64998.00,per Annum,1250,42943.81,22,885.39,3075.75
2024,868,DEPT OF CITYWIDE ADMIN SVCS,2016-03-07T00:00:00.000,BROOKLYN,CARPENTER,ACTIVE,398.86,per Day,1820,109471.61,127,11998.78,3059.51
2024,868,DEPT OF CITYWIDE ADMIN SVCS,2017-09-18T00:00:00.000,MANHATTAN,STAFF ANALYST,ACTIVE,78168.00,per Annum,1820,82797.66,52,2850.40,3050.56
2024,868,DEPT OF CITYWIDE ADMIN SVCS,2008-05-26T00:00:00.000,MANHATTAN,STRATEGIC INITIATIVE SPECIALIST,ACTIVE,121555.00,per Annum,1820,118040.60,0,0.00,3045.31
2024,868,DEPT OF CITYWIDE ADMIN SVCS,2022-08-01T00:00:00.000,MANHATTAN,MAYORAL PROGRAM COORDINATOR,ACTIVE,66947.00,per Annum,1820,64325.30,0,0.00,3042.75
2024,868,DEPT OF CITYWIDE ADMIN SVCS,2017-05-01T00:00:00.000,QUEENS,SUPERVISOR OF STOCK WORKERS,ACTIVE,47688.00,per Annum,1820,48776.95,254.75,8557.57,3040.89
2024,868,DEPT OF CITYWIDE ADMIN SVCS,2015-12-28T00:00:00.000,MANHATTAN,ADMINISTRATIVE STAFF ANALYST,ACTIVE,105807.00,per Annum,1820,111608.05,0,0.00,3033.00
2024,868,DEPT OF CITYWIDE ADMIN SVCS,2009-08-17T00:00:00.000,MANHATTAN,CITY CUSTODIAL ASSISTANT,ACTIVE,41548.00,per Annum,2080,40150.38,17,529.82,3030.97
2024,868,DEPT OF CITYWIDE ADMIN SVCS,2017-12-11T00:00:00.000,MANHATTAN,PRINCIPAL ADMINISTRATIVE ASSOCIATE -  NON SUPVR,ACTIVE,59588.00,per Annum,1820,59945.42,351.25,14164.84,3016.93
2024,868,DEPT OF CITYWIDE ADMIN SVCS,2015-01-12T00:00:00.000,MANHATTAN,ADMINISTRATIVE STAFF ANALYST,ACTIVE,124766.00,per Annum,1820,122061.51,0,0.00,3008.25
2024,868,DEPT OF CITYWIDE ADMIN SVCS,2023-07-03T00:00:00.000,MANHATTAN,TESTS AND MEASUREMENT SPECIALIST,ACTIVE,67972.00,per Annum,1750,63381.29,0,0.00,3007.44
2024,868,DEPT OF CITYWIDE ADMIN SVCS,2018-07-30T00:00:00.000,MANHATTAN,COMMUNITY COORDINATOR,CEASED,67983.00,per Annum,700,26059.84,0,0.00,3005.10
2024,868,DEPT OF CITYWIDE ADMIN SVCS,2007-08-06T00:00:00.000,MANHATTAN,COMPUTER SYSTEMS MANAGER,ACTIVE,185366.00,per Annum,1820,193906.12,0,0.00,3000.77
2024,868,DEPT OF CITYWIDE ADMIN SVCS,2008-03-20T00:00:00.000,BROOKLYN,CHAUFFEUR-ATTENDANT,ACTIVE,78307.00,per Annum,2080,81617.58,50.75,2988.22,3000.00
2024,868,DEPT OF CITYWIDE ADMIN SVCS,2023-04-10T00:00:00.000,MANHATTAN,MAYORAL PROGRAM COORDINATOR,ACTIVE,66716.00,per Annum,1820,62882.16,14,491.73,3000.00
2024,868,DEPT OF CITYWIDE ADMIN SVCS,2015-10-14T00:00:00.000,MANHATTAN,COMMISSIONER,ACTIVE,249280.00,per Annum,1820,253391.20,0,0.00,3000.00
2024,868,DEPT OF CITYWIDE ADMIN SVCS,2006-10-08T00:00:00.000,MANHATTAN,COMMISSIONER,ACTIVE,204767.00,per Annum,1820,213799.72,0,0.00,3000.00
2024,868,DEPT OF CITYWIDE ADMIN SVCS,1996-06-23T00:00:00.000,MANHATTAN,EXECUTIVE AGENCY COUNSEL,ACTIVE,180074.00,per Annum,1820,183004.87,0,0.00,3000.00
2024,868,DEPT OF CITYWIDE ADMIN SVCS,2004-10-24T00:00:00.000,MANHATTAN,DEPUTY ASSISTANT COMMISSIONER,ACTIVE,180073.00,per Annum,1820,177846.71,0,0.00,3000.00
2024,868,DEPT OF CITYWIDE ADMIN SVCS,2008-07-14T00:00:00.000,MANHATTAN,ADMINISTRATIVE STAFF ANALYST,ACTIVE,169652.00,per Annum,1820,177630.25,0,0.00,3000.00
2024,868,DEPT OF CITYWIDE ADMIN SVCS,2022-09-06T00:00:00.000,MANHATTAN,ASSISTANT COMMISSIONER,ACTIVE,190957.00,per Annum,1820,177363.21,0,0.00,3000.00
2024,868,DEPT OF CITYWIDE ADMIN SVCS,1996-06-23T00:00:00.000,MANHATTAN,ADMINISTRATIVE STAFF ANALYST,ACTIVE,149924.00,per Annum,1820,159925.47,0,0.00,3000.00
2024,868,DEPT OF CITYWIDE ADMIN SVCS,2023-06-05T00:00:00.000,MANHATTAN,RESEARCH PROJECTS COORD,ACTIVE,166253.00,per Annum,1820,159775.05,0,0.00,3000.00
2024,868,DEPT OF CITYWIDE ADMIN SVCS,2010-03-29T00:00:00.000,MANHATTAN,ADMINISTRATIVE PROJECT MANAGER,ACTIVE,139453.00,per Annum,1820,146969.35,0,0.00,3000.00
2024,868,DEPT OF CITYWIDE ADMIN SVCS,2015-01-12T00:00:00.000,MANHATTAN,ADMINISTRATIVE STAFF ANALYST,ACTIVE,134029.00,per Annum,1820,141252.32,0,0.00,3000.00
2024,868,DEPT OF CITYWIDE ADMIN SVCS,2023-03-13T00:00:00.000,MANHATTAN,ADMINISTRATIVE SPACE ANALYST,ACTIVE,143222.00,per Annum,1820,138740.63,0,0.00,3000.00
2024,868,DEPT OF CITYWIDE ADMIN SVCS,2013-12-16T00:00:00.000,MANHATTAN,ADMINISTRATIVE PRINTING SERVICES MANAGER,ACTIVE,124921.00,per Annum,1820,119991.63,0,0.00,3000.00
2024,868,DEPT OF CITYWIDE ADMIN SVCS,2014-10-20T00:00:00.000,MANHATTAN,ADMINISTRATIVE MANAGER,CEASED,120142.00,per Annum,1715,119703.01,0,0.00,3000.00
2024,868,DEPT OF CITYWIDE ADMIN SVCS,2016-05-16T00:00:00.000,MANHATTAN,ADMINISTRATIVE PROCUREMENT ANALYST-NON-MGRL,ACTIVE,116370.00,per Annum,1820,118415.29,0,0.00,3000.00
2024,868,DEPT OF CITYWIDE ADMIN SVCS,2023-05-22T00:00:00.000,MANHATTAN,ADMINISTRATIVE SPACE ANALYST,ACTIVE,106090.00,per Annum,1820,104114.48,0,0.00,3000.00
2024,868,DEPT OF CITYWIDE ADMIN SVCS,2015-03-30T00:00:00.000,MANHATTAN,ADMINISTRATIVE PUBLIC INFORMATION SPECIALIST NM FORMER M1/M2,ACTIVE,110974.00,per Annum,1820,102691.86,0,0.00,3000.00
2024,868,DEPT OF CITYWIDE ADMIN SVCS,2022-11-21T00:00:00.000,MANHATTAN,RESEARCH PROJECTS COORD,ACTIVE,104917.00,per Annum,1820,100807.99,0,0.00,3000.00
2024,868,DEPT OF CITYWIDE ADMIN SVCS,2023-05-08T00:00:00.000,MANHATTAN,RESEARCH PROJECTS COORD,ACTIVE,106090.00,per Annum,1750,99257.71,0,0.00,3000.00
2024,868,DEPT OF CITYWIDE ADMIN SVCS,2008-09-15T00:00:00.000,MANHATTAN,ADMINISTRATIVE INVESTIGATOR,ACTIVE,101297.00,per Annum,1820,97497.67,0,0.00,3000.00
2024,868,DEPT OF CITYWIDE ADMIN SVCS,2018-12-10T00:00:00.000,MANHATTAN,ASSOCIATE QUALITY ASSURANCE SPECIALIST,ACTIVE,93462.00,per Annum,1820,95342.15,0,0.00,3000.00
2024,868,DEPT OF CITYWIDE ADMIN SVCS,2023-08-14T00:00:00.000,MANHATTAN,EXECUTIVE ASSISTANT TO THE COMMISSIONER,ACTIVE,97850.00,per Annum,1540,80054.38,0,0.00,3000.00
2024,868,DEPT OF CITYWIDE ADMIN SVCS,2022-07-18T00:00:00.000,MANHATTAN,PROCUREMENT ANALYST,ACTIVE,83095.00,per Annum,1820,79544.41,0,0.00,3000.00
2024,868,DEPT OF CITYWIDE ADMIN SVCS,2023-09-11T00:00:00.000,MANHATTAN,RESEARCH PROJECTS COORD,ACTIVE,104473.00,per Annum,1400,77221.47,0,0.00,3000.00
2024,868,DEPT OF CITYWIDE ADMIN SVCS,2023-01-30T00:00:00.000,MANHATTAN,STAFF ANALYST,ACTIVE,67603.00,per Annum,1820,68254.95,0,0.00,3000.00
2024,868,DEPT OF CITYWIDE ADMIN SVCS,2022-09-26T00:00:00.000,MANHATTAN,STAFF ANALYST TRAINEE,ACTIVE,57201.00,per Annum,1820,57562.63,0,0.00,3000.00
2024,868,DEPT OF CITYWIDE ADMIN SVCS,2023-07-17T00:00:00.000,MANHATTAN,MAYORAL PROGRAM COORDINATOR,ACTIVE,57461.00,per Annum,1680,50887.36,0,0.00,3000.00
2024,868,DEPT OF CITYWIDE ADMIN SVCS,2024-01-29T00:00:00.000,MANHATTAN,ADMINISTRATIVE SPACE ANALYST,ACTIVE,123600.00,per Annum,700,46127.84,0,0.00,3000.00
2024,868,DEPT OF CITYWIDE ADMIN SVCS,2024-01-02T00:00:00.000,MANHATTAN,RESEARCH PROJECTS COORD,ACTIVE,101339.00,per Annum,840,45221.72,0,0.00,3000.00
2024,868,DEPT OF CITYWIDE ADMIN SVCS,2008-01-07T00:00:00.000,MANHATTAN,COMMUNITY ASSOCIATE,ACTIVE,58178.00,per Annum,1820,56197.45,506.75,20934.51,2797.76
2024,868,DEPT OF CITYWIDE ADMIN SVCS,2017-05-15T00:00:00.000,BRONX,CITY CUSTODIAL ASSISTANT,ACTIVE,41548.00,per Annum,2080,40150.38,415,12565.12,2669.04
2024,868,DEPT OF CITYWIDE ADMIN SVCS,2018-02-20T00:00:00.000,MANHATTAN,SPECIAL OFFICER,CEASED,51713.00,per Annum,0,0.00,0,0.00,2630.39
2024,868,DEPT OF CITYWIDE ADMIN SVCS,2024-02-12T00:00:00.000,MANHATTAN,STAFF ANALYST,ACTIVE,67603.00,per Annum,630,23273.19,0,0.00,2395.96
2024,868,DEPT OF CITYWIDE ADMIN SVCS,2012-05-21T00:00:00.000,MANHATTAN,GRAPHIC ARTIST,ACTIVE,71406.00,per Annum,1820,69003.60,33.25,1406.38,2331.58
2024,868,DEPT OF CITYWIDE ADMIN SVCS,2023-08-28T00:00:00.000,BRONX,CITY CUSTODIAL ASSISTANT,ACTIVE,38712.00,per Annum,1680,30190.44,24,657.90,2205.00
2024,868,DEPT OF CITYWIDE ADMIN SVCS,2008-12-01T00:00:00.000,MANHATTAN,ELEVATOR MECHANIC,ACTIVE,487.12,per Day,2080,125676.96,301.75,27587.69,2070.26
2024,868,DEPT OF CITYWIDE ADMIN SVCS,2013-12-02T00:00:00.000,BRONX,CUSTODIAN,ACTIVE,41548.00,per Annum,2080,40150.38,691,20023.65,2009.19
2024,868,DEPT OF CITYWIDE ADMIN SVCS,2014-04-20T00:00:00.000,MANHATTAN,CLERICAL ASSOCIATE,ACTIVE,66788.00,per Annum,1820,64541.48,0,0.00,1968.54
2024,868,DEPT OF CITYWIDE ADMIN SVCS,2023-04-24T00:00:00.000,MANHATTAN,MAYORAL PROGRAM COORDINATOR,ACTIVE,32.38,per Hour,1585.17,49543.09,0,0.00,1947.31
2024,868,DEPT OF CITYWIDE ADMIN SVCS,2017-10-02T00:00:00.000,BRONX,CUSTODIAN,ACTIVE,41548.00,per Annum,2080,40150.38,900.25,26922.77,1683.72
2024,868,DEPT OF CITYWIDE ADMIN SVCS,2013-11-04T00:00:00.000,QUEENS,CITY CUSTODIAL ASSISTANT,ACTIVE,41548.00,per Annum,2080,40150.38,135.5,3946.85,1622.82
2024,868,DEPT OF CITYWIDE ADMIN SVCS,2022-08-29T00:00:00.000,MANHATTAN,NEW YORK CITY FELLOW,ACTIVE,32.13,per Hour,276.47,8766.35,0,0.00,1595.55
2024,868,DEPT OF CITYWIDE ADMIN SVCS,2007-09-17T00:00:00.000,BROOKLYN,COMMUNITY ASSISTANT,ACTIVE,42116.00,per Annum,1820,40676.00,250.75,7109.85,1476.10
2024,868,DEPT OF CITYWIDE ADMIN SVCS,1996-06-23T00:00:00.000,MANHATTAN,COMMUNITY ASSISTANT,ACTIVE,42494.00,per Annum,1820,41041.91,0,0.00,1471.46
2024,868,DEPT OF CITYWIDE ADMIN SVCS,1996-06-23T00:00:00.000,MANHATTAN,COMMUNITY ASSISTANT,ACTIVE,42494.00,per Annum,1820,41041.91,0,0.00,1471.46
2024,868,DEPT OF CITYWIDE ADMIN SVCS,2022-07-25T00:00:00.000,QUEENS,CITY CUSTODIAL ASSISTANT,ACTIVE,38712.00,per Annum,2080,37324.56,62.25,1712.70,1463.56
2024,868,DEPT OF CITYWIDE ADMIN SVCS,2022-10-11T00:00:00.000,MANHATTAN,SPECIAL EXAMINER,ACTIVE,29.07,per Hour,1114,31508.10,3.5,148.18,1380.97
2024,868,DEPT OF CITYWIDE ADMIN SVCS,2018-10-01T00:00:00.000,MANHATTAN,BOOKKEEPER,ACTIVE,60445.00,per Annum,1820,58411.10,0,0.00,1343.81
2024,868,DEPT OF CITYWIDE ADMIN SVCS,2022-12-05T00:00:00.000,MANHATTAN,PRINCIPAL ADMINISTRATIVE ASSOCIATE -  NON SUPVR,CEASED,78558.00,per Annum,455,20711.53,233,14291.42,1283.41
2024,868,DEPT OF CITYWIDE ADMIN SVCS,2023-08-28T00:00:00.000,MANHATTAN,NEW YORK CITY FELLOW,ACTIVE,31.19,per Hour,1414,42885.99,0,0.00,1275.86
2024,868,DEPT OF CITYWIDE ADMIN SVCS,1996-06-23T00:00:00.000,MANHATTAN,PRINCIPAL ADMINISTRATIVE ASSOCIATE -  NON SUPVR,CEASED,84890.00,per Annum,376.75,22439.80,0,0.00,1144.66
2024,868,DEPT OF CITYWIDE ADMIN SVCS,2018-09-04T00:00:00.000,QUEENS,CITY CUSTODIAL ASSISTANT,ACTIVE,41548.00,per Annum,2080,40150.38,1143,33724.76,1142.35
2024,868,DEPT OF CITYWIDE ADMIN SVCS,2021-12-06T00:00:00.000,MANHATTAN,CITY CUSTODIAL ASSISTANT,ACTIVE,41548.00,per Annum,2080,35529.04,391.25,10026.33,1104.47
2024,868,DEPT OF CITYWIDE ADMIN SVCS,2015-06-29T00:00:00.000,BRONX,CITY CUSTODIAL ASSISTANT,ACTIVE,41548.00,per Annum,2080,40150.38,618,17908.53,985.27
2024,868,DEPT OF CITYWIDE ADMIN SVCS,2023-07-03T00:00:00.000,MANHATTAN,CITY CUSTODIAL ASSISTANT,ACTIVE,38712.00,per Annum,2000,35941.00,900.5,24796.80,870.05
2024,868,DEPT OF CITYWIDE ADMIN SVCS,2017-02-06T00:00:00.000,MANHATTAN,CITY CUSTODIAL ASSISTANT,ACTIVE,41548.00,per Annum,2080,40150.38,185.5,5375.43,767.93
2024,868,DEPT OF CITYWIDE ADMIN SVCS,2017-05-15T00:00:00.000,QUEENS,PRINCIPAL ADMINISTRATIVE ASSOCIATE -  NON SUPVR,ACTIVE,60644.00,per Annum,1820,47410.37,86.25,2893.20,756.71
2024,868,DEPT OF CITYWIDE ADMIN SVCS,2021-08-15T00:00:00.000,RICHMOND,CITY CUSTODIAL ASSISTANT,ACTIVE,41548.00,per Annum,2080,39626.99,425.5,12254.29,754.89
2024,868,DEPT OF CITYWIDE ADMIN SVCS,2020-01-21T00:00:00.000,MANHATTAN,PRINCIPAL ADMINISTRATIVE ASSOCIATE -  NON SUPVR,CEASED,63686.00,per Annum,420,15860.69,0,25.76,749.95
2024,868,DEPT OF CITYWIDE ADMIN SVCS,2010-06-07T00:00:00.000,MANHATTAN,SECRETARY TO THE DEPUTY COMMISSIONER,ACTIVE,103291.00,per Annum,1820,89630.44,0,0.00,725.24
2024,868,DEPT OF CITYWIDE ADMIN SVCS,2022-08-01T00:00:00.000,MANHATTAN,CLERICAL ASSOCIATE,CEASED,52510.00,per Annum,980,28120.12,0,0.00,701.54
2024,868,DEPT OF CITYWIDE ADMIN SVCS,2024-01-16T00:00:00.000,MANHATTAN,INVESTIGATOR,ACTIVE,53775.00,per Annum,770,21933.67,0,0.00,614.19
2024,868,DEPT OF CITYWIDE ADMIN SVCS,2002-06-16T00:00:00.000,MANHATTAN,ADMINISTRATIVE CITY PLANNER,ACTIVE,205968.00,per Annum,1820,215808.18,0,0.00,521.93
2024,868,DEPT OF CITYWIDE ADMIN SVCS,2024-05-20T00:00:00.000,MANHATTAN,COMPUTER SPECIALIST,ACTIVE,128010.00,per Annum,140,9507.92,0,0.00,423.90
2024,868,DEPT OF CITYWIDE ADMIN SVCS,2023-07-17T00:00:00.000,BRONX,CITY CUSTODIAL ASSISTANT,ACTIVE,38712.00,per Annum,1920,34498.87,613.75,16492.50,382.50
2024,868,DEPT OF CITYWIDE ADMIN SVCS,1996-06-23T00:00:00.000,QUEENS,STATIONARY ENGINEER,CEASED,523.92,per Day,0,3633.13,0,1682.41,359.41
2024,868,DEPT OF CITYWIDE ADMIN SVCS,2013-08-26T00:00:00.000,MANHATTAN,RADIO AND TELEVISION OPERATOR,CEASED,56841.00,per Annum,168.93,5294.34,0,0.00,298.17
2024,868,DEPT OF CITYWIDE ADMIN SVCS,2004-05-16T00:00:00.000,MANHATTAN,ADMINISTRATIVE STAFF ANALYST,CEASED,183578.00,per Annum,560,72121.64,0,0.00,250.00
2024,868,DEPT OF CITYWIDE ADMIN SVCS,2022-01-18T00:00:00.000,MANHATTAN,ARCHITECT,ACTIVE,116637.00,per Annum,1820,107223.32,0,0.00,246.63
2024,868,DEPT OF CITYWIDE ADMIN SVCS,2023-08-14T00:00:00.000,MANHATTAN,CONSTRUCTION PROJECT MANAGER,ACTIVE,95275.00,per Annum,1540,77841.50,8.75,537.93,230.80
2024,868,DEPT OF CITYWIDE ADMIN SVCS,2019-01-22T00:00:00.000,BROOKLYN,CITY CUSTODIAL ASSISTANT,ACTIVE,41548.00,per Annum,2080,40150.38,375.25,10874.71,214.50
2024,868,DEPT OF CITYWIDE ADMIN SVCS,2019-04-29T00:00:00.000,MANHATTAN,COMMUNITY COORDINATOR,ACTIVE,74194.00,per Annum,1820,71646.37,325,14518.79,209.92
2024,868,DEPT OF CITYWIDE ADMIN SVCS,1997-03-02T00:00:00.000,RICHMOND,MAINTENANCE WORKER,CEASED,272.32,per Day,1640,58446.10,65,6597.21,187.11
2024,868,DEPT OF CITYWIDE ADMIN SVCS,2018-03-19T00:00:00.000,MANHATTAN,AGENCY ATTORNEY,CEASED,117942.00,per Annum,0,7570.48,0,79.72,183.90
2024,868,DEPT OF CITYWIDE ADMIN SVCS,2022-08-29T00:00:00.000,MANHATTAN,CITY CUSTODIAL ASSISTANT,ACTIVE,38712.00,per Annum,2080,37324.56,4.75,128.25,168.75
2024,868,DEPT OF CITYWIDE ADMIN SVCS,2023-04-10T00:00:00.000,MANHATTAN,CITY CUSTODIAL ASSISTANT,ACTIVE,38712.00,per Annum,2080,37324.56,285.75,7641.21,166.03
2024,868,DEPT OF CITYWIDE ADMIN SVCS,2017-12-26T00:00:00.000,QUEENS,COMMUNITY ASSOCIATE,ACTIVE,59268.00,per Annum,1820,57233.16,64,2503.95,156.75
2024,868,DEPT OF CITYWIDE ADMIN SVCS,2022-08-29T00:00:00.000,MANHATTAN,CITY RESEARCH SCIENTIST,ACTIVE,109329.00,per Annum,1820,105110.62,0,0.00,146.74
2024,868,DEPT OF CITYWIDE ADMIN SVCS,2023-04-10T00:00:00.000,MANHATTAN,CITY CUSTODIAL ASSISTANT,ACTIVE,38712.00,per Annum,2080,36605.76,330.75,8625.04,134.85
2024,868,DEPT OF CITYWIDE ADMIN SVCS,2015-07-13T00:00:00.000,QUEENS,CITY CUSTODIAL ASSISTANT,ACTIVE,41548.00,per Annum,2080,40131.04,10.25,297.03,118.00
2024,868,DEPT OF CITYWIDE ADMIN SVCS,2008-08-04T00:00:00.000,MANHATTAN,COMPUTER SYSTEMS MANAGER,ACTIVE,140690.00,per Annum,1820,135858.87,42.5,3775.52,103.75
2024,868,DEPT OF CITYWIDE ADMIN SVCS,2004-02-29T00:00:00.000,BROOKLYN,SUPERVISOR CARPENTER,CEASED,410.55,per Day,0,2114.07,0,644.99,65.88
2024,868,DEPT OF CITYWIDE ADMIN SVCS,2024-01-16T00:00:00.000,BROOKLYN,STATIONARY ENGINEER,CEASED,508.80,per Day,120,7118.10,0,0.00,46.00
2024,868,DEPT OF CITYWIDE ADMIN SVCS,2019-01-22T00:00:00.000,MANHATTAN,ADMINISTRATIVE SUPERVISOR OF BUILDING MAINTENANCE,CEASED,119900.00,per Annum,350,13770.69,0,0.00,45.64
2024,868,DEPT OF CITYWIDE ADMIN SVCS,2023-03-27T00:00:00.000,MANHATTAN,TELECOMMUNICATIONS ASSOCIATE,ACTIVE,73241.00,per Annum,1820,70726.39,24,1099.50,44.68
2024,868,DEPT OF CITYWIDE ADMIN SVCS,2023-08-14T00:00:00.000,MANHATTAN,CITY CUSTODIAL ASSISTANT,ACTIVE,38712.00,per Annum,2079.25,37253.34,129,3483.00,41.25
2024,868,DEPT OF CITYWIDE ADMIN SVCS,2002-08-25T00:00:00.000,QUEENS,CITY CUSTODIAL ASSISTANT,CEASED,40460.00,per Annum,0,1297.23,0,127.38,37.42
2024,868,DEPT OF CITYWIDE ADMIN SVCS,2024-01-29T00:00:00.000,MANHATTAN,SPECIAL OFFICER,CEASED,38074.00,per Annum,272,4802.81,0,0.00,36.46
2024,868,DEPT OF CITYWIDE ADMIN SVCS,2023-04-24T00:00:00.000,BRONX,CITY CUSTODIAL ASSISTANT,ACTIVE,38712.00,per Annum,2080,36893.28,132.5,3530.60,35.50
2024,868,DEPT OF CITYWIDE ADMIN SVCS,2019-02-19T00:00:00.000,QUEENS,CITY CUSTODIAL ASSISTANT,ACTIVE,41548.00,per Annum,2080,40121.41,127.75,3702.16,24.75
2024,868,DEPT OF CITYWIDE ADMIN SVCS,2024-01-29T00:00:00.000,MANHATTAN,SPECIAL OFFICER,ACTIVE,38074.00,per Annum,800,14547.40,6.75,185.09,21.88
2024,868,DEPT OF CITYWIDE ADMIN SVCS,2014-09-08T00:00:00.000,QUEENS,CITY CUSTODIAL ASSISTANT,ACTIVE,41548.00,per Annum,2080,40150.38,340.75,9874.56,16.50
2024,868,DEPT OF CITYWIDE ADMIN SVCS,2023-09-05T00:00:00.000,MANHATTAN,SPECIAL EXAMINER,ACTIVE,26.60,per Hour,9.5,245.39,0,0.00,15.59
2024,868,DEPT OF CITYWIDE ADMIN SVCS,1996-06-23T00:00:00.000,QUEENS,SUPERVISOR OF STOCK WORKERS,CEASED,66125.00,per Annum,0,2336.11,0,305.82,13.18
2024,868,DEPT OF CITYWIDE ADMIN SVCS,2021-12-06T00:00:00.000,MANHATTAN,ARCHITECT,CEASED,108110.00,per Annum,35,2150.80,0,0.00,3.67
2024,868,DEPT OF CITYWIDE ADMIN SVCS,2001-04-08T00:00:00.000,BROOKLYN,CARPENTER,CEASED,387.24,per Day,0,2553.29,0,827.86,1.82
2024,868,DEPT OF CITYWIDE ADMIN SVCS,2022-07-25T00:00:00.000,MANHATTAN,CITY CUSTODIAL ASSISTANT,ACTIVE,38712.00,per Annum,2080,37324.56,378.25,10185.95,0.00
2024,868,DEPT OF CITYWIDE ADMIN SVCS,2018-04-30T00:00:00.000,BROOKLYN,CITY CUSTODIAL ASSISTANT,ACTIVE,41548.00,per Annum,2080,40150.38,272,7882.33,0.00
2024,868,DEPT OF CITYWIDE ADMIN SVCS,2017-05-15T00:00:00.000,BRONX,ELEVATOR MECHANIC,ACTIVE,487.12,per Day,2080,126651.20,221,20672.15,0.00
2024,868,DEPT OF CITYWIDE ADMIN SVCS,2023-04-24T00:00:00.000,BROOKLYN,CITY CUSTODIAL ASSISTANT,ACTIVE,38712.00,per Annum,2080,37324.56,206.25,5534.64,0.00
2024,868,DEPT OF CITYWIDE ADMIN SVCS,2016-05-16T00:00:00.000,BRONX,CITY CUSTODIAL ASSISTANT,ACTIVE,41549.00,per Annum,2080,40151.42,119.5,3463.07,0.00
2024,868,DEPT OF CITYWIDE ADMIN SVCS,2024-02-26T00:00:00.000,BRONX,ELEVATOR MECHANIC HELPER,ACTIVE,296.00,per Day,640,21293.50,32.5,1803.75,0.00
2024,868,DEPT OF CITYWIDE ADMIN SVCS,1996-06-23T00:00:00.000,MANHATTAN,SENIOR STATIONARY ENGINEER,CEASED,616.40,per Day,0,9917.83,0,1017.36,0.00
2024,868,DEPT OF CITYWIDE ADMIN SVCS,2015-12-28T00:00:00.000,MANHATTAN,COMMUNITY COORDINATOR,ACTIVE,102771.00,per Annum,1820,99314.01,0,0.00,0.00
2024,868,DEPT OF CITYWIDE ADMIN SVCS,2023-07-31T00:00:00.000,MANHATTAN,COMPUTER SPECIALIST,ACTIVE,96087.00,per Annum,1610,82072.97,0,0.00,0.00
2024,868,DEPT OF CITYWIDE ADMIN SVCS,2023-08-14T00:00:00.000,MANHATTAN,CITY RESEARCH SCIENTIST,ACTIVE,95070.00,per Annum,1540,77674.08,0,0.00,0.00
2024,868,DEPT OF CITYWIDE ADMIN SVCS,2008-03-10T00:00:00.000,QUEENS,CITY LABORER,ACTIVE,290.00,per Day,2080,72083.12,0,0.00,0.00
2024,868,DEPT OF CITYWIDE ADMIN SVCS,2009-04-13T00:00:00.000,MANHATTAN,EXECUTIVE AGENCY COUNSEL,CEASED,150000.00,per Annum,770,62555.54,0,0.00,0.00
2024,868,DEPT OF CITYWIDE ADMIN SVCS,2019-07-22T00:00:00.000,MANHATTAN,COMPUTER ASSOCIATE,ACTIVE,62507.00,per Annum,1820,60853.48,0,0.00,0.00
2024,868,DEPT OF CITYWIDE ADMIN SVCS,2023-06-05T00:00:00.000,MANHATTAN,COMMUNITY COORDINATOR,ACTIVE,60889.00,per Annum,1820,57665.02,0,0.00,0.00
2024,868,DEPT OF CITYWIDE ADMIN SVCS,2023-10-23T00:00:00.000,MANHATTAN,MANAGEMENT AUDITOR,ACTIVE,83947.00,per Annum,1190,52998.52,0,0.00,0.00
2024,868,DEPT OF CITYWIDE ADMIN SVCS,2023-09-25T00:00:00.000,MANHATTAN,COMMUNITY COORDINATOR,ACTIVE,60889.00,per Annum,1330,42964.13,0,0.00,0.00
2024,868,DEPT OF CITYWIDE ADMIN SVCS,2022-12-19T00:00:00.000,MANHATTAN,COMMUNITY COORDINATOR,ACTIVE,33.33,per Hour,1139.25,42094.21,0,0.00,0.00
2024,868,DEPT OF CITYWIDE ADMIN SVCS,2014-06-02T00:00:00.000,BROOKLYN,CITY CUSTODIAL ASSISTANT,ACTIVE,41548.00,per Annum,2080,40150.38,0,0.00,0.00
2024,868,DEPT OF CITYWIDE ADMIN SVCS,2024-04-29T00:00:00.000,MANHATTAN,RESEARCH PROJECTS COORD,ACTIVE,164800.00,per Annum,245,21722.41,0,0.00,0.00
2024,868,DEPT OF CITYWIDE ADMIN SVCS,2023-09-06T00:00:00.000,MANHATTAN,COLLEGE AIDE,ACTIVE,16.00,per Hour,728.25,11652.00,0,0.00,0.00
2024,868,DEPT OF CITYWIDE ADMIN SVCS,2022-08-29T00:00:00.000,MANHATTAN,NEW YORK CITY FELLOW,CEASED,30.28,per Hour,384.62,11646.20,0,0.00,0.00
2024,868,DEPT OF CITYWIDE ADMIN SVCS,2017-11-27T00:00:00.000,MANHATTAN,ADMINISTRATIVE PROCUREMENT ANALYST-NON-MGRL,CEASED,108267.00,per Annum,110.2,11549.66,0,0.00,0.00
2024,868,DEPT OF CITYWIDE ADMIN SVCS,2023-03-27T00:00:00.000,BRONX,JOB TRAINING PARTICIPANT,CEASED,18.00,per Hour,543.63,9666.23,0,0.00,0.00
2024,868,DEPT OF CITYWIDE ADMIN SVCS,2023-09-25T00:00:00.000,MANHATTAN,COLLEGE AIDE,CEASED,17.00,per Hour,527.25,8963.25,0,0.00,0.00
2024,868,DEPT OF CITYWIDE ADMIN SVCS,2024-05-06T00:00:00.000,MANHATTAN,PROJECT MANAGER,ACTIVE,73878.00,per Annum,210,8230.86,0,0.00,0.00
2024,868,DEPT OF CITYWIDE ADMIN SVCS,2024-05-20T00:00:00.000,MANHATTAN,ADMINISTRATIVE SPACE ANALYST,ACTIVE,108150.00,per Annum,140,8032.78,0,0.00,0.00
2024,868,DEPT OF CITYWIDE ADMIN SVCS,2023-10-02T00:00:00.000,MANHATTAN,HIGH SCHOOL STUDENT AIDE,ACTIVE,16.00,per Hour,482.5,7237.50,0,0.00,0.00
2024,868,DEPT OF CITYWIDE ADMIN SVCS,2024-04-08T00:00:00.000,QUEENS,CITY CUSTODIAL ASSISTANT,ACTIVE,38712.00,per Annum,400,6898.58,0,0.00,0.00
2024,868,DEPT OF CITYWIDE ADMIN SVCS,2023-10-13T00:00:00.000,MANHATTAN,COLLEGE AIDE,ACTIVE,16.00,per Hour,357,5712.00,0,0.00,0.00
2024,868,DEPT OF CITYWIDE ADMIN SVCS,2024-06-03T00:00:00.000,MANHATTAN,ADMINISTRATIVE REAL PROPERTY MANAGER,ACTIVE,112000.00,per Annum,70,4284.15,0,0.00,0.00
2024,868,DEPT OF CITYWIDE ADMIN SVCS,2023-07-17T00:00:00.000,MANHATTAN,SUMMER COLLEGE INTERN,CEASED,15.00,per Hour,173.75,2606.25,0,0.00,0.00
2024,868,DEPT OF CITYWIDE ADMIN SVCS,2014-12-15T00:00:00.000,MANHATTAN,SPECIAL EXAMINER,CEASED,26.68,per Hour,82.5,2201.10,0,0.00,0.00
2024,868,DEPT OF CITYWIDE ADMIN SVCS,2016-03-07T00:00:00.000,MANHATTAN,ADMINISTRATIVE STAFF ANALYST,CEASED,86985.00,per Annum,0,1431.47,0,0.00,0.00
2024,868,DEPT OF CITYWIDE ADMIN SVCS,2024-06-03T00:00:00.000,MANHATTAN,SUMMER COLLEGE INTERN,ACTIVE,18.00,per Hour,35,630.00,0,0.00,0.00
2024,868,DEPT OF CITYWIDE ADMIN SVCS,1996-06-23T00:00:00.000,MANHATTAN,ADMINISTRATIVE PROCUREMENT ANALYST-NON-MGRL,CEASED,76647.00,per Annum,0,575.11,0,0.00,0.00
2024,868,DEPT OF CITYWIDE ADMIN SVCS,2016-07-10T00:00:00.000,BROOKLYN,STAFF ANALYST,CEASED,63847.00,per Annum,0,517.43,0,0.00,0.00
2024,868,DEPT OF CITYWIDE ADMIN SVCS,2019-07-22T00:00:00.000,MANHATTAN,PROCUREMENT ANALYST,CEASED,71082.00,per Annum,0,162.91,0,0.00,0.00
2024,868,DEPT OF CITYWIDE ADMIN SVCS,2009-07-20T00:00:00.000,MANHATTAN,CUSTODIAN,CEASED,39911.00,per Annum,0,16.59,0,0.00,0.00
2024,868,DEPT OF CITYWIDE ADMIN SVCS,2015-12-14T00:00:00.000,MANHATTAN,ASSISTANT ARCHITECT,ON LEAVE,96773.00,per Annum,1120,-720.76,0,0.00,-32.18
2024,826,DEPT OF ENVIRONMENT PROTECTION,2008-03-03T00:00:00.000,BROOKLYN,SEWAGE TREATMENT WORKER,ON LEAVE,393.20,per Day,2000,101897.20,40,2850.09,22919.67
2024,826,DEPT OF ENVIRONMENT PROTECTION,2006-07-17T00:00:00.000,QUEENS,SEWAGE TREATMENT WORKER,ACTIVE,393.20,per Day,2080,108603.52,212,15536.09,23112.72
2024,826,DEPT OF ENVIRONMENT PROTECTION,2009-01-05T00:00:00.000,ULSTER,ENVIRONMENTAL POLICE OFFICER,ACTIVE,93182.00,per Annum,2340,122152.02,0,21.53,21207.04
2024,826,DEPT OF ENVIRONMENT PROTECTION,2007-07-16T00:00:00.000,QUEENS,AGENCY ATTORNEY,ACTIVE,100765.00,per Annum,1820,106148.87,0,0.00,21028.82
2024,826,DEPT OF ENVIRONMENT PROTECTION,1990-03-12T00:00:00.000,RICHMOND,CONSTRUCTION LABORER,ACTIVE,396.48,per Day,2080,110903.03,420.25,35210.88,20526.08
2024,826,DEPT OF ENVIRONMENT PROTECTION,2001-07-30T00:00:00.000,SULLIVAN,ENVIRONMENTAL POLICE OFFICER,ACTIVE,77861.00,per Annum,2340,103409.20,172,8697.87,19732.84
2024,826,DEPT OF ENVIRONMENT PROTECTION,2015-09-08T00:00:00.000,MANHATTAN,SEWAGE TREATMENT WORKER,ON SEPARATION LEAVE,393.20,per Day,2080,102345.47,558.5,44164.44,19598.09
2024,826,DEPT OF ENVIRONMENT PROTECTION,1988-08-22T00:00:00.000,BROOKLYN,SENIOR SEWAGE TREATMENT WORKER,ON SEPARATION LEAVE,433.20,per Day,2080,120003.43,57.5,5319.32,19043.59
2024,826,DEPT OF ENVIRONMENT PROTECTION,2006-09-18T00:00:00.000,BROOKLYN,SEWAGE TREATMENT WORKER,ACTIVE,393.20,per Day,2080,108603.52,242,17372.72,18872.44
2024,826,DEPT OF ENVIRONMENT PROTECTION,2022-07-05T00:00:00.000,QUEENS,SEWAGE TREATMENT WORKER,ACTIVE,393.20,per Day,2080,106169.34,284.47,22217.62,18833.82
2024,826,DEPT OF ENVIRONMENT PROTECTION,2017-04-24T00:00:00.000,BROOKLYN,CONSTRUCTION LABORER,ACTIVE,396.48,per Day,2080,110903.03,41.25,3412.03,18726.12
2024,826,DEPT OF ENVIRONMENT PROTECTION,2016-06-13T00:00:00.000,BROOKLYN,SUPERVISOR,ACTIVE,108488.00,per Annum,2080,107583.44,320.75,24182.60,18609.61
2024,826,DEPT OF ENVIRONMENT PROTECTION,1996-05-30T00:00:00.000,MANHATTAN,DISTRICT SUPERVISOR,ACTIVE,113936.00,per Annum,2080,107616.67,494.5,40326.13,18325.44
2024,826,DEPT OF ENVIRONMENT PROTECTION,2003-06-02T00:00:00.000,ULSTER,ENVIRONMENTAL POLICE OFFICER,ACTIVE,77861.00,per Annum,2340,100542.73,66.43,3078.37,16352.93
2024,826,DEPT OF ENVIRONMENT PROTECTION,1989-06-26T00:00:00.000,RICHMOND,DISTRICT SUPERVISOR,ACTIVE,114040.00,per Annum,2080,110100.76,756,62895.07,16068.57
2024,826,DEPT OF ENVIRONMENT PROTECTION,1995-05-30T00:00:00.000,ULSTER,ASSOCIATE PROJECT MANAGER,ACTIVE,131753.00,per Annum,1820,127090.29,25.5,2313.53,15501.19
2024,826,DEPT OF ENVIRONMENT PROTECTION,2003-12-01T00:00:00.000,SCHOHARIE,ENVIRONMENTAL POLICE OFFICER,ACTIVE,77861.00,per Annum,2340,103409.20,54.15,3587.91,23210.50
2024,826,DEPT OF ENVIRONMENT PROTECTION,2019-04-21T00:00:00.000,BROOKLYN,SEWAGE TREATMENT WORKER,ACTIVE,393.20,per Day,2080,107391.20,20.25,1939.73,23593.50
2024,826,DEPT OF ENVIRONMENT PROTECTION,2002-04-22T00:00:00.000,MANHATTAN,SEWAGE TREATMENT WORKER,ACTIVE,393.20,per Day,2080,108603.52,17,1450.41,23685.08
2024,826,DEPT OF ENVIRONMENT PROTECTION,2002-10-07T00:00:00.000,DELAWARE,ENVIRONMENTAL POLICE OFFICER,ACTIVE,93182.00,per Annum,2340,123754.64,110.48,8286.98,23991.44
2024,826,DEPT OF ENVIRONMENT PROTECTION,1992-01-06T00:00:00.000,BRONX,SEWAGE TREATMENT WORKER,ACTIVE,393.20,per Day,2080,108187.06,1,144.77,24033.70
2024,826,DEPT OF ENVIRONMENT PROTECTION,2006-01-09T00:00:00.000,MANHATTAN,SEWAGE TREATMENT WORKER,ACTIVE,393.20,per Day,2080,106411.14,113,7487.84,24103.40
2024,826,DEPT OF ENVIRONMENT PROTECTION,2015-09-08T00:00:00.000,MANHATTAN,SENIOR SEWAGE TREATMENT WORKER,ACTIVE,433.20,per Day,2080,119082.32,804.75,67499.03,24638.84
2024,826,DEPT OF ENVIRONMENT PROTECTION,2013-06-24T00:00:00.000,QUEENS,SEWAGE TREATMENT WORKER,ACTIVE,393.20,per Day,2080,108603.52,415.33,32783.45,25630.37
2024,826,DEPT OF ENVIRONMENT PROTECTION,2016-09-26T00:00:00.000,MANHATTAN,SEWAGE TREATMENT WORKER,ACTIVE,393.20,per Day,2080,99147.05,570.25,41311.49,26202.01
2024,826,DEPT OF ENVIRONMENT PROTECTION,2019-12-02T00:00:00.000,QUEENS,SEWAGE TREATMENT WORKER,ACTIVE,393.20,per Day,2080,108603.52,98,5964.61,26367.00
2024,826,DEPT OF ENVIRONMENT PROTECTION,2002-06-30T00:00:00.000,RICHMOND,SEWAGE TREATMENT WORKER,ACTIVE,393.20,per Day,2080,108603.52,201,15213.38,26684.32
2024,826,DEPT OF ENVIRONMENT PROTECTION,1998-12-21T00:00:00.000,BRONX,SENIOR SEWAGE TREATMENT WORKER,ACTIVE,433.20,per Day,2080,119656.87,432.5,38126.17,27061.91
2024,826,DEPT OF ENVIRONMENT PROTECTION,2006-03-20T00:00:00.000,QUEENS,SEWAGE TREATMENT WORKER,ACTIVE,393.20,per Day,2080,108603.52,737.5,55328.54,27655.32
2024,826,DEPT OF ENVIRONMENT PROTECTION,1989-01-23T00:00:00.000,MANHATTAN,OILER,ACTIVE,522.32,per Day,2080,150800.86,291.5,32880.48,27668.80
2024,826,DEPT OF ENVIRONMENT PROTECTION,2019-03-04T00:00:00.000,BROOKLYN,SEWAGE TREATMENT WORKER,ACTIVE,393.20,per Day,2080,108603.52,48,5001.42,28510.36
2024,826,DEPT OF ENVIRONMENT PROTECTION,2016-09-06T00:00:00.000,BROOKLYN,SEWAGE TREATMENT WORKER,ACTIVE,393.20,per Day,2080,108603.52,275.75,20564.61,28783.75
2024,826,DEPT OF ENVIRONMENT PROTECTION,2014-07-07T00:00:00.000,QUEENS,SENIOR SEWAGE TREATMENT WORKER,ACTIVE,433.20,per Day,2080,118882.07,523.25,42341.59,29925.32
2024,826,DEPT OF ENVIRONMENT PROTECTION,2013-04-08T00:00:00.000,QUEENS,STATIONARY ENGINEER,ACTIVE,583.36,per Day,2080,175255.21,1284,146485.08,45186.06
2024,826,DEPT OF ENVIRONMENT PROTECTION,1997-04-14T00:00:00.000,BRONX,STATIONARY ENGINEER,ACTIVE,583.36,per Day,2080,175255.21,294.75,38837.48,47864.67
2024,826,DEPT OF ENVIRONMENT PROTECTION,2013-07-08T00:00:00.000,MANHATTAN,STATIONARY ENGINEER,ACTIVE,583.36,per Day,2080,175255.21,292.5,32010.43,53328.45
2024,826,DEPT OF ENVIRONMENT PROTECTION,2018-11-26T00:00:00.000,WESTCHESTER,ELECTRICIANS HELPER,ACTIVE,296.31,per Day,1820,75744.00,355,22108.86,58028.42
2024,826,DEPT OF ENVIRONMENT PROTECTION,2018-04-30T00:00:00.000,QUEENS,SEWAGE TREATMENT WORKER,ACTIVE,393.20,per Day,2080,108603.52,289,22368.38,21799.27
2024,826,DEPT OF ENVIRONMENT PROTECTION,2023-02-13T00:00:00.000,QUEENS,ASSISTANT ENVIRONMENTAL ENGINEER,ACTIVE,73878.00,per Annum,1820,71341.09,0,0.00,79.47
2024,826,DEPT OF ENVIRONMENT PROTECTION,2024-01-08T00:00:00.000,WESTCHESTER,COMPUTER SPECIALIST,ACTIVE,110499.00,per Annum,805,47191.86,95,6539.94,84.57
2024,826,DEPT OF ENVIRONMENT PROTECTION,2007-05-21T00:00:00.000,DELAWARE,ADMINISTRATIVE ENGINEER,CEASED,122680.00,per Annum,280,11508.99,11.75,908.18,86.91
2024,826,DEPT OF ENVIRONMENT PROTECTION,2023-11-20T00:00:00.000,QUEENS,ASSOCIATE CHEMIST,ACTIVE,58495.00,per Annum,1050,32584.95,0,0.00,99.00
2024,826,DEPT OF ENVIRONMENT PROTECTION,2024-01-22T00:00:00.000,BROOKLYN,SEWAGE TREATMENT WORKER,ACTIVE,393.20,per Day,880,43240.53,24,1769.44,102.03
2024,826,DEPT OF ENVIRONMENT PROTECTION,2023-06-05T00:00:00.000,BROOKLYN,SUMMER COLLEGE INTERN,CEASED,15.00,per Hour,244,3660.00,0,0.00,105.00
2024,826,DEPT OF ENVIRONMENT PROTECTION,2023-06-05T00:00:00.000,QUEENS,SUMMER COLLEGE INTERN,CEASED,15.00,per Hour,280,4200.00,0,0.00,105.00
2024,826,DEPT OF ENVIRONMENT PROTECTION,2023-06-05T00:00:00.000,QUEENS,SUMMER COLLEGE INTERN,ACTIVE,16.00,per Hour,306.87,4692.00,0,0.00,105.00
2024,826,DEPT OF ENVIRONMENT PROTECTION,2023-06-26T00:00:00.000,QUEENS,SUMMER COLLEGE INTERN,ACTIVE,16.00,per Hour,752,11588.00,0,0.00,105.00
2024,826,DEPT OF ENVIRONMENT PROTECTION,2021-06-14T00:00:00.000,QUEENS,INDUSTRIAL HYGIENIST,ACTIVE,63074.00,per Annum,1820,60908.35,0,0.00,150.48
2024,826,DEPT OF ENVIRONMENT PROTECTION,2015-07-27T00:00:00.000,SULLIVAN,WATERSHED MAINTAINER,ACTIVE,67550.00,per Annum,2080,65231.02,0,0.00,185.92
2024,826,DEPT OF ENVIRONMENT PROTECTION,2016-06-06T00:00:00.000,ULSTER,ENVIRONMENTAL POLICE OFFICER,CEASED,64397.00,per Annum,192,5261.13,0,0.00,198.13
2024,826,DEPT OF ENVIRONMENT PROTECTION,2023-06-05T00:00:00.000,ULSTER,SUMMER COLLEGE INTERN,CEASED,15.00,per Hour,287,4305.00,0,0.00,210.00
2024,826,DEPT OF ENVIRONMENT PROTECTION,2024-06-03T00:00:00.000,QUEENS,SUMMER COLLEGE INTERN,ACTIVE,16.00,per Hour,370.5,5592.50,0,0.00,210.00
2024,826,DEPT OF ENVIRONMENT PROTECTION,2023-06-05T00:00:00.000,QUEENS,COLLEGE AIDE,ACTIVE,16.00,per Hour,477.7,7355.04,0,0.00,210.00
2024,826,DEPT OF ENVIRONMENT PROTECTION,2014-11-10T00:00:00.000,QUEENS,ADMINISTRATIVE STAFF ANALYST,ACTIVE,92283.00,per Annum,903,30367.80,0,0.00,0.00
2024,826,DEPT OF ENVIRONMENT PROTECTION,2024-03-18T00:00:00.000,QUEENS,PROCUREMENT ANALYST,ACTIVE,55699.00,per Annum,455,13758.23,0,0.00,0.00
2024,826,DEPT OF ENVIRONMENT PROTECTION,2021-11-22T00:00:00.000,QUEENS,CLERICAL ASSOCIATE,ON LEAVE,45040.00,per Annum,420,5867.71,0,0.00,0.00
2024,826,DEPT OF ENVIRONMENT PROTECTION,1996-05-30T00:00:00.000,QUEENS,CONSTRUCTION LABORER,CEASED,373.76,per Day,0,3766.42,0,0.00,0.00
2024,826,DEPT OF ENVIRONMENT PROTECTION,2010-12-06T00:00:00.000,RICHMOND,SEWAGE TREATMENT WORKER,CEASED,370.64,per Day,16,3595.53,0,0.00,0.00
2024,826,DEPT OF ENVIRONMENT PROTECTION,2023-03-06T00:00:00.000,QUEENS,WATERSHED MAINTAINER,CEASED,44838.00,per Annum,160,2748.55,0,0.00,0.00
2024,826,DEPT OF ENVIRONMENT PROTECTION,2014-04-28T00:00:00.000,WESTCHESTER,ADM MANAGER-NON-MGRL,CEASED,97225.00,per Annum,0,1435.06,0,0.00,0.00
2024,826,DEPT OF ENVIRONMENT PROTECTION,2023-09-18T00:00:00.000,SULLIVAN,CITY SEASONAL AIDE,CEASED,18.00,per Hour,65,1170.00,0,0.00,0.00
2024,826,DEPT OF ENVIRONMENT PROTECTION,1996-12-09T00:00:00.000,QUEENS,SENIOR SEWAGE TREATMENT WORKER,CEASED,408.32,per Day,0,740.74,0,0.00,0.00
2024,826,DEPT OF ENVIRONMENT PROTECTION,2024-06-03T00:00:00.000,QUEENS,SUMMER COLLEGE INTERN,ACTIVE,16.00,per Hour,35,560.00,0,0.00,0.00
2024,826,DEPT OF ENVIRONMENT PROTECTION,2023-07-24T00:00:00.000,WESTCHESTER,CIVIL ENGINEER,ACTIVE,87701.00,per Annum,1645,76401.06,128.5,6367.36,61.95
2024,826,DEPT OF ENVIRONMENT PROTECTION,2012-11-05T00:00:00.000,QUEENS,SEWAGE TREATMENT WORKER,ACTIVE,393.20,per Day,66.28,5371.12,0,88.63,58.05
2024,826,DEPT OF ENVIRONMENT PROTECTION,2024-03-25T00:00:00.000,QUEENS,MECHANICAL ENGINEERING INTERN,ACTIVE,66546.00,per Annum,420,14828.04,0,0.00,57.75
2024,826,DEPT OF ENVIRONMENT PROTECTION,2016-10-17T00:00:00.000,MANHATTAN,STATIONARY ENGINEER,CEASED,516.96,per Day,0,1718.86,0,544.04,52.64
2024,826,DEPT OF ENVIRONMENT PROTECTION,2023-02-13T00:00:00.000,QUEENS,ENVIRONMENTAL ENGINEERING INTERN,ACTIVE,66546.00,per Annum,1820,64261.13,0,0.00,46.47
2024,826,DEPT OF ENVIRONMENT PROTECTION,2021-07-06T00:00:00.000,QUEENS,CITY SEASONAL AIDE,CEASED,15.91,per Hour,0,-194.46,0,-0.69,0.00
2024,826,DEPT OF ENVIRONMENT PROTECTION,2019-03-04T00:00:00.000,QUEENS,SEWAGE TREATMENT WORKER,CEASED,370.64,per Day,0,51.78,0,-1.16,0.00
2024,826,DEPT OF ENVIRONMENT PROTECTION,2021-04-26T00:00:00.000,BROOKLYN,CITY PARK WORKER,CEASED,17.13,per Hour,0,-27.88,0,0.00,-0.69
2024,826,DEPT OF ENVIRONMENT PROTECTION,2017-06-05T00:00:00.000,QUEENS,CLERICAL ASSOCIATE,CEASED,23.60,per Hour,0,-149.73,0,0.00,-4.83
2024,826,DEPT OF ENVIRONMENT PROTECTION,2021-04-26T00:00:00.000,BROOKLYN,CITY PARK WORKER,CEASED,17.13,per Hour,0,-431.17,0,0.00,-26.27
2024,826,DEPT OF ENVIRONMENT PROTECTION,1993-01-25T00:00:00.000,SULLIVAN,CIVIL ENGINEER,CEASED,107723.00,per Annum,0,-1965.19,0,0.00,-60.09
2024,826,DEPT OF ENVIRONMENT PROTECTION,2016-06-13T00:00:00.000,BRONX,ENVIRONMENTAL ENGINEER,ON LEAVE,120359.00,per Annum,1820,106354.21,0,0.00,-445.85
2024,826,DEPT OF ENVIRONMENT PROTECTION,2023-01-09T00:00:00.000,QUEENS,ENVIRONMENTAL ENGINEER,ACTIVE,104267.00,per Annum,1820,100686.78,0,0.00,33.00
2024,826,DEPT OF ENVIRONMENT PROTECTION,2024-03-11T00:00:00.000,QUEENS,CITY RESEARCH SCIENTIST,ACTIVE,72190.00,per Annum,490,18766.44,0,0.00,33.00
2024,826,DEPT OF ENVIRONMENT PROTECTION,1989-08-28T00:00:00.000,MANHATTAN,SENIOR STATIONARY ENGINEER,CEASED,655.92,per Day,0,7406.51,0,2120.49,27.84
2024,826,DEPT OF ENVIRONMENT PROTECTION,2023-11-13T00:00:00.000,QUEENS,CITY RESEARCH SCIENTIST,ACTIVE,72190.00,per Annum,1085,41554.26,20,829.58,22.25
2024,826,DEPT OF ENVIRONMENT PROTECTION,2019-04-22T00:00:00.000,RICHMOND,SEWAGE TREATMENT WORKER,CEASED,370.64,per Day,0,625.72,0,48.43,21.77
2024,826,DEPT OF ENVIRONMENT PROTECTION,2021-06-14T00:00:00.000,QUEENS,ASSISTANT CIVIL ENGINEER,ON LEAVE,73878.00,per Annum,490,8237.85,17.75,698.64,21.17
2024,826,DEPT OF ENVIRONMENT PROTECTION,2021-12-20T00:00:00.000,QUEENS,ADMINISTRATIVE ENGINEER,ACTIVE,129924.00,per Annum,1820,123548.26,0,0.00,17.00
2024,826,DEPT OF ENVIRONMENT PROTECTION,2022-04-18T00:00:00.000,QUEENS,COMMUNITY ASSOCIATE,ACTIVE,54577.00,per Annum,1820,51412.44,0,0.00,16.50
2024,826,DEPT OF ENVIRONMENT PROTECTION,2021-09-27T00:00:00.000,QUEENS,ENGINEERING TECHNICIAN,CEASED,46019.00,per Annum,153,3851.85,0,0.00,15.39
2024,826,DEPT OF ENVIRONMENT PROTECTION,2023-07-10T00:00:00.000,QUEENS,ASSOCIATE STAFF ANALYST,CEASED,74911.00,per Annum,945,3135.01,0,0.00,8.25
2024,826,DEPT OF ENVIRONMENT PROTECTION,2022-09-12T00:00:00.000,ULSTER,WATERSHED MAINTAINER,ACTIVE,47960.00,per Annum,2080,45378.32,42.75,1409.55,0.00
2024,826,DEPT OF ENVIRONMENT PROTECTION,2019-09-09T00:00:00.000,SULLIVAN,WATERSHED MAINTAINER,ACTIVE,64451.00,per Annum,2080,60611.94,27.75,1187.44,0.00
2024,826,DEPT OF ENVIRONMENT PROTECTION,2024-02-12T00:00:00.000,WESTCHESTER,WATERSHED MAINTAINER,ACTIVE,46183.00,per Annum,720,15435.99,19,612.00,0.00
2024,826,DEPT OF ENVIRONMENT PROTECTION,1993-04-26T00:00:00.000,MANHATTAN,SENIOR STATIONARY ENGINEER,CEASED,613.12,per Day,0,9134.81,0,1774.74,0.00
2024,826,DEPT OF ENVIRONMENT PROTECTION,2019-09-09T00:00:00.000,ULSTER,WATERSHED MAINTAINER,ACTIVE,64451.00,per Annum,2080,60611.94,0,0.00,0.00
2024,826,DEPT OF ENVIRONMENT PROTECTION,2023-08-14T00:00:00.000,MANHATTAN,PROJECT MANAGER INTERN#,ACTIVE,66703.00,per Annum,1540,54391.36,0,0.00,0.00
2024,826,DEPT OF ENVIRONMENT PROTECTION,1996-05-30T00:00:00.000,QUEENS,CONSTRUCTION LABORER,CEASED,384.96,per Day,960,42332.14,0,0.00,0.00
2024,826,DEPT OF ENVIRONMENT PROTECTION,2016-10-24T00:00:00.000,WESTCHESTER,ELECTRICIAN,ACTIVE,466.97,per Day,1820,119366.48,374.25,36794.49,3825.82
2024,826,DEPT OF ENVIRONMENT PROTECTION,1992-05-18T00:00:00.000,BROOKLYN,ASSOCIATE AIR POLLUTION INSPR,CEASED,73585.00,per Annum,1130.5,45464.89,58.75,3617.23,3858.72
2024,826,DEPT OF ENVIRONMENT PROTECTION,1993-11-01T00:00:00.000,WESTCHESTER,SUPERVISOR OF MECHANICS,ON SEPARATION LEAVE,166802.00,per Annum,2080,187161.13,73,11568.54,3928.74
2024,826,DEPT OF ENVIRONMENT PROTECTION,2018-02-12T00:00:00.000,QUEENS,CLERICAL ASSOCIATE,ACTIVE,31.19,per Hour,1736,52566.08,0,0.00,3975.03
2024,826,DEPT OF ENVIRONMENT PROTECTION,2016-07-11T00:00:00.000,QUEENS,ADM MANAGER-NON-MGRL,ACTIVE,87176.00,per Annum,1820,88370.40,46.5,3753.73,4081.51
2024,826,DEPT OF ENVIRONMENT PROTECTION,2017-11-13T00:00:00.000,ULSTER,ASSOCIATE PROJECT MANAGER,ACTIVE,116637.00,per Annum,1820,112632.11,0,0.00,4110.91
2024,826,DEPT OF ENVIRONMENT PROTECTION,2009-05-11T00:00:00.000,MANHATTAN,MACHINIST,ACTIVE,390.72,per Day,2080,107954.40,265.5,21046.23,4136.26
2024,826,DEPT OF ENVIRONMENT PROTECTION,2018-12-10T00:00:00.000,QUEENS,PRINCIPAL ADMINISTRATIVE ASSOCIATE -  NON SUPVR,ACTIVE,76490.00,per Annum,1820,79286.27,0,0.00,4217.38
2024,826,DEPT OF ENVIRONMENT PROTECTION,2017-03-27T00:00:00.000,WESTCHESTER,MACHINIST,ACTIVE,390.72,per Day,2080,108344.51,583.5,44414.29,4227.13
2024,826,DEPT OF ENVIRONMENT PROTECTION,2013-01-28T00:00:00.000,QUEENS,ASSOCIATE PROJECT MANAGER,ACTIVE,87701.00,per Annum,1820,85586.30,92.5,4793.04,4461.86
2024,826,DEPT OF ENVIRONMENT PROTECTION,2016-03-28T00:00:00.000,QUEENS,ADM MANAGER-NON-MGRL,ACTIVE,117868.00,per Annum,1820,118761.93,200.5,18688.58,4532.30
2024,826,DEPT OF ENVIRONMENT PROTECTION,2010-05-17T00:00:00.000,QUEENS,ADM MANAGER-NON-MGRL,ACTIVE,76301.00,per Annum,1820,76450.83,0,0.00,4659.89
2024,826,DEPT OF ENVIRONMENT PROTECTION,2004-03-15T00:00:00.000,QUEENS,PRINCIPAL ADMINISTRATIVE ASSOCIATE -  NON SUPVR,ACTIVE,73662.00,per Annum,1820,74179.50,0,0.00,4841.77
2024,826,DEPT OF ENVIRONMENT PROTECTION,2006-11-06T00:00:00.000,QUEENS,ADM MANAGER-NON-MGRL,ACTIVE,79567.00,per Annum,1820,82510.85,0,0.00,4865.36
2024,826,DEPT OF ENVIRONMENT PROTECTION,1996-07-15T00:00:00.000,PUTNAM,WATERSHED MAINTAINER,ACTIVE,67795.00,per Annum,2080,65443.97,0,0.00,4937.37
2024,826,DEPT OF ENVIRONMENT PROTECTION,2001-02-12T00:00:00.000,SULLIVAN,WATERSHED MAINTAINER,ACTIVE,67716.00,per Annum,2080,65367.27,1.5,76.17,4937.37
2024,826,DEPT OF ENVIRONMENT PROTECTION,2000-10-19T00:00:00.000,QUEENS,ADM MANAGER-NON-MGRL,ACTIVE,142163.00,per Annum,1722,128499.53,42.25,4988.10,4944.66
2024,826,DEPT OF ENVIRONMENT PROTECTION,2002-04-08T00:00:00.000,DELAWARE,WATERSHED MAINTAINER,ACTIVE,67547.00,per Annum,2080,65227.91,0,0.00,5141.69
2024,826,DEPT OF ENVIRONMENT PROTECTION,1989-05-22T00:00:00.000,ULSTER,SUPERVISOR,ACTIVE,93316.00,per Annum,2080,90088.93,29.5,2027.84,5153.28
2024,826,DEPT OF ENVIRONMENT PROTECTION,2016-01-25T00:00:00.000,BROOKLYN,ASSOCIATE AIR POLLUTION INSPR,ACTIVE,75689.00,per Annum,1820,73089.52,967.25,55814.72,5255.15
2024,826,DEPT OF ENVIRONMENT PROTECTION,2004-03-08T00:00:00.000,BROOKLYN,AIR POLLUTION INSPECTOR,ACTIVE,60485.00,per Annum,1820,58407.70,786.25,38122.15,5346.49
2024,826,DEPT OF ENVIRONMENT PROTECTION,2008-04-07T00:00:00.000,ULSTER,ASSOCIATE STAFF ANALYST,ACTIVE,88951.00,per Annum,1820,94372.47,20.5,1036.93,5418.30
2024,826,DEPT OF ENVIRONMENT PROTECTION,1994-10-05T00:00:00.000,QUEENS,COMPUTER SERVICE TECHNICIAN,ACTIVE,62264.00,per Annum,1820,60125.67,0,0.00,5511.24
2024,826,DEPT OF ENVIRONMENT PROTECTION,2013-06-24T00:00:00.000,QUEENS,COMPUTER SPECIALIST,ACTIVE,119330.00,per Annum,1820,115232.10,62,4152.69,5544.47
2024,826,DEPT OF ENVIRONMENT PROTECTION,2007-07-16T00:00:00.000,QUEENS,CERTIFIED IT DEVELOPER,ACTIVE,144882.00,per Annum,1820,136481.87,0,0.00,5547.74
2024,826,DEPT OF ENVIRONMENT PROTECTION,2012-04-09T00:00:00.000,ULSTER,COMPUTER SPECIALIST,ACTIVE,99983.00,per Annum,1820,96550.04,9.75,568.66,5602.85
2024,826,DEPT OF ENVIRONMENT PROTECTION,2023-04-24T00:00:00.000,QUEENS,ASSOCIATE PROJECT MANAGER,ACTIVE,96621.00,per Annum,1820,93303.62,682.5,49454.64,5705.24
2024,826,DEPT OF ENVIRONMENT PROTECTION,2020-01-27T00:00:00.000,MANHATTAN,MARINE OILER,ACTIVE,68962.00,per Annum,2080,68591.85,714,36855.02,5739.90
2024,826,DEPT OF ENVIRONMENT PROTECTION,2001-12-03T00:00:00.000,BRONX,ENVIRONMENTAL POLICE OFFICER-MANAGERIAL,ACTIVE,161334.00,per Annum,1820,177142.54,0,660.35,5833.27
2024,826,DEPT OF ENVIRONMENT PROTECTION,2009-08-24T00:00:00.000,WESTCHESTER,ASSOCIATE CHEMIST,ACTIVE,77995.00,per Annum,1820,75224.06,0,0.00,5835.66
2024,826,DEPT OF ENVIRONMENT PROTECTION,2008-01-14T00:00:00.000,QUEENS,ASSISTANT MECHANICAL ENGINEER,ACTIVE,75265.00,per Annum,1820,72680.75,231.5,10035.83,6008.07
2024,826,DEPT OF ENVIRONMENT PROTECTION,2012-10-22T00:00:00.000,QUEENS,SCIENTIST,ACTIVE,68706.00,per Annum,1820,66302.32,129.25,5944.71,6120.30
2024,826,DEPT OF ENVIRONMENT PROTECTION,1994-10-24T00:00:00.000,QUEENS,COMPUTER SPECIALIST,ACTIVE,119752.00,per Annum,1820,115617.19,0,0.00,6306.92
2024,826,DEPT OF ENVIRONMENT PROTECTION,2016-04-25T00:00:00.000,MANHATTAN,MOTOR VEHICLE OPERATOR,ACTIVE,56194.00,per Annum,2080,54264.19,882.5,35379.56,6430.35
2024,826,DEPT OF ENVIRONMENT PROTECTION,2019-03-04T00:00:00.000,MANHATTAN,SEWAGE TREATMENT WORKER,ACTIVE,393.20,per Day,2080,108603.52,80,6539.50,6559.73
2024,826,DEPT OF ENVIRONMENT PROTECTION,1995-06-12T00:00:00.000,WESTCHESTER,INSTRUMENTAL SPECIALIST,ACTIVE,86528.00,per Annum,1820,83533.17,0,0.00,6586.22
2024,826,DEPT OF ENVIRONMENT PROTECTION,2014-01-13T00:00:00.000,BROOKLYN,ASSOCIATE CHEMIST,ACTIVE,77906.00,per Annum,1820,75186.36,171,8670.29,6723.82
2024,826,DEPT OF ENVIRONMENT PROTECTION,2000-09-28T00:00:00.000,MANHATTAN,MARINER,ACTIVE,68962.00,per Annum,2080,68591.85,349.75,18148.51,6779.36
2024,826,DEPT OF ENVIRONMENT PROTECTION,2004-06-07T00:00:00.000,BROOKLYN,SCIENTIST,ACTIVE,69122.00,per Annum,1820,66656.22,327.75,15290.47,6792.90
2024,826,DEPT OF ENVIRONMENT PROTECTION,2020-01-13T00:00:00.000,SULLIVAN,WATERSHED MAINTAINER,ACTIVE,61352.00,per Annum,2080,57625.87,4,171.16,6852.10
2024,826,DEPT OF ENVIRONMENT PROTECTION,2015-11-09T00:00:00.000,QUEENS,COMPUTER SPECIALIST,ACTIVE,106071.00,per Annum,1820,102429.22,448.25,35387.35,6869.04
2024,826,DEPT OF ENVIRONMENT PROTECTION,1997-10-14T00:00:00.000,BRONX,ASSOCIATE WATER USE INPECTOR,ACTIVE,83255.00,per Annum,1820,85788.90,442.5,26647.48,6881.10
2024,826,DEPT OF ENVIRONMENT PROTECTION,1988-11-14T00:00:00.000,WESTCHESTER,CITY PLANNER,ACTIVE,71458.00,per Annum,1820,67516.75,0,0.00,6994.21
2024,826,DEPT OF ENVIRONMENT PROTECTION,2005-10-17T00:00:00.000,QUEENS,PRINCIPAL ADMINISTRATIVE ASSOCIATE -  NON SUPVR,ACTIVE,69584.00,per Annum,1820,72120.37,6.75,392.01,7084.23
2024,826,DEPT OF ENVIRONMENT PROTECTION,2007-06-25T00:00:00.000,SULLIVAN,INSTRUMENTAL SPECIALIST,ACTIVE,84181.00,per Annum,1820,81267.57,0,0.00,7173.09
2024,826,DEPT OF ENVIRONMENT PROTECTION,2022-09-26T00:00:00.000,BROOKLYN,SEWAGE TREATMENT WORKER,ACTIVE,393.20,per Day,2080,86679.05,245,18346.59,7301.32
2024,826,DEPT OF ENVIRONMENT PROTECTION,1990-08-13T00:00:00.000,QUEENS,SUPERVISOR,ACTIVE,108745.00,per Annum,2080,104987.36,35.5,2822.30,7628.56
2024,826,DEPT OF ENVIRONMENT PROTECTION,1990-10-15T00:00:00.000,QUEENS,PRINCIPAL ADMINISTRATIVE ASSOCIATE -  NON SUPVR,ACTIVE,85665.00,per Annum,1820,88831.01,2.25,148.69,7793.25
2024,826,DEPT OF ENVIRONMENT PROTECTION,1999-03-01T00:00:00.000,QUEENS,ADM MANAGER-NON-MGRL,ACTIVE,103406.00,per Annum,1820,102782.31,194.25,15876.47,8003.09
2024,826,DEPT OF ENVIRONMENT PROTECTION,2000-07-31T00:00:00.000,QUEENS,ASSISTANT CHEMICAL ENGINEER,ACTIVE,80526.00,per Annum,1820,77761.39,347.75,22013.73,8145.88
2024,826,DEPT OF ENVIRONMENT PROTECTION,1997-02-10T00:00:00.000,WESTCHESTER,ASSOCIATE PROJECT MANAGER,ACTIVE,88997.00,per Annum,1820,85806.05,0,0.00,8337.98
2024,826,DEPT OF ENVIRONMENT PROTECTION,2003-01-02T00:00:00.000,QUEENS,MECHANICAL ENGINEER,ACTIVE,108036.00,per Annum,1820,104193.76,0,0.00,8346.72
2024,826,DEPT OF ENVIRONMENT PROTECTION,2003-08-11T00:00:00.000,ULSTER,ASSOCIATE PROJECT MANAGER,ACTIVE,97564.00,per Annum,1820,94073.31,0,0.00,8449.45
2024,826,DEPT OF ENVIRONMENT PROTECTION,2002-11-12T00:00:00.000,WESTCHESTER,CITY RESEARCH SCIENTIST,ACTIVE,137650.00,per Annum,1820,132783.54,0,0.00,8604.88
2024,826,DEPT OF ENVIRONMENT PROTECTION,1994-06-27T00:00:00.000,RICHMOND,STATIONARY ENGINEER,CEASED,564.96,per Day,960,89909.04,18,14783.99,8610.63
2024,826,DEPT OF ENVIRONMENT PROTECTION,2000-04-24T00:00:00.000,ULSTER,ASSOCIATE PROJECT MANAGER,ACTIVE,87847.00,per Annum,1820,85054.10,39,2310.80,8730.76
2024,826,DEPT OF ENVIRONMENT PROTECTION,1999-09-07T00:00:00.000,QUEENS,ASSISTANT MECHANICAL ENGINEER,ACTIVE,96395.00,per Annum,1820,93084.69,26,1849.46,8791.70
2024,826,DEPT OF ENVIRONMENT PROTECTION,2020-02-10T00:00:00.000,WESTCHESTER,ENVIRONMENTAL POLICE OFFICER,CEASED,67540.00,per Annum,2047.75,74396.29,14,1006.90,8793.63
2024,826,DEPT OF ENVIRONMENT PROTECTION,2011-02-28T00:00:00.000,RICHMOND,SUPERVISOR,ACTIVE,85047.00,per Annum,2080,82126.95,229.75,14257.98,9090.34
2024,826,DEPT OF ENVIRONMENT PROTECTION,2020-02-10T00:00:00.000,WESTCHESTER,ENVIRONMENTAL POLICE OFFICER,ACTIVE,67540.00,per Annum,2340,81368.82,180.1,6550.15,9583.83
2024,826,DEPT OF ENVIRONMENT PROTECTION,2020-02-10T00:00:00.000,WESTCHESTER,ENVIRONMENTAL POLICE OFFICER,CEASED,65573.00,per Annum,1845,63715.04,42.08,1340.62,9594.98
2024,826,DEPT OF ENVIRONMENT PROTECTION,2018-04-30T00:00:00.000,QUEENS,SEWAGE TREATMENT WORKER,ACTIVE,393.20,per Day,2080,99421.44,42.75,4231.02,9620.53
2024,826,DEPT OF ENVIRONMENT PROTECTION,1997-10-20T00:00:00.000,QUEENS,STAFF ANALYST,ACTIVE,88680.00,per Annum,1820,94383.11,36,2169.86,9938.50
2024,826,DEPT OF ENVIRONMENT PROTECTION,2007-04-30T00:00:00.000,QUEENS,COMPUTER ASSOCIATE,ACTIVE,116634.00,per Annum,1820,112629.24,102,7871.57,10090.89
2024,826,DEPT OF ENVIRONMENT PROTECTION,2020-02-10T00:00:00.000,WESTCHESTER,ENVIRONMENTAL POLICE OFFICER,ACTIVE,67540.00,per Annum,2340,82555.77,82.1,3951.68,10609.02
2024,826,DEPT OF ENVIRONMENT PROTECTION,2015-10-26T00:00:00.000,MANHATTAN,SUPERVISOR,ACTIVE,108488.00,per Annum,2080,105955.98,531,40810.87,10639.44
2024,826,DEPT OF ENVIRONMENT PROTECTION,2007-08-06T00:00:00.000,BRONX,CONSTRUCTION LABORER,ACTIVE,396.48,per Day,2080,96952.70,62.5,5751.42,10795.56
2024,826,DEPT OF ENVIRONMENT PROTECTION,2020-02-10T00:00:00.000,WESTCHESTER,ENVIRONMENTAL POLICE OFFICER,ACTIVE,67540.00,per Annum,2340,82541.82,88.88,3930.10,10876.44
2024,826,DEPT OF ENVIRONMENT PROTECTION,2007-09-17T00:00:00.000,QUEENS,PRINCIPAL ADMINISTRATIVE ASSOCIATE -  NON SUPVR,ACTIVE,42.41,per Hour,1736,76609.16,114.75,6545.17,11059.73
2024,826,DEPT OF ENVIRONMENT PROTECTION,2014-06-23T00:00:00.000,QUEENS,SUPERVISOR,ACTIVE,108488.00,per Annum,2080,105955.98,492,37691.38,11325.30
2024,826,DEPT OF ENVIRONMENT PROTECTION,2020-02-10T00:00:00.000,WESTCHESTER,ENVIRONMENTAL POLICE OFFICER,ACTIVE,67540.00,per Annum,2340,82808.87,117.47,4279.12,11784.59
2024,826,DEPT OF ENVIRONMENT PROTECTION,2002-04-15T00:00:00.000,WESTCHESTER,SUPERVISOR,ACTIVE,85195.00,per Annum,2080,82246.30,379.25,23921.62,11906.71
2024,826,DEPT OF ENVIRONMENT PROTECTION,2018-12-10T00:00:00.000,SULLIVAN,ADMINISTRATIVE PROJECT MANAGER,ACTIVE,129433.00,per Annum,1820,124988.51,276.25,24131.88,11963.09
2024,826,DEPT OF ENVIRONMENT PROTECTION,2018-06-11T00:00:00.000,MANHATTAN,CONSTRUCTION LABORER,ACTIVE,396.48,per Day,2080,110903.03,508.75,39776.86,12253.48
2024,826,DEPT OF ENVIRONMENT PROTECTION,2005-01-24T00:00:00.000,BRONX,DISTRICT SUPERVISOR,ACTIVE,113961.00,per Annum,2080,110024.30,572.75,47618.07,12440.45
2024,826,DEPT OF ENVIRONMENT PROTECTION,2019-04-22T00:00:00.000,BRONX,SEWAGE TREATMENT WORKER,ACTIVE,393.20,per Day,2096,108468.43,297.75,24035.34,12875.15
2024,826,DEPT OF ENVIRONMENT PROTECTION,1993-02-01T00:00:00.000,RICHMOND,SUPERVISOR,ACTIVE,85316.00,per Annum,2080,82363.58,239.5,15127.10,12979.88
2024,826,DEPT OF ENVIRONMENT PROTECTION,1993-02-08T00:00:00.000,QUEENS,CONSTRUCTION PROJECT MANAGER,ACTIVE,89195.00,per Annum,1820,85998.99,258,16485.16,13416.17
2024,826,DEPT OF ENVIRONMENT PROTECTION,2011-04-25T00:00:00.000,BROOKLYN,CONSTRUCTION LABORER,ACTIVE,396.48,per Day,2080,103203.83,347.25,27127.25,14395.82
2024,826,DEPT OF ENVIRONMENT PROTECTION,2023-06-05T00:00:00.000,QUEENS,COLLEGE AIDE,ACTIVE,16.00,per Hour,1154.12,17940.61,0,0.00,210.00
2024,826,DEPT OF ENVIRONMENT PROTECTION,2023-08-28T00:00:00.000,BROOKLYN,GARDENER,ACTIVE,48860.00,per Annum,1680,36788.49,173.25,5822.11,238.55
2024,826,DEPT OF ENVIRONMENT PROTECTION,2024-02-26T00:00:00.000,WESTCHESTER,WATERSHED MAINTAINER,ACTIVE,46183.00,per Annum,640,13720.88,61,1964.82,257.69
2024,826,DEPT OF ENVIRONMENT PROTECTION,1990-07-16T00:00:00.000,QUEENS,CONSTRUCTION LABORER,CEASED,373.76,per Day,0,3715.98,0,408.87,290.40
2024,826,DEPT OF ENVIRONMENT PROTECTION,2022-10-24T00:00:00.000,BROOKLYN,CLERICAL ASSOCIATE,ACTIVE,40957.00,per Annum,1820,39550.64,133,2992.11,304.28
2024,826,DEPT OF ENVIRONMENT PROTECTION,1987-07-06T00:00:00.000,QUEENS,ADMINISTRATIVE ENGINEER,ACTIVE,132370.00,per Annum,1820,127825.13,148.75,11845.85,306.31
2024,826,DEPT OF ENVIRONMENT PROTECTION,2018-01-22T00:00:00.000,DELAWARE,SUPERVISOR,ACTIVE,93168.00,per Annum,2080,91454.82,15.5,1010.71,312.29
2024,826,DEPT OF ENVIRONMENT PROTECTION,1991-06-17T00:00:00.000,QUEENS,ADMINISTRATIVE ENGINEER,ACTIVE,125504.00,per Annum,1820,121195.00,27.25,2565.83,331.28
2024,826,DEPT OF ENVIRONMENT PROTECTION,2021-09-14T00:00:00.000,OTHER,ASSOCIATE PROJECT MANAGER,ACTIVE,116637.00,per Annum,1820,112295.29,0,6.89,414.95
2024,826,DEPT OF ENVIRONMENT PROTECTION,2019-09-23T00:00:00.000,QUEENS,COMPUTER SPECIALIST,ACTIVE,110499.00,per Annum,1820,106705.09,0,0.00,547.09
2024,826,DEPT OF ENVIRONMENT PROTECTION,2015-10-06T00:00:00.000,QUEENS,PRINCIPAL ADMINISTRATIVE ASSOCIATE -  NON SUPVR,ACTIVE,73758.00,per Annum,1442,56923.42,0,0.00,561.77
2024,826,DEPT OF ENVIRONMENT PROTECTION,2020-02-10T00:00:00.000,BROOKLYN,ASSOCIATE CHEMIST,ACTIVE,77709.00,per Annum,1820,70670.94,0,0.00,562.97
2024,826,DEPT OF ENVIRONMENT PROTECTION,2022-10-31T00:00:00.000,QUEENS,ASSISTANT CIVIL ENGINEER,ACTIVE,73878.00,per Annum,1722,55698.54,341.25,18368.29,621.25
2024,826,DEPT OF ENVIRONMENT PROTECTION,2023-04-24T00:00:00.000,MANHATTAN,ENGINEERING TECHNICIAN,ACTIVE,68779.00,per Annum,1613,53380.78,460.5,21469.44,625.34
2024,826,DEPT OF ENVIRONMENT PROTECTION,2019-06-24T00:00:00.000,SULLIVAN,SCIENTIST,ACTIVE,68510.00,per Annum,1820,66158.01,0,0.00,758.68
2024,826,DEPT OF ENVIRONMENT PROTECTION,2001-04-02T00:00:00.000,BROOKLYN,STATIONARY ENGINEER,CEASED,532.48,per Day,0,5361.53,0,468.90,810.57
2024,826,DEPT OF ENVIRONMENT PROTECTION,2016-01-27T00:00:00.000,QUEENS,PRINCIPAL ADMINISTRATIVE ASSOCIATE -  NON SUPVR,ACTIVE,69765.00,per Annum,1820,68481.32,314.25,14593.45,828.86
2024,826,DEPT OF ENVIRONMENT PROTECTION,2014-11-17T00:00:00.000,BROOKLYN,CONSTRUCTION LABORER,ON LEAVE,396.48,per Day,640,1434.77,0,632.63,844.52
2024,826,DEPT OF ENVIRONMENT PROTECTION,2019-03-11T00:00:00.000,QUEENS,ASSOCIATE PROJECT MANAGER,ACTIVE,96543.00,per Annum,1820,93227.96,0,0.00,954.26
2024,826,DEPT OF ENVIRONMENT PROTECTION,2017-11-13T00:00:00.000,QUEENS,INDUSTRIAL HYGIENIST,ACTIVE,78417.00,per Annum,1820,75724.35,172.5,6403.27,978.22
2024,826,DEPT OF ENVIRONMENT PROTECTION,2022-09-26T00:00:00.000,MANHATTAN,SEWAGE TREATMENT WORKER,CEASED,381.76,per Day,120,9265.11,20,2261.82,1034.67
2024,826,DEPT OF ENVIRONMENT PROTECTION,2023-11-27T00:00:00.000,QUEENS,ENGINEERING TECHNICIAN,ACTIVE,47400.00,per Annum,1015,25524.20,505.5,17890.63,1085.65
2024,826,DEPT OF ENVIRONMENT PROTECTION,2022-07-05T00:00:00.000,BRONX,APPRENTICE,ACTIVE,56863.00,per Annum,2080,50869.66,294.83,10698.08,1174.11
2024,826,DEPT OF ENVIRONMENT PROTECTION,2022-04-04T00:00:00.000,BROOKLYN,APPRENTICE,ACTIVE,49164.00,per Annum,2080,38984.53,32,878.10,1248.06
2024,826,DEPT OF ENVIRONMENT PROTECTION,2007-07-02T00:00:00.000,QUEENS,PRINCIPAL ADMINISTRATIVE ASSOCIATE -  NON SUPVR,CEASED,64730.00,per Annum,448,19415.03,0,1183.03,1325.10
2024,826,DEPT OF ENVIRONMENT PROTECTION,2023-06-26T00:00:00.000,MANHATTAN,APPRENTICE,ACTIVE,49026.00,per Annum,2040,38484.80,10,302.67,1410.00
2024,826,DEPT OF ENVIRONMENT PROTECTION,2023-08-14T00:00:00.000,BROOKLYN,CITY PARK WORKER,ACTIVE,18.72,per Hour,1639.82,29795.48,169.75,4626.50,1453.60
2024,826,DEPT OF ENVIRONMENT PROTECTION,2022-09-26T00:00:00.000,QUEENS,COMMUNITY ASSOCIATE,ACTIVE,23.62,per Hour,1778.25,40775.31,655.25,19333.26,1520.27
2024,826,DEPT OF ENVIRONMENT PROTECTION,1998-06-15T00:00:00.000,ULSTER,WATERSHED MAINTAINER,CEASED,65775.00,per Annum,760,23907.77,6,304.91,1804.31
2024,826,DEPT OF ENVIRONMENT PROTECTION,2013-07-22T00:00:00.000,MANHATTAN,MARINE ENGINEER,CEASED,83189.00,per Annum,1120,37214.67,25,1511.48,1820.68
2024,826,DEPT OF ENVIRONMENT PROTECTION,2018-06-25T00:00:00.000,QUEENS,ASSISTANT CIVIL ENGINEER,ACTIVE,81265.00,per Annum,1820,76553.55,0,0.00,1862.46
2024,826,DEPT OF ENVIRONMENT PROTECTION,2010-05-17T00:00:00.000,QUEENS,CLERICAL ASSOCIATE,CEASED,50287.00,per Annum,1141,31358.56,151,5382.20,1885.95
2024,826,DEPT OF ENVIRONMENT PROTECTION,2021-08-09T00:00:00.000,ULSTER,WATERSHED MAINTAINER,ACTIVE,58249.00,per Annum,2080,53645.89,4,178.76,2012.60
2024,826,DEPT OF ENVIRONMENT PROTECTION,2012-10-01T00:00:00.000,WESTCHESTER,CITY PLANNER,ACTIVE,71458.00,per Annum,1330,50921.68,0,0.00,2066.53
2024,826,DEPT OF ENVIRONMENT PROTECTION,2017-11-13T00:00:00.000,QUEENS,CITY RESEARCH SCIENTIST,ACTIVE,79410.00,per Annum,1820,76683.32,610.25,16250.71,2115.34
2024,826,DEPT OF ENVIRONMENT PROTECTION,2023-04-24T00:00:00.000,QUEENS,CUSTOMER INFORMATION REPRESENTATIVE MA L 1549,ACTIVE,24.85,per Hour,1748.17,42183.26,216,6553.40,2199.18
2024,826,DEPT OF ENVIRONMENT PROTECTION,2016-01-25T00:00:00.000,BROOKLYN,AIR POLLUTION INSPECTOR,ACTIVE,60485.00,per Annum,1820,58407.70,417.75,18077.44,2259.19
2024,826,DEPT OF ENVIRONMENT PROTECTION,2018-02-12T00:00:00.000,QUEENS,EXECUTIVE AGENCY COUNSEL,ACTIVE,147180.00,per Annum,1820,156572.98,0,0.00,2274.15
2024,826,DEPT OF ENVIRONMENT PROTECTION,2015-05-11T00:00:00.000,QUEENS,CITY RESEARCH SCIENTIST,ACTIVE,109377.00,per Annum,1464,77493.40,0,0.00,2275.25
2024,826,DEPT OF ENVIRONMENT PROTECTION,2020-02-24T00:00:00.000,QUEENS,CLERICAL ASSOCIATE,ACTIVE,28.36,per Hour,1736,47792.15,109.75,3651.20,2543.70
2024,826,DEPT OF ENVIRONMENT PROTECTION,2013-06-24T00:00:00.000,WESTCHESTER,ASSOCIATE PROJECT MANAGER,ACTIVE,106032.00,per Annum,1820,94336.51,0,0.00,2818.07
2024,826,DEPT OF ENVIRONMENT PROTECTION,2017-02-13T00:00:00.000,ULSTER,SCIENTIST,ACTIVE,68605.00,per Annum,1820,66204.81,1.75,80.51,2857.20
2024,826,DEPT OF ENVIRONMENT PROTECTION,2023-11-27T00:00:00.000,QUEENS,STAFF ANALYST TRAINEE,CEASED,46059.00,per Annum,665,14270.75,0,0.00,3000.00
2024,826,DEPT OF ENVIRONMENT PROTECTION,2019-10-15T00:00:00.000,ULSTER,PROCUREMENT ANALYST,ACTIVE,64054.00,per Annum,1820,63530.92,0,0.00,3000.00
2024,826,DEPT OF ENVIRONMENT PROTECTION,2023-10-10T00:00:00.000,QUEENS,ASSOCIATE STAFF ANALYST,ACTIVE,95886.00,per Annum,1193,65653.02,0,0.00,3000.00
2024,826,DEPT OF ENVIRONMENT PROTECTION,2023-11-06T00:00:00.000,QUEENS,EXECUTIVE AGENCY COUNSEL,ACTIVE,147180.00,per Annum,1050,80967.18,0,0.00,3000.00
2024,826,DEPT OF ENVIRONMENT PROTECTION,2020-02-24T00:00:00.000,QUEENS,STAFF ANALYST,ACTIVE,78501.00,per Annum,1820,82218.12,0,0.00,3000.00
2024,826,DEPT OF ENVIRONMENT PROTECTION,2023-04-05T00:00:00.000,MANHATTAN,STRATEGIC INITIATIVE SPECIALIST,ACTIVE,87550.00,per Annum,1820,86522.55,0,0.00,3000.00
2024,826,DEPT OF ENVIRONMENT PROTECTION,2006-08-07T00:00:00.000,WESTCHESTER,SUPERINTENDENT OF WATER AND SEWER SYSTEMS,ACTIVE,141101.00,per Annum,1820,147819.52,0,0.00,3000.00
2024,826,DEPT OF ENVIRONMENT PROTECTION,2013-08-07T00:00:00.000,MANHATTAN,ADMINISTRATIVE PROJECT MANAGER,ACTIVE,145381.00,per Annum,1820,153216.96,0,0.00,3000.00
2024,826,DEPT OF ENVIRONMENT PROTECTION,2023-05-08T00:00:00.000,QUEENS,EXECUTIVE PROGRAM SPECIALIST,ACTIVE,159825.00,per Annum,1820,154514.20,0,0.00,3000.00
2024,826,DEPT OF ENVIRONMENT PROTECTION,1989-07-24T00:00:00.000,WESTCHESTER,ADMINISTRATIVE ENGINEER,ACTIVE,157116.00,per Annum,1820,164540.17,0,0.00,3000.00
2024,826,DEPT OF ENVIRONMENT PROTECTION,1988-08-08T00:00:00.000,QUEENS,ADMINISTRATIVE ENGINEER,ACTIVE,158502.00,per Annum,1820,166508.58,0,0.00,3000.00
2024,826,DEPT OF ENVIRONMENT PROTECTION,2008-07-21T00:00:00.000,QUEENS,ADMINISTRATIVE PROJECT MANAGER,ACTIVE,203325.00,per Annum,1820,213146.14,0,0.00,3000.00
2024,826,DEPT OF ENVIRONMENT PROTECTION,1992-09-08T00:00:00.000,QUEENS,ADMINISTRATIVE STAFF ANALYST,ACTIVE,203787.00,per Annum,1820,213613.67,0,0.00,3000.00
2024,826,DEPT OF ENVIRONMENT PROTECTION,1992-11-30T00:00:00.000,SULLIVAN,ADMINISTRATIVE ENGINEER,ACTIVE,269994.00,per Annum,1820,278228.29,0,0.00,3000.00
2024,826,DEPT OF ENVIRONMENT PROTECTION,2020-03-09T00:00:00.000,MANHATTAN,ELECTRICIAN,ACTIVE,466.97,per Day,1820,119366.48,160,15831.48,3000.00
2024,826,DEPT OF ENVIRONMENT PROTECTION,1990-03-05T00:00:00.000,RICHMOND,SENIOR STATIONARY ENGINEER,ACTIVE,718.48,per Day,2080,187731.66,456,72163.29,3000.00
2024,826,DEPT OF ENVIRONMENT PROTECTION,2019-05-28T00:00:00.000,QUEENS,SUPERVISOR OF STOCK WORKERS,CEASED,47688.00,per Annum,350,10871.81,0,94.84,3000.99
2024,826,DEPT OF ENVIRONMENT PROTECTION,1988-06-06T00:00:00.000,QUEENS,OILER,ACTIVE,522.32,per Day,2080,150800.86,4,492.36,3003.32
2024,826,DEPT OF ENVIRONMENT PROTECTION,2017-07-10T00:00:00.000,PUTNAM,STATIONARY ENGINEER,ACTIVE,583.36,per Day,2080,174216.26,6.5,1374.23,3003.76
2024,826,DEPT OF ENVIRONMENT PROTECTION,2016-09-12T00:00:00.000,QUEENS,ENVIRONMENTAL ENGINEER,ACTIVE,135107.00,per Annum,1820,130423.30,8.5,623.31,3015.74
2024,826,DEPT OF ENVIRONMENT PROTECTION,2023-06-12T00:00:00.000,QUEENS,STRATEGIC INITIATIVE SPECIALIST,ACTIVE,86185.00,per Annum,1820,85173.46,0,0.00,3016.50
2024,826,DEPT OF ENVIRONMENT PROTECTION,2021-09-27T00:00:00.000,WESTCHESTER,ADMINISTRATIVE STAFF ANALYST,ACTIVE,92283.00,per Annum,1820,94907.50,0,2.70,3016.50
2024,826,DEPT OF ENVIRONMENT PROTECTION,2012-03-12T00:00:00.000,QUEENS,SUPERVISOR OF MECHANICS,ACTIVE,132434.00,per Annum,2080,144740.83,0,225.91,3031.01
2024,826,DEPT OF ENVIRONMENT PROTECTION,1996-11-18T00:00:00.000,BROOKLYN,SENIOR STATIONARY ENGINEER,ACTIVE,718.48,per Day,2080,215372.11,489.75,84961.35,3038.28
2024,826,DEPT OF ENVIRONMENT PROTECTION,2019-08-19T00:00:00.000,QUEENS,STAFF ANALYST,ACTIVE,86351.00,per Annum,1820,88570.18,26.75,1322.07,3046.51
2024,826,DEPT OF ENVIRONMENT PROTECTION,2017-04-10T00:00:00.000,QUEENS,ASSOCIATE PROJECT MANAGER,ACTIVE,104397.00,per Annum,1820,100767.15,0,0.00,3051.84
2024,826,DEPT OF ENVIRONMENT PROTECTION,2016-09-06T00:00:00.000,BROOKLYN,STATIONARY ENGINEER,ACTIVE,583.36,per Day,2080,163395.41,103.5,19369.47,3076.40
2024,826,DEPT OF ENVIRONMENT PROTECTION,2019-09-23T00:00:00.000,QUEENS,PRINCIPAL ADMINISTRATIVE ASSOCIATE -  NON SUPVR,ACTIVE,59588.00,per Annum,1820,60510.61,0,0.00,3115.50
2024,826,DEPT OF ENVIRONMENT PROTECTION,2022-03-14T00:00:00.000,QUEENS,QUALITY ASSURANCE SPECIALIST,ACTIVE,62768.00,per Annum,1820,63922.52,507.75,22660.88,3129.97
2024,826,DEPT OF ENVIRONMENT PROTECTION,2023-08-14T00:00:00.000,QUEENS,OILER,ACTIVE,522.32,per Day,1800,117517.65,32,3133.96,3186.69
2024,826,DEPT OF ENVIRONMENT PROTECTION,2021-06-07T00:00:00.000,QUEENS,ADM MANAGER-NON-MGRL,ACTIVE,79659.00,per Annum,1820,81255.04,14.75,724.93,3198.00
2024,826,DEPT OF ENVIRONMENT PROTECTION,1998-02-23T00:00:00.000,ULSTER,ADMINISTRATIVE CITY PLANNER,ACTIVE,152840.00,per Annum,1820,160373.55,0,0.00,3250.00
2024,826,DEPT OF ENVIRONMENT PROTECTION,2022-08-22T00:00:00.000,QUEENS,WATER USE INSPECTOR,ACTIVE,40543.00,per Annum,1844,40547.00,79,1942.78,3313.50
2024,826,DEPT OF ENVIRONMENT PROTECTION,2007-05-14T00:00:00.000,ULSTER,PROCUREMENT ANALYST,CEASED,75419.00,per Annum,1820,76827.25,8.75,377.97,3459.65
2024,826,DEPT OF ENVIRONMENT PROTECTION,2016-07-11T00:00:00.000,QUEENS,ASSOCIATE CHEMIST,ACTIVE,68501.00,per Annum,1820,66149.17,364.25,15992.15,3550.92
2024,826,DEPT OF ENVIRONMENT PROTECTION,2011-06-27T00:00:00.000,QUEENS,CUSTOMER INFORMATION REPRESENTATIVE MA L 1549,ACTIVE,65415.00,per Annum,1820,63169.02,244.5,10213.40,3640.07
2024,826,DEPT OF ENVIRONMENT PROTECTION,1992-08-24T00:00:00.000,WESTCHESTER,ASSOCIATE LABORATORY MICROBIOLOGIST,CEASED,72718.00,per Annum,1750,57660.38,0.5,19.80,3685.81
2024,816,DEPT OF HEALTH/MENTAL HYGIENE,2024-05-03T00:00:00.000,MANHATTAN,COLLEGE AIDE,ACTIVE,16.50,per Hour,75.5,1208.00,0,0.00,0.00
2024,816,DEPT OF HEALTH/MENTAL HYGIENE,2024-05-20T00:00:00.000,MANHATTAN,COLLEGE AIDE - ASSIGNMENT LEVELS II AND III,ACTIVE,18.54,per Hour,77.07,1387.20,0,0.00,0.00
2024,816,DEPT OF HEALTH/MENTAL HYGIENE,2023-05-01T00:00:00.000,MANHATTAN,COLLEGE AIDE - ASSIGNMENT LEVELS II AND III,CEASED,16.50,per Hour,112.38,1854.37,0,0.00,0.00
2024,816,DEPT OF HEALTH/MENTAL HYGIENE,1981-07-01T00:00:00.000,QUEENS,STAFF ANALYST,CEASED,83606.00,per Annum,0,2328.51,0,0.00,0.00
2024,816,DEPT OF HEALTH/MENTAL HYGIENE,2024-06-03T00:00:00.000,MANHATTAN,COMMUNITY COORDINATOR,ACTIVE,67000.00,per Annum,70,2562.84,0,0.00,0.00
2024,816,DEPT OF HEALTH/MENTAL HYGIENE,2018-05-29T00:00:00.000,QUEENS,COMMUNITY COORDINATOR,CEASED,68361.00,per Annum,90.8,3393.95,0,0.00,0.00
2024,816,DEPT OF HEALTH/MENTAL HYGIENE,2023-02-14T00:00:00.000,QUEENS,COLLEGE AIDE,CEASED,18.30,per Hour,313.5,5737.06,0,0.00,0.00
2024,816,DEPT OF HEALTH/MENTAL HYGIENE,2024-04-15T00:00:00.000,MANHATTAN,LABORATORY HELPER,ACTIVE,37029.00,per Annum,315,6230.18,0,0.00,0.00
2024,816,DEPT OF HEALTH/MENTAL HYGIENE,2023-11-09T00:00:00.000,QUEENS,COLLEGE AIDE,ACTIVE,19.90,per Hour,326.17,6490.79,0,0.00,0.00
2024,816,DEPT OF HEALTH/MENTAL HYGIENE,2016-10-03T00:00:00.000,QUEENS,ADMINISTRATIVE ACCOUNTANT,ACTIVE,88917.00,per Annum,1876,107121.71,13,921.38,-17400.30
2024,816,DEPT OF HEALTH/MENTAL HYGIENE,2018-09-10T00:00:00.000,QUEENS,JR PHNURSE,CEASED,35.77,per Hour,0,3.57,0,0.00,-156.23
2024,816,DEPT OF HEALTH/MENTAL HYGIENE,2015-09-08T00:00:00.000,BROOKLYN,PUBLIC HEALTH NURSE,CEASED,36.07,per Hour,0,-1431.90,0,-18.66,-125.31
2024,816,DEPT OF HEALTH/MENTAL HYGIENE,2018-02-26T00:00:00.000,MANHATTAN,JR PHNURSE,CEASED,36.84,per Hour,0,-2217.88,0,-311.07,-122.62
2024,816,DEPT OF HEALTH/MENTAL HYGIENE,2020-02-24T00:00:00.000,BRONX,PUBLIC HEALTH NURSE,CEASED,36.07,per Hour,0,-414.74,0,-51.82,-74.47
2024,816,DEPT OF HEALTH/MENTAL HYGIENE,2016-03-21T00:00:00.000,MANHATTAN,CITY RESEARCH SCIENTIST,CEASED,126246.00,per Annum,0,-849.68,0,0.00,-5.76
2024,816,DEPT OF HEALTH/MENTAL HYGIENE,2019-05-13T00:00:00.000,BROOKLYN,PUBLIC HEALTH ADVISER,CEASED,25.36,per Hour,0,-21.28,0,0.00,-0.29
2024,816,DEPT OF HEALTH/MENTAL HYGIENE,2022-07-11T00:00:00.000,MANHATTAN,PUBLIC HEALTH SANITARIAN,CEASED,48506.00,per Annum,0,-1860.49,0,0.00,0.00
2024,816,DEPT OF HEALTH/MENTAL HYGIENE,2022-01-31T00:00:00.000,QUEENS,CITY RESEARCH SCIENTIST,CEASED,80103.00,per Annum,0,-1728.20,0,0.00,0.00
2024,816,DEPT OF HEALTH/MENTAL HYGIENE,2015-07-20T00:00:00.000,BROOKLYN,ASSOCIATE STAFF ANALYST,CEASED,88284.00,per Annum,0,44.51,0,0.00,0.00
2024,816,DEPT OF HEALTH/MENTAL HYGIENE,2016-10-31T00:00:00.000,QUEENS,PROCUREMENT ANALYST,ON LEAVE,69511.00,per Annum,0,64.83,0,0.00,0.00
2024,816,DEPT OF HEALTH/MENTAL HYGIENE,2022-07-05T00:00:00.000,MANHATTAN,CITY PEST CONTROL AIDE,CEASED,33287.00,per Annum,0,432.24,0,0.00,0.00
2024,816,DEPT OF HEALTH/MENTAL HYGIENE,2024-06-03T00:00:00.000,QUEENS,COLLEGE AIDE,ACTIVE,18.30,per Hour,32,585.60,0,0.00,0.00
2024,816,DEPT OF HEALTH/MENTAL HYGIENE,2023-08-04T00:00:00.000,MANHATTAN,COLLEGE AIDE,CEASED,17.30,per Hour,49,847.70,0,0.00,0.00
2024,816,DEPT OF HEALTH/MENTAL HYGIENE,2007-03-05T00:00:00.000,BRONX,CLERICAL ASSOCIATE,CEASED,54711.00,per Annum,700,21010.75,0,0.00,17057.98
2024,816,DEPT OF HEALTH/MENTAL HYGIENE,2012-08-27T00:00:00.000,QUEENS,PUBLIC HEALTH NURSE,CEASED,86368.00,per Annum,1358,64099.52,0,0.00,17313.38
2024,816,DEPT OF HEALTH/MENTAL HYGIENE,2017-11-13T00:00:00.000,QUEENS,PUBLIC HEALTH NURSE,CEASED,38.27,per Hour,884.25,34773.58,0,0.00,18571.30
2024,816,DEPT OF HEALTH/MENTAL HYGIENE,1998-07-27T00:00:00.000,QUEENS,CITY MEDICAL SPECIALIST,ACTIVE,94.58,per Hour,1747.5,165278.55,0,0.00,20810.81
2024,816,DEPT OF HEALTH/MENTAL HYGIENE,2021-09-20T00:00:00.000,QUEENS,JR PHNURSE,ACTIVE,39.09,per Hour,1337,51271.54,0,0.15,21000.74
2024,816,DEPT OF HEALTH/MENTAL HYGIENE,2020-02-24T00:00:00.000,QUEENS,PUBLIC HEALTH NURSE,ACTIVE,39.42,per Hour,1355.25,53629.39,0,0.00,21541.31
2024,816,DEPT OF HEALTH/MENTAL HYGIENE,2004-10-01T00:00:00.000,BROOKLYN,CITY MEDICAL EXAMINER,ACTIVE,238942.00,per Annum,2080,237659.61,219.75,27423.80,21721.01
2024,816,DEPT OF HEALTH/MENTAL HYGIENE,2020-02-24T00:00:00.000,QUEENS,PUBLIC HEALTH NURSE,ACTIVE,39.42,per Hour,1274,51099.75,190.5,8336.88,23192.37
2024,816,DEPT OF HEALTH/MENTAL HYGIENE,2003-05-01T00:00:00.000,QUEENS,ADMINISTRATIVE PUBLIC HEALTH NURSE,ACTIVE,119506.00,per Annum,1820,115379.28,0,0.00,23401.31
2024,816,DEPT OF HEALTH/MENTAL HYGIENE,1999-12-13T00:00:00.000,MANHATTAN,ADMINISTRATIVE PUBLIC HEALTH NURSE,ACTIVE,134109.00,per Annum,1820,129481.23,0,0.00,25202.12
2024,816,DEPT OF HEALTH/MENTAL HYGIENE,2019-02-04T00:00:00.000,BROOKLYN,JR PHNURSE,ACTIVE,39.09,per Hour,1673,68073.42,351.25,18264.05,25775.06
2024,816,DEPT OF HEALTH/MENTAL HYGIENE,2018-02-26T00:00:00.000,QUEENS,JR PHNURSE,ACTIVE,39.09,per Hour,1655.25,66991.40,2,106.00,25827.03
2024,816,DEPT OF HEALTH/MENTAL HYGIENE,2012-08-27T00:00:00.000,BROOKLYN,PUBLIC HEALTH NURSE,CEASED,38.26,per Hour,577.75,25154.90,0,0.00,26450.29
2024,816,DEPT OF HEALTH/MENTAL HYGIENE,2011-02-28T00:00:00.000,QUEENS,PUBLIC HEALTH NURSE,ACTIVE,39.42,per Hour,1228.25,48523.30,110,4865.81,27059.75
2024,816,DEPT OF HEALTH/MENTAL HYGIENE,2015-09-08T00:00:00.000,QUEENS,PUBLIC HEALTH NURSE,ACTIVE,39.42,per Hour,1569.25,63623.39,38,2397.07,27216.99
2024,816,DEPT OF HEALTH/MENTAL HYGIENE,2016-02-22T00:00:00.000,MANHATTAN,JR PHNURSE,ACTIVE,39.09,per Hour,1442,55953.71,8,404.51,27284.71
2024,816,DEPT OF HEALTH/MENTAL HYGIENE,2007-03-19T00:00:00.000,QUEENS,JR PHNURSE,ACTIVE,39.09,per Hour,1264.23,49068.77,0,0.00,27330.78
2024,816,DEPT OF HEALTH/MENTAL HYGIENE,2012-09-24T00:00:00.000,QUEENS,PUBLIC HEALTH NURSE,ACTIVE,94826.00,per Annum,1820,91569.78,101.75,7229.76,27486.21
2024,816,DEPT OF HEALTH/MENTAL HYGIENE,2006-03-16T00:00:00.000,QUEENS,PUBLIC HEALTH NURSE,ACTIVE,39.42,per Hour,1414,55114.26,0,0.00,28027.64
2024,816,DEPT OF HEALTH/MENTAL HYGIENE,1994-03-14T00:00:00.000,BROOKLYN,PUBLIC HEALTH NURSE,ACTIVE,94826.00,per Annum,1820,91569.78,0,0.00,28445.72
2024,816,DEPT OF HEALTH/MENTAL HYGIENE,2010-09-13T00:00:00.000,BRONX,JR PHNURSE,ACTIVE,39.09,per Hour,1691.48,70074.54,66,4518.09,33254.45
2024,816,DEPT OF HEALTH/MENTAL HYGIENE,2014-09-02T00:00:00.000,QUEENS,PUBLIC HEALTH NURSE,ACTIVE,39.42,per Hour,1467.5,58342.10,0,16.06,34239.67
2024,816,DEPT OF HEALTH/MENTAL HYGIENE,1995-02-06T00:00:00.000,BRONX,PUBLIC HEALTH NURSE,CEASED,38.27,per Hour,532,21191.62,0.25,12.16,40360.56
2024,816,DEPT OF HEALTH/MENTAL HYGIENE,2009-03-02T00:00:00.000,BROOKLYN,JR PHNURSE,ACTIVE,39.09,per Hour,1533,63252.34,25.25,1728.40,44868.46
2024,816,DEPT OF HEALTH/MENTAL HYGIENE,2014-01-27T00:00:00.000,QUEENS,JR PHNURSE,ACTIVE,39.09,per Hour,1698,68962.01,468.5,26161.89,45906.18
2024,816,DEPT OF HEALTH/MENTAL HYGIENE,2009-05-18T00:00:00.000,MANHATTAN,AGENCY ATTORNEY,ACTIVE,93288.00,per Annum,1820,98904.22,0,0.00,66957.76
2024,816,DEPT OF HEALTH/MENTAL HYGIENE,2002-07-01T00:00:00.000,QUEENS,PROCUREMENT ANALYST,ACTIVE,77736.00,per Annum,1820,79278.17,893,52616.88,4903.68
2024,816,DEPT OF HEALTH/MENTAL HYGIENE,2002-05-13T00:00:00.000,MANHATTAN,ADM MANAGER-NON-MGRL,ACTIVE,79852.00,per Annum,1820,82842.81,241.5,12980.63,5123.43
2024,816,DEPT OF HEALTH/MENTAL HYGIENE,2017-07-10T00:00:00.000,MANHATTAN,PUBLIC HEALTH SANITARIAN,ACTIVE,70381.00,per Annum,2080,67964.16,0,0.00,5157.04
2024,816,DEPT OF HEALTH/MENTAL HYGIENE,2019-02-04T00:00:00.000,BROOKLYN,PRINCIPAL ADMINISTRATIVE ASSOCIATE -  NON SUPVR,CEASED,62144.00,per Annum,1680,59656.17,0,0.00,5173.57
2024,816,DEPT OF HEALTH/MENTAL HYGIENE,2017-11-20T00:00:00.000,MANHATTAN,ASSOCIATE PUBLIC HEALTH SANITARIAN,ACTIVE,78226.00,per Annum,2080,75823.34,0,0.00,5422.70
2024,816,DEPT OF HEALTH/MENTAL HYGIENE,1985-06-10T00:00:00.000,MANHATTAN,CLERICAL ASSOCIATE,ACTIVE,51524.00,per Annum,1820,49998.83,0,0.00,5523.20
2024,816,DEPT OF HEALTH/MENTAL HYGIENE,1985-07-01T00:00:00.000,MANHATTAN,CLERICAL ASSOCIATE,ACTIVE,55729.00,per Annum,1820,53792.76,0,0.00,5523.20
2024,816,DEPT OF HEALTH/MENTAL HYGIENE,1995-08-20T00:00:00.000,BROOKLYN,CLERICAL ASSOCIATE,ACTIVE,61632.00,per Annum,1820,59493.04,0,0.00,5523.20
2024,816,DEPT OF HEALTH/MENTAL HYGIENE,1989-03-13T00:00:00.000,QUEENS,SECRETARY,ACTIVE,69862.00,per Annum,1820,67440.20,0,0.00,5523.20
2024,816,DEPT OF HEALTH/MENTAL HYGIENE,2010-03-22T00:00:00.000,MANHATTAN,CITY RESEARCH SCIENTIST,ACTIVE,109426.00,per Annum,1820,103900.29,0,0.00,5629.11
2024,816,DEPT OF HEALTH/MENTAL HYGIENE,1990-05-16T00:00:00.000,MANHATTAN,ADM MANAGER-NON-MGRL,ACTIVE,79852.00,per Annum,1820,82842.81,463.5,28668.65,5698.69
2024,816,DEPT OF HEALTH/MENTAL HYGIENE,2002-05-13T00:00:00.000,QUEENS,ADM MANAGER-NON-MGRL,ACTIVE,90423.00,per Annum,1820,93407.71,0,321.40,5876.08
2024,816,DEPT OF HEALTH/MENTAL HYGIENE,2005-04-25T00:00:00.000,MANHATTAN,HEALTH SERVICES MANAGER NON MANAGERIAL LEVEL II,ACTIVE,127822.00,per Annum,1820,135459.02,0,2.35,5983.77
2024,816,DEPT OF HEALTH/MENTAL HYGIENE,1997-09-15T00:00:00.000,MANHATTAN,EXTERMINATOR,ACTIVE,60491.00,per Annum,1820,58390.80,380.5,19074.19,6033.88
2024,816,DEPT OF HEALTH/MENTAL HYGIENE,1994-01-10T00:00:00.000,QUEENS,SUPERVISING PUBLIC HEALTH ADVISER,ACTIVE,83648.00,per Annum,1820,80752.21,101,6512.44,6050.72
2024,816,DEPT OF HEALTH/MENTAL HYGIENE,2017-08-21T00:00:00.000,QUEENS,CITY MEDICAL SPECIALIST,ACTIVE,84.86,per Hour,1379.5,117064.38,0,0.00,6155.25
2024,816,DEPT OF HEALTH/MENTAL HYGIENE,1987-06-07T00:00:00.000,MANHATTAN,ADMINISTRATIVE STAFF ANALYST,ACTIVE,132060.00,per Annum,1820,140088.86,0,0.00,6177.25
2024,816,DEPT OF HEALTH/MENTAL HYGIENE,2002-07-01T00:00:00.000,QUEENS,COMPUTER SPECIALIST,ACTIVE,137534.00,per Annum,1820,132788.49,21.25,1846.64,6306.92
2024,816,DEPT OF HEALTH/MENTAL HYGIENE,2006-01-30T00:00:00.000,QUEENS,PUBLIC HEALTH EPIDEMIOLOGIST,ACTIVE,81612.00,per Annum,1820,78809.81,0,0.00,6712.78
2024,816,DEPT OF HEALTH/MENTAL HYGIENE,2016-09-26T00:00:00.000,MANHATTAN,PRINCIPAL ADMINISTRATIVE ASSOCIATE -  NON SUPVR,ACTIVE,69352.00,per Annum,1820,71673.99,62,3729.68,6817.66
2024,816,DEPT OF HEALTH/MENTAL HYGIENE,1992-01-21T00:00:00.000,BRONX,PUBLIC HEALTH ADVISER,ACTIVE,27.84,per Hour,1441.75,38956.09,1,30.05,6892.70
2024,816,DEPT OF HEALTH/MENTAL HYGIENE,1997-09-15T00:00:00.000,MANHATTAN,EXTERMINATOR,ACTIVE,60491.00,per Annum,1820,58390.80,373.75,18804.09,7016.17
2024,816,DEPT OF HEALTH/MENTAL HYGIENE,2019-08-26T00:00:00.000,BRONX,CONSULTANT,ACTIVE,92389.00,per Annum,1820,92615.81,1.5,364.35,7328.64
2024,816,DEPT OF HEALTH/MENTAL HYGIENE,2009-02-23T00:00:00.000,MANHATTAN,SPECIAL OFFICER,ACTIVE,53264.00,per Annum,2080,54682.30,425,16411.90,7529.75
2024,816,DEPT OF HEALTH/MENTAL HYGIENE,2003-10-06T00:00:00.000,BROOKLYN,FORENSIC MORTUARY TECHNICIAN,ACTIVE,62261.00,per Annum,1820,63498.83,148.25,6293.68,7547.31
2024,816,DEPT OF HEALTH/MENTAL HYGIENE,2022-09-19T00:00:00.000,MANHATTAN,FAMILY PUB HEALTH NURSE,ACTIVE,99922.00,per Annum,1820,96669.37,0,0.00,7581.17
2024,816,DEPT OF HEALTH/MENTAL HYGIENE,2016-11-07T00:00:00.000,MANHATTAN,EVIDENCE AND PROPERTY CONTROL SPECIALIST,ACTIVE,61554.00,per Annum,1950,58743.83,30.42,1832.95,7582.60
2024,816,DEPT OF HEALTH/MENTAL HYGIENE,2007-10-01T00:00:00.000,MANHATTAN,SR HEALTHCARE PROG PLAN ANLYST,ACTIVE,78910.00,per Annum,1820,83710.70,0,0.00,7670.83
2024,816,DEPT OF HEALTH/MENTAL HYGIENE,2018-02-26T00:00:00.000,MANHATTAN,PUBLIC HEALTH NURSE,ACTIVE,94826.00,per Annum,1820,91569.78,0,0.00,7674.08
2024,816,DEPT OF HEALTH/MENTAL HYGIENE,1986-12-10T00:00:00.000,QUEENS,PRINCIPAL ADMINISTRATIVE ASSOCIATE -  NON SUPVR,ACTIVE,59968.00,per Annum,1820,62197.08,0,0.00,7793.25
2024,816,DEPT OF HEALTH/MENTAL HYGIENE,2007-10-01T00:00:00.000,RICHMOND,HEALTH CARE PROG PLAN/ANALYST,ACTIVE,65043.00,per Annum,1820,67456.88,0,0.00,7793.25
2024,816,DEPT OF HEALTH/MENTAL HYGIENE,2008-10-14T00:00:00.000,QUEENS,PRINCIPAL ADMINISTRATIVE ASSOCIATE -  NON SUPVR,ACTIVE,81350.00,per Annum,1820,84359.21,0,0.00,7793.25
2024,816,DEPT OF HEALTH/MENTAL HYGIENE,2006-09-11T00:00:00.000,QUEENS,CITY RESEARCH SCIENTIST,ACTIVE,132768.00,per Annum,1820,128069.02,0,0.00,7891.67
2024,816,DEPT OF HEALTH/MENTAL HYGIENE,1988-07-17T00:00:00.000,MANHATTAN,ADMINISTRATIVE STAFF ANALYST,ACTIVE,101617.00,per Annum,1820,107954.37,0,0.00,7914.48
2024,816,DEPT OF HEALTH/MENTAL HYGIENE,2002-07-01T00:00:00.000,QUEENS,PRINCIPAL ADMINISTRATIVE ASSOCIATE -  NON SUPVR,ACTIVE,93249.00,per Annum,1820,96349.22,0,0.00,7921.17
2024,816,DEPT OF HEALTH/MENTAL HYGIENE,2007-11-13T00:00:00.000,MANHATTAN,SUPERVISING SPECIAL OFFICER,ACTIVE,68099.00,per Annum,2080,69952.01,72.25,3534.55,8028.78
2024,816,DEPT OF HEALTH/MENTAL HYGIENE,2014-08-25T00:00:00.000,MANHATTAN,PUBLIC HEALTH SANITARIAN,ACTIVE,70381.00,per Annum,2080,67964.16,503.5,27322.34,8134.29
2024,816,DEPT OF HEALTH/MENTAL HYGIENE,2004-08-23T00:00:00.000,MANHATTAN,CITY RESEARCH SCIENTIST,ACTIVE,148602.00,per Annum,1820,143359.31,0,0.00,8271.70
2024,816,DEPT OF HEALTH/MENTAL HYGIENE,2023-02-27T00:00:00.000,QUEENS,PUBLIC HEALTH NURSE,ON LEAVE,39.42,per Hour,158.5,6475.30,0,0.00,8405.56
2024,816,DEPT OF HEALTH/MENTAL HYGIENE,2007-10-01T00:00:00.000,QUEENS,HEALTH SERVICES MANAGER NON MANAGERIAL LEVEL II,ACTIVE,106985.00,per Annum,1820,113025.17,0,2.47,8411.94
2024,816,DEPT OF HEALTH/MENTAL HYGIENE,2002-06-17T00:00:00.000,QUEENS,CITY RESEARCH SCIENTIST,ACTIVE,122566.00,per Annum,1820,118217.18,0,0.00,8519.34
2024,816,DEPT OF HEALTH/MENTAL HYGIENE,2010-12-06T00:00:00.000,MANHATTAN,ASSOCIATE PUBLIC HEALTH SANITARIAN,ACTIVE,78226.00,per Annum,1840,65592.99,1,61.64,8534.71
2024,816,DEPT OF HEALTH/MENTAL HYGIENE,1993-11-01T00:00:00.000,BROOKLYN,PUBLIC HEALTH ADVISER,ACTIVE,27.84,per Hour,1743,47095.86,0,0.00,8600.76
2024,816,DEPT OF HEALTH/MENTAL HYGIENE,2013-07-01T00:00:00.000,MANHATTAN,ASSOCIATE PUBLIC HEALTH SANITARIAN,ACTIVE,73736.00,per Annum,2080,71203.81,0,0.00,9558.82
2024,816,DEPT OF HEALTH/MENTAL HYGIENE,2009-07-20T00:00:00.000,QUEENS,CITY MEDICAL SPECIALIST,ACTIVE,98.84,per Hour,1866.5,184484.86,10,998.70,11249.07
2024,816,DEPT OF HEALTH/MENTAL HYGIENE,1995-11-05T00:00:00.000,BRONX,PUBLIC HEALTH SANITARIAN,ACTIVE,70644.00,per Annum,2080,68195.05,0,0.00,11532.91
2024,816,DEPT OF HEALTH/MENTAL HYGIENE,2002-08-23T00:00:00.000,QUEENS,CITY MEDICAL SPECIALIST,ACTIVE,182522.00,per Annum,2080,181542.47,47.5,4432.98,12274.76
2024,816,DEPT OF HEALTH/MENTAL HYGIENE,1999-03-15T00:00:00.000,MANHATTAN,ASSOCIATE PUBLIC HEALTH SANITARIAN,ACTIVE,111417.00,per Annum,2080,107568.62,0,0.00,13411.19
2024,816,DEPT OF HEALTH/MENTAL HYGIENE,2024-03-18T00:00:00.000,QUEENS,ASSOCIATE STAFF ANALYST,ACTIVE,88732.00,per Annum,455,22061.78,0,0.00,0.00
2024,816,DEPT OF HEALTH/MENTAL HYGIENE,2024-01-02T00:00:00.000,QUEENS,CITY RESEARCH SCIENTIST,CEASED,70087.00,per Annum,490,18766.44,0,0.00,0.00
2024,816,DEPT OF HEALTH/MENTAL HYGIENE,2022-11-07T00:00:00.000,MANHATTAN,EVIDENCE AND PROPERTY CONTROL SPECIALIST,ACTIVE,59761.00,per Annum,553,18058.89,0,0.00,0.00
2024,816,DEPT OF HEALTH/MENTAL HYGIENE,2024-03-18T00:00:00.000,MANHATTAN,ASSOCIATE LABORATORY MICROBIOLOGIST,ACTIVE,77250.00,per Annum,455,18043.01,0,0.00,0.00
2024,816,DEPT OF HEALTH/MENTAL HYGIENE,2024-02-20T00:00:00.000,MANHATTAN,INVESTIGATOR,ACTIVE,53692.00,per Annum,588,16749.31,0,0.00,0.00
2024,816,DEPT OF HEALTH/MENTAL HYGIENE,2023-10-02T00:00:00.000,MANHATTAN,COMMUNITY SERVICE AIDE,ACTIVE,18.54,per Hour,919.25,16059.00,0,0.00,0.00
2024,816,DEPT OF HEALTH/MENTAL HYGIENE,2023-07-03T00:00:00.000,QUEENS,COLLEGE AIDE,CEASED,17.30,per Hour,664.75,11500.25,0,0.00,0.00
2024,816,DEPT OF HEALTH/MENTAL HYGIENE,2021-09-27T00:00:00.000,MANHATTAN,COMMUNITY ASSOCIATE,CEASED,47741.00,per Annum,251.25,8081.55,0,0.00,0.00
2024,816,DEPT OF HEALTH/MENTAL HYGIENE,2022-08-15T00:00:00.000,MANHATTAN,COLLEGE AIDE,CEASED,15.75,per Hour,490,7717.50,0,0.00,0.00
2024,816,DEPT OF HEALTH/MENTAL HYGIENE,2023-10-02T00:00:00.000,MANHATTAN,COLLEGE AIDE,ACTIVE,16.75,per Hour,446.25,6916.89,0,0.00,0.00
2024,816,DEPT OF HEALTH/MENTAL HYGIENE,2012-10-09T00:00:00.000,QUEENS,CITY RESEARCH SCIENTIST,ACTIVE,127512.00,per Annum,1400,94291.24,0,0.00,2030.66
2024,816,DEPT OF HEALTH/MENTAL HYGIENE,2018-12-03T00:00:00.000,QUEENS,SPEC CONSULTANT,ACTIVE,95461.00,per Annum,1820,92446.81,0,0.00,2046.04
2024,816,DEPT OF HEALTH/MENTAL HYGIENE,2019-08-12T00:00:00.000,QUEENS,PUBLIC HEALTH ADVISER,ACTIVE,61035.00,per Annum,1820,59111.97,0,0.00,2056.46
2024,816,DEPT OF HEALTH/MENTAL HYGIENE,2008-05-27T00:00:00.000,MANHATTAN,COMMUNITY ASSOCIATE,ACTIVE,52514.00,per Annum,1820,47965.69,0,0.00,2091.68
2024,816,DEPT OF HEALTH/MENTAL HYGIENE,2022-01-10T00:00:00.000,QUEENS,SPEC CONSULTANT,ON LEAVE,92389.00,per Annum,1120,61309.25,0,228.82,2113.84
2024,816,DEPT OF HEALTH/MENTAL HYGIENE,2016-10-11T00:00:00.000,QUEENS,SCIENTIST,CEASED,66515.00,per Annum,1539.82,55973.30,0,0.00,2294.29
2024,816,DEPT OF HEALTH/MENTAL HYGIENE,2018-06-11T00:00:00.000,QUEENS,SPEC CONSULTANT,ACTIVE,103221.00,per Annum,1820,99958.32,0,0.00,2429.39
2024,816,DEPT OF HEALTH/MENTAL HYGIENE,2019-08-19T00:00:00.000,BROOKLYN,PUBLIC HEALTH ASSISTANT,ON LEAVE,22.74,per Hour,1154.75,25496.88,1,22.52,2568.08
2024,816,DEPT OF HEALTH/MENTAL HYGIENE,2017-12-18T00:00:00.000,BRONX,CONSULTANT,ACTIVE,85998.00,per Annum,1820,83044.84,67.25,4275.87,2588.29
2024,816,DEPT OF HEALTH/MENTAL HYGIENE,2017-03-20T00:00:00.000,QUEENS,CITY RESEARCH SCIENTIST,ACTIVE,109377.00,per Annum,1820,96527.15,0,0.00,2683.96
2024,816,DEPT OF HEALTH/MENTAL HYGIENE,2017-01-03T00:00:00.000,QUEENS,CITY RESEARCH SCIENTIST,ACTIVE,108664.00,per Annum,1820,104932.75,0,0.00,2703.95
2024,816,DEPT OF HEALTH/MENTAL HYGIENE,2017-01-03T00:00:00.000,QUEENS,CITY RESEARCH SCIENTIST,ACTIVE,97775.00,per Annum,1820,94372.85,0,0.00,2708.71
2024,816,DEPT OF HEALTH/MENTAL HYGIENE,2016-12-19T00:00:00.000,QUEENS,CITY RESEARCH SCIENTIST,ACTIVE,109377.00,per Annum,1820,105916.16,0,0.00,2729.97
2024,816,DEPT OF HEALTH/MENTAL HYGIENE,2016-09-06T00:00:00.000,MANHATTAN,SCIENTIST,ACTIVE,68510.00,per Annum,1820,66158.01,0,0.00,2764.63
2024,816,DEPT OF HEALTH/MENTAL HYGIENE,2016-08-29T00:00:00.000,QUEENS,CITY RESEARCH SCIENTIST,ACTIVE,128896.00,per Annum,1820,124424.51,0,0.00,2851.74
2024,816,DEPT OF HEALTH/MENTAL HYGIENE,2018-03-19T00:00:00.000,QUEENS,PUBLIC HEALTH SANITARIAN,ACTIVE,70381.00,per Annum,2080,67964.16,8.25,423.07,2980.42
2024,816,DEPT OF HEALTH/MENTAL HYGIENE,2023-09-11T00:00:00.000,QUEENS,AGENCY ATTORNEY INTERNE,CEASED,65000.00,per Annum,140,4493.18,0,0.00,3000.00
2024,816,DEPT OF HEALTH/MENTAL HYGIENE,2024-01-16T00:00:00.000,QUEENS,PUBLIC HEALTH EMERGENCY PREPAREDNESS SPECIALIST,ACTIVE,75221.00,per Annum,763,30537.26,0,0.00,3000.00
2024,816,DEPT OF HEALTH/MENTAL HYGIENE,2023-10-16T00:00:00.000,QUEENS,PRINCIPAL ADMINISTRATIVE ASSOCIATE -  NON SUPVR,ACTIVE,66672.00,per Annum,1225,44520.95,0,0.00,3000.00
2024,816,DEPT OF HEALTH/MENTAL HYGIENE,2019-08-19T00:00:00.000,BROOKLYN,PRINCIPAL ADMINISTRATIVE ASSOCIATE -  NON SUPVR,ACTIVE,59588.00,per Annum,1680,55633.12,0,0.00,3000.00
2024,816,DEPT OF HEALTH/MENTAL HYGIENE,2022-01-10T00:00:00.000,MANHATTAN,EVIDENCE AND PROPERTY CONTROL SPECIALIST,ACTIVE,61554.00,per Annum,1820,59231.45,0,0.00,3000.00
2024,816,DEPT OF HEALTH/MENTAL HYGIENE,2022-05-02T00:00:00.000,BRONX,SR HEALTHCARE PROG PLAN ANLYST,ACTIVE,61876.00,per Annum,1820,64438.62,0,0.00,3000.00
2024,816,DEPT OF HEALTH/MENTAL HYGIENE,2023-12-18T00:00:00.000,QUEENS,DIRECTOR OF PUBLIC RELATIONS,ACTIVE,203723.00,per Annum,910,98368.86,0,0.00,3000.00
2024,816,DEPT OF HEALTH/MENTAL HYGIENE,2017-12-04T00:00:00.000,QUEENS,ADMINISTRATIVE PUBLIC INFORMATION SPECIALIST NM FORMER M1/M2,ACTIVE,103894.00,per Annum,1820,112795.28,0,0.00,3000.00
2024,816,DEPT OF HEALTH/MENTAL HYGIENE,1989-02-06T00:00:00.000,QUEENS,ADMINISTRATIVE SUPERVISOR OF BUILDING MAINTENANCE,ACTIVE,115672.00,per Annum,1820,120100.20,0,0.00,3000.00
2024,816,DEPT OF HEALTH/MENTAL HYGIENE,2017-08-21T00:00:00.000,MANHATTAN,ADMINISTRATIVE QUALITY ASSURANCE SPECIALIST,ACTIVE,123970.00,per Annum,1820,128714.53,0,0.00,3000.00
2024,816,DEPT OF HEALTH/MENTAL HYGIENE,1992-02-10T00:00:00.000,MANHATTAN,HEALTH SERVICES MANAGER NON MANAGERIAL LEVEL I,ACTIVE,122741.00,per Annum,1820,130011.92,0,0.00,3000.00
2024,816,DEPT OF HEALTH/MENTAL HYGIENE,2005-02-22T00:00:00.000,QUEENS,COMPUTER SYSTEMS MANAGER,ACTIVE,163218.00,per Annum,1820,164786.60,0,0.00,3000.00
2024,816,DEPT OF HEALTH/MENTAL HYGIENE,2011-11-07T00:00:00.000,QUEENS,ADMINISTRATIVE STAFF ANALYST,ACTIVE,159408.00,per Annum,1820,168849.58,0,0.00,3000.00
2024,816,DEPT OF HEALTH/MENTAL HYGIENE,2006-01-24T00:00:00.000,QUEENS,EXECUTIVE AGENCY COUNSEL,ACTIVE,166317.00,per Annum,1820,170965.81,0,0.00,3000.00
2024,816,DEPT OF HEALTH/MENTAL HYGIENE,2005-08-15T00:00:00.000,QUEENS,ADMINISTRATIVE STAFF ANALYST,ACTIVE,190465.00,per Annum,1820,191620.41,0,0.00,3000.00
2024,816,DEPT OF HEALTH/MENTAL HYGIENE,2013-01-07T00:00:00.000,QUEENS,ADMINISTRATIVE STAFF ANALYST,ACTIVE,200616.00,per Annum,1820,207486.65,0,0.00,3000.00
2024,816,DEPT OF HEALTH/MENTAL HYGIENE,2023-09-18T00:00:00.000,QUEENS,PUBLIC HEALTH EMERGENCY PREPAREDNESS SPECIALIST,ACTIVE,73131.00,per Annum,1365,52716.26,9,354.42,3000.00
2024,816,DEPT OF HEALTH/MENTAL HYGIENE,2016-03-14T00:00:00.000,QUEENS,HEALTH SERVICES MANAGER,ACTIVE,156031.00,per Annum,1820,158506.13,0,0.00,3000.40
2024,816,DEPT OF HEALTH/MENTAL HYGIENE,2023-05-15T00:00:00.000,QUEENS,ASSOCIATE PUBLIC INFORMATION SPECIALIST,ACTIVE,75000.00,per Annum,1820,73501.68,6.25,278.46,3019.23
2024,816,DEPT OF HEALTH/MENTAL HYGIENE,2016-06-06T00:00:00.000,BRONX,PUBLIC HEALTH EDUCATOR,ACTIVE,77561.00,per Annum,1820,77472.62,76.25,3444.01,3040.35
2024,816,DEPT OF HEALTH/MENTAL HYGIENE,2016-07-11T00:00:00.000,BROOKLYN,PROCUREMENT ANALYST,ACTIVE,76274.00,per Annum,1820,76183.26,11.25,595.27,3066.00
2024,816,DEPT OF HEALTH/MENTAL HYGIENE,2015-06-22T00:00:00.000,MANHATTAN,CITY RESEARCH SCIENTIST,ACTIVE,106146.00,per Annum,1820,94601.25,0,0.00,3068.04
2024,816,DEPT OF HEALTH/MENTAL HYGIENE,2020-04-20T00:00:00.000,MANHATTAN,CRIMINALIST,ACTIVE,79178.00,per Annum,1820,76459.44,199,8967.31,3141.34
2024,816,DEPT OF HEALTH/MENTAL HYGIENE,2016-09-06T00:00:00.000,QUEENS,PROCUREMENT ANALYST,ACTIVE,81320.00,per Annum,1820,78337.58,0,0.00,3154.00
2024,816,DEPT OF HEALTH/MENTAL HYGIENE,1997-09-15T00:00:00.000,QUEENS,SUPERVISOR,CEASED,50299.00,per Annum,1300.87,35759.91,0,0.00,3170.06
2024,816,DEPT OF HEALTH/MENTAL HYGIENE,2019-06-10T00:00:00.000,QUEENS,PUBLIC HEALTH EDUCATOR,ACTIVE,73407.00,per Annum,1820,79136.45,0,0.00,3215.00
2024,816,DEPT OF HEALTH/MENTAL HYGIENE,2003-02-18T00:00:00.000,MANHATTAN,PUBLIC HEALTH SANITARIAN,CEASED,68432.00,per Annum,586.07,19182.60,2.5,143.73,3250.31
2024,816,DEPT OF HEALTH/MENTAL HYGIENE,2016-03-07T00:00:00.000,QUEENS,PUBLIC HEALTH EDUCATOR,ACTIVE,64687.00,per Annum,1820,66726.25,0,0.00,3497.43
2024,816,DEPT OF HEALTH/MENTAL HYGIENE,1992-10-13T00:00:00.000,MANHATTAN,LABORATORY MICROBIOLOGIST,ACTIVE,68919.00,per Annum,1820,62661.97,896.5,44215.45,3612.13
2024,816,DEPT OF HEALTH/MENTAL HYGIENE,2007-02-26T00:00:00.000,MANHATTAN,PUBLIC HEALTH ADVISER,ACTIVE,70189.00,per Annum,1840.75,60992.45,0,0.00,3733.99
2024,816,DEPT OF HEALTH/MENTAL HYGIENE,1999-02-16T00:00:00.000,MANHATTAN,ASSOCIATE LABORATORY MICROBIOLOGIST,ACTIVE,92405.00,per Annum,1820,84292.19,0,0.00,3779.72
2024,816,DEPT OF HEALTH/MENTAL HYGIENE,2016-08-22T00:00:00.000,QUEENS,CITY MEDICAL SPECIALIST,ACTIVE,186522.00,per Annum,2080,173793.94,5.75,487.46,3797.41
2024,816,DEPT OF HEALTH/MENTAL HYGIENE,2013-08-13T00:00:00.000,BROOKLYN,CITY CUSTODIAL ASSISTANT,ACTIVE,41548.00,per Annum,2080,40121.41,246.5,7623.39,3984.49
2024,816,DEPT OF HEALTH/MENTAL HYGIENE,1993-04-05T00:00:00.000,QUEENS,CITY RESEARCH SCIENTIST,CEASED,128728.00,per Annum,854.78,60140.29,0,0.00,3993.97
2024,816,DEPT OF HEALTH/MENTAL HYGIENE,2021-06-28T00:00:00.000,MANHATTAN,CRIMINALIST,ACTIVE,79178.00,per Annum,1820,79946.35,8,394.78,4008.32
2024,816,DEPT OF HEALTH/MENTAL HYGIENE,2014-05-19T00:00:00.000,QUEENS,PUBLIC HEALTH EPIDEMIOLOGIST,ACTIVE,81612.00,per Annum,1820,72520.13,0,0.00,4066.92
2024,816,DEPT OF HEALTH/MENTAL HYGIENE,1999-04-19T00:00:00.000,MANHATTAN,COMMUNITY COORDINATOR,ACTIVE,85514.00,per Annum,1820,80354.04,12,544.02,4093.69
2024,816,DEPT OF HEALTH/MENTAL HYGIENE,2003-06-02T00:00:00.000,MANHATTAN,EVIDENCE AND PROPERTY CONTROL SPECIALIST,ACTIVE,61600.00,per Annum,1820,51141.04,19.25,708.81,4130.74
2024,816,DEPT OF HEALTH/MENTAL HYGIENE,2020-11-09T00:00:00.000,RICHMOND,PUBLIC HEALTH NURSE,CEASED,38.26,per Hour,0,0.00,0,0.00,4174.70
2024,816,DEPT OF HEALTH/MENTAL HYGIENE,2005-01-31T00:00:00.000,BROOKLYN,CONSULTANT,ACTIVE,92489.00,per Annum,1820,89290.14,20,1029.34,4241.47
2024,816,DEPT OF HEALTH/MENTAL HYGIENE,2002-04-14T00:00:00.000,BROOKLYN,CONSULTANT,ACTIVE,92516.00,per Annum,1820,89316.13,0,0.00,4276.29
2024,816,DEPT OF HEALTH/MENTAL HYGIENE,2014-09-29T00:00:00.000,QUEENS,PUBLIC HEALTH ADVISER,ACTIVE,27.71,per Hour,1428,38413.23,8,226.00,4411.03
2024,816,DEPT OF HEALTH/MENTAL HYGIENE,2002-03-14T00:00:00.000,QUEENS,PUBLIC HEALTH ASSISTANT,ACTIVE,53215.00,per Annum,1820,51387.78,0,0.00,4490.96
2024,816,DEPT OF HEALTH/MENTAL HYGIENE,2008-05-19T00:00:00.000,QUEENS,PUBLIC HEALTH EPIDEMIOLOGIST,ACTIVE,83899.00,per Annum,1820,81017.94,12,631.97,4661.15
2024,816,DEPT OF HEALTH/MENTAL HYGIENE,2006-10-16T00:00:00.000,MANHATTAN,INSTITUTIONAL AIDE,ACTIVE,48302.00,per Annum,2080,46782.43,1719.5,59967.29,4747.21
2024,816,DEPT OF HEALTH/MENTAL HYGIENE,2009-07-06T00:00:00.000,BRONX,LABORATORY ASSOCIATE,ACTIVE,29.92,per Hour,1722,47131.30,0,0.00,4783.08
2024,816,DEPT OF HEALTH/MENTAL HYGIENE,2002-03-25T00:00:00.000,QUEENS,PUBLIC HEALTH ADVISER,ACTIVE,61035.00,per Annum,1820,58938.92,0,0.00,4841.93
2024,816,DEPT OF HEALTH/MENTAL HYGIENE,1998-02-23T00:00:00.000,QUEENS,PRINCIPAL ADMINISTRATIVE ASSOCIATE -  NON SUPVR,ACTIVE,84933.00,per Annum,1820,84504.58,0,0.00,4842.98
2024,816,DEPT OF HEALTH/MENTAL HYGIENE,2007-04-16T00:00:00.000,BROOKLYN,PUBLIC HEALTH ADVISER,ACTIVE,61891.00,per Annum,1848,71941.27,1,34.28,4853.19
2024,816,DEPT OF HEALTH/MENTAL HYGIENE,2017-01-30T00:00:00.000,QUEENS,SPECIAL CONSULTANT,ACTIVE,77832.00,per Annum,1820,75159.32,0,0.00,1945.47
2024,816,DEPT OF HEALTH/MENTAL HYGIENE,2018-05-21T00:00:00.000,MANHATTAN,CITY RESEARCH SCIENTIST,ACTIVE,97728.00,per Annum,1813,73685.37,0,0.00,1859.97
2024,816,DEPT OF HEALTH/MENTAL HYGIENE,2022-09-06T00:00:00.000,QUEENS,PUBLIC HEALTH EPIDEMIOLOGIST,ACTIVE,71800.00,per Annum,1820,69334.75,0,0.00,1691.96
2024,816,DEPT OF HEALTH/MENTAL HYGIENE,2008-06-02T00:00:00.000,QUEENS,COMMUNITY COORDINATOR,ACTIVE,94545.00,per Annum,1820,90661.33,6.25,340.97,1585.34
2024,816,DEPT OF HEALTH/MENTAL HYGIENE,2018-10-15T00:00:00.000,QUEENS,CITY RESEARCH SCIENTIST,ACTIVE,132918.00,per Annum,1820,127367.04,0,0.00,1536.36
2024,816,DEPT OF HEALTH/MENTAL HYGIENE,2005-07-18T00:00:00.000,BROOKLYN,COMMUNITY COORDINATOR,ACTIVE,70097.00,per Annum,1820,67666.94,118,5592.79,1504.47
2024,816,DEPT OF HEALTH/MENTAL HYGIENE,2022-11-28T00:00:00.000,MANHATTAN,COMMUNITY COORDINATOR,ACTIVE,70022.00,per Annum,1820,67618.06,0,0.00,1500.00
2024,816,DEPT OF HEALTH/MENTAL HYGIENE,2007-06-04T00:00:00.000,BRONX,COMMUNITY COORDINATOR,ACTIVE,81061.00,per Annum,1820,78254.65,6.5,318.00,1461.95
2024,816,DEPT OF HEALTH/MENTAL HYGIENE,2018-10-29T00:00:00.000,MANHATTAN,PUBLIC HEALTH SANITARIAN,ACTIVE,70381.00,per Annum,920,29915.72,0,0.00,1454.32
2024,816,DEPT OF HEALTH/MENTAL HYGIENE,2017-10-02T00:00:00.000,BROOKLYN,PUBLIC HEALTH ADVISER,ACTIVE,61035.00,per Annum,1533,63360.45,2,64.86,1445.65
2024,816,DEPT OF HEALTH/MENTAL HYGIENE,1995-01-30T00:00:00.000,QUEENS,SPECIAL CONSULTANT,ACTIVE,84036.00,per Annum,1820,80961.73,33,1901.61,1393.29
2024,816,DEPT OF HEALTH/MENTAL HYGIENE,2016-03-07T00:00:00.000,QUEENS,COMMUNITY COORDINATOR,ACTIVE,70022.00,per Annum,1826.5,62760.51,0,0.00,1300.49
2024,816,DEPT OF HEALTH/MENTAL HYGIENE,2020-01-13T00:00:00.000,QUEENS,ECONOMIST,ACTIVE,66950.00,per Annum,1820,70173.43,0,0.00,1216.40
2024,816,DEPT OF HEALTH/MENTAL HYGIENE,2023-12-04T00:00:00.000,QUEENS,COMPUTER ASSOCIATE,ACTIVE,34.72,per Hour,908.75,31502.31,0,0.00,1215.20
2024,816,DEPT OF HEALTH/MENTAL HYGIENE,2023-11-13T00:00:00.000,MANHATTAN,COMMUNITY ASSISTANT,ACTIVE,21.63,per Hour,1034.5,21724.50,62,1664.78,1116.92
2024,816,DEPT OF HEALTH/MENTAL HYGIENE,2021-11-01T00:00:00.000,QUEENS,CLERICAL ASSOCIATE,ACTIVE,61554.00,per Annum,1820,59440.25,0,0.00,1058.50
2024,816,DEPT OF HEALTH/MENTAL HYGIENE,2018-10-15T00:00:00.000,MANHATTAN,CITY RESEARCH SCIENTIST,ACTIVE,96677.00,per Annum,1820,93357.19,0,0.00,1048.36
2024,816,DEPT OF HEALTH/MENTAL HYGIENE,2021-11-15T00:00:00.000,MANHATTAN,ASSOCIATE LABORATORY MICROBIOLOGIST,ON LEAVE,103650.00,per Annum,1190,61421.81,0,0.00,1000.00
2024,816,DEPT OF HEALTH/MENTAL HYGIENE,2020-12-28T00:00:00.000,QUEENS,CITY RESEARCH SCIENTIST,ACTIVE,97728.00,per Annum,1820,90181.69,0,0.00,977.46
2024,816,DEPT OF HEALTH/MENTAL HYGIENE,2018-09-04T00:00:00.000,QUEENS,CITY RESEARCH SCIENTIST,ACTIVE,111700.00,per Annum,854,50729.21,0,0.00,864.84
2024,816,DEPT OF HEALTH/MENTAL HYGIENE,2017-11-06T00:00:00.000,QUEENS,ASSOCIATE CONTRACT SPECIALIST,ACTIVE,83318.00,per Annum,1820,81412.62,522,30953.49,799.63
2024,816,DEPT OF HEALTH/MENTAL HYGIENE,2008-02-11T00:00:00.000,QUEENS,ADMINISTRATIVE CONTRACT SPECIALIST,ACTIVE,100562.00,per Annum,1820,97344.64,13,729.82,795.68
2024,816,DEPT OF HEALTH/MENTAL HYGIENE,2016-04-11T00:00:00.000,MANHATTAN,CUSTOMER INFORMATION REPRESENTATIVE MA L 1549,ACTIVE,60576.00,per Annum,1820,58496.36,0,0.00,630.06
2024,816,DEPT OF HEALTH/MENTAL HYGIENE,2016-02-22T00:00:00.000,QUEENS,PUBLIC HEALTH NURSE,CEASED,37.15,per Hour,0,69.81,0,34.05,619.60
2024,816,DEPT OF HEALTH/MENTAL HYGIENE,2021-10-12T00:00:00.000,QUEENS,CITY RESEARCH SCIENTIST,ACTIVE,105547.00,per Annum,1820,99192.79,4,208.14,451.02
2024,816,DEPT OF HEALTH/MENTAL HYGIENE,2017-07-17T00:00:00.000,QUEENS,PUBLIC HEALTH ADVISER,CEASED,59257.00,per Annum,394.5,12779.46,0,0.00,449.42
2024,816,DEPT OF HEALTH/MENTAL HYGIENE,2023-07-03T00:00:00.000,MANHATTAN,CITY MEDICAL EXAMINER,ACTIVE,156088.00,per Annum,2000,149264.50,0,0.00,446.75
2024,816,DEPT OF HEALTH/MENTAL HYGIENE,2023-07-24T00:00:00.000,QUEENS,QUALITY ASSURANCE SPECIALIST,CEASED,29.26,per Hour,1396.25,40111.39,0,0.00,413.79
2024,816,DEPT OF HEALTH/MENTAL HYGIENE,2022-02-28T00:00:00.000,MANHATTAN,CRIMINALIST,ACTIVE,79178.00,per Annum,1820,69764.90,6.75,321.59,380.87
2024,816,DEPT OF HEALTH/MENTAL HYGIENE,2021-11-29T00:00:00.000,QUEENS,CITY RESEARCH SCIENTIST,ACTIVE,109330.00,per Annum,1820,101379.10,0,0.00,333.52
2024,816,DEPT OF HEALTH/MENTAL HYGIENE,2022-08-22T00:00:00.000,MANHATTAN,CRIMINALIST,ACTIVE,62014.00,per Annum,1820,59995.42,105.75,4251.00,332.36
2024,816,DEPT OF HEALTH/MENTAL HYGIENE,2021-02-22T00:00:00.000,BROOKLYN,PUBLIC HEALTH NURSE,CEASED,37.15,per Hour,0,37.66,0,0.00,307.41
2024,816,DEPT OF HEALTH/MENTAL HYGIENE,2018-09-10T00:00:00.000,QUEENS,CITY RESEARCH SCIENTIST,CEASED,97728.00,per Annum,1820,93263.78,0,0.00,285.69
2024,816,DEPT OF HEALTH/MENTAL HYGIENE,2018-11-19T00:00:00.000,MANHATTAN,ADMINISTRATIVE MANAGEMENT AUDITOR,ACTIVE,97806.00,per Annum,1820,94092.30,33.75,1949.80,277.62
2024,816,DEPT OF HEALTH/MENTAL HYGIENE,2021-10-04T00:00:00.000,QUEENS,CITY RESEARCH SCIENTIST,ACTIVE,79410.00,per Annum,1820,76683.32,0,0.00,267.02
2024,816,DEPT OF HEALTH/MENTAL HYGIENE,2022-06-13T00:00:00.000,MANHATTAN,COMMUNITY COORDINATOR,ACTIVE,67983.00,per Annum,1750,63253.90,0,0.00,227.50
2024,816,DEPT OF HEALTH/MENTAL HYGIENE,2018-04-23T00:00:00.000,QUEENS,COMPUTER SERVICE TECHNICIAN,ACTIVE,65552.00,per Annum,1820,63301.38,0,0.00,216.35
2024,816,DEPT OF HEALTH/MENTAL HYGIENE,2021-02-22T00:00:00.000,RICHMOND,PUBLIC HEALTH NURSE,CEASED,37.15,per Hour,0,18.52,0,7.14,204.76
2024,816,DEPT OF HEALTH/MENTAL HYGIENE,2022-06-27T00:00:00.000,QUEENS,CITY RESEARCH SCIENTIST,ACTIVE,97728.00,per Annum,1820,94359.85,0,0.00,176.50
2024,816,DEPT OF HEALTH/MENTAL HYGIENE,2019-09-30T00:00:00.000,QUEENS,CITY RESEARCH SCIENTIST,ACTIVE,97728.00,per Annum,1820,94547.03,0,0.00,151.56
2024,816,DEPT OF HEALTH/MENTAL HYGIENE,1999-08-16T00:00:00.000,BROOKLYN,ADMINISTRATIVE PUBLIC HEALTH SANITARIAN,ACTIVE,118246.00,per Annum,1820,114185.76,0,0.00,140.25
2024,816,DEPT OF HEALTH/MENTAL HYGIENE,2022-01-18T00:00:00.000,QUEENS,IT INFRASTRUCTURE ENGINEER,ACTIVE,109398.00,per Annum,1820,102631.87,68.5,4095.74,136.91
2024,816,DEPT OF HEALTH/MENTAL HYGIENE,2018-02-26T00:00:00.000,BROOKLYN,PUBLIC HEALTH NURSE,ACTIVE,39.42,per Hour,0,0.00,0,0.00,109.23
2024,816,DEPT OF HEALTH/MENTAL HYGIENE,2023-06-05T00:00:00.000,QUEENS,PUBLIC HEALTH ADVISER,ACTIVE,55855.00,per Annum,1820,53937.07,0,0.00,107.75
2024,816,DEPT OF HEALTH/MENTAL HYGIENE,2022-12-27T00:00:00.000,BROOKLYN,CITY RESEARCH SCIENTIST,ACTIVE,84981.00,per Annum,1820,82263.66,0,0.00,102.98
2024,816,DEPT OF HEALTH/MENTAL HYGIENE,2022-08-29T00:00:00.000,QUEENS,CONSULTANT,ACTIVE,76385.00,per Annum,1820,73815.20,2.5,152.22,99.50
2024,816,DEPT OF HEALTH/MENTAL HYGIENE,2022-07-11T00:00:00.000,QUEENS,CITY RESEARCH SCIENTIST,CEASED,82506.00,per Annum,1610,61193.91,0,38.08,71.00
2024,816,DEPT OF HEALTH/MENTAL HYGIENE,2020-10-13T00:00:00.000,QUEENS,PRINCIPAL ADMINISTRATIVE ASSOCIATE -  NON SUPVR,ACTIVE,81265.00,per Annum,1820,82636.53,91.5,5104.08,61.15
2024,816,DEPT OF HEALTH/MENTAL HYGIENE,2023-05-01T00:00:00.000,QUEENS,COMMUNITY COORDINATOR,ACTIVE,68186.00,per Annum,1820,65844.68,0,0.00,41.25
2024,816,DEPT OF HEALTH/MENTAL HYGIENE,2020-01-27T00:00:00.000,QUEENS,COMMUNITY COORDINATOR,ACTIVE,70022.00,per Annum,1820,70394.27,0,0.00,33.00
2024,816,DEPT OF HEALTH/MENTAL HYGIENE,2017-08-28T00:00:00.000,QUEENS,COMPUTER ASSOCIATE,CEASED,102804.00,per Annum,492.72,34787.74,0,2629.64,31.60
2024,816,DEPT OF HEALTH/MENTAL HYGIENE,2018-04-09T00:00:00.000,MANHATTAN,ASSOCIATE LABORATORY MICROBIOLOGIST,ACTIVE,95509.00,per Annum,1820,87527.69,0,0.00,24.75
2024,816,DEPT OF HEALTH/MENTAL HYGIENE,2013-12-09T00:00:00.000,QUEENS,HEALTH SERVICES MANAGER NON MANAGERIAL LEVEL I,CEASED,100286.00,per Annum,0,5482.67,0,86.68,21.07
2024,816,DEPT OF HEALTH/MENTAL HYGIENE,2012-04-09T00:00:00.000,MANHATTAN,ADM MANAGER-NON-MGRL,CEASED,74409.00,per Annum,0,1459.05,0,0.00,15.43
2024,816,DEPT OF HEALTH/MENTAL HYGIENE,2023-07-10T00:00:00.000,QUEENS,CITY RESEARCH SCIENTIST,ACTIVE,72190.00,per Annum,1715,65682.54,0,0.00,8.75
2024,816,DEPT OF HEALTH/MENTAL HYGIENE,2017-03-06T00:00:00.000,MANHATTAN,CLERICAL ASSOCIATE,ACTIVE,60826.00,per Annum,1820,58737.14,94,3232.37,8.25
2024,816,DEPT OF HEALTH/MENTAL HYGIENE,2020-07-13T00:00:00.000,BROOKLYN,CITY MORTUARY TECHNICIAN,ACTIVE,27.50,per Hour,7,890.13,0,51.03,3.66
2024,816,DEPT OF HEALTH/MENTAL HYGIENE,2019-06-17T00:00:00.000,MANHATTAN,CITY PEST CONTROL AIDE,CEASED,42108.00,per Annum,1820,40402.56,29.25,755.19,3.36
2024,816,DEPT OF HEALTH/MENTAL HYGIENE,2023-08-21T00:00:00.000,QUEENS,CLERICAL ASSOCIATE,ACTIVE,51500.00,per Annum,1505,41120.25,24,848.40,0.00
2024,816,DEPT OF HEALTH/MENTAL HYGIENE,2023-05-22T00:00:00.000,MANHATTAN,PUBLIC HEALTH SANITARIAN,ACTIVE,61201.00,per Annum,2080,44937.01,7,153.28,0.00
2024,816,DEPT OF HEALTH/MENTAL HYGIENE,2017-12-04T00:00:00.000,QUEENS,CONTRACT SPECIALIST,ACTIVE,88877.00,per Annum,1820,86136.89,1,47.23,0.00
2024,816,DEPT OF HEALTH/MENTAL HYGIENE,2024-01-02T00:00:00.000,MANHATTAN,PUBLIC HEALTH SANITARIAN,ACTIVE,51460.00,per Annum,948.57,19028.88,1,35.90,0.00
2024,816,DEPT OF HEALTH/MENTAL HYGIENE,2023-06-20T00:00:00.000,QUEENS,CYBER SECURITY ANALYST,ACTIVE,103000.00,per Annum,1813,99079.79,0,0.00,0.00
2024,816,DEPT OF HEALTH/MENTAL HYGIENE,2023-02-27T00:00:00.000,MANHATTAN,CITY RESEARCH SCIENTIST,ACTIVE,100660.00,per Annum,1820,98230.98,0,0.00,0.00
2024,816,DEPT OF HEALTH/MENTAL HYGIENE,2019-09-03T00:00:00.000,QUEENS,CITY RESEARCH SCIENTIST,ACTIVE,97728.00,per Annum,1820,94372.85,0,0.00,0.00
2024,816,DEPT OF HEALTH/MENTAL HYGIENE,2023-04-17T00:00:00.000,QUEENS,CITY RESEARCH SCIENTIST,ACTIVE,93798.00,per Annum,1820,90577.26,0,0.00,0.00
2024,816,DEPT OF HEALTH/MENTAL HYGIENE,2021-02-16T00:00:00.000,MANHATTAN,ASSOCIATE LABORATORY MICROBIOLOGIST,ACTIVE,81573.00,per Annum,1823,74720.68,0,0.00,0.00
2024,816,DEPT OF HEALTH/MENTAL HYGIENE,2023-08-28T00:00:00.000,QUEENS,ADMINISTRATIVE ACCOUNTANT,ACTIVE,90831.00,per Annum,1400,67093.98,0,0.00,0.00
2024,816,DEPT OF HEALTH/MENTAL HYGIENE,2023-07-03T00:00:00.000,QUEENS,SOCIAL WORKER,ACTIVE,65920.00,per Annum,1750,59208.80,0,0.00,0.00
2024,816,DEPT OF HEALTH/MENTAL HYGIENE,2023-09-05T00:00:00.000,QUEENS,COMMUNITY COORDINATOR,ACTIVE,77250.00,per Annum,1428,55942.49,0,0.00,0.00
2024,816,DEPT OF HEALTH/MENTAL HYGIENE,2023-06-05T00:00:00.000,MANHATTAN,CLERICAL ASSOCIATE,ACTIVE,51500.00,per Annum,1820,49157.90,0,0.00,0.00
2024,816,DEPT OF HEALTH/MENTAL HYGIENE,2023-11-06T00:00:00.000,MANHATTAN,CRIMINALIST,ACTIVE,79178.00,per Annum,1120,47047.36,0,0.00,0.00
2024,816,DEPT OF HEALTH/MENTAL HYGIENE,2023-09-18T00:00:00.000,BROOKLYN,PUBLIC HEALTH ADVISER,ACTIVE,61891.00,per Annum,1365,44819.77,0,0.00,0.00
2024,816,DEPT OF HEALTH/MENTAL HYGIENE,2022-09-12T00:00:00.000,MANHATTAN,PUBLIC HEALTH SANITARIAN,ON LEAVE,51460.00,per Annum,1539.43,43038.32,0,0.00,0.00
2024,816,DEPT OF HEALTH/MENTAL HYGIENE,2023-10-16T00:00:00.000,QUEENS,COMMUNITY COORDINATOR,ACTIVE,65920.00,per Annum,1225,42754.14,0,0.00,0.00
2024,816,DEPT OF HEALTH/MENTAL HYGIENE,2023-08-21T00:00:00.000,MANHATTAN,PUBLIC HEALTH SANITARIAN,ACTIVE,51460.00,per Annum,1720,40753.78,0,0.00,0.00
2024,816,DEPT OF HEALTH/MENTAL HYGIENE,2022-05-09T00:00:00.000,MANHATTAN,COMMUNITY ASSOCIATE,ACTIVE,49615.00,per Annum,1850,34088.24,0,0.00,0.00
2024,816,DEPT OF HEALTH/MENTAL HYGIENE,2024-01-08T00:00:00.000,QUEENS,PUBLIC HEALTH EDUCATOR,ACTIVE,44.05,per Hour,749,32994.53,0,0.00,0.00
2024,71,DEPT. OF HOMELESS SERVICES,2016-05-01T00:00:00.000,BRONX,SPECIAL OFFICER,ACTIVE,53264.00,per Annum,2080,54927.86,278.38,11532.77,14584.93
2024,71,DEPT. OF HOMELESS SERVICES,2000-08-07T00:00:00.000,BRONX,ASSOCIATE FRAUD INVESTIGATOR,ACTIVE,78018.00,per Annum,1820,75315.59,942.5,58187.37,13675.58
2024,71,DEPT. OF HOMELESS SERVICES,2023-01-17T00:00:00.000,MANHATTAN,ADMIN COMMUNITY RELATIONS SPECIALIST,ACTIVE,76301.00,per Annum,1820,77200.05,657.75,37114.56,13565.47
2024,71,DEPT. OF HOMELESS SERVICES,2014-04-21T00:00:00.000,MANHATTAN,SUPERVISING SPECIAL OFFICER,ACTIVE,59255.00,per Annum,2080,60833.58,388,17350.17,13329.05
2024,71,DEPT. OF HOMELESS SERVICES,2007-04-02T00:00:00.000,BRONX,FRAUD INVESTIGATOR,ACTIVE,66281.00,per Annum,1820,63981.86,728,37294.21,13051.48
2024,71,DEPT. OF HOMELESS SERVICES,2015-05-25T00:00:00.000,BRONX,SPECIAL OFFICER,ACTIVE,53264.00,per Annum,2080,54927.86,666,26915.26,12757.60
2024,71,DEPT. OF HOMELESS SERVICES,2014-09-01T00:00:00.000,BROOKLYN,SPECIAL OFFICER,ACTIVE,53264.00,per Annum,2080,54927.86,1441.5,59743.05,12697.92
2024,71,DEPT. OF HOMELESS SERVICES,2002-09-23T00:00:00.000,BRONX,SPECIAL OFFICER,ACTIVE,53324.00,per Annum,2080,55008.64,596.25,24308.26,12687.83
2024,71,DEPT. OF HOMELESS SERVICES,2012-09-03T00:00:00.000,MANHATTAN,ADMIN JOB OPPORTUNITY SPEC NM,ACTIVE,99808.00,per Annum,1820,103432.27,0,45.22,12589.20
2024,71,DEPT. OF HOMELESS SERVICES,2012-06-04T00:00:00.000,MANHATTAN,SUPERVISING SPECIAL OFFICER,ACTIVE,68099.00,per Annum,2080,70108.67,866.25,43592.51,12389.99
2024,71,DEPT. OF HOMELESS SERVICES,1999-05-03T00:00:00.000,BRONX,SUPERINTENDENT OF ADULT INSTITUTIONS,ACTIVE,86422.00,per Annum,1820,83431.77,81.75,4222.44,12183.62
2024,71,DEPT. OF HOMELESS SERVICES,2000-06-26T00:00:00.000,BROOKLYN,SPECIAL OFFICER,ACTIVE,53350.00,per Annum,2080,55035.58,314.25,13542.16,12122.62
2024,71,DEPT. OF HOMELESS SERVICES,2023-01-30T00:00:00.000,MANHATTAN,STAFF ANALYST,ACTIVE,78501.00,per Annum,1820,72137.11,480.75,25885.10,11865.43
2024,71,DEPT. OF HOMELESS SERVICES,2005-06-13T00:00:00.000,BRONX,ASSOCIATE FRAUD INVESTIGATOR,ACTIVE,77906.00,per Annum,1820,75208.20,115,6464.61,11800.38
2024,71,DEPT. OF HOMELESS SERVICES,2003-06-22T00:00:00.000,BROOKLYN,ASSOCIATE FRAUD INVESTIGATOR,ACTIVE,86098.00,per Annum,1820,83118.44,1525.5,107020.91,11418.63
2024,71,DEPT. OF HOMELESS SERVICES,2007-08-27T00:00:00.000,MANHATTAN,SUPERVISING SPECIAL OFFICER,ACTIVE,78384.00,per Annum,2080,75931.86,256.5,13808.18,11183.17
2024,71,DEPT. OF HOMELESS SERVICES,2016-02-01T00:00:00.000,MANHATTAN,SPECIAL OFFICER,ACTIVE,53264.00,per Annum,2080,54217.08,950.75,39177.87,11028.94
2024,71,DEPT. OF HOMELESS SERVICES,1993-09-05T00:00:00.000,BROOKLYN,ASSISTANT SUPERINTENDENT OF WELFARE SHELTERS,ACTIVE,78313.00,per Annum,1820,75601.09,1271.5,78252.70,10971.39
2024,71,DEPT. OF HOMELESS SERVICES,1993-06-21T00:00:00.000,BRONX,SUPERVISOR I,ACTIVE,66540.00,per Annum,1820,64232.27,338.5,15980.52,10865.23
2024,71,DEPT. OF HOMELESS SERVICES,2019-01-07T00:00:00.000,BROOKLYN,SPECIAL OFFICER,ACTIVE,41840.00,per Annum,2080,29945.82,505.75,14390.22,10712.20
2024,71,DEPT. OF HOMELESS SERVICES,2023-02-20T00:00:00.000,MANHATTAN,SPECIAL OFFICER,ACTIVE,36955.00,per Annum,2080,37597.47,919.25,25422.40,10559.58
2024,71,DEPT. OF HOMELESS SERVICES,2018-03-19T00:00:00.000,BRONX,SPECIAL OFFICER,ACTIVE,53264.00,per Annum,2080,50835.66,238,9244.31,10505.84
2024,71,DEPT. OF HOMELESS SERVICES,2022-02-21T00:00:00.000,MANHATTAN,SPECIAL OFFICER,CEASED,38177.00,per Annum,1608.63,30677.05,344.75,10659.87,10410.37
2024,71,DEPT. OF HOMELESS SERVICES,1993-09-05T00:00:00.000,MANHATTAN,SUPERVISOR I,ACTIVE,66317.00,per Annum,1820,64016.45,710,36375.94,10266.22
2024,71,DEPT. OF HOMELESS SERVICES,2000-10-11T00:00:00.000,BRONX,ASSOCIATE FRAUD INVESTIGATOR,ACTIVE,78018.00,per Annum,1820,75315.59,1111,70118.44,10176.19
2024,71,DEPT. OF HOMELESS SERVICES,2017-12-26T00:00:00.000,MANHATTAN,MOTOR VEHICLE OPERATOR,ACTIVE,56194.00,per Annum,2080,54264.19,316.75,14023.27,10107.70
2024,71,DEPT. OF HOMELESS SERVICES,2008-07-28T00:00:00.000,MANHATTAN,SPECIAL OFFICER,ACTIVE,53264.00,per Annum,2051.43,53782.58,206,8263.34,10065.17
2024,71,DEPT. OF HOMELESS SERVICES,2017-08-07T00:00:00.000,MANHATTAN,SPECIAL OFFICER,ACTIVE,53264.00,per Annum,2080,45812.70,376.5,13139.78,10062.08
2024,71,DEPT. OF HOMELESS SERVICES,2005-01-10T00:00:00.000,BRONX,ASSOCIATE FRAUD INVESTIGATOR,ACTIVE,77881.00,per Annum,1820,75183.24,704.5,41959.94,10037.24
2024,71,DEPT. OF HOMELESS SERVICES,1996-03-25T00:00:00.000,BRONX,ASSOCIATE FRAUD INVESTIGATOR,ACTIVE,86255.00,per Annum,1820,83269.76,678,45177.28,9824.15
2024,71,DEPT. OF HOMELESS SERVICES,2019-09-03T00:00:00.000,BROOKLYN,ASSISTANT SUPERINTENDENT OF WELFARE SHELTERS,ACTIVE,77981.00,per Annum,1820,75279.71,204.75,10980.04,9819.56
2024,71,DEPT. OF HOMELESS SERVICES,2004-12-27T00:00:00.000,BRONX,SUPERVISING SPECIAL OFFICER,ACTIVE,68130.00,per Annum,2080,70277.60,352,17804.41,9748.95
2024,71,DEPT. OF HOMELESS SERVICES,2005-01-10T00:00:00.000,BRONX,FRAUD INVESTIGATOR,ACTIVE,53793.00,per Annum,1820,51922.91,2067.5,95056.90,9548.35
2024,71,DEPT. OF HOMELESS SERVICES,2022-02-21T00:00:00.000,MANHATTAN,SPECIAL OFFICER,ACTIVE,38177.00,per Annum,2041.15,38544.87,545.5,16347.87,9278.86
2024,71,DEPT. OF HOMELESS SERVICES,2005-05-09T00:00:00.000,BRONX,ASSOCIATE FRAUD INVESTIGATOR,ACTIVE,77906.00,per Annum,1820,75208.20,767.25,48338.35,9172.19
2024,71,DEPT. OF HOMELESS SERVICES,2004-06-21T00:00:00.000,MANHATTAN,ADMINISTRATIVE DIRECTOR OF SOCIAL SERVICES,ACTIVE,140801.00,per Annum,1449,99790.79,0,0.00,9077.98
2024,71,DEPT. OF HOMELESS SERVICES,2000-08-21T00:00:00.000,BROOKLYN,CONSTRUCTION PROJECT MANAGER,ACTIVE,104079.00,per Annum,1820,100412.20,0,0.00,8977.64
2024,71,DEPT. OF HOMELESS SERVICES,2014-09-01T00:00:00.000,BROOKLYN,SPECIAL OFFICER,ACTIVE,53264.00,per Annum,2080,54854.43,201,8346.54,8968.81
2024,71,DEPT. OF HOMELESS SERVICES,2014-10-13T00:00:00.000,BROOKLYN,SPECIAL OFFICER,ACTIVE,53264.00,per Annum,2080,54927.86,1586,63989.37,8862.61
2024,71,DEPT. OF HOMELESS SERVICES,2019-11-12T00:00:00.000,MANHATTAN,COMMUNITY COORDINATOR,ACTIVE,70022.00,per Annum,1820,65943.16,218.5,10363.07,8704.03
2024,71,DEPT. OF HOMELESS SERVICES,2002-09-23T00:00:00.000,BROOKLYN,SUPERVISING SPECIAL OFFICER,ACTIVE,59324.00,per Annum,2080,61195.90,1222.75,54429.27,8616.94
2024,71,DEPT. OF HOMELESS SERVICES,2023-05-22T00:00:00.000,MANHATTAN,SPECIAL OFFICER,ACTIVE,36955.00,per Annum,2080,36959.44,262.5,7283.70,8585.90
2024,71,DEPT. OF HOMELESS SERVICES,2021-08-23T00:00:00.000,MANHATTAN,ADMINISTRATIVE STAFF ANALYST,ACTIVE,92760.00,per Annum,1820,98243.50,286.5,19454.99,8520.46
2024,71,DEPT. OF HOMELESS SERVICES,2022-02-21T00:00:00.000,BROOKLYN,SPECIAL OFFICER,ON LEAVE,38177.00,per Annum,1760,33412.50,243.13,7999.54,8518.60
2024,71,DEPT. OF HOMELESS SERVICES,2018-06-25T00:00:00.000,BROOKLYN,SUPERVISOR ELECTRICIAN,ACTIVE,502.88,per Day,1820,123997.55,446,47056.27,8500.16
2024,71,DEPT. OF HOMELESS SERVICES,1993-09-05T00:00:00.000,BROOKLYN,SUPERVISOR II,ACTIVE,78376.00,per Annum,1820,75661.68,193,8939.66,8493.79
2024,71,DEPT. OF HOMELESS SERVICES,2017-05-22T00:00:00.000,BROOKLYN,SPECIAL OFFICER,ACTIVE,53264.00,per Annum,2080,50402.49,623,22377.43,8469.47
2024,71,DEPT. OF HOMELESS SERVICES,2017-08-07T00:00:00.000,MANHATTAN,SPECIAL OFFICER,ON LEAVE,53264.00,per Annum,1704,41330.35,622,23533.34,8433.21
2024,71,DEPT. OF HOMELESS SERVICES,2023-06-20T00:00:00.000,MANHATTAN,SPECIAL OFFICER,ACTIVE,38177.00,per Annum,2071.57,36179.72,487,13266.55,8421.27
2024,71,DEPT. OF HOMELESS SERVICES,2022-03-28T00:00:00.000,MANHATTAN,ASSISTANT SUPERINTENDENT OF WELFARE SHELTERS,ACTIVE,85539.00,per Annum,1820,81414.58,432.25,24850.72,8419.82
2024,71,DEPT. OF HOMELESS SERVICES,2004-01-05T00:00:00.000,BRONX,ADMIN COMMUNITY RELATIONS SPECIALIST,ACTIVE,76394.00,per Annum,1820,81724.60,323,17844.34,8385.29
2024,71,DEPT. OF HOMELESS SERVICES,2022-10-03T00:00:00.000,MANHATTAN,COMMUNITY COORDINATOR,ACTIVE,60889.00,per Annum,1820,58798.77,425,17120.72,8366.87
2024,71,DEPT. OF HOMELESS SERVICES,1993-09-05T00:00:00.000,MANHATTAN,ADMINISTRATIVE DIRECTOR OF SOCIAL SERVICES,CEASED,128910.00,per Annum,35,2472.00,0,0.00,8363.46
2024,71,DEPT. OF HOMELESS SERVICES,2000-07-24T00:00:00.000,QUEENS,ASSISTANT SUPERINTENDENT OF WELFARE SHELTERS,ACTIVE,77832.00,per Annum,1990,67102.59,701.75,36190.80,8310.68
2024,71,DEPT. OF HOMELESS SERVICES,2004-01-05T00:00:00.000,MANHATTAN,COMMUNITY ASSOCIATE,ACTIVE,49725.00,per Annum,1820,47993.94,343.25,12063.37,8126.68
2024,71,DEPT. OF HOMELESS SERVICES,2000-01-24T00:00:00.000,BRONX,FRAUD INVESTIGATOR,ACTIVE,66310.00,per Annum,1820,64009.68,1002.25,52480.66,8115.60
2024,71,DEPT. OF HOMELESS SERVICES,2017-12-11T00:00:00.000,MANHATTAN,COMMUNITY COORDINATOR,ACTIVE,70022.00,per Annum,1750,65017.62,292.5,14374.59,8087.84
2024,71,DEPT. OF HOMELESS SERVICES,2013-10-14T00:00:00.000,BROOKLYN,SUPERVISING SPECIAL OFFICER,ACTIVE,59255.00,per Annum,2080,61106.70,1001,43520.64,7948.29
2024,71,DEPT. OF HOMELESS SERVICES,1993-09-05T00:00:00.000,BROOKLYN,ASSISTANT SUPERINTENDENT OF WELFARE SHELTERS,ACTIVE,78234.00,per Annum,1820,75524.39,350.25,18978.81,7947.79
2024,71,DEPT. OF HOMELESS SERVICES,2023-05-30T00:00:00.000,MANHATTAN,ASSOCIATE STAFF ANALYST,ACTIVE,94781.00,per Annum,1855,95592.69,0,0.00,7941.01
2024,71,DEPT. OF HOMELESS SERVICES,2020-11-02T00:00:00.000,MANHATTAN,ADMINISTRATIVE STAFF ANALYST,ACTIVE,98189.00,per Annum,1820,104323.22,0,0.00,7914.48
2024,71,DEPT. OF HOMELESS SERVICES,2013-03-04T00:00:00.000,BRONX,SPECIAL OFFICER,ACTIVE,53264.00,per Annum,1496,39730.52,418.75,16891.42,7788.04
2024,71,DEPT. OF HOMELESS SERVICES,2015-10-26T00:00:00.000,MANHATTAN,SUPERVISING SPECIAL OFFICER,ACTIVE,59255.00,per Annum,2080,60955.51,271,12030.38,7773.65
2024,71,DEPT. OF HOMELESS SERVICES,2019-09-22T00:00:00.000,MANHATTAN,CASEWORKER,ACTIVE,53692.00,per Annum,1820,51848.29,467.75,18184.24,7734.09
2024,71,DEPT. OF HOMELESS SERVICES,1999-07-12T00:00:00.000,MANHATTAN,ADMINISTRATIVE STAFF ANALYST,ACTIVE,136521.00,per Annum,1820,144814.79,496,52045.58,7609.83
2024,71,DEPT. OF HOMELESS SERVICES,2008-01-22T00:00:00.000,MANHATTAN,SUPERVISING SPECIAL OFFICER,ACTIVE,68099.00,per Annum,2080,64489.70,307.5,14119.37,7581.32
2024,71,DEPT. OF HOMELESS SERVICES,2017-01-16T00:00:00.000,BROOKLYN,SPECIAL OFFICER,ACTIVE,53264.00,per Annum,2080,51267.05,480.25,17916.42,7358.62
2024,71,DEPT. OF HOMELESS SERVICES,2008-07-07T00:00:00.000,BRONX,FRAUD INVESTIGATOR,ACTIVE,54186.00,per Annum,1820,52251.07,0,0.00,7257.30
2024,71,DEPT. OF HOMELESS SERVICES,2017-01-16T00:00:00.000,BRONX,SPECIAL OFFICER,ACTIVE,53264.00,per Annum,2080,27260.62,217.75,7745.92,7210.41
2024,71,DEPT. OF HOMELESS SERVICES,2022-02-21T00:00:00.000,MANHATTAN,SPECIAL OFFICER,CEASED,38177.00,per Annum,656,12821.47,186.5,6267.47,7126.21
2024,71,DEPT. OF HOMELESS SERVICES,2018-10-22T00:00:00.000,MANHATTAN,SPECIAL OFFICER,ACTIVE,53264.00,per Annum,2080,48336.58,927.5,33030.61,7029.14
2024,71,DEPT. OF HOMELESS SERVICES,2022-02-21T00:00:00.000,MANHATTAN,SPECIAL OFFICER,CEASED,38177.00,per Annum,1770.7,33613.44,610,18445.73,6944.49
2024,71,DEPT. OF HOMELESS SERVICES,2015-09-14T00:00:00.000,MANHATTAN,COMMUNITY COORDINATOR,ACTIVE,70022.00,per Annum,1820,67618.06,11.5,474.43,6910.78
2024,71,DEPT. OF HOMELESS SERVICES,1993-09-05T00:00:00.000,BROOKLYN,COMMUNITY ASSISTANT,CEASED,43249.00,per Annum,1650,29202.27,208.5,6533.11,6873.49
2024,71,DEPT. OF HOMELESS SERVICES,2016-04-25T00:00:00.000,BROOKLYN,CASEWORKER,ACTIVE,53692.00,per Annum,1820,51848.29,0,0.00,6820.63
2024,71,DEPT. OF HOMELESS SERVICES,2015-08-03T00:00:00.000,MANHATTAN,MOTOR VEHICLE OPERATOR,ACTIVE,56194.00,per Annum,2080,54264.19,1814.5,75157.34,6673.05
2024,71,DEPT. OF HOMELESS SERVICES,2018-03-05T00:00:00.000,BROOKLYN,COMMUNITY ASSISTANT,ACTIVE,42092.00,per Annum,1950,40490.34,83.75,2260.18,6666.03
2024,71,DEPT. OF HOMELESS SERVICES,2001-06-18T00:00:00.000,MANHATTAN,SUPERVISOR II,ACTIVE,79764.00,per Annum,1820,75886.74,0,0.00,6544.59
2024,71,DEPT. OF HOMELESS SERVICES,2005-11-28T00:00:00.000,MANHATTAN,SUPERVISING SPECIAL OFFICER,ACTIVE,84010.00,per Annum,2080,81606.87,464.75,27281.10,6516.68
2024,71,DEPT. OF HOMELESS SERVICES,2017-02-21T00:00:00.000,BROOKLYN,COMMUNITY ASSISTANT,ACTIVE,42092.00,per Annum,1950,40646.66,80,2445.81,6480.74
2024,71,DEPT. OF HOMELESS SERVICES,1997-07-14T00:00:00.000,MANHATTAN,ADM MANAGER-NON-MGRL,ACTIVE,84945.00,per Annum,1820,87774.02,0,0.00,6384.78
2024,71,DEPT. OF HOMELESS SERVICES,2015-01-05T00:00:00.000,MANHATTAN,RECREATION DIRECTOR,ACTIVE,53922.00,per Annum,1820,52070.10,708.5,28399.45,6296.08
2024,71,DEPT. OF HOMELESS SERVICES,2021-06-21T00:00:00.000,MANHATTAN,COMMUNITY COORDINATOR,ACTIVE,70022.00,per Annum,1820,67346.09,124.5,5386.16,6188.81
2024,71,DEPT. OF HOMELESS SERVICES,2021-05-24T00:00:00.000,MANHATTAN,COMMUNITY COORDINATOR,ACTIVE,70022.00,per Annum,1820,68176.75,355.5,17527.04,6154.64
2024,71,DEPT. OF HOMELESS SERVICES,2015-07-27T00:00:00.000,MANHATTAN,SUPERVISING SPECIAL OFFICER,ACTIVE,59255.00,per Annum,2080,61097.85,208.25,9237.67,6142.53
2024,71,DEPT. OF HOMELESS SERVICES,1993-09-05T00:00:00.000,BROOKLYN,ADMINISTRATIVE DIRECTOR OF SOCIAL SERVICES,ACTIVE,92742.00,per Annum,1820,89557.70,782.75,54217.44,6067.12
2024,71,DEPT. OF HOMELESS SERVICES,2021-08-16T00:00:00.000,MANHATTAN,ASSOCIATE STAFF ANALYST,ACTIVE,88803.00,per Annum,1820,94042.87,160.5,10521.99,5871.83
2024,71,DEPT. OF HOMELESS SERVICES,2012-08-06T00:00:00.000,BROOKLYN,CASEWORKER,ACTIVE,53692.00,per Annum,1810,51563.43,4.25,133.13,5828.86
2024,71,DEPT. OF HOMELESS SERVICES,2022-09-26T00:00:00.000,MANHATTAN,COMMUNITY COORDINATOR,ACTIVE,60891.00,per Annum,1820,58799.81,542.25,23034.55,5806.30
2024,71,DEPT. OF HOMELESS SERVICES,2016-05-09T00:00:00.000,BROOKLYN,OILER,ACTIVE,522.32,per Day,2080,150579.26,137,16422.92,5726.60
2024,71,DEPT. OF HOMELESS SERVICES,2006-03-05T00:00:00.000,BRONX,ASSOCIATE FRAUD INVESTIGATOR,ACTIVE,77998.00,per Annum,1820,75296.61,0,0.00,5599.76
2024,71,DEPT. OF HOMELESS SERVICES,2008-03-24T00:00:00.000,MANHATTAN,ADM MANAGER-NON-MGRL,ACTIVE,79915.00,per Annum,1820,82870.73,298.5,19916.43,5533.20
2024,71,DEPT. OF HOMELESS SERVICES,2017-04-17T00:00:00.000,BRONX,FRAUD INVESTIGATOR,ACTIVE,66114.00,per Annum,1820,63843.53,511.5,24746.71,5518.77
2024,71,DEPT. OF HOMELESS SERVICES,2021-07-19T00:00:00.000,MANHATTAN,SENIOR CONSULTANT,ACTIVE,50.38,per Hour,1735.42,83801.68,135.25,7779.65,5406.43
2024,71,DEPT. OF HOMELESS SERVICES,2004-01-20T00:00:00.000,MANHATTAN,ADM MANAGER-NON-MGRL,ACTIVE,83435.00,per Annum,1820,86520.10,512,31410.61,5399.46
2024,71,DEPT. OF HOMELESS SERVICES,2016-08-29T00:00:00.000,MANHATTAN,SPECIAL OFFICER,CEASED,53264.00,per Annum,1155.27,22105.80,111.5,3738.68,5356.78
2024,71,DEPT. OF HOMELESS SERVICES,2015-07-06T00:00:00.000,QUEENS,COMMUNITY ASSOCIATE,ACTIVE,49765.00,per Annum,1820,48032.69,1061.25,40028.52,5319.19
2024,71,DEPT. OF HOMELESS SERVICES,2018-10-29T00:00:00.000,MANHATTAN,PRINCIPAL ADMINISTRATIVE ASSOCIATE -  NON SUPVR,ACTIVE,59588.00,per Annum,1820,61533.20,0,0.00,5306.95
2024,71,DEPT. OF HOMELESS SERVICES,2016-12-19T00:00:00.000,MANHATTAN,ADMINISTRATIVE STAFF ANALYST,ON LEAVE,92283.00,per Annum,1519,82570.56,537.25,38992.38,5286.16
2024,71,DEPT. OF HOMELESS SERVICES,1993-09-05T00:00:00.000,MANHATTAN,ADM MANAGER-NON-MGRL,ACTIVE,83372.00,per Annum,1820,85222.60,175.5,10236.02,5182.41
2024,71,DEPT. OF HOMELESS SERVICES,2017-07-10T00:00:00.000,MANHATTAN,COMMUNITY COORDINATOR,ACTIVE,70022.00,per Annum,1351,50211.74,331.25,16795.76,5175.67
2024,71,DEPT. OF HOMELESS SERVICES,2007-11-13T00:00:00.000,BRONX,COMMUNITY ASSOCIATE,ACTIVE,49690.00,per Annum,1820,47987.19,405.25,13744.75,5089.91
2024,71,DEPT. OF HOMELESS SERVICES,2015-10-27T00:00:00.000,MANHATTAN,SPECIAL OFFICER,ON LEAVE,53264.00,per Annum,0,-952.63,0,0.00,4925.75
2024,71,DEPT. OF HOMELESS SERVICES,2016-10-11T00:00:00.000,MANHATTAN,COMMUNITY ASSOCIATE,ACTIVE,49615.00,per Annum,1820,47911.50,538.75,18454.54,4906.13
2024,71,DEPT. OF HOMELESS SERVICES,2019-11-25T00:00:00.000,MANHATTAN,COMMUNITY ASSISTANT,ACTIVE,42092.00,per Annum,1854.33,34265.58,0.5,10.83,4897.15
2024,71,DEPT. OF HOMELESS SERVICES,2015-05-04T00:00:00.000,MANHATTAN,ADM MANAGER-NON-MGRL,ACTIVE,79915.00,per Annum,1820,82870.73,0,191.66,4883.01
2024,71,DEPT. OF HOMELESS SERVICES,2017-05-22T00:00:00.000,BROOKLYN,SPECIAL OFFICER,CEASED,53264.00,per Annum,1120,3351.06,1.25,40.98,4853.24
2024,71,DEPT. OF HOMELESS SERVICES,2017-06-12T00:00:00.000,BROOKLYN,COMMUNITY ASSISTANT,ON LEAVE,42092.00,per Annum,1635,25796.18,177.5,5114.17,4824.43
2024,71,DEPT. OF HOMELESS SERVICES,2019-03-18T00:00:00.000,MANHATTAN,FRAUD INVESTIGATOR,ACTIVE,66114.00,per Annum,1820,63843.53,363.5,15286.70,4796.12
2024,71,DEPT. OF HOMELESS SERVICES,2017-02-13T00:00:00.000,MANHATTAN,ADMINISTRATIVE DIRECTOR OF SOCIAL SERVICES,ACTIVE,82400.00,per Annum,1820,66688.68,199.5,8243.21,4724.37
2024,71,DEPT. OF HOMELESS SERVICES,2018-08-06T00:00:00.000,MANHATTAN,ADMINISTRATIVE STAFF ANALYST,ACTIVE,92283.00,per Annum,1820,96448.05,55.5,3090.46,4619.21
2024,71,DEPT. OF HOMELESS SERVICES,2013-10-14T00:00:00.000,MANHATTAN,SUPERVISING SPECIAL OFFICER,ACTIVE,59255.00,per Annum,2080,61097.85,0,260.11,4537.40
2024,71,DEPT. OF HOMELESS SERVICES,2016-10-11T00:00:00.000,MANHATTAN,COMMUNITY COORDINATOR,ACTIVE,70022.00,per Annum,1820,67618.06,1370,71536.72,4468.00
2024,71,DEPT. OF HOMELESS SERVICES,2023-11-06T00:00:00.000,QUEENS,STAFF ANALYST,ACTIVE,68262.00,per Annum,910,27416.66,0,0.00,4433.72
2024,71,DEPT. OF HOMELESS SERVICES,2022-11-14T00:00:00.000,BROOKLYN,COMMUNITY ASSOCIATE,ACTIVE,43143.00,per Annum,1950,35612.62,1350.5,36308.03,4428.04
2024,71,DEPT. OF HOMELESS SERVICES,2018-05-21T00:00:00.000,BRONX,SPECIAL OFFICER,ON LEAVE,53264.00,per Annum,774,17404.04,204.25,7411.84,4276.32
2024,71,DEPT. OF HOMELESS SERVICES,2022-09-26T00:00:00.000,MANHATTAN,COMMUNITY COORDINATOR,ACTIVE,70022.00,per Annum,1820,67618.06,239.5,11511.94,4204.02
2024,71,DEPT. OF HOMELESS SERVICES,2016-05-23T00:00:00.000,MANHATTAN,COMMUNITY COORDINATOR,ACTIVE,70022.00,per Annum,1820,67618.06,267,12433.93,4158.47
2024,71,DEPT. OF HOMELESS SERVICES,2021-07-19T00:00:00.000,MANHATTAN,COMMUNITY COORDINATOR,ACTIVE,38.18,per Hour,1796.3,65707.03,323.5,14919.25,4145.64
2024,71,DEPT. OF HOMELESS SERVICES,2017-12-04T00:00:00.000,BRONX,SUPERVISOR II SOCIAL WORK,ACTIVE,85998.00,per Annum,1371,62559.07,152.5,9592.71,4086.75
2024,71,DEPT. OF HOMELESS SERVICES,2023-01-09T00:00:00.000,MANHATTAN,PRINCIPAL ADMINISTRATIVE ASSOCIATE -  NON SUPVR,ACTIVE,66672.00,per Annum,1820,67008.19,107.5,4071.54,4020.86
2024,71,DEPT. OF HOMELESS SERVICES,2022-12-19T00:00:00.000,MANHATTAN,ASSOCIATE CONTRACT SPECIALIST,CEASED,63859.00,per Annum,7,1224.69,0,0.00,4007.83
2024,71,DEPT. OF HOMELESS SERVICES,2016-01-18T00:00:00.000,MANHATTAN,ADMINISTRATIVE DIRECTOR OF SOCIAL SERVICES,ACTIVE,140689.00,per Annum,1820,130380.86,11,755.80,3762.55
2024,71,DEPT. OF HOMELESS SERVICES,2016-04-11T00:00:00.000,MANHATTAN,COMMUNITY COORDINATOR,ACTIVE,70022.00,per Annum,1820,67618.06,759.5,41828.86,3694.55
2024,71,DEPT. OF HOMELESS SERVICES,2023-12-04T00:00:00.000,MANHATTAN,SPECIAL OFFICER,ACTIVE,36955.00,per Annum,1120,19790.12,134.25,3794.37,3688.38
2024,71,DEPT. OF HOMELESS SERVICES,2002-09-16T00:00:00.000,MANHATTAN,ADM MANAGER-NON-MGRL,ACTIVE,79915.00,per Annum,1750,54800.76,0,38.39,3673.95
2024,71,DEPT. OF HOMELESS SERVICES,2018-02-05T00:00:00.000,BROOKLYN,ASSISTANT SUPERINTENDENT OF WELFARE SHELTERS,ACTIVE,77832.00,per Annum,1820,75159.32,93.75,4673.99,3549.86
2024,71,DEPT. OF HOMELESS SERVICES,2016-07-04T00:00:00.000,BROOKLYN,SPECIAL OFFICER,CEASED,44283.00,per Annum,480,11581.97,106.75,3698.99,3502.02
2024,71,DEPT. OF HOMELESS SERVICES,2012-07-09T00:00:00.000,BRONX,SUPERVISING SPECIAL OFFICER,CEASED,59255.00,per Annum,872,26833.13,167.25,7968.92,3484.91
2024,71,DEPT. OF HOMELESS SERVICES,1993-09-05T00:00:00.000,BRONX,COMMUNITY ASSOCIATE,ACTIVE,50015.00,per Annum,1820,48274.50,1498.25,58236.65,3387.91
2024,71,DEPT. OF HOMELESS SERVICES,2005-05-09T00:00:00.000,BRONX,SUPERINTENDENT OF ADULT INSTITUTIONS,ACTIVE,86072.00,per Annum,1820,83093.73,641.25,40579.27,3327.95
2024,71,DEPT. OF HOMELESS SERVICES,2017-05-28T00:00:00.000,BROOKLYN,CARPENTER,ACTIVE,398.86,per Day,1820,109471.61,638,58714.97,3221.00
2024,71,DEPT. OF HOMELESS SERVICES,2019-05-13T00:00:00.000,MANHATTAN,COMMUNITY ASSISTANT,ACTIVE,42092.00,per Annum,1950,39352.74,17.25,379.09,3171.44
2024,71,DEPT. OF HOMELESS SERVICES,2024-01-08T00:00:00.000,MANHATTAN,ADMINISTRATIVE DIRECTOR OF SOCIAL SERVICES,ACTIVE,84699.00,per Annum,805,36173.13,121,6571.38,3146.35
2024,71,DEPT. OF HOMELESS SERVICES,1998-10-13T00:00:00.000,MANHATTAN,ADMINISTRATIVE DIRECTOR OF SOCIAL SERVICES,ACTIVE,140689.00,per Annum,1820,148272.49,0,0.00,3125.34
2024,71,DEPT. OF HOMELESS SERVICES,2004-01-05T00:00:00.000,MANHATTAN,RESEARCH ASSISTANT,ON LEAVE,65139.00,per Annum,1610,55578.51,0,0.00,3089.94
2024,71,DEPT. OF HOMELESS SERVICES,2014-04-07T00:00:00.000,BROOKLYN,SUPERVISOR OF MECHANICS,ACTIVE,576.08,per Day,2080,156092.80,573,62688.49,3081.90
2024,71,DEPT. OF HOMELESS SERVICES,2013-12-23T00:00:00.000,BROOKLYN,SHEET METAL WORKER,ACTIVE,443.03,per Day,1820,122362.20,178,24093.58,3060.01
2024,71,DEPT. OF HOMELESS SERVICES,2019-04-01T00:00:00.000,BROOKLYN,PLUMBER'S HELPER,ACTIVE,295.47,per Day,1820,79823.30,209,18299.37,3015.00
2024,71,DEPT. OF HOMELESS SERVICES,2017-07-24T00:00:00.000,BROOKLYN,ASSOCIATE STAFF ANALYST,ACTIVE,89049.00,per Annum,1820,92665.87,0,1001.72,3006.72
2024,71,DEPT. OF HOMELESS SERVICES,2023-04-24T00:00:00.000,BROOKLYN,PLUMBER,ACTIVE,422.31,per Day,1820,109897.47,220.5,26730.47,3003.59
2024,71,DEPT. OF HOMELESS SERVICES,2014-08-18T00:00:00.000,BROOKLYN,CARPENTER,CEASED,398.86,per Day,1295,79547.00,222,19307.28,3000.00
2024,71,DEPT. OF HOMELESS SERVICES,2022-11-28T00:00:00.000,BROOKLYN,CARPENTER,ACTIVE,398.86,per Day,1820,99470.84,162.5,14263.45,3000.00
2024,71,DEPT. OF HOMELESS SERVICES,2016-09-19T00:00:00.000,MANHATTAN,AGENCY MEDICAL DIRECTOR,ACTIVE,247014.00,per Annum,1820,260327.92,0,0.00,3000.00
2024,71,DEPT. OF HOMELESS SERVICES,2019-02-04T00:00:00.000,MANHATTAN,ADMINISTRATIVE SUPERVISOR OF BUILDING MAINTENANCE,ACTIVE,229603.00,per Annum,1820,229410.95,0,0.00,3000.00
2024,71,DEPT. OF HOMELESS SERVICES,2022-02-13T00:00:00.000,MANHATTAN,ASSISTANT DEPUTY COMMISSIONER SS,ACTIVE,202592.00,per Annum,1820,201998.20,0,0.00,3000.00
2024,71,DEPT. OF HOMELESS SERVICES,2019-10-07T00:00:00.000,BROOKLYN,ADMINISTRATIVE SUPERVISOR OF BUILDING MAINTENANCE,ACTIVE,174064.00,per Annum,1820,179304.87,0,0.00,3000.00
2024,71,DEPT. OF HOMELESS SERVICES,2004-06-28T00:00:00.000,MANHATTAN,ADMINISTRATIVE DIRECTOR OF SOCIAL SERVICES,CEASED,174064.00,per Annum,1820,179304.87,0,0.00,3000.00
2024,71,DEPT. OF HOMELESS SERVICES,2023-02-27T00:00:00.000,MANHATTAN,ASST COMMISSIONER FOR PLANNING & PROGRAM DEV,ACTIVE,174064.00,per Annum,1820,174468.04,0,0.00,3000.00
2024,71,DEPT. OF HOMELESS SERVICES,2012-04-02T00:00:00.000,MANHATTAN,ADMIN JOB OPOR SPEC-MANAGERIAL,ACTIVE,174064.00,per Annum,1820,161108.72,0,0.00,3000.00
2024,71,DEPT. OF HOMELESS SERVICES,1996-07-15T00:00:00.000,MANHATTAN,ADMINISTRATIVE DIRECTOR OF SOCIAL SERVICES,ACTIVE,146097.00,per Annum,1820,153971.61,0,0.00,3000.00
2024,71,DEPT. OF HOMELESS SERVICES,2010-08-09T00:00:00.000,MANHATTAN,ADMINISTRATIVE DIRECTOR OF SOCIAL SERVICES,ACTIVE,145088.00,per Annum,1820,152907.42,0,0.00,3000.00
2024,71,DEPT. OF HOMELESS SERVICES,2017-02-06T00:00:00.000,MANHATTAN,ADMINISTRATIVE DIRECTOR OF SOCIAL SERVICES,ACTIVE,145085.00,per Annum,1820,152904.30,0,0.00,3000.00
2024,71,DEPT. OF HOMELESS SERVICES,2011-10-03T00:00:00.000,MANHATTAN,ADMINISTRATIVE DIRECTOR OF SOCIAL SERVICES,ACTIVE,140689.00,per Annum,1820,148272.49,0,0.00,3000.00
2024,71,DEPT. OF HOMELESS SERVICES,2018-09-04T00:00:00.000,MANHATTAN,ADMINISTRATIVE DIRECTOR OF SOCIAL SERVICES,ACTIVE,140689.00,per Annum,1820,147337.54,0,0.00,3000.00
2024,71,DEPT. OF HOMELESS SERVICES,2023-09-29T00:00:00.000,MANHATTAN,DEPUTY COMMISIONER,CEASED,241813.00,per Annum,1022,135045.47,0,0.00,3000.00
2024,71,DEPT. OF HOMELESS SERVICES,2013-06-03T00:00:00.000,MANHATTAN,ADMINISTRATIVE DIRECTOR OF SOCIAL SERVICES,ACTIVE,140689.00,per Annum,1820,124237.63,0,0.00,3000.00
2024,71,DEPT. OF HOMELESS SERVICES,1993-09-05T00:00:00.000,MANHATTAN,ADMINISTRATIVE DIRECTOR OF SOCIAL SERVICES,ACTIVE,113460.00,per Annum,1820,119574.74,0,0.00,3000.00
2024,71,DEPT. OF HOMELESS SERVICES,2015-01-26T00:00:00.000,MANHATTAN,ADMIN JOB OPPORTUNITY SPEC NM,ACTIVE,115467.00,per Annum,1820,117525.58,0,0.00,3000.00
2024,71,DEPT. OF HOMELESS SERVICES,2005-06-20T00:00:00.000,MANHATTAN,ADMINISTRATIVE DIRECTOR OF SOCIAL SERVICES,ACTIVE,106071.00,per Annum,1820,111787.61,0,0.00,3000.00
2024,71,DEPT. OF HOMELESS SERVICES,2015-08-10T00:00:00.000,BROOKLYN,ADMINISTRATIVE SUPERVISOR OF BUILDING MAINTENANCE,ACTIVE,90680.00,per Annum,1820,95568.09,0,0.00,3000.00
2024,71,DEPT. OF HOMELESS SERVICES,2023-08-21T00:00:00.000,MANHATTAN,ASSOCIATE STAFF ANALYST,ACTIVE,88732.00,per Annum,1505,72853.56,0,0.00,3000.00
2024,71,DEPT. OF HOMELESS SERVICES,2021-07-12T00:00:00.000,MANHATTAN,ADMINISTRATIVE STAFF ANALYST,ACTIVE,50.51,per Hour,1172.75,62881.85,0,0.00,3000.00
2024,71,DEPT. OF HOMELESS SERVICES,2023-10-02T00:00:00.000,MANHATTAN,ASSOCIATE STAFF ANALYST,ACTIVE,77158.00,per Annum,1295,52429.52,0,0.00,3000.00
2024,71,DEPT. OF HOMELESS SERVICES,2014-06-30T00:00:00.000,MANHATTAN,COMMUNITY COORDINATOR,ACTIVE,70022.00,per Annum,1820,67618.06,333.5,15558.49,2965.49
2024,71,DEPT. OF HOMELESS SERVICES,1993-09-05T00:00:00.000,BROOKLYN,PRINCIPAL ADMINISTRATIVE ASSOCIATE -  NON SUPVR,ACTIVE,59680.00,per Annum,1820,61332.93,79,2995.45,2920.13
2024,71,DEPT. OF HOMELESS SERVICES,2015-06-01T00:00:00.000,MANHATTAN,COMMUNITY COORDINATOR,ACTIVE,70022.00,per Annum,1820,67618.06,420.25,19549.35,2848.02
2024,71,DEPT. OF HOMELESS SERVICES,1993-09-05T00:00:00.000,MANHATTAN,ADMINISTRATIVE DIRECTOR OF SOCIAL SERVICES,CEASED,90041.00,per Annum,1351.87,66523.87,83,4413.15,2793.18
2024,71,DEPT. OF HOMELESS SERVICES,2018-11-13T00:00:00.000,BRONX,FRAUD INVESTIGATOR,ACTIVE,53692.00,per Annum,1820,51848.29,367.25,14244.49,2588.09
2024,71,DEPT. OF HOMELESS SERVICES,2002-09-30T00:00:00.000,MANHATTAN,ADMIN COMMUNITY RELATIONS SPECIALIST,ACTIVE,84691.00,per Annum,1820,83565.45,442.5,26039.85,2432.05
2024,71,DEPT. OF HOMELESS SERVICES,2019-10-28T00:00:00.000,MANHATTAN,COMMUNITY ASSISTANT,ACTIVE,42092.00,per Annum,1262.75,26322.27,1236.75,39419.28,2424.39
2024,71,DEPT. OF HOMELESS SERVICES,1994-10-24T00:00:00.000,MANHATTAN,SUPERVISOR I,ACTIVE,66671.00,per Annum,315,11368.32,26.25,1140.07,2379.88
2024,71,DEPT. OF HOMELESS SERVICES,2018-11-19T00:00:00.000,MANHATTAN,COMMUNITY COORDINATOR,ACTIVE,70022.00,per Annum,1820,67618.06,891.25,46141.06,2342.77
2024,71,DEPT. OF HOMELESS SERVICES,2004-01-05T00:00:00.000,QUEENS,COMMUNITY COORDINATOR,ACTIVE,70071.00,per Annum,1820,67641.98,166.25,7355.52,2298.96
2024,71,DEPT. OF HOMELESS SERVICES,2019-10-28T00:00:00.000,BROOKLYN,SPACE ANALYST,ACTIVE,87701.00,per Annum,1820,81351.80,183.5,10995.43,2283.09
2024,71,DEPT. OF HOMELESS SERVICES,2013-08-19T00:00:00.000,MANHATTAN,ADMINISTRATIVE DIRECTOR OF SOCIAL SERVICES,ACTIVE,67156.00,per Annum,1820,64850.08,854,41646.33,2204.56
2024,71,DEPT. OF HOMELESS SERVICES,2016-07-18T00:00:00.000,BRONX,CITY LABORER,ACTIVE,290.00,per Day,2080,66410.00,1094.75,66251.46,2202.19
2024,71,DEPT. OF HOMELESS SERVICES,2017-05-15T00:00:00.000,MANHATTAN,CASEWORKER,ACTIVE,53692.00,per Annum,1820,51848.29,590.25,22385.85,1820.47
2024,71,DEPT. OF HOMELESS SERVICES,2012-03-05T00:00:00.000,MANHATTAN,COMMUNITY COORDINATOR,ACTIVE,70022.00,per Annum,1820,67618.06,1002.75,52074.36,1795.26
2024,71,DEPT. OF HOMELESS SERVICES,2019-01-07T00:00:00.000,MANHATTAN,SPECIAL OFFICER,ACTIVE,41840.00,per Annum,1091.43,20560.19,119.75,3472.23,1703.30
2024,71,DEPT. OF HOMELESS SERVICES,1998-11-17T00:00:00.000,MANHATTAN,ADMINISTRATIVE DIRECTOR OF SOCIAL SERVICES,ACTIVE,120600.00,per Annum,1820,116458.63,7.5,483.44,1698.93
2024,71,DEPT. OF HOMELESS SERVICES,2016-09-06T00:00:00.000,MANHATTAN,COMMUNITY COORDINATOR,ACTIVE,70022.00,per Annum,1820,67618.06,122.5,5209.48,1673.51
2024,71,DEPT. OF HOMELESS SERVICES,2017-01-17T00:00:00.000,MANHATTAN,COMMUNITY COORDINATOR,ACTIVE,70022.00,per Annum,1820,67618.06,283,13298.01,1656.43
2024,71,DEPT. OF HOMELESS SERVICES,2023-12-04T00:00:00.000,MANHATTAN,SPECIAL OFFICER,ACTIVE,36955.00,per Annum,1120,19635.80,98.88,2665.56,1637.56
2024,71,DEPT. OF HOMELESS SERVICES,2023-04-03T00:00:00.000,BRONX,COMMUNITY ASSOCIATE,ACTIVE,43144.00,per Annum,1820,41145.93,375.5,11477.75,1496.88
2024,71,DEPT. OF HOMELESS SERVICES,2001-06-18T00:00:00.000,MANHATTAN,COMMUNITY COORDINATOR,ACTIVE,70191.00,per Annum,1820,67757.43,138,6171.54,1479.22
2024,71,DEPT. OF HOMELESS SERVICES,2001-03-14T00:00:00.000,MANHATTAN,COMMUNITY COORDINATOR,ACTIVE,70191.00,per Annum,1820,67757.43,0,0.00,1470.97
2024,71,DEPT. OF HOMELESS SERVICES,2001-11-05T00:00:00.000,MANHATTAN,COMMUNITY COORDINATOR,ACTIVE,70173.00,per Annum,1820,67740.52,0,0.00,1470.97
2024,71,DEPT. OF HOMELESS SERVICES,2022-07-25T00:00:00.000,MANHATTAN,SPECIAL OFFICER,CEASED,36955.00,per Annum,144,3645.78,74.25,2581.28,1443.62
2024,71,DEPT. OF HOMELESS SERVICES,2018-11-19T00:00:00.000,MANHATTAN,COMMUNITY COORDINATOR,CEASED,66003.00,per Annum,0,63.01,0,2.56,1442.50
2024,71,DEPT. OF HOMELESS SERVICES,2022-07-25T00:00:00.000,BROOKLYN,CASEWORKER,CEASED,45329.00,per Annum,910,22545.11,437.25,15180.36,1394.51
2024,71,DEPT. OF HOMELESS SERVICES,2023-07-31T00:00:00.000,MANHATTAN,CLERICAL ASSOCIATE,CEASED,39763.00,per Annum,420,7604.95,0,0.00,1368.89
2024,71,DEPT. OF HOMELESS SERVICES,2017-07-10T00:00:00.000,MANHATTAN,COMMUNITY COORDINATOR,ON LEAVE,70022.00,per Annum,1540,57216.30,237.5,10725.81,1161.06
2024,71,DEPT. OF HOMELESS SERVICES,2014-01-13T00:00:00.000,MANHATTAN,CASEWORKER,ON LEAVE,53692.00,per Annum,840,13983.47,0,0.00,1105.34
2024,71,DEPT. OF HOMELESS SERVICES,2016-03-28T00:00:00.000,MANHATTAN,COMMUNITY COORDINATOR,ACTIVE,70022.00,per Annum,1820,67618.06,987.75,51410.56,1087.51
2024,71,DEPT. OF HOMELESS SERVICES,2023-12-18T00:00:00.000,MANHATTAN,SPECIAL OFFICER,ACTIVE,36955.00,per Annum,1040,18376.54,100,2852.03,1053.95
2024,71,DEPT. OF HOMELESS SERVICES,2015-03-30T00:00:00.000,BROOKLYN,SPECIAL OFFICER,CEASED,53264.00,per Annum,320,7377.41,88,4273.58,945.53
2024,71,DEPT. OF HOMELESS SERVICES,2002-02-19T00:00:00.000,MANHATTAN,COMMUNITY COORDINATOR,CEASED,87822.00,per Annum,1120,53757.51,12.25,653.74,942.84
2024,71,DEPT. OF HOMELESS SERVICES,2014-02-10T00:00:00.000,BROOKLYN,CARPENTER,CEASED,398.86,per Day,84,8959.90,0,148.85,923.32
2024,71,DEPT. OF HOMELESS SERVICES,2017-07-24T00:00:00.000,MANHATTAN,COMMUNITY COORDINATOR,ACTIVE,70022.00,per Annum,1820,67097.98,658,33396.15,826.19
2024,71,DEPT. OF HOMELESS SERVICES,2021-06-28T00:00:00.000,MANHATTAN,COMMUNITY COORDINATOR,ACTIVE,70022.00,per Annum,1694,60594.64,0,0.00,824.44
2024,71,DEPT. OF HOMELESS SERVICES,2020-02-18T00:00:00.000,MANHATTAN,COMMUNITY COORDINATOR,CEASED,67983.00,per Annum,280,10408.38,0,0.00,803.71
2024,71,DEPT. OF HOMELESS SERVICES,2017-03-20T00:00:00.000,BROOKLYN,COMMUNITY COORDINATOR,CEASED,67983.00,per Annum,350,12042.94,2,74.42,765.51
2024,71,DEPT. OF HOMELESS SERVICES,2022-11-14T00:00:00.000,MANHATTAN,SPECIAL OFFICER,CEASED,36955.00,per Annum,0,-140.11,0,212.04,710.10
2024,71,DEPT. OF HOMELESS SERVICES,2024-02-12T00:00:00.000,BROOKLYN,CASEWORKER,ACTIVE,46689.00,per Annum,630,15605.10,1,24.81,661.10
2024,71,DEPT. OF HOMELESS SERVICES,2005-11-28T00:00:00.000,BRONX,SUPERVISING SPECIAL OFFICER,CEASED,59255.00,per Annum,251.58,4832.75,6.5,291.43,497.26
2024,71,DEPT. OF HOMELESS SERVICES,2017-01-16T00:00:00.000,BROOKLYN,SPECIAL OFFICER,CEASED,41840.00,per Annum,400,203.80,0,73.07,430.21
2024,71,DEPT. OF HOMELESS SERVICES,2016-04-25T00:00:00.000,MANHATTAN,COMMUNITY ASSOCIATE,ON LEAVE,53613.00,per Annum,1547,44006.54,77.75,3027.03,394.19
2024,71,DEPT. OF HOMELESS SERVICES,2024-04-08T00:00:00.000,MANHATTAN,COMMUNITY COORDINATOR,ACTIVE,60889.00,per Annum,350,11274.05,13,533.89,349.46
2024,71,DEPT. OF HOMELESS SERVICES,2017-01-03T00:00:00.000,BROOKLYN,SPACE ANALYST,ACTIVE,73878.00,per Annum,1820,67527.52,67,3200.08,320.82
2024,71,DEPT. OF HOMELESS SERVICES,2017-03-13T00:00:00.000,BRONX,SPECIAL OFFICER,ON LEAVE,41840.00,per Annum,160,4340.05,92.5,3598.41,309.31
2024,71,DEPT. OF HOMELESS SERVICES,2024-05-06T00:00:00.000,MANHATTAN,SPECIAL OFFICER,ACTIVE,36955.00,per Annum,240,4240.74,6.5,172.56,307.97
2024,71,DEPT. OF HOMELESS SERVICES,1993-09-05T00:00:00.000,BROOKLYN,COMMUNITY ASSISTANT,CEASED,43388.00,per Annum,198.25,4390.88,0,0.00,305.57
2024,71,DEPT. OF HOMELESS SERVICES,2023-01-03T00:00:00.000,BROOKLYN,COMMUNITY ASSISTANT,CEASED,36602.00,per Annum,320,5011.64,0,0.00,302.93
2024,71,DEPT. OF HOMELESS SERVICES,2024-02-20T00:00:00.000,BROOKLYN,PAINTER,ACTIVE,354.62,per Day,588,28917.54,95.5,7045.04,297.92
2024,71,DEPT. OF HOMELESS SERVICES,1993-09-05T00:00:00.000,MANHATTAN,SUPERVISING SPECIAL OFFICER,CEASED,59384.00,per Annum,1166.6,33011.29,0,0.00,278.94
2024,71,DEPT. OF HOMELESS SERVICES,2021-05-25T00:00:00.000,MANHATTAN,COMMUNITY ASSISTANT,CEASED,35536.00,per Annum,0,0.00,0.5,12.83,227.58
2024,71,DEPT. OF HOMELESS SERVICES,2013-11-18T00:00:00.000,MANHATTAN,SUPERVISING SPECIAL OFFICER,CEASED,59255.00,per Annum,548.8,17705.06,0,295.32,214.91
2024,71,DEPT. OF HOMELESS SERVICES,2005-08-01T00:00:00.000,BRONX,COMMUNITY ASSOCIATE,CEASED,48219.00,per Annum,210,5538.02,0,0.00,169.86
2024,71,DEPT. OF HOMELESS SERVICES,2017-11-26T00:00:00.000,MANHATTAN,PRINCIPAL ADMINISTRATIVE ASSOCIATE -  NON SUPVR,CEASED,62982.00,per Annum,0,1491.36,0,605.76,117.87
2024,71,DEPT. OF HOMELESS SERVICES,2016-02-11T00:00:00.000,MANHATTAN,COMMUNITY COORDINATOR,ACTIVE,76585.00,per Annum,1820,74224.24,4.5,183.13,105.10
2024,71,DEPT. OF HOMELESS SERVICES,2007-03-26T00:00:00.000,BRONX,SUPERVISING SPECIAL OFFICER,CEASED,59255.00,per Annum,2000,58698.70,0,334.40,94.94
2024,71,DEPT. OF HOMELESS SERVICES,2022-02-21T00:00:00.000,MANHATTAN,SPECIAL OFFICER,CEASED,35879.00,per Annum,0,855.95,0,138.39,88.14
2024,71,DEPT. OF HOMELESS SERVICES,2018-10-22T00:00:00.000,MANHATTAN,SPECIAL OFFICER,CEASED,40621.00,per Annum,0,990.15,0,252.66,83.80
2024,71,DEPT. OF HOMELESS SERVICES,2023-11-06T00:00:00.000,MANHATTAN,SPECIAL OFFICER,CEASED,36955.00,per Annum,400,3653.22,9.25,170.35,80.98
2024,71,DEPT. OF HOMELESS SERVICES,2022-02-21T00:00:00.000,MANHATTAN,SPECIAL OFFICER,CEASED,35879.00,per Annum,0,501.00,0,106.37,60.60
2024,71,DEPT. OF HOMELESS SERVICES,2016-03-07T00:00:00.000,BRONX,SPECIAL OFFICER,CEASED,44283.00,per Annum,0,709.86,0,306.23,58.42
2024,71,DEPT. OF HOMELESS SERVICES,2015-12-07T00:00:00.000,BROOKLYN,SPECIAL OFFICER,CEASED,51713.00,per Annum,0,904.46,0,341.99,51.61
2024,71,DEPT. OF HOMELESS SERVICES,2020-03-16T00:00:00.000,MANHATTAN,PRINCIPAL ADMINISTRATIVE ASSOCIATE -  NON SUPVR,CEASED,77847.00,per Annum,0,4318.59,0,0.00,45.20
2024,71,DEPT. OF HOMELESS SERVICES,2016-08-08T00:00:00.000,BROOKLYN,SPECIAL OFFICER,CEASED,42993.00,per Annum,0,1067.52,0,242.77,33.64
2024,71,DEPT. OF HOMELESS SERVICES,2018-12-10T00:00:00.000,MANHATTAN,COMMUNITY ASSOCIATE,CEASED,46767.00,per Annum,0,1088.96,0,12.12,30.01
2024,71,DEPT. OF HOMELESS SERVICES,2023-03-13T00:00:00.000,MANHATTAN,CASEWORKER,ACTIVE,53692.00,per Annum,1820,48671.06,13.25,341.15,25.25
2024,71,DEPT. OF HOMELESS SERVICES,2016-02-11T00:00:00.000,BROOKLYN,COMMUNITY COORDINATOR,ACTIVE,76585.00,per Annum,1820,73670.46,17,834.31,20.35
2024,71,DEPT. OF HOMELESS SERVICES,2023-09-25T00:00:00.000,MANHATTAN,CASEWORKER,ACTIVE,46689.00,per Annum,1330,32597.32,12.5,359.76,11.16
2024,71,DEPT. OF HOMELESS SERVICES,2018-11-19T00:00:00.000,MANHATTAN,COMMUNITY COORDINATOR,ACTIVE,70022.00,per Annum,1820,67618.06,0,0.00,8.25
2024,71,DEPT. OF HOMELESS SERVICES,2022-02-21T00:00:00.000,MANHATTAN,SPECIAL OFFICER,CEASED,36955.00,per Annum,0,376.53,0,16.55,3.90
2024,71,DEPT. OF HOMELESS SERVICES,2015-09-14T00:00:00.000,BROOKLYN,SPECIAL OFFICER,CEASED,53264.00,per Annum,0,238.39,0,51.91,0.43
2024,71,DEPT. OF HOMELESS SERVICES,2015-12-07T00:00:00.000,MANHATTAN,SPECIAL OFFICER,CEASED,51713.00,per Annum,0,100.56,0,10.81,0.14
2024,71,DEPT. OF HOMELESS SERVICES,2016-01-10T00:00:00.000,MANHATTAN,ADMINISTRATIVE STAFF ANALYST,CEASED,89757.00,per Annum,0,4147.71,0,1.43,0.00
2024,71,DEPT. OF HOMELESS SERVICES,2023-01-17T00:00:00.000,MANHATTAN,CITY RESEARCH SCIENTIST,ACTIVE,84981.00,per Annum,1820,82063.25,0,0.00,0.00
2024,71,DEPT. OF HOMELESS SERVICES,2023-01-23T00:00:00.000,MANHATTAN,COMMUNITY COORDINATOR,ACTIVE,60891.00,per Annum,1820,58064.89,0,0.00,0.00
2024,71,DEPT. OF HOMELESS SERVICES,2022-04-04T00:00:00.000,MANHATTAN,CITY RESEARCH SCIENTIST,ACTIVE,95069.00,per Annum,1120,53900.66,0,0.00,0.00
2024,71,DEPT. OF HOMELESS SERVICES,2021-06-07T00:00:00.000,MANHATTAN,COMMUNITY COORDINATOR,CEASED,70022.00,per Annum,1071,40060.27,0,0.00,0.00
2024,71,DEPT. OF HOMELESS SERVICES,2023-10-10T00:00:00.000,MANHATTAN,CASEWORKER,ACTIVE,46689.00,per Annum,1253,31036.78,0,0.00,0.00
2024,71,DEPT. OF HOMELESS SERVICES,2012-10-01T00:00:00.000,BROOKLYN,SUPERVISOR PAINTER,CEASED,393.47,per Day,267.02,13729.47,0,0.00,0.00
2024,71,DEPT. OF HOMELESS SERVICES,2000-01-17T00:00:00.000,MANHATTAN,ADMIN COMMUNITY RELATIONS SPECIALIST,CEASED,102234.00,per Annum,0,4110.72,0,0.00,0.00
2024,71,DEPT. OF HOMELESS SERVICES,2021-06-14T00:00:00.000,MANHATTAN,ADMINISTRATIVE STAFF ANALYST,CEASED,47.61,per Hour,0,272.44,0,0.00,0.00
2024,71,DEPT. OF HOMELESS SERVICES,2016-02-01T00:00:00.000,MANHATTAN,SPECIAL OFFICER,CEASED,41808.00,per Annum,0,28.26,0,0.00,0.00
2024,71,DEPT. OF HOMELESS SERVICES,2016-11-14T00:00:00.000,MANHATTAN,ADMINISTRATIVE DIRECTOR OF SOCIAL SERVICES,ACTIVE,92742.00,per Annum,1820,91572.91,0,0.00,-29.39
2024,71,DEPT. OF HOMELESS SERVICES,2016-11-21T00:00:00.000,MANHATTAN,ADMINISTRATIVE DIRECTOR OF SOCIAL SERVICES,ACTIVE,140690.00,per Annum,1820,138262.16,0,0.00,-106.35
2024,846,DEPT OF PARKS & RECREATION,1985-07-08T00:00:00.000,BROOKLYN,CITY PARK WORKER,CEASED,44133.00,per Annum,-40,-826.22,0,0.00,-2115.24
2024,846,DEPT OF PARKS & RECREATION,1995-05-20T00:00:00.000,MANHATTAN,LIFEGUARD,CEASED,19.53,per Hour,0,0.00,0,-6.17,-74.76
2024,846,DEPT OF PARKS & RECREATION,2021-06-22T00:00:00.000,BROOKLYN,LIFEGUARD,CEASED,17.08,per Hour,0,-229.44,0,-34.02,-52.50
2024,846,DEPT OF PARKS & RECREATION,2011-06-20T00:00:00.000,MANHATTAN,LIFEGUARD,CEASED,21.27,per Hour,0,-27.84,0,-1.44,-30.18
2024,846,DEPT OF PARKS & RECREATION,2024-05-14T00:00:00.000,BRONX,JOB TRAINING PARTICIPANT,ACTIVE,18.54,per Hour,32,576.00,0,0.00,0.00
2024,846,DEPT OF PARKS & RECREATION,2024-05-14T00:00:00.000,BROOKLYN,JOB TRAINING PARTICIPANT,ACTIVE,18.54,per Hour,40,720.00,0,0.00,0.00
2024,846,DEPT OF PARKS & RECREATION,2024-02-08T00:00:00.000,QUEENS,JOB TRAINING PARTICIPANT,CEASED,18.00,per Hour,40,720.00,0,0.00,0.00
2024,846,DEPT OF PARKS & RECREATION,2024-06-02T00:00:00.000,RICHMOND,CITY SEASONAL AIDE,ACTIVE,18.54,per Hour,40,720.00,0,0.00,0.00
2024,846,DEPT OF PARKS & RECREATION,2023-05-10T00:00:00.000,BRONX,JOB TRAINING PARTICIPANT,CEASED,16.88,per Hour,44,742.72,0,0.00,0.00
2024,846,DEPT OF PARKS & RECREATION,2011-06-13T00:00:00.000,MANHATTAN,PRINCIPAL ADMINISTRATIVE ASSOCIATE -  NON SUPVR,CEASED,75218.00,per Annum,0,977.14,0,0.00,0.00
2024,846,DEPT OF PARKS & RECREATION,2024-05-10T00:00:00.000,QUEENS,JOB TRAINING PARTICIPANT,ACTIVE,18.54,per Hour,56,1008.00,0,0.00,0.00
2024,846,DEPT OF PARKS & RECREATION,2022-05-27T00:00:00.000,MANHATTAN,CITY SEASONAL AIDE,CEASED,16.88,per Hour,63,1063.44,0,0.00,0.00
2024,846,DEPT OF PARKS & RECREATION,2022-09-26T00:00:00.000,MANHATTAN,JOB TRAINING PARTICIPANT,CEASED,18.00,per Hour,66.47,1121.95,0,0.00,0.00
2024,846,DEPT OF PARKS & RECREATION,2023-04-20T00:00:00.000,MANHATTAN,JOB TRAINING PARTICIPANT,CEASED,16.88,per Hour,83.18,1404.15,0,0.00,0.00
2024,846,DEPT OF PARKS & RECREATION,2024-04-16T00:00:00.000,BRONX,JOB TRAINING PARTICIPANT,CEASED,18.54,per Hour,83,1494.00,0,0.00,0.00
2024,846,DEPT OF PARKS & RECREATION,2021-06-03T00:00:00.000,BROOKLYN,CITY SEASONAL AIDE,CEASED,15.91,per Hour,0,-459.08,0,-5.86,-5.52
2024,846,DEPT OF PARKS & RECREATION,2022-05-05T00:00:00.000,RICHMOND,JOB TRAINING PARTICIPANT,CEASED,16.39,per Hour,0,-406.62,0,-158.10,-5.40
2024,846,DEPT OF PARKS & RECREATION,2021-05-17T00:00:00.000,MANHATTAN,CITY PARK WORKER,CEASED,17.13,per Hour,0,-103.78,0,-7.31,-2.01
2024,846,DEPT OF PARKS & RECREATION,2021-04-12T00:00:00.000,MANHATTAN,CITY SEASONAL AIDE,CEASED,16.88,per Hour,0,-64.40,0,0.00,-1.84
2024,846,DEPT OF PARKS & RECREATION,2021-04-30T00:00:00.000,BRONX,JOB TRAINING PARTICIPANT,CEASED,15.91,per Hour,0,-691.84,0,-35.27,-1.32
2024,846,DEPT OF PARKS & RECREATION,2021-03-25T00:00:00.000,MANHATTAN,JOB TRAINING PARTICIPANT,CEASED,15.91,per Hour,0,-165.14,0,-10.81,-1.32
2024,846,DEPT OF PARKS & RECREATION,2021-11-09T00:00:00.000,MANHATTAN,JOB TRAINING PARTICIPANT,CEASED,16.39,per Hour,0,-282.92,0,0.00,-1.32
2024,846,DEPT OF PARKS & RECREATION,2024-08-21T00:00:00.000,QUEENS,JOB TRAINING PARTICIPANT,CEASED,15.91,per Hour,0,-381.26,0,-21.02,0.00
2024,846,DEPT OF PARKS & RECREATION,2021-05-20T00:00:00.000,BROOKLYN,JOB TRAINING PARTICIPANT,CEASED,15.91,per Hour,0,-3.68,0,0.00,0.00
2024,846,DEPT OF PARKS & RECREATION,2021-07-03T00:00:00.000,BROOKLYN,CITY SEASONAL AIDE,CEASED,15.91,per Hour,0,-3.68,0,0.00,0.00
2024,846,DEPT OF PARKS & RECREATION,2012-09-18T00:00:00.000,BROOKLYN,ADM MANAGER-NON-MGRL,CEASED,60.46,per Hour,0,165.59,0,0.00,0.00
2024,846,DEPT OF PARKS & RECREATION,1986-01-27T00:00:00.000,QUEENS,PARK SUPERVISOR,CEASED,83069.00,per Annum,1078.67,42850.84,0,0.00,2637.01
2024,846,DEPT OF PARKS & RECREATION,2023-05-15T00:00:00.000,MANHATTAN,EXTERMINATOR,ACTIVE,60363.00,per Annum,1820,50881.33,409.75,14652.62,3222.56
2024,846,DEPT OF PARKS & RECREATION,2017-06-13T00:00:00.000,MANHATTAN,ASSOCIATE URBAN PARK RANGER,ACTIVE,64531.00,per Annum,2080,56183.82,154.25,6517.75,3298.08
2024,846,DEPT OF PARKS & RECREATION,2000-07-01T00:00:00.000,QUEENS,ADMINISTRATIVE PARKS & RECREATION MANAGER,ACTIVE,108728.00,per Annum,1820,104971.50,644.5,51765.85,3301.34
2024,846,DEPT OF PARKS & RECREATION,2014-11-17T00:00:00.000,QUEENS,SURVEYOR,ACTIVE,80981.00,per Annum,1820,78155.32,24.5,1307.59,3567.05
2024,846,DEPT OF PARKS & RECREATION,2013-09-12T00:00:00.000,BRONX,RECREATION SPECIALIST,ACTIVE,28.03,per Hour,1764,47998.46,0,0.00,3782.20
2024,846,DEPT OF PARKS & RECREATION,2017-06-23T00:00:00.000,QUEENS,LIFEGUARD,SEASONAL,21.90,per Hour,232,4932.32,2.5,81.86,2542.47
2024,846,DEPT OF PARKS & RECREATION,2023-07-20T00:00:00.000,QUEENS,LIFEGUARD,ACTIVE,22.00,per Hour,247.75,5267.18,10,318.90,2530.72
2024,846,DEPT OF PARKS & RECREATION,2023-05-10T00:00:00.000,MANHATTAN,CITY PARK WORKER,CEASED,20.89,per Hour,701.65,14657.46,22.5,624.46,2459.56
2024,846,DEPT OF PARKS & RECREATION,2021-06-15T00:00:00.000,BRONX,LIFEGUARD,SEASONAL,21.90,per Hour,292,5486.98,22.75,603.54,2335.72
2024,846,DEPT OF PARKS & RECREATION,2021-05-25T00:00:00.000,BROOKLYN,CITY PARK WORKER,ACTIVE,21.52,per Hour,672.27,14043.66,108,3413.47,2327.35
2024,846,DEPT OF PARKS & RECREATION,2023-07-02T00:00:00.000,QUEENS,CITY PARK WORKER,CEASED,20.89,per Hour,417,8711.14,68.5,2169.45,2306.32
2024,846,DEPT OF PARKS & RECREATION,2011-12-23T00:00:00.000,QUEENS,CITY PARK WORKER,ACTIVE,58804.00,per Annum,2080,48286.13,52.5,1869.56,2299.68
2024,846,DEPT OF PARKS & RECREATION,2016-06-13T00:00:00.000,BROOKLYN,CITY PARK WORKER,ACTIVE,58804.00,per Annum,2080,47818.79,9.5,357.31,2287.07
2024,846,DEPT OF PARKS & RECREATION,1999-06-11T00:00:00.000,MANHATTAN,CITY SEASONAL AIDE,SEASONAL,20.42,per Hour,935.2,18526.31,5.5,158.49,2245.78
2024,846,DEPT OF PARKS & RECREATION,2021-05-17T00:00:00.000,QUEENS,LIFEGUARD,ACTIVE,22.00,per Hour,174.25,3750.99,0,0.00,2221.18
2024,846,DEPT OF PARKS & RECREATION,2015-05-18T00:00:00.000,MANHATTAN,FORESTER,ACTIVE,66964.00,per Annum,1820,64664.95,0,0.00,2217.54
2024,846,DEPT OF PARKS & RECREATION,2021-06-21T00:00:00.000,MANHATTAN,URBAN PARK RANGER,CEASED,53719.00,per Annum,1152,26964.78,26,915.45,2199.29
2024,846,DEPT OF PARKS & RECREATION,2021-09-21T00:00:00.000,MANHATTAN,CITY SEASONAL AIDE,ACTIVE,21.06,per Hour,544,9767.36,12,324.47,2159.34
2024,846,DEPT OF PARKS & RECREATION,2000-09-05T00:00:00.000,MANHATTAN,CARPENTER,CEASED,398.86,per Day,315,23712.71,62.75,7512.61,2055.11
2024,846,DEPT OF PARKS & RECREATION,2015-06-04T00:00:00.000,BROOKLYN,CITY SEASONAL AIDE,CEASED,21.06,per Hour,501.75,10260.80,43,1295.53,2031.20
2024,846,DEPT OF PARKS & RECREATION,2014-06-01T00:00:00.000,QUEENS,LIFEGUARD,SEASONAL,21.91,per Hour,240,5104.80,0,0.00,2029.76
2024,846,DEPT OF PARKS & RECREATION,2021-07-08T00:00:00.000,BRONX,CITY SEASONAL AIDE,ACTIVE,21.06,per Hour,520,9338.88,18.75,512.10,2012.30
2024,846,DEPT OF PARKS & RECREATION,2006-08-04T00:00:00.000,QUEENS,CITY SEASONAL AIDE,ACTIVE,20.38,per Hour,733.35,14505.66,8,241.92,1978.49
2024,846,DEPT OF PARKS & RECREATION,2020-02-11T00:00:00.000,MANHATTAN,CITY PARK WORKER,ACTIVE,44935.00,per Annum,2040,42446.51,396,12630.13,1887.67
2024,846,DEPT OF PARKS & RECREATION,2017-12-07T00:00:00.000,QUEENS,FORESTER,ACTIVE,78107.00,per Annum,1820,75425.06,0,0.00,1827.09
2024,846,DEPT OF PARKS & RECREATION,2004-06-23T00:00:00.000,MANHATTAN,CITY SEASONAL AIDE,ACTIVE,20.42,per Hour,2071.9,41044.34,0,0.00,1801.37
2024,846,DEPT OF PARKS & RECREATION,2021-06-28T00:00:00.000,BROOKLYN,CITY PARK WORKER,ACTIVE,21.52,per Hour,628.7,13133.55,75.5,2294.09,1777.39
2024,846,DEPT OF PARKS & RECREATION,2021-06-21T00:00:00.000,BRONX,CITY SEASONAL AIDE,ACTIVE,19.99,per Hour,527.5,10238.78,5.5,160.14,1759.19
2024,846,DEPT OF PARKS & RECREATION,2004-05-28T00:00:00.000,MANHATTAN,COMMUNITY COORDINATOR,ACTIVE,94472.00,per Annum,1820,91204.96,127.25,7745.58,1645.24
2024,846,DEPT OF PARKS & RECREATION,1997-06-26T00:00:00.000,MANHATTAN,CITY SEASONAL AIDE,ACTIVE,21.17,per Hour,2062.58,42365.47,0,0.00,1625.82
2024,846,DEPT OF PARKS & RECREATION,2019-05-09T00:00:00.000,MANHATTAN,CITY PARK WORKER,ACTIVE,44935.00,per Annum,2080,43391.75,26.25,840.97,1572.94
2024,846,DEPT OF PARKS & RECREATION,2023-05-15T00:00:00.000,MANHATTAN,URBAN PARK RANGER,ACTIVE,55331.00,per Annum,2050.95,46277.46,50.95,1818.83,1507.40
2024,846,DEPT OF PARKS & RECREATION,2023-05-08T00:00:00.000,BRONX,CITY PARK WORKER,CEASED,20.89,per Hour,493.9,10317.56,20.75,643.94,1503.18
2024,846,DEPT OF PARKS & RECREATION,1987-03-09T00:00:00.000,MANHATTAN,COMMUNITY COORDINATOR,ACTIVE,76531.00,per Annum,1820,73880.25,0,0.00,1481.72
2024,846,DEPT OF PARKS & RECREATION,2021-05-05T00:00:00.000,BRONX,CITY SEASONAL AIDE,ACTIVE,21.06,per Hour,528,10797.60,80,2374.77,1473.30
2024,846,DEPT OF PARKS & RECREATION,2021-12-20T00:00:00.000,MANHATTAN,ASSOCIATE URBAN PARK RANGER,ACTIVE,64531.00,per Annum,2120,52000.70,206.5,7536.29,1433.52
2024,846,DEPT OF PARKS & RECREATION,2024-05-12T00:00:00.000,BROOKLYN,CITY PARK WORKER,ACTIVE,21.52,per Hour,793.27,16571.34,104.75,3267.40,1420.38
2024,846,DEPT OF PARKS & RECREATION,2015-04-07T00:00:00.000,BROOKLYN,CITY PARK WORKER,ACTIVE,44935.00,per Annum,2080,41990.90,4.5,142.89,1367.41
2024,846,DEPT OF PARKS & RECREATION,2018-11-02T00:00:00.000,BRONX,CITY PARK WORKER,ACTIVE,44935.00,per Annum,2080,43224.87,0,0.00,1365.28
2024,846,DEPT OF PARKS & RECREATION,2023-06-05T00:00:00.000,BROOKLYN,CITY PARK WORKER,ACTIVE,21.52,per Hour,1039.5,21716.51,145.5,4573.95,1341.20
2024,846,DEPT OF PARKS & RECREATION,2015-02-25T00:00:00.000,MANHATTAN,CITY PARK WORKER,ACTIVE,44935.00,per Annum,2080,40983.12,43.25,1348.16,1334.17
2024,846,DEPT OF PARKS & RECREATION,2019-07-14T00:00:00.000,RICHMOND,GARDENER,ACTIVE,56189.00,per Annum,1912,47998.85,250,9839.91,1246.08
2024,846,DEPT OF PARKS & RECREATION,2021-04-26T00:00:00.000,MANHATTAN,AUTO MECHANIC,CEASED,40.74,per Hour,382.25,19024.50,0,137.19,1235.96
2024,846,DEPT OF PARKS & RECREATION,2017-06-12T00:00:00.000,QUEENS,CITY PARK WORKER,ACTIVE,44935.00,per Annum,2080,42900.44,75.25,2347.00,1193.32
2024,846,DEPT OF PARKS & RECREATION,2022-08-29T00:00:00.000,MANHATTAN,URBAN PARK RANGER,ACTIVE,55331.00,per Annum,2120,51348.78,0,0.00,1173.18
2024,846,DEPT OF PARKS & RECREATION,2020-07-16T00:00:00.000,QUEENS,CITY PARK WORKER,ACTIVE,44935.00,per Annum,2080,46740.95,0,0.00,1156.63
2024,846,DEPT OF PARKS & RECREATION,2018-01-16T00:00:00.000,QUEENS,CONSTRUCTION PROJECT MANAGER,CEASED,71726.00,per Annum,1050,41161.27,0,0.00,1098.80
2024,846,DEPT OF PARKS & RECREATION,2016-08-10T00:00:00.000,MANHATTAN,CITY RESEARCH SCIENTIST,ACTIVE,109330.00,per Annum,1820,105607.39,0,0.00,1031.56
2024,846,DEPT OF PARKS & RECREATION,2015-10-21T00:00:00.000,MANHATTAN,CITY SEASONAL AIDE,ACTIVE,20.37,per Hour,2056.58,40679.23,69.25,2042.96,1031.07
2024,846,DEPT OF PARKS & RECREATION,2023-05-28T00:00:00.000,RICHMOND,CITY PARK WORKER,CEASED,20.89,per Hour,464,9692.96,31.75,1016.82,981.94
2024,846,DEPT OF PARKS & RECREATION,2021-05-11T00:00:00.000,MANHATTAN,CITY PARK WORKER,ACTIVE,44935.00,per Annum,2080,43391.75,128.25,4019.42,972.41
2024,846,DEPT OF PARKS & RECREATION,2019-11-27T00:00:00.000,MANHATTAN,COMMUNITY ASSOCIATE,CEASED,29.91,per Hour,675.02,20189.75,0,0.00,926.64
2024,846,DEPT OF PARKS & RECREATION,2023-05-08T00:00:00.000,RICHMOND,CITY PARK WORKER,CEASED,20.89,per Hour,447.82,9354.89,3,94.01,913.25
2024,846,DEPT OF PARKS & RECREATION,2022-05-30T00:00:00.000,MANHATTAN,ASSOCIATE PARK SERVICE WORKER,ACTIVE,58804.00,per Annum,2080,49335.22,13,475.52,903.87
2024,846,DEPT OF PARKS & RECREATION,1999-10-13T00:00:00.000,MANHATTAN,COMPUTER OPERATIONS MANAGER,ACTIVE,86702.00,per Annum,1820,83701.41,0,0.00,883.12
2024,846,DEPT OF PARKS & RECREATION,2014-03-04T00:00:00.000,RICHMOND,CITY SEASONAL AIDE,ACTIVE,20.37,per Hour,2072,40984.16,40,1186.84,870.32
2024,846,DEPT OF PARKS & RECREATION,2024-05-05T00:00:00.000,RICHMOND,CITY PARK WORKER,ACTIVE,21.52,per Hour,526.82,11005.22,2,41.78,851.64
2024,846,DEPT OF PARKS & RECREATION,2023-10-23T00:00:00.000,MANHATTAN,COMMUNITY COORDINATOR,ACTIVE,38.33,per Hour,1138.25,36796.15,16,618.30,832.08
2024,846,DEPT OF PARKS & RECREATION,2022-01-14T00:00:00.000,QUEENS,GARDENER,ACTIVE,48860.00,per Annum,2080,43829.09,36,1172.05,762.12
2024,846,DEPT OF PARKS & RECREATION,2022-06-06T00:00:00.000,BROOKLYN,CITY PARK WORKER,ACTIVE,21.52,per Hour,668.23,12506.36,3,89.67,745.06
2024,846,DEPT OF PARKS & RECREATION,2019-11-27T00:00:00.000,BROOKLYN,CITY SEASONAL AIDE,ACTIVE,19.99,per Hour,506.5,9831.17,22,625.99,734.99
2024,846,DEPT OF PARKS & RECREATION,2017-01-26T00:00:00.000,RICHMOND,CITY PARK WORKER,ACTIVE,44935.00,per Annum,2080,43385.49,16,501.44,734.70
2024,846,DEPT OF PARKS & RECREATION,2023-03-20T00:00:00.000,BROOKLYN,CITY SEASONAL AIDE,CEASED,18.00,per Hour,304,5346.56,22,513.12,725.87
2024,846,DEPT OF PARKS & RECREATION,2021-05-07T00:00:00.000,BRONX,CITY PARK WORKER,ACTIVE,44935.00,per Annum,2080,43027.75,28,895.29,708.75
2024,846,DEPT OF PARKS & RECREATION,2022-09-26T00:00:00.000,QUEENS,GARDENER,ACTIVE,48860.00,per Annum,2080,47182.40,27,928.62,702.46
2024,846,DEPT OF PARKS & RECREATION,2010-07-01T00:00:00.000,MANHATTAN,COMMUNITY COORDINATOR,ACTIVE,92700.00,per Annum,1820,88148.87,8,387.95,683.52
2024,846,DEPT OF PARKS & RECREATION,2022-07-22T00:00:00.000,QUEENS,CITY PARK WORKER,CEASED,20.89,per Hour,276.33,5821.41,0,0.00,670.92
2024,846,DEPT OF PARKS & RECREATION,2022-02-16T00:00:00.000,BRONX,PLAYGROUND ASSOCIATE,CEASED,19.37,per Hour,313.87,7118.46,0,0.00,648.90
2024,846,DEPT OF PARKS & RECREATION,2024-07-08T00:00:00.000,BROOKLYN,CITY SEASONAL AIDE,SEASONAL,19.99,per Hour,478.5,9287.69,0.5,14.56,645.06
2024,846,DEPT OF PARKS & RECREATION,2014-09-05T00:00:00.000,QUEENS,GARDENER,ACTIVE,56189.00,per Annum,2080,54259.25,6,235.95,462.45
2024,846,DEPT OF PARKS & RECREATION,2022-08-22T00:00:00.000,BROOKLYN,GARDENER,CEASED,47437.00,per Annum,1720,23898.92,23,783.80,455.07
2024,846,DEPT OF PARKS & RECREATION,2019-10-28T00:00:00.000,BROOKLYN,PLUMBER,ACTIVE,422.31,per Day,1820,112171.78,364.5,44859.77,4020.00
2024,846,DEPT OF PARKS & RECREATION,2019-06-25T00:00:00.000,QUEENS,LIFEGUARD,ACTIVE,22.00,per Hour,481.5,10254.52,16.75,534.16,4061.68
2024,846,DEPT OF PARKS & RECREATION,2023-06-29T00:00:00.000,BROOKLYN,LIFEGUARD,ACTIVE,22.00,per Hour,368,7823.69,27,861.03,4064.10
2024,846,DEPT OF PARKS & RECREATION,2014-02-21T00:00:00.000,QUEENS,CITY PARK WORKER,ACTIVE,58804.00,per Annum,2080,60178.51,16,673.01,4116.03
2024,846,DEPT OF PARKS & RECREATION,2018-05-21T00:00:00.000,QUEENS,CONSTRUCTION PROJECT MANAGER,CEASED,85241.00,per Annum,1050,48917.00,1.5,74.37,4372.15
2024,846,DEPT OF PARKS & RECREATION,2021-05-18T00:00:00.000,BROOKLYN,LIFEGUARD,ACTIVE,22.00,per Hour,532.75,11385.50,43.25,1382.85,4378.55
2024,846,DEPT OF PARKS & RECREATION,2001-05-26T00:00:00.000,RICHMOND,LIFEGUARD,ACTIVE,22.07,per Hour,312,6676.40,0,0.00,4392.34
2024,846,DEPT OF PARKS & RECREATION,2019-12-19T00:00:00.000,BROOKLYN,CITY SEASONAL AIDE,ACTIVE,20.42,per Hour,2080,41204.80,36.5,1123.58,4468.05
2024,846,DEPT OF PARKS & RECREATION,1999-06-04T00:00:00.000,MANHATTAN,ADMIN COMMUNITY RELATIONS SPECIALIST,ACTIVE,134247.00,per Annum,1820,141949.47,3,216.41,4506.46
2024,846,DEPT OF PARKS & RECREATION,2009-06-27T00:00:00.000,MANHATTAN,LIFEGUARD,ACTIVE,22.00,per Hour,433,9209.96,10.5,355.81,4660.55
2024,846,DEPT OF PARKS & RECREATION,2023-06-09T00:00:00.000,BROOKLYN,LIFEGUARD,ACTIVE,22.00,per Hour,436.25,9274.68,35,1116.15,4826.80
2024,846,DEPT OF PARKS & RECREATION,2015-06-01T00:00:00.000,QUEENS,LIFEGUARD,ON LEAVE,22.00,per Hour,536,11464.96,34,1026.48,4946.79
2024,846,DEPT OF PARKS & RECREATION,2007-03-19T00:00:00.000,MANHATTAN,ADM MANAGER-NON-MGRL,ACTIVE,130684.00,per Annum,1820,133216.14,74.75,6399.36,5122.10
2024,846,DEPT OF PARKS & RECREATION,2017-05-17T00:00:00.000,BROOKLYN,PARK SUPERVISOR,ACTIVE,81810.00,per Annum,2080,62340.26,119.5,6563.63,5214.44
2024,846,DEPT OF PARKS & RECREATION,2023-03-20T00:00:00.000,MANHATTAN,URBAN PARK RANGER,ACTIVE,55331.00,per Annum,2080,50363.29,248.25,9379.48,4712.92
2024,846,DEPT OF PARKS & RECREATION,2018-11-19T00:00:00.000,MANHATTAN,ELECTRICIAN,ACTIVE,466.97,per Day,1820,119232.43,2.5,242.89,3000.00
2024,846,DEPT OF PARKS & RECREATION,1984-02-14T00:00:00.000,QUEENS,DEPUTY BOROUGH COMMISSIONER,ACTIVE,184857.00,per Annum,1820,184940.50,0,0.00,3000.00
2024,846,DEPT OF PARKS & RECREATION,2004-07-01T00:00:00.000,BRONX,ADMINISTRATIVE COMMUNITY RELATIONS SPECIALIST,ACTIVE,175042.00,per Annum,1820,178330.62,0,0.00,3000.00
2024,846,DEPT OF PARKS & RECREATION,1999-06-28T00:00:00.000,QUEENS,ADMINISTRATIVE PARKS & RECREATION MANAGER,ACTIVE,131057.00,per Annum,1820,136426.48,0,0.00,3000.00
2024,846,DEPT OF PARKS & RECREATION,1992-06-25T00:00:00.000,MANHATTAN,DIRECTOR OF URBAN PARK RANGER PROGRAM,ACTIVE,136438.00,per Annum,1820,124447.18,0,0.00,3000.00
2024,846,DEPT OF PARKS & RECREATION,2007-02-05T00:00:00.000,MANHATTAN,MONUMENTS OFFICER,ACTIVE,110372.00,per Annum,1820,115239.12,0,0.00,3000.00
2024,846,DEPT OF PARKS & RECREATION,2023-04-17T00:00:00.000,MANHATTAN,AGENCY ATTORNEY,CEASED,89753.00,per Annum,980,52181.18,0,0.00,3000.00
2024,846,DEPT OF PARKS & RECREATION,2021-06-11T00:00:00.000,BROOKLYN,LIFEGUARD,ACTIVE,22.00,per Hour,411.58,8750.34,39,1145.39,2958.87
2024,846,DEPT OF PARKS & RECREATION,2023-07-10T00:00:00.000,MANHATTAN,LIFEGUARD,SEASONAL,21.90,per Hour,232,4932.34,3,95.67,2953.26
2024,846,DEPT OF PARKS & RECREATION,2022-07-11T00:00:00.000,MANHATTAN,CONSTRUCTION PROJECT MANAGER,ACTIVE,92700.00,per Annum,1820,87474.47,56.75,4114.91,2936.40
2024,846,DEPT OF PARKS & RECREATION,2022-06-07T00:00:00.000,QUEENS,CITY SEASONAL AIDE,ACTIVE,21.06,per Hour,522.83,10691.98,1,25.57,2761.74
2024,846,DEPT OF PARKS & RECREATION,2008-02-19T00:00:00.000,MANHATTAN,ADMINISTRATIVE COMMUNITY RELATIONS SPECIALIST,ACTIVE,173634.00,per Annum,1820,177290.92,0,255.92,2657.84
2024,846,DEPT OF PARKS & RECREATION,2013-04-15T00:00:00.000,BROOKLYN,PARK SUPERVISOR,ACTIVE,81810.00,per Annum,2080,79000.67,48.75,2913.36,13569.48
2024,846,DEPT OF PARKS & RECREATION,2001-07-12T00:00:00.000,MANHATTAN,PARK SUPERVISOR,ACTIVE,81810.00,per Annum,2080,62406.41,46.75,1927.41,10226.91
2024,846,DEPT OF PARKS & RECREATION,2021-12-27T00:00:00.000,MANHATTAN,PARK SUPERVISOR,ACTIVE,81810.00,per Annum,2080,74176.15,132,7212.65,10061.49
2024,846,DEPT OF PARKS & RECREATION,2007-11-13T00:00:00.000,MANHATTAN,CITY PARK WORKER,ACTIVE,58760.00,per Annum,2080,56718.84,95,4564.77,10057.15
2024,846,DEPT OF PARKS & RECREATION,2015-04-06T00:00:00.000,BROOKLYN,PARK SUPERVISOR,ACTIVE,81810.00,per Annum,1885,66346.65,553.75,28529.96,10009.68
2024,846,DEPT OF PARKS & RECREATION,2008-11-30T00:00:00.000,MANHATTAN,STAFF ANALYST,ACTIVE,69299.00,per Annum,1820,73854.65,0,0.00,9929.66
2024,846,DEPT OF PARKS & RECREATION,2015-04-29T00:00:00.000,QUEENS,ASSOCIATE PARK SERVICE WORKER,ACTIVE,58804.00,per Annum,2032,67194.73,42.5,1878.36,9399.29
2024,846,DEPT OF PARKS & RECREATION,1993-01-25T00:00:00.000,QUEENS,LANDSCAPE ARCHITECT,ACTIVE,124414.00,per Annum,1820,120001.48,35.5,2510.40,8832.64
2024,846,DEPT OF PARKS & RECREATION,2019-04-15T00:00:00.000,QUEENS,PARK SUPERVISOR,ACTIVE,81810.00,per Annum,2080,72337.75,89.5,3945.32,8777.59
2024,846,DEPT OF PARKS & RECREATION,2015-03-02T00:00:00.000,MANHATTAN,BLACKSMITH,ACTIVE,501.68,per Day,2080,140847.37,73.5,7801.13,8728.94
2024,846,DEPT OF PARKS & RECREATION,2021-05-11T00:00:00.000,QUEENS,ASSOCIATE PARK SERVICE WORKER,ACTIVE,58804.00,per Annum,2080,57551.00,253.5,12097.16,8335.89
2024,846,DEPT OF PARKS & RECREATION,2006-09-25T00:00:00.000,QUEENS,PRINCIPAL ADMINISTRATIVE ASSOCIATE -  NON SUPVR,ACTIVE,89500.00,per Annum,1820,92747.81,0,0.00,7793.25
2024,846,DEPT OF PARKS & RECREATION,2004-08-20T00:00:00.000,RICHMOND,ASSOCIATE PARK SERVICE WORKER,ACTIVE,58828.00,per Annum,2080,56566.24,5.75,252.50,7367.38
2024,846,DEPT OF PARKS & RECREATION,2006-03-13T00:00:00.000,QUEENS,PROJECT MANAGER,ACTIVE,79195.00,per Annum,1820,76475.31,0,0.00,6443.88
2024,846,DEPT OF PARKS & RECREATION,2014-04-15T00:00:00.000,QUEENS,MAINTENANCE WORKER,ACTIVE,256.72,per Day,2080,69574.40,108.25,5382.33,6394.78
2024,846,DEPT OF PARKS & RECREATION,2007-03-12T00:00:00.000,MANHATTAN,ASSOCIATE PARK SERVICE WORKER,ACTIVE,58828.00,per Annum,2080,56579.89,0,0.00,6316.17
2024,846,DEPT OF PARKS & RECREATION,2010-02-01T00:00:00.000,MANHATTAN,AGENCY ATTORNEY,ACTIVE,74819.00,Prorated Annual,1092,78491.98,0,0.00,5857.09
2024,846,DEPT OF PARKS & RECREATION,2013-05-07T00:00:00.000,QUEENS,CITY PARK WORKER,ACTIVE,44935.00,per Annum,2080,43391.75,0,0.00,5792.07
2024,846,DEPT OF PARKS & RECREATION,2007-04-02T00:00:00.000,BRONX,CITY PARK WORKER,ACTIVE,57091.00,per Annum,1960,45782.75,82.5,3740.24,5778.73
2024,846,DEPT OF PARKS & RECREATION,2008-03-16T00:00:00.000,MANHATTAN,ADMINISTRATIVE STAFF ANALYST,ACTIVE,98425.00,per Annum,1820,104152.77,0,0.00,5655.65
2024,846,DEPT OF PARKS & RECREATION,2012-06-27T00:00:00.000,MANHATTAN,PRINCIPAL ADMINISTRATIVE ASSOCIATE -  NON SUPVR,ACTIVE,83430.00,per Annum,1820,82809.00,0,0.00,5562.41
2024,846,DEPT OF PARKS & RECREATION,2001-04-27T00:00:00.000,QUEENS,CITY PARK WORKER,ACTIVE,45100.00,per Annum,2080,42458.40,6,210.03,5555.03
2024,846,DEPT OF PARKS & RECREATION,2003-07-01T00:00:00.000,MANHATTAN,CITY SEASONAL AIDE,ACTIVE,21.06,per Hour,856,17325.68,14.5,453.06,5326.31
2024,846,DEPT OF PARKS & RECREATION,2014-07-29T00:00:00.000,MANHATTAN,MAINTENANCE WORKER,ACTIVE,272.32,per Day,2080,64762.98,13,776.21,5317.76
2024,846,DEPT OF PARKS & RECREATION,2021-03-24T00:00:00.000,QUEENS,ASSOCIATE PARK SERVICE WORKER,ACTIVE,58804.00,per Annum,2080,56784.62,160,6916.09,5251.77
2024,846,DEPT OF PARKS & RECREATION,2019-05-18T00:00:00.000,MANHATTAN,PARK SUPERVISOR,ACTIVE,81810.00,per Annum,2080,60367.01,225.75,9276.14,5243.17
2024,846,DEPT OF PARKS & RECREATION,2019-04-24T00:00:00.000,MANHATTAN,ELECTRICIAN,ACTIVE,66.71,per Hour,1319.47,86684.12,296,28823.44,14818.33
2024,846,DEPT OF PARKS & RECREATION,1987-09-28T00:00:00.000,QUEENS,PARK SUPERVISOR,ACTIVE,85199.00,per Annum,2080,82250.21,157.5,9935.01,18053.33
2024,846,DEPT OF PARKS & RECREATION,2015-06-15T00:00:00.000,QUEENS,ASSOCIATE PARK SERVICE WORKER,CEASED,57091.00,per Annum,520,14933.29,32,1546.90,19207.03
2024,846,DEPT OF PARKS & RECREATION,2007-11-21T00:00:00.000,BRONX,PARK SUPERVISOR,ACTIVE,82917.00,per Annum,2080,80031.61,57,3510.12,19386.68
2024,846,DEPT OF PARKS & RECREATION,2023-03-27T00:00:00.000,MANHATTAN,PLUMBER,CEASED,60.33,per Hour,803.72,48701.37,102.25,12354.52,21502.00
2024,846,DEPT OF PARKS & RECREATION,2006-05-27T00:00:00.000,BRONX,LIFEGUARD,ACTIVE,22.01,per Hour,2072,44149.76,44.25,1577.73,22190.85
2024,846,DEPT OF PARKS & RECREATION,1999-11-12T00:00:00.000,BRONX,PARK SUPERVISOR,ACTIVE,85272.00,per Annum,2080,82320.67,34.75,2193.79,22518.98
2024,846,DEPT OF PARKS & RECREATION,2018-01-29T00:00:00.000,MANHATTAN,STATIONARY ENGINEER,ACTIVE,555.84,per Day,2080,160173.66,256.75,34236.22,24314.70
2024,846,DEPT OF PARKS & RECREATION,2007-05-20T00:00:00.000,BROOKLYN,PARK SUPERVISOR,ACTIVE,96981.00,per Annum,2080,93627.87,172.5,12298.68,25398.86
2024,846,DEPT OF PARKS & RECREATION,2019-02-04T00:00:00.000,MANHATTAN,STATIONARY ENGINEER,ACTIVE,555.84,per Day,2080,160173.66,101.25,15409.12,27968.69
2024,846,DEPT OF PARKS & RECREATION,2016-08-29T00:00:00.000,MANHATTAN,STATIONARY ENGINEER,ACTIVE,555.84,per Day,2080,161835.09,378,44594.47,34363.05
2024,846,DEPT OF PARKS & RECREATION,2023-06-06T00:00:00.000,QUEENS,CITY SEASONAL AIDE,ACTIVE,18.54,per Hour,373.13,6582.13,4,101.28,147.77
2024,846,DEPT OF PARKS & RECREATION,2023-05-31T00:00:00.000,MANHATTAN,CITY PARK WORKER,ACTIVE,21.52,per Hour,1991.32,36331.67,8,216.00,150.33
2024,846,DEPT OF PARKS & RECREATION,2022-10-03T00:00:00.000,MANHATTAN,COMMUNITY COORDINATOR,ACTIVE,70022.00,per Annum,1820,67618.06,70,3274.48,156.49
2024,846,DEPT OF PARKS & RECREATION,2019-09-02T00:00:00.000,QUEENS,FORESTER,ACTIVE,66964.00,per Annum,1870,62188.51,0,0.00,437.99
2024,846,DEPT OF PARKS & RECREATION,2014-06-30T00:00:00.000,MANHATTAN,CITY SEASONAL AIDE,CEASED,18.00,per Hour,1338.9,23965.80,0,0.00,416.57
2024,846,DEPT OF PARKS & RECREATION,2023-02-01T00:00:00.000,BRONX,CITY SEASONAL AIDE,ACTIVE,18.54,per Hour,2061.98,36990.26,69.5,1827.60,411.84
2024,846,DEPT OF PARKS & RECREATION,2023-04-24T00:00:00.000,BROOKLYN,CITY PARK WORKER,ACTIVE,58804.00,per Annum,2080,47927.34,82.25,2941.61,409.77
2024,846,DEPT OF PARKS & RECREATION,2016-08-09T00:00:00.000,QUEENS,CITY SEASONAL AIDE,ACTIVE,20.37,per Hour,2025.45,40026.50,19,560.60,400.65
2024,846,DEPT OF PARKS & RECREATION,2023-06-28T00:00:00.000,MANHATTAN,CITY PARK WORKER,ACTIVE,21.52,per Hour,1846.5,33468.20,19.5,593.69,397.02
2024,846,DEPT OF PARKS & RECREATION,2021-05-17T00:00:00.000,BROOKLYN,RECREATION SPECIALIST,CEASED,27.21,per Hour,222.78,6061.93,0,0.00,380.94
2024,846,DEPT OF PARKS & RECREATION,2014-04-04T00:00:00.000,QUEENS,CITY PARK WORKER,CEASED,43626.00,per Annum,104,2049.47,0,0.00,374.92
2024,846,DEPT OF PARKS & RECREATION,2023-05-12T00:00:00.000,BRONX,CITY SEASONAL AIDE,ACTIVE,18.54,per Hour,1356.5,24282.60,12,293.64,345.24
2024,846,DEPT OF PARKS & RECREATION,2023-06-12T00:00:00.000,BRONX,CITY SEASONAL AIDE,ACTIVE,18.54,per Hour,1741.98,31310.90,27.25,623.25,326.02
2024,846,DEPT OF PARKS & RECREATION,2021-03-08T00:00:00.000,BRONX,CITY SEASONAL AIDE,CEASED,17.78,per Hour,96,1706.88,2.75,73.34,280.04
2024,846,DEPT OF PARKS & RECREATION,2024-05-24T00:00:00.000,MANHATTAN,JOB TRAINING PARTICIPANT,ACTIVE,18.54,per Hour,849.05,15157.46,26.25,704.70,51.84
2024,846,DEPT OF PARKS & RECREATION,2024-05-26T00:00:00.000,BROOKLYN,CITY PARK WORKER,ACTIVE,21.52,per Hour,686.17,12341.16,16,369.68,51.84
2024,846,DEPT OF PARKS & RECREATION,2023-07-06T00:00:00.000,MANHATTAN,JOB TRAINING PARTICIPANT,CEASED,18.00,per Hour,1040.2,18723.60,11,297.00,51.84
2024,846,DEPT OF PARKS & RECREATION,2023-01-18T00:00:00.000,RICHMOND,JOB TRAINING PARTICIPANT,CEASED,18.00,per Hour,675.67,12046.64,10.5,270.06,51.84
2024,846,DEPT OF PARKS & RECREATION,2023-01-26T00:00:00.000,BRONX,JOB TRAINING PARTICIPANT,CEASED,18.00,per Hour,383.97,6795.31,8,144.00,51.84
2024,846,DEPT OF PARKS & RECREATION,2024-04-10T00:00:00.000,BRONX,JOB TRAINING PARTICIPANT,ACTIVE,18.54,per Hour,243.25,4378.50,4.5,81.00,51.84
2024,846,DEPT OF PARKS & RECREATION,2023-08-14T00:00:00.000,MANHATTAN,CITY SEASONAL AIDE,ACTIVE,18.54,per Hour,1346.57,24238.20,0,0.00,51.84
2024,846,DEPT OF PARKS & RECREATION,2023-07-25T00:00:00.000,QUEENS,CITY SEASONAL AIDE,CEASED,18.00,per Hour,988.5,17793.00,0,0.00,51.84
2024,846,DEPT OF PARKS & RECREATION,2023-07-03T00:00:00.000,QUEENS,JOB TRAINING PARTICIPANT,CEASED,18.00,per Hour,774,13932.00,0,0.00,51.84
2024,846,DEPT OF PARKS & RECREATION,2024-02-08T00:00:00.000,QUEENS,JOB TRAINING PARTICIPANT,ACTIVE,18.54,per Hour,560,10080.00,0,0.00,51.84
2024,846,DEPT OF PARKS & RECREATION,2023-07-25T00:00:00.000,BRONX,JOB TRAINING PARTICIPANT,CEASED,18.00,per Hour,431.8,7772.40,0,0.00,51.84
2024,846,DEPT OF PARKS & RECREATION,2024-03-15T00:00:00.000,QUEENS,JOB TRAINING PARTICIPANT,ACTIVE,18.54,per Hour,389.33,7008.00,0,0.00,51.84
2024,846,DEPT OF PARKS & RECREATION,2024-04-01T00:00:00.000,MANHATTAN,JOB TRAINING PARTICIPANT,ACTIVE,18.54,per Hour,320,5760.00,0,0.00,51.84
2024,846,DEPT OF PARKS & RECREATION,2023-01-19T00:00:00.000,BRONX,JOB TRAINING PARTICIPANT,CEASED,18.00,per Hour,326.23,5741.16,0,0.00,51.84
2024,846,DEPT OF PARKS & RECREATION,2024-04-01T00:00:00.000,MANHATTAN,JOB TRAINING PARTICIPANT,ACTIVE,18.54,per Hour,263,4734.00,0,0.00,51.84
2024,846,DEPT OF PARKS & RECREATION,2024-04-08T00:00:00.000,BRONX,JOB TRAINING PARTICIPANT,ACTIVE,18.54,per Hour,254.45,4580.10,0,0.00,51.84
2024,846,DEPT OF PARKS & RECREATION,2024-04-26T00:00:00.000,BRONX,JOB TRAINING PARTICIPANT,ACTIVE,18.54,per Hour,112,2016.00,0,0.00,51.84
2024,846,DEPT OF PARKS & RECREATION,2023-06-07T00:00:00.000,BRONX,JOB TRAINING PARTICIPANT,CEASED,18.00,per Hour,48,855.04,0,0.00,51.84
2024,846,DEPT OF PARKS & RECREATION,2023-08-02T00:00:00.000,QUEENS,JOB TRAINING PARTICIPANT,CEASED,18.00,per Hour,607.23,10930.20,0,0.00,50.87
2024,846,DEPT OF PARKS & RECREATION,2023-04-28T00:00:00.000,BRONX,JOB TRAINING PARTICIPANT,CEASED,18.00,per Hour,326.08,5746.52,25,675.00,50.00
2024,846,DEPT OF PARKS & RECREATION,2023-08-14T00:00:00.000,QUEENS,ASSISTANT LANDSCAPE ARCHITECT,ACTIVE,73878.00,per Annum,1540,59536.56,0,0.00,49.50
2024,846,DEPT OF PARKS & RECREATION,2006-08-14T00:00:00.000,MANHATTAN,PROCUREMENT ANALYST,ON LEAVE,95868.00,per Annum,245,16560.74,0,0.00,48.96
2024,846,DEPT OF PARKS & RECREATION,2023-05-01T00:00:00.000,BRONX,JOB TRAINING PARTICIPANT,CEASED,18.00,per Hour,400.68,7090.23,6.5,117.00,48.82
2024,846,DEPT OF PARKS & RECREATION,2023-04-07T00:00:00.000,BROOKLYN,JOB TRAINING PARTICIPANT,CEASED,18.00,per Hour,255.08,4506.19,31,567.37,48.60
2024,846,DEPT OF PARKS & RECREATION,2019-04-08T00:00:00.000,MANHATTAN,COMMUNITY COORDINATOR,CEASED,67983.00,per Annum,527.83,19614.54,0,0.00,33.00
2024,846,DEPT OF PARKS & RECREATION,2023-03-20T00:00:00.000,BROOKLYN,JOB TRAINING PARTICIPANT,CEASED,18.00,per Hour,136.78,2350.33,12.5,220.71,32.40
2024,846,DEPT OF PARKS & RECREATION,2022-05-16T00:00:00.000,MANHATTAN,COMMUNITY COORDINATOR,ACTIVE,70022.00,per Annum,1820,67618.06,0,0.00,21.50
2024,846,DEPT OF PARKS & RECREATION,2007-10-29T00:00:00.000,RICHMOND,ADM MANAGER-NON-MGRL,CEASED,76347.00,per Annum,0,847.00,0,0.00,8.74
2024,846,DEPT OF PARKS & RECREATION,2013-03-12T00:00:00.000,MANHATTAN,COMMUNITY COORDINATOR,ON LEAVE,78203.00,per Annum,280,9435.80,0,0.00,229.44
2024,846,DEPT OF PARKS & RECREATION,2023-07-02T00:00:00.000,BROOKLYN,CITY SEASONAL AIDE,ACTIVE,18.54,per Hour,430.5,7749.00,9,243.00,230.40
2024,846,DEPT OF PARKS & RECREATION,2022-08-16T00:00:00.000,MANHATTAN,CITY SEASONAL AIDE,ACTIVE,18.54,per Hour,430.57,7750.20,0,0.00,231.30
2024,846,DEPT OF PARKS & RECREATION,2021-06-15T00:00:00.000,QUEENS,CITY SEASONAL AIDE,CEASED,18.00,per Hour,400,7065.60,20,506.40,233.42
2024,846,DEPT OF PARKS & RECREATION,2023-08-04T00:00:00.000,MANHATTAN,CITY SEASONAL AIDE,SEASONAL,18.54,per Hour,1528.2,27507.60,44.75,1047.60,243.18
2024,846,DEPT OF PARKS & RECREATION,2014-07-24T00:00:00.000,BROOKLYN,ADMINISTRATIVE PARKS & RECREATION MANAGER,ACTIVE,104614.00,per Annum,1820,101021.96,92.75,6587.66,257.12
2024,846,DEPT OF PARKS & RECREATION,2009-01-26T00:00:00.000,QUEENS,ADMINISTRATIVE HORTICULTURIST,ACTIVE,111105.00,per Annum,1820,107290.13,0,0.00,257.45
2024,846,DEPT OF PARKS & RECREATION,2023-05-04T00:00:00.000,BROOKLYN,JOB TRAINING PARTICIPANT,CEASED,18.00,per Hour,297.2,5233.12,24,490.56,0.00
2024,846,DEPT OF PARKS & RECREATION,2022-11-28T00:00:00.000,BRONX,JOB TRAINING PARTICIPANT,CEASED,18.00,per Hour,360.3,6370.45,21.5,485.46,0.00
2024,846,DEPT OF PARKS & RECREATION,2022-11-29T00:00:00.000,BROOKLYN,JOB TRAINING PARTICIPANT,CEASED,18.00,per Hour,546.75,9716.06,117.5,2921.68,103.68
2024,846,DEPT OF PARKS & RECREATION,2023-03-16T00:00:00.000,MANHATTAN,JOB TRAINING PARTICIPANT,CEASED,18.00,per Hour,609.45,10845.00,7,177.24,103.68
2024,846,DEPT OF PARKS & RECREATION,2023-07-25T00:00:00.000,BRONX,JOB TRAINING PARTICIPANT,CEASED,18.00,per Hour,875.15,15752.70,0,0.00,103.68
2024,846,DEPT OF PARKS & RECREATION,2017-10-16T00:00:00.000,QUEENS,PROCUREMENT ANALYST,ACTIVE,87053.00,per Annum,1820,84853.30,17.25,803.17,0.00
2024,846,DEPT OF PARKS & RECREATION,2023-01-27T00:00:00.000,RICHMOND,JOB TRAINING PARTICIPANT,CEASED,18.00,per Hour,556.2,9916.40,7.5,202.50,0.00
2024,846,DEPT OF PARKS & RECREATION,2023-09-25T00:00:00.000,QUEENS,FORESTER,ACTIVE,66964.00,per Annum,1330,47001.84,7,284.69,0.00
2024,846,DEPT OF PARKS & RECREATION,2022-11-30T00:00:00.000,BRONX,JOB TRAINING PARTICIPANT,CEASED,18.00,per Hour,430.28,7620.74,6.5,164.58,0.00
2024,846,DEPT OF PARKS & RECREATION,2023-03-24T00:00:00.000,MANHATTAN,JOB TRAINING PARTICIPANT,CEASED,16.88,per Hour,121.25,2046.70,5.5,92.84,0.00
2024,846,DEPT OF PARKS & RECREATION,2017-11-02T00:00:00.000,RICHMOND,CITY PARK WORKER,CEASED,43626.00,per Annum,880,19380.59,4.5,184.56,0.00
2024,846,DEPT OF PARKS & RECREATION,1992-04-30T00:00:00.000,QUEENS,GARDENER,ACTIVE,23.40,per Hour,136,3089.92,4,136.32,0.00
2024,846,DEPT OF PARKS & RECREATION,2023-03-06T00:00:00.000,BROOKLYN,COMMUNITY COORDINATOR,ACTIVE,70022.00,per Annum,1820,67618.06,2.25,83.72,0.00
2024,846,DEPT OF PARKS & RECREATION,2023-06-12T00:00:00.000,MANHATTAN,COMMUNITY COORDINATOR,ACTIVE,85340.00,per Annum,1820,77581.44,0,0.00,0.00
2024,846,DEPT OF PARKS & RECREATION,2023-11-06T00:00:00.000,QUEENS,FORESTER,ACTIVE,66964.00,per Annum,1120,39292.54,0,0.00,0.00
2024,846,DEPT OF PARKS & RECREATION,2022-06-27T00:00:00.000,MANHATTAN,ADMIN COMMUNITY RELATIONS SPECIALIST,CEASED,79037.00,per Annum,560,23604.57,0,0.00,0.00
2024,846,DEPT OF PARKS & RECREATION,2023-09-18T00:00:00.000,QUEENS,CITY SEASONAL AIDE,SEASONAL,18.54,per Hour,1153.05,20754.90,0,0.00,0.00
2024,846,DEPT OF PARKS & RECREATION,2023-07-31T00:00:00.000,QUEENS,JOB TRAINING PARTICIPANT,CEASED,18.00,per Hour,607.98,10943.70,0,0.00,0.00
2024,846,DEPT OF PARKS & RECREATION,2023-06-29T00:00:00.000,BRONX,JOB TRAINING PARTICIPANT,CEASED,18.00,per Hour,485.25,8734.50,0,0.00,0.00
2024,846,DEPT OF PARKS & RECREATION,2024-03-11T00:00:00.000,BROOKLYN,JOB TRAINING PARTICIPANT,ACTIVE,18.54,per Hour,381.75,6871.50,0,0.00,0.00
2024,846,DEPT OF PARKS & RECREATION,2023-01-09T00:00:00.000,BROOKLYN,JOB TRAINING PARTICIPANT,CEASED,18.00,per Hour,355.43,6299.24,0,0.00,0.00
2024,846,DEPT OF PARKS & RECREATION,2024-02-21T00:00:00.000,MANHATTAN,JOB TRAINING PARTICIPANT,CEASED,18.54,per Hour,343.1,6175.80,0,0.00,0.00
2024,846,DEPT OF PARKS & RECREATION,2024-04-02T00:00:00.000,BRONX,JOB TRAINING PARTICIPANT,ACTIVE,18.54,per Hour,302.75,5449.50,0,0.00,0.00
2024,846,DEPT OF PARKS & RECREATION,2023-05-15T00:00:00.000,BROOKLYN,PLAYGROUND ASSOCIATE,CEASED,19.37,per Hour,280,5423.60,0,0.00,0.00
2024,846,DEPT OF PARKS & RECREATION,2023-05-03T00:00:00.000,QUEENS,JOB TRAINING PARTICIPANT,CEASED,18.00,per Hour,308,5418.56,0,0.00,0.00
2024,846,DEPT OF PARKS & RECREATION,2024-04-18T00:00:00.000,BROOKLYN,PLAYGROUND ASSOCIATE,ACTIVE,19.95,per Hour,244.25,4731.12,0,0.00,0.00
2024,846,DEPT OF PARKS & RECREATION,2023-04-20T00:00:00.000,QUEENS,JOB TRAINING PARTICIPANT,CEASED,18.00,per Hour,260.73,4685.36,0,0.00,0.00
2024,846,DEPT OF PARKS & RECREATION,2024-03-11T00:00:00.000,QUEENS,JOB TRAINING PARTICIPANT,CEASED,18.00,per Hour,217.85,3921.30,0,0.00,0.00
2024,846,DEPT OF PARKS & RECREATION,2024-03-20T00:00:00.000,BROOKLYN,JOB TRAINING PARTICIPANT,CEASED,18.00,per Hour,172.5,3105.00,0,0.00,0.00
2024,846,DEPT OF PARKS & RECREATION,2024-05-20T00:00:00.000,QUEENS,JOB TRAINING PARTICIPANT,ACTIVE,18.54,per Hour,765,13635.60,0,0.00,103.68
2024,846,DEPT OF PARKS & RECREATION,2023-05-10T00:00:00.000,BRONX,JOB TRAINING PARTICIPANT,CEASED,18.00,per Hour,670.28,11952.69,28.25,625.29,102.71
2024,846,DEPT OF PARKS & RECREATION,2023-02-22T00:00:00.000,QUEENS,JOB TRAINING PARTICIPANT,CEASED,18.00,per Hour,679.37,12094.20,24,621.12,101.20
2024,846,DEPT OF PARKS & RECREATION,2022-07-11T00:00:00.000,MANHATTAN,CITY SEASONAL AIDE,SEASONAL,18.54,per Hour,406.18,7198.41,0,0.00,100.90
2024,846,DEPT OF PARKS & RECREATION,2023-08-31T00:00:00.000,MANHATTAN,CITY SEASONAL AIDE,SEASONAL,18.54,per Hour,1455.72,26202.90,17,459.00,100.80
2024,846,DEPT OF PARKS & RECREATION,2023-04-27T00:00:00.000,RICHMOND,CITY SEASONAL AIDE,SEASONAL,18.54,per Hour,1821.5,32671.08,8,216.00,85.50
2024,846,DEPT OF PARKS & RECREATION,2024-04-10T00:00:00.000,QUEENS,ASSOCIATE PARK SERVICE WORKER,ACTIVE,24.49,per Hour,312,6518.85,4,125.36,83.57
2024,846,DEPT OF PARKS & RECREATION,2024-05-05T00:00:00.000,RICHMOND,CITY PARK WORKER,ACTIVE,21.52,per Hour,1832,33554.00,37.5,1051.52,83.56
2024,846,DEPT OF PARKS & RECREATION,2023-09-11T00:00:00.000,RICHMOND,CITY SEASONAL AIDE,ACTIVE,18.54,per Hour,1328.08,23905.50,1,27.00,77.40
2024,846,DEPT OF PARKS & RECREATION,2024-05-20T00:00:00.000,MANHATTAN,CITY SEASONAL AIDE,ACTIVE,18.54,per Hour,85.5,1539.00,0,0.00,72.00
2024,57,FIRE DEPARTMENT,2018-04-02T00:00:00.000,BROOKLYN,FIRE PROTECTION INSPECTOR,ACTIVE,59880.00,per Annum,2080,59558.57,14,613.58,3490.27
2024,57,FIRE DEPARTMENT,2013-09-16T00:00:00.000,BROOKLYN,SUPERVISING COMMUNICATION ELECTRICIAN,ACTIVE,492.80,per Day,2080,126925.79,55,5028.28,3000.00
2024,57,FIRE DEPARTMENT,2019-12-23T00:00:00.000,BROOKLYN,COMMUNICATION ELECTRICIAN,ACTIVE,452.24,per Day,2080,116472.01,54,4370.74,3000.00
2024,57,FIRE DEPARTMENT,1996-03-17T00:00:00.000,QUEENS,EMERGENCY MEDICAL SPECIALIST-EMT,CEASED,53163.00,per Annum,0,0.00,0,0.00,2980.27
2024,57,FIRE DEPARTMENT,2023-04-24T00:00:00.000,QUEENS,FIREFIGHTER,ACTIVE,54122.00,per Annum,2080,53702.78,281.48,11277.36,2605.51
2024,57,FIRE DEPARTMENT,2002-05-05T00:00:00.000,BROOKLYN,LIEUTENANT,CEASED,121893.00,per Annum,0,935.59,0,525.44,2529.79
2024,57,FIRE DEPARTMENT,2023-04-24T00:00:00.000,MANHATTAN,FIREFIGHTER,ACTIVE,54122.00,per Annum,2080,53889.37,206.37,8215.01,2427.16
2024,57,FIRE DEPARTMENT,2017-12-11T00:00:00.000,BROOKLYN,FIREFIGHTER,CEASED,63515.00,per Annum,0,3047.57,0,282.98,2240.13
2024,57,FIRE DEPARTMENT,1987-02-17T00:00:00.000,BROOKLYN,BATTALION CHIEF,CEASED,171310.00,per Annum,0,0.00,0,0.00,2094.36
2024,57,FIRE DEPARTMENT,1996-03-17T00:00:00.000,BROOKLYN,EMERGENCY MEDICAL SPECIALIST-PARAMEDIc,CEASED,65866.00,per Annum,0,0.00,0,0.00,1993.34
2024,57,FIRE DEPARTMENT,1997-01-26T00:00:00.000,BROOKLYN,FIREFIGHTER,CEASED,98155.00,per Annum,0,7590.98,0,5950.23,1845.77
2024,57,FIRE DEPARTMENT,2007-08-06T00:00:00.000,BROOKLYN,FIREFIGHTER,CEASED,101590.00,per Annum,0,11837.78,0,4137.58,1816.62
2024,57,FIRE DEPARTMENT,1996-09-24T00:00:00.000,QUEENS,EMERGENCY MEDICAL SPECIALIST-EMT,CEASED,54226.00,per Annum,0,0.00,0,0.00,1656.97
2024,57,FIRE DEPARTMENT,1981-07-11T00:00:00.000,BROOKLYN,DEPUTY CHIEF,CEASED,195575.00,per Annum,0,0.00,0,0.00,1641.31
2024,57,FIRE DEPARTMENT,2002-05-05T00:00:00.000,BROOKLYN,FIREFIGHTER,CEASED,98155.00,per Annum,0,8940.64,0,2049.53,1577.30
2024,57,FIRE DEPARTMENT,2023-06-05T00:00:00.000,BROOKLYN,FIRE CADET,ACTIVE,17.63,per Hour,1306.05,22375.37,0,0.00,1517.32
2024,57,FIRE DEPARTMENT,2023-11-06T00:00:00.000,BROOKLYN,FIREFIGHTER,ACTIVE,54122.00,per Annum,1280,33123.84,113.47,4561.33,1498.61
2024,57,FIRE DEPARTMENT,2001-05-06T00:00:00.000,BROOKLYN,FIREFIGHTER,CEASED,98155.00,per Annum,0,8540.76,0,5591.74,1454.97
2024,57,FIRE DEPARTMENT,2000-09-29T00:00:00.000,BROOKLYN,FIREFIGHTER,CEASED,98155.00,per Annum,0,4841.62,0,2418.89,1432.07
2024,57,FIRE DEPARTMENT,2013-01-14T00:00:00.000,QUEENS,EMERGENCY MEDICAL SPECIALIST-EMT,CEASED,40360.00,per Annum,0,0.00,0,0.00,1391.62
2024,57,FIRE DEPARTMENT,2023-06-05T00:00:00.000,BROOKLYN,FIRE CADET,ACTIVE,17.63,per Hour,1217.08,20853.71,0,0.00,1348.11
2024,57,FIRE DEPARTMENT,1996-03-17T00:00:00.000,QUEENS,EMERGENCY MEDICAL SPECIALIST-PARAMEDIc,CEASED,65866.00,per Annum,0,0.00,0,0.00,1323.98
2024,57,FIRE DEPARTMENT,2019-10-15T00:00:00.000,BROOKLYN,ASSOCIATE FIRE PROTECTION INSPECTOR,ACTIVE,66889.00,per Annum,2080,63312.11,149,6678.34,1199.04
2024,57,FIRE DEPARTMENT,2005-05-31T00:00:00.000,BROOKLYN,FIREFIGHTER,CEASED,98155.00,per Annum,0,7024.40,0,3580.93,1167.38
2024,57,FIRE DEPARTMENT,1984-07-16T00:00:00.000,BROOKLYN,FIREFIGHTER,CEASED,98155.00,per Annum,0,5841.32,0,1672.41,1099.99
2024,57,FIRE DEPARTMENT,2001-10-28T00:00:00.000,BROOKLYN,FIREFIGHTER,CEASED,98155.00,per Annum,0,5674.72,0,5243.34,1072.67
2024,57,FIRE DEPARTMENT,1996-03-17T00:00:00.000,QUEENS,SUPERVISING EMERGENCY MEDICAL SERVICE SPECIALIST-DPTY CHIEFS,CEASED,112840.00,per Annum,0,20671.70,0,0.00,1068.03
2024,57,FIRE DEPARTMENT,2004-07-07T00:00:00.000,BROOKLYN,EMERGENCY MEDICAL SPECIALIST-EMT,CEASED,48153.00,per Annum,0,0.00,0,0.00,1027.66
2024,57,FIRE DEPARTMENT,2024-01-29T00:00:00.000,BRONX,EMERGENCY MEDICAL SPECIALIST-EMT,ACTIVE,39386.00,per Annum,803.75,14078.85,20.25,475.85,889.14
2024,57,FIRE DEPARTMENT,2018-02-05T00:00:00.000,MANHATTAN,EMERGENCY MEDICAL SPECIALIST-EMT,ACTIVE,59534.00,per Annum,2101.25,58623.28,3.75,76.96,6268.68
2024,57,FIRE DEPARTMENT,2022-03-28T00:00:00.000,BROOKLYN,FIREFIGHTER,ACTIVE,61853.00,per Annum,2080,62327.77,271.42,12553.65,6440.21
2024,57,FIRE DEPARTMENT,2018-10-15T00:00:00.000,BROOKLYN,EMERGENCY MEDICAL SPECIALIST-PARAMEDIc,ACTIVE,60784.00,per Annum,2130.5,53602.19,75.5,2578.75,6466.34
2024,57,FIRE DEPARTMENT,2019-10-21T00:00:00.000,BROOKLYN,ASSISTANT ELECTRICAL ENGINEER,ACTIVE,73878.00,per Annum,1820,71341.09,976.75,56035.27,6486.23
2024,57,FIRE DEPARTMENT,2021-05-10T00:00:00.000,QUEENS,FIREFIGHTER,ACTIVE,68039.00,per Annum,2080,69457.87,513.08,27136.04,6587.51
2024,57,FIRE DEPARTMENT,2022-05-23T00:00:00.000,QUEENS,EMERGENCY MEDICAL SPECIALIST-EMT,ACTIVE,41617.00,per Annum,2353.25,43876.33,26,791.16,6675.48
2024,57,FIRE DEPARTMENT,2010-03-01T00:00:00.000,BROOKLYN,PRINCIPAL ADMINISTRATIVE ASSOCIATE -  NON SUPVR,ACTIVE,79675.00,per Annum,1820,82580.26,0,0.00,6683.11
2024,57,FIRE DEPARTMENT,2014-10-06T00:00:00.000,QUEENS,SUPERVISOR OF MECHANICS,ACTIVE,132434.00,per Annum,2080,116223.57,537,45598.79,6783.15
2024,57,FIRE DEPARTMENT,2022-03-28T00:00:00.000,BROOKLYN,FIREFIGHTER,ACTIVE,61853.00,per Annum,2080,62327.77,536.88,24791.00,6853.71
2024,57,FIRE DEPARTMENT,2021-06-21T00:00:00.000,BRONX,EMERGENCY MEDICAL SPECIALIST-EMT,ACTIVE,49047.00,per Annum,2392,45688.48,523.7,15485.68,4741.59
2024,57,FIRE DEPARTMENT,2023-04-24T00:00:00.000,BROOKLYN,FIREFIGHTER,ACTIVE,54122.00,per Annum,2080,53902.80,230.6,9272.31,4894.83
2024,57,FIRE DEPARTMENT,2020-06-22T00:00:00.000,MANHATTAN,EMERGENCY MEDICAL SPECIALIST-EMT,ACTIVE,49047.00,per Annum,2385,50151.28,552.5,17427.81,4915.43
2024,57,FIRE DEPARTMENT,2017-05-15T00:00:00.000,BROOKLYN,RADIO REPAIR MECHANIC,ACTIVE,421.68,per Day,2080,109636.80,382,29201.34,5060.16
2024,57,FIRE DEPARTMENT,2023-04-24T00:00:00.000,RICHMOND,FIREFIGHTER,ACTIVE,54122.00,per Annum,2080,53902.80,279.33,11258.03,5278.41
2024,57,FIRE DEPARTMENT,2019-02-19T00:00:00.000,BROOKLYN,EMERGENCY MEDICAL SPECIALIST-EMT,ACTIVE,59534.00,per Annum,2335.5,45957.26,225.75,7089.03,5320.81
2024,57,FIRE DEPARTMENT,2023-02-13T00:00:00.000,BROOKLYN,EMERGENCY MEDICAL SPECIALIST-EMT,ACTIVE,41617.00,per Annum,2289.75,40118.08,132.47,2938.64,5451.25
2024,57,FIRE DEPARTMENT,2019-11-12T00:00:00.000,MANHATTAN,FIREFIGHTER,ACTIVE,74998.00,per Annum,2080,81291.44,592.4,36664.73,5464.85
2024,57,FIRE DEPARTMENT,2018-07-23T00:00:00.000,BROOKLYN,COMPUTER SPECIALIST,ACTIVE,128010.00,per Annum,1820,123615.05,0,0.00,5511.24
2024,57,FIRE DEPARTMENT,2015-06-29T00:00:00.000,BROOKLYN,ASSOCIATE PROJECT MANAGER,ACTIVE,96769.00,per Annum,1820,93400.88,246.75,17545.80,5589.82
2024,57,FIRE DEPARTMENT,2023-04-24T00:00:00.000,BROOKLYN,FIREFIGHTER,ACTIVE,54122.00,per Annum,2080,53902.80,407.7,16725.53,5755.23
2024,57,FIRE DEPARTMENT,2020-10-26T00:00:00.000,BRONX,EMERGENCY MEDICAL SPECIALIST-EMT,ACTIVE,49047.00,per Annum,2125.5,46492.22,10,155.15,5847.37
2024,57,FIRE DEPARTMENT,2019-05-13T00:00:00.000,BROOKLYN,FIREFIGHTER,ACTIVE,105146.00,per Annum,2080,87234.38,366.13,24066.32,5869.36
2024,57,FIRE DEPARTMENT,2007-03-05T00:00:00.000,BROOKLYN,PROCUREMENT ANALYST,ACTIVE,30.73,per Hour,1735.5,54614.80,0,0.00,5885.67
2024,57,FIRE DEPARTMENT,2018-10-15T00:00:00.000,BRONX,EMERGENCY MEDICAL SPECIALIST-PARAMEDIc,ACTIVE,60784.00,per Annum,2123.25,53431.88,236.25,9822.19,5923.60
2024,57,FIRE DEPARTMENT,2016-03-14T00:00:00.000,BROOKLYN,ASSOCIATE INVESTIGATOR,ON LEAVE,70626.00,per Annum,1730,64828.78,12.25,749.61,5940.04
2024,57,FIRE DEPARTMENT,2022-10-11T00:00:00.000,BRONX,EMERGENCY MEDICAL SPECIALIST-EMT,ACTIVE,41617.00,per Annum,2316.73,42796.17,160.98,3118.22,6122.35
2024,57,FIRE DEPARTMENT,2023-09-12T00:00:00.000,QUEENS,EMERGENCY MEDICAL SPECIALIST-EMT,ACTIVE,39386.00,per Annum,1657.32,30259.17,16.25,612.84,4067.41
2024,57,FIRE DEPARTMENT,2018-10-15T00:00:00.000,BRONX,EMERGENCY MEDICAL SPECIALIST-EMT,ACTIVE,59534.00,per Annum,2244.75,46224.50,65.25,1917.90,3971.85
2024,57,FIRE DEPARTMENT,2019-05-13T00:00:00.000,QUEENS,FIREFIGHTER,ACTIVE,105146.00,per Annum,2080,68852.65,247.07,12784.36,3944.15
2024,57,FIRE DEPARTMENT,2023-09-12T00:00:00.000,MANHATTAN,EMERGENCY MEDICAL SPECIALIST-EMT,ACTIVE,39386.00,per Annum,1740.07,31361.80,52.15,771.06,3827.41
2024,57,FIRE DEPARTMENT,2023-09-12T00:00:00.000,MANHATTAN,EMERGENCY MEDICAL SPECIALIST-EMT,ACTIVE,39386.00,per Annum,1697.82,29506.64,57.5,1077.02,3553.85
2024,57,FIRE DEPARTMENT,1995-07-09T00:00:00.000,QUEENS,LIEUTENANT,ACTIVE,130260.00,per Annum,2080,139760.03,553.28,64823.20,25510.39
2024,57,FIRE DEPARTMENT,2005-03-08T00:00:00.000,BROOKLYN,CAPTAIN,ACTIVE,133828.00,per Annum,2080,141809.43,246.9,27293.14,25386.59
2024,57,FIRE DEPARTMENT,2001-10-28T00:00:00.000,BROOKLYN,FIREFIGHTER,ACTIVE,105146.00,per Annum,2080,120703.54,885.42,85482.73,25343.68
2024,57,FIRE DEPARTMENT,2015-12-28T00:00:00.000,MANHATTAN,FIREFIGHTER,ACTIVE,105146.00,per Annum,2080,120353.30,623.45,60079.27,25221.37
2024,57,FIRE DEPARTMENT,2006-06-11T00:00:00.000,MANHATTAN,FIREFIGHTER,ACTIVE,105146.00,per Annum,2080,120703.54,317.65,33575.11,25207.81
2024,57,FIRE DEPARTMENT,2013-07-29T00:00:00.000,QUEENS,FIREFIGHTER,ACTIVE,105146.00,per Annum,2080,120703.54,551.8,56358.26,25037.25
2024,57,FIRE DEPARTMENT,2002-05-05T00:00:00.000,MANHATTAN,LIEUTENANT,ACTIVE,130260.00,per Annum,2080,139760.03,671,73658.94,24957.58
2024,57,FIRE DEPARTMENT,2015-06-29T00:00:00.000,MANHATTAN,FIREFIGHTER,ACTIVE,105146.00,per Annum,2080,120703.54,616.87,57750.81,24853.37
2024,57,FIRE DEPARTMENT,2016-12-12T00:00:00.000,BROOKLYN,FIREFIGHTER,ACTIVE,105146.00,per Annum,2080,119137.96,452.52,42384.30,24787.88
2024,57,FIRE DEPARTMENT,2017-12-11T00:00:00.000,QUEENS,FIREFIGHTER,ACTIVE,105146.00,per Annum,2080,116707.43,487.82,44699.98,24781.68
2024,57,FIRE DEPARTMENT,2015-12-28T00:00:00.000,BROOKLYN,FIREFIGHTER,ACTIVE,105146.00,per Annum,2080,120353.30,507.73,48605.05,24687.52
2024,57,FIRE DEPARTMENT,2005-09-25T00:00:00.000,BROOKLYN,FIREFIGHTER,ACTIVE,105146.00,per Annum,2080,118534.82,361.37,35331.81,24618.37
2024,57,FIRE DEPARTMENT,2005-02-02T00:00:00.000,MANHATTAN,FIREFIGHTER,ACTIVE,105146.00,per Annum,1914.32,112372.45,771.7,75100.77,24586.17
2024,57,FIRE DEPARTMENT,2013-07-29T00:00:00.000,QUEENS,FIREFIGHTER,ACTIVE,105146.00,per Annum,2080,120453.66,341.8,34668.12,24571.95
2024,57,FIRE DEPARTMENT,2001-02-04T00:00:00.000,MANHATTAN,LIEUTENANT,ACTIVE,130260.00,per Annum,2080,139760.03,771.1,83587.03,24569.18
2024,57,FIRE DEPARTMENT,2003-05-04T00:00:00.000,MANHATTAN,LIEUTENANT,ACTIVE,130260.00,per Annum,2080,139760.03,588.48,66238.07,24562.19
2024,57,FIRE DEPARTMENT,2003-02-02T00:00:00.000,QUEENS,LIEUTENANT,ACTIVE,130260.00,per Annum,2080,139760.03,858.6,96823.61,24507.45
2024,57,FIRE DEPARTMENT,2008-01-21T00:00:00.000,QUEENS,LIEUTENANT,ACTIVE,130260.00,per Annum,2080,138660.60,485.08,54164.64,24503.39
2024,57,FIRE DEPARTMENT,2014-12-29T00:00:00.000,BROOKLYN,FIREFIGHTER,ACTIVE,105146.00,per Annum,2080,120703.54,566.23,53684.14,24279.09
2024,57,FIRE DEPARTMENT,2004-12-05T00:00:00.000,BRONX,CAPTAIN,ACTIVE,149518.00,per Annum,2080,160146.06,234.75,33332.63,24249.42
2024,57,FIRE DEPARTMENT,2013-01-14T00:00:00.000,MANHATTAN,FIREFIGHTER,ACTIVE,105146.00,per Annum,2080,120703.54,407.62,40427.43,24073.62
2024,57,FIRE DEPARTMENT,2013-01-14T00:00:00.000,BRONX,FIREFIGHTER,ACTIVE,105146.00,per Annum,2080,120703.54,485.82,48736.24,23982.44
2024,57,FIRE DEPARTMENT,2015-06-29T00:00:00.000,BROOKLYN,FIREFIGHTER,ACTIVE,105146.00,per Annum,2080,120620.23,363.03,35675.99,23891.84
2024,57,FIRE DEPARTMENT,2016-12-12T00:00:00.000,BRONX,FIREFIGHTER,ACTIVE,105146.00,per Annum,2080,119137.96,615.55,59127.85,23647.70
2024,57,FIRE DEPARTMENT,2015-12-28T00:00:00.000,QUEENS,FIREFIGHTER,ACTIVE,105146.00,per Annum,2080,120353.30,718.33,68535.19,23523.50
2024,57,FIRE DEPARTMENT,2017-12-11T00:00:00.000,BROOKLYN,FIREFIGHTER,ACTIVE,105146.00,per Annum,2080,116707.43,552.9,50035.65,23506.20
2024,57,FIRE DEPARTMENT,2014-12-29T00:00:00.000,BROOKLYN,FIREFIGHTER,ACTIVE,105146.00,per Annum,2080,91813.86,26.97,7473.31,23346.45
2024,57,FIRE DEPARTMENT,2017-12-11T00:00:00.000,MANHATTAN,FIREFIGHTER,ACTIVE,105146.00,per Annum,2080,116707.43,231.47,24653.09,23278.78
2024,57,FIRE DEPARTMENT,2017-12-11T00:00:00.000,BRONX,FIREFIGHTER,ACTIVE,105146.00,per Annum,2080,116707.43,842.95,74713.75,22876.87
2024,57,FIRE DEPARTMENT,2008-01-21T00:00:00.000,QUEENS,LIEUTENANT,ACTIVE,109179.00,per Annum,2080,121685.55,390.82,38230.73,22736.37
2024,57,FIRE DEPARTMENT,2002-01-27T00:00:00.000,BROOKLYN,FIREFIGHTER,CEASED,105146.00,per Annum,1462.87,89193.74,444,43704.87,22640.18
2024,57,FIRE DEPARTMENT,2000-03-01T00:00:00.000,BRONX,LIEUTENANT,ACTIVE,130260.00,per Annum,2080,124496.76,520.18,56129.46,22602.79
2024,57,FIRE DEPARTMENT,2003-08-29T00:00:00.000,BROOKLYN,EMERGENCY MEDICAL SPECIALIST-EMT,ACTIVE,62393.00,per Annum,2358.25,64515.88,478.5,24229.33,22558.00
2024,57,FIRE DEPARTMENT,2013-01-14T00:00:00.000,RICHMOND,FIREFIGHTER,ACTIVE,105146.00,per Annum,2080,120703.54,333.15,32422.09,22491.76
2024,57,FIRE DEPARTMENT,2005-05-31T00:00:00.000,MANHATTAN,LIEUTENANT,ACTIVE,130260.00,per Annum,2080,139760.03,443.13,48174.10,22424.07
2024,57,FIRE DEPARTMENT,2017-12-11T00:00:00.000,BROOKLYN,FIREFIGHTER,ACTIVE,105146.00,per Annum,2080,116707.43,499.32,46624.93,22357.07
2024,57,FIRE DEPARTMENT,2014-12-29T00:00:00.000,QUEENS,FIREFIGHTER,ACTIVE,105146.00,per Annum,2080,120703.54,574.18,52749.59,22279.47
2024,57,FIRE DEPARTMENT,2015-06-29T00:00:00.000,MANHATTAN,FIREFIGHTER,ACTIVE,105146.00,per Annum,2080,120703.54,462.98,47427.04,22230.77
2024,57,FIRE DEPARTMENT,2015-06-29T00:00:00.000,MANHATTAN,FIREFIGHTER,ACTIVE,105146.00,per Annum,2080,120703.54,429.88,40728.66,22145.45
2024,57,FIRE DEPARTMENT,2011-05-02T00:00:00.000,BRONX,EMERGENCY MEDICAL SPECIALIST-PARAMEDIc,ACTIVE,75872.00,per Annum,1292.43,57032.63,1,41.72,22124.27
2024,57,FIRE DEPARTMENT,2014-07-14T00:00:00.000,MANHATTAN,FIREFIGHTER,ACTIVE,105146.00,per Annum,2080,120703.54,465.97,47291.43,21906.71
2024,57,FIRE DEPARTMENT,2016-12-12T00:00:00.000,RICHMOND,FIREFIGHTER,ACTIVE,105146.00,per Annum,2080,119137.96,463.33,44003.29,21795.57
2024,57,FIRE DEPARTMENT,2018-01-10T00:00:00.000,BROOKLYN,FIREFIGHTER,ACTIVE,105146.00,per Annum,2080,116435.54,433.8,40790.08,21763.74
2024,57,FIRE DEPARTMENT,2014-07-14T00:00:00.000,BROOKLYN,FIREFIGHTER,ACTIVE,105146.00,per Annum,2080,120703.54,571.08,55678.15,21728.43
2024,57,FIRE DEPARTMENT,2013-01-14T00:00:00.000,MANHATTAN,FIREFIGHTER,ACTIVE,105146.00,per Annum,1914.32,112372.48,313.5,29305.06,21250.40
2024,57,FIRE DEPARTMENT,2013-01-14T00:00:00.000,QUEENS,FIREFIGHTER,ACTIVE,105146.00,per Annum,2080,120703.54,446.28,42941.91,21203.62
2024,57,FIRE DEPARTMENT,2015-12-28T00:00:00.000,MANHATTAN,FIREFIGHTER,ACTIVE,105146.00,per Annum,2080,120353.30,491.63,47580.36,21098.69
2024,57,FIRE DEPARTMENT,2015-06-29T00:00:00.000,BROOKLYN,FIREFIGHTER,ACTIVE,105146.00,per Annum,2080,120703.54,414.02,39960.85,21087.72
2024,57,FIRE DEPARTMENT,2004-05-25T00:00:00.000,MANHATTAN,LIEUTENANT,ACTIVE,130260.00,per Annum,2080,120750.01,680.77,65297.78,20754.82
2024,57,FIRE DEPARTMENT,2016-12-12T00:00:00.000,MANHATTAN,FIREFIGHTER,ACTIVE,105146.00,per Annum,2080,118492.97,916.8,82729.08,20534.01
2024,57,FIRE DEPARTMENT,2015-12-28T00:00:00.000,QUEENS,FIREFIGHTER,ACTIVE,105146.00,per Annum,2080,120353.30,426.05,43180.28,20514.65
2024,57,FIRE DEPARTMENT,2014-01-27T00:00:00.000,QUEENS,FIREFIGHTER,ACTIVE,105146.00,per Annum,2080,120703.54,630.25,58997.07,20338.16
2024,57,FIRE DEPARTMENT,1999-09-24T00:00:00.000,MANHATTAN,SUPERVISING EMERGENCY MEDICAL SERVICE SPECIALIST,ACTIVE,82548.00,per Annum,2368,85991.33,587.25,39085.20,20156.69
2024,57,FIRE DEPARTMENT,2013-07-29T00:00:00.000,BROOKLYN,FIREFIGHTER,CEASED,105146.00,per Annum,1440,88527.70,956,91172.84,20156.11
2024,57,FIRE DEPARTMENT,2001-10-28T00:00:00.000,BROOKLYN,FIREFIGHTER,CEASED,105146.00,per Annum,1068.58,69854.30,851.42,82669.43,20034.47
2024,57,FIRE DEPARTMENT,2014-12-29T00:00:00.000,QUEENS,FIREFIGHTER,ACTIVE,105146.00,per Annum,2080,120703.54,577.15,55919.67,19868.01
2024,57,FIRE DEPARTMENT,2015-12-28T00:00:00.000,BROOKLYN,FIREFIGHTER,ACTIVE,105146.00,per Annum,2080,120353.30,442.27,42688.35,19557.23
2024,57,FIRE DEPARTMENT,2016-12-12T00:00:00.000,BROOKLYN,FIREFIGHTER,ACTIVE,105146.00,per Annum,2080,119137.96,616.23,60043.62,19537.18
2024,57,FIRE DEPARTMENT,2008-06-04T00:00:00.000,BRONX,EMERGENCY MEDICAL SPECIALIST-EMT,ACTIVE,59534.00,per Annum,2392,63656.27,803.25,37895.73,19348.15
2024,57,FIRE DEPARTMENT,2015-12-28T00:00:00.000,QUEENS,FIREFIGHTER,ACTIVE,105146.00,per Annum,2080,120353.30,462.67,44787.19,19255.07
2024,57,FIRE DEPARTMENT,1999-08-27T00:00:00.000,MANHATTAN,EMERGENCY MEDICAL SPECIALIST-PARAMEDIc,ACTIVE,75872.00,per Annum,2080,75464.84,14.75,887.67,19137.76
2024,57,FIRE DEPARTMENT,2016-06-27T00:00:00.000,MANHATTAN,FIREFIGHTER,ACTIVE,105146.00,per Annum,2080,119927.82,479.03,46521.00,18949.67
2024,57,FIRE DEPARTMENT,2020-06-22T00:00:00.000,BRONX,EMERGENCY MEDICAL SPECIALIST-EMT,ACTIVE,49047.00,per Annum,2382.5,50320.84,485.08,16470.03,7934.17
2024,57,FIRE DEPARTMENT,2021-10-25T00:00:00.000,MANHATTAN,FIREFIGHTER,ACTIVE,61853.00,per Annum,2080,65892.20,683.48,33669.94,7854.77
2024,57,FIRE DEPARTMENT,2019-12-11T00:00:00.000,BROOKLYN,FIREFIGHTER,ACTIVE,74998.00,per Annum,1914.3,70653.92,277.67,16805.79,7707.04
2024,57,FIRE DEPARTMENT,2013-04-08T00:00:00.000,BROOKLYN,EMERGENCY MEDICAL SPECIALIST-EMT,ACTIVE,59534.00,per Annum,1887.57,53053.53,1.75,56.05,7528.97
2024,57,FIRE DEPARTMENT,2017-03-06T00:00:00.000,BROOKLYN,EMERGENCY MEDICAL SPECIALIST-PARAMEDIc,ACTIVE,68155.00,per Annum,1906.25,53772.84,96.25,5099.46,7496.35
2024,57,FIRE DEPARTMENT,2017-03-06T00:00:00.000,MANHATTAN,EMERGENCY MEDICAL SPECIALIST-PARAMEDIc,ACTIVE,60784.00,per Annum,2087.9,56916.85,283.5,11003.91,7360.05
2024,57,FIRE DEPARTMENT,2022-01-18T00:00:00.000,RICHMOND,EMERGENCY MEDICAL SPECIALIST-EMT,ACTIVE,42357.00,per Annum,2361.5,44505.72,101.25,2124.65,7284.96
2024,57,FIRE DEPARTMENT,2021-06-21T00:00:00.000,QUEENS,EMERGENCY MEDICAL SPECIALIST-EMT,ACTIVE,49047.00,per Annum,2244.5,44885.71,155.43,4654.11,7170.87
2024,57,FIRE DEPARTMENT,2020-02-18T00:00:00.000,QUEENS,EMERGENCY MEDICAL SPECIALIST-EMT,ACTIVE,49047.00,per Annum,2300,50672.96,224,8872.83,6917.84
2024,57,FIRE DEPARTMENT,2009-08-24T00:00:00.000,BROOKLYN,ASSOCIATE FIRE PROTECTION INSPECTOR,ACTIVE,74934.00,per Annum,2080,74531.87,43.5,2666.44,13454.53
2024,57,FIRE DEPARTMENT,1996-03-17T00:00:00.000,MANHATTAN,SUPERVISING EMERGENCY MEDICAL SERVICE SPECIALIST-DPTY CHIEFS,ACTIVE,117354.00,per Annum,2037.5,130077.00,0,0.00,13593.34
2024,57,FIRE DEPARTMENT,2017-10-16T00:00:00.000,QUEENS,EMERGENCY MEDICAL SPECIALIST-EMT,ACTIVE,59534.00,per Annum,2392,62293.71,296.23,11505.14,13680.32
2024,57,FIRE DEPARTMENT,2016-04-18T00:00:00.000,QUEENS,EMERGENCY MEDICAL SPECIALIST-PARAMEDIc,ACTIVE,68155.00,per Annum,2377.5,72105.91,153,4895.89,14400.91
2024,57,FIRE DEPARTMENT,2018-10-15T00:00:00.000,BRONX,EMERGENCY MEDICAL SPECIALIST-PARAMEDIc,ACTIVE,61783.00,per Annum,2348,64299.62,212.5,9712.27,15344.90
2024,57,FIRE DEPARTMENT,2007-02-04T00:00:00.000,BROOKLYN,FIRE ALARM DISPATCHER,ACTIVE,74539.00,per Annum,2080,79573.86,809,44002.18,15771.51
2024,57,FIRE DEPARTMENT,2013-06-24T00:00:00.000,QUEENS,SUPERVISING EMERGENCY MEDICAL SERVICE SPECIALIST,ACTIVE,82548.00,per Annum,2380,88139.92,695.5,48531.74,17538.92
2024,57,FIRE DEPARTMENT,2005-10-11T00:00:00.000,MANHATTAN,EMERGENCY MEDICAL SPECIALIST-EMT,ACTIVE,62393.00,per Annum,2295,63402.97,482.25,25552.53,17589.23
2024,57,FIRE DEPARTMENT,2017-06-12T00:00:00.000,QUEENS,FIREFIGHTER,ACTIVE,105146.00,per Annum,2080,118169.72,356.47,34536.82,18167.10
2024,57,FIRE DEPARTMENT,2017-12-11T00:00:00.000,BROOKLYN,FIREFIGHTER,ACTIVE,105146.00,per Annum,2080,116707.43,513.27,48861.85,18167.87
2024,57,FIRE DEPARTMENT,2010-03-15T00:00:00.000,QUEENS,SUPERVISING EMERGENCY MEDICAL SERVICE SPECIALIST,ACTIVE,82548.00,per Annum,2080,82104.86,1041.5,71438.32,18240.56
2024,57,FIRE DEPARTMENT,2014-12-29T00:00:00.000,BROOKLYN,FIREFIGHTER,ACTIVE,105146.00,per Annum,2080,117899.34,48,11832.47,18665.46
2024,57,FIRE DEPARTMENT,2018-06-11T00:00:00.000,MANHATTAN,FIREFIGHTER,ACTIVE,105146.00,per Annum,2080,115057.99,120,14248.23,18774.64
2024,57,FIRE DEPARTMENT,2015-07-13T00:00:00.000,MANHATTAN,EMERGENCY MEDICAL SPECIALIST-PARAMEDIc,ACTIVE,60784.00,per Annum,2388,64632.34,397.25,18850.57,11824.17
2024,57,FIRE DEPARTMENT,2021-10-25T00:00:00.000,RICHMOND,FIREFIGHTER,ACTIVE,61853.00,per Annum,2080,65892.20,619.7,29132.26,11414.62
2024,57,FIRE DEPARTMENT,2016-04-18T00:00:00.000,QUEENS,SUPERVISING EMERGENCY MEDICAL SERVICE SPECIALIST,ACTIVE,75971.00,per Annum,2348,63036.22,319.75,14446.89,11295.31
2024,57,FIRE DEPARTMENT,2011-06-06T00:00:00.000,BROOKLYN,ASSOCIATE FIRE PROTECTION INSPECTOR,ACTIVE,74934.00,per Annum,2080,74531.87,287,17554.24,10654.46
2024,57,FIRE DEPARTMENT,2014-10-06T00:00:00.000,BROOKLYN,EMERGENCY MEDICAL SPECIALIST-EMT,ACTIVE,59534.00,per Annum,1836.5,49020.35,73.75,3300.09,10108.88
2024,57,FIRE DEPARTMENT,2013-07-29T00:00:00.000,BROOKLYN,FIREFIGHTER,CEASED,101590.00,per Annum,0,13297.90,0,2497.13,9806.41
2024,57,FIRE DEPARTMENT,2022-05-23T00:00:00.000,QUEENS,EMERGENCY MEDICAL SPECIALIST-EMT,ACTIVE,41617.00,per Annum,2293.75,44113.28,234.85,8121.20,9711.26
2024,57,FIRE DEPARTMENT,2014-07-28T00:00:00.000,QUEENS,EMERGENCY MEDICAL SPECIALIST-EMT,ACTIVE,59534.00,per Annum,2081.5,59171.78,15.5,764.92,9588.05
2024,57,FIRE DEPARTMENT,2019-11-12T00:00:00.000,MANHATTAN,FIREFIGHTER,ACTIVE,74998.00,per Annum,2080,81291.44,358.97,21237.84,9565.57
2024,57,FIRE DEPARTMENT,2014-12-08T00:00:00.000,BROOKLYN,ASSOCIATE FIRE PROTECTION INSPECTOR,ACTIVE,74934.00,per Annum,2080,68838.08,296.75,16403.66,9467.00
2024,57,FIRE DEPARTMENT,2019-05-13T00:00:00.000,QUEENS,FIREFIGHTER,ACTIVE,105146.00,per Annum,2080,87234.38,316.77,22154.15,9210.73
2024,57,FIRE DEPARTMENT,2019-11-12T00:00:00.000,QUEENS,FIREFIGHTER,ACTIVE,74998.00,per Annum,2080,81291.44,702.22,40813.01,9086.86
2024,57,FIRE DEPARTMENT,2022-01-18T00:00:00.000,BRONX,EMERGENCY MEDICAL SPECIALIST-EMT,ACTIVE,42357.00,per Annum,2368,44845.53,186.75,5130.19,9008.36
2024,57,FIRE DEPARTMENT,2019-06-10T00:00:00.000,BRONX,EMERGENCY MEDICAL SPECIALIST-EMT,ACTIVE,59534.00,per Annum,2287.25,51290.44,333.75,13317.65,8846.58
2024,57,FIRE DEPARTMENT,2020-02-18T00:00:00.000,BRONX,EMERGENCY MEDICAL SPECIALIST-EMT,ACTIVE,49047.00,per Annum,2192,47386.51,2,46.61,8748.35
2024,57,FIRE DEPARTMENT,2022-05-23T00:00:00.000,BRONX,EMERGENCY MEDICAL SPECIALIST-EMT,ACTIVE,41617.00,per Annum,2297.5,43572.29,72.75,1048.62,8741.42
2024,57,FIRE DEPARTMENT,2021-10-25T00:00:00.000,BRONX,FIREFIGHTER,ACTIVE,61853.00,per Annum,2080,65892.20,304.37,15876.24,8595.14
2024,57,FIRE DEPARTMENT,2022-01-18T00:00:00.000,BROOKLYN,EMERGENCY MEDICAL SPECIALIST-EMT,ACTIVE,42357.00,per Annum,2364,43468.68,602.75,18954.54,8464.58
2024,57,FIRE DEPARTMENT,2020-06-22T00:00:00.000,RICHMOND,EMERGENCY MEDICAL SPECIALIST-EMT,ACTIVE,49047.00,per Annum,2293.75,48969.79,249.25,9007.36,8323.75
2024,57,FIRE DEPARTMENT,2001-08-13T00:00:00.000,BROOKLYN,PRINCIPAL ADMINISTRATIVE ASSOCIATE -  NON SUPVR,ACTIVE,77919.00,per Annum,1820,80803.35,55.25,2741.05,8289.15
2024,57,FIRE DEPARTMENT,2022-09-12T00:00:00.000,BROOKLYN,FIREFIGHTER,ACTIVE,56788.00,per Annum,2080,58506.01,537.23,23044.21,8244.08
2024,57,FIRE DEPARTMENT,2019-05-13T00:00:00.000,BROOKLYN,FIREFIGHTER,ACTIVE,105146.00,per Annum,2080,87234.38,212.82,14959.99,8229.82
2024,57,FIRE DEPARTMENT,2022-01-09T00:00:00.000,QUEENS,AUTO MECHANIC,CEASED,325.92,per Day,1065.25,49377.90,115.5,8590.26,8085.49
2024,57,FIRE DEPARTMENT,1998-05-17T00:00:00.000,MANHATTAN,FIREFIGHTER,ACTIVE,105146.00,per Annum,2080,120648.15,224.48,23743.46,75782.34
2024,57,FIRE DEPARTMENT,1999-08-08T00:00:00.000,MANHATTAN,FIREFIGHTER,ACTIVE,105146.00,per Annum,2080,120703.54,292.13,35980.30,48596.73
2024,57,FIRE DEPARTMENT,2005-05-31T00:00:00.000,BROOKLYN,FIREFIGHTER,ACTIVE,105146.00,per Annum,2080,120703.54,630.08,70078.76,46472.58
2024,57,FIRE DEPARTMENT,2001-07-15T00:00:00.000,MANHATTAN,FIREFIGHTER,ACTIVE,105146.00,per Annum,2080,120703.54,747.42,81552.37,45879.01
2024,57,FIRE DEPARTMENT,2002-07-28T00:00:00.000,BROOKLYN,FIREFIGHTER,ACTIVE,105146.00,per Annum,2080,120703.54,979.08,105808.10,45862.47
2024,57,FIRE DEPARTMENT,2002-05-05T00:00:00.000,QUEENS,FIREFIGHTER,ACTIVE,105146.00,per Annum,2080,120703.54,790.27,76945.57,44122.48
2024,57,FIRE DEPARTMENT,2001-07-15T00:00:00.000,MANHATTAN,FIREFIGHTER,ACTIVE,105146.00,per Annum,2080,120703.54,396.58,44358.16,43324.18
2024,57,FIRE DEPARTMENT,2001-02-04T00:00:00.000,MANHATTAN,FIREFIGHTER,ACTIVE,105146.00,per Annum,2080,120703.54,347,38387.74,41863.41
2024,57,FIRE DEPARTMENT,2006-01-15T00:00:00.000,BRONX,FIREFIGHTER,ACTIVE,105146.00,per Annum,2080,120703.54,591.12,56099.68,41436.23
2024,57,FIRE DEPARTMENT,2014-01-27T00:00:00.000,RICHMOND,FIREFIGHTER,ACTIVE,105146.00,per Annum,2080,120703.54,500.92,52481.75,40790.22
2024,57,FIRE DEPARTMENT,2005-03-08T00:00:00.000,BROOKLYN,FIREFIGHTER,CEASED,105146.00,per Annum,1782.87,105764.82,358,38635.06,40434.24
2024,57,FIRE DEPARTMENT,2015-12-28T00:00:00.000,QUEENS,FIREFIGHTER,ACTIVE,105146.00,per Annum,2080,120353.30,488.97,52029.66,39000.42
2024,57,FIRE DEPARTMENT,1998-08-16T00:00:00.000,BROOKLYN,CAPTAIN,CEASED,149518.00,per Annum,2074.32,160013.41,729.6,95088.38,36652.94
2024,57,FIRE DEPARTMENT,1995-10-15T00:00:00.000,BROOKLYN,FIREFIGHTER,ACTIVE,105146.00,per Annum,2080,120636.89,604.52,60006.51,33898.93
2024,57,FIRE DEPARTMENT,1994-01-16T00:00:00.000,BROOKLYN,FIREFIGHTER,CEASED,101590.00,per Annum,68.6,20784.53,125.9,25075.90,33820.48
2024,57,FIRE DEPARTMENT,1994-10-23T00:00:00.000,MANHATTAN,FIREFIGHTER,ACTIVE,105146.00,per Annum,2080,120703.54,860.83,82322.21,33610.29
2024,57,FIRE DEPARTMENT,2004-09-12T00:00:00.000,QUEENS,FIREFIGHTER,ACTIVE,105146.00,per Annum,2080,120237.04,639.72,62059.54,33093.93
2024,57,FIRE DEPARTMENT,2001-02-04T00:00:00.000,BROOKLYN,BATTALION CHIEF,ACTIVE,194689.00,per Annum,2080,208887.67,0,0.00,32098.88
2024,57,FIRE DEPARTMENT,2003-05-04T00:00:00.000,BRONX,FIREFIGHTER,ACTIVE,105146.00,per Annum,2080,120703.54,461.38,51279.68,31112.49
2024,57,FIRE DEPARTMENT,2004-09-12T00:00:00.000,BROOKLYN,FIREFIGHTER,ACTIVE,105146.00,per Annum,2080,120703.54,506.93,50888.58,30300.49
2024,57,FIRE DEPARTMENT,2001-07-15T00:00:00.000,QUEENS,CAPTAIN,ACTIVE,149518.00,per Annum,2080,159357.96,599.87,75888.93,30097.08
2024,57,FIRE DEPARTMENT,2001-02-09T00:00:00.000,BRONX,EMERGENCY MEDICAL SPECIALIST-EMT,ACTIVE,62393.00,per Annum,2385,66672.68,243.25,12032.11,29564.57
2024,57,FIRE DEPARTMENT,1991-08-11T00:00:00.000,QUEENS,CAPTAIN,ACTIVE,149518.00,per Annum,2080,160421.63,328.63,44400.52,29482.46
2024,57,FIRE DEPARTMENT,2010-03-15T00:00:00.000,BROOKLYN,EMERGENCY MEDICAL SPECIALIST-PARAMEDIc,ACTIVE,75872.00,per Annum,2386,81097.12,702.5,43609.66,29125.76
2024,57,FIRE DEPARTMENT,2002-07-01T00:00:00.000,BROOKLYN,FIRE MARSHAL,ACTIVE,117763.00,per Annum,2080,134083.36,112.67,13534.02,29034.77
2024,57,FIRE DEPARTMENT,2001-02-04T00:00:00.000,BROOKLYN,BATTALION CHIEF,ACTIVE,170319.00,per Annum,2080,178045.48,0,472.58,28962.09
2024,57,FIRE DEPARTMENT,2001-10-28T00:00:00.000,BROOKLYN,FIREFIGHTER,CEASED,105146.00,per Annum,874.32,60086.76,0,6141.56,28832.47
2024,57,FIRE DEPARTMENT,1999-05-09T00:00:00.000,MANHATTAN,FIREFIGHTER,ACTIVE,105146.00,per Annum,2080,120703.54,712.72,71407.33,28709.05
2024,57,FIRE DEPARTMENT,2001-07-15T00:00:00.000,BROOKLYN,CAPTAIN,ACTIVE,149518.00,per Annum,2080,160421.63,753.8,97283.03,28624.62
2024,57,FIRE DEPARTMENT,2006-01-15T00:00:00.000,RICHMOND,FIREFIGHTER,ACTIVE,105146.00,per Annum,2080,120703.54,851.37,85037.80,28595.38
2024,57,FIRE DEPARTMENT,2003-05-04T00:00:00.000,RICHMOND,LIEUTENANT,ACTIVE,108462.00,per Annum,2080,123360.09,829.83,82397.72,28354.31
2024,57,FIRE DEPARTMENT,2002-01-27T00:00:00.000,BRONX,FIREFIGHTER,ACTIVE,105146.00,per Annum,2080,120703.54,651.47,66116.99,28211.30
2024,57,FIRE DEPARTMENT,2006-06-11T00:00:00.000,BROOKLYN,FIREFIGHTER,ACTIVE,105146.00,per Annum,2080,120703.54,233.2,22905.27,28114.55
2024,57,FIRE DEPARTMENT,2002-07-28T00:00:00.000,MANHATTAN,LIEUTENANT,ACTIVE,109179.00,per Annum,2080,121685.55,1148.18,109845.59,27967.49
2024,57,FIRE DEPARTMENT,1995-10-15T00:00:00.000,BRONX,CAPTAIN,ACTIVE,149518.00,per Annum,2080,160191.27,188.32,30179.88,27854.74
2024,57,FIRE DEPARTMENT,1996-02-04T00:00:00.000,RICHMOND,CAPTAIN,ACTIVE,149518.00,per Annum,2080,160421.63,0,4167.93,27813.52
2024,57,FIRE DEPARTMENT,2007-08-06T00:00:00.000,MANHATTAN,FIREFIGHTER,ACTIVE,105146.00,per Annum,2080,120703.54,355.15,37730.67,27789.74
2024,57,FIRE DEPARTMENT,2013-01-14T00:00:00.000,BROOKLYN,FIREFIGHTER,ACTIVE,105146.00,per Annum,2080,120703.54,403,39819.20,27297.17
2024,57,FIRE DEPARTMENT,2005-05-31T00:00:00.000,BROOKLYN,FIREFIGHTER,ACTIVE,105146.00,per Annum,2080,120703.54,306.95,32195.83,26945.31
2024,57,FIRE DEPARTMENT,2008-01-21T00:00:00.000,BRONX,FIREFIGHTER,ACTIVE,105146.00,per Annum,2080,120703.54,665.92,65287.35,26900.96
2024,57,FIRE DEPARTMENT,2014-01-27T00:00:00.000,QUEENS,FIREFIGHTER,ACTIVE,105146.00,per Annum,2080,120703.54,321,33151.50,26890.31
2024,57,FIRE DEPARTMENT,2001-07-02T00:00:00.000,BROOKLYN,FIREFIGHTER,CEASED,105146.00,per Annum,1982.88,115819.88,531,51465.04,26768.45
2024,57,FIRE DEPARTMENT,2002-05-05T00:00:00.000,MANHATTAN,CAPTAIN,ACTIVE,133828.00,per Annum,2080,142869.62,885.57,100452.63,26393.95
2024,57,FIRE DEPARTMENT,2015-06-29T00:00:00.000,QUEENS,FIREFIGHTER,ACTIVE,105146.00,per Annum,2080,120703.54,430.58,43494.94,26347.03
2024,57,FIRE DEPARTMENT,2008-01-21T00:00:00.000,BROOKLYN,FIREFIGHTER,ACTIVE,105146.00,per Annum,2080,120703.54,407.83,41140.59,26199.64
2024,57,FIRE DEPARTMENT,2013-07-29T00:00:00.000,QUEENS,FIREFIGHTER,ACTIVE,105146.00,per Annum,2080,120237.04,308.38,31225.85,26130.46
2024,57,FIRE DEPARTMENT,2005-03-08T00:00:00.000,BRONX,FIREFIGHTER,ACTIVE,105146.00,per Annum,2080,120703.54,578.6,62414.22,26036.51
2024,57,FIRE DEPARTMENT,2008-07-01T00:00:00.000,RICHMOND,LIEUTENANT,ACTIVE,130260.00,per Annum,2080,138660.60,967.38,103732.13,25926.27
2024,57,FIRE DEPARTMENT,2007-03-25T00:00:00.000,BROOKLYN,FIREFIGHTER,ACTIVE,105146.00,per Annum,2080,120703.54,274.38,29658.66,25834.60
2024,57,FIRE DEPARTMENT,2007-01-08T00:00:00.000,BROOKLYN,EMERGENCY MEDICAL SPECIALIST-EMT,ACTIVE,59534.00,per Annum,2296.25,62679.21,534.25,26930.54,25780.81
2024,57,FIRE DEPARTMENT,1997-04-15T00:00:00.000,BROOKLYN,FIREFIGHTER,ACTIVE,105146.00,per Annum,2080,120703.54,426,43148.45,25673.17
2024,57,FIRE DEPARTMENT,2023-11-06T00:00:00.000,MANHATTAN,FIREFIGHTER,ACTIVE,54122.00,per Annum,1280,33123.84,132.18,5372.26,828.64
2024,57,FIRE DEPARTMENT,2023-11-06T00:00:00.000,QUEENS,FIREFIGHTER,ACTIVE,54122.00,per Annum,1280,33123.84,145.48,5918.07,811.75
2024,57,FIRE DEPARTMENT,2012-09-24T00:00:00.000,QUEENS,EMERGENCY MEDICAL SPECIALIST-PARAMEDIc,CEASED,57486.00,per Annum,0,0.00,0,0.00,799.71
2024,57,FIRE DEPARTMENT,2023-03-13T00:00:00.000,MANHATTAN,FIRE PROTECTION INSPECTOR,ACTIVE,52070.00,per Annum,2080,51790.57,32.5,1215.73,795.97
2024,57,FIRE DEPARTMENT,2013-09-23T00:00:00.000,BROOKLYN,EMERGENCY MEDICAL SPECIALIST-EMT,CEASED,50604.00,per Annum,0,0.00,0,0.00,613.96
2024,57,FIRE DEPARTMENT,1991-08-11T00:00:00.000,BROOKLYN,CAPTAIN,CEASED,135511.00,per Annum,0,0.00,0,0.00,604.96
2024,57,FIRE DEPARTMENT,2023-03-13T00:00:00.000,BROOKLYN,FIRE PROTECTION INSPECTOR,ACTIVE,52070.00,per Annum,2080,51765.67,27.75,1038.54,524.48
2024,57,FIRE DEPARTMENT,1995-07-09T00:00:00.000,BROOKLYN,FIREFIGHTER,CEASED,95065.00,per Annum,0,2295.23,0,1427.39,518.44
2024,57,FIRE DEPARTMENT,1982-01-09T00:00:00.000,BROOKLYN,LIEUTENANT,CEASED,121893.00,per Annum,0,3679.30,0,1113.99,447.06
2024,57,FIRE DEPARTMENT,2003-02-02T00:00:00.000,BROOKLYN,FIREFIGHTER,CEASED,95065.00,per Annum,0,2450.95,0,1932.97,420.94
2024,57,FIRE DEPARTMENT,2023-11-06T00:00:00.000,BROOKLYN,FIREFIGHTER,CEASED,54122.00,per Annum,662.87,17153.45,36,1399.68,392.02
2024,57,FIRE DEPARTMENT,2021-05-10T00:00:00.000,QUEENS,AUTO MECHANIC,CEASED,368.32,per Day,0,4869.60,0,2852.81,375.07
2024,57,FIRE DEPARTMENT,2021-09-27T00:00:00.000,QUEENS,MOTOR VEHICLE OPERATOR,ACTIVE,44979.00,per Annum,2000,23389.84,0,0.00,304.00
2024,57,FIRE DEPARTMENT,2021-12-20T00:00:00.000,BROOKLYN,ADMINISTRATIVE STAFF ANALYST,CEASED,133723.00,per Annum,758.92,64336.38,0,0.00,301.27
2024,57,FIRE DEPARTMENT,2024-01-29T00:00:00.000,BRONX,EMERGENCY MEDICAL SPECIALIST-EMT,ACTIVE,39386.00,per Annum,803.75,14084.34,15.75,362.86,266.00
2024,57,FIRE DEPARTMENT,2018-12-07T00:00:00.000,BROOKLYN,FIREFIGHTER,CEASED,63515.00,per Annum,0,2611.13,0,1152.64,260.88
2024,57,FIRE DEPARTMENT,1978-11-25T00:00:00.000,BROOKLYN,CAPTAIN,CEASED,139915.00,per Annum,0,2196.02,0,1835.27,254.47
2024,57,FIRE DEPARTMENT,1996-05-19T00:00:00.000,BRONX,SUPERVISING EMERGENCY MEDICAL SERVICE SPECIALIST,CEASED,74260.00,per Annum,0,0.00,0,0.00,180.41
2024,57,FIRE DEPARTMENT,1999-05-09T00:00:00.000,BROOKLYN,FIREFIGHTER,CEASED,95065.00,per Annum,0,1147.63,0,95.10,159.60
2024,57,FIRE DEPARTMENT,1980-02-25T00:00:00.000,BROOKLYN,PRINCIPAL ADMINISTRATIVE ASSOCIATE -  NON SUPVR,CEASED,60891.00,per Annum,0,1435.71,0,9.90,80.36
2024,57,FIRE DEPARTMENT,2004-12-05T00:00:00.000,BROOKLYN,LIEUTENANT,CEASED,121893.00,per Annum,0,935.59,0,546.96,57.79
2024,57,FIRE DEPARTMENT,2019-05-13T00:00:00.000,BROOKLYN,FIREFIGHTER,CEASED,51344.00,per Annum,0,1035.95,0,137.17,50.44
2024,57,FIRE DEPARTMENT,2024-06-03T00:00:00.000,QUEENS,EMERGENCY MEDICAL SPECIALIST TRAINEE,ACTIVE,36330.00,per Annum,80,1389.67,0,0.00,47.85
2024,57,FIRE DEPARTMENT,1999-05-09T00:00:00.000,BROOKLYN,FIREFIGHTER,CEASED,95065.00,per Annum,0,98.39,0,127.38,16.77
2024,57,FIRE DEPARTMENT,2018-02-05T00:00:00.000,BROOKLYN,COMPUTER SYSTEMS MANAGER,ACTIVE,173662.00,per Annum,1820,167698.99,0,0.00,16.50
2024,57,FIRE DEPARTMENT,2024-06-03T00:00:00.000,QUEENS,EMERGENCY MEDICAL SPECIALIST-EMT,ACTIVE,39386.00,per Annum,80,1506.57,0,0.00,14.15
2024,57,FIRE DEPARTMENT,2024-03-25T00:00:00.000,MANHATTAN,FIREFIGHTER,ACTIVE,54122.00,per Annum,480,12421.44,35.5,1380.24,0.00
2024,57,FIRE DEPARTMENT,2024-03-25T00:00:00.000,MANHATTAN,FIREFIGHTER,ACTIVE,54122.00,per Annum,480,12421.44,35.5,1380.24,0.00
2024,57,FIRE DEPARTMENT,2023-03-13T00:00:00.000,BROOKLYN,ECONOMIST,ACTIVE,71299.00,per Annum,1820,68850.57,0,0.00,0.00
2024,57,FIRE DEPARTMENT,2020-03-02T00:00:00.000,BROOKLYN,CLERICAL ASSOCIATE,ACTIVE,50648.00,per Annum,1820,48908.97,0,0.00,0.00
2024,57,FIRE DEPARTMENT,2023-10-23T00:00:00.000,MANHATTAN,FIRE PROTECTION INSPECTOR,CEASED,52070.00,per Annum,720,17925.75,0,0.00,0.00
2024,57,FIRE DEPARTMENT,2003-05-04T00:00:00.000,BROOKLYN,FIREFIGHTER,CEASED,95065.00,per Annum,0,122.95,0,0.00,-78.45
2024,806,HOUSING PRESERVATION & DVLPMNT,2021-10-25T00:00:00.000,BROOKLYN,CLERICAL ASSOCIATE,ACTIVE,47100.00,per Annum,1820,45482.61,0,0.00,17.50
2024,806,HOUSING PRESERVATION & DVLPMNT,2022-04-04T00:00:00.000,BROOKLYN,COMMUNITY COORDINATOR,ACTIVE,70022.00,per Annum,1820,66717.21,0,0.00,21.50
2024,806,HOUSING PRESERVATION & DVLPMNT,2006-06-19T00:00:00.000,MANHATTAN,INSPECTOR,CEASED,65660.00,per Annum,0,2636.36,0,0.00,22.69
2024,806,HOUSING PRESERVATION & DVLPMNT,2023-05-15T00:00:00.000,MANHATTAN,COMMUNITY COORDINATOR,ACTIVE,70022.00,per Annum,1820,67838.81,0,0.00,24.75
2024,806,HOUSING PRESERVATION & DVLPMNT,2023-07-10T00:00:00.000,MANHATTAN,COMMUNITY ASSOCIATE,ACTIVE,67206.00,per Annum,1715,46256.94,31.75,1067.82,26.36
2024,806,HOUSING PRESERVATION & DVLPMNT,2023-09-05T00:00:00.000,MANHATTAN,COMMUNITY COORDINATOR,ACTIVE,70022.00,per Annum,1435,46900.84,170.75,7330.43,26.97
2024,806,HOUSING PRESERVATION & DVLPMNT,2021-10-04T00:00:00.000,BROOKLYN,INSPECTOR,CEASED,56825.00,per Annum,0,1690.07,0,94.79,29.69
2024,806,HOUSING PRESERVATION & DVLPMNT,2019-02-11T00:00:00.000,MANHATTAN,INSPECTOR,CEASED,65394.00,per Annum,0,3258.85,0,56.79,30.83
2024,806,HOUSING PRESERVATION & DVLPMNT,2023-08-07T00:00:00.000,MANHATTAN,COMMUNITY COORDINATOR,ACTIVE,70022.00,per Annum,1575,58249.86,0,0.00,33.00
2024,806,HOUSING PRESERVATION & DVLPMNT,2017-08-28T00:00:00.000,MANHATTAN,COMMUNITY COORDINATOR,ACTIVE,78204.00,per Annum,1820,76579.84,4.5,187.02,33.06
2024,806,HOUSING PRESERVATION & DVLPMNT,2023-05-15T00:00:00.000,MANHATTAN,COMMUNITY COORDINATOR,ACTIVE,70022.00,per Annum,1820,67541.62,24,1153.52,38.01
2024,806,HOUSING PRESERVATION & DVLPMNT,2024-06-03T00:00:00.000,BRONX,INSPECTOR,ACTIVE,67309.00,per Annum,80,2574.66,0,0.00,39.25
2024,806,HOUSING PRESERVATION & DVLPMNT,2024-06-03T00:00:00.000,MANHATTAN,INSPECTOR,ACTIVE,67309.00,per Annum,80,2574.66,0,0.00,39.25
2024,806,HOUSING PRESERVATION & DVLPMNT,2019-07-03T00:00:00.000,MANHATTAN,AGENCY ATTORNEY,CEASED,116081.00,per Annum,0,2256.91,0,0.00,46.71
2024,806,HOUSING PRESERVATION & DVLPMNT,2021-12-13T00:00:00.000,MANHATTAN,COMMUNITY ASSOCIATE,ACTIVE,67206.00,per Annum,1820,64898.72,9.75,513.40,49.50
2024,806,HOUSING PRESERVATION & DVLPMNT,2015-06-29T00:00:00.000,MANHATTAN,ADMINISTRATIVE PROJECT DIRECTOR,ACTIVE,159135.00,per Annum,1751,121621.51,0,0.00,50.79
2024,806,HOUSING PRESERVATION & DVLPMNT,2018-05-21T00:00:00.000,MANHATTAN,CONSTRUCTION PROJECT MANAGER,CEASED,85147.00,per Annum,0,5380.09,0,395.31,55.09
2024,806,HOUSING PRESERVATION & DVLPMNT,2023-04-17T00:00:00.000,MANHATTAN,COMMUNITY COORDINATOR,ACTIVE,70022.00,per Annum,1820,67618.06,0,0.00,57.75
2024,806,HOUSING PRESERVATION & DVLPMNT,2019-09-03T00:00:00.000,MANHATTAN,COMMUNITY ASSOCIATE,ACTIVE,49615.00,per Annum,1820,47542.98,24.5,645.94,57.75
2024,806,HOUSING PRESERVATION & DVLPMNT,2022-11-14T00:00:00.000,MANHATTAN,COMMUNITY COORDINATOR,ACTIVE,79197.00,per Annum,1820,76477.38,0,0.00,66.00
2024,806,HOUSING PRESERVATION & DVLPMNT,2022-12-27T00:00:00.000,MANHATTAN,COMMUNITY ASSOCIATE,ACTIVE,49615.00,per Annum,1820,41561.13,33.75,1173.28,66.00
2024,806,HOUSING PRESERVATION & DVLPMNT,2021-10-18T00:00:00.000,MANHATTAN,COMMUNITY COORDINATOR,ACTIVE,70022.00,per Annum,1820,67618.06,0,0.00,66.50
2024,806,HOUSING PRESERVATION & DVLPMNT,2023-01-09T00:00:00.000,MANHATTAN,CITY RESEARCH SCIENTIST,ACTIVE,87349.00,per Annum,1820,80516.24,1.5,69.78,71.22
2024,806,HOUSING PRESERVATION & DVLPMNT,2019-09-03T00:00:00.000,MANHATTAN,RESEARCH ASSISTANT,ACTIVE,76624.00,per Annum,1820,73992.84,0,0.00,74.25
2024,806,HOUSING PRESERVATION & DVLPMNT,2022-07-11T00:00:00.000,MANHATTAN,REAL PROPERTY MANAGER,ACTIVE,59503.00,per Annum,1820,54161.74,0,0.00,74.75
2024,806,HOUSING PRESERVATION & DVLPMNT,2019-11-11T00:00:00.000,MANHATTAN,COMMUNITY ASSOCIATE,ACTIVE,67578.00,per Annum,1820,65257.80,0,0.00,77.25
2024,806,HOUSING PRESERVATION & DVLPMNT,2023-04-17T00:00:00.000,MANHATTAN,COMMUNITY COORDINATOR,ACTIVE,74263.00,per Annum,1820,69925.59,3.25,133.19,83.00
2024,806,HOUSING PRESERVATION & DVLPMNT,2019-12-09T00:00:00.000,MANHATTAN,HOUSING DEVELOPMENT SPECIALIST,CEASED,93807.00,per Annum,280,13644.48,0,0.00,88.56
2024,806,HOUSING PRESERVATION & DVLPMNT,2017-09-11T00:00:00.000,MANHATTAN,AGENCY ATTORNEY,CEASED,90637.00,per Annum,0,2315.59,0,0.00,90.33
2024,806,HOUSING PRESERVATION & DVLPMNT,2017-07-10T00:00:00.000,BRONX,COMMUNITY COORDINATOR,ACTIVE,70022.00,per Annum,1820,60832.41,0,0.00,91.25
2024,806,HOUSING PRESERVATION & DVLPMNT,2019-10-15T00:00:00.000,MANHATTAN,HOUSING DEVELOPMENT SPECIALIST,CEASED,84905.00,per Annum,255.75,11873.33,0,0.00,101.95
2024,806,HOUSING PRESERVATION & DVLPMNT,2024-06-03T00:00:00.000,MANHATTAN,INSPECTOR,ACTIVE,67309.00,per Annum,80,2574.66,0,0.00,104.54
2024,806,HOUSING PRESERVATION & DVLPMNT,2022-04-04T00:00:00.000,MANHATTAN,COMMUNITY COORDINATOR,ACTIVE,70022.00,per Annum,1820,67618.06,0,0.00,106.00
2024,806,HOUSING PRESERVATION & DVLPMNT,2022-03-07T00:00:00.000,MANHATTAN,COMMUNITY COORDINATOR,ACTIVE,79825.00,per Annum,1820,73806.74,0,0.00,107.25
2024,806,HOUSING PRESERVATION & DVLPMNT,2022-04-04T00:00:00.000,MANHATTAN,COMMUNITY COORDINATOR,ACTIVE,70022.00,per Annum,1820,67618.06,10,465.13,107.50
2024,806,HOUSING PRESERVATION & DVLPMNT,2013-09-30T00:00:00.000,MANHATTAN,INSPECTOR,CEASED,67516.00,per Annum,0,6424.39,0,0.00,108.06
2024,806,HOUSING PRESERVATION & DVLPMNT,2023-04-10T00:00:00.000,BROOKLYN,CLERICAL ASSOCIATE,ACTIVE,47100.00,per Annum,1820,45472.20,176.5,5249.95,120.25
2024,806,HOUSING PRESERVATION & DVLPMNT,2018-09-24T00:00:00.000,BROOKLYN,CONSTRUCTION PROJECT MANAGER,CEASED,82667.00,per Annum,0,10037.38,0,120.36,-4949.11
2024,806,HOUSING PRESERVATION & DVLPMNT,2013-12-30T00:00:00.000,MANHATTAN,CITY PLANNER,ACTIVE,96766.00,per Annum,742,44005.38,0,0.00,-4687.35
2024,806,HOUSING PRESERVATION & DVLPMNT,2017-07-17T00:00:00.000,MANHATTAN,PRINCIPAL ADMINISTRATIVE ASSOCIATE -  NON SUPVR,CEASED,67983.00,per Annum,560,27231.52,4.25,314.70,-2991.75
2024,806,HOUSING PRESERVATION & DVLPMNT,2022-05-09T00:00:00.000,MANHATTAN,ASSOCIATE HOUSING DEVELOPMENT SPECIALIST,ACTIVE,96621.00,per Annum,1820,83418.58,0,0.00,-2949.04
2024,806,HOUSING PRESERVATION & DVLPMNT,2023-07-24T00:00:00.000,MANHATTAN,COMMUNITY COORDINATOR,ACTIVE,70031.00,per Annum,1645,60812.53,0,0.00,-1300.22
2024,806,HOUSING PRESERVATION & DVLPMNT,2011-06-27T00:00:00.000,MANHATTAN,CLERICAL ASSOCIATE,CEASED,44445.00,per Annum,140,34547.03,0,0.00,-143.33
2024,806,HOUSING PRESERVATION & DVLPMNT,2023-02-21T00:00:00.000,BROOKLYN,INSPECTOR,CEASED,65349.00,per Annum,0,104.83,0,0.00,-3.82
2024,806,HOUSING PRESERVATION & DVLPMNT,1992-11-16T00:00:00.000,MANHATTAN,HOUSING DEVELOPMENT SPECIALIST,CEASED,72912.00,per Annum,0,-64.01,0,0.00,-3.01
2024,806,HOUSING PRESERVATION & DVLPMNT,2020-02-03T00:00:00.000,MANHATTAN,PRINCIPAL ADMINISTRATIVE ASSOCIATE -  NON SUPVR,CEASED,48841.00,per Annum,0,23.98,0,0.00,0.00
2024,806,HOUSING PRESERVATION & DVLPMNT,2001-09-10T00:00:00.000,BRONX,INSPECTOR,CEASED,63619.00,per Annum,0,44.30,0,0.00,0.00
2024,806,HOUSING PRESERVATION & DVLPMNT,2022-07-11T00:00:00.000,MANHATTAN,COMMUNITY ASSOCIATE,CEASED,46767.00,per Annum,0,141.19,0,0.00,0.00
2024,806,HOUSING PRESERVATION & DVLPMNT,2022-03-21T00:00:00.000,MANHATTAN,COMMUNITY ASSOCIATE,CEASED,39483.00,per Annum,8.5,183.88,0,0.00,0.00
2024,806,HOUSING PRESERVATION & DVLPMNT,2019-02-11T00:00:00.000,BROOKLYN,INSPECTOR,CEASED,63458.00,per Annum,0,324.39,0,0.00,0.00
2024,806,HOUSING PRESERVATION & DVLPMNT,2022-09-19T00:00:00.000,MANHATTAN,COMMUNITY COORDINATOR,CEASED,67983.00,per Annum,140,781.74,0,0.00,0.00
2024,806,HOUSING PRESERVATION & DVLPMNT,1987-10-21T00:00:00.000,MANHATTAN,ADMINISTRATIVE STAFF ANALYST,CEASED,96013.00,per Annum,0,1663.74,0,0.00,0.00
2024,806,HOUSING PRESERVATION & DVLPMNT,2018-04-09T00:00:00.000,MANHATTAN,QUALITY ASSURANCE SPECIALIST,CEASED,59165.00,per Annum,0,1670.71,0,0.00,0.00
2024,806,HOUSING PRESERVATION & DVLPMNT,2022-04-04T00:00:00.000,MANHATTAN,COMMUNITY COORDINATOR,CEASED,74263.00,per Annum,0,1837.18,0,0.00,0.00
2024,806,HOUSING PRESERVATION & DVLPMNT,1981-09-21T00:00:00.000,MANHATTAN,ADMINISTRATIVE INSPECTOR,CEASED,122514.00,per Annum,0,2166.23,0,0.00,0.00
2024,806,HOUSING PRESERVATION & DVLPMNT,2022-04-04T00:00:00.000,BROOKLYN,COMMUNITY COORDINATOR,CEASED,67983.00,per Annum,0,2809.38,0,0.00,0.00
2024,806,HOUSING PRESERVATION & DVLPMNT,2017-11-13T00:00:00.000,BROOKLYN,INSPECTOR,CEASED,65414.00,per Annum,0,2904.63,0,0.00,0.00
2024,806,HOUSING PRESERVATION & DVLPMNT,2020-10-19T00:00:00.000,MANHATTAN,INSPECTOR,CEASED,61598.00,per Annum,0,3376.58,0,0.00,0.00
2024,806,HOUSING PRESERVATION & DVLPMNT,2022-03-21T00:00:00.000,MANHATTAN,COMMUNITY COORDINATOR,CEASED,89000.00,per Annum,70.75,3449.49,0,0.00,0.00
2024,806,HOUSING PRESERVATION & DVLPMNT,2016-04-25T00:00:00.000,MANHATTAN,CITY PLANNER,CEASED,112414.00,per Annum,0,3762.38,0,0.00,0.00
2024,806,HOUSING PRESERVATION & DVLPMNT,2023-06-26T00:00:00.000,MANHATTAN,COLLEGE AIDE,CEASED,19.90,per Hour,209.75,4174.03,0,0.00,0.00
2024,806,HOUSING PRESERVATION & DVLPMNT,1987-06-01T00:00:00.000,MANHATTAN,ADMINISTRATIVE STAFF ANALYST,CEASED,133047.00,per Annum,0,4231.29,0,0.00,0.00
2024,806,HOUSING PRESERVATION & DVLPMNT,2024-04-29T00:00:00.000,MANHATTAN,COMMUNITY ASSOCIATE,ACTIVE,49615.00,per Annum,245,5110.92,0,0.00,0.00
2024,806,HOUSING PRESERVATION & DVLPMNT,2023-03-20T00:00:00.000,MANHATTAN,COMMUNITY COORDINATOR,CEASED,67983.00,per Annum,140,5957.11,0,0.00,0.00
2024,806,HOUSING PRESERVATION & DVLPMNT,2023-08-21T00:00:00.000,MANHATTAN,COMMUNITY ASSOCIATE,CEASED,48170.00,per Annum,315,7738.78,0,0.00,0.00
2024,806,HOUSING PRESERVATION & DVLPMNT,2020-04-06T00:00:00.000,MANHATTAN,COMMUNITY COORDINATOR,CEASED,73109.00,per Annum,196,7836.55,0,0.00,0.00
2024,806,HOUSING PRESERVATION & DVLPMNT,2019-07-08T00:00:00.000,MANHATTAN,CUSTOMER INFORMATION REPRESENTATIVE MA L 1549,CEASED,67983.00,per Annum,254.75,9469.76,0,0.00,0.00
2024,806,HOUSING PRESERVATION & DVLPMNT,2021-12-06T00:00:00.000,MANHATTAN,COMMUNITY COORDINATOR,CEASED,71284.00,per Annum,350,15787.15,0,0.00,0.00
2024,806,HOUSING PRESERVATION & DVLPMNT,2022-09-06T00:00:00.000,MANHATTAN,COMMUNITY ASSOCIATE,CEASED,48170.00,per Annum,938.75,24714.58,0,0.00,0.00
2024,806,HOUSING PRESERVATION & DVLPMNT,2022-11-14T00:00:00.000,MANHATTAN,COMMUNITY ASSOCIATE,CEASED,48170.00,per Annum,1305,31591.16,0,0.00,0.00
2024,806,HOUSING PRESERVATION & DVLPMNT,2023-08-21T00:00:00.000,MANHATTAN,CLERICAL ASSOCIATE,ACTIVE,47100.00,per Annum,1505,36464.12,0,0.00,0.00
2024,806,HOUSING PRESERVATION & DVLPMNT,2015-08-17T00:00:00.000,MANHATTAN,COMPUTER SYSTEMS MANAGER,CEASED,105341.00,per Annum,633.5,36476.61,0,0.00,0.00
2024,806,HOUSING PRESERVATION & DVLPMNT,2023-08-21T00:00:00.000,MANHATTAN,COMMUNITY ASSOCIATE,ACTIVE,49615.00,per Annum,1505,39323.95,0,0.00,0.00
2024,806,HOUSING PRESERVATION & DVLPMNT,2021-11-29T00:00:00.000,MANHATTAN,COMMUNITY ASSOCIATE,ACTIVE,49615.00,per Annum,1683,43696.35,0,0.00,0.00
2024,806,HOUSING PRESERVATION & DVLPMNT,2006-08-14T00:00:00.000,MANHATTAN,ADMIN COMMUNITY RELATIONS SPECIALIST,ACTIVE,41.77,per Hour,972.23,43883.70,0,0.00,0.00
2024,806,HOUSING PRESERVATION & DVLPMNT,2023-04-10T00:00:00.000,MANHATTAN,CLERICAL ASSOCIATE,ACTIVE,47100.00,per Annum,1820,45976.11,0,0.00,0.00
2024,806,HOUSING PRESERVATION & DVLPMNT,2021-12-20T00:00:00.000,MANHATTAN,COMMUNITY ASSOCIATE,ON LEAVE,49615.00,per Annum,1820,46562.45,0,0.00,0.00
2024,806,HOUSING PRESERVATION & DVLPMNT,2021-10-04T00:00:00.000,MANHATTAN,COMMUNITY ASSOCIATE,ACTIVE,49615.00,per Annum,1820,46950.72,0,0.00,0.00
2024,806,HOUSING PRESERVATION & DVLPMNT,2023-05-01T00:00:00.000,MANHATTAN,COMMUNITY ASSOCIATE,ACTIVE,49615.00,per Annum,1820,47266.26,0,0.00,0.00
2024,806,HOUSING PRESERVATION & DVLPMNT,2023-05-15T00:00:00.000,MANHATTAN,COMMUNITY ASSOCIATE,ACTIVE,49615.00,per Annum,1820,47496.92,0,0.00,0.00
2024,806,HOUSING PRESERVATION & DVLPMNT,2022-10-24T00:00:00.000,MANHATTAN,COMMUNITY ASSOCIATE,CEASED,49615.00,per Annum,1820,47852.27,0,0.00,0.00
2024,806,HOUSING PRESERVATION & DVLPMNT,2022-06-13T00:00:00.000,MANHATTAN,COMMUNITY ASSOCIATE,ACTIVE,49615.00,per Annum,1820,47911.50,0,0.00,0.00
2024,806,HOUSING PRESERVATION & DVLPMNT,2020-02-18T00:00:00.000,MANHATTAN,COMMUNITY COORDINATOR,ACTIVE,70022.00,per Annum,1820,65509.88,0,0.00,0.00
2024,806,HOUSING PRESERVATION & DVLPMNT,2023-07-24T00:00:00.000,MANHATTAN,COMMUNITY COORDINATOR,ACTIVE,77250.00,per Annum,1645,67274.54,0,0.00,0.00
2024,806,HOUSING PRESERVATION & DVLPMNT,2019-12-23T00:00:00.000,MANHATTAN,COMMUNITY COORDINATOR,ACTIVE,70022.00,per Annum,1820,67618.06,0,0.00,0.00
2024,806,HOUSING PRESERVATION & DVLPMNT,2018-08-13T00:00:00.000,MANHATTAN,COMMUNITY COORDINATOR,ACTIVE,70022.00,per Annum,1820,67618.06,0,0.00,0.00
2024,806,HOUSING PRESERVATION & DVLPMNT,2023-07-24T00:00:00.000,MANHATTAN,ASSOCIATE REAL PROPERTY MANAGER,ACTIVE,82400.00,per Annum,1645,71912.58,0,0.00,0.00
2024,806,HOUSING PRESERVATION & DVLPMNT,2016-07-18T00:00:00.000,MANHATTAN,COMMUNITY COORDINATOR,ACTIVE,70022.00,per Annum,1820,72274.14,0,0.00,0.00
2024,806,HOUSING PRESERVATION & DVLPMNT,1984-08-20T00:00:00.000,MANHATTAN,ADMINISTRATIVE REAL PROPERTY MANAGER,ACTIVE,118708.00,per Annum,1820,112364.20,0,0.00,0.00
2024,806,HOUSING PRESERVATION & DVLPMNT,2017-10-10T00:00:00.000,MANHATTAN,COMPUTER SYSTEMS MANAGER,ACTIVE,137917.00,per Annum,1820,127229.61,0,0.00,0.00
2024,806,HOUSING PRESERVATION & DVLPMNT,2016-09-12T00:00:00.000,MANHATTAN,COMPUTER SYSTEMS MANAGER,ACTIVE,172702.00,per Annum,1820,166153.53,0,0.00,0.00
2024,806,HOUSING PRESERVATION & DVLPMNT,2022-03-21T00:00:00.000,MANHATTAN,COMMUNITY ASSOCIATE,CEASED,40667.00,per Annum,0,414.94,0,6.07,0.00
2024,806,HOUSING PRESERVATION & DVLPMNT,2019-12-16T00:00:00.000,MANHATTAN,COMMUNITY ASSOCIATE,CEASED,46767.00,per Annum,0,1268.12,0,7.23,0.00
2024,806,HOUSING PRESERVATION & DVLPMNT,2019-11-25T00:00:00.000,MANHATTAN,COMMUNITY ASSOCIATE,CEASED,46767.00,per Annum,0,839.34,0,91.59,0.00
2024,806,HOUSING PRESERVATION & DVLPMNT,2017-07-03T00:00:00.000,MANHATTAN,PRINCIPAL ADMINISTRATIVE ASSOCIATE -  NON SUPVR,CEASED,57852.00,per Annum,0,1599.51,0,183.17,0.00
2024,806,HOUSING PRESERVATION & DVLPMNT,2022-07-11T00:00:00.000,MANHATTAN,COMMUNITY COORDINATOR,CEASED,67983.00,per Annum,111.75,4157.48,5.75,215.97,0.00
2024,806,HOUSING PRESERVATION & DVLPMNT,2021-10-25T00:00:00.000,MANHATTAN,COMMUNITY COORDINATOR,ACTIVE,70022.00,per Annum,1820,67357.30,7,297.68,0.00
2024,806,HOUSING PRESERVATION & DVLPMNT,2022-11-28T00:00:00.000,MANHATTAN,COMMUNITY ASSOCIATE,ACTIVE,49615.00,per Annum,1820,45061.82,7.5,206.02,0.00
2024,806,HOUSING PRESERVATION & DVLPMNT,2023-01-09T00:00:00.000,MANHATTAN,COMMUNITY ASSOCIATE,ACTIVE,49615.00,per Annum,1820,47243.34,10,263.64,0.00
2024,806,HOUSING PRESERVATION & DVLPMNT,2023-02-21T00:00:00.000,MANHATTAN,COMMUNITY COORDINATOR,CEASED,77250.00,per Annum,742,31329.06,12.5,528.50,0.00
2024,806,HOUSING PRESERVATION & DVLPMNT,2016-06-27T00:00:00.000,MANHATTAN,COMMUNITY ASSOCIATE,ACTIVE,49615.00,per Annum,1540,40541.22,41.25,1087.57,0.00
2024,806,HOUSING PRESERVATION & DVLPMNT,2002-09-23T00:00:00.000,BROOKLYN,PRINCIPAL ADMINISTRATIVE ASSOCIATE -  NON SUPVR,CEASED,61635.00,per Annum,0,162.90,0,0.00,7.58
2024,806,HOUSING PRESERVATION & DVLPMNT,2024-01-08T00:00:00.000,MANHATTAN,COMMUNITY COORDINATOR,ACTIVE,72100.00,per Annum,805,29042.40,0,0.00,8.25
2024,806,HOUSING PRESERVATION & DVLPMNT,2021-05-03T00:00:00.000,MANHATTAN,COMMUNITY ASSOCIATE,ACTIVE,49615.00,per Annum,1820,43934.14,0,0.00,8.25
2024,806,HOUSING PRESERVATION & DVLPMNT,2024-01-08T00:00:00.000,MANHATTAN,COMMUNITY ASSOCIATE,ACTIVE,49615.00,per Annum,805,21150.07,9.25,293.32,8.25
2024,806,HOUSING PRESERVATION & DVLPMNT,2020-08-24T00:00:00.000,QUEENS,INSPECTOR,CEASED,56825.00,per Annum,0,2475.16,0,87.35,10.10
2024,806,HOUSING PRESERVATION & DVLPMNT,2022-03-21T00:00:00.000,MANHATTAN,COMMUNITY ASSOCIATE,ACTIVE,49615.00,per Annum,1820,47911.50,8.75,230.68,16.50
2024,806,HOUSING PRESERVATION & DVLPMNT,2002-02-04T00:00:00.000,MANHATTAN,AGENCY ATTORNEY,ACTIVE,131921.00,per Annum,1820,139862.07,0,0.00,24712.19
2024,806,HOUSING PRESERVATION & DVLPMNT,1989-05-22T00:00:00.000,MANHATTAN,ADMINISTRATIVE MANAGER,CEASED,215000.00,per Annum,0,0.00,0,0.00,39063.22
2024,806,HOUSING PRESERVATION & DVLPMNT,1988-05-16T00:00:00.000,MANHATTAN,ADMINISTRATIVE INSPECTOR,CEASED,139050.00,per Annum,0,0.00,0,0.00,46350.00
2024,806,HOUSING PRESERVATION & DVLPMNT,2019-08-05T00:00:00.000,MANHATTAN,ASSOCIATE HOUSING DEVELOPMENT SPECIALIST,CEASED,97776.00,per Annum,833,40775.53,12.75,726.55,55054.35
2024,806,HOUSING PRESERVATION & DVLPMNT,2006-07-03T00:00:00.000,MANHATTAN,COMPUTER SYSTEMS MANAGER,CEASED,124099.00,per Annum,0,0.00,0,0.00,60701.79
2024,806,HOUSING PRESERVATION & DVLPMNT,2007-04-16T00:00:00.000,MANHATTAN,ASSISTANT COMMISSIONER,CEASED,118434.00,per Annum,0,0.00,0,0.00,82422.89
2024,806,HOUSING PRESERVATION & DVLPMNT,2013-07-29T00:00:00.000,MANHATTAN,ADMINISTRATIVE PROJECT DIRECTOR,CEASED,127169.00,per Annum,875,69550.86,0,0.00,106240.07
2024,806,HOUSING PRESERVATION & DVLPMNT,1997-08-25T00:00:00.000,QUEENS,ASSOCIATE INSPECTOR,ACTIVE,95613.00,per Annum,2080,102256.26,91,7476.59,18443.24
2024,806,HOUSING PRESERVATION & DVLPMNT,2000-07-24T00:00:00.000,MANHATTAN,INSPECTOR,CEASED,67932.00,per Annum,1452,52261.70,28.75,1727.02,15765.48
2024,806,HOUSING PRESERVATION & DVLPMNT,2021-05-17T00:00:00.000,MANHATTAN,ASSISTANT COMMISSIONER,CEASED,137410.00,per Annum,1071,80431.43,0,0.00,15258.84
2024,806,HOUSING PRESERVATION & DVLPMNT,2006-12-26T00:00:00.000,MANHATTAN,INSPECTOR,ACTIVE,70041.00,per Annum,2080,75227.75,0.5,97.02,15088.12
2024,806,HOUSING PRESERVATION & DVLPMNT,2014-10-06T00:00:00.000,MANHATTAN,AGENCY ATTORNEY,ACTIVE,111472.00,per Annum,1820,117081.49,0,0.00,15017.86
2024,806,HOUSING PRESERVATION & DVLPMNT,2006-12-26T00:00:00.000,BRONX,ASSOCIATE INSPECTOR,ACTIVE,79171.00,per Annum,2080,81723.69,22,1721.93,14498.19
2024,806,HOUSING PRESERVATION & DVLPMNT,2016-07-18T00:00:00.000,MANHATTAN,COMPUTER ASSOCIATE,CEASED,105793.00,per Annum,1442,75278.61,0,0.00,12727.33
2024,806,HOUSING PRESERVATION & DVLPMNT,2003-08-18T00:00:00.000,MANHATTAN,CONSTRUCTION PROJECT MANAGER,ACTIVE,92057.00,per Annum,1820,88756.04,0,0.00,12420.04
2024,806,HOUSING PRESERVATION & DVLPMNT,2004-06-28T00:00:00.000,MANHATTAN,INSPECTOR,ON LEAVE,70083.00,per Annum,1920,66366.30,0,0.00,10712.63
2024,806,HOUSING PRESERVATION & DVLPMNT,2016-10-11T00:00:00.000,MANHATTAN,AGENCY ATTORNEY,ACTIVE,122494.00,per Annum,1820,118854.89,0,0.00,10693.95
2024,806,HOUSING PRESERVATION & DVLPMNT,2004-10-04T00:00:00.000,MANHATTAN,ASSOCIATE PROJECT MANAGER,ACTIVE,97070.00,per Annum,1820,93596.94,279.75,18836.58,10549.02
2024,806,HOUSING PRESERVATION & DVLPMNT,2004-06-21T00:00:00.000,MANHATTAN,CONSTRUCTION PROJECT MANAGER,ACTIVE,87701.00,per Annum,1820,74164.62,6,265.51,10545.90
2024,806,HOUSING PRESERVATION & DVLPMNT,1993-03-29T00:00:00.000,MANHATTAN,CONSTRUCTION PROJECT MANAGER,ACTIVE,97474.00,per Annum,1820,92551.93,0,0.00,10073.56
2024,806,HOUSING PRESERVATION & DVLPMNT,2017-12-18T00:00:00.000,MANHATTAN,INSPECTOR,ACTIVE,69513.00,per Annum,2080,74377.71,12,902.55,9961.37
2024,806,HOUSING PRESERVATION & DVLPMNT,2017-01-03T00:00:00.000,MANHATTAN,CONSTRUCTION PROJECT MANAGER,ACTIVE,106522.00,per Annum,1820,102723.57,0,0.00,9825.48
2024,806,HOUSING PRESERVATION & DVLPMNT,2008-03-31T00:00:00.000,MANHATTAN,ASSOCIATE INSPECTOR,CEASED,76978.00,per Annum,680,32881.29,-0.75,-31.80,9172.06
2024,806,HOUSING PRESERVATION & DVLPMNT,2019-07-22T00:00:00.000,MANHATTAN,COMPUTER SPECIALIST,CEASED,102982.00,per Annum,903,50824.44,0,0.00,8956.11
2024,806,HOUSING PRESERVATION & DVLPMNT,2023-03-27T00:00:00.000,MANHATTAN,INSPECTOR,ACTIVE,69328.00,per Annum,2080,68627.33,278.25,14017.31,8834.75
2024,806,HOUSING PRESERVATION & DVLPMNT,2000-07-31T00:00:00.000,BROOKLYN,PRINCIPAL ADMINISTRATIVE ASSOCIATE -  NON SUPVR,ACTIVE,59758.00,per Annum,1820,61979.22,0,2.92,8676.47
2024,806,HOUSING PRESERVATION & DVLPMNT,2018-05-07T00:00:00.000,MANHATTAN,INSPECTOR,ACTIVE,69454.00,per Annum,2080,73508.77,0,0.00,8646.26
2024,806,HOUSING PRESERVATION & DVLPMNT,1995-03-13T00:00:00.000,MANHATTAN,SENIOR REPAIR CREW CHIEF,ACTIVE,77716.00,per Annum,1820,75024.10,466,26921.31,8630.89
2024,806,HOUSING PRESERVATION & DVLPMNT,2017-07-17T00:00:00.000,MANHATTAN,ADMINISTRATIVE STAFF ANALYST,ACTIVE,99122.00,per Annum,1820,104767.31,0,0.00,7939.23
2024,806,HOUSING PRESERVATION & DVLPMNT,2022-12-12T00:00:00.000,MANHATTAN,INSPECTOR,ACTIVE,69328.00,per Annum,2080,69701.33,56.75,2913.02,7933.83
2024,806,HOUSING PRESERVATION & DVLPMNT,2022-07-11T00:00:00.000,MANHATTAN,SUPERVISOR OF ELECTRICAL INSTALLATIONS & MAINTENANCE,ACTIVE,87946.00,per Annum,1820,85419.48,0,0.00,7929.92
2024,806,HOUSING PRESERVATION & DVLPMNT,2002-09-23T00:00:00.000,MANHATTAN,PRINCIPAL ADMINISTRATIVE ASSOCIATE -  NON SUPVR,ACTIVE,64704.00,per Annum,1820,67105.98,0,0.00,7859.25
2024,806,HOUSING PRESERVATION & DVLPMNT,2020-03-09T00:00:00.000,QUEENS,INSPECTOR,ACTIVE,69373.00,per Annum,2080,73929.57,3,192.25,7842.08
2024,806,HOUSING PRESERVATION & DVLPMNT,2022-06-06T00:00:00.000,MANHATTAN,INSPECTOR,ACTIVE,69328.00,per Annum,2080,71648.27,0,49.39,7713.55
2024,806,HOUSING PRESERVATION & DVLPMNT,1995-02-06T00:00:00.000,MANHATTAN,HOUSING DEVELOPMENT SPECIALIST,ACTIVE,73878.00,per Annum,1820,70518.01,0,0.00,7451.37
2024,806,HOUSING PRESERVATION & DVLPMNT,2004-05-24T00:00:00.000,MANHATTAN,ESTIMATOR,ACTIVE,84576.00,per Annum,1820,81672.17,0,0.00,6964.03
2024,806,HOUSING PRESERVATION & DVLPMNT,2022-10-17T00:00:00.000,QUEENS,INSPECTOR,ACTIVE,69328.00,per Annum,1700,57499.40,42.5,2146.57,6958.43
2024,806,HOUSING PRESERVATION & DVLPMNT,2008-01-07T00:00:00.000,MANHATTAN,ASSISTANT MECHANICAL ENGINEER,ACTIVE,84024.00,per Annum,1820,81139.12,188.5,10843.22,6910.69
2024,806,HOUSING PRESERVATION & DVLPMNT,1989-02-01T00:00:00.000,MANHATTAN,PRINCIPAL ADMINISTRATIVE ASSOCIATE -  NON SUPVR,ACTIVE,92420.00,per Annum,1820,90600.37,484,34797.87,6909.14
2024,806,HOUSING PRESERVATION & DVLPMNT,2005-06-06T00:00:00.000,MANHATTAN,PRINCIPAL ADMINISTRATIVE ASSOCIATE -  NON SUPVR,ACTIVE,77480.00,per Annum,1820,80348.18,0,0.00,6847.03
2024,806,HOUSING PRESERVATION & DVLPMNT,2017-06-05T00:00:00.000,MANHATTAN,CERTIFIED IT DEVELOPER,ACTIVE,128000.00,per Annum,1820,120596.58,0,0.00,6649.24
2024,806,HOUSING PRESERVATION & DVLPMNT,2023-02-21T00:00:00.000,QUEENS,INSPECTOR,ACTIVE,69328.00,per Annum,2080,68985.06,137.5,6750.09,6047.72
2024,806,HOUSING PRESERVATION & DVLPMNT,2020-08-24T00:00:00.000,BROOKLYN,INSPECTOR,ACTIVE,69373.00,per Annum,2080,73378.35,25,1714.23,5891.39
2024,806,HOUSING PRESERVATION & DVLPMNT,2018-07-16T00:00:00.000,BROOKLYN,CONSTRUCTION PROJECT MANAGER,ON LEAVE,73878.00,per Annum,1820,68778.62,30.25,1609.50,5880.51
2024,806,HOUSING PRESERVATION & DVLPMNT,2023-06-12T00:00:00.000,MANHATTAN,INSPECTOR,ACTIVE,69328.00,per Annum,2080,66821.80,19,932.73,5839.99
2024,806,HOUSING PRESERVATION & DVLPMNT,1986-08-14T00:00:00.000,MANHATTAN,ASSOCIATE REAL PROPERTY MANAGER,CEASED,75726.00,per Annum,1512,62573.75,0,0.00,5557.01
2024,806,HOUSING PRESERVATION & DVLPMNT,2021-10-04T00:00:00.000,QUEENS,INSPECTOR,ACTIVE,69340.00,per Annum,2080,72492.71,0.75,75.74,5554.86
2024,806,HOUSING PRESERVATION & DVLPMNT,1997-10-27T00:00:00.000,MANHATTAN,CLERICAL ASSOCIATE,ACTIVE,59766.00,per Annum,1820,57690.80,0,0.00,5531.45
2024,806,HOUSING PRESERVATION & DVLPMNT,2016-02-16T00:00:00.000,MANHATTAN,COMPUTER SPECIALIST,ACTIVE,106071.00,per Annum,1820,102429.22,4.25,252.45,5511.24
2024,806,HOUSING PRESERVATION & DVLPMNT,2015-10-05T00:00:00.000,MANHATTAN,COMPUTER SPECIALIST,ACTIVE,120668.00,per Annum,1820,116524.16,0,0.00,5511.24
2024,806,HOUSING PRESERVATION & DVLPMNT,2009-09-08T00:00:00.000,MANHATTAN,COMPUTER SPECIALIST,ACTIVE,106071.00,per Annum,1820,102429.22,0,0.00,5511.24
2024,806,HOUSING PRESERVATION & DVLPMNT,1988-07-25T00:00:00.000,MANHATTAN,SECRETARY,ACTIVE,53036.00,per Annum,1820,49671.93,0,0.00,5359.22
2024,806,HOUSING PRESERVATION & DVLPMNT,2023-02-21T00:00:00.000,MANHATTAN,INSPECTOR,ACTIVE,69328.00,per Annum,2080,68972.64,24,1178.18,5301.97
2024,806,HOUSING PRESERVATION & DVLPMNT,2015-04-13T00:00:00.000,MANHATTAN,CONSTRUCTION PROJECT MANAGER,ACTIVE,93417.00,per Annum,1820,90164.35,0,0.00,5266.02
2024,806,HOUSING PRESERVATION & DVLPMNT,2022-10-17T00:00:00.000,MANHATTAN,INSPECTOR,ACTIVE,69328.00,per Annum,2080,70254.57,28,1383.16,5265.84
2024,806,HOUSING PRESERVATION & DVLPMNT,2007-11-26T00:00:00.000,MANHATTAN,ADMINISTRATIVE STAFF ANALYST,ACTIVE,128976.00,per Annum,1820,136674.96,153.5,12298.22,5184.35
2024,806,HOUSING PRESERVATION & DVLPMNT,2023-05-08T00:00:00.000,MANHATTAN,INSPECTOR,ACTIVE,69328.00,per Annum,2080,66721.15,58.5,2848.04,4945.47
2024,806,HOUSING PRESERVATION & DVLPMNT,2023-03-27T00:00:00.000,MANHATTAN,INSPECTOR,ACTIVE,69328.00,per Annum,2080,67330.35,34.75,1705.93,4928.36
2024,806,HOUSING PRESERVATION & DVLPMNT,2003-09-15T00:00:00.000,MANHATTAN,ADM MANAGER-NON-MGRL,ACTIVE,113888.00,per Annum,1820,117218.61,0,0.00,4923.11
2024,806,HOUSING PRESERVATION & DVLPMNT,2004-06-21T00:00:00.000,BRONX,INSPECTOR,ACTIVE,75311.00,per Annum,1400,43293.73,13,753.96,4911.25
2024,806,HOUSING PRESERVATION & DVLPMNT,2022-09-12T00:00:00.000,MANHATTAN,PRINCIPAL ADMINISTRATIVE ASSOCIATE -  NON SUPVR,ACTIVE,66672.00,per Annum,1820,67739.08,0,1.52,4889.51
2024,806,HOUSING PRESERVATION & DVLPMNT,1987-06-29T00:00:00.000,MANHATTAN,ADM MANAGER-NON-MGRL,ACTIVE,83435.00,per Annum,1820,86520.10,8.25,563.55,4865.55
2024,806,HOUSING PRESERVATION & DVLPMNT,2002-04-29T00:00:00.000,MANHATTAN,ADMINISTRATIVE STAFF ANALYST,ACTIVE,159135.00,per Annum,1820,163369.75,13.25,1253.94,4590.24
2024,806,HOUSING PRESERVATION & DVLPMNT,2006-08-14T00:00:00.000,MANHATTAN,ADM MANAGER-NON-MGRL,ACTIVE,77181.00,per Annum,1820,80930.57,0,0.00,4534.92
2024,806,HOUSING PRESERVATION & DVLPMNT,2018-12-10T00:00:00.000,MANHATTAN,CONSTRUCTION PROJECT MANAGER,ACTIVE,93274.00,per Annum,1820,90070.99,0,0.00,4413.14
2024,806,HOUSING PRESERVATION & DVLPMNT,2023-05-08T00:00:00.000,BROOKLYN,INSPECTOR,ACTIVE,69328.00,per Annum,2000,61393.02,9,441.82,4240.54
2024,806,HOUSING PRESERVATION & DVLPMNT,2023-06-12T00:00:00.000,BRONX,INSPECTOR,ACTIVE,69328.00,per Annum,2080,67455.81,0,0.00,4240.12
2024,806,HOUSING PRESERVATION & DVLPMNT,2016-12-19T00:00:00.000,MANHATTAN,ADM MANAGER-NON-MGRL,ACTIVE,90271.00,per Annum,1820,79992.10,0,0.00,4030.25
2024,806,HOUSING PRESERVATION & DVLPMNT,2008-06-30T00:00:00.000,MANHATTAN,ADMIN COMMUNITY RELATIONS SPECIALIST,ACTIVE,76347.00,per Annum,1820,80263.97,0,0.00,3979.61
2024,806,HOUSING PRESERVATION & DVLPMNT,2022-10-17T00:00:00.000,BROOKLYN,INSPECTOR,CEASED,67309.00,per Annum,720,26023.40,51.75,2609.94,3927.83
2024,806,HOUSING PRESERVATION & DVLPMNT,2015-09-21T00:00:00.000,MANHATTAN,ADMINISTRATIVE PROCUREMENT ANALYST-NON-MGRL,ACTIVE,106670.00,per Annum,1820,108370.92,16.25,1295.52,3606.95
2024,806,HOUSING PRESERVATION & DVLPMNT,2013-08-12T00:00:00.000,MANHATTAN,HOUSING DEVELOPMENT SPECIALIST,ACTIVE,89050.00,per Annum,1820,85947.25,191.5,10117.89,3386.28
2024,806,HOUSING PRESERVATION & DVLPMNT,1998-08-24T00:00:00.000,MANHATTAN,ADMINISTRATIVE PROCUREMENT ANALYST-NON-MGRL,ACTIVE,86844.00,per Annum,1820,88341.08,0,0.00,3298.50
2024,806,HOUSING PRESERVATION & DVLPMNT,1986-05-27T00:00:00.000,MANHATTAN,ADMINISTRATIVE ARCHITECT,CEASED,126537.00,per Annum,1512,115820.90,0,0.00,3250.00
2024,806,HOUSING PRESERVATION & DVLPMNT,2014-01-06T00:00:00.000,MANHATTAN,ADMIN COMMUNITY RELATIONS SPECIALIST,ACTIVE,78528.00,per Annum,1820,84243.51,78.75,4848.50,3206.91
2024,806,HOUSING PRESERVATION & DVLPMNT,2022-04-18T00:00:00.000,MANHATTAN,CITY PLANNER,ACTIVE,99658.00,per Annum,1820,92931.73,0,0.00,3164.04
2024,806,HOUSING PRESERVATION & DVLPMNT,2014-08-25T00:00:00.000,MANHATTAN,ASSOCIATE HOUSING DEVELOPMENT SPECIALIST,ACTIVE,105157.00,per Annum,1820,100926.60,0,0.00,3102.13
2024,806,HOUSING PRESERVATION & DVLPMNT,2007-12-17T00:00:00.000,BROOKLYN,ADMINISTRATIVE INSPECTOR,ACTIVE,105790.00,per Annum,1820,109071.38,0,290.97,3037.95
2024,806,HOUSING PRESERVATION & DVLPMNT,1990-06-04T00:00:00.000,MANHATTAN,ADMINISTRATIVE STAFF ANALYST,ACTIVE,185943.00,per Annum,1820,195124.86,0,0.00,3000.00
2024,806,HOUSING PRESERVATION & DVLPMNT,2017-01-03T00:00:00.000,MANHATTAN,SECRETARY OF THE DEPARTMENT,ACTIVE,168838.00,per Annum,1820,171542.85,0,0.00,3000.00
2024,806,HOUSING PRESERVATION & DVLPMNT,2014-11-24T00:00:00.000,MANHATTAN,COMPUTER SYSTEMS MANAGER,ACTIVE,159043.00,per Annum,1820,162812.25,0,0.00,3000.00
2024,806,HOUSING PRESERVATION & DVLPMNT,2000-03-06T00:00:00.000,BRONX,ADMINISTRATIVE INSPECTOR,ACTIVE,108964.00,per Annum,1820,114987.71,0,0.00,3000.00
2024,806,HOUSING PRESERVATION & DVLPMNT,2014-12-15T00:00:00.000,MANHATTAN,ADMIN COMMUNITY RELATIONS SPECIALIST,ACTIVE,76301.00,per Annum,1820,80769.22,0,0.00,3000.00
2024,806,HOUSING PRESERVATION & DVLPMNT,2015-04-13T00:00:00.000,MANHATTAN,CONSTRUCTION PROJECT MANAGER,ACTIVE,87845.00,per Annum,1820,82290.02,0,0.00,2919.55
2024,806,HOUSING PRESERVATION & DVLPMNT,2010-09-13T00:00:00.000,MANHATTAN,ASSOCIATE REAL PROPERTY MANAGER,ACTIVE,90710.00,per Annum,1820,84011.68,0,0.00,2894.52
2024,806,HOUSING PRESERVATION & DVLPMNT,2015-08-10T00:00:00.000,MANHATTAN,APPRAISER,ACTIVE,76589.00,per Annum,1820,73959.03,0,0.00,2774.18
2024,806,HOUSING PRESERVATION & DVLPMNT,1997-03-03T00:00:00.000,MANHATTAN,COMMUNITY SERVICE AIDE,ACTIVE,21.83,per Hour,1604.22,33977.49,0,0.00,2521.92
2024,806,HOUSING PRESERVATION & DVLPMNT,2005-09-26T00:00:00.000,MANHATTAN,SUPERVISOR OF MECHANICAL INSTALLATIONS & MAINTENANCE,CEASED,85890.00,per Annum,887.75,41673.58,0,0.00,2386.41
2024,806,HOUSING PRESERVATION & DVLPMNT,2023-03-27T00:00:00.000,MANHATTAN,INSPECTOR,CEASED,67309.00,per Annum,0,-1672.17,0,0.00,2146.03
2024,806,HOUSING PRESERVATION & DVLPMNT,2017-02-13T00:00:00.000,MANHATTAN,CIVIL ENGINEER,ACTIVE,104267.00,per Annum,1820,100686.78,0,0.00,2126.97
2024,806,HOUSING PRESERVATION & DVLPMNT,2023-08-07T00:00:00.000,MANHATTAN,COMMUNITY COORDINATOR,CEASED,70022.00,per Annum,1505,47407.97,0,0.00,2080.36
2024,806,HOUSING PRESERVATION & DVLPMNT,2022-01-10T00:00:00.000,MANHATTAN,HOUSING DEVELOPMENT SPECIALIST,ACTIVE,73878.00,per Annum,1820,71341.09,0,0.00,2058.52
2024,806,HOUSING PRESERVATION & DVLPMNT,1981-12-29T00:00:00.000,MANHATTAN,CLERICAL ASSOCIATE,CEASED,60082.00,per Annum,656.25,21551.35,0,0.00,1983.59
2024,806,HOUSING PRESERVATION & DVLPMNT,2019-02-11T00:00:00.000,MANHATTAN,CONSTRUCTION PROJECT MANAGER,ACTIVE,87701.00,per Annum,1820,88678.78,4.25,352.19,1886.35
2024,806,HOUSING PRESERVATION & DVLPMNT,2017-11-27T00:00:00.000,BROOKLYN,COMMUNITY COORDINATOR,ACTIVE,70022.00,per Annum,1820,59954.37,62.75,2496.11,1806.47
2024,806,HOUSING PRESERVATION & DVLPMNT,2023-06-26T00:00:00.000,BROOKLYN,SENIOR REPAIR CREW CHIEF,ACTIVE,55478.00,per Annum,1785,52540.06,274.25,10941.12,1794.96
2024,806,HOUSING PRESERVATION & DVLPMNT,2008-07-21T00:00:00.000,MANHATTAN,COMMUNITY COORDINATOR,ACTIVE,70022.00,per Annum,1820,67618.06,0,0.00,1748.95
2024,806,HOUSING PRESERVATION & DVLPMNT,2023-01-09T00:00:00.000,MANHATTAN,CITY PLANNER,ACTIVE,95481.00,per Annum,1820,92202.42,0,0.00,1695.33
2024,806,HOUSING PRESERVATION & DVLPMNT,2004-04-19T00:00:00.000,BROOKLYN,COMMUNITY COORDINATOR,ACTIVE,78363.00,per Annum,1820,75648.69,12.75,631.29,1649.34
2024,806,HOUSING PRESERVATION & DVLPMNT,2017-04-10T00:00:00.000,MANHATTAN,CITY RESEARCH SCIENTIST,ACTIVE,116157.00,per Annum,1820,109059.57,0,0.00,1552.07
2024,806,HOUSING PRESERVATION & DVLPMNT,2015-10-13T00:00:00.000,MANHATTAN,HOUSING DEVELOPMENT SPECIALIST,ACTIVE,94518.00,per Annum,1792,89868.56,0,0.00,1529.97
2024,806,HOUSING PRESERVATION & DVLPMNT,2004-04-19T00:00:00.000,MANHATTAN,COMMUNITY ASSISTANT,ACTIVE,53100.00,per Annum,1820,51253.36,0,0.00,1520.47
2024,806,HOUSING PRESERVATION & DVLPMNT,2004-04-19T00:00:00.000,MANHATTAN,COMMUNITY ASSOCIATE,ACTIVE,66598.00,per Annum,1820,64288.17,239.5,9716.12,1491.99
2024,806,HOUSING PRESERVATION & DVLPMNT,2002-09-30T00:00:00.000,MANHATTAN,COMMUNITY ASSOCIATE,ACTIVE,50860.00,per Annum,1820,49090.20,54.5,1516.39,1479.22
2024,806,HOUSING PRESERVATION & DVLPMNT,2021-12-13T00:00:00.000,MANHATTAN,COMMUNITY ASSOCIATE,CEASED,48170.00,per Annum,1540,36783.69,0,0.00,1474.05
2024,806,HOUSING PRESERVATION & DVLPMNT,2002-10-07T00:00:00.000,BROOKLYN,COMMUNITY COORDINATOR,ACTIVE,70151.00,per Annum,1820,67718.68,0,0.00,1470.97
2024,806,HOUSING PRESERVATION & DVLPMNT,2004-06-28T00:00:00.000,MANHATTAN,COMMUNITY COORDINATOR,ACTIVE,70124.00,per Annum,1820,67692.68,0,0.00,1470.97
2024,806,HOUSING PRESERVATION & DVLPMNT,2000-05-01T00:00:00.000,MANHATTAN,COMMUNITY COORDINATOR,ACTIVE,70071.00,per Annum,1820,67641.98,0,0.00,1470.97
2024,806,HOUSING PRESERVATION & DVLPMNT,2004-04-19T00:00:00.000,MANHATTAN,COMMUNITY ASSOCIATE,ACTIVE,59171.00,per Annum,1820,57115.89,0,0.00,1470.97
2024,806,HOUSING PRESERVATION & DVLPMNT,2002-09-23T00:00:00.000,MANHATTAN,COMMUNITY ASSOCIATE,ON SEPARATION LEAVE,50971.00,per Annum,1820,49197.59,0,0.00,1470.97
2024,806,HOUSING PRESERVATION & DVLPMNT,2023-05-15T00:00:00.000,BROOKLYN,CONSTRUCTION PROJECT MANAGER,ACTIVE,73878.00,per Annum,1820,71557.25,94.75,4563.80,1318.51
2024,806,HOUSING PRESERVATION & DVLPMNT,2017-07-17T00:00:00.000,MANHATTAN,CITY PLANNER,ACTIVE,123589.00,per Annum,1820,118509.38,0,0.00,1263.10
2024,806,HOUSING PRESERVATION & DVLPMNT,2023-05-15T00:00:00.000,BROOKLYN,CONSTRUCTION PROJECT MANAGER,ACTIVE,73878.00,per Annum,1820,71341.09,370.5,20345.86,1224.32
2024,806,HOUSING PRESERVATION & DVLPMNT,2019-12-09T00:00:00.000,MANHATTAN,COMMUNITY ASSOCIATE,CEASED,48170.00,per Annum,245,6453.34,14,487.78,1213.02
2024,806,HOUSING PRESERVATION & DVLPMNT,2015-10-19T00:00:00.000,MANHATTAN,COMMUNITY COORDINATOR,ACTIVE,83993.00,per Annum,1820,85163.16,0,138.49,1152.08
2024,806,HOUSING PRESERVATION & DVLPMNT,2019-05-13T00:00:00.000,MANHATTAN,CONSTRUCTION PROJECT MANAGER,ACTIVE,87701.00,per Annum,1820,90037.49,62.25,4207.17,991.42
2024,806,HOUSING PRESERVATION & DVLPMNT,2019-04-29T00:00:00.000,MANHATTAN,ASSOCIATE HOUSING DEVELOPMENT SPECIALIST,ACTIVE,121618.00,per Annum,1820,117442.31,28.5,1879.70,887.29
2024,806,HOUSING PRESERVATION & DVLPMNT,2024-01-16T00:00:00.000,MANHATTAN,CONSTRUCTION PROJECT MANAGER,ACTIVE,73878.00,per Annum,770,30179.82,0,0.00,844.09
2024,806,HOUSING PRESERVATION & DVLPMNT,2015-08-10T00:00:00.000,MANHATTAN,COMMUNITY ASSOCIATE,CEASED,66696.00,per Annum,980,32152.76,0,0.00,770.66
2024,806,HOUSING PRESERVATION & DVLPMNT,2016-08-01T00:00:00.000,MANHATTAN,SENIOR REPAIR CREW CHIEF,ACTIVE,73940.00,per Annum,1820,67554.14,666.25,34284.77,761.68
2024,806,HOUSING PRESERVATION & DVLPMNT,1979-10-09T00:00:00.000,QUEENS,ADM MANAGER-NON-MGRL,CEASED,83411.00,per Annum,658,34869.02,0,222.30,747.57
2024,806,HOUSING PRESERVATION & DVLPMNT,2019-05-13T00:00:00.000,MANHATTAN,ASSOCIATE HOUSING DEVELOPMENT SPECIALIST,ACTIVE,117270.00,per Annum,1820,113097.65,7.75,485.27,732.54
2024,806,HOUSING PRESERVATION & DVLPMNT,2020-03-23T00:00:00.000,MANHATTAN,ASSOCIATE HOUSING DEVELOPMENT SPECIALIST,ACTIVE,111637.00,per Annum,1820,107803.17,0,0.00,669.88
2024,806,HOUSING PRESERVATION & DVLPMNT,2023-12-11T00:00:00.000,MANHATTAN,INSPECTOR,ACTIVE,69328.00,per Annum,1080,35166.13,0.75,37.91,669.07
2024,806,HOUSING PRESERVATION & DVLPMNT,2013-04-08T00:00:00.000,MANHATTAN,COMMUNITY COORDINATOR,ACTIVE,80744.00,per Annum,1820,75305.22,0,0.00,667.61
2024,806,HOUSING PRESERVATION & DVLPMNT,2019-02-19T00:00:00.000,MANHATTAN,ASSOCIATE HOUSING DEVELOPMENT SPECIALIST,ACTIVE,121496.00,per Annum,1540,90251.89,0,0.00,629.26
2024,806,HOUSING PRESERVATION & DVLPMNT,2019-06-24T00:00:00.000,BROOKLYN,COMMUNITY COORDINATOR,ACTIVE,70022.00,per Annum,1820,50942.98,9.25,322.98,587.68
2024,806,HOUSING PRESERVATION & DVLPMNT,2020-03-09T00:00:00.000,MANHATTAN,CONSTRUCTION PROJECT MANAGER,ACTIVE,73878.00,per Annum,1820,72833.65,0,107.91,587.14
2024,806,HOUSING PRESERVATION & DVLPMNT,2022-01-24T00:00:00.000,MANHATTAN,COMPUTER SPECIALIST,ACTIVE,106071.00,per Annum,1820,102429.22,0,0.00,555.34
2024,806,HOUSING PRESERVATION & DVLPMNT,2007-01-16T00:00:00.000,MANHATTAN,AGENCY ATTORNEY,CEASED,106329.00,per Annum,0,5611.21,0,0.00,507.87
2024,806,HOUSING PRESERVATION & DVLPMNT,2023-04-03T00:00:00.000,MANHATTAN,ASSOCIATE HOUSING DEVELOPMENT SPECIALIST,ACTIVE,96621.00,per Annum,1820,92686.80,0,0.00,492.50
2024,806,HOUSING PRESERVATION & DVLPMNT,2018-07-30T00:00:00.000,BRONX,ASSOCIATE REAL PROPERTY MANAGER,ACTIVE,76764.00,per Annum,1820,73811.65,0,0.00,474.21
2024,806,HOUSING PRESERVATION & DVLPMNT,2018-06-04T00:00:00.000,MANHATTAN,REAL PROPERTY MANAGER,ACTIVE,64369.00,per Annum,1818,55635.90,0,0.00,416.61
2024,806,HOUSING PRESERVATION & DVLPMNT,2019-09-30T00:00:00.000,BROOKLYN,CONSTRUCTION PROJECT MANAGER,CEASED,71726.00,per Annum,667.75,24806.80,10.25,493.26,416.45
2024,806,HOUSING PRESERVATION & DVLPMNT,2015-10-26T00:00:00.000,QUEENS,COMMUNITY COORDINATOR,ACTIVE,83191.00,per Annum,1820,86398.12,0,0.00,379.14
2024,806,HOUSING PRESERVATION & DVLPMNT,2023-06-26T00:00:00.000,MANHATTAN,COMMUNITY COORDINATOR,ACTIVE,70022.00,per Annum,1785,66314.28,0,0.00,307.75
2024,806,HOUSING PRESERVATION & DVLPMNT,2019-10-15T00:00:00.000,MANHATTAN,COMMUNITY COORDINATOR,ACTIVE,84199.00,per Annum,1759,82093.72,0,0.00,240.75
2024,806,HOUSING PRESERVATION & DVLPMNT,2014-10-27T00:00:00.000,MANHATTAN,ADMINISTRATIVE PROJECT DIRECTOR,ACTIVE,110059.00,per Annum,1820,112528.11,0,163.04,200.45
2024,806,HOUSING PRESERVATION & DVLPMNT,2022-04-04T00:00:00.000,BROOKLYN,CLERICAL ASSOCIATE,ACTIVE,49615.00,per Annum,1820,47911.50,7.75,240.59,184.56
2024,806,HOUSING PRESERVATION & DVLPMNT,1981-01-13T00:00:00.000,BROOKLYN,ASSOCIATE INSPECTOR,CEASED,77456.00,per Annum,0,7746.46,0,138.21,170.59
2024,806,HOUSING PRESERVATION & DVLPMNT,2018-09-24T00:00:00.000,MANHATTAN,COMMUNITY COORDINATOR,ACTIVE,70022.00,per Annum,1820,67618.06,0,0.00,140.25
2024,806,HOUSING PRESERVATION & DVLPMNT,2023-07-10T00:00:00.000,BRONX,COMMUNITY COORDINATOR,ACTIVE,70022.00,per Annum,1715,63528.13,2.75,102.33,135.40
2024,806,HOUSING PRESERVATION & DVLPMNT,2023-08-21T00:00:00.000,MANHATTAN,COMMUNITY COORDINATOR,ACTIVE,79825.00,per Annum,1505,63736.32,0,0.00,132.00
2024,69,HRA/DEPT OF SOCIAL SERVICES,2018-05-14T00:00:00.000,BROOKLYN,ELIGIBILITY SPECIALIST,ACTIVE,48858.00,per Annum,1820,47180.32,641.25,23877.04,3504.06
2024,69,HRA/DEPT OF SOCIAL SERVICES,2014-10-27T00:00:00.000,MANHATTAN,ELIGIBILITY SPECIALIST,ACTIVE,52113.00,per Annum,1820,48982.45,173.25,5916.17,3490.26
2024,69,HRA/DEPT OF SOCIAL SERVICES,1998-05-19T00:00:00.000,MANHATTAN,ADMINISTRATIVE DIRECTOR OF SOCIAL SERVICES,ACTIVE,105895.00,per Annum,1820,102235.25,266,18918.53,3478.80
2024,69,HRA/DEPT OF SOCIAL SERVICES,2023-09-25T00:00:00.000,BRONX,SOCIAL WORKER,CEASED,64188.00,per Annum,770,24552.80,5.25,184.44,3456.58
2024,69,HRA/DEPT OF SOCIAL SERVICES,2014-09-15T00:00:00.000,MANHATTAN,BENEFITS OPPORTUNITY SPECIALIST,ACTIVE,54864.00,per Annum,1820,52980.19,136,4982.85,3415.27
2024,69,HRA/DEPT OF SOCIAL SERVICES,2012-07-30T00:00:00.000,BRONX,ELIGIBILITY SPECIALIST,ACTIVE,49107.00,per Annum,1820,47363.38,144.25,4372.35,3140.93
2024,69,HRA/DEPT OF SOCIAL SERVICES,1994-10-24T00:00:00.000,MANHATTAN,ADMIN JOB OPOR SPEC-MANAGERIAL,ACTIVE,152121.00,per Annum,1820,157676.85,0,0.00,3036.48
2024,69,HRA/DEPT OF SOCIAL SERVICES,2023-08-28T00:00:00.000,MANHATTAN,CASEWORKER,ACTIVE,46689.00,per Annum,1470,36032.51,163.25,5277.13,3017.79
2024,69,HRA/DEPT OF SOCIAL SERVICES,1985-02-04T00:00:00.000,BROOKLYN,ADMINISTRATIVE INVESTIGATOR,ACTIVE,174064.00,per Annum,1820,177362.50,0,0.00,3000.00
2024,69,HRA/DEPT OF SOCIAL SERVICES,2014-10-15T00:00:00.000,MANHATTAN,ADMINISTRATIVE STAFF ANALYST,ACTIVE,208219.00,per Annum,1449,154757.28,0,0.00,3000.00
2024,69,HRA/DEPT OF SOCIAL SERVICES,2023-04-10T00:00:00.000,MANHATTAN,EXECUTIVE AGENCY COUNSEL,ACTIVE,125664.00,per Annum,1820,122484.26,0,0.00,3000.00
2024,69,HRA/DEPT OF SOCIAL SERVICES,2023-02-06T00:00:00.000,MANHATTAN,DIR POLICY ECONOM RESRCH,ACTIVE,104901.00,per Annum,1820,99619.94,0,0.00,3000.00
2024,69,HRA/DEPT OF SOCIAL SERVICES,2019-04-01T00:00:00.000,MANHATTAN,STAFF ANALYST,ACTIVE,78501.00,per Annum,1820,83379.88,0,0.00,3000.00
2024,69,HRA/DEPT OF SOCIAL SERVICES,2022-06-13T00:00:00.000,MANHATTAN,AGENCY ATTORNEY INTERNE,ACTIVE,78411.00,per Annum,1820,72011.29,0,0.00,3000.00
2024,69,HRA/DEPT OF SOCIAL SERVICES,2010-03-08T00:00:00.000,RICHMOND,CLERICAL ASSOCIATE,ACTIVE,47100.00,per Annum,1820,45482.61,0,0.00,2994.92
2024,69,HRA/DEPT OF SOCIAL SERVICES,2015-06-29T00:00:00.000,BRONX,BENEFITS OPPORTUNITY SPECIALIST,ACTIVE,54864.00,per Annum,1820,36664.78,191,6197.05,2960.16
2024,69,HRA/DEPT OF SOCIAL SERVICES,2019-02-04T00:00:00.000,QUEENS,ELIGIBILITY SPECIALIST,ACTIVE,48858.00,per Annum,1820,47180.32,472.25,15762.64,2867.81
2024,69,HRA/DEPT OF SOCIAL SERVICES,2014-09-15T00:00:00.000,BROOKLYN,BENEFITS OPPORTUNITY SPECIALIST,ACTIVE,54864.00,per Annum,1820,52980.19,462.75,18503.34,2780.08
2024,69,HRA/DEPT OF SOCIAL SERVICES,2014-12-01T00:00:00.000,QUEENS,ELIGIBILITY SPECIALIST,ACTIVE,49107.00,per Annum,1820,47363.38,172.5,5109.49,2726.12
2024,69,HRA/DEPT OF SOCIAL SERVICES,2014-11-03T00:00:00.000,BROOKLYN,COMMUNITY COORDINATOR,ACTIVE,70082.00,per Annum,1820,64110.81,0,0.00,2726.12
2024,69,HRA/DEPT OF SOCIAL SERVICES,2014-10-06T00:00:00.000,MANHATTAN,ELIGIBILITY SPECIALIST,ACTIVE,49107.00,per Annum,1820,45733.65,0,0.00,2630.76
2024,69,HRA/DEPT OF SOCIAL SERVICES,2016-11-14T00:00:00.000,BROOKLYN,ELIGIBILITY SPECIALIST,ACTIVE,51974.00,per Annum,1820,50132.39,157.78,6785.31,2565.53
2024,69,HRA/DEPT OF SOCIAL SERVICES,1995-07-03T00:00:00.000,MANHATTAN,PRINCIPAL ADMINISTRATIVE ASSOCIATE -  NON SUPVR,ACTIVE,59648.00,per Annum,1820,60983.86,0,0.00,2545.30
2024,69,HRA/DEPT OF SOCIAL SERVICES,2022-04-25T00:00:00.000,MANHATTAN,COMMUNITY ASSOCIATE,ACTIVE,63824.00,per Annum,1820,61632.52,902,42191.85,2503.74
2024,69,HRA/DEPT OF SOCIAL SERVICES,2012-11-05T00:00:00.000,MANHATTAN,PRINCIPAL ADMINISTRATIVE ASSOCIATE -  NON SUPVR,ACTIVE,54531.00,per Annum,1820,51197.18,35,1301.62,2227.84
2024,69,HRA/DEPT OF SOCIAL SERVICES,2020-03-16T00:00:00.000,BRONX,BENEFITS OPPORTUNITY SPECIALIST,ACTIVE,54864.00,per Annum,1820,52980.19,337.25,12839.78,2186.37
2024,69,HRA/DEPT OF SOCIAL SERVICES,2023-11-06T00:00:00.000,BRONX,CASEWORKER,ACTIVE,46689.00,per Annum,1120,25791.77,0,0.00,2151.28
2024,69,HRA/DEPT OF SOCIAL SERVICES,2018-05-07T00:00:00.000,BROOKLYN,ELIGIBILITY SPECIALIST,ACTIVE,48858.00,per Annum,1820,44646.03,0,0.00,2057.64
2024,69,HRA/DEPT OF SOCIAL SERVICES,2016-08-08T00:00:00.000,QUEENS,ELIGIBILITY SPECIALIST,ACTIVE,48978.00,per Annum,1820,47239.09,47.25,1364.03,2023.03
2024,69,HRA/DEPT OF SOCIAL SERVICES,2013-05-13T00:00:00.000,BROOKLYN,CLERICAL ASSOCIATE,ACTIVE,48706.00,per Annum,1820,47033.14,0,0.00,2016.23
2024,69,HRA/DEPT OF SOCIAL SERVICES,2010-06-14T00:00:00.000,MANHATTAN,CLERICAL ASSOCIATE,ACTIVE,47100.00,per Annum,1820,45482.61,0,0.00,2016.23
2024,69,HRA/DEPT OF SOCIAL SERVICES,2023-01-23T00:00:00.000,MANHATTAN,BENEFITS OPPORTUNITY SPECIALIST,ACTIVE,54864.00,per Annum,1820,52980.19,956.75,38549.95,1905.51
2024,69,HRA/DEPT OF SOCIAL SERVICES,2022-08-29T00:00:00.000,MANHATTAN,BENEFITS OPPORTUNITY SPECIALIST,ACTIVE,54864.00,per Annum,1820,52572.69,309.25,11373.18,1784.13
2024,69,HRA/DEPT OF SOCIAL SERVICES,2015-07-27T00:00:00.000,BROOKLYN,PRINCIPAL ADMINISTRATIVE ASSOCIATE -  NON SUPVR,ACTIVE,59588.00,per Annum,1225,33894.36,198.5,7557.01,1720.14
2024,69,HRA/DEPT OF SOCIAL SERVICES,2023-12-04T00:00:00.000,MANHATTAN,CASEWORKER,CEASED,45329.00,per Annum,840,20487.67,0,0.00,1706.71
2024,69,HRA/DEPT OF SOCIAL SERVICES,1993-04-19T00:00:00.000,BROOKLYN,ADMINISTRATIVE DIRECTOR OF SOCIAL SERVICES,ACTIVE,83302.00,per Annum,1820,80441.99,702.5,41605.19,1613.37
2024,69,HRA/DEPT OF SOCIAL SERVICES,2023-03-13T00:00:00.000,MANHATTAN,COMMUNITY ASSOCIATE,ACTIVE,63824.00,per Annum,1820,61632.52,463,21261.29,1558.34
2024,69,HRA/DEPT OF SOCIAL SERVICES,2023-01-30T00:00:00.000,BROOKLYN,ELIGIBILITY SPECIALIST,ACTIVE,42484.00,per Annum,1820,41025.52,487,14366.98,1520.94
2024,69,HRA/DEPT OF SOCIAL SERVICES,2020-01-06T00:00:00.000,BROOKLYN,BENEFITS OPPORTUNITY SPECIALIST,ACTIVE,54864.00,per Annum,1820,52980.19,221.75,8243.47,1503.52
2024,69,HRA/DEPT OF SOCIAL SERVICES,2021-07-19T00:00:00.000,BROOKLYN,IT SERVICE MANAGEMENT SPECIALIST,ACTIVE,115829.00,per Annum,1820,111851.50,420.25,32360.98,1480.29
2024,69,HRA/DEPT OF SOCIAL SERVICES,1999-07-19T00:00:00.000,MANHATTAN,COMMUNITY COORDINATOR,ACTIVE,88531.00,per Annum,1820,85467.76,0,0.00,1470.97
2024,69,HRA/DEPT OF SOCIAL SERVICES,2003-09-15T00:00:00.000,BROOKLYN,COMMUNITY ASSISTANT,ACTIVE,42192.00,per Annum,2080,40720.25,0,0.00,1470.97
2024,69,HRA/DEPT OF SOCIAL SERVICES,2022-12-19T00:00:00.000,BRONX,CASEWORKER,CEASED,52128.00,per Annum,350,9974.92,0,0.00,1410.65
2024,69,HRA/DEPT OF SOCIAL SERVICES,1990-05-29T00:00:00.000,MANHATTAN,COMMUNITY COORDINATOR,ACTIVE,74465.00,per Annum,1820,68212.24,0,0.00,1395.77
2024,69,HRA/DEPT OF SOCIAL SERVICES,2017-01-23T00:00:00.000,MANHATTAN,IT SERVICE MANAGEMENT SPECIALIST,ACTIVE,125269.00,per Annum,1820,120967.22,585.5,50519.88,1362.64
2024,69,HRA/DEPT OF SOCIAL SERVICES,2010-09-27T00:00:00.000,QUEENS,ADMINISTRATIVE DIRECTOR OF SOCIAL SERVICES,ACTIVE,84872.00,per Annum,1820,85055.93,0,116.96,1253.08
2024,69,HRA/DEPT OF SOCIAL SERVICES,2015-08-10T00:00:00.000,MANHATTAN,COMMUNITY COORDINATOR,ACTIVE,41.92,per Hour,1703.4,69328.38,165,8051.49,1237.50
2024,69,HRA/DEPT OF SOCIAL SERVICES,2021-10-18T00:00:00.000,QUEENS,ELIGIBILITY SPECIALIST,ACTIVE,48858.00,per Annum,1820,45049.42,155,4783.24,1161.12
2024,69,HRA/DEPT OF SOCIAL SERVICES,2024-03-04T00:00:00.000,BRONX,CASEWORKER,ACTIVE,46689.00,per Annum,525,13004.25,0,0.00,1079.52
2024,69,HRA/DEPT OF SOCIAL SERVICES,2019-11-17T00:00:00.000,BROOKLYN,ELIGIBILITY SPECIALIST,ON LEAVE,48858.00,per Annum,350,1366.82,0,0.00,907.20
2024,69,HRA/DEPT OF SOCIAL SERVICES,2018-11-26T00:00:00.000,QUEENS,ELIGIBILITY SPECIALIST,ACTIVE,48858.00,per Annum,1820,46998.87,0,0.00,901.57
2024,69,HRA/DEPT OF SOCIAL SERVICES,2023-03-20T00:00:00.000,MANHATTAN,BENEFITS OPPORTUNITY SPECIALIST,ON LEAVE,54864.00,per Annum,1190,32234.81,108,3684.30,778.75
2024,69,HRA/DEPT OF SOCIAL SERVICES,2015-04-20T00:00:00.000,BROOKLYN,COMMUNITY ASSISTANT,CEASED,39707.00,per Annum,0,845.03,0,0.00,761.51
2024,69,HRA/DEPT OF SOCIAL SERVICES,2018-06-25T00:00:00.000,BROOKLYN,IT PROJECT SPECIALIST,ACTIVE,127248.00,per Annum,1820,122878.93,37.5,2852.66,740.67
2024,69,HRA/DEPT OF SOCIAL SERVICES,2006-01-30T00:00:00.000,MANHATTAN,ADMINISTRATIVE DIRECTOR OF SOCIAL SERVICES,ACTIVE,118231.00,per Annum,1820,114170.93,0,0.00,675.29
2024,69,HRA/DEPT OF SOCIAL SERVICES,2023-10-16T00:00:00.000,BROOKLYN,ELIGIBILITY SPECIALIST,ACTIVE,42485.00,per Annum,1225,27611.33,479,14796.31,672.78
2024,69,HRA/DEPT OF SOCIAL SERVICES,2022-09-19T00:00:00.000,MANHATTAN,COMMUNITY COORDINATOR,ACTIVE,60891.00,per Annum,1820,58799.81,167.5,7240.01,475.65
2024,69,HRA/DEPT OF SOCIAL SERVICES,2019-05-06T00:00:00.000,BROOKLYN,ASSOCIATE STAFF ANALYST,CEASED,86148.00,per Annum,280,18946.04,0,0.00,430.24
2024,69,HRA/DEPT OF SOCIAL SERVICES,2020-02-18T00:00:00.000,MANHATTAN,CLERICAL ASSOCIATE,ACTIVE,47100.00,per Annum,1853,45027.00,747.75,25194.82,421.75
2024,69,HRA/DEPT OF SOCIAL SERVICES,2018-12-17T00:00:00.000,MANHATTAN,COMMUNITY ASSOCIATE,ACTIVE,63824.00,per Annum,1820,61632.52,100.5,4515.06,309.35
2024,69,HRA/DEPT OF SOCIAL SERVICES,1994-10-24T00:00:00.000,BROOKLYN,ADMINISTRATIVE DIRECTOR OF SOCIAL SERVICES,ACTIVE,116026.00,per Annum,1820,116588.56,10.25,2518.78,292.82
2024,69,HRA/DEPT OF SOCIAL SERVICES,2023-05-08T00:00:00.000,BRONX,BENEFITS OPPORTUNITY SPECIALIST,ACTIVE,54864.00,per Annum,1820,52969.98,845,33601.01,284.22
2024,69,HRA/DEPT OF SOCIAL SERVICES,2022-08-29T00:00:00.000,MANHATTAN,BENEFITS OPPORTUNITY SPECIALIST,ACTIVE,54864.00,per Annum,1603,46554.76,65,2026.21,232.90
2024,69,HRA/DEPT OF SOCIAL SERVICES,2016-05-31T00:00:00.000,MANHATTAN,COMMUNITY COORDINATOR,CEASED,64081.00,per Annum,0,0.00,0,0.00,232.13
2024,69,HRA/DEPT OF SOCIAL SERVICES,2023-09-18T00:00:00.000,BROOKLYN,ELIGIBILITY SPECIALIST,ACTIVE,42485.00,per Annum,1365,29432.18,56.75,1505.51,228.59
2024,69,HRA/DEPT OF SOCIAL SERVICES,2023-05-08T00:00:00.000,BROOKLYN,ELIGIBILITY SPECIALIST,ACTIVE,42484.00,per Annum,1820,40371.76,311.25,9126.44,203.19
2024,69,HRA/DEPT OF SOCIAL SERVICES,2019-12-30T00:00:00.000,MANHATTAN,CITY RESEARCH SCIENTIST,ACTIVE,109330.00,per Annum,1820,105576.31,0,0.00,191.80
2024,69,HRA/DEPT OF SOCIAL SERVICES,2023-05-22T00:00:00.000,QUEENS,JOB OPPORTUNITY SPECIALIST,CEASED,53266.00,per Annum,490,8542.16,0,0.00,165.51
2024,69,HRA/DEPT OF SOCIAL SERVICES,2023-01-09T00:00:00.000,BRONX,BENEFITS OPPORTUNITY SPECIALIST,ACTIVE,54864.00,per Annum,1820,52980.19,74.75,2292.36,161.81
2024,69,HRA/DEPT OF SOCIAL SERVICES,2009-02-23T00:00:00.000,RICHMOND,CASEWORKER,CEASED,52128.00,per Annum,30.92,920.41,0,0.00,125.17
2024,69,HRA/DEPT OF SOCIAL SERVICES,2023-06-12T00:00:00.000,MANHATTAN,ARCHITECT,CEASED,97000.00,per Annum,1820,96479.32,0,0.00,123.75
2024,69,HRA/DEPT OF SOCIAL SERVICES,1988-08-08T00:00:00.000,BROOKLYN,PRINCIPAL ADMINISTRATIVE ASSOCIATE -  NON SUPVR,CEASED,69731.00,per Annum,0,1614.06,0,460.51,122.80
2024,69,HRA/DEPT OF SOCIAL SERVICES,2015-02-09T00:00:00.000,BROOKLYN,PRINCIPAL ADMINISTRATIVE ASSOCIATE -  NON SUPVR,CEASED,56167.00,per Annum,0,1405.41,0,769.15,116.69
2024,69,HRA/DEPT OF SOCIAL SERVICES,2003-08-25T00:00:00.000,BROOKLYN,COMPUTER ASSOCIATE,CEASED,75370.00,per Annum,0,2372.71,0,0.00,110.86
2024,69,HRA/DEPT OF SOCIAL SERVICES,2023-05-01T00:00:00.000,BRONX,BENEFITS OPPORTUNITY SPECIALIST,ACTIVE,54864.00,per Annum,1820,51845.02,34.75,1038.66,107.25
2024,69,HRA/DEPT OF SOCIAL SERVICES,2023-04-24T00:00:00.000,QUEENS,BENEFITS OPPORTUNITY SPECIALIST,ACTIVE,54864.00,per Annum,1400,40755.09,118.75,3928.44,99.00
2024,69,HRA/DEPT OF SOCIAL SERVICES,2023-03-27T00:00:00.000,BROOKLYN,ELIGIBILITY SPECIALIST,ACTIVE,48858.00,per Annum,1820,47173.84,69.75,1947.29,96.87
2024,69,HRA/DEPT OF SOCIAL SERVICES,2016-04-11T00:00:00.000,MANHATTAN,COMMUNITY COORDINATOR,ACTIVE,76589.00,per Annum,1820,73959.03,0,0.00,93.75
2024,69,HRA/DEPT OF SOCIAL SERVICES,2023-10-10T00:00:00.000,MANHATTAN,CLERICAL ASSOCIATE,ACTIVE,51796.00,per Annum,1260,34623.90,42.5,1228.27,92.85
2024,69,HRA/DEPT OF SOCIAL SERVICES,2023-05-15T00:00:00.000,MANHATTAN,BENEFITS OPPORTUNITY SPECIALIST,ACTIVE,54864.00,per Annum,1820,52091.27,618.75,24253.22,90.75
2024,69,HRA/DEPT OF SOCIAL SERVICES,2023-07-03T00:00:00.000,MANHATTAN,BENEFITS OPPORTUNITY SPECIALIST,ACTIVE,54864.00,per Annum,1750,50937.50,0,0.00,69.50
2024,69,HRA/DEPT OF SOCIAL SERVICES,2019-11-25T00:00:00.000,BROOKLYN,COMPUTER SPECIALIST,ACTIVE,106071.00,per Annum,1820,102429.22,65,4227.48,66.59
2024,69,HRA/DEPT OF SOCIAL SERVICES,2022-07-11T00:00:00.000,MANHATTAN,COMMUNITY ASSOCIATE,CEASED,32.93,per Hour,0,1552.69,0,57.10,58.41
2024,69,HRA/DEPT OF SOCIAL SERVICES,2023-07-10T00:00:00.000,MANHATTAN,BENEFITS OPPORTUNITY SPECIALIST,ACTIVE,54864.00,per Annum,1715,49517.05,28,900.13,49.50
2024,69,HRA/DEPT OF SOCIAL SERVICES,2022-12-05T00:00:00.000,BRONX,ELIGIBILITY SPECIALIST,CEASED,41247.00,per Annum,1050,18232.55,8.25,208.84,49.50
2024,69,HRA/DEPT OF SOCIAL SERVICES,2019-03-25T00:00:00.000,MANHATTAN,COMPUTER SYSTEMS MANAGER,ACTIVE,145508.00,per Annum,1820,140511.76,0,0.00,49.50
2024,69,HRA/DEPT OF SOCIAL SERVICES,2012-05-21T00:00:00.000,BROOKLYN,CLERICAL ASSOCIATE,CEASED,44396.00,per Annum,0,1149.84,0,0.00,48.49
2024,69,HRA/DEPT OF SOCIAL SERVICES,2023-09-11T00:00:00.000,BROOKLYN,COMMUNITY ASSOCIATE,ACTIVE,53613.00,per Annum,1400,39621.30,0,0.00,35.00
2024,69,HRA/DEPT OF SOCIAL SERVICES,1998-05-11T00:00:00.000,BROOKLYN,STAFF ANALYST,CEASED,77361.00,per Annum,0,3537.30,0,327.08,16.58
2024,69,HRA/DEPT OF SOCIAL SERVICES,2023-06-12T00:00:00.000,BROOKLYN,JOB OPPORTUNITY SPECIALIST,CEASED,53266.00,per Annum,1260,36330.90,77.5,2416.16,16.50
2024,69,HRA/DEPT OF SOCIAL SERVICES,2023-07-24T00:00:00.000,MANHATTAN,BENEFITS OPPORTUNITY SPECIALIST,ACTIVE,54864.00,per Annum,1645,46280.34,137.5,4285.24,0.00
2024,69,HRA/DEPT OF SOCIAL SERVICES,2015-11-30T00:00:00.000,MANHATTAN,CITY LABORER,ACTIVE,290.00,per Day,2080,75400.00,183.5,11391.57,0.00
2024,69,HRA/DEPT OF SOCIAL SERVICES,2013-07-29T00:00:00.000,MANHATTAN,ASSOCIATE STAFF ANALYST,CEASED,81452.00,per Annum,0,2857.01,0,81.56,0.85
2024,69,HRA/DEPT OF SOCIAL SERVICES,1981-04-20T00:00:00.000,MANHATTAN,PRINCIPAL ADMINISTRATIVE ASSOCIATE -  NON SUPVR,CEASED,56468.00,per Annum,0,48.81,0,0.00,2.94
2024,69,HRA/DEPT OF SOCIAL SERVICES,2019-06-10T00:00:00.000,MANHATTAN,COMMUNITY COORDINATOR,CEASED,62215.00,per Annum,0,4802.88,0,48.05,7.48
2024,69,HRA/DEPT OF SOCIAL SERVICES,2024-03-18T00:00:00.000,BROOKLYN,ELIGIBILITY SPECIALIST,ACTIVE,45090.00,per Annum,455,10212.25,0,0.00,8.25
2024,69,HRA/DEPT OF SOCIAL SERVICES,2023-11-13T00:00:00.000,BRONX,BENEFITS OPPORTUNITY SPECIALIST,ACTIVE,54864.00,per Annum,1085,30469.84,3,87.46,8.25
2024,69,HRA/DEPT OF SOCIAL SERVICES,2023-01-30T00:00:00.000,BRONX,ELIGIBILITY SPECIALIST,ACTIVE,45090.00,per Annum,1820,43542.04,16.75,407.32,8.75
2024,69,HRA/DEPT OF SOCIAL SERVICES,2017-04-17T00:00:00.000,BROOKLYN,ASSOCIATE STAFF ANALYST,CEASED,86148.00,per Annum,0,5549.19,0,64.77,13.62
2024,69,HRA/DEPT OF SOCIAL SERVICES,2007-01-08T00:00:00.000,BRONX,PRINCIPAL ADMINISTRATIVE ASSOCIATE -  NON SUPVR,CEASED,56167.00,per Annum,0,127.26,0,37.43,14.00
2024,69,HRA/DEPT OF SOCIAL SERVICES,2006-05-30T00:00:00.000,BROOKLYN,PRINCIPAL ADMINISTRATIVE ASSOCIATE -  NON SUPVR,ACTIVE,59648.00,per Annum,1820,60853.53,352,15222.27,7668.58
2024,69,HRA/DEPT OF SOCIAL SERVICES,1985-09-30T00:00:00.000,MANHATTAN,PRINCIPAL ADMINISTRATIVE ASSOCIATE -  NON SUPVR,ACTIVE,74227.00,per Annum,1820,76975.25,0,0.00,7851.00
2024,69,HRA/DEPT OF SOCIAL SERVICES,2006-05-01T00:00:00.000,MANHATTAN,PRINCIPAL ADMINISTRATIVE ASSOCIATE -  NON SUPVR,ACTIVE,66765.00,per Annum,1820,69240.81,0,0.00,7859.31
2024,69,HRA/DEPT OF SOCIAL SERVICES,2003-08-25T00:00:00.000,BRONX,PRINCIPAL ADMINISTRATIVE ASSOCIATE -  NON SUPVR,ACTIVE,60144.00,per Annum,1820,62379.85,16.25,759.59,7862.08
2024,69,HRA/DEPT OF SOCIAL SERVICES,2005-04-04T00:00:00.000,MANHATTAN,BENEFITS OPPORTUNITY SPECIALIST,ACTIVE,54938.00,per Annum,1820,53028.81,289.4,12360.19,7864.37
2024,69,HRA/DEPT OF SOCIAL SERVICES,2023-09-25T00:00:00.000,BRONX,BENEFITS OPPORTUNITY SPECIALIST,ACTIVE,54864.00,per Annum,1330,37955.71,41.75,1217.23,0.00
2024,69,HRA/DEPT OF SOCIAL SERVICES,2024-01-08T00:00:00.000,MANHATTAN,SOCIAL WORKER,ACTIVE,66114.00,per Annum,805,27990.19,17.25,733.41,0.00
2024,69,HRA/DEPT OF SOCIAL SERVICES,2024-02-26T00:00:00.000,BROOKLYN,COMPUTER ASSOCIATE,ACTIVE,57664.00,per Annum,560,17131.68,2.5,76.61,0.00
2024,69,HRA/DEPT OF SOCIAL SERVICES,1998-12-21T00:00:00.000,MANHATTAN,ADMINISTRATIVE STAFF ANALYST,ACTIVE,94871.00,per Annum,1820,100809.31,0,45.76,7936.63
2024,69,HRA/DEPT OF SOCIAL SERVICES,2009-01-26T00:00:00.000,BRONX,CASEWORKER,ACTIVE,53692.00,per Annum,1820,51848.29,3,97.68,8005.56
2024,69,HRA/DEPT OF SOCIAL SERVICES,1990-04-02T00:00:00.000,BROOKLYN,COMPUTER ASSOCIATE,ACTIVE,86231.00,per Annum,1820,85583.87,452.5,30910.84,8179.88
2024,69,HRA/DEPT OF SOCIAL SERVICES,2015-06-01T00:00:00.000,MANHATTAN,SUPERVISOR I,ACTIVE,66268.00,per Annum,1820,63992.78,176.75,7617.68,8185.37
2024,69,HRA/DEPT OF SOCIAL SERVICES,2011-09-12T00:00:00.000,MANHATTAN,PRINCIPAL ADMINISTRATIVE ASSOCIATE -  NON SUPVR,ACTIVE,66672.00,per Annum,1820,67653.93,91.5,5074.43,8377.56
2024,69,HRA/DEPT OF SOCIAL SERVICES,2006-10-16T00:00:00.000,BRONX,ASSOCIATE BENEFITS OPPORTUNITY SPECIALIST,ACTIVE,67134.00,per Annum,1820,62838.99,482.5,23780.90,8407.27
2024,69,HRA/DEPT OF SOCIAL SERVICES,2001-02-05T00:00:00.000,BROOKLYN,ELIGIBILITY SPECIALIST,ACTIVE,52099.00,per Annum,1820,50193.23,287.25,11744.85,8454.14
2024,69,HRA/DEPT OF SOCIAL SERVICES,2015-02-23T00:00:00.000,BROOKLYN,COMMUNITY ASSOCIATE,ACTIVE,53613.00,per Annum,1820,51771.59,0,0.00,0.00
2024,69,HRA/DEPT OF SOCIAL SERVICES,2015-02-23T00:00:00.000,BROOKLYN,COMMUNITY ASSOCIATE,ACTIVE,53613.00,per Annum,1820,51771.59,0,0.00,0.00
2024,69,HRA/DEPT OF SOCIAL SERVICES,2022-12-05T00:00:00.000,MANHATTAN,CASEWORKER,ACTIVE,46689.00,per Annum,1820,45085.81,0,0.00,0.00
2024,69,HRA/DEPT OF SOCIAL SERVICES,2023-11-27T00:00:00.000,MANHATTAN,BENEFITS OPPORTUNITY SPECIALIST,ACTIVE,54864.00,per Annum,1015,27446.65,0,0.00,0.00
2024,69,HRA/DEPT OF SOCIAL SERVICES,2024-02-20T00:00:00.000,BRONX,ELIGIBILITY SPECIALIST,ACTIVE,42485.00,per Annum,585,11299.99,0,0.00,0.00
2024,69,HRA/DEPT OF SOCIAL SERVICES,2024-03-25T00:00:00.000,QUEENS,ELIGIBILITY SPECIALIST,ACTIVE,42485.00,per Annum,420,9466.74,0,0.00,0.00
2024,69,HRA/DEPT OF SOCIAL SERVICES,2018-01-08T00:00:00.000,MANHATTAN,STAFF ANALYST,ON LEAVE,71840.00,per Annum,70,8493.70,0,0.00,0.00
2024,69,HRA/DEPT OF SOCIAL SERVICES,2024-04-22T00:00:00.000,MANHATTAN,CLERICAL ASSOCIATE,ACTIVE,40956.00,per Annum,280,5775.05,0,0.00,0.00
2024,69,HRA/DEPT OF SOCIAL SERVICES,2021-10-18T00:00:00.000,MANHATTAN,CITY RESEARCH SCIENTIST,CEASED,89612.00,per Annum,0,4253.20,0,0.00,0.00
2024,69,HRA/DEPT OF SOCIAL SERVICES,2017-05-15T00:00:00.000,MANHATTAN,ADMINISTRATIVE STAFF ANALYST,CEASED,87025.00,per Annum,0,1343.20,0,0.00,0.00
2024,69,HRA/DEPT OF SOCIAL SERVICES,2024-03-25T00:00:00.000,BRONX,ELIGIBILITY SPECIALIST,CEASED,41248.00,per Annum,280,1170.18,0,0.00,0.00
2024,69,HRA/DEPT OF SOCIAL SERVICES,2011-12-05T00:00:00.000,BROOKLYN,COMMUNITY COORDINATOR,CEASED,86333.00,per Annum,1120,53631.07,0,0.00,-369.33
2024,69,HRA/DEPT OF SOCIAL SERVICES,1995-01-30T00:00:00.000,BROOKLYN,ASSOCIATE FRAUD INVESTIGATOR,CEASED,73571.00,per Annum,0,0.00,0,0.00,-6169.28
2024,69,HRA/DEPT OF SOCIAL SERVICES,1994-08-29T00:00:00.000,MANHATTAN,PRINCIPAL ADMINISTRATIVE ASSOCIATE -  NON SUPVR,ACTIVE,74039.00,per Annum,1820,74782.66,20.75,899.29,8725.25
2024,69,HRA/DEPT OF SOCIAL SERVICES,1996-08-05T00:00:00.000,MANHATTAN,SUPERVISOR I,ACTIVE,66517.00,per Annum,1820,64209.63,313.75,14532.10,8828.31
2024,69,HRA/DEPT OF SOCIAL SERVICES,2010-06-14T00:00:00.000,BRONX,CASEWORKER,ACTIVE,53840.00,per Annum,1820,51968.68,90,3562.64,8950.72
2024,69,HRA/DEPT OF SOCIAL SERVICES,2007-08-06T00:00:00.000,BRONX,PRINCIPAL ADMINISTRATIVE ASSOCIATE -  NON SUPVR,ACTIVE,59588.00,per Annum,1820,60207.83,0,0.00,9122.59
2024,69,HRA/DEPT OF SOCIAL SERVICES,1993-01-19T00:00:00.000,BROOKLYN,SUPERVISOR I,ACTIVE,66540.00,per Annum,1820,64232.27,1487.75,84767.70,9489.84
2024,69,HRA/DEPT OF SOCIAL SERVICES,1993-06-28T00:00:00.000,QUEENS,ELIGIBILITY SPECIALIST,ACTIVE,53271.00,per Annum,1820,50950.86,1269.5,57195.83,9879.69
2024,69,HRA/DEPT OF SOCIAL SERVICES,1999-02-08T00:00:00.000,BROOKLYN,CASEWORKER,ACTIVE,53915.00,per Annum,1820,52040.19,577,24347.99,9900.35
2024,69,HRA/DEPT OF SOCIAL SERVICES,1999-11-15T00:00:00.000,BROOKLYN,ASSOCIATE BENEFITS OPPORTUNITY SPECIALIST,ACTIVE,78882.00,per Annum,1820,76150.01,787.5,49018.79,9928.99
2024,69,HRA/DEPT OF SOCIAL SERVICES,2000-11-27T00:00:00.000,BRONX,SUPERVISOR I,ACTIVE,69134.00,per Annum,1820,66736.84,354.5,18886.43,10142.02
2024,69,HRA/DEPT OF SOCIAL SERVICES,2014-10-06T00:00:00.000,MANHATTAN,ADMINISTRATIVE STAFF ANALYST,ACTIVE,113930.00,per Annum,1820,120885.57,0,16.28,10217.42
2024,69,HRA/DEPT OF SOCIAL SERVICES,1992-11-09T00:00:00.000,QUEENS,ASSOCIATE BENEFITS OPPORTUNITY SPECIALIST,ACTIVE,78953.00,per Annum,1820,76218.66,811.5,49669.41,10312.22
2024,69,HRA/DEPT OF SOCIAL SERVICES,1999-11-08T00:00:00.000,BROOKLYN,PRINCIPAL ADMINISTRATIVE ASSOCIATE -  NON SUPVR,ACTIVE,59818.00,per Annum,1820,62042.46,195.5,9577.79,10572.28
2024,69,HRA/DEPT OF SOCIAL SERVICES,1999-11-29T00:00:00.000,MANHATTAN,PRINCIPAL ADMINISTRATIVE ASSOCIATE -  NON SUPVR,ACTIVE,73989.00,per Annum,1820,76729.80,550,31558.79,10638.62
2024,69,HRA/DEPT OF SOCIAL SERVICES,1995-12-11T00:00:00.000,BROOKLYN,PRINCIPAL ADMINISTRATIVE ASSOCIATE -  NON SUPVR,ACTIVE,79772.00,per Annum,1820,82484.87,305,17416.82,10742.48
2024,69,HRA/DEPT OF SOCIAL SERVICES,1992-09-28T00:00:00.000,BROOKLYN,PRINCIPAL ADMINISTRATIVE ASSOCIATE -  NON SUPVR,ACTIVE,74086.00,per Annum,1820,76828.98,514.25,30288.33,11660.00
2024,69,HRA/DEPT OF SOCIAL SERVICES,2020-03-16T00:00:00.000,MANHATTAN,SUPERVISOR OF NURSES,ACTIVE,137668.00,per Annum,2080,135047.10,0,0.00,15400.40
2024,69,HRA/DEPT OF SOCIAL SERVICES,2017-01-23T00:00:00.000,BRONX,AGENCY ATTORNEY,ACTIVE,114077.00,per Annum,1820,120944.23,933.5,94713.52,36734.49
2024,69,HRA/DEPT OF SOCIAL SERVICES,2021-08-02T00:00:00.000,BROOKLYN,IT PROJECT SPECIALIST,ACTIVE,125664.00,per Annum,1820,121349.19,0,0.00,0.00
2024,69,HRA/DEPT OF SOCIAL SERVICES,2016-12-19T00:00:00.000,BROOKLYN,COMPUTER SYSTEMS MANAGER,ACTIVE,119698.00,per Annum,1820,115588.33,0,0.00,0.00
2024,69,HRA/DEPT OF SOCIAL SERVICES,2022-05-16T00:00:00.000,MANHATTAN,CITY RESEARCH SCIENTIST,ACTIVE,118076.00,per Annum,1820,114021.68,0,0.00,0.00
2024,69,HRA/DEPT OF SOCIAL SERVICES,2012-12-10T00:00:00.000,MANHATTAN,ADMINISTRATIVE STAFF ANALYST,ON LEAVE,171426.00,per Annum,868,93080.03,0,0.00,0.00
2024,69,HRA/DEPT OF SOCIAL SERVICES,2013-04-22T00:00:00.000,BROOKLYN,FRAUD INVESTIGATOR,ACTIVE,66114.00,per Annum,1820,63747.07,0,0.00,3559.82
2024,69,HRA/DEPT OF SOCIAL SERVICES,2011-02-22T00:00:00.000,MANHATTAN,PRINCIPAL ADMINISTRATIVE ASSOCIATE -  NON SUPVR,ACTIVE,59588.00,per Annum,1820,60636.12,165.5,7582.17,3570.92
2024,69,HRA/DEPT OF SOCIAL SERVICES,2010-06-14T00:00:00.000,BROOKLYN,BENEFITS OPPORTUNITY SPECIALIST,ACTIVE,54864.00,per Annum,1820,52980.19,770.25,32422.30,5474.95
2024,69,HRA/DEPT OF SOCIAL SERVICES,1992-05-26T00:00:00.000,MANHATTAN,ASSOCIATE BENEFITS OPPORTUNITY SPECIALIST,ACTIVE,67394.00,per Annum,1820,65057.06,233.5,11047.42,5486.57
2024,69,HRA/DEPT OF SOCIAL SERVICES,2009-01-12T00:00:00.000,MANHATTAN,COMPUTER SPECIALIST,ACTIVE,106071.00,per Annum,1820,102429.22,0,0.00,5511.24
2024,69,HRA/DEPT OF SOCIAL SERVICES,2016-11-14T00:00:00.000,MANHATTAN,CUSTODIAN,ACTIVE,41108.00,per Annum,2080,42390.34,96,2922.55,3739.23
2024,69,HRA/DEPT OF SOCIAL SERVICES,2001-02-12T00:00:00.000,BROOKLYN,PRINCIPAL ADMINISTRATIVE ASSOCIATE -  NON SUPVR,ACTIVE,59648.00,per Annum,1820,61324.15,161.5,6980.46,3862.70
2024,69,HRA/DEPT OF SOCIAL SERVICES,2019-09-23T00:00:00.000,BROOKLYN,SOCIAL WORKER,ACTIVE,74501.00,per Annum,1820,71942.80,0,0.00,3893.10
2024,69,HRA/DEPT OF SOCIAL SERVICES,2009-03-16T00:00:00.000,MANHATTAN,SUPERVISOR OF MECHANICS,ACTIVE,576.08,per Day,2080,160151.20,299.5,35354.27,4032.60
2024,69,HRA/DEPT OF SOCIAL SERVICES,2010-03-29T00:00:00.000,BROOKLYN,ELIGIBILITY SPECIALIST,ACTIVE,49203.00,per Annum,1820,47110.48,188.25,7039.08,4091.07
2024,69,HRA/DEPT OF SOCIAL SERVICES,2007-07-16T00:00:00.000,MANHATTAN,FRAUD INVESTIGATOR,ACTIVE,66114.00,per Annum,1820,63843.53,0,0.00,4114.65
2024,69,HRA/DEPT OF SOCIAL SERVICES,2007-09-04T00:00:00.000,MANHATTAN,BENEFITS OPPORTUNITY SPECIALIST,ACTIVE,54864.00,per Annum,1820,52017.14,0,0.00,4140.43
2024,69,HRA/DEPT OF SOCIAL SERVICES,2004-04-05T00:00:00.000,BROOKLYN,COMPUTER ASSOCIATE,ACTIVE,64522.00,per Annum,1820,66875.01,0,98.06,4147.34
2024,69,HRA/DEPT OF SOCIAL SERVICES,2013-11-04T00:00:00.000,MANHATTAN,STAFF ANALYST,ACTIVE,78501.00,per Annum,1820,80264.74,2,99.63,4200.21
2024,69,HRA/DEPT OF SOCIAL SERVICES,2011-05-23T00:00:00.000,MANHATTAN,ELIGIBILITY SPECIALIST,ACTIVE,49203.00,per Annum,1820,47447.25,322.5,10994.39,4308.29
2024,69,HRA/DEPT OF SOCIAL SERVICES,2004-05-17T00:00:00.000,MANHATTAN,CLERICAL ASSOCIATE,ACTIVE,47200.00,per Annum,1820,45556.19,0,0.00,4350.49
2024,69,HRA/DEPT OF SOCIAL SERVICES,2019-10-28T00:00:00.000,MANHATTAN,SPECIAL OFFICER,ACTIVE,41840.00,per Annum,2080,40521.58,0,0.00,4500.00
2024,69,HRA/DEPT OF SOCIAL SERVICES,2014-06-23T00:00:00.000,MANHATTAN,SPECIAL OFFICER,ACTIVE,53264.00,per Annum,2080,54927.86,0,1.08,4524.75
2024,69,HRA/DEPT OF SOCIAL SERVICES,2017-09-05T00:00:00.000,BROOKLYN,ELIGIBILITY SPECIALIST,ACTIVE,48917.00,per Annum,1820,47180.32,110.75,4231.66,4592.39
2024,69,HRA/DEPT OF SOCIAL SERVICES,2023-01-17T00:00:00.000,MANHATTAN,STAFF ANALYST,ACTIVE,78501.00,per Annum,1820,79425.69,86.75,4876.80,4641.61
2024,69,HRA/DEPT OF SOCIAL SERVICES,1985-02-19T00:00:00.000,MANHATTAN,CASEWORKER,ACTIVE,57304.00,per Annum,1820,51697.16,0,0.00,4685.00
2024,69,HRA/DEPT OF SOCIAL SERVICES,2010-06-01T00:00:00.000,BROOKLYN,BENEFITS OPPORTUNITY SPECIALIST,ACTIVE,54864.00,per Annum,1820,52980.19,105,4044.59,4689.01
2024,69,HRA/DEPT OF SOCIAL SERVICES,2006-03-13T00:00:00.000,MANHATTAN,ASSOCIATE BENEFITS OPPORTUNITY SPECIALIST,ACTIVE,67134.00,per Annum,1820,64829.27,319.5,14048.99,4700.96
2024,69,HRA/DEPT OF SOCIAL SERVICES,2007-12-17T00:00:00.000,MANHATTAN,ADMINISTRATIVE STAFF ANALYST,ACTIVE,136715.00,per Annum,1820,144774.74,0,0.00,4732.60
2024,69,HRA/DEPT OF SOCIAL SERVICES,2018-03-19T00:00:00.000,MANHATTAN,ASSOCIATE STAFF ANALYST,ACTIVE,94416.00,per Annum,1820,96576.87,133.5,7919.51,4749.53
2024,69,HRA/DEPT OF SOCIAL SERVICES,1993-10-12T00:00:00.000,BROOKLYN,ADM MANAGER-NON-MGRL,ACTIVE,82262.00,per Annum,1820,84934.39,0,0.00,4861.66
2024,69,HRA/DEPT OF SOCIAL SERVICES,2017-01-23T00:00:00.000,MANHATTAN,ADM MANAGER-NON-MGRL,ACTIVE,86913.00,per Annum,1820,90125.44,0,0.00,4865.36
2024,69,HRA/DEPT OF SOCIAL SERVICES,1995-06-19T00:00:00.000,BROOKLYN,ASSOCIATE FRAUD INVESTIGATOR,ACTIVE,78079.00,per Annum,1820,78256.37,0,-0.45,4910.33
2024,69,HRA/DEPT OF SOCIAL SERVICES,2004-02-23T00:00:00.000,MANHATTAN,FRAUD INVESTIGATOR,ACTIVE,66214.00,per Annum,1820,63917.11,33,1249.91,4910.33
2024,69,HRA/DEPT OF SOCIAL SERVICES,2008-03-03T00:00:00.000,BROOKLYN,BENEFITS OPPORTUNITY SPECIALIST,ACTIVE,54864.00,per Annum,1820,52980.19,388.5,15509.69,4946.60
2024,69,HRA/DEPT OF SOCIAL SERVICES,2001-04-02T00:00:00.000,MANHATTAN,PRINCIPAL ADMINISTRATIVE ASSOCIATE -  NON SUPVR,ACTIVE,59648.00,per Annum,1820,60696.65,0,0.00,4948.59
2024,69,HRA/DEPT OF SOCIAL SERVICES,1996-07-01T00:00:00.000,BRONX,ASSOCIATE FRAUD INVESTIGATOR,ACTIVE,77932.00,per Annum,1820,75233.15,197.75,9201.03,4960.97
2024,69,HRA/DEPT OF SOCIAL SERVICES,2010-07-19T00:00:00.000,BROOKLYN,ELIGIBILITY SPECIALIST,ACTIVE,49203.00,per Annum,1820,46491.28,335.25,13290.44,4995.62
2024,69,HRA/DEPT OF SOCIAL SERVICES,1993-06-21T00:00:00.000,BRONX,FRAUD INVESTIGATOR,ACTIVE,66381.00,per Annum,1820,64078.32,358.75,16495.51,5006.20
2024,69,HRA/DEPT OF SOCIAL SERVICES,1997-10-14T00:00:00.000,BROOKLYN,CASEWORKER,ACTIVE,53961.00,per Annum,1820,52084.92,0,0.00,5012.78
2024,69,HRA/DEPT OF SOCIAL SERVICES,1990-08-13T00:00:00.000,MANHATTAN,CASEWORKER,ACTIVE,54095.00,per Annum,1820,52214.15,0,0.00,5012.78
2024,69,HRA/DEPT OF SOCIAL SERVICES,2003-08-25T00:00:00.000,MANHATTAN,SUPERVISOR I,ACTIVE,66292.00,per Annum,1820,53660.27,0,0.00,5012.78
2024,69,HRA/DEPT OF SOCIAL SERVICES,1999-03-15T00:00:00.000,BROOKLYN,SUPERVISOR I,ACTIVE,66490.00,per Annum,1820,64183.64,0,0.00,5012.78
2024,69,HRA/DEPT OF SOCIAL SERVICES,1997-07-21T00:00:00.000,BROOKLYN,CASEWORKER,ACTIVE,53930.00,per Annum,1820,52055.01,55.75,2044.29,5012.78
2024,69,HRA/DEPT OF SOCIAL SERVICES,2005-11-14T00:00:00.000,BROOKLYN,ELIGIBILITY SPECIALIST,ACTIVE,52386.00,per Annum,1820,50470.67,471,19078.63,7612.54
2024,69,HRA/DEPT OF SOCIAL SERVICES,1989-09-05T00:00:00.000,MANHATTAN,SUPERVISOR III,CEASED,83615.00,per Annum,1589,71331.40,12.5,683.95,7563.27
2024,69,HRA/DEPT OF SOCIAL SERVICES,2000-05-30T00:00:00.000,QUEENS,ELIGIBILITY SPECIALIST,ACTIVE,49757.00,per Annum,1820,47968.19,475.75,17585.73,7518.06
2024,69,HRA/DEPT OF SOCIAL SERVICES,2012-10-15T00:00:00.000,BROOKLYN,CASEWORKER,ACTIVE,53692.00,per Annum,1820,51848.29,0,0.00,7485.50
2024,69,HRA/DEPT OF SOCIAL SERVICES,1994-10-24T00:00:00.000,BRONX,ELIGIBILITY SPECIALIST,ACTIVE,53263.00,per Annum,1820,51317.06,0,0.00,7420.27
2024,69,HRA/DEPT OF SOCIAL SERVICES,1992-04-13T00:00:00.000,MANHATTAN,ASSOCIATE BENEFITS OPPORTUNITY SPECIALIST,ACTIVE,78882.00,per Annum,1820,76150.01,135,6319.93,7377.71
2024,69,HRA/DEPT OF SOCIAL SERVICES,2000-02-22T00:00:00.000,QUEENS,ADM MANAGER-NON-MGRL,ACTIVE,84209.00,per Annum,1820,84817.81,373,25158.71,7356.01
2024,69,HRA/DEPT OF SOCIAL SERVICES,2017-05-15T00:00:00.000,BRONX,CASEWORKER,ACTIVE,53692.00,per Annum,1820,51848.29,0,0.00,7306.93
2024,69,HRA/DEPT OF SOCIAL SERVICES,1993-03-01T00:00:00.000,MANHATTAN,ADMINISTRATIVE STAFF ANALYST,ACTIVE,112306.00,per Annum,1820,109586.18,41.25,3006.77,7276.64
2024,69,HRA/DEPT OF SOCIAL SERVICES,2017-01-30T00:00:00.000,BROOKLYN,ELIGIBILITY SPECIALIST,ACTIVE,48917.00,per Annum,1820,47180.32,659,24541.18,7216.48
2024,69,HRA/DEPT OF SOCIAL SERVICES,2003-11-17T00:00:00.000,MANHATTAN,COMPUTER ASSOCIATE,CEASED,64647.00,per Annum,1190,19266.96,0,0.00,7178.16
2024,69,HRA/DEPT OF SOCIAL SERVICES,2014-03-03T00:00:00.000,BROOKLYN,PRINCIPAL ADMINISTRATIVE ASSOCIATE -  NON SUPVR,ACTIVE,59588.00,per Annum,1820,56134.36,181.75,7634.21,7142.56
2024,69,HRA/DEPT OF SOCIAL SERVICES,2007-02-12T00:00:00.000,MANHATTAN,ASSOCIATE BENEFITS OPPORTUNITY SPECIALIST,ACTIVE,67134.00,per Annum,1820,59608.94,787.75,37910.77,7104.63
2024,69,HRA/DEPT OF SOCIAL SERVICES,2010-06-01T00:00:00.000,BROOKLYN,ASSOCIATE BENEFITS OPPORTUNITY SPECIALIST,ON LEAVE,78686.00,per Annum,1820,75983.86,780.75,47505.37,7035.27
2024,69,HRA/DEPT OF SOCIAL SERVICES,2004-06-21T00:00:00.000,QUEENS,ELIGIBILITY SPECIALIST,ACTIVE,49470.00,per Annum,1820,47690.75,131.25,5198.41,7024.33
2024,69,HRA/DEPT OF SOCIAL SERVICES,2006-06-05T00:00:00.000,BROOKLYN,PRINCIPAL ADMINISTRATIVE ASSOCIATE -  NON SUPVR,ACTIVE,59618.00,per Annum,1820,59203.28,240.25,10629.52,6795.29
2024,69,HRA/DEPT OF SOCIAL SERVICES,1992-11-09T00:00:00.000,BROOKLYN,SUPERVISOR II,ACTIVE,77958.00,per Annum,1820,75257.86,183,10260.49,6785.63
2024,69,HRA/DEPT OF SOCIAL SERVICES,2017-01-23T00:00:00.000,MANHATTAN,PRINCIPAL ADMINISTRATIVE ASSOCIATE -  NON SUPVR,ACTIVE,73884.00,per Annum,1820,76621.00,257,12199.24,6540.64
2024,69,HRA/DEPT OF SOCIAL SERVICES,2014-02-03T00:00:00.000,MANHATTAN,SUPERVISOR I,ACTIVE,66268.00,per Annum,1820,59465.08,0,0.00,6505.94
2024,69,HRA/DEPT OF SOCIAL SERVICES,2008-03-31T00:00:00.000,MANHATTAN,ELIGIBILITY SPECIALIST,ACTIVE,49261.00,per Annum,1820,47512.63,1123.5,44710.34,6488.71
2024,69,HRA/DEPT OF SOCIAL SERVICES,2005-11-21T00:00:00.000,BROOKLYN,COMPUTER SPECIALIST,ACTIVE,119330.00,per Annum,1820,115232.10,167,12425.00,6444.91
2024,69,HRA/DEPT OF SOCIAL SERVICES,2016-06-27T00:00:00.000,BRONX,CASEWORKER,ACTIVE,53692.00,per Annum,1820,51848.29,117.5,4500.38,6409.58
2024,69,HRA/DEPT OF SOCIAL SERVICES,2005-04-04T00:00:00.000,MANHATTAN,ASSOCIATE BENEFITS OPPORTUNITY SPECIALIST,ACTIVE,78760.00,per Annum,1890,78953.29,56.25,2698.27,6360.11
2024,69,HRA/DEPT OF SOCIAL SERVICES,2001-04-30T00:00:00.000,MANHATTAN,ELIGIBILITY SPECIALIST,ACTIVE,49726.00,per Annum,1820,47938.30,178.25,6295.60,6353.96
2024,69,HRA/DEPT OF SOCIAL SERVICES,2017-04-03T00:00:00.000,BRONX,CASEWORKER,ACTIVE,53692.00,per Annum,1820,51848.29,0,0.00,6306.93
2024,69,HRA/DEPT OF SOCIAL SERVICES,2004-06-28T00:00:00.000,BROOKLYN,COMPUTER SPECIALIST,ACTIVE,128111.00,per Annum,1820,123688.64,0,0.00,6306.92
2024,69,HRA/DEPT OF SOCIAL SERVICES,2008-07-28T00:00:00.000,MANHATTAN,COMPUTER SPECIALIST,ACTIVE,119378.00,per Annum,1820,115256.02,0,0.00,6306.92
2024,69,HRA/DEPT OF SOCIAL SERVICES,2003-11-17T00:00:00.000,MANHATTAN,COMPUTER ASSOCIATE,ACTIVE,86300.00,per Annum,1820,83313.45,0,0.00,6306.92
2024,69,HRA/DEPT OF SOCIAL SERVICES,2011-07-25T00:00:00.000,BRONX,SUPERVISOR I,ACTIVE,66268.00,per Annum,1820,56242.76,79.5,2817.87,6240.44
2024,69,HRA/DEPT OF SOCIAL SERVICES,1994-12-12T00:00:00.000,BROOKLYN,PRINCIPAL ADMINISTRATIVE ASSOCIATE -  NON SUPVR,ACTIVE,66798.00,per Annum,1820,69263.56,0,0.00,6212.77
2024,69,HRA/DEPT OF SOCIAL SERVICES,2013-12-09T00:00:00.000,MANHATTAN,BENEFITS OPPORTUNITY SPECIALIST,ACTIVE,54864.00,per Annum,1820,52980.19,303.25,11566.83,6199.32
2024,69,HRA/DEPT OF SOCIAL SERVICES,2008-12-22T00:00:00.000,BROOKLYN,ELIGIBILITY SPECIALIST,ACTIVE,49261.00,per Annum,1820,47512.63,1087,42514.11,6129.02
2024,69,HRA/DEPT OF SOCIAL SERVICES,2001-06-04T00:00:00.000,MANHATTAN,ADM MANAGER-NON-MGRL,ACTIVE,83054.00,per Annum,1820,83914.14,0,0.00,6091.60
2024,69,HRA/DEPT OF SOCIAL SERVICES,2007-02-12T00:00:00.000,MANHATTAN,BENEFITS OPPORTUNITY SPECIALIST,ACTIVE,54864.00,per Annum,1820,52980.19,294,12224.35,6073.27
2024,69,HRA/DEPT OF SOCIAL SERVICES,2007-07-16T00:00:00.000,BROOKLYN,PRINCIPAL ADMINISTRATIVE ASSOCIATE -  NON SUPVR,ACTIVE,66702.00,per Annum,1820,62145.65,338.75,14481.17,6061.60
2024,69,HRA/DEPT OF SOCIAL SERVICES,2007-11-19T00:00:00.000,BROOKLYN,CERTIFIED IT ADMINISTRATOR,ACTIVE,128010.00,per Annum,1820,119906.75,171.5,15008.75,6032.35
2024,69,HRA/DEPT OF SOCIAL SERVICES,2002-10-07T00:00:00.000,BRONX,ELIGIBILITY SPECIALIST,ACTIVE,49590.00,per Annum,1820,47806.98,0,0.00,6024.30
2024,69,HRA/DEPT OF SOCIAL SERVICES,1990-09-04T00:00:00.000,QUEENS,ELIGIBILITY SPECIALIST,ACTIVE,49961.00,per Annum,1820,48165.04,0,0.00,6024.28
2024,69,HRA/DEPT OF SOCIAL SERVICES,2001-10-22T00:00:00.000,BROOKLYN,ELIGIBILITY SPECIALIST,ACTIVE,49708.00,per Annum,1820,47920.35,0,0.00,6024.28
2024,69,HRA/DEPT OF SOCIAL SERVICES,2010-07-12T00:00:00.000,BROOKLYN,ELIGIBILITY SPECIALIST,ACTIVE,49472.00,per Annum,1820,47692.57,0,0.00,6024.28
2024,69,HRA/DEPT OF SOCIAL SERVICES,1993-10-12T00:00:00.000,BROOKLYN,ASSOCIATE BENEFITS OPPORTUNITY SPECIALIST,ACTIVE,78921.00,per Annum,1820,76187.97,260.25,14505.59,5012.78
2024,69,HRA/DEPT OF SOCIAL SERVICES,2001-02-12T00:00:00.000,MANHATTAN,BENEFITS OPPORTUNITY SPECIALIST,ACTIVE,55033.00,per Annum,1820,53120.34,300.5,10796.82,5042.38
2024,69,HRA/DEPT OF SOCIAL SERVICES,2017-03-06T00:00:00.000,BROOKLYN,BENEFITS OPPORTUNITY SPECIALIST,ACTIVE,54864.00,per Annum,1820,52980.19,503.43,22106.46,5050.18
2024,69,HRA/DEPT OF SOCIAL SERVICES,2013-05-20T00:00:00.000,BROOKLYN,CLERICAL ASSOCIATE,ACTIVE,47346.00,per Annum,1680,40017.18,17.5,507.35,5073.45
2024,69,HRA/DEPT OF SOCIAL SERVICES,2016-10-17T00:00:00.000,BROOKLYN,ELIGIBILITY SPECIALIST,ACTIVE,48978.00,per Annum,1820,47239.09,843.5,33504.71,5074.50
2024,69,HRA/DEPT OF SOCIAL SERVICES,2001-02-12T00:00:00.000,MANHATTAN,CASEWORKER,ACTIVE,53862.00,per Annum,1820,51989.48,0,0.00,5079.28
2024,69,HRA/DEPT OF SOCIAL SERVICES,2012-06-25T00:00:00.000,MANHATTAN,BENEFITS OPPORTUNITY SPECIALIST,ACTIVE,54864.00,per Annum,1820,52980.19,236.25,8538.00,5190.66
2024,69,HRA/DEPT OF SOCIAL SERVICES,2007-02-12T00:00:00.000,BROOKLYN,ELIGIBILITY SPECIALIST,ACTIVE,49251.00,per Annum,1820,47479.87,0,0.00,5284.50
2024,69,HRA/DEPT OF SOCIAL SERVICES,2012-09-10T00:00:00.000,BROOKLYN,ELIGIBILITY SPECIALIST,ACTIVE,49107.00,per Annum,1820,47363.38,574.5,21582.86,5387.88
2024,69,HRA/DEPT OF SOCIAL SERVICES,2009-06-22T00:00:00.000,BROOKLYN,COMPUTER SPECIALIST,ACTIVE,110499.00,per Annum,1820,106705.09,0,0.00,5528.24
2024,69,HRA/DEPT OF SOCIAL SERVICES,2003-08-25T00:00:00.000,BROOKLYN,CASEWORKER,ACTIVE,56648.00,per Annum,1820,54679.96,33.25,1185.47,5533.98
2024,69,HRA/DEPT OF SOCIAL SERVICES,2001-01-22T00:00:00.000,MANHATTAN,ASSOCIATE FRAUD INVESTIGATOR,ACTIVE,77981.00,per Annum,1820,75279.71,279.25,13966.65,5597.34
2024,69,HRA/DEPT OF SOCIAL SERVICES,1995-01-30T00:00:00.000,BRONX,ASSOCIATE FRAUD INVESTIGATOR,ACTIVE,86125.00,per Annum,1820,83144.43,31.75,1635.40,5634.52
2024,69,HRA/DEPT OF SOCIAL SERVICES,2013-07-22T00:00:00.000,MANHATTAN,ADMINISTRATIVE STAFF ANALYST,ACTIVE,92445.00,per Annum,1820,97851.57,0,0.00,5653.46
2024,69,HRA/DEPT OF SOCIAL SERVICES,1989-01-30T00:00:00.000,BROOKLYN,SUPERVISOR III,ACTIVE,86194.00,per Annum,1820,83211.00,156.25,9576.40,5659.96
2024,69,HRA/DEPT OF SOCIAL SERVICES,2018-04-02T00:00:00.000,BROOKLYN,COMPUTER SPECIALIST,ACTIVE,106071.00,per Annum,1820,102034.22,0,0.00,5683.20
2024,69,HRA/DEPT OF SOCIAL SERVICES,1993-06-01T00:00:00.000,MANHATTAN,ASSOCIATE BENEFITS OPPORTUNITY SPECIALIST,ACTIVE,67406.00,per Annum,1820,65067.98,590,31276.57,5740.22
2024,69,HRA/DEPT OF SOCIAL SERVICES,1997-03-17T00:00:00.000,BROOKLYN,ASSOCIATE BENEFITS OPPORTUNITY SPECIALIST,ACTIVE,67600.00,per Annum,1820,65255.98,231.75,11146.21,5774.97
2024,69,HRA/DEPT OF SOCIAL SERVICES,2018-12-31T00:00:00.000,BROOKLYN,COMPUTER SPECIALIST,ACTIVE,133317.00,per Annum,1820,128739.37,0,0.00,5807.35
2024,69,HRA/DEPT OF SOCIAL SERVICES,2000-09-11T00:00:00.000,MANHATTAN,ELIGIBILITY SPECIALIST,ACTIVE,49726.00,per Annum,1820,47444.48,0,0.00,5962.21
2024,69,HRA/DEPT OF SOCIAL SERVICES,2009-08-25T00:00:00.000,MANHATTAN,SUPERVISOR I,ACTIVE,66317.00,per Annum,1820,64016.45,140,5971.59,5992.60
2024,69,HRA/DEPT OF SOCIAL SERVICES,2013-04-22T00:00:00.000,MANHATTAN,FRAUD INVESTIGATOR,ACTIVE,66114.00,per Annum,1820,63843.53,0,0.00,3517.27
2024,996,NYC HOUSING AUTHORITY,2020-01-21T00:00:00.000,QUEENS,CARETAKER,ACTIVE,42132.00,per Annum,1998.85,41374.37,52.25,1953.80,3747.48
2024,996,NYC HOUSING AUTHORITY,2012-01-09T00:00:00.000,BROOKLYN,RESIDENT BUILDING SUPERINTENDENT,ACTIVE,89655.00,per Annum,1991.43,81786.20,486.5,26724.71,3772.47
2024,996,NYC HOUSING AUTHORITY,2021-05-28T00:00:00.000,MANHATTAN,PAINTER,ACTIVE,354.62,per Day,1820,94902.46,299,24143.31,3775.70
2024,996,NYC HOUSING AUTHORITY,2020-11-10T00:00:00.000,QUEENS,HEATING PLANT TECHNICIAN,ACTIVE,59137.00,per Annum,2080,52532.84,149.75,5400.11,3784.06
2024,996,NYC HOUSING AUTHORITY,2012-07-30T00:00:00.000,MANHATTAN,CARETAKER,ACTIVE,50569.00,per Annum,2080,52287.14,254,10552.37,3784.78
2024,996,NYC HOUSING AUTHORITY,2022-06-21T00:00:00.000,BROOKLYN,CARETAKER,ACTIVE,36006.00,per Annum,2080,36272.31,277.5,7724.67,3795.94
2024,996,NYC HOUSING AUTHORITY,2004-01-05T00:00:00.000,QUEENS,BRICKLAYER,ACTIVE,428.68,per Day,1820,122924.33,399,33391.92,3806.58
2024,996,NYC HOUSING AUTHORITY,2021-04-06T00:00:00.000,MANHATTAN,MAINTENANCE WORKER,ACTIVE,272.32,per Day,2080,60042.35,117.5,5074.86,3874.64
2024,996,NYC HOUSING AUTHORITY,2021-04-01T00:00:00.000,BROOKLYN,MAINTENANCE WORKER,ACTIVE,272.32,per Day,2080,64809.50,133,6111.27,3935.64
2024,996,NYC HOUSING AUTHORITY,2023-05-15T00:00:00.000,BRONX,MAINTENANCE WORKER,CEASED,254.48,per Day,640,14150.56,67,2983.02,4022.76
2024,996,NYC HOUSING AUTHORITY,2006-09-05T00:00:00.000,BROOKLYN,ASSISTANT HOUSING MANAGER,ACTIVE,74390.00,per Annum,1820,71603.78,143.75,6937.71,4024.44
2024,996,NYC HOUSING AUTHORITY,2017-05-22T00:00:00.000,QUEENS,COMPUTER ASSOCIATE,ACTIVE,90114.00,per Annum,1820,87268.20,0,0.00,495.74
2024,996,NYC HOUSING AUTHORITY,2020-01-13T00:00:00.000,QUEENS,COMMUNITY COORDINATOR,ACTIVE,94521.00,per Annum,1820,97469.39,0,3.93,516.50
2024,996,NYC HOUSING AUTHORITY,2023-06-20T00:00:00.000,MANHATTAN,COMMUNITY COORDINATOR,CEASED,80000.00,per Annum,490,21424.36,0,0.00,612.02
2024,996,NYC HOUSING AUTHORITY,2017-05-22T00:00:00.000,MANHATTAN,ASSOCIATE STAFF ANALYST,CEASED,87532.00,per Annum,0,970.72,0,0.00,639.69
2024,996,NYC HOUSING AUTHORITY,2000-05-15T00:00:00.000,QUEENS,CARETAKER,CEASED,49096.00,per Annum,0,-970.55,8.5,507.15,813.63
2024,996,NYC HOUSING AUTHORITY,2022-09-19T00:00:00.000,QUEENS,CARETAKER,CEASED,34957.00,per Annum,320,6056.34,40,1396.31,971.36
2024,996,NYC HOUSING AUTHORITY,2019-09-11T00:00:00.000,BRONX,MAINTENANCE WORKER,CEASED,264.40,per Day,376,7474.90,8,311.60,988.95
2024,996,NYC HOUSING AUTHORITY,2023-12-11T00:00:00.000,BROOKLYN,ELECTRICIANS HELPER,ACTIVE,296.31,per Day,980,40917.60,366,22934.40,1001.16
2024,996,NYC HOUSING AUTHORITY,2016-11-21T00:00:00.000,BROOKLYN,SECRETARY,ACTIVE,51796.00,per Annum,1820,50130.00,1,28.10,1052.65
2024,996,NYC HOUSING AUTHORITY,2015-04-06T00:00:00.000,MANHATTAN,ELEVATOR MECHANIC,ACTIVE,487.12,per Day,2080,126651.20,350.5,38528.14,1073.04
2024,996,NYC HOUSING AUTHORITY,2023-04-10T00:00:00.000,MANHATTAN,CLERICAL AIDE,CEASED,32217.00,per Annum,140,307.84,0,0.00,1381.98
2024,996,NYC HOUSING AUTHORITY,2022-12-13T00:00:00.000,MANHATTAN,ACCOUNTANT,ACTIVE,63042.00,per Annum,1729,53287.50,0,0.00,1426.60
2024,996,NYC HOUSING AUTHORITY,1989-10-16T00:00:00.000,BROOKLYN,COMMUNITY ASSOCIATE,ACTIVE,49883.00,per Annum,1820,48257.48,0,0.00,1472.43
2024,996,NYC HOUSING AUTHORITY,2023-05-30T00:00:00.000,BRONX,HOUSING ASSISTANT,CEASED,46873.00,per Annum,140,1888.66,0,0.00,1493.45
2024,996,NYC HOUSING AUTHORITY,1991-04-08T00:00:00.000,MANHATTAN,SUPERVISOR ELEVATOR MECHANIC,ACTIVE,548.00,per Day,2080,142480.00,0,0.00,1594.58
2024,996,NYC HOUSING AUTHORITY,2013-09-16T00:00:00.000,MANHATTAN,ELEVATOR MECHANIC,ACTIVE,487.12,per Day,2080,126651.20,193.75,21372.40,2054.28
2024,996,NYC HOUSING AUTHORITY,2012-07-16T00:00:00.000,BRONX,SUPERVISING HOUSING GROUNDSKEEPER,ACTIVE,62175.00,per Annum,2080,58887.76,448.5,19895.40,2092.19
2024,996,NYC HOUSING AUTHORITY,2015-03-23T00:00:00.000,QUEENS,CUSTOMER INFORMATION REPRESENTATIVE MA L 1549,ACTIVE,45409.00,per Annum,1820,43948.30,1,24.13,2679.74
2024,996,NYC HOUSING AUTHORITY,1999-06-07T00:00:00.000,BRONX,COMMUNITY ASSOCIATE,ACTIVE,49812.00,per Annum,1820,48188.70,0,0.00,2731.55
2024,996,NYC HOUSING AUTHORITY,2019-04-08T00:00:00.000,QUEENS,ASSOCIATE PROJECT MANAGER,ACTIVE,121693.00,per Annum,1820,109622.12,0,0.00,2857.37
2024,996,NYC HOUSING AUTHORITY,1993-11-01T00:00:00.000,MANHATTAN,MAINTENANCE WORKER,CEASED,264.40,per Day,400,9971.20,0,0.00,2871.74
2024,996,NYC HOUSING AUTHORITY,2020-02-10T00:00:00.000,MANHATTAN,LABOR RELATIONS ANALYST TRAINEE,ACTIVE,67341.00,per Annum,1820,65801.45,0,0.00,3000.00
2024,996,NYC HOUSING AUTHORITY,1999-06-01T00:00:00.000,BRONX,ADMINISTRATIVE HOUSING MANAGER,ACTIVE,147728.00,per Annum,1820,154589.10,0,0.00,3000.00
2024,996,NYC HOUSING AUTHORITY,1998-04-13T00:00:00.000,MANHATTAN,ADMINISTRATIVE INSPECTOR,ACTIVE,154119.00,per Annum,1820,160886.18,0,0.00,3000.00
2024,996,NYC HOUSING AUTHORITY,1995-08-21T00:00:00.000,MANHATTAN,ADMINISTRATIVE HOUSING MANAGER,ACTIVE,177698.00,per Annum,1820,179346.04,0,0.00,3000.00
2024,996,NYC HOUSING AUTHORITY,1991-09-09T00:00:00.000,QUEENS,ADMINISTRATIVE SUPERVISOR OF BUILDING MAINTENANCE,ACTIVE,129974.00,per Annum,1820,130436.63,0,6.15,3000.00
2024,996,NYC HOUSING AUTHORITY,2022-08-09T00:00:00.000,QUEENS,PAINTER,ACTIVE,354.62,per Day,1820,93894.34,312,24177.57,3000.00
2024,996,NYC HOUSING AUTHORITY,2023-04-17T00:00:00.000,MANHATTAN,PAINTER,ACTIVE,354.62,per Day,1820,90122.34,527.75,39019.14,3000.00
2024,996,NYC HOUSING AUTHORITY,1990-05-02T00:00:00.000,BROOKLYN,SUPERVISOR ELECTRICIAN,ACTIVE,502.88,per Day,1820,128543.35,962.75,101015.55,3000.00
2024,996,NYC HOUSING AUTHORITY,2019-05-28T00:00:00.000,MANHATTAN,CARETAKER,ON LEAVE,50569.00,per Annum,587.43,9421.45,32.75,1158.06,3007.00
2024,996,NYC HOUSING AUTHORITY,2010-11-08T00:00:00.000,QUEENS,SECRETARY,ACTIVE,47100.00,per Annum,1820,45585.17,0,0.00,3010.53
2024,996,NYC HOUSING AUTHORITY,2010-11-01T00:00:00.000,MANHATTAN,SECRETARY,ACTIVE,53054.00,per Annum,1820,55777.87,0,0.00,3018.28
2024,996,NYC HOUSING AUTHORITY,2024-02-05T00:00:00.000,BROOKLYN,MAINTENANCE WORKER,ACTIVE,262.08,per Day,800,24206.40,40.25,1876.77,3045.00
2024,996,NYC HOUSING AUTHORITY,1998-01-12T00:00:00.000,MANHATTAN,PLASTERER,ACTIVE,434.64,per Day,2080,127538.07,4,797.08,3106.58
2024,996,NYC HOUSING AUTHORITY,2014-01-27T00:00:00.000,MANHATTAN,EXECUTIVE AGENCY COUNSEL,ACTIVE,117754.00,per Annum,1820,123876.70,0,0.00,3112.84
2024,996,NYC HOUSING AUTHORITY,2007-03-12T00:00:00.000,QUEENS,SUPERVISOR ROOFER,ACTIVE,370.79,per Day,1820,105016.23,14.75,1828.74,3120.58
2024,996,NYC HOUSING AUTHORITY,2020-08-27T00:00:00.000,MANHATTAN,ADMINISTRATIVE PROCUREMENT ANALYST-NON-MGRL,ACTIVE,118000.00,per Annum,1820,106644.55,125,9437.75,3133.50
2024,996,NYC HOUSING AUTHORITY,2010-06-28T00:00:00.000,BRONX,MAINTENANCE WORKER,ACTIVE,272.32,per Day,2080,65043.20,26.5,1238.62,3140.80
2024,996,NYC HOUSING AUTHORITY,2020-05-26T00:00:00.000,MANHATTAN,ELEVATOR MECHANIC HELPER,ACTIVE,296.00,per Day,2080,76960.00,516.5,32199.25,3147.80
2024,996,NYC HOUSING AUTHORITY,1985-06-14T00:00:00.000,BROOKLYN,PLUMBER,ACTIVE,422.31,per Day,1820,112293.23,559.5,68904.34,3165.87
2024,996,NYC HOUSING AUTHORITY,2023-08-28T00:00:00.000,BROOKLYN,CARETAKER,ACTIVE,36006.00,per Annum,1720,29253.22,115.5,3184.03,3172.98
2024,996,NYC HOUSING AUTHORITY,2022-05-24T00:00:00.000,MANHATTAN,HOUSING ASSISTANT,ACTIVE,60106.00,per Annum,1820,54311.28,6,190.02,3178.50
2024,996,NYC HOUSING AUTHORITY,2010-09-27T00:00:00.000,MANHATTAN,HOUSING ASSISTANT,ACTIVE,69243.00,per Annum,1884,71395.25,0,0.00,3188.47
2024,996,NYC HOUSING AUTHORITY,2009-03-09T00:00:00.000,QUEENS,ASBESTOS HANDLER SUPERVISOR,ACTIVE,95436.00,per Annum,2080,98518.39,1045,74428.95,3192.34
2024,996,NYC HOUSING AUTHORITY,2021-08-17T00:00:00.000,BROOKLYN,CARETAKER,ACTIVE,42132.00,per Annum,2080,39183.27,86.25,2754.30,3214.47
2024,996,NYC HOUSING AUTHORITY,2009-03-23T00:00:00.000,MANHATTAN,ELEVATOR MECHANIC,ACTIVE,487.12,per Day,2080,126651.20,359.5,38847.83,3272.08
2024,996,NYC HOUSING AUTHORITY,2012-12-26T00:00:00.000,BROOKLYN,HOUSING MANAGER,ACTIVE,104829.00,per Annum,1820,106995.92,315.25,20874.77,3273.08
2024,996,NYC HOUSING AUTHORITY,2020-11-25T00:00:00.000,MANHATTAN,ADMINISTRATIVE STOREKEEPER,ACTIVE,114920.00,per Annum,1900,115631.98,38.5,3697.65,3273.85
2024,996,NYC HOUSING AUTHORITY,2021-07-12T00:00:00.000,BROOKLYN,CARETAKER,ACTIVE,42132.00,per Annum,2080,30554.90,224.75,6590.20,3275.11
2024,996,NYC HOUSING AUTHORITY,2002-06-03T00:00:00.000,MANHATTAN,ADMINISTRATIVE PROCUREMENT ANALYST-NON-MGRL,ACTIVE,79997.00,per Annum,1820,77039.83,0,0.00,3298.49
2024,996,NYC HOUSING AUTHORITY,1986-10-27T00:00:00.000,QUEENS,MAINTENANCE WORKER,ACTIVE,272.32,per Day,2080,65043.20,404.25,18664.87,3305.58
2024,996,NYC HOUSING AUTHORITY,2012-02-27T00:00:00.000,MANHATTAN,ELEVATOR MECHANIC HELPER,ACTIVE,296.00,per Day,2080,76960.00,579.5,35871.51,3318.80
2024,996,NYC HOUSING AUTHORITY,2022-12-14T00:00:00.000,MANHATTAN,CARETAKER,CEASED,42132.00,per Annum,1272,24690.11,215.5,6236.18,3372.57
2024,996,NYC HOUSING AUTHORITY,2012-04-23T00:00:00.000,BRONX,CARETAKER,CEASED,49096.00,per Annum,560,13783.20,171,7625.11,3436.04
2024,996,NYC HOUSING AUTHORITY,2020-10-08T00:00:00.000,BROOKLYN,CARETAKER,ACTIVE,50569.00,per Annum,2080,49197.23,156,6036.93,3437.52
2024,996,NYC HOUSING AUTHORITY,2022-12-06T00:00:00.000,BRONX,CARETAKER,ACTIVE,36006.00,per Annum,2080,35474.26,181.75,5116.35,3514.10
2024,996,NYC HOUSING AUTHORITY,2022-07-12T00:00:00.000,BRONX,MAINTENANCE WORKER,ACTIVE,262.08,per Day,2080,60497.19,234.5,10415.64,3528.56
2024,996,NYC HOUSING AUTHORITY,1999-08-11T00:00:00.000,MANHATTAN,COMPUTER SYSTEMS MANAGER,ACTIVE,143503.00,per Annum,1820,151514.44,0,0.00,3581.40
2024,996,NYC HOUSING AUTHORITY,2017-10-16T00:00:00.000,MANHATTAN,PAINTER,ACTIVE,354.62,per Day,1820,96913.60,679,55230.29,3618.65
2024,996,NYC HOUSING AUTHORITY,2023-02-21T00:00:00.000,BRONX,MAINTENANCE WORKER,ACTIVE,262.08,per Day,2080,58278.67,147.25,6547.74,3668.56
2024,996,NYC HOUSING AUTHORITY,2023-03-20T00:00:00.000,BRONX,CARETAKER,ACTIVE,36006.00,per Annum,2080,33538.97,253.75,6992.00,3669.76
2024,996,NYC HOUSING AUTHORITY,2023-10-16T00:00:00.000,MANHATTAN,CARETAKER,ACTIVE,36006.00,per Annum,1440,23509.80,154.25,4195.81,3710.24
2024,996,NYC HOUSING AUTHORITY,1986-05-19T00:00:00.000,MANHATTAN,HOUSING MANAGER,CEASED,101776.00,per Annum,343,22099.36,0,0.00,251.02
2024,996,NYC HOUSING AUTHORITY,2006-03-06T00:00:00.000,BROOKLYN,BRICKLAYER,CEASED,404.11,per Day,0,4125.09,0,290.20,255.10
2024,996,NYC HOUSING AUTHORITY,2012-08-27T00:00:00.000,MANHATTAN,ADMIN COMMUNITY RELATIONS SPECIALIST,CEASED,92600.00,per Annum,0,4308.99,0,113.56,280.66
2024,996,NYC HOUSING AUTHORITY,2022-10-25T00:00:00.000,MANHATTAN,CARETAKER,CEASED,34957.00,per Annum,184,4211.48,41.5,1457.93,300.78
2024,996,NYC HOUSING AUTHORITY,2010-09-13T00:00:00.000,MANHATTAN,PROCUREMENT ANALYST,ACTIVE,94458.00,per Annum,1820,91807.85,146.5,9104.77,311.67
2024,996,NYC HOUSING AUTHORITY,2019-04-29T00:00:00.000,QUEENS,COMMUNITY SERVICE AIDE,CEASED,42165.00,Prorated Annual,0,-280.39,0,0.00,325.26
2024,996,NYC HOUSING AUTHORITY,2021-05-06T00:00:00.000,MANHATTAN,COMMUNITY COORDINATOR,ACTIVE,78140.00,per Annum,1820,74849.64,8,394.48,16.50
2024,996,NYC HOUSING AUTHORITY,2022-04-05T00:00:00.000,MANHATTAN,HOUSING ASSISTANT,CEASED,69243.00,per Annum,1435,49650.97,0,30.61,17.00
2024,996,NYC HOUSING AUTHORITY,1990-04-16T00:00:00.000,QUEENS,CARPENTER,CEASED,375.97,per Day,0,69.16,0,1.82,18.71
2024,996,NYC HOUSING AUTHORITY,2021-09-14T00:00:00.000,BROOKLYN,CITY SEASONAL AIDE,CEASED,41527.00,per Annum,0,488.82,0,0.00,22.33
2024,996,NYC HOUSING AUTHORITY,2024-05-20T00:00:00.000,BRONX,MAINTENANCE WORKER,ACTIVE,262.08,per Day,160,6218.40,6,294.84,23.50
2024,996,NYC HOUSING AUTHORITY,2022-12-19T00:00:00.000,QUEENS,COMMUNITY COORDINATOR,ACTIVE,84200.00,per Annum,1820,83763.33,0,0.00,24.75
2024,996,NYC HOUSING AUTHORITY,2021-02-17T00:00:00.000,MANHATTAN,CLERICAL ASSOCIATE,ACTIVE,51796.00,per Annum,1820,52415.10,95.5,2979.19,33.00
2024,996,NYC HOUSING AUTHORITY,2022-02-03T00:00:00.000,MANHATTAN,CARETAKER,CEASED,33939.00,per Annum,0,730.22,0,178.96,40.04
2024,996,NYC HOUSING AUTHORITY,2023-03-13T00:00:00.000,BROOKLYN,SECRETARY,ACTIVE,40956.00,per Annum,1820,39330.03,0,0.00,41.25
2024,996,NYC HOUSING AUTHORITY,2022-08-22T00:00:00.000,BROOKLYN,SECRETARY,ACTIVE,40956.00,per Annum,1820,37145.89,5,108.82,57.75
2024,996,NYC HOUSING AUTHORITY,2002-04-22T00:00:00.000,BRONX,HOUSING ASSISTANT,CEASED,65268.00,per Annum,0,1590.50,0,0.00,65.62
2024,996,NYC HOUSING AUTHORITY,2023-09-05T00:00:00.000,QUEENS,CUSTOMER INFORMATION REPRESENTATIVE MA L 1549,CEASED,41555.00,per Annum,693,15520.70,1.5,34.11,79.61
2024,996,NYC HOUSING AUTHORITY,2016-03-28T00:00:00.000,QUEENS,SUPERVISING HOUSING GROUNDSKEEPER,CEASED,62175.00,per Annum,32,945.48,0,568.87,96.73
2024,996,NYC HOUSING AUTHORITY,2019-08-19T00:00:00.000,MANHATTAN,CARETAKER,CEASED,50569.00,per Annum,176,4412.92,6.5,639.02,98.85
2024,996,NYC HOUSING AUTHORITY,1993-07-26T00:00:00.000,BRONX,ASSISTANT RESIDENT BUILDING SUPT,CEASED,83117.00,per Annum,0,7031.13,0,228.24,108.65
2024,996,NYC HOUSING AUTHORITY,2023-05-30T00:00:00.000,QUEENS,CITY SEASONAL AIDE,CEASED,31145.00,Prorated Annual,677,11447.43,0,0.00,119.13
2024,996,NYC HOUSING AUTHORITY,2023-06-20T00:00:00.000,QUEENS,CITY SEASONAL AIDE,CEASED,31145.00,Prorated Annual,614.57,12272.99,0,0.00,119.13
2024,996,NYC HOUSING AUTHORITY,2024-06-24T00:00:00.000,BROOKLYN,CITY SEASONAL AIDE,ACTIVE,31145.00,Prorated Annual,810,15965.13,0,0.00,357.40
2024,996,NYC HOUSING AUTHORITY,2023-12-18T00:00:00.000,QUEENS,COMMUNITY ASSOCIATE,ACTIVE,43144.00,per Annum,945,21726.29,0,0.00,375.55
2024,996,NYC HOUSING AUTHORITY,2024-06-03T00:00:00.000,QUEENS,CITY SEASONAL AIDE,ACTIVE,31145.00,Prorated Annual,902.57,17803.24,0,0.00,407.04
2024,996,NYC HOUSING AUTHORITY,2018-04-30T00:00:00.000,QUEENS,PAINTER,CEASED,334.25,per Day,0,3119.30,0,1556.08,14.17
2024,996,NYC HOUSING AUTHORITY,2024-07-08T00:00:00.000,BRONX,MAINTENANCE WORKER,CEASED,264.40,per Day,0,88.40,0,76.51,12.48
2024,996,NYC HOUSING AUTHORITY,2023-11-13T00:00:00.000,QUEENS,COMMUNITY SERVICE AIDE,ACTIVE,41527.00,Prorated Annual,1240,23996.35,5,144.82,8.25
2024,996,NYC HOUSING AUTHORITY,2024-03-11T00:00:00.000,MANHATTAN,CARETAKER,ACTIVE,36006.00,per Annum,600,9244.97,62.25,1723.38,7.00
2024,996,NYC HOUSING AUTHORITY,2021-06-01T00:00:00.000,BROOKLYN,CARETAKER,CEASED,34957.00,per Annum,0,867.11,0,0.00,6.01
2024,996,NYC HOUSING AUTHORITY,2024-03-18T00:00:00.000,BROOKLYN,PLUMBER'S HELPER,ACTIVE,295.47,per Day,490,20682.90,207.25,17496.05,0.00
2024,996,NYC HOUSING AUTHORITY,2023-07-10T00:00:00.000,BROOKLYN,CITY SEASONAL AIDE,CEASED,31145.00,Prorated Annual,738,14256.24,0,0.00,129.06
2024,996,NYC HOUSING AUTHORITY,2011-02-22T00:00:00.000,MANHATTAN,ELEVATOR MECHANIC,ACTIVE,487.12,per Day,2080,126651.20,284.25,27195.76,161.80
2024,996,NYC HOUSING AUTHORITY,2021-10-26T00:00:00.000,BROOKLYN,CARETAKER,CEASED,33939.00,per Annum,0,0.00,0,0.00,164.87
2024,996,NYC HOUSING AUTHORITY,2022-09-27T00:00:00.000,BRONX,HOUSING ASSISTANT,ACTIVE,48279.00,per Annum,1820,41306.56,0,0.00,165.50
2024,996,NYC HOUSING AUTHORITY,2024-02-20T00:00:00.000,MANHATTAN,CARETAKER,ACTIVE,36006.00,per Annum,712,10605.09,75.25,2113.54,172.98
2024,996,NYC HOUSING AUTHORITY,2018-05-07T00:00:00.000,MANHATTAN,CARETAKER,CEASED,49096.00,per Annum,145.15,25294.96,0,87.69,-14195.51
2024,996,NYC HOUSING AUTHORITY,2019-04-01T00:00:00.000,QUEENS,CARETAKER,ACTIVE,50569.00,per Annum,75.43,14628.30,19,1156.25,-10021.42
2024,996,NYC HOUSING AUTHORITY,2013-07-22T00:00:00.000,MANHATTAN,ELEVATOR MECHANIC HELPER,ACTIVE,296.00,per Day,2016,74295.83,389.25,23388.65,-8254.89
2024,996,NYC HOUSING AUTHORITY,2015-10-13T00:00:00.000,MANHATTAN,ELEVATOR MECHANIC HELPER,ACTIVE,296.00,per Day,1950.85,75775.76,569,34400.77,-524.35
2024,996,NYC HOUSING AUTHORITY,2020-12-10T00:00:00.000,MANHATTAN,CARETAKER,CEASED,40905.00,per Annum,5.5,1322.69,0,329.32,-429.91
2024,996,NYC HOUSING AUTHORITY,2014-02-03T00:00:00.000,MANHATTAN,CARETAKER,CEASED,47666.00,per Annum,0,674.97,0,325.49,-277.43
2024,996,NYC HOUSING AUTHORITY,2023-05-30T00:00:00.000,QUEENS,CITY SEASONAL AIDE,CEASED,31145.00,Prorated Annual,690,12243.45,0,0.00,-239.81
2024,996,NYC HOUSING AUTHORITY,2022-05-17T00:00:00.000,MANHATTAN,HOUSING ASSISTANT,CEASED,45508.00,per Annum,0,366.64,0,0.00,-211.33
2024,996,NYC HOUSING AUTHORITY,2021-05-24T00:00:00.000,MANHATTAN,CITY SEASONAL AIDE,CEASED,41527.00,per Annum,0,36.46,0,0.00,0.00
2024,996,NYC HOUSING AUTHORITY,2022-06-07T00:00:00.000,BROOKLYN,GLAZIER,CEASED,336.70,per Day,0,39.20,0,0.00,0.00
2024,996,NYC HOUSING AUTHORITY,2021-10-19T00:00:00.000,QUEENS,CITY SEASONAL AIDE,CEASED,41527.00,per Annum,0,406.16,0,0.00,0.00
2024,996,NYC HOUSING AUTHORITY,2021-09-29T00:00:00.000,QUEENS,CITY SEASONAL AIDE,CEASED,41527.00,per Annum,0,460.10,0,0.00,0.00
2024,996,NYC HOUSING AUTHORITY,2024-06-10T00:00:00.000,BROOKLYN,CITY SEASONAL AIDE,ACTIVE,31145.00,Prorated Annual,60,1191.34,0,0.00,0.00
2024,996,NYC HOUSING AUTHORITY,2024-05-20T00:00:00.000,BROOKLYN,CITY SEASONAL AIDE,ACTIVE,31145.00,Prorated Annual,150,2766.78,0,0.00,0.00
2024,996,NYC HOUSING AUTHORITY,2024-03-04T00:00:00.000,QUEENS,SECRETARY,ACTIVE,40956.00,per Annum,490,12259.18,0,0.00,0.00
2024,996,NYC HOUSING AUTHORITY,2024-01-16T00:00:00.000,MANHATTAN,SECRETARY,ACTIVE,40956.00,per Annum,798,17126.32,0,0.00,0.00
2024,996,NYC HOUSING AUTHORITY,2024-02-05T00:00:00.000,MANHATTAN,AGENCY ATTORNEY,ACTIVE,103055.00,per Annum,700,38812.95,0,0.00,0.00
2024,996,NYC HOUSING AUTHORITY,2022-03-29T00:00:00.000,BROOKLYN,SECRETARY,ACTIVE,47100.00,per Annum,1820,40749.90,0,0.00,0.00
2024,996,NYC HOUSING AUTHORITY,2018-05-07T00:00:00.000,MANHATTAN,SECRETARY,ACTIVE,51796.00,per Annum,1820,49033.62,0,0.00,0.00
2024,996,NYC HOUSING AUTHORITY,2020-04-13T00:00:00.000,QUEENS,COMMUNITY COORDINATOR,ACTIVE,85789.00,per Annum,1820,83029.88,0,0.00,0.00
2024,996,NYC HOUSING AUTHORITY,2020-09-24T00:00:00.000,MANHATTAN,COMMUNITY COORDINATOR,ACTIVE,88915.00,per Annum,1820,86055.32,0,0.00,0.00
2024,996,NYC HOUSING AUTHORITY,2024-02-12T00:00:00.000,QUEENS,CARETAKER,CEASED,36006.00,per Annum,92,1420.00,6.5,168.13,0.00
2024,996,NYC HOUSING AUTHORITY,2012-04-30T00:00:00.000,QUEENS,CARETAKER,CEASED,50569.00,per Annum,0,0.00,8,273.94,0.00
2024,996,NYC HOUSING AUTHORITY,2021-10-20T00:00:00.000,MANHATTAN,CITY LABORER,ACTIVE,290.00,per Day,2080,75400.00,16.25,883.60,0.00
2024,996,NYC HOUSING AUTHORITY,2017-09-11T00:00:00.000,MANHATTAN,CARETAKER,CEASED,50569.00,per Annum,1456,20174.64,98.75,4082.94,7274.77
2024,996,NYC HOUSING AUTHORITY,2007-05-29T00:00:00.000,MANHATTAN,COMPUTER ASSOCIATE,ACTIVE,66337.00,per Annum,1820,64182.65,0,0.00,7098.99
2024,996,NYC HOUSING AUTHORITY,2018-10-29T00:00:00.000,MANHATTAN,ELEVATOR MECHANIC,ACTIVE,487.12,per Day,2080,126651.20,599.25,58850.22,7041.70
2024,996,NYC HOUSING AUTHORITY,2009-03-09T00:00:00.000,QUEENS,SUPERVISOR PLUMBER,ACTIVE,442.19,per Day,1820,117579.07,995.5,128745.01,6995.98
2024,996,NYC HOUSING AUTHORITY,1992-02-21T00:00:00.000,MANHATTAN,HOUSING ASSISTANT,ACTIVE,69243.00,per Annum,1820,71603.78,286.25,13859.60,6988.12
2024,996,NYC HOUSING AUTHORITY,2000-04-17T00:00:00.000,BROOKLYN,CARETAKER,ACTIVE,50569.00,per Annum,2080,52292.47,473.75,19969.15,6987.39
2024,996,NYC HOUSING AUTHORITY,1995-09-01T00:00:00.000,MANHATTAN,SUPERVISING HOUSING GROUNDSKEEPER,ACTIVE,71517.00,per Annum,2080,73955.00,555.75,31970.02,6947.44
2024,996,NYC HOUSING AUTHORITY,2016-03-28T00:00:00.000,MANHATTAN,SUPERVISOR CARPENTER,ACTIVE,422.87,per Day,1820,116113.21,780.75,73712.96,6829.38
2024,996,NYC HOUSING AUTHORITY,2001-02-12T00:00:00.000,BROOKLYN,ELECTRICIAN,ACTIVE,466.97,per Day,1820,119366.48,1659.25,162578.80,6826.14
2024,996,NYC HOUSING AUTHORITY,1992-05-06T00:00:00.000,MANHATTAN,RESIDENT BUILDING SUPERINTENDENT,ACTIVE,102312.00,per Annum,1820,105789.73,121.25,7746.01,6650.16
2024,996,NYC HOUSING AUTHORITY,2014-11-24T00:00:00.000,QUEENS,MAINTENANCE WORKER,ACTIVE,272.32,per Day,1712,54866.25,365,17290.80,6633.97
2024,996,NYC HOUSING AUTHORITY,2022-07-12T00:00:00.000,MANHATTAN,MAINTENANCE WORKER,ACTIVE,262.08,per Day,2080,62580.80,604.75,27013.12,6629.76
2024,996,NYC HOUSING AUTHORITY,2001-06-11T00:00:00.000,MANHATTAN,MAINTENANCE WORKER,ACTIVE,272.32,per Day,2080,65043.20,778.25,36104.54,6438.66
2024,996,NYC HOUSING AUTHORITY,2010-11-22T00:00:00.000,RICHMOND,SECRETARY,CEASED,45728.00,per Annum,630,10497.01,0,0.00,6427.88
2024,996,NYC HOUSING AUTHORITY,2018-01-29T00:00:00.000,BRONX,CARETAKER,ACTIVE,50569.00,per Annum,2080,52287.14,586.5,23896.09,6378.61
2024,996,NYC HOUSING AUTHORITY,1995-04-24T00:00:00.000,BROOKLYN,CARETAKER,ACTIVE,50569.00,per Annum,2080,51336.58,398,16683.23,6377.53
2024,996,NYC HOUSING AUTHORITY,2022-08-22T00:00:00.000,BROOKLYN,MASONS HELPER,ACTIVE,308.21,per Day,1820,83806.52,723.5,44145.15,6374.36
2024,996,NYC HOUSING AUTHORITY,2022-08-15T00:00:00.000,QUEENS,PLUMBER,ACTIVE,422.31,per Day,1820,80375.19,1292.25,112727.50,6345.72
2024,996,NYC HOUSING AUTHORITY,2019-03-04T00:00:00.000,MANHATTAN,CARETAKER,ACTIVE,50569.00,per Annum,2080,49466.34,427.75,17667.04,6335.81
2024,996,NYC HOUSING AUTHORITY,2012-09-04T00:00:00.000,MANHATTAN,PAINTER,ACTIVE,354.62,per Day,1820,96960.85,610.5,48521.94,6324.29
2024,996,NYC HOUSING AUTHORITY,2023-03-13T00:00:00.000,MANHATTAN,PLUMBER'S HELPER,ACTIVE,295.47,per Day,1689,63198.50,537.5,45655.79,6285.71
2024,996,NYC HOUSING AUTHORITY,2023-05-08T00:00:00.000,QUEENS,CARETAKER,ACTIVE,36006.00,per Annum,2080,35132.18,488.25,13664.74,6228.57
2024,996,NYC HOUSING AUTHORITY,2021-06-23T00:00:00.000,BROOKLYN,CARETAKER,ACTIVE,50569.00,per Annum,2080,40418.03,610,19733.97,6167.65
2024,996,NYC HOUSING AUTHORITY,2011-06-27T00:00:00.000,MANHATTAN,SUPERVISOR OF HOUSING CARETAKER,ACTIVE,71517.00,per Annum,2080,67552.03,592,30632.39,6119.13
2024,996,NYC HOUSING AUTHORITY,2023-06-20T00:00:00.000,QUEENS,MAINTENANCE WORKER,ACTIVE,272.32,per Day,2083.43,66040.58,598.5,28057.13,6109.16
2024,996,NYC HOUSING AUTHORITY,2017-02-13T00:00:00.000,BROOKLYN,CARETAKER,ACTIVE,50569.00,per Annum,2080,50574.19,363.25,14585.65,6013.44
2024,996,NYC HOUSING AUTHORITY,2023-01-17T00:00:00.000,MANHATTAN,CONSTRUCTION PROJECT MANAGER,ACTIVE,94446.00,per Annum,1960,90885.32,0,0.00,6006.50
2024,996,NYC HOUSING AUTHORITY,2013-04-29T00:00:00.000,BROOKLYN,PLASTERER,ACTIVE,434.64,per Day,2080,127538.07,634.75,73401.65,6003.72
2024,996,NYC HOUSING AUTHORITY,2005-09-26T00:00:00.000,BROOKLYN,CARETAKER,ACTIVE,50569.00,per Annum,2080,52292.47,339,14037.66,5892.83
2024,996,NYC HOUSING AUTHORITY,2001-04-16T00:00:00.000,BROOKLYN,CARETAKER,ACTIVE,50569.00,per Annum,2080,52292.47,0.5,23.69,5868.45
2024,996,NYC HOUSING AUTHORITY,2023-02-13T00:00:00.000,MANHATTAN,CARETAKER,CEASED,36006.00,per Annum,1440,18501.85,213.5,6029.82,5756.77
2024,996,NYC HOUSING AUTHORITY,1993-05-12T00:00:00.000,BRONX,CARETAKER,ACTIVE,50569.00,per Annum,2080,52292.47,342.25,14329.80,5725.51
2024,996,NYC HOUSING AUTHORITY,2020-06-25T00:00:00.000,BROOKLYN,BRICKLAYER,ACTIVE,428.68,per Day,1820,122924.33,807.25,74773.66,5667.58
2024,996,NYC HOUSING AUTHORITY,2022-05-03T00:00:00.000,BRONX,MAINTENANCE WORKER,ACTIVE,272.32,per Day,2080,62932.69,635.5,28655.60,5657.26
2024,996,NYC HOUSING AUTHORITY,2009-11-30T00:00:00.000,MANHATTAN,SUPERVISOR ELEVATOR MECHANIC,ACTIVE,548.00,per Day,2080,142480.00,396.25,43968.44,5642.30
2024,996,NYC HOUSING AUTHORITY,2011-02-22T00:00:00.000,MANHATTAN,MAINTENANCE WORKER,ACTIVE,272.32,per Day,2080,65043.20,570.75,26637.59,5601.32
2024,996,NYC HOUSING AUTHORITY,2021-09-30T00:00:00.000,BROOKLYN,CARETAKER,ACTIVE,42132.00,per Annum,1896,34083.20,403.5,12264.05,5595.30
2024,996,NYC HOUSING AUTHORITY,2008-06-02T00:00:00.000,BROOKLYN,CARETAKER,ACTIVE,50569.00,per Annum,2080,52281.07,302.25,12306.05,5550.83
2024,996,NYC HOUSING AUTHORITY,1998-01-05T00:00:00.000,BRONX,SECRETARY,ACTIVE,52032.00,per Annum,1820,50337.18,0,0.00,5533.85
2024,996,NYC HOUSING AUTHORITY,2023-05-01T00:00:00.000,QUEENS,CARETAKER,CEASED,36006.00,per Annum,1760,28071.28,307.25,8317.32,5433.80
2024,996,NYC HOUSING AUTHORITY,2023-08-14T00:00:00.000,MANHATTAN,PAINTER,ACTIVE,354.62,per Day,1575,77433.91,300,22131.08,5360.64
2024,996,NYC HOUSING AUTHORITY,2023-10-23T00:00:00.000,MANHATTAN,ELECTRICIAN,ACTIVE,466.97,per Day,1120,76984.00,532,52400.33,5331.73
2024,996,NYC HOUSING AUTHORITY,2017-02-27T00:00:00.000,QUEENS,HEATING PLANT TECHNICIAN,ACTIVE,59137.00,per Annum,2144,50368.64,332,13741.80,5206.71
2024,996,NYC HOUSING AUTHORITY,2007-07-30T00:00:00.000,BROOKLYN,CARETAKER,ACTIVE,50569.00,per Annum,2080,52292.47,361.25,15066.03,5189.29
2024,996,NYC HOUSING AUTHORITY,2021-01-05T00:00:00.000,MANHATTAN,ELEVATOR MECHANIC,ACTIVE,487.12,per Day,2080,126651.20,464,47737.84,5128.56
2024,996,NYC HOUSING AUTHORITY,2020-12-23T00:00:00.000,BRONX,MAINTENANCE WORKER,ACTIVE,272.32,per Day,2080,65043.20,226.5,10446.41,5106.14
2024,996,NYC HOUSING AUTHORITY,2012-04-23T00:00:00.000,BRONX,SUPERVISOR OF HOUSING CARETAKER,ACTIVE,60177.00,per Annum,2080,60110.80,427.25,19950.31,5064.43
2024,996,NYC HOUSING AUTHORITY,2005-10-31T00:00:00.000,BROOKLYN,HOUSING ASSISTANT,ACTIVE,69243.00,per Annum,1820,71603.78,0,0.00,5024.44
2024,996,NYC HOUSING AUTHORITY,2022-05-12T00:00:00.000,BRONX,MAINTENANCE WORKER,ACTIVE,272.32,per Day,2080,62872.00,254.25,11435.97,4995.60
2024,996,NYC HOUSING AUTHORITY,2002-07-22T00:00:00.000,MANHATTAN,CARETAKER,ACTIVE,50569.00,per Annum,2080,48598.05,216.5,9174.68,4980.48
2024,996,NYC HOUSING AUTHORITY,1988-12-05T00:00:00.000,MANHATTAN,HOUSING MANAGER,CEASED,104829.00,per Annum,1561,93566.63,62,3566.13,4980.17
2024,996,NYC HOUSING AUTHORITY,2022-09-06T00:00:00.000,MANHATTAN,AGENCY ATTORNEY,ACTIVE,92446.00,per Annum,1820,88840.80,0,0.00,4931.62
2024,996,NYC HOUSING AUTHORITY,2001-04-23T00:00:00.000,MANHATTAN,ADM MANAGER-NON-MGRL,ACTIVE,113140.00,per Annum,1820,113979.88,0,0.00,4866.63
2024,996,NYC HOUSING AUTHORITY,2002-09-03T00:00:00.000,MANHATTAN,PRINCIPAL ADMINISTRATIVE ASSOCIATE -  NON SUPVR,ACTIVE,85342.00,per Annum,1820,85002.40,0,0.00,4855.25
2024,996,NYC HOUSING AUTHORITY,2023-08-07T00:00:00.000,QUEENS,CARETAKER,ACTIVE,36006.00,per Annum,1770,30748.61,215.25,6187.81,4842.17
2024,996,NYC HOUSING AUTHORITY,2015-06-15T00:00:00.000,QUEENS,MAINTENANCE WORKER,ACTIVE,272.32,per Day,2080,52154.32,617.75,23509.28,4805.41
2024,996,NYC HOUSING AUTHORITY,2021-06-29T00:00:00.000,QUEENS,CARETAKER,ACTIVE,50569.00,per Annum,2080,43167.47,340.25,11223.68,4800.69
2024,996,NYC HOUSING AUTHORITY,2018-12-10T00:00:00.000,MANHATTAN,CARETAKER,ON LEAVE,50569.00,per Annum,1297.88,19803.53,60,2495.57,4673.20
2024,996,NYC HOUSING AUTHORITY,2012-01-09T00:00:00.000,QUEENS,HOUSING EXTERMINATOR-AL II & III,ACTIVE,70498.00,per Annum,1820,72899.63,69,3183.13,4634.67
2024,996,NYC HOUSING AUTHORITY,2021-08-17T00:00:00.000,BRONX,CARETAKER,ACTIVE,42132.00,per Annum,2080,36360.19,449.25,13120.36,4600.52
2024,996,NYC HOUSING AUTHORITY,2023-09-11T00:00:00.000,MANHATTAN,CARPENTER,CEASED,398.86,per Day,840,49415.90,43.75,4152.42,4595.44
2024,996,NYC HOUSING AUTHORITY,2022-06-07T00:00:00.000,MANHATTAN,EMERGENCY SERVICE AIDE,ACTIVE,42132.00,per Annum,2080,36797.30,100.25,2464.50,4578.05
2024,996,NYC HOUSING AUTHORITY,2023-02-13T00:00:00.000,BRONX,MAINTENANCE WORKER,ACTIVE,262.08,per Day,2080,62264.62,265.25,11961.69,4565.85
2024,996,NYC HOUSING AUTHORITY,2017-05-30T00:00:00.000,BRONX,CARETAKER,ACTIVE,50569.00,per Annum,2080,45654.40,284.25,11662.98,4542.87
2024,996,NYC HOUSING AUTHORITY,2022-08-29T00:00:00.000,RICHMOND,CARETAKER,ACTIVE,36006.00,per Annum,2080,36314.47,424.5,12067.91,4528.77
2024,996,NYC HOUSING AUTHORITY,2021-05-26T00:00:00.000,MANHATTAN,CARETAKER,ACTIVE,40335.00,per Annum,2080,37550.85,385.75,11919.27,4501.72
2024,996,NYC HOUSING AUTHORITY,2018-02-26T00:00:00.000,BROOKLYN,CARETAKER,ACTIVE,50569.00,per Annum,2080,48288.57,284.5,11743.95,4499.51
2024,996,NYC HOUSING AUTHORITY,2017-03-06T00:00:00.000,MANHATTAN,ASSISTANT RESIDENT BUILDING SUPT,ACTIVE,83117.00,per Annum,2080,85675.31,713,43746.77,4496.86
2024,996,NYC HOUSING AUTHORITY,2022-11-14T00:00:00.000,QUEENS,MAINTENANCE WORKER,ACTIVE,262.08,per Day,1887.15,74418.38,680.25,51554.05,4460.42
2024,996,NYC HOUSING AUTHORITY,2020-03-09T00:00:00.000,BROOKLYN,MAINTENANCE WORKER,ACTIVE,272.32,per Day,2080,64264.20,400.5,18572.07,4430.38
2024,996,NYC HOUSING AUTHORITY,1998-02-23T00:00:00.000,BROOKLYN,HOUSING ASSISTANT,ACTIVE,69243.00,per Annum,1820,71603.78,0,4.16,4399.78
2024,996,NYC HOUSING AUTHORITY,2023-05-30T00:00:00.000,MANHATTAN,MAINTENANCE WORKER,ACTIVE,262.08,per Day,2080,62580.80,276.5,12488.55,4367.08
2024,996,NYC HOUSING AUTHORITY,2000-07-31T00:00:00.000,BROOKLYN,HOUSING ASSISTANT,ACTIVE,69243.00,per Annum,1820,72467.21,10.25,871.92,4353.90
2024,996,NYC HOUSING AUTHORITY,2021-04-21T00:00:00.000,BRONX,SUPERVISOR OF HOUSING CARETAKER,ACTIVE,53548.00,per Annum,1822.85,38413.61,154.25,5313.59,4350.13
2024,996,NYC HOUSING AUTHORITY,2003-01-06T00:00:00.000,BRONX,HOUSING MANAGER,ACTIVE,104829.00,per Annum,1820,108318.98,359.5,26564.82,4342.80
2024,996,NYC HOUSING AUTHORITY,2023-02-21T00:00:00.000,BROOKLYN,CARETAKER,CEASED,36006.00,per Annum,1688,28368.96,219.75,5996.20,4340.00
2024,996,NYC HOUSING AUTHORITY,1982-05-17T00:00:00.000,MANHATTAN,HOUSING ASSISTANT,ACTIVE,69243.00,per Annum,1820,71603.78,0,229.73,4339.59
2024,996,NYC HOUSING AUTHORITY,2001-04-09T00:00:00.000,BRONX,ADMINISTRATIVE HOUSING SUPERINTENDENT,ACTIVE,114620.00,per Annum,1820,116409.11,78,5776.38,4331.78
2024,996,NYC HOUSING AUTHORITY,2000-01-31T00:00:00.000,MANHATTAN,HOUSING MANAGER,ACTIVE,104829.00,per Annum,1820,108403.51,15,891.35,4331.78
2024,996,NYC HOUSING AUTHORITY,2002-04-29T00:00:00.000,MANHATTAN,HOUSING STOCK WORKER,ACTIVE,62130.00,per Annum,1820,63976.59,0,7.41,4331.78
2024,996,NYC HOUSING AUTHORITY,1990-12-03T00:00:00.000,BROOKLYN,HOUSING ASSISTANT,ACTIVE,69243.00,per Annum,1820,71594.33,0,0.00,4331.60
2024,996,NYC HOUSING AUTHORITY,2022-01-06T00:00:00.000,BRONX,CARETAKER,ACTIVE,42132.00,per Annum,2080,37880.23,319,9917.42,4303.70
2024,996,NYC HOUSING AUTHORITY,2022-05-24T00:00:00.000,MANHATTAN,CARETAKER,ACTIVE,42132.00,per Annum,2080,36262.71,360.75,10407.07,4274.32
2024,996,NYC HOUSING AUTHORITY,2021-04-20T00:00:00.000,MANHATTAN,MAINTENANCE WORKER,ACTIVE,272.32,per Day,2080,62948.02,264.5,12014.34,4237.19
2024,996,NYC HOUSING AUTHORITY,2019-08-12T00:00:00.000,BROOKLYN,CARETAKER,CEASED,49096.00,per Annum,-80,-3478.73,0,213.41,4136.42
2024,996,NYC HOUSING AUTHORITY,2013-04-01T00:00:00.000,BROOKLYN,PLASTERER,CEASED,434.64,per Day,1608,101893.44,696.5,82922.36,54047.58
2024,996,NYC HOUSING AUTHORITY,2000-01-24T00:00:00.000,MANHATTAN,ELEVATOR MECHANIC,ACTIVE,487.12,per Day,2080,126651.20,339.25,36062.12,39255.55
2024,996,NYC HOUSING AUTHORITY,1990-01-22T00:00:00.000,BROOKLYN,CARETAKER,CEASED,49096.00,per Annum,80,2565.93,8.5,1161.37,34783.58
2024,996,NYC HOUSING AUTHORITY,2000-09-05T00:00:00.000,MANHATTAN,SUPERVISOR PLASTERER,CEASED,446.16,per Day,1280,81851.44,278,36203.65,28070.26
2024,996,NYC HOUSING AUTHORITY,2009-03-23T00:00:00.000,MANHATTAN,ELEVATOR MECHANIC,ACTIVE,487.12,per Day,2080,126651.20,398.5,41313.87,25450.87
2024,996,NYC HOUSING AUTHORITY,2008-04-07T00:00:00.000,QUEENS,MAINTENANCE WORKER,ACTIVE,272.32,per Day,2080,55949.46,684.5,29745.34,14714.72
2024,996,NYC HOUSING AUTHORITY,2012-07-09T00:00:00.000,QUEENS,MAINTENANCE WORKER,ACTIVE,272.32,per Day,2080,66333.48,848.25,40157.42,12473.41
2024,996,NYC HOUSING AUTHORITY,1989-10-16T00:00:00.000,MANHATTAN,ACCOUNTANT,ACTIVE,81190.00,per Annum,1820,78442.98,0,0.00,11413.30
2024,996,NYC HOUSING AUTHORITY,2022-07-12T00:00:00.000,QUEENS,CARPENTER,ACTIVE,398.86,per Day,1820,107534.43,705,68081.05,11365.46
2024,996,NYC HOUSING AUTHORITY,2015-10-19T00:00:00.000,QUEENS,MAINTENANCE WORKER,ACTIVE,272.32,per Day,2088,66084.48,127,5954.76,10969.61
2024,996,NYC HOUSING AUTHORITY,2002-07-22T00:00:00.000,BRONX,SUPERVISOR PLUMBER,ACTIVE,442.19,per Day,1820,117579.07,717.75,92092.00,10840.10
2024,996,NYC HOUSING AUTHORITY,2000-04-03T00:00:00.000,MANHATTAN,SUPERVISOR CARPENTER,ACTIVE,422.87,per Day,1820,116205.33,390.5,37473.36,10827.37
2024,996,NYC HOUSING AUTHORITY,2018-05-21T00:00:00.000,BROOKLYN,CARETAKER,ACTIVE,50569.00,per Annum,2080,52292.47,542.5,22720.71,10773.47
2024,996,NYC HOUSING AUTHORITY,2022-03-15T00:00:00.000,BROOKLYN,CARETAKER,ON LEAVE,42132.00,per Annum,2080,35730.00,457.25,14555.26,10610.89
2024,996,NYC HOUSING AUTHORITY,2016-01-25T00:00:00.000,MANHATTAN,SUPERVISOR CARPENTER,ACTIVE,422.87,per Day,1820,116113.21,922.75,92588.89,10177.30
2024,996,NYC HOUSING AUTHORITY,2012-06-11T00:00:00.000,QUEENS,HOUSING EXTERMINATOR,CEASED,58159.00,per Annum,1080,33264.30,0,0.00,10105.00
2024,996,NYC HOUSING AUTHORITY,2022-08-02T00:00:00.000,MANHATTAN,CARPENTER,ACTIVE,398.86,per Day,1820,107750.59,425.75,36133.01,10082.68
2024,996,NYC HOUSING AUTHORITY,2022-04-14T00:00:00.000,MANHATTAN,PLUMBER,ACTIVE,422.31,per Day,1785.72,87421.32,916.75,93304.86,9971.37
2024,996,NYC HOUSING AUTHORITY,2016-05-31T00:00:00.000,BRONX,PLUMBER,ACTIVE,422.31,per Day,1820,112293.23,688.25,84665.39,9711.06
2024,996,NYC HOUSING AUTHORITY,2011-07-05T00:00:00.000,QUEENS,CARETAKER,ACTIVE,50569.00,per Annum,2080,52292.47,446.25,18771.04,9609.94
2024,996,NYC HOUSING AUTHORITY,2022-02-15T00:00:00.000,MANHATTAN,PLUMBER,ACTIVE,422.31,per Day,1820,112293.23,623,76740.59,9154.73
2024,996,NYC HOUSING AUTHORITY,2019-04-29T00:00:00.000,QUEENS,CARETAKER,ACTIVE,50569.00,per Annum,2080,50448.61,288.5,12085.06,8819.50
2024,996,NYC HOUSING AUTHORITY,2023-05-15T00:00:00.000,MANHATTAN,PLUMBER'S HELPER,ACTIVE,295.47,per Day,1820,76848.24,1130.25,95314.55,8784.20
2024,996,NYC HOUSING AUTHORITY,1989-08-28T00:00:00.000,QUEENS,LANDSCAPE ARCHITECT,ON SEPARATION LEAVE,123888.00,per Annum,1820,124640.99,22.5,1827.02,8518.64
2024,996,NYC HOUSING AUTHORITY,2009-01-12T00:00:00.000,BRONX,PLUMBER,ACTIVE,422.31,per Day,1820,112293.23,681,83647.95,8238.78
2024,996,NYC HOUSING AUTHORITY,2020-09-24T00:00:00.000,MANHATTAN,CARETAKER,CEASED,50569.00,per Annum,1280,28395.84,218.5,8411.02,8123.43
2024,996,NYC HOUSING AUTHORITY,2019-08-19T00:00:00.000,MANHATTAN,CARETAKER,ACTIVE,50569.00,per Annum,2080,52145.80,779.5,31874.55,7879.64
2024,996,NYC HOUSING AUTHORITY,2012-08-20T00:00:00.000,MANHATTAN,MAINTENANCE WORKER,ACTIVE,272.32,per Day,2080,55244.23,428.75,18633.34,7625.22
2024,996,NYC HOUSING AUTHORITY,2023-02-21T00:00:00.000,MANHATTAN,CARETAKER,ACTIVE,36006.00,per Annum,2080,35488.00,340.5,9908.82,7565.10
2024,996,NYC HOUSING AUTHORITY,2017-02-13T00:00:00.000,BROOKLYN,MAINTENANCE WORKER,ACTIVE,272.32,per Day,2080,55310.29,92,3990.73,7478.05
2024,996,NYC HOUSING AUTHORITY,2022-08-16T00:00:00.000,MANHATTAN,CARPENTER,CEASED,398.86,per Day,1330,71819.90,624,58103.16,7461.82
2024,56,POLICE DEPARTMENT,2015-07-08T00:00:00.000,BROOKLYN,POLICE OFFICER,ACTIVE,105146.00,per Annum,2080,148817.22,32.67,4754.71,27394.68
2024,56,POLICE DEPARTMENT,2013-01-09T00:00:00.000,MANHATTAN,POLICE OFFICER,ACTIVE,105146.00,per Annum,2080,153455.76,283,30477.37,27430.31
2024,56,POLICE DEPARTMENT,1986-01-09T00:00:00.000,MANHATTAN,SERGEANT-D/A SUPERVISOR DETECTIVE SQUAD,ACTIVE,135511.00,per Annum,2080,134783.67,570.92,63610.04,27486.50
2024,56,POLICE DEPARTMENT,2014-07-09T00:00:00.000,RICHMOND,SERGEANT-,ACTIVE,105606.00,per Annum,2080,151818.44,446.03,52857.63,27595.68
2024,56,POLICE DEPARTMENT,2016-10-11T00:00:00.000,MANHATTAN,POLICE OFFICER,ACTIVE,105146.00,per Annum,2080,143907.73,434.62,45360.95,27622.46
2024,56,POLICE DEPARTMENT,2006-01-09T00:00:00.000,BRONX,LIEUTENANT,ACTIVE,149518.00,per Annum,2080,152152.59,642.75,79074.05,28014.03
2024,56,POLICE DEPARTMENT,2006-01-09T00:00:00.000,RICHMOND,POLICE OFFICER,ACTIVE,105146.00,per Annum,2080,153923.33,82.87,8311.40,28137.78
2024,56,POLICE DEPARTMENT,1998-08-31T00:00:00.000,MANHATTAN,SERGEANT-,CEASED,118056.00,per Annum,34.3,1941.27,0,0.00,28291.51
2024,56,POLICE DEPARTMENT,2005-01-10T00:00:00.000,BRONX,LIEUTENANT D/A SPECIAL ASSIGNMENT,ACTIVE,150819.00,per Annum,2080,152377.89,629.4,78349.93,28336.71
2024,56,POLICE DEPARTMENT,2003-07-01T00:00:00.000,MANHATTAN,LIEUTENANT,ACTIVE,149518.00,per Annum,2080,152353.45,587.7,73650.77,28404.45
2024,56,POLICE DEPARTMENT,2007-07-18T00:00:00.000,BROOKLYN,POLICE OFFICER,ACTIVE,105146.00,per Annum,2080,153923.33,59.4,9115.90,28487.41
2024,56,POLICE DEPARTMENT,2007-01-10T00:00:00.000,MANHATTAN,POLICE OFFICER,ACTIVE,105146.00,per Annum,2080,153923.33,94.12,18833.36,29826.89
2024,56,POLICE DEPARTMENT,2017-04-12T00:00:00.000,BROOKLYN,POLICE OFFICER,ACTIVE,105146.00,per Annum,2080,136868.28,441.55,46386.74,29796.67
2024,56,POLICE DEPARTMENT,2004-07-01T00:00:00.000,MANHATTAN,POLICE OFFICER,CEASED,101590.00,per Annum,0,47626.14,0,1040.20,29793.28
2024,56,POLICE DEPARTMENT,2012-01-09T00:00:00.000,RICHMOND,POLICE OFFICER,ACTIVE,105146.00,per Annum,2080,153923.33,138,17874.31,29646.45
2024,56,POLICE DEPARTMENT,1997-12-07T00:00:00.000,BRONX,POLICE OFFICER D/A DETECTIVE 1ST GR,ACTIVE,149518.00,per Annum,2080,148507.57,85.25,10422.96,29543.38
2024,56,POLICE DEPARTMENT,2015-01-07T00:00:00.000,BROOKLYN,SERGEANT-,ACTIVE,118056.00,per Annum,2080,160803.18,227.82,32590.75,29066.54
2024,56,POLICE DEPARTMENT,2010-07-06T00:00:00.000,MANHATTAN,POLICE OFFICER,ACTIVE,105146.00,per Annum,2080,153923.33,97.5,13236.44,28881.75
2024,56,POLICE DEPARTMENT,2010-07-06T00:00:00.000,MANHATTAN,POLICE OFFICER,ACTIVE,105146.00,per Annum,2080,153923.33,395.42,41165.94,28868.72
2024,56,POLICE DEPARTMENT,2004-01-20T00:00:00.000,QUEENS,P.O. DET SPEC,ACTIVE,115923.00,per Annum,2080,115140.04,311.5,33053.95,28866.81
2024,56,POLICE DEPARTMENT,2005-01-10T00:00:00.000,QUEENS,POLICE OFFICER,ACTIVE,105146.00,per Annum,2080,154193.21,641.67,71043.67,28760.91
2024,56,POLICE DEPARTMENT,2012-07-11T00:00:00.000,BROOKLYN,SERGEANT-,ACTIVE,96477.00,per Annum,2080,129633.99,45.27,6905.41,28730.20
2024,56,POLICE DEPARTMENT,2015-01-07T00:00:00.000,BRONX,POLICE OFFICER,ACTIVE,105146.00,per Annum,2080,150362.42,155.17,18478.61,28676.51
2024,56,POLICE DEPARTMENT,2007-11-19T00:00:00.000,MANHATTAN,OILER,ACTIVE,522.32,per Day,2080,150579.26,506.5,54756.92,28650.76
2024,56,POLICE DEPARTMENT,2019-10-07T00:00:00.000,MANHATTAN,POLICE OFFICER,CEASED,51787.00,per Annum,0,10854.02,0,1763.87,1519.97
2024,56,POLICE DEPARTMENT,2015-03-12T00:00:00.000,MANHATTAN,SENIOR POLICE ADMINISTRATIVE AIDE,ACTIVE,56859.00,per Annum,1820,54906.71,135,5477.34,1751.80
2024,56,POLICE DEPARTMENT,2016-01-06T00:00:00.000,MANHATTAN,POLICE OFFICER,CEASED,70359.00,per Annum,0,14534.59,0,2166.28,2159.62
2024,56,POLICE DEPARTMENT,2019-10-07T00:00:00.000,MANHATTAN,POLICE OFFICER,CEASED,52937.00,per Annum,0,14785.30,0,2001.09,2178.08
2024,56,POLICE DEPARTMENT,1997-03-03T00:00:00.000,MANHATTAN,SUPERVISING POLICE COMMUNICATIONS TECHNICIAN,CEASED,75087.00,per Annum,406,12356.81,0,0.00,2201.00
2024,56,POLICE DEPARTMENT,1995-04-30T00:00:00.000,MANHATTAN,POLICE OFFICER,CEASED,92073.00,per Annum,0,10537.97,0,455.03,2225.81
2024,56,POLICE DEPARTMENT,2016-10-11T00:00:00.000,MANHATTAN,POLICE OFFICER,CEASED,70359.00,per Annum,0,14002.00,0,1473.49,2305.39
2024,56,POLICE DEPARTMENT,2023-09-27T00:00:00.000,BROOKLYN,POLICE COMMUNICATIONS TECHNICIAN,ACTIVE,44265.00,per Annum,1316,30905.13,29,819.56,2391.37
2024,56,POLICE DEPARTMENT,2009-06-12T00:00:00.000,MANHATTAN,CITY CUSTODIAL ASSISTANT,ACTIVE,50285.00,per Annum,2080,48557.93,89,3175.55,2412.47
2024,56,POLICE DEPARTMENT,2023-10-25T00:00:00.000,MANHATTAN,POLICE OFFICER,ACTIVE,53790.00,per Annum,1280,34537.28,32.58,1358.43,2438.62
2024,56,POLICE DEPARTMENT,2023-10-25T00:00:00.000,BRONX,POLICE OFFICER,ACTIVE,53790.00,per Annum,1280,34537.28,57.83,2431.32,2484.47
2024,56,POLICE DEPARTMENT,2023-10-25T00:00:00.000,BRONX,POLICE OFFICER,ACTIVE,53790.00,per Annum,1280,34537.28,36.92,1536.81,2494.52
2024,56,POLICE DEPARTMENT,2023-10-25T00:00:00.000,BRONX,POLICE OFFICER,ACTIVE,53790.00,per Annum,1280,34537.28,32.72,1338.20,2508.01
2024,56,POLICE DEPARTMENT,2023-10-25T00:00:00.000,BRONX,POLICE OFFICER,ACTIVE,53790.00,per Annum,1280,34537.28,37.33,1569.49,2519.97
2024,56,POLICE DEPARTMENT,2023-10-25T00:00:00.000,MANHATTAN,POLICE OFFICER,ACTIVE,53790.00,per Annum,1280,34537.28,23.58,991.44,2540.64
2024,56,POLICE DEPARTMENT,2015-10-07T00:00:00.000,MANHATTAN,POLICE OFFICER,CEASED,98155.00,per Annum,0,22914.52,0,738.30,2549.37
2024,56,POLICE DEPARTMENT,2000-05-30T00:00:00.000,QUEENS,SCHOOL SAFETY AGENT,ACTIVE,53264.00,per Annum,748.57,19980.34,10.75,780.44,2555.44
2024,56,POLICE DEPARTMENT,2021-04-28T00:00:00.000,MANHATTAN,POLICE OFFICER,ON LEAVE,53790.00,per Annum,400,16873.89,57,3069.92,2597.47
2024,56,POLICE DEPARTMENT,2000-09-29T00:00:00.000,MANHATTAN,POLICE OFFICER,CEASED,95065.00,per Annum,0,14406.44,0,5089.75,2704.98
2024,56,POLICE DEPARTMENT,2000-03-01T00:00:00.000,MANHATTAN,POLICE OFFICER,CEASED,95065.00,per Annum,0,16575.30,0,1828.32,2787.09
2024,56,POLICE DEPARTMENT,2002-07-01T00:00:00.000,MANHATTAN,P.O. DA DET GR3,CEASED,107785.00,per Annum,0,13066.78,0,5377.07,2824.37
2024,56,POLICE DEPARTMENT,2000-09-29T00:00:00.000,MANHATTAN,POLICE OFFICER,CEASED,95065.00,per Annum,0,16066.48,0,6270.47,2926.07
2024,56,POLICE DEPARTMENT,2010-07-12T00:00:00.000,MANHATTAN,SCHOOL SAFETY AGENT,CEASED,53264.00,per Annum,640,18253.58,0,598.59,3003.61
2024,56,POLICE DEPARTMENT,2015-04-27T00:00:00.000,MANHATTAN,ADMINISTRATIVE PUBLIC INFORMATION SPECIALIST,ACTIVE,194451.00,per Annum,1820,201427.69,0,0.00,3005.22
2024,56,POLICE DEPARTMENT,2015-07-08T00:00:00.000,MANHATTAN,POLICE OFFICER,CEASED,98155.00,per Annum,0,21766.45,0,4142.00,3048.78
2024,56,POLICE DEPARTMENT,1998-08-31T00:00:00.000,MANHATTAN,POLICE OFFICER,CEASED,95065.00,per Annum,0,15584.49,0,3172.66,3084.32
2024,56,POLICE DEPARTMENT,2018-01-10T00:00:00.000,MANHATTAN,POLICE OFFICER,CEASED,60746.00,per Annum,0,22919.83,0,4644.05,3120.49
2024,56,POLICE DEPARTMENT,2000-09-29T00:00:00.000,MANHATTAN,POLICE OFFICER,CEASED,95065.00,per Annum,0,16066.48,0,4716.25,3201.32
2024,56,POLICE DEPARTMENT,2014-01-08T00:00:00.000,MANHATTAN,POLICE OFFICER,CEASED,95065.00,per Annum,0,20921.34,0,5213.35,3249.86
2024,56,POLICE DEPARTMENT,1989-07-05T00:00:00.000,MANHATTAN,CAPTAIN DETAILED AS ASSISTANT CHIEF,ACTIVE,276463.00,per Annum,2080,273806.08,0,162.40,3304.00
2024,56,POLICE DEPARTMENT,2021-12-30T00:00:00.000,MANHATTAN,POLICE COMMUNICATIONS TECHNICIAN,CEASED,43110.00,per Annum,0,0.00,0,0.00,3440.85
2024,56,POLICE DEPARTMENT,2019-01-03T00:00:00.000,MANHATTAN,POLICE OFFICER,CEASED,55982.00,per Annum,22.87,25275.27,0,6738.03,3501.17
2024,56,POLICE DEPARTMENT,2005-01-10T00:00:00.000,MANHATTAN,POLICE OFFICER,CEASED,95065.00,per Annum,0,17726.61,0,4492.87,3598.39
2024,56,POLICE DEPARTMENT,2017-01-04T00:00:00.000,MANHATTAN,POLICE OFFICER,ACTIVE,105146.00,per Annum,2080,142875.87,144.75,20984.90,29975.16
2024,56,POLICE DEPARTMENT,2015-07-08T00:00:00.000,QUEENS,POLICE OFFICER,ACTIVE,105146.00,per Annum,2080,148817.22,442.88,44314.36,30048.02
2024,56,POLICE DEPARTMENT,2012-07-11T00:00:00.000,QUEENS,SERGEANT-,ACTIVE,105606.00,per Annum,2080,154146.41,502.22,49762.83,30170.36
2024,56,POLICE DEPARTMENT,2002-07-01T00:00:00.000,MANHATTAN,SERGEANT-D/A SUPERVISOR DETECTIVE SQUAD,ACTIVE,135511.00,per Annum,2080,134783.67,371.33,40742.43,23431.16
2024,56,POLICE DEPARTMENT,2010-07-06T00:00:00.000,QUEENS,SERGEANT-,ACTIVE,97894.00,per Annum,2080,114143.67,149.22,12165.54,23013.89
2024,56,POLICE DEPARTMENT,2005-07-11T00:00:00.000,MANHATTAN,P.O. DA DET GR3,ACTIVE,115923.00,per Annum,2080,115140.04,568.85,55764.78,22993.87
2024,56,POLICE DEPARTMENT,2018-01-10T00:00:00.000,BRONX,POLICE OFFICER,ACTIVE,105146.00,per Annum,2080,128833.38,506.03,47450.86,22867.10
2024,56,POLICE DEPARTMENT,2006-07-10T00:00:00.000,MANHATTAN,SERGEANT-D/A SUPERVISOR DETECTIVE SQUAD,ACTIVE,120442.00,per Annum,2080,117754.78,397.7,38607.11,22847.64
2024,56,POLICE DEPARTMENT,2005-01-10T00:00:00.000,MANHATTAN,P.O. DET SPEC,ACTIVE,115923.00,per Annum,2080,115140.04,601.5,55669.69,22774.93
2024,56,POLICE DEPARTMENT,1987-01-20T00:00:00.000,RICHMOND,POLICE OFFICER D/A DETECTIVE 1ST GR,ACTIVE,149518.00,per Annum,2080,148507.57,536.6,63139.65,22692.84
2024,56,POLICE DEPARTMENT,2005-07-11T00:00:00.000,BROOKLYN,SERGEANT-,ACTIVE,118056.00,per Annum,2080,117422.29,481.42,47155.59,22672.34
2024,56,POLICE DEPARTMENT,1995-06-30T00:00:00.000,QUEENS,SERGEANT-D/A SPECIAL ASSIGNMENT,ACTIVE,135511.00,per Annum,2080,125891.06,536.48,55027.59,22497.30
2024,56,POLICE DEPARTMENT,2010-07-06T00:00:00.000,MANHATTAN,P.O. DET SPEC,ACTIVE,115923.00,per Annum,2080,117921.96,390.92,40055.42,22453.09
2024,56,POLICE DEPARTMENT,2001-07-02T00:00:00.000,MANHATTAN,SERGEANT-D/A SUPERVISOR DETECTIVE SQUAD,ACTIVE,135511.00,per Annum,2080,128499.15,416.25,42809.28,22187.55
2024,56,POLICE DEPARTMENT,2005-07-11T00:00:00.000,MANHATTAN,P.O. DA DET GR3,ACTIVE,115923.00,per Annum,2080,115140.04,741.35,70086.84,22132.77
2024,56,POLICE DEPARTMENT,2006-01-31T00:00:00.000,QUEENS,P.O. DA DET GR3,ACTIVE,115923.00,per Annum,2080,116923.12,625.3,59166.61,21676.58
2024,56,POLICE DEPARTMENT,2002-07-22T00:00:00.000,MANHATTAN,SERGEANT-D/A SUPERVISOR DETECTIVE SQUAD,ACTIVE,135511.00,per Annum,2080,134783.67,711.33,75759.04,21424.00
2024,56,POLICE DEPARTMENT,2013-07-09T00:00:00.000,BROOKLYN,LIEUTENANT,ACTIVE,135595.00,per Annum,2080,121424.48,417.33,40614.74,21394.62
2024,56,POLICE DEPARTMENT,2004-07-01T00:00:00.000,MANHATTAN,LIEUTENANT,ACTIVE,149518.00,per Annum,2080,152353.45,112.5,13670.34,21024.12
2024,56,POLICE DEPARTMENT,2013-01-09T00:00:00.000,MANHATTAN,P.O. DET SPEC,ACTIVE,115923.00,per Annum,2080,127014.03,682.48,65681.44,21018.33
2024,56,POLICE DEPARTMENT,2017-10-18T00:00:00.000,MANHATTAN,POLICE OFFICER,ACTIVE,105146.00,per Annum,2080,132816.21,295.05,29256.05,20970.04
2024,56,POLICE DEPARTMENT,2012-01-09T00:00:00.000,BRONX,P.O. DA DET GR3,ACTIVE,115390.00,per Annum,2080,142743.41,527.73,56450.89,20766.92
2024,56,POLICE DEPARTMENT,2012-07-11T00:00:00.000,QUEENS,P.O. DET SPEC,ACTIVE,115390.00,per Annum,2080,145244.81,476.67,50050.70,20605.78
2024,56,POLICE DEPARTMENT,2002-07-22T00:00:00.000,MANHATTAN,P.O. DA DET GR3,ACTIVE,115923.00,per Annum,2080,115140.04,314.53,28491.86,20321.59
2024,56,POLICE DEPARTMENT,2012-07-11T00:00:00.000,BROOKLYN,LIEUTENANT,ACTIVE,135595.00,per Annum,2080,127722.76,340.87,32805.21,20040.88
2024,56,POLICE DEPARTMENT,1991-05-23T00:00:00.000,MANHATTAN,PRINCIPAL ADMINISTRATIVE ASSOCIATE -  NON SUPVR,ACTIVE,75609.00,per Annum,1820,78395.20,213.5,10459.09,8568.69
2024,56,POLICE DEPARTMENT,2014-09-15T00:00:00.000,QUEENS,EVIDENCE AND PROPERTY CONTROL SPECIALIST,ACTIVE,61554.00,per Annum,1820,63477.75,8,439.68,8255.11
2024,56,POLICE DEPARTMENT,2005-04-25T00:00:00.000,MANHATTAN,TRAFFIC ENFORCEMENT AGENT,ACTIVE,52413.00,per Annum,2080,54082.16,78.25,3291.52,7176.85
2024,56,POLICE DEPARTMENT,2020-01-06T00:00:00.000,BRONX,POLICE OFFICER,ACTIVE,58041.00,per Annum,2080,78770.25,127,7876.99,7138.43
2024,56,POLICE DEPARTMENT,2007-01-23T00:00:00.000,MANHATTAN,POLICE OFFICER,CEASED,98155.00,per Annum,0,29057.45,0,10650.03,7016.17
2024,56,POLICE DEPARTMENT,2014-03-14T00:00:00.000,BROOKLYN,TRAFFIC ENFORCEMENT AGENT,ACTIVE,52413.00,per Annum,2080,52812.56,497.5,19953.08,6988.86
2024,56,POLICE DEPARTMENT,2023-04-26T00:00:00.000,QUEENS,POLICE OFFICER,ACTIVE,53790.00,per Annum,2080,54298.93,183.17,7619.85,6849.31
2024,56,POLICE DEPARTMENT,2017-05-31T00:00:00.000,QUEENS,TRAFFIC ENFORCEMENT AGENT,ACTIVE,48379.00,per Annum,2080,50147.21,343.75,13578.17,6826.59
2024,56,POLICE DEPARTMENT,1999-04-26T00:00:00.000,BROOKLYN,POLICE ADMINISTRATIVE AIDE,ACTIVE,54125.00,per Annum,1820,52243.01,0,0.00,6826.19
2024,56,POLICE DEPARTMENT,2019-09-24T00:00:00.000,BROOKLYN,POLICE COMMUNICATIONS TECHNICIAN,ACTIVE,59935.00,per Annum,1820,57876.72,171.02,5096.42,6761.97
2024,56,POLICE DEPARTMENT,2020-11-16T00:00:00.000,MANHATTAN,POLICE OFFICER,CEASED,56793.00,per Annum,1500.02,58020.17,342.83,18342.02,6757.72
2024,56,POLICE DEPARTMENT,2005-07-11T00:00:00.000,BROOKLYN,TRAFFIC ENFORCEMENT AGENT,ACTIVE,52413.00,per Annum,2080,48342.30,8,193.49,6757.02
2024,56,POLICE DEPARTMENT,2023-05-08T00:00:00.000,MANHATTAN,INVESTIGATOR,ACTIVE,46689.00,per Annum,1820,45085.81,4,99.24,0.00
2024,56,POLICE DEPARTMENT,2024-02-02T00:00:00.000,MANHATTAN,SCHOOL CROSSING GUARD,ACTIVE,18.54,per Hour,390,7020.00,0,0.00,0.00
2024,56,POLICE DEPARTMENT,2012-02-10T00:00:00.000,MANHATTAN,SCHOOL SAFETY AGENT,CEASED,51713.00,per Annum,5.72,3308.08,0,0.00,0.00
2024,56,POLICE DEPARTMENT,2016-02-16T00:00:00.000,MANHATTAN,SCHOOL CROSSING GUARD,CEASED,15.91,per Hour,0,-456.63,0,0.00,0.00
2024,56,POLICE DEPARTMENT,1991-12-02T00:00:00.000,MANHATTAN,BOOKBINDER,CEASED,49426.00,per Annum,639.22,26749.38,0,0.00,-0.16
2024,56,POLICE DEPARTMENT,2016-07-13T00:00:00.000,MANHATTAN,POLICE OFFICER,CEASED,64124.00,per Annum,0,5591.91,0,435.40,-1599.32
2024,56,POLICE DEPARTMENT,2019-12-16T00:00:00.000,BRONX,TRAFFIC ENFORCEMENT AGENT,ACTIVE,47772.00,per Annum,2080,45072.79,601.5,21608.29,5577.90
2024,56,POLICE DEPARTMENT,2021-12-29T00:00:00.000,MANHATTAN,POLICE OFFICER,ACTIVE,56793.00,per Annum,2080,66014.36,458.33,20558.27,6019.85
2024,56,POLICE DEPARTMENT,2011-07-06T00:00:00.000,MANHATTAN,POLICE OFFICER,CEASED,98155.00,per Annum,0,30396.71,0,143.88,6132.59
2024,56,POLICE DEPARTMENT,2022-07-13T00:00:00.000,MANHATTAN,POLICE OFFICER,ACTIVE,55746.00,per Annum,2080,61422.91,561.67,23612.83,6241.08
2024,56,POLICE DEPARTMENT,2023-01-17T00:00:00.000,MANHATTAN,POLICE OFFICER,ACTIVE,53790.00,per Annum,2080,56501.33,182.58,7466.21,6459.58
2024,56,POLICE DEPARTMENT,2015-03-31T00:00:00.000,RICHMOND,TRAFFIC ENFORCEMENT AGENT,ACTIVE,48379.00,per Annum,1928,50265.56,25,995.79,6557.78
2024,56,POLICE DEPARTMENT,2011-07-06T00:00:00.000,QUEENS,POLICE OFFICER,ACTIVE,105146.00,per Annum,2080,153923.33,44,17372.97,37609.83
2024,56,POLICE DEPARTMENT,2005-01-10T00:00:00.000,BRONX,POLICE OFFICER,ACTIVE,105146.00,per Annum,2080,153394.70,14,11550.87,37662.66
2024,56,POLICE DEPARTMENT,2003-07-01T00:00:00.000,MANHATTAN,POLICE OFFICER,ACTIVE,105146.00,per Annum,2080,153923.33,297.67,31852.92,40883.32
2024,56,POLICE DEPARTMENT,1997-04-15T00:00:00.000,QUEENS,POLICE OFFICER,ACTIVE,105146.00,per Annum,2080,153923.33,429.43,51345.89,40991.02
2024,56,POLICE DEPARTMENT,1990-10-15T00:00:00.000,MANHATTAN,POLICE OFFICER,CEASED,105146.00,per Annum,1817.17,140708.41,0,10306.89,41794.53
2024,56,POLICE DEPARTMENT,1987-01-20T00:00:00.000,BROOKLYN,POLICE OFFICER,ACTIVE,105146.00,per Annum,2080,153923.33,262.83,24124.45,42894.25
2024,56,POLICE DEPARTMENT,2014-03-17T00:00:00.000,MANHATTAN,OILER,ACTIVE,522.32,per Day,2080,150579.26,808,89826.95,43802.28
2024,56,POLICE DEPARTMENT,1998-12-20T00:00:00.000,MANHATTAN,SCHOOL SAFETY AGENT,ON SEPARATION LEAVE,53264.00,per Annum,2080,54927.86,72.25,2951.62,5138.83
2024,56,POLICE DEPARTMENT,2019-12-16T00:00:00.000,MANHATTAN,TRAFFIC ENFORCEMENT AGENT,ACTIVE,47772.00,per Annum,2080,44254.26,651.5,21143.12,5240.79
2024,56,POLICE DEPARTMENT,2005-07-18T00:00:00.000,BROOKLYN,SCHOOL SAFETY AGENT,ACTIVE,53264.00,per Annum,2080,54927.86,152.5,6170.47,5244.95
2024,56,POLICE DEPARTMENT,2005-09-14T00:00:00.000,MANHATTAN,CITY CUSTODIAL ASSISTANT,ACTIVE,41572.00,per Annum,2080,36063.01,0,0.00,5253.64
2024,56,POLICE DEPARTMENT,2009-01-14T00:00:00.000,MANHATTAN,POLICE OFFICER,CEASED,98155.00,per Annum,0,25672.61,0,6143.67,5267.86
2024,56,POLICE DEPARTMENT,2007-01-22T00:00:00.000,BRONX,SCHOOL SAFETY AGENT,ACTIVE,53264.00,per Annum,2080,54927.86,339.5,13652.02,5350.90
2024,56,POLICE DEPARTMENT,2001-09-26T00:00:00.000,MANHATTAN,SCHOOL SAFETY AGENT,ACTIVE,53264.00,per Annum,2080,54927.86,880.5,34987.38,5355.97
2024,56,POLICE DEPARTMENT,2023-07-05T00:00:00.000,QUEENS,POLICE OFFICER,ACTIVE,53790.00,per Annum,1920,50763.75,131.25,5405.86,5372.54
2024,56,POLICE DEPARTMENT,1997-04-15T00:00:00.000,MANHATTAN,P.O. DET SPEC,CEASED,107560.00,per Annum,0,22553.42,0,7568.55,5927.43
2024,56,POLICE DEPARTMENT,2007-01-10T00:00:00.000,MANHATTAN,P.O. DET SPEC,CEASED,112003.00,per Annum,1228.57,69542.35,370.22,36242.10,35181.22
2024,56,POLICE DEPARTMENT,2012-01-09T00:00:00.000,BROOKLYN,POLICE OFFICER,ACTIVE,105146.00,per Annum,2080,153923.33,251.75,29176.67,35210.37
2024,56,POLICE DEPARTMENT,2013-01-09T00:00:00.000,MANHATTAN,POLICE OFFICER,ACTIVE,105146.00,per Annum,2080,153455.76,0,2113.54,35569.67
2024,56,POLICE DEPARTMENT,2006-01-09T00:00:00.000,MANHATTAN,P.O. DA DET GR3,ACTIVE,115215.00,per Annum,2080,153923.33,541,61129.67,35730.41
2024,56,POLICE DEPARTMENT,2011-07-06T00:00:00.000,BROOKLYN,POLICE OFFICER,ACTIVE,105146.00,per Annum,2080,153923.33,393.62,45864.21,36846.52
2024,56,POLICE DEPARTMENT,1984-07-16T00:00:00.000,MANHATTAN,POLICE OFFICER D/A DETECTIVE 1ST GR,CEASED,128355.00,per Annum,0,0.00,0,0.00,36.61
2024,56,POLICE DEPARTMENT,2019-10-07T00:00:00.000,MANHATTAN,POLICE OFFICER,CEASED,45878.00,per Annum,0,761.43,0,0.00,61.16
2024,56,POLICE DEPARTMENT,2021-11-22T00:00:00.000,MANHATTAN,CITY CUSTODIAL ASSISTANT,ACTIVE,42261.00,per Annum,2080,40809.69,258.5,7619.36,82.53
2024,56,POLICE DEPARTMENT,2022-04-13T00:00:00.000,MANHATTAN,POLICE OFFICER,ON LEAVE,55746.00,per Annum,0,5668.54,0,1.32,166.76
2024,56,POLICE DEPARTMENT,2023-10-25T00:00:00.000,QUEENS,POLICE OFFICER,CEASED,53790.00,per Annum,34.3,2318.46,0,0.00,169.10
2024,56,POLICE DEPARTMENT,2024-04-24T00:00:00.000,QUEENS,POLICE OFFICER,ACTIVE,53790.00,per Annum,240,7789.26,0,0.00,175.21
2024,56,POLICE DEPARTMENT,2024-04-24T00:00:00.000,QUEENS,POLICE OFFICER,ACTIVE,53790.00,per Annum,240,7789.26,0,0.00,175.21
2024,56,POLICE DEPARTMENT,2024-04-24T00:00:00.000,QUEENS,POLICE OFFICER,ACTIVE,53790.00,per Annum,240,7789.26,0,0.00,175.21
2024,56,POLICE DEPARTMENT,2024-04-24T00:00:00.000,QUEENS,POLICE OFFICER,ACTIVE,53790.00,per Annum,240,7789.26,0,0.00,175.21
2024,56,POLICE DEPARTMENT,2008-07-08T00:00:00.000,MANHATTAN,SERGEANT-,CEASED,118056.00,per Annum,0,0.00,0,0.00,199.86
2024,56,POLICE DEPARTMENT,2021-10-15T00:00:00.000,MANHATTAN,POLICE OFFICER,CEASED,50620.00,per Annum,0,4970.82,0,304.19,213.14
2024,56,POLICE DEPARTMENT,2012-07-11T00:00:00.000,MANHATTAN,POLICE OFFICER,CEASED,87211.00,per Annum,0,744.59,0,1.85,229.94
2024,56,POLICE DEPARTMENT,2020-11-02T00:00:00.000,MANHATTAN,POLICE OFFICER,CEASED,48908.00,per Annum,0,7626.79,0,1000.50,240.52
2024,56,POLICE DEPARTMENT,2017-01-23T00:00:00.000,MANHATTAN,POLICE ADMINISTRATIVE AIDE,ACTIVE,47100.00,per Annum,1820,45482.61,0,0.00,259.16
2024,56,POLICE DEPARTMENT,2023-12-06T00:00:00.000,MANHATTAN,TRAFFIC ENFORCEMENT AGENT,ACTIVE,45811.00,per Annum,1104,24182.30,48.25,1587.92,372.01
2024,56,POLICE DEPARTMENT,2003-07-01T00:00:00.000,MANHATTAN,POLICE OFFICER,CEASED,87211.00,per Annum,0,1756.14,0,38.41,404.54
2024,56,POLICE DEPARTMENT,2023-12-06T00:00:00.000,BROOKLYN,TRAFFIC ENFORCEMENT AGENT,ACTIVE,45811.00,per Annum,1041.15,24560.31,60.75,2034.97,463.14
2024,56,POLICE DEPARTMENT,2024-01-17T00:00:00.000,BRONX,POLICE OFFICER,ACTIVE,53790.00,per Annum,800,22192.04,0,0.00,499.17
2024,56,POLICE DEPARTMENT,1998-08-31T00:00:00.000,MANHATTAN,POLICE OFFICER,CEASED,89391.00,per Annum,0,2267.30,0,637.46,521.43
2024,56,POLICE DEPARTMENT,2022-04-13T00:00:00.000,MANHATTAN,POLICE OFFICER,ACTIVE,55746.00,per Annum,2080,63512.15,228.58,11090.17,9391.11
2024,56,POLICE DEPARTMENT,2023-07-05T00:00:00.000,MANHATTAN,POLICE OFFICER,ACTIVE,105146.00,per Annum,1920,99425.32,133.83,10925.48,9551.56
2024,56,POLICE DEPARTMENT,2001-07-02T00:00:00.000,MANHATTAN,POLICE OFFICER,CEASED,98155.00,per Annum,0,35295.26,0,9241.66,9618.26
2024,56,POLICE DEPARTMENT,1990-12-11T00:00:00.000,BRONX,POLICE ADMINISTRATIVE AIDE,ACTIVE,47458.00,per Annum,1820,45804.79,0,0.00,9701.20
2024,56,POLICE DEPARTMENT,1985-10-25T00:00:00.000,QUEENS,MOTOR VEHICLE OPERATOR,ACTIVE,56737.00,per Annum,2080,54765.52,284,12307.48,9838.42
2024,56,POLICE DEPARTMENT,2021-04-28T00:00:00.000,MANHATTAN,POLICE OFFICER,CEASED,56793.00,per Annum,1337.17,50802.57,128.75,7043.45,9954.84
2024,56,POLICE DEPARTMENT,2020-11-02T00:00:00.000,BROOKLYN,POLICE OFFICER,ACTIVE,58041.00,per Annum,2080,74132.30,480.83,27119.86,10135.23
2024,56,POLICE DEPARTMENT,2021-12-29T00:00:00.000,QUEENS,POLICE OFFICER,ACTIVE,56793.00,per Annum,2080,66361.23,427.45,19335.15,10463.74
2024,56,POLICE DEPARTMENT,2022-04-13T00:00:00.000,QUEENS,POLICE OFFICER,ACTIVE,55746.00,per Annum,2080,63512.15,496.5,22240.73,10527.93
2024,56,POLICE DEPARTMENT,2017-10-18T00:00:00.000,MANHATTAN,POLICE OFFICER,CEASED,101590.00,per Annum,297.17,39219.98,16.25,4295.84,10752.89
2024,56,POLICE DEPARTMENT,2018-08-24T00:00:00.000,BROOKLYN,POLICE COMMUNICATIONS TECHNICIAN,ACTIVE,59935.00,per Annum,1820,56604.30,211,9269.98,11088.27
2024,56,POLICE DEPARTMENT,2021-10-15T00:00:00.000,BROOKLYN,POLICE OFFICER,ACTIVE,56793.00,per Annum,2080,67682.36,360.75,18789.07,11211.36
2024,56,POLICE DEPARTMENT,2019-01-07T00:00:00.000,QUEENS,POLICE SURGEON,ACTIVE,163614.00,per Annum,2080,161172.16,0,0.00,11241.11
2024,56,POLICE DEPARTMENT,2021-02-24T00:00:00.000,MANHATTAN,POLICE OFFICER,ACTIVE,56793.00,per Annum,2080,72086.64,387.58,21581.44,11380.14
2024,56,POLICE DEPARTMENT,2021-04-28T00:00:00.000,MANHATTAN,POLICE OFFICER,ACTIVE,56793.00,per Annum,2080,70974.85,284.95,14966.63,11393.48
2024,56,POLICE DEPARTMENT,2001-05-30T00:00:00.000,RICHMOND,SCHOOL SAFETY AGENT,ACTIVE,53264.00,per Annum,2080,54927.86,748.25,32734.96,11523.26
2024,56,POLICE DEPARTMENT,2020-11-16T00:00:00.000,MANHATTAN,POLICE OFFICER,ACTIVE,58041.00,per Annum,2080,73875.98,289.08,16313.60,11855.93
2024,56,POLICE DEPARTMENT,2006-01-23T00:00:00.000,QUEENS,SCHOOL SAFETY AGENT,ACTIVE,53264.00,per Annum,2080,54713.33,595.25,26586.47,11892.99
2024,56,POLICE DEPARTMENT,2021-04-28T00:00:00.000,MANHATTAN,POLICE OFFICER,ACTIVE,56793.00,per Annum,2080,70974.85,434.58,21727.41,11924.65
2024,56,POLICE DEPARTMENT,2020-01-06T00:00:00.000,BRONX,POLICE OFFICER,ACTIVE,58041.00,per Annum,2080,78770.25,387.25,26149.76,12511.44
2024,56,POLICE DEPARTMENT,2020-11-02T00:00:00.000,MANHATTAN,POLICE OFFICER,ACTIVE,58041.00,per Annum,2080,74132.30,304.25,17544.59,12599.50
2024,56,POLICE DEPARTMENT,2005-07-11T00:00:00.000,MANHATTAN,POLICE OFFICER,ACTIVE,105146.00,per Annum,2080,154077.50,466.02,58071.68,30742.56
2024,56,POLICE DEPARTMENT,2005-01-10T00:00:00.000,MANHATTAN,POLICE OFFICER,ON LEAVE,105146.00,per Annum,2080,91537.93,59.87,21430.12,31071.46
2024,56,POLICE DEPARTMENT,2007-01-10T00:00:00.000,MANHATTAN,POLICE OFFICER,ACTIVE,105146.00,per Annum,2080,153923.33,232.68,30938.83,31283.82
2024,56,POLICE DEPARTMENT,2007-07-09T00:00:00.000,RICHMOND,POLICE OFFICER,ACTIVE,105146.00,per Annum,2080,153923.33,162.72,21754.29,31418.10
2024,56,POLICE DEPARTMENT,2005-01-10T00:00:00.000,MANHATTAN,POLICE OFFICER,ACTIVE,105146.00,per Annum,2080,153923.33,202.37,23135.09,32283.83
2024,56,POLICE DEPARTMENT,2002-07-01T00:00:00.000,MANHATTAN,POLICE OFFICER,CEASED,101590.00,per Annum,74.32,53388.90,0,7201.53,32561.63
2024,56,POLICE DEPARTMENT,2007-01-10T00:00:00.000,QUEENS,P.O. DA DET GR3,ACTIVE,115215.00,per Annum,2080,156623.39,754.83,83134.60,32841.86
2024,56,POLICE DEPARTMENT,2008-01-07T00:00:00.000,RICHMOND,POLICE OFFICER,ACTIVE,105146.00,per Annum,2080,153923.33,412.83,43474.69,32969.05
2024,56,POLICE DEPARTMENT,2008-01-07T00:00:00.000,QUEENS,POLICE OFFICER,ACTIVE,105146.00,per Annum,2080,153923.33,246.92,34400.17,32985.77
2024,56,POLICE DEPARTMENT,2016-07-13T00:00:00.000,MANHATTAN,POLICE OFFICER,ACTIVE,105146.00,per Annum,2080,144989.84,479.9,51073.59,33062.39
2024,56,POLICE DEPARTMENT,2005-01-10T00:00:00.000,MANHATTAN,POLICE OFFICER,ACTIVE,105146.00,per Annum,2080,153923.33,374.92,45063.42,33837.77
2024,56,POLICE DEPARTMENT,2000-03-01T00:00:00.000,MANHATTAN,POLICE OFFICER,ACTIVE,105146.00,per Annum,2080,153923.33,0.17,1425.10,34789.11
2024,56,POLICE DEPARTMENT,2022-02-28T00:00:00.000,BRONX,POLICE COMMUNICATIONS TECHNICIAN,ACTIVE,55985.00,per Annum,1820,46465.47,17.92,496.44,4108.61
2024,56,POLICE DEPARTMENT,1998-04-20T00:00:00.000,MANHATTAN,SUPERVISING POLICE COMMUNICATIONS TECHNICIAN,CEASED,75068.00,per Annum,840,34283.52,0,0.00,4123.05
2024,56,POLICE DEPARTMENT,2018-03-26T00:00:00.000,MANHATTAN,EXECUTIVE AGENCY COUNSEL,ACTIVE,156040.00,per Annum,1820,159726.64,17,1993.53,4133.89
2024,56,POLICE DEPARTMENT,2022-10-11T00:00:00.000,MANHATTAN,MAINTENANCE WORKER,ACTIVE,262.08,per Day,2080,69242.25,0,0.00,4140.00
2024,56,POLICE DEPARTMENT,2022-10-28T00:00:00.000,MANHATTAN,TRAFFIC ENFORCEMENT AGENT,ACTIVE,45811.00,per Annum,1920,41798.36,502.25,16437.13,4294.78
2024,56,POLICE DEPARTMENT,2016-01-06T00:00:00.000,MANHATTAN,POLICE OFFICER,CEASED,98155.00,per Annum,0,22449.61,0,2960.22,4352.95
2024,56,POLICE DEPARTMENT,2012-01-09T00:00:00.000,MANHATTAN,POLICE OFFICER,CEASED,98155.00,per Annum,0,29409.95,0,2335.06,4408.22
2024,56,POLICE DEPARTMENT,2022-06-22T00:00:00.000,MANHATTAN,TRAFFIC ENFORCEMENT AGENT,ACTIVE,46726.00,per Annum,2080,47263.18,562.25,18858.69,4471.14
2024,56,POLICE DEPARTMENT,2023-05-31T00:00:00.000,BROOKLYN,TRAFFIC ENFORCEMENT AGENT,ACTIVE,46234.00,per Annum,2081.15,44696.34,337.25,11018.08,4479.52
2024,56,POLICE DEPARTMENT,2008-12-30T00:00:00.000,BROOKLYN,SCHOOL SAFETY AGENT,ACTIVE,53264.00,per Annum,2080,54927.86,454.75,17795.16,4500.00
2024,56,POLICE DEPARTMENT,2001-07-02T00:00:00.000,MANHATTAN,POLICE OFFICER,CEASED,95065.00,per Annum,0,22557.77,0,5447.00,4504.46
2024,56,POLICE DEPARTMENT,2019-10-01T00:00:00.000,BROOKLYN,SCHOOL SAFETY AGENT,ACTIVE,41840.00,per Annum,2080,42421.79,485,14631.26,4505.12
2024,56,POLICE DEPARTMENT,1996-07-18T00:00:00.000,MANHATTAN,POLICE OFFICER,CEASED,98155.00,per Annum,0,24722.67,0,5773.01,4524.40
2024,56,POLICE DEPARTMENT,2022-04-27T00:00:00.000,QUEENS,SCHOOL SAFETY AGENT,ACTIVE,38177.00,per Annum,2080,39275.14,323,9190.75,4579.14
2024,56,POLICE DEPARTMENT,2012-02-10T00:00:00.000,QUEENS,SCHOOL SAFETY AGENT,ACTIVE,53264.00,per Annum,2080,54927.86,482.88,19213.90,4613.53
2024,56,POLICE DEPARTMENT,2012-10-24T00:00:00.000,MANHATTAN,SCHOOL SAFETY AGENT,CEASED,53264.00,per Annum,2080,38055.56,153,5229.11,4645.01
2024,56,POLICE DEPARTMENT,1995-07-17T00:00:00.000,BROOKLYN,SENIOR POLICE ADMINISTRATIVE AIDE,ACTIVE,56908.00,per Annum,1820,54930.63,0,0.00,4669.60
2024,56,POLICE DEPARTMENT,2016-01-06T00:00:00.000,MANHATTAN,POLICE OFFICER,CEASED,98155.00,per Annum,0,28194.05,0,2809.16,4775.55
2024,56,POLICE DEPARTMENT,2023-04-19T00:00:00.000,BROOKLYN,SCHOOL SAFETY AGENT,ACTIVE,36955.00,per Annum,2081.15,37104.47,127.25,3378.24,4843.34
2024,56,POLICE DEPARTMENT,2005-07-25T00:00:00.000,BROOKLYN,PRINCIPAL ADMINISTRATIVE ASSOCIATE -  NON SUPVR,ACTIVE,66733.00,per Annum,1820,69072.94,0,0.00,4865.36
2024,56,POLICE DEPARTMENT,2005-09-26T00:00:00.000,BROOKLYN,SCHOOL SAFETY AGENT,ACTIVE,53264.00,per Annum,2074.28,54098.92,343.5,13795.43,5034.85
2024,56,POLICE DEPARTMENT,2009-01-14T00:00:00.000,MANHATTAN,P.O. DA DET GR3,ACTIVE,115390.00,per Annum,2080,142743.41,457.18,48905.74,24352.19
2024,56,POLICE DEPARTMENT,2000-09-29T00:00:00.000,MANHATTAN,SERGEANT-,CEASED,118056.00,per Annum,0,0.00,0,0.00,24457.83
2024,56,POLICE DEPARTMENT,2013-07-09T00:00:00.000,MANHATTAN,POLICE OFFICER,ACTIVE,105146.00,per Annum,2080,151173.57,109.28,17414.51,24507.10
2024,56,POLICE DEPARTMENT,2006-07-10T00:00:00.000,QUEENS,CAPTAIN,ACTIVE,152210.00,per Annum,2080,157591.30,196.67,16986.06,24612.08
2024,56,POLICE DEPARTMENT,2003-07-01T00:00:00.000,MANHATTAN,P.O. DA DET GR3,ACTIVE,115923.00,per Annum,2080,115140.04,589.25,57476.73,24733.20
2024,56,POLICE DEPARTMENT,2014-01-08T00:00:00.000,QUEENS,POLICE OFFICER,ACTIVE,105146.00,per Annum,2080,152351.93,442.1,49410.45,24863.60
2024,56,POLICE DEPARTMENT,2012-01-09T00:00:00.000,MANHATTAN,SERGEANT-,ACTIVE,96477.00,per Annum,2080,129856.85,174.47,24152.44,25257.19
2024,56,POLICE DEPARTMENT,2012-07-11T00:00:00.000,QUEENS,P.O. DET SPEC,ACTIVE,115390.00,per Annum,2080,147964.32,423,46643.44,25302.84
2024,56,POLICE DEPARTMENT,2009-01-14T00:00:00.000,QUEENS,POLICE OFFICER,ACTIVE,105146.00,per Annum,2080,153923.33,165.35,22986.40,25694.57
2024,56,POLICE DEPARTMENT,2014-01-08T00:00:00.000,BROOKLYN,POLICE OFFICER,ACTIVE,105146.00,per Annum,2080,152519.93,220.45,28204.56,25795.94
2024,56,POLICE DEPARTMENT,2004-07-01T00:00:00.000,QUEENS,LIEUTENANT,ACTIVE,136129.00,per Annum,2080,135410.11,450.45,49803.38,25911.34
2024,56,POLICE DEPARTMENT,2009-01-14T00:00:00.000,BROOKLYN,LIEUTENANT,ACTIVE,149518.00,per Annum,2080,151956.06,81.08,10191.25,25951.75
2024,56,POLICE DEPARTMENT,2014-01-08T00:00:00.000,MANHATTAN,POLICE OFFICER,ACTIVE,105146.00,per Annum,2080,152351.93,531.42,61110.30,25968.39
2024,56,POLICE DEPARTMENT,2013-07-09T00:00:00.000,MANHATTAN,POLICE OFFICER,ACTIVE,105146.00,per Annum,2080,152917.97,231.13,29951.57,26145.87
2024,56,POLICE DEPARTMENT,2005-07-11T00:00:00.000,MANHATTAN,LIEUTENANT,ACTIVE,149518.00,per Annum,2080,152353.45,212.58,25922.55,26276.71
2024,56,POLICE DEPARTMENT,2015-01-07T00:00:00.000,QUEENS,P.O. DA DET GR3,ACTIVE,115215.00,per Annum,2080,152386.31,454.77,50918.83,26379.28
2024,56,POLICE DEPARTMENT,2014-07-09T00:00:00.000,MANHATTAN,POLICE OFFICER,ACTIVE,105146.00,per Annum,2080,151372.50,380,42102.19,26403.97
2024,56,POLICE DEPARTMENT,2016-01-06T00:00:00.000,BROOKLYN,SERGEANT-,ACTIVE,105606.00,per Annum,2080,148339.28,143.58,16239.75,26410.52
2024,56,POLICE DEPARTMENT,2017-01-04T00:00:00.000,QUEENS,POLICE OFFICER,ACTIVE,105146.00,per Annum,2080,142875.87,221.65,23713.28,26558.00
2024,56,POLICE DEPARTMENT,2020-12-29T00:00:00.000,MANHATTAN,POLICE OFFICER,ACTIVE,105146.00,per Annum,2080,97344.76,381.83,27836.80,13246.64
2024,56,POLICE DEPARTMENT,2019-07-01T00:00:00.000,BRONX,POLICE OFFICER,ACTIVE,62872.00,per Annum,2080,82972.60,772,43513.77,13256.18
2024,56,POLICE DEPARTMENT,2003-07-01T00:00:00.000,MANHATTAN,SERGEANT-,CEASED,118056.00,per Annum,1957.23,111012.91,398.17,37239.48,19364.95
2024,56,POLICE DEPARTMENT,2005-01-10T00:00:00.000,MANHATTAN,SERGEANT-,ACTIVE,118056.00,per Annum,2080,117422.29,610.62,57239.12,19356.12
2024,56,POLICE DEPARTMENT,2003-07-01T00:00:00.000,MANHATTAN,LIEUTENANT,ACTIVE,136750.00,per Annum,2080,137275.32,562.22,59497.02,19199.34
2024,56,POLICE DEPARTMENT,2012-07-11T00:00:00.000,BRONX,P.O. DA DET GR3,ACTIVE,115390.00,per Annum,2080,143917.76,878.17,83800.19,19035.06
2024,56,POLICE DEPARTMENT,2013-07-09T00:00:00.000,MANHATTAN,LIEUTENANT,ACTIVE,135595.00,per Annum,2080,125173.60,102.7,9821.60,15166.38
2024,56,POLICE DEPARTMENT,2010-07-06T00:00:00.000,QUEENS,P.O. DET SPEC,ACTIVE,115390.00,per Annum,2080,136980.08,401.17,41542.78,15201.62
2024,56,POLICE DEPARTMENT,2019-04-15T00:00:00.000,BRONX,POLICE OFFICER,ACTIVE,62872.00,per Annum,2080,84567.58,504.42,31767.43,15379.20
2024,56,POLICE DEPARTMENT,2012-07-11T00:00:00.000,BROOKLYN,SERGEANT-,ACTIVE,97894.00,per Annum,2080,113050.44,44,4307.87,15573.39
2024,56,POLICE DEPARTMENT,2005-01-10T00:00:00.000,BROOKLYN,LIEUTENANT D/A SPECIAL ASSIGNMENT,ACTIVE,150819.00,per Annum,2080,139178.19,489.67,52353.25,15663.62
2024,56,POLICE DEPARTMENT,2011-07-06T00:00:00.000,QUEENS,P.O. DET SPEC,ACTIVE,115390.00,per Annum,2080,136980.07,258.75,27808.55,17144.39
2024,56,POLICE DEPARTMENT,2018-07-02T00:00:00.000,BROOKLYN,POLICE OFFICER,ACTIVE,105146.00,per Annum,2080,107566.23,182.78,14072.48,17253.06
2024,56,POLICE DEPARTMENT,2013-07-09T00:00:00.000,BRONX,SERGEANT-,ACTIVE,118056.00,per Annum,2080,121424.48,470.35,44259.36,17838.69
2024,56,POLICE DEPARTMENT,1999-07-06T00:00:00.000,MANHATTAN,SERGEANT-,ACTIVE,118056.00,per Annum,2080,117422.29,270.25,25284.57,18117.56
2024,56,POLICE DEPARTMENT,2009-07-14T00:00:00.000,QUEENS,P.O. DA DET GR3,ACTIVE,115923.00,per Annum,2080,118704.41,365.75,35984.99,18256.32
2024,56,POLICE DEPARTMENT,2012-07-11T00:00:00.000,BROOKLYN,SERGEANT-,ACTIVE,96281.00,per Annum,2080,134811.64,243.57,22020.61,18635.66
2024,56,POLICE DEPARTMENT,2024-01-03T00:00:00.000,QUEENS,POLICE OFFICER,ACTIVE,53790.00,per Annum,880,24249.58,0,0.00,545.45
2024,56,POLICE DEPARTMENT,2024-01-03T00:00:00.000,BRONX,POLICE OFFICER,ACTIVE,53790.00,per Annum,880,24249.58,0,0.00,545.45
2024,56,POLICE DEPARTMENT,1990-10-15T00:00:00.000,MANHATTAN,POLICE OFFICER,CEASED,89391.00,per Annum,0,3064.64,0,116.57,575.59
2024,56,POLICE DEPARTMENT,2021-12-29T00:00:00.000,MANHATTAN,POLICE OFFICER,CEASED,50620.00,per Annum,0,8290.51,0,103.56,681.29
2024,56,POLICE DEPARTMENT,2019-10-07T00:00:00.000,MANHATTAN,POLICE OFFICER,CEASED,54790.00,per Annum,0,19176.59,0,3786.41,775.02
2024,56,POLICE DEPARTMENT,2023-09-08T00:00:00.000,QUEENS,SCHOOL CROSSING GUARD,SEASONAL,18.54,per Hour,814.72,15192.90,0,0.00,867.00
2024,56,POLICE DEPARTMENT,2014-07-18T00:00:00.000,BROOKLYN,SCHOOL CROSSING GUARD,ACTIVE,18.54,per Hour,1111,21617.15,0,0.00,867.00
2024,56,POLICE DEPARTMENT,2016-05-12T00:00:00.000,BROOKLYN,SCHOOL CROSSING GUARD,ACTIVE,18.54,per Hour,1167,22660.69,0,0.00,867.00
2024,56,POLICE DEPARTMENT,2015-06-19T00:00:00.000,BROOKLYN,SCHOOL CROSSING GUARD,ACTIVE,18.54,per Hour,1203.5,23325.59,0,0.00,867.00
2024,56,POLICE DEPARTMENT,2017-08-21T00:00:00.000,QUEENS,SCHOOL CROSSING GUARD,ACTIVE,18.54,per Hour,935,18090.00,3,54.00,867.00
2024,56,POLICE DEPARTMENT,2001-07-02T00:00:00.000,MANHATTAN,POLICE OFFICER,CEASED,89391.00,per Annum,0,3570.04,0,167.11,951.58
2024,56,POLICE DEPARTMENT,2005-12-09T00:00:00.000,QUEENS,SCHOOL CROSSING GUARD,ACTIVE,18.55,per Hour,895,17491.45,0,0.00,1302.68
2024,56,POLICE DEPARTMENT,2008-07-08T00:00:00.000,MANHATTAN,POLICE OFFICER,CEASED,89391.00,per Annum,0,5670.15,0,0.00,1313.48
2024,56,POLICE DEPARTMENT,2014-08-25T00:00:00.000,MANHATTAN,CITY CUSTODIAL ASSISTANT,ACTIVE,43096.00,per Annum,2080,41616.55,0,0.00,1342.82
2024,858,TECHNOLOGY & INNOVATION,2023-05-15T00:00:00.000,MANHATTAN,CALL CENTER REPRESENTATIVE,CEASED,43734.00,per Annum,1820,26258.14,1.25,29.05,915.41
2024,858,TECHNOLOGY & INNOVATION,2019-09-03T00:00:00.000,MANHATTAN,IT SECURITY SPECIALIST,ACTIVE,156333.00,per Annum,1820,150965.31,0,0.00,928.45
2024,858,TECHNOLOGY & INNOVATION,2019-08-26T00:00:00.000,BROOKLYN,SENIOR IT ARCHITECT,ACTIVE,202874.00,per Annum,1820,195907.85,0,0.00,928.45
2024,858,TECHNOLOGY & INNOVATION,2020-06-08T00:00:00.000,MANHATTAN,CALL CENTER REPRESENTATIVE,ACTIVE,45409.00,per Annum,1820,43849.39,7,193.04,1000.00
2024,858,TECHNOLOGY & INNOVATION,2015-11-16T00:00:00.000,MANHATTAN,CALL CENTER REPRESENTATIVE,ACTIVE,45409.00,per Annum,1820,43849.39,59.5,1741.92,1055.20
2024,858,TECHNOLOGY & INNOVATION,2019-06-03T00:00:00.000,MANHATTAN,IT SECURITY SPECIALIST,ACTIVE,156503.00,per Annum,1820,151129.39,0,0.00,1063.04
2024,858,TECHNOLOGY & INNOVATION,2008-06-09T00:00:00.000,BROOKLYN,SENIOR IT ARCHITECT,ACTIVE,183849.00,per Annum,1820,177536.01,0,1.17,1063.31
2024,858,TECHNOLOGY & INNOVATION,2023-07-10T00:00:00.000,MANHATTAN,CALL CENTER REPRESENTATIVE,CEASED,38336.00,per Annum,1225,25662.00,0,0.00,1111.88
2024,858,TECHNOLOGY & INNOVATION,2023-11-13T00:00:00.000,BROOKLYN,COMMUNITY COORDINATOR,ACTIVE,72124.00,per Annum,1085,41502.80,389.5,19887.81,1117.78
2024,858,TECHNOLOGY & INNOVATION,2012-07-09T00:00:00.000,BROOKLYN,IT INFRASTRUCTURE ENGINEER,ACTIVE,144676.00,per Annum,1820,139708.04,20.5,2026.03,1139.82
2024,858,TECHNOLOGY & INNOVATION,2023-02-27T00:00:00.000,MANHATTAN,CALL CENTER REPRESENTATIVE,CEASED,42460.00,per Annum,1407,27456.92,6,125.88,1170.61
2024,858,TECHNOLOGY & INNOVATION,2022-12-05T00:00:00.000,MANHATTAN,CALL CENTER REPRESENTATIVE,ACTIVE,43734.00,per Annum,1820,40316.10,0,0.00,1311.68
2024,858,TECHNOLOGY & INNOVATION,2019-05-28T00:00:00.000,MANHATTAN,CALL CENTER REPRESENTATIVE,ACTIVE,45409.00,per Annum,1785,24683.13,0,0.00,1391.21
2024,858,TECHNOLOGY & INNOVATION,2022-12-05T00:00:00.000,MANHATTAN,CALL CENTER REPRESENTATIVE,ACTIVE,43734.00,per Annum,1820,40316.10,51,1401.59,1395.37
2024,858,TECHNOLOGY & INNOVATION,2019-09-09T00:00:00.000,BROOKLYN,IT SECURITY SPECIALIST,CEASED,135437.00,per Annum,0,0.00,0,1.87,1432.72
2024,858,TECHNOLOGY & INNOVATION,1999-04-26T00:00:00.000,BROOKLYN,COMMUNITY COORDINATOR,ACTIVE,79735.00,per Annum,1820,77218.11,0,0.00,1470.97
2024,858,TECHNOLOGY & INNOVATION,2004-04-14T00:00:00.000,BROOKLYN,COMMUNITY COORDINATOR,ACTIVE,77559.00,per Annum,1820,74578.18,8,399.11,1491.82
2024,858,TECHNOLOGY & INNOVATION,2018-05-14T00:00:00.000,MANHATTAN,IT SECURITY SPECIALIST,ACTIVE,155591.00,per Annum,1820,150248.16,0,0.00,1531.46
2024,858,TECHNOLOGY & INNOVATION,2022-10-11T00:00:00.000,MANHATTAN,CALL CENTER REPRESENTATIVE,ACTIVE,43734.00,per Annum,1820,40773.41,24,720.44,1685.49
2024,858,TECHNOLOGY & INNOVATION,2017-05-30T00:00:00.000,BROOKLYN,IT SECURITY SPECIALIST,ACTIVE,125870.00,per Annum,1820,121548.11,0,0.00,1963.06
2024,858,TECHNOLOGY & INNOVATION,2022-12-05T00:00:00.000,MANHATTAN,CALL CENTER REPRESENTATIVE,ACTIVE,43734.00,per Annum,1820,40153.68,126,3605.77,1978.78
2024,858,TECHNOLOGY & INNOVATION,2021-05-17T00:00:00.000,BROOKLYN,IT SECURITY SPECIALIST,ACTIVE,188568.00,per Annum,1820,182093.48,0,0.00,2120.82
2024,858,TECHNOLOGY & INNOVATION,2016-12-05T00:00:00.000,MANHATTAN,CERTIFIED IT ADMINISTRATOR,ACTIVE,144846.00,per Annum,1708,131264.09,0,0.00,2311.76
2024,858,TECHNOLOGY & INNOVATION,2017-07-10T00:00:00.000,MANHATTAN,COMPUTER AIDE-NON-SPVR,ON LEAVE,72572.00,per Annum,799.75,29787.40,0,0.00,2381.52
2024,858,TECHNOLOGY & INNOVATION,2015-11-16T00:00:00.000,BROOKLYN,IT PROJECT SPECIALIST,ACTIVE,121508.00,per Annum,1820,115953.06,0,0.00,2462.60
2024,858,TECHNOLOGY & INNOVATION,2012-11-19T00:00:00.000,BROOKLYN,IT SECURITY SPECIALIST,ACTIVE,180081.00,per Annum,1820,173897.73,89,11966.72,2541.85
2024,858,TECHNOLOGY & INNOVATION,2014-05-05T00:00:00.000,MANHATTAN,CALL CENTER REPRESENTATIVE,ACTIVE,45409.00,per Annum,1820,43439.86,0,0.00,2572.79
2024,858,TECHNOLOGY & INNOVATION,2015-01-20T00:00:00.000,MANHATTAN,COMMUNITY COORDINATOR,ACTIVE,48.30,per Hour,1771,83042.26,16,890.92,2868.85
2024,858,TECHNOLOGY & INNOVATION,2011-03-21T00:00:00.000,BROOKLYN,IT PROJECT SPECIALIST,ON SEPARATION LEAVE,122004.00,per Annum,1400,101455.43,0,0.00,2907.98
2024,858,TECHNOLOGY & INNOVATION,2019-10-28T00:00:00.000,BROOKLYN,STAFF ANALYST,ACTIVE,67603.00,per Annum,1820,61838.28,0,0.00,3000.00
2024,858,TECHNOLOGY & INNOVATION,2023-07-31T00:00:00.000,BROOKLYN,STAFF ANALYST,ACTIVE,75440.00,per Annum,1610,63833.98,0,0.00,3000.00
2024,858,TECHNOLOGY & INNOVATION,2016-08-15T00:00:00.000,BROOKLYN,STAFF ANALYST,ACTIVE,67603.00,per Annum,1820,71607.89,0,0.00,3000.00
2024,858,TECHNOLOGY & INNOVATION,2023-12-04T00:00:00.000,MANHATTAN,EXECUTIVE PROGRAM SPECIALIST,ACTIVE,143235.00,per Annum,980,73276.10,0,0.00,3000.00
2024,858,TECHNOLOGY & INNOVATION,2023-01-09T00:00:00.000,MANHATTAN,ADMINISTRATIVE PUBLIC INFORMATION SPECIALIST,ACTIVE,94417.00,per Annum,1820,93293.81,0,0.00,3000.00
2024,858,TECHNOLOGY & INNOVATION,2022-10-24T00:00:00.000,MANHATTAN,Executive Program Specialist,ACTIVE,103837.00,per Annum,1820,102687.58,0,0.00,3000.00
2024,858,TECHNOLOGY & INNOVATION,2023-10-30T00:00:00.000,BROOKLYN,TELECOMMUNICATION MANAGER,ACTIVE,177001.00,per Annum,1155,107672.68,0,0.00,3000.00
2024,858,TECHNOLOGY & INNOVATION,2023-09-11T00:00:00.000,MANHATTAN,"Chief Advisor, Public Space Policy",ACTIVE,148213.00,per Annum,1400,108242.10,0,0.00,3000.00
2024,858,TECHNOLOGY & INNOVATION,2014-01-06T00:00:00.000,MANHATTAN,COMPUTER SYSTEMS MANAGER,ACTIVE,140958.00,per Annum,1820,146786.87,0,0.00,3000.00
2024,858,TECHNOLOGY & INNOVATION,2004-03-01T00:00:00.000,BROOKLYN,COMPUTER SYSTEMS MANAGER,ACTIVE,153958.00,per Annum,1820,160491.00,0,0.00,3000.00
2024,858,TECHNOLOGY & INNOVATION,2009-10-26T00:00:00.000,BROOKLYN,COMPUTER SYSTEMS MANAGER,ACTIVE,161119.00,per Annum,1820,168042.85,0,0.00,3000.00
2024,858,TECHNOLOGY & INNOVATION,2001-02-27T00:00:00.000,BROOKLYN,COMPUTER OPERATIONS MANAGER,ACTIVE,163157.00,per Annum,1820,170189.83,0,0.00,3000.00
2024,858,TECHNOLOGY & INNOVATION,2016-03-28T00:00:00.000,BROOKLYN,COMPUTER SYSTEMS MANAGER,ACTIVE,164846.00,per Annum,1820,171963.36,0,0.00,3000.00
2024,858,TECHNOLOGY & INNOVATION,2006-05-23T00:00:00.000,BROOKLYN,COMPUTER SYSTEMS MANAGER,ACTIVE,165503.00,per Annum,1820,172660.77,0,0.00,3000.00
2024,858,TECHNOLOGY & INNOVATION,2009-02-17T00:00:00.000,BROOKLYN,COMPUTER SYSTEMS MANAGER,ACTIVE,170083.00,per Annum,1820,172851.95,0,0.00,3000.00
2024,858,TECHNOLOGY & INNOVATION,2006-01-03T00:00:00.000,BROOKLYN,COMPUTER SYSTEMS MANAGER,ACTIVE,171350.00,per Annum,1820,178815.69,0,0.00,3000.00
2024,858,TECHNOLOGY & INNOVATION,2014-01-06T00:00:00.000,BROOKLYN,EXECUTIVE AGENCY COUNSEL,ACTIVE,174431.00,per Annum,1820,179824.11,0,0.00,3000.00
2024,858,TECHNOLOGY & INNOVATION,2023-04-10T00:00:00.000,BROOKLYN,TELECOMMUNICATION MANAGER,ACTIVE,186706.00,per Annum,1820,181097.68,0,0.00,3000.00
2024,858,TECHNOLOGY & INNOVATION,2022-01-03T00:00:00.000,BROOKLYN,COMPUTER SYSTEMS MANAGER,ACTIVE,180886.00,per Annum,1820,183699.63,0,0.00,3000.00
2024,858,TECHNOLOGY & INNOVATION,2006-10-30T00:00:00.000,BROOKLYN,COMPUTER SYSTEMS MANAGER,ACTIVE,183413.00,per Annum,1820,191529.40,0,0.00,3000.00
2024,858,TECHNOLOGY & INNOVATION,2022-10-17T00:00:00.000,BROOKLYN,DEPUTY COMMISSIONER OF IT,CEASED,263473.00,per Annum,1260,191814.67,0,0.00,3000.00
2024,858,TECHNOLOGY & INNOVATION,2004-05-03T00:00:00.000,BROOKLYN,COMPUTER SYSTEMS MANAGER,ACTIVE,183777.00,per Annum,1820,191922.29,0,0.00,3000.00
2024,858,TECHNOLOGY & INNOVATION,2015-09-08T00:00:00.000,BROOKLYN,COMPUTER SYSTEMS MANAGER,ACTIVE,188732.00,per Annum,1820,196426.20,0,0.00,3000.00
2024,858,TECHNOLOGY & INNOVATION,2018-04-16T00:00:00.000,MANHATTAN,COMPUTER OPERATIONS MANAGER,ACTIVE,192622.00,per Annum,1820,200397.54,0,0.00,3000.00
2024,858,TECHNOLOGY & INNOVATION,2019-08-05T00:00:00.000,MANHATTAN,COMPUTER SYSTEMS MANAGER,ACTIVE,193404.00,per Annum,1820,200632.70,0,0.00,3000.00
2024,858,TECHNOLOGY & INNOVATION,2016-12-12T00:00:00.000,BROOKLYN,COMPUTER SYSTEMS MANAGER,ACTIVE,196003.00,per Annum,1820,203318.36,0,0.00,3000.00
2024,858,TECHNOLOGY & INNOVATION,2013-09-03T00:00:00.000,BROOKLYN,COMPUTER SYSTEMS MANAGER,ACTIVE,205363.00,per Annum,1820,214671.75,0,0.00,3000.00
2024,858,TECHNOLOGY & INNOVATION,2009-10-19T00:00:00.000,MANHATTAN,COMPUTER SYSTEMS MANAGER,ACTIVE,211216.00,per Annum,1820,220833.69,0,0.00,3000.00
2024,858,TECHNOLOGY & INNOVATION,2015-11-01T00:00:00.000,BROOKLYN,ADMINISTRATIVE STAFF ANALYST,CEASED,226001.00,per Annum,1750,225206.58,0,0.00,3000.00
2024,858,TECHNOLOGY & INNOVATION,2020-03-02T00:00:00.000,BROOKLYN,COMPUTER SYSTEMS MANAGER,ACTIVE,261344.00,per Annum,1820,273669.26,0,0.00,3000.00
2024,858,TECHNOLOGY & INNOVATION,2018-10-29T00:00:00.000,BROOKLYN,ADM MANAGER-NON-MGRL,ACTIVE,102752.00,per Annum,1820,101531.39,0,1.30,3000.00
2024,858,TECHNOLOGY & INNOVATION,2019-08-05T00:00:00.000,BROOKLYN,PRINCIPAL ADMINISTRATIVE ASSOCIATE -  NON SUPVR,ON LEAVE,62914.00,per Annum,1736,51800.99,0,0.00,3000.69
2024,858,TECHNOLOGY & INNOVATION,2019-12-30T00:00:00.000,BROOKLYN,ADMINISTRATIVE PROCUREMENT ANALYST-NON-MGRL,ACTIVE,110229.00,per Annum,1820,112404.99,0,0.00,3008.25
2024,858,TECHNOLOGY & INNOVATION,2016-09-06T00:00:00.000,MANHATTAN,ASSOCIATE STAFF ANALYST,ACTIVE,88732.00,per Annum,1820,95242.88,0,7.20,3008.87
2024,858,TECHNOLOGY & INNOVATION,2018-06-11T00:00:00.000,MANHATTAN,STAFF ANALYST,ACTIVE,67603.00,per Annum,1820,65368.68,12.75,471.76,3017.00
2024,858,TECHNOLOGY & INNOVATION,2017-01-17T00:00:00.000,BROOKLYN,ADM MANAGER-NON-MGRL,ACTIVE,108849.00,per Annum,1820,108001.99,0,0.00,3024.75
2024,858,TECHNOLOGY & INNOVATION,2011-01-03T00:00:00.000,BROOKLYN,COMPUTER SYSTEMS MANAGER,ACTIVE,159019.00,per Annum,1820,165820.81,0,0.00,3250.00
2024,858,TECHNOLOGY & INNOVATION,2022-09-12T00:00:00.000,BROOKLYN,EXECUTIVE AGENCY COUNSEL,ACTIVE,204010.00,per Annum,1820,205819.57,0,0.00,3264.00
2024,858,TECHNOLOGY & INNOVATION,2022-09-12T00:00:00.000,MANHATTAN,Executive Program Specialist,ACTIVE,115095.00,per Annum,1820,114697.99,0,0.00,3291.44
2024,858,TECHNOLOGY & INNOVATION,2018-06-04T00:00:00.000,BROOKLYN,COMPUTER SYSTEMS MANAGER,ACTIVE,186135.00,per Annum,1820,193061.95,0,0.00,3339.00
2024,858,TECHNOLOGY & INNOVATION,2022-08-01T00:00:00.000,MANHATTAN,CYBER SECURITY ANALYST,ACTIVE,45.10,per Hour,1732,73503.08,0,0.00,3380.08
2024,858,TECHNOLOGY & INNOVATION,2014-11-03T00:00:00.000,MANHATTAN,ADMINISTRATIVE BUSINESS PROMOTION COORDINATOR,ACTIVE,126449.00,per Annum,1820,130707.40,0,0.00,3410.47
2024,858,TECHNOLOGY & INNOVATION,2024-01-29T00:00:00.000,BROOKLYN,COMPUTER SYSTEMS MANAGER,ACTIVE,128135.00,per Annum,700,47820.34,0,0.00,3500.00
2024,858,TECHNOLOGY & INNOVATION,2022-04-18T00:00:00.000,MANHATTAN,DEPUTY COMMISSIONER OF IT,ACTIVE,270319.00,per Annum,1820,277314.46,0,0.00,3750.00
2024,858,TECHNOLOGY & INNOVATION,2019-10-28T00:00:00.000,BROOKLYN,STAFF ANALYST,ACTIVE,85986.00,per Annum,1820,89293.79,0,0.00,4000.00
2024,858,TECHNOLOGY & INNOVATION,2004-10-17T00:00:00.000,BROOKLYN,COMPUTER SYSTEMS MANAGER,ACTIVE,180650.00,per Annum,1820,188507.45,0,0.00,4000.00
2024,858,TECHNOLOGY & INNOVATION,2021-05-03T00:00:00.000,BROOKLYN,ADM MANAGER-NON-MGRL,ACTIVE,105447.00,per Annum,1820,103317.88,0,0.00,4012.76
2024,858,TECHNOLOGY & INNOVATION,2008-12-15T00:00:00.000,BROOKLYN,ADM MANAGER-NON-MGRL,ACTIVE,141662.00,per Annum,1715,136772.49,0,0.00,4059.76
2024,858,TECHNOLOGY & INNOVATION,2023-09-25T00:00:00.000,BROOKLYN,ADMIN COMMUNITY RELATIONS SPECIALIST,ACTIVE,102270.00,per Annum,1330,74327.43,0,0.00,4086.12
2024,858,TECHNOLOGY & INNOVATION,2013-03-11T00:00:00.000,BROOKLYN,EXECUTIVE AGENCY COUNSEL,CEASED,200000.00,per Annum,0,0.00,0,0.00,4342.44
2024,858,TECHNOLOGY & INNOVATION,2019-07-08T00:00:00.000,MANHATTAN,CALL CENTER REPRESENTATIVE,ACTIVE,45409.00,per Annum,1820,43849.39,34,1003.82,4489.97
2024,858,TECHNOLOGY & INNOVATION,2015-10-19T00:00:00.000,BROOKLYN,CERTIFIED IT ADMINISTRATOR,ACTIVE,130460.00,per Annum,1469,102724.66,0,0.00,4493.88
2024,858,TECHNOLOGY & INNOVATION,2008-07-14T00:00:00.000,MANHATTAN,ADM MANAGER-NON-MGRL,ACTIVE,128584.00,per Annum,1820,133273.65,0,0.00,4802.48
2024,858,TECHNOLOGY & INNOVATION,2014-01-06T00:00:00.000,BROOKLYN,ADMINISTRATIVE STAFF ANALYST,ACTIVE,151874.00,per Annum,1820,160374.74,0,0.00,4841.62
2024,858,TECHNOLOGY & INNOVATION,2005-05-23T00:00:00.000,BROOKLYN,PRINCIPAL ADMINISTRATIVE ASSOCIATE -  NON SUPVR,ACTIVE,89349.00,per Annum,1820,82964.76,0,0.00,4845.62
2024,858,TECHNOLOGY & INNOVATION,2005-04-04T00:00:00.000,BROOKLYN,ADM MANAGER-NON-MGRL,ACTIVE,94374.00,per Annum,1820,97856.90,0,0.00,4865.37
2024,858,TECHNOLOGY & INNOVATION,1988-07-03T00:00:00.000,BROOKLYN,ADM MANAGER-NON-MGRL,ACTIVE,88335.00,per Annum,1820,91599.07,2,95.84,4865.37
2024,858,TECHNOLOGY & INNOVATION,1992-07-27T00:00:00.000,BROOKLYN,ADM MANAGER-NON-MGRL,ACTIVE,125168.00,per Annum,1820,128960.11,0,42.76,4874.68
2024,858,TECHNOLOGY & INNOVATION,2023-02-27T00:00:00.000,MANHATTAN,CALL CENTER REPRESENTATIVE,CEASED,37219.00,per Annum,0,0.00,0,0.00,-3000.00
2024,858,TECHNOLOGY & INNOVATION,2005-03-07T00:00:00.000,MANHATTAN,CALL CENTER REPRESENTATIVE,CEASED,41555.00,per Annum,0,-120.03,0,0.00,-24.23
2024,858,TECHNOLOGY & INNOVATION,2008-12-01T00:00:00.000,BROOKLYN,COMPUTER SYSTEMS MANAGER,CEASED,105881.00,per Annum,0,-2466.16,0,0.00,0.00
2024,858,TECHNOLOGY & INNOVATION,2023-08-21T00:00:00.000,MANHATTAN,CALL CENTER REPRESENTATIVE,CEASED,38336.00,per Annum,7,146.59,0,0.00,0.00
2024,858,TECHNOLOGY & INNOVATION,2019-12-09T00:00:00.000,MANHATTAN,Executive Program Specialist,CEASED,90640.00,per Annum,0,650.99,0,0.00,0.00
2024,858,TECHNOLOGY & INNOVATION,2024-05-28T00:00:00.000,MANHATTAN,CALL CENTER REPRESENTATIVE,ACTIVE,39486.00,per Annum,98,1773.27,0,0.00,0.00
2024,858,TECHNOLOGY & INNOVATION,2024-05-28T00:00:00.000,MANHATTAN,CALL CENTER REPRESENTATIVE,ACTIVE,39486.00,per Annum,98,1969.14,0,0.00,0.00
2024,858,TECHNOLOGY & INNOVATION,2015-10-12T00:00:00.000,BROOKLYN,ADMINISTRATIVE STAFF ANALYST,CEASED,140644.00,per Annum,0,4141.11,0,0.00,0.00
2024,858,TECHNOLOGY & INNOVATION,2021-08-09T00:00:00.000,BROOKLYN,EXECUTIVE AGENCY COUNSEL,CEASED,118479.00,per Annum,0,4722.80,0,0.00,0.00
2024,858,TECHNOLOGY & INNOVATION,2018-03-26T00:00:00.000,BROOKLYN,IT PROJECT SPECIALIST,CEASED,150000.00,per Annum,0,6410.38,0,0.00,0.00
2024,858,TECHNOLOGY & INNOVATION,2023-10-10T00:00:00.000,BROOKLYN,HIGH SCHOOL STUDENT AIDE,ACTIVE,16.00,per Hour,433,6495.00,0,0.00,0.00
2024,858,TECHNOLOGY & INNOVATION,2023-10-10T00:00:00.000,MANHATTAN,HIGH SCHOOL STUDENT AIDE,ACTIVE,16.00,per Hour,494.58,7418.75,0,0.00,0.00
2024,858,TECHNOLOGY & INNOVATION,2024-03-18T00:00:00.000,MANHATTAN,CALL CENTER REPRESENTATIVE,ACTIVE,39486.00,per Annum,455,8847.63,0,0.00,0.00
2024,858,TECHNOLOGY & INNOVATION,2023-10-10T00:00:00.000,BROOKLYN,HIGH SCHOOL STUDENT AIDE,ACTIVE,16.00,per Hour,595.5,8932.50,0,0.00,0.00
2024,858,TECHNOLOGY & INNOVATION,2024-03-18T00:00:00.000,MANHATTAN,CALL CENTER REPRESENTATIVE,ACTIVE,39486.00,per Annum,455,9353.54,0,0.00,0.00
2024,858,TECHNOLOGY & INNOVATION,2013-07-01T00:00:00.000,BROOKLYN,ADMINISTRATIVE STAFF ANALYST,CEASED,210795.00,per Annum,0,12090.81,0,0.00,0.00
2024,858,TECHNOLOGY & INNOVATION,2024-02-20T00:00:00.000,BROOKLYN,COMMUNITY ASSOCIATE,ACTIVE,37.34,per Hour,518,18777.50,0,0.00,0.00
2024,858,TECHNOLOGY & INNOVATION,2023-07-31T00:00:00.000,MANHATTAN,TELECOMMUNICATIONS ASSOCIATE,ON LEAVE,69010.00,per Annum,1610,33190.71,0,0.00,0.00
2024,858,TECHNOLOGY & INNOVATION,2023-07-10T00:00:00.000,MANHATTAN,CALL CENTER REPRESENTATIVE,ACTIVE,39486.00,per Annum,1715,34319.00,0,0.00,0.00
2024,858,TECHNOLOGY & INNOVATION,2020-05-18T00:00:00.000,MANHATTAN,COMMUNITY ASSOCIATE,ACTIVE,49615.00,per Annum,1820,47911.50,0,0.00,0.00
2024,858,TECHNOLOGY & INNOVATION,2019-05-28T00:00:00.000,MANHATTAN,COMMUNITY ASSOCIATE,ACTIVE,57924.00,per Annum,1820,54649.04,0,0.00,0.00
2024,858,TECHNOLOGY & INNOVATION,2023-10-30T00:00:00.000,BROOKLYN,ADMINISTRATIVE PROCUREMENT ANALYST-NON-MGRL,ACTIVE,97681.00,per Annum,1155,60741.66,0,0.00,0.00
2024,858,TECHNOLOGY & INNOVATION,2023-06-19T00:00:00.000,BROOKLYN,COMMUNITY COORDINATOR,ACTIVE,70022.00,per Annum,1820,65914.98,0,0.00,0.00
2024,858,TECHNOLOGY & INNOVATION,2010-03-08T00:00:00.000,BROOKLYN,TELECOMMUNICATIONS MANAGER,ACTIVE,106071.00,per Annum,1281,72087.34,0,0.00,0.00
2024,858,TECHNOLOGY & INNOVATION,2023-05-15T00:00:00.000,BROOKLYN,CYBER SECURITY ANALYST,ACTIVE,84872.00,per Annum,1820,81957.68,0,0.00,0.00
2024,858,TECHNOLOGY & INNOVATION,2023-03-27T00:00:00.000,MANHATTAN,COMMUNITY COORDINATOR,ACTIVE,89095.00,per Annum,1820,86035.66,0,0.00,0.00
2024,858,TECHNOLOGY & INNOVATION,2015-04-06T00:00:00.000,BROOKLYN,COMPUTER SYSTEMS MANAGER,ACTIVE,97856.00,per Annum,1820,94132.70,0,0.00,0.00
2024,858,TECHNOLOGY & INNOVATION,2010-07-12T00:00:00.000,BROOKLYN,COMPUTER SYSTEMS MANAGER,ACTIVE,100589.00,per Annum,1820,97134.85,0,0.00,0.00
2024,858,TECHNOLOGY & INNOVATION,2008-10-20T00:00:00.000,BROOKLYN,COMPUTER SYSTEMS MANAGER,ACTIVE,130389.00,per Annum,1820,125911.60,0,0.00,0.00
2024,858,TECHNOLOGY & INNOVATION,2015-01-05T00:00:00.000,BROOKLYN,COMPUTER SYSTEMS MANAGER,ACTIVE,146836.00,per Annum,1820,141793.95,0,0.00,0.00
2024,858,TECHNOLOGY & INNOVATION,2024-02-12T00:00:00.000,BROOKLYN,IT PROJECT SPECIALIST,ACTIVE,128750.00,per Annum,630,43032.78,4,273.67,0.00
2024,858,TECHNOLOGY & INNOVATION,2001-07-12T00:00:00.000,MANHATTAN,ADM MANAGER-NON-MGRL,CEASED,99324.00,per Annum,0,620.48,0,0.00,4.87
2024,858,TECHNOLOGY & INNOVATION,2008-02-19T00:00:00.000,BROOKLYN,CYBER SECURITY ANALYST,ACTIVE,78081.00,per Annum,1820,75400.10,3.5,145.23,5.19
2024,858,TECHNOLOGY & INNOVATION,2021-11-01T00:00:00.000,BROOKLYN,TELECOMMUNICATIONS ASSOCIATE,ACTIVE,62681.00,per Annum,1820,60528.46,6,216.50,6.66
2024,858,TECHNOLOGY & INNOVATION,2018-05-21T00:00:00.000,MANHATTAN,COMMUNITY ASSOCIATE,ACTIVE,49615.00,per Annum,1820,47598.67,5,131.85,8.25
2024,858,TECHNOLOGY & INNOVATION,2016-06-20T00:00:00.000,BROOKLYN,COMPUTER SYSTEMS MANAGER,ACTIVE,143213.00,per Annum,1820,138295.83,0,0.00,10.75
2024,858,TECHNOLOGY & INNOVATION,2023-06-19T00:00:00.000,BROOKLYN,COMMUNITY COORDINATOR,ACTIVE,84141.00,per Annum,1820,81251.46,4,178.85,12.30
2024,858,TECHNOLOGY & INNOVATION,2023-01-17T00:00:00.000,BROOKLYN,COMMUNITY COORDINATOR,ACTIVE,89095.00,per Annum,1820,86035.66,0,0.00,16.50
2024,858,TECHNOLOGY & INNOVATION,2001-06-04T00:00:00.000,MANHATTAN,PRINCIPAL ADMINISTRATIVE ASSOCIATE -  NON SUPVR,CEASED,63146.00,per Annum,0,338.13,0,0.00,18.26
2024,858,TECHNOLOGY & INNOVATION,2023-10-23T00:00:00.000,BROOKLYN,COMMUNITY COORDINATOR,ACTIVE,72544.00,per Annum,1190,45260.54,0,0.00,24.75
2024,858,TECHNOLOGY & INNOVATION,2005-04-04T00:00:00.000,BROOKLYN,COMPUTER SYSTEMS MANAGER,CEASED,151708.00,per Annum,57.42,4772.47,0,0.00,25.18
2024,858,TECHNOLOGY & INNOVATION,2011-06-13T00:00:00.000,BROOKLYN,COMPUTER SYSTEMS MANAGER,ACTIVE,146317.00,per Annum,1820,141292.62,0,0.00,33.00
2024,858,TECHNOLOGY & INNOVATION,2008-03-24T00:00:00.000,BROOKLYN,COMPUTER SYSTEMS MANAGER,ACTIVE,118004.00,per Annum,1820,113951.99,0,0.00,35.50
2024,858,TECHNOLOGY & INNOVATION,2004-07-05T00:00:00.000,MANHATTAN,ADM MANAGER-NON-MGRL,CEASED,91233.00,per Annum,0,4685.71,0,0.00,41.39
2024,858,TECHNOLOGY & INNOVATION,2022-08-29T00:00:00.000,BROOKLYN,CYBER SECURITY ANALYST,ACTIVE,95481.00,per Annum,1820,92202.42,24.25,1465.07,43.77
2024,858,TECHNOLOGY & INNOVATION,2016-12-19T00:00:00.000,MANHATTAN,COMPUTER SYSTEMS MANAGER,ACTIVE,125366.00,per Annum,1820,121061.85,0,0.00,49.50
2024,858,TECHNOLOGY & INNOVATION,2020-03-09T00:00:00.000,MANHATTAN,CALL CENTER REPRESENTATIVE,ACTIVE,45409.00,per Annum,1820,43849.39,0,0.00,57.75
2024,858,TECHNOLOGY & INNOVATION,2021-10-25T00:00:00.000,MANHATTAN,CYBER SECURITY ANALYST,ACTIVE,81955.00,per Annum,1820,79140.83,31.5,1371.85,61.47
2024,858,TECHNOLOGY & INNOVATION,2024-04-29T00:00:00.000,MANHATTAN,CALL CENTER REPRESENTATIVE,ACTIVE,39486.00,per Annum,245,4985.76,0,0.00,73.44
2024,858,TECHNOLOGY & INNOVATION,2024-03-18T00:00:00.000,MANHATTAN,CALL CENTER REPRESENTATIVE,ACTIVE,39486.00,per Annum,455,9531.60,0,0.00,73.44
2024,858,TECHNOLOGY & INNOVATION,2019-06-03T00:00:00.000,MANHATTAN,IT SECURITY SPECIALIST,CEASED,168938.00,per Annum,0,0.00,0,0.00,77.18
2024,858,TECHNOLOGY & INNOVATION,2018-05-21T00:00:00.000,MANHATTAN,COMMUNITY ASSOCIATE,ACTIVE,49615.00,per Annum,1820,47911.50,1,26.37,79.10
2024,858,TECHNOLOGY & INNOVATION,2022-10-11T00:00:00.000,MANHATTAN,CALL CENTER REPRESENTATIVE,ON LEAVE,43734.00,per Annum,1813,25917.86,0,0.00,115.41
2024,858,TECHNOLOGY & INNOVATION,2022-08-08T00:00:00.000,BROOKLYN,IT AUTOMATION AND MONITORING ENGINEER,ACTIVE,132613.00,per Annum,1820,128058.90,0,0.00,118.00
2024,858,TECHNOLOGY & INNOVATION,2023-06-05T00:00:00.000,BROOKLYN,SUMMER COLLEGE INTERN,CEASED,17.50,per Hour,268.75,4703.16,0,0.00,122.50
2024,858,TECHNOLOGY & INNOVATION,2023-06-26T00:00:00.000,BROOKLYN,SUMMER COLLEGE INTERN,CEASED,17.50,per Hour,343,6002.50,0,0.00,122.50
2024,858,TECHNOLOGY & INNOVATION,2015-02-02T00:00:00.000,BROOKLYN,COMPUTER SYSTEMS MANAGER,ACTIVE,173599.00,per Annum,1820,167638.40,0,0.00,123.75
2024,858,TECHNOLOGY & INNOVATION,2022-06-06T00:00:00.000,BROOKLYN,IT PROJECT SPECIALIST,ACTIVE,127308.00,per Annum,1820,122936.64,0,0.00,124.25
2024,858,TECHNOLOGY & INNOVATION,2006-06-12T00:00:00.000,BROOKLYN,COMPUTER SYSTEMS MANAGER,ACTIVE,156450.00,per Annum,1820,151077.65,29,2743.57,128.73
2024,858,TECHNOLOGY & INNOVATION,2023-11-20T00:00:00.000,BROOKLYN,ADMINISTRATIVE ACCOUNTANT,ACTIVE,103901.00,per Annum,1050,57493.29,0,0.00,134.23
2024,858,TECHNOLOGY & INNOVATION,2012-03-26T00:00:00.000,BROOKLYN,COMPUTER ASSOCIATE,ON LEAVE,66313.00,per Annum,35,1234.60,0,0.00,150.93
2024,858,TECHNOLOGY & INNOVATION,2016-02-22T00:00:00.000,MANHATTAN,COMPUTER SYSTEMS MANAGER,ACTIVE,147265.00,per Annum,1820,142208.69,131.25,13460.28,162.09
2024,858,TECHNOLOGY & INNOVATION,2021-11-15T00:00:00.000,BROOKLYN,COMPUTER SYSTEMS MANAGER,ACTIVE,144821.00,per Annum,1820,139848.44,11,846.54,180.31
2024,858,TECHNOLOGY & INNOVATION,2019-03-18T00:00:00.000,MANHATTAN,IT SECURITY SPECIALIST,CEASED,163788.00,per Annum,0,0.00,0,0.00,201.95
2024,858,TECHNOLOGY & INNOVATION,2023-05-15T00:00:00.000,MANHATTAN,CALL CENTER REPRESENTATIVE,ACTIVE,43734.00,per Annum,1820,37783.23,0,0.00,220.32
2024,858,TECHNOLOGY & INNOVATION,2022-10-03T00:00:00.000,BROOKLYN,TELECOMMUNICATIONS ASSOCIATE,ACTIVE,95866.00,per Annum,1820,92574.51,60,3973.63,230.89
2024,858,TECHNOLOGY & INNOVATION,2023-06-05T00:00:00.000,BROOKLYN,SUMMER COLLEGE INTERN,CEASED,17.50,per Hour,269.5,4716.35,0,0.00,245.00
2024,858,TECHNOLOGY & INNOVATION,2023-06-05T00:00:00.000,BROOKLYN,SUMMER COLLEGE INTERN,CEASED,17.50,per Hour,321.5,5626.25,0,0.00,245.00
2024,858,TECHNOLOGY & INNOVATION,2024-06-24T00:00:00.000,BROOKLYN,SUMMER COLLEGE INTERN,ACTIVE,18.50,per Hour,399,6982.50,0,0.00,245.00
2024,858,TECHNOLOGY & INNOVATION,2020-05-18T00:00:00.000,MANHATTAN,CALL CENTER REPRESENTATIVE,ACTIVE,45409.00,per Annum,1400,33393.85,0,0.00,253.38
2024,858,TECHNOLOGY & INNOVATION,2022-03-07T00:00:00.000,MANHATTAN,PROGRAM PRODUCER,ACTIVE,87474.00,per Annum,1820,76508.77,0,0.00,259.85
2024,858,TECHNOLOGY & INNOVATION,2023-10-23T00:00:00.000,MANHATTAN,CALL CENTER REPRESENTATIVE,ACTIVE,39486.00,per Annum,1190,24871.19,0,0.00,293.76
2024,858,TECHNOLOGY & INNOVATION,2021-10-18T00:00:00.000,MANHATTAN,CALL CENTER REPRESENTATIVE,ACTIVE,45409.00,per Annum,1820,42500.44,24,679.26,319.38
2024,858,TECHNOLOGY & INNOVATION,2023-06-05T00:00:00.000,BROOKLYN,SUMMER GRADUATE INTERN,CEASED,24.73,per Hour,302,7468.46,0,0.00,346.22
2024,858,TECHNOLOGY & INNOVATION,2023-06-12T00:00:00.000,BROOKLYN,SUMMER GRADUATE INTERN,CEASED,24.73,per Hour,403,9966.19,0,0.00,346.22
2024,858,TECHNOLOGY & INNOVATION,2016-07-11T00:00:00.000,MANHATTAN,COMMUNITY COORDINATOR,ACTIVE,83818.00,per Annum,1820,80940.20,197.5,10389.27,347.30
2024,858,TECHNOLOGY & INNOVATION,2021-10-25T00:00:00.000,MANHATTAN,COMMUNITY COORDINATOR,CEASED,88759.00,per Annum,700,33960.14,4.5,217.20,364.35
2024,858,TECHNOLOGY & INNOVATION,2023-10-23T00:00:00.000,MANHATTAN,CALL CENTER REPRESENTATIVE,ACTIVE,39486.00,per Annum,1190,24472.82,0,0.00,367.20
2024,858,TECHNOLOGY & INNOVATION,2023-07-10T00:00:00.000,MANHATTAN,CALL CENTER REPRESENTATIVE,ACTIVE,39486.00,per Annum,1715,35633.52,0,0.00,367.20
2024,858,TECHNOLOGY & INNOVATION,2023-05-22T00:00:00.000,BROOKLYN,ADMINISTRATIVE GRAPHIC ARTIST,ACTIVE,132613.00,per Annum,1820,128295.21,0,0.00,371.25
2024,858,TECHNOLOGY & INNOVATION,2023-03-27T00:00:00.000,MANHATTAN,CALL CENTER REPRESENTATIVE,CEASED,38336.00,per Annum,350,7015.79,0,0.00,414.36
2024,858,TECHNOLOGY & INNOVATION,2018-03-26T00:00:00.000,BROOKLYN,COMPUTER OPERATIONS MANAGER,ACTIVE,136316.00,per Annum,1820,131635.79,0,0.00,469.44
2024,858,TECHNOLOGY & INNOVATION,2022-04-18T00:00:00.000,BROOKLYN,COMPUTER SPECIALIST,ACTIVE,106071.00,per Annum,1820,96177.73,185,11079.13,490.96
2024,858,TECHNOLOGY & INNOVATION,2014-06-30T00:00:00.000,BROOKLYN,COMPUTER SYSTEMS MANAGER,CEASED,189149.00,per Annum,840,101988.34,0,0.00,500.00
2024,858,TECHNOLOGY & INNOVATION,2023-08-21T00:00:00.000,MANHATTAN,CALL CENTER REPRESENTATIVE,ACTIVE,39486.00,per Annum,1505,30605.86,2,41.97,501.35
2024,858,TECHNOLOGY & INNOVATION,2022-12-26T00:00:00.000,MANHATTAN,COMMUNITY COORDINATOR,ACTIVE,81159.00,per Annum,1820,78372.19,52.75,2760.19,549.96
2024,858,TECHNOLOGY & INNOVATION,2016-07-18T00:00:00.000,BROOKLYN,COMPUTER SYSTEMS MANAGER,ACTIVE,185483.00,per Annum,1820,179114.36,31,4041.24,554.59
2024,858,TECHNOLOGY & INNOVATION,2015-11-30T00:00:00.000,BROOKLYN,COMPUTER ASSOCIATE,CEASED,72544.00,per Annum,199.58,7918.00,0,0.00,604.73
2024,858,TECHNOLOGY & INNOVATION,2019-07-08T00:00:00.000,BROOKLYN,SENIOR IT ARCHITECT,ACTIVE,196423.00,per Annum,1820,192923.89,0,0.00,634.75
2024,858,TECHNOLOGY & INNOVATION,2022-09-19T00:00:00.000,BROOKLYN,COMPUTER SYSTEMS MANAGER,ACTIVE,180559.00,per Annum,1820,169150.01,0,0.00,654.93
2024,858,TECHNOLOGY & INNOVATION,2008-06-02T00:00:00.000,BROOKLYN,PRINCIPAL ADMINISTRATIVE ASSOCIATE -  NON SUPVR,CEASED,87194.00,per Annum,630,31148.93,0,0.00,696.35
2024,858,TECHNOLOGY & INNOVATION,2019-08-26T00:00:00.000,MANHATTAN,CALL CENTER REPRESENTATIVE,ACTIVE,45409.00,per Annum,1785,41350.88,45.75,1390.52,709.69
2024,858,TECHNOLOGY & INNOVATION,2016-03-14T00:00:00.000,BROOKLYN,IT PROJECT SPECIALIST,CEASED,107424.00,per Annum,0,0.00,0,0.00,729.66
2024,858,TECHNOLOGY & INNOVATION,2020-03-09T00:00:00.000,MANHATTAN,CALL CENTER REPRESENTATIVE,ACTIVE,45409.00,per Annum,1706.75,41121.10,0,0.00,760.14
2024,858,TECHNOLOGY & INNOVATION,2022-12-05T00:00:00.000,MANHATTAN,CALL CENTER REPRESENTATIVE,ACTIVE,43734.00,per Annum,1820,40316.10,37.5,950.32,766.00
2024,858,TECHNOLOGY & INNOVATION,2017-01-22T00:00:00.000,BROOKLYN,COMPUTER AIDE-NON-SPVR,ACTIVE,53055.00,per Annum,1820,51233.59,3,92.77,5517.65
2024,858,TECHNOLOGY & INNOVATION,2010-08-09T00:00:00.000,MANHATTAN,COMPUTER ASSOCIATE,ACTIVE,94951.00,per Annum,1820,91690.17,8,508.15,5511.24
2024,858,TECHNOLOGY & INNOVATION,2016-08-15T00:00:00.000,BROOKLYN,COMPUTER SPECIALIST,ACTIVE,141969.00,per Annum,1820,137094.26,0,0.00,5511.24
2024,858,TECHNOLOGY & INNOVATION,2013-11-12T00:00:00.000,BROOKLYN,CERTIFIED IT ADMINISTRATOR,ACTIVE,142068.00,per Annum,1820,136927.94,0,0.00,5511.24
2024,858,TECHNOLOGY & INNOVATION,2015-01-05T00:00:00.000,BROOKLYN,COMPUTER SPECIALIST,ACTIVE,140414.00,per Annum,1820,135592.35,0,0.00,5511.24
2024,858,TECHNOLOGY & INNOVATION,2014-12-15T00:00:00.000,BROOKLYN,COMPUTER SPECIALIST,ACTIVE,137859.00,per Annum,1820,133125.74,0,0.00,5511.24
2024,858,TECHNOLOGY & INNOVATION,2015-08-31T00:00:00.000,BROOKLYN,COMPUTER SPECIALIST,ACTIVE,134029.00,per Annum,1820,129426.62,0,0.00,5511.24
2024,858,TECHNOLOGY & INNOVATION,2019-01-28T00:00:00.000,BROOKLYN,COMPUTER SPECIALIST,ACTIVE,120987.00,per Annum,1820,116832.55,0,0.00,5511.24
2024,858,TECHNOLOGY & INNOVATION,2014-04-28T00:00:00.000,BROOKLYN,CERTIFIED IT ADMINISTRATOR,ACTIVE,120602.00,per Annum,1820,116460.46,0,0.00,5511.24
2024,858,TECHNOLOGY & INNOVATION,2018-11-05T00:00:00.000,MANHATTAN,TELECOMMUNICATIONS ASSOCIATE,ACTIVE,75354.00,per Annum,1820,72766.30,0,0.00,5511.24
2024,858,TECHNOLOGY & INNOVATION,2017-01-30T00:00:00.000,BROOKLYN,COMPUTER AIDE-NON-SPVR,ACTIVE,53055.00,per Annum,1820,51233.59,0,0.00,5508.37
2024,858,TECHNOLOGY & INNOVATION,2022-03-21T00:00:00.000,BROOKLYN,COMPUTER ASSOCIATE,ACTIVE,98345.00,per Annum,1820,94968.57,494,36205.24,5119.89
2024,858,TECHNOLOGY & INNOVATION,2023-10-16T00:00:00.000,BROOKLYN,PRINCIPAL ADMINISTRATIVE ASSOCIATE -  NON SUPVR,ACTIVE,77715.00,per Annum,1225,51657.30,0,0.00,5055.24
2024,858,TECHNOLOGY & INNOVATION,2012-07-16T00:00:00.000,MANHATTAN,CALL CENTER REPRESENTATIVE,CEASED,44086.00,per Annum,1190,30358.59,0,0.00,8067.78
2024,858,TECHNOLOGY & INNOVATION,2004-05-03T00:00:00.000,BROOKLYN,CERTIFIED IT ADMINISTRATOR,ACTIVE,135553.00,per Annum,1820,130875.74,34,2953.57,7981.50
2024,858,TECHNOLOGY & INNOVATION,2002-12-17T00:00:00.000,BROOKLYN,PRINCIPAL ADMINISTRATIVE ASSOCIATE -  NON SUPVR,ACTIVE,59618.00,per Annum,1820,61544.50,71.5,2823.63,7920.63
2024,858,TECHNOLOGY & INNOVATION,2010-03-29T00:00:00.000,BROOKLYN,CERTIFIED IT ADMINISTRATOR,ACTIVE,110499.00,per Annum,1820,106705.09,0,0.00,7640.00
2024,858,TECHNOLOGY & INNOVATION,2003-01-06T00:00:00.000,MANHATTAN,ADM MANAGER-NON-MGRL,ACTIVE,86849.00,per Annum,1820,85673.95,56,3165.43,7219.60
2024,858,TECHNOLOGY & INNOVATION,2022-05-09T00:00:00.000,BROOKLYN,AGENCY ATTORNEY,ACTIVE,94538.00,per Annum,1820,96311.00,0,0.00,7217.37
2024,858,TECHNOLOGY & INNOVATION,2016-11-14T00:00:00.000,BROOKLYN,COMPUTER SPECIALIST,ACTIVE,154141.00,per Annum,1820,148847.92,0,0.00,7082.59
2024,858,TECHNOLOGY & INNOVATION,2009-08-03T00:00:00.000,MANHATTAN,CALL CENTER REPRESENTATIVE,ACTIVE,45409.00,per Annum,1820,43680.76,0,0.00,6862.41
2024,858,TECHNOLOGY & INNOVATION,2003-01-06T00:00:00.000,MANHATTAN,ADM MANAGER-NON-MGRL,ACTIVE,86742.00,per Annum,1820,82993.22,0,0.00,6779.02
2024,858,TECHNOLOGY & INNOVATION,2005-08-29T00:00:00.000,BROOKLYN,TELECOMMUNICATIONS ASSOCIATE,ACTIVE,76662.00,per Annum,1820,74006.63,0,0.00,6771.02
2024,858,TECHNOLOGY & INNOVATION,2005-05-23T00:00:00.000,MANHATTAN,CALL CENTER REPRESENTATIVE,ACTIVE,45483.00,per Annum,1820,43898.02,0,0.00,6526.04
2024,858,TECHNOLOGY & INNOVATION,1995-07-03T00:00:00.000,BROOKLYN,COMPUTER SPECIALIST,ON SEPARATION LEAVE,106573.00,per Annum,1820,102890.77,0,0.00,6331.67
2024,858,TECHNOLOGY & INNOVATION,2008-02-04T00:00:00.000,BROOKLYN,CERTIFIED IT DEVELOPER,ACTIVE,157595.00,per Annum,1820,152160.90,0,0.00,6323.93
2024,858,TECHNOLOGY & INNOVATION,2023-05-15T00:00:00.000,BROOKLYN,CERTIFIED IT ADMINISTRATOR,ACTIVE,145993.00,per Annum,1820,140980.33,81,8131.95,6311.45
2024,858,TECHNOLOGY & INNOVATION,2015-08-24T00:00:00.000,BROOKLYN,COMPUTER SPECIALIST,ACTIVE,136087.00,per Annum,1820,131391.11,0,0.00,6306.92
2024,858,TECHNOLOGY & INNOVATION,2017-10-09T00:00:00.000,BROOKLYN,CERTIFIED IT ADMINISTRATOR,ACTIVE,128193.00,per Annum,1820,124224.69,0,0.00,6306.92
2024,858,TECHNOLOGY & INNOVATION,2003-01-06T00:00:00.000,MANHATTAN,TELECOMMUNICATIONS ASSOCIATE,ACTIVE,60586.00,per Annum,1820,58482.33,0,0.00,6306.92
2024,858,TECHNOLOGY & INNOVATION,2008-07-28T00:00:00.000,BROOKLYN,COMPUTER SPECIALIST,ACTIVE,106071.00,per Annum,1820,102429.22,0,0.00,6227.66
2024,858,TECHNOLOGY & INNOVATION,2003-03-03T00:00:00.000,MANHATTAN,ADMINISTRATIVE STAFF ANALYST,ACTIVE,169215.00,per Annum,1820,179443.53,0,0.00,6177.25
2024,858,TECHNOLOGY & INNOVATION,2004-11-15T00:00:00.000,MANHATTAN,ADM MANAGER-NON-MGRL,ACTIVE,128871.00,per Annum,1820,131328.32,18.5,1456.69,6166.28
2024,858,TECHNOLOGY & INNOVATION,2004-07-06T00:00:00.000,MANHATTAN,TELECOMMUNICATIONS ASSOCIATE,ACTIVE,98525.00,per Annum,1820,95118.61,561.75,45227.90,20468.08
2024,858,TECHNOLOGY & INNOVATION,2016-04-11T00:00:00.000,BROOKLYN,CERTIFIED IT ADMINISTRATOR,ACTIVE,112078.00,per Annum,1820,108229.88,0,0.00,19064.94
2024,858,TECHNOLOGY & INNOVATION,2007-10-01T00:00:00.000,MANHATTAN,ADM MANAGER-NON-MGRL,ACTIVE,86580.00,per Annum,1820,85365.03,275,15310.42,16690.83
2024,858,TECHNOLOGY & INNOVATION,2018-05-29T00:00:00.000,BROOKLYN,CERTIFIED IT ADMINISTRATOR,ACTIVE,124464.00,per Annum,1820,120190.51,1,69.17,15216.17
2024,858,TECHNOLOGY & INNOVATION,2016-10-31T00:00:00.000,BROOKLYN,COMPUTER SPECIALIST,ACTIVE,119698.00,per Annum,1820,115588.33,28,2132.48,15084.68
2024,858,TECHNOLOGY & INNOVATION,2004-05-12T00:00:00.000,BROOKLYN,CERTIFIED IT ADMINISTRATOR,ACTIVE,145128.00,per Annum,1820,140121.98,0.5,40.28,14064.24
2024,858,TECHNOLOGY & INNOVATION,2016-03-07T00:00:00.000,BROOKLYN,COMPUTER ASSOCIATE,ACTIVE,94951.00,per Annum,1820,91690.17,207,14491.72,13797.08
2024,858,TECHNOLOGY & INNOVATION,2003-07-21T00:00:00.000,MANHATTAN,SUPERVISOR OF RADIO AND TELEVISION OPERATORS,ACTIVE,86710.00,per Annum,1820,81961.42,495,32254.53,12272.40
2024,858,TECHNOLOGY & INNOVATION,2017-06-12T00:00:00.000,BROOKLYN,CERTIFIED IT ADMINISTRATOR,ACTIVE,128162.00,per Annum,1820,123761.19,0,0.00,12233.79
2024,858,TECHNOLOGY & INNOVATION,2010-08-30T00:00:00.000,MANHATTAN,BUSINESS PROMOTION COORDINATOR,ACTIVE,84614.00,per Annum,1820,81698.08,0,0.00,11316.91
2024,858,TECHNOLOGY & INNOVATION,2006-07-17T00:00:00.000,BROOKLYN,CERTIFIED IT ADMINISTRATOR,ACTIVE,112127.00,per Annum,1820,108253.79,0,0.00,11041.07
2024,858,TECHNOLOGY & INNOVATION,2018-07-02T00:00:00.000,BROOKLYN,COMPUTER SPECIALIST,ACTIVE,131981.00,per Annum,1820,127449.38,0,0.00,10409.87
2024,858,TECHNOLOGY & INNOVATION,2004-06-28T00:00:00.000,BROOKLYN,ASSOCIATE STAFF ANALYST,ACTIVE,89503.00,per Annum,1820,95107.88,0,18.68,9772.81
2024,858,TECHNOLOGY & INNOVATION,2004-06-21T00:00:00.000,MANHATTAN,TELECOMMUNICATIONS ASSOCIATE,ACTIVE,91067.00,per Annum,1820,87916.68,0,0.00,9716.60
2024,858,TECHNOLOGY & INNOVATION,2022-09-05T00:00:00.000,BROOKLYN,TELECOMMUNICATIONS ASSOCIATE,ACTIVE,90323.00,per Annum,1820,87198.49,4.5,231.55,9526.55
2024,858,TECHNOLOGY & INNOVATION,2005-10-24T00:00:00.000,MANHATTAN,TELECOMMUNICATIONS ASSOCIATE,ACTIVE,96310.00,per Annum,1820,92980.17,0,0.00,8738.30
2024,858,TECHNOLOGY & INNOVATION,2005-07-11T00:00:00.000,BROOKLYN,CERTIFIED IT ADMINISTRATOR,ACTIVE,106146.00,per Annum,1820,102478.11,0,0.00,8300.33
2024,858,TECHNOLOGY & INNOVATION,2008-11-10T00:00:00.000,MANHATTAN,ASSOCIATE CALL CENTER REPRESENTATIVE-NON-SPVR,ACTIVE,61452.00,per Annum,1820,63692.94,0,0.00,5967.80
2024,858,TECHNOLOGY & INNOVATION,2013-04-29T00:00:00.000,MANHATTAN,DIRECTOR OF TELEVISION,ACTIVE,72168.00,per Annum,1820,69645.21,76,3532.41,5916.62
2024,858,TECHNOLOGY & INNOVATION,2015-03-30T00:00:00.000,BROOKLYN,COMPUTER SPECIALIST,ACTIVE,146794.00,per Annum,1820,141753.12,31,2998.47,5765.88
2024,858,TECHNOLOGY & INNOVATION,2006-05-08T00:00:00.000,BROOKLYN,ADMINISTRATIVE STAFF ANALYST,ACTIVE,112871.00,per Annum,1820,119729.26,0,0.00,5655.65
2024,858,TECHNOLOGY & INNOVATION,2009-05-24T00:00:00.000,MANHATTAN,CALL CENTER REPRESENTATIVE,ACTIVE,47566.00,per Annum,1820,45909.31,12,339.60,5622.26
2024,858,TECHNOLOGY & INNOVATION,2011-06-13T00:00:00.000,BROOKLYN,CERTIFIED IT ADMINISTRATOR,ACTIVE,133487.00,per Annum,1820,128903.45,0,0.00,5618.49
2024,858,TECHNOLOGY & INNOVATION,2015-08-10T00:00:00.000,BROOKLYN,COMPUTER SPECIALIST,ACTIVE,134029.00,per Annum,1820,129426.62,0,0.00,5615.84
2024,858,TECHNOLOGY & INNOVATION,2017-05-30T00:00:00.000,BROOKLYN,COMPUTER ASSOCIATE,ACTIVE,124534.00,per Annum,1820,120258.13,12.25,925.69,5591.26
2024,858,TECHNOLOGY & INNOVATION,2015-08-31T00:00:00.000,BROOKLYN,COMPUTER SPECIALIST,ACTIVE,140414.00,per Annum,1820,135592.35,20,1669.46,5581.12
2024,858,TECHNOLOGY & INNOVATION,2018-07-02T00:00:00.000,BROOKLYN,CERTIFIED IT ADMINISTRATOR,ACTIVE,139872.00,per Annum,1820,135069.17,24.25,2127.42,5578.52
2024,858,TECHNOLOGY & INNOVATION,2015-09-28T00:00:00.000,BROOKLYN,CERTIFIED IT ADMINISTRATOR,ACTIVE,145937.00,per Annum,1820,140925.47,69,6527.33,5560.74
2024,858,TECHNOLOGY & INNOVATION,2015-10-05T00:00:00.000,BROOKLYN,CERTIFIED IT ADMINISTRATOR,ACTIVE,106071.00,per Annum,1820,102429.22,0,0.00,5554.99
2024,858,TECHNOLOGY & INNOVATION,2017-05-01T00:00:00.000,BROOKLYN,COMPUTER SPECIALIST,ACTIVE,129122.00,per Annum,1820,124688.18,0,0.00,5544.24
2024,858,TECHNOLOGY & INNOVATION,2017-09-25T00:00:00.000,BROOKLYN,CERTIFIED IT ADMINISTRATOR,ACTIVE,145088.00,per Annum,1820,140105.87,18,1442.40,5528.74
2024,858,TECHNOLOGY & INNOVATION,2019-05-20T00:00:00.000,BROOKLYN,COMPUTER SPECIALIST,ACTIVE,127885.00,per Annum,1820,123493.62,0,0.00,5527.74
2024,858,TECHNOLOGY & INNOVATION,2015-09-14T00:00:00.000,BROOKLYN,COMPUTER SPECIALIST,ACTIVE,119330.00,per Annum,1820,115232.10,0,0.00,5527.74
2024,858,TECHNOLOGY & INNOVATION,1999-04-20T00:00:00.000,BROOKLYN,CLERICAL ASSOCIATE,ACTIVE,63708.00,per Annum,1820,62633.75,0,0.00,5523.20
2024,858,TECHNOLOGY & INNOVATION,2009-05-24T00:00:00.000,MANHATTAN,CALL CENTER REPRESENTATIVE,ACTIVE,47502.00,per Annum,1820,45847.68,0,0.00,5523.20
