fiscal_year,payroll_number,agency_name,agency_start_date,work_location_borough,title_description,leave_status_as_of_june_30,base_salary,pay_basis,regular_hours,regular_gross_paid,ot_hours,total_ot_paid,total_other_pay
2022,67,ADMIN FOR CHILDREN'S SVCS,2017-04-10T00:00:00.000,MANHATTAN,CHILD PROTECTIVE SPECIALIST,ACTIVE,60327.00,per Annum,1820,60161.66,16.5,670.46,1764.03
2022,67,ADMIN FOR CHILDREN'S SVCS,1996-06-23T00:00:00.000,MANHATTAN,*CERTIFIED LOCAL AREA NETWORK ADMINISTRATOR,ACTIVE,122075.00,per Annum,1820,121740.58,11,789.18,6107.13
2022,67,ADMIN FOR CHILDREN'S SVCS,2018-09-20T00:00:00.000,MANHATTAN,EXECUTIVE AGENCY COUNSEL,ACTIVE,198000.00,per Annum,1820,197457.52,0,0.00,0.00
2022,67,ADMIN FOR CHILDREN'S SVCS,2008-01-14T00:00:00.000,BROOKLYN,CHILD PROTECTIVE SPECIALIST,ACTIVE,60327.00,per Annum,1820,60161.66,20,706.17,4217.42
2022,67,ADMIN FOR CHILDREN'S SVCS,2022-05-23T00:00:00.000,QUEENS,CHILD PROTECTIVE SPECIALIST,ACTIVE,50757.00,per Annum,140,3893.68,0,0.00,0.00
2022,67,ADMIN FOR CHILDREN'S SVCS,2007-06-04T00:00:00.000,BRONX,CHILD PROTECTIVE SPECIALIST,ACTIVE,60327.00,per Annum,1820,60161.66,257.5,11562.46,30623.60
2022,67,ADMIN FOR CHILDREN'S SVCS,2017-04-17T00:00:00.000,MANHATTAN,CHILD WELFARE SPECIALIST,ACTIVE,60851.00,per Annum,1820,58632.86,0,0.00,1690.27
2022,67,ADMIN FOR CHILDREN'S SVCS,2021-08-23T00:00:00.000,BRONX,CHILD PROTECTIVE SPECIALIST,CEASED,50757.00,per Annum,840,23362.01,25.25,757.05,58.25
2022,67,ADMIN FOR CHILDREN'S SVCS,2017-06-26T00:00:00.000,RICHMOND,CHILD PROTECTIVE SPECIALIST,ACTIVE,60327.00,per Annum,1820,60161.66,34,1217.84,2343.95
2022,67,ADMIN FOR CHILDREN'S SVCS,2018-10-29T00:00:00.000,BRONX,CHILD PROTECTIVE SPECIALIST,ACTIVE,60327.00,per Annum,1820,60161.66,229.75,8789.87,1434.34
2022,67,ADMIN FOR CHILDREN'S SVCS,2016-05-16T00:00:00.000,BRONX,CHILD PROTECTIVE SPECIALIST,ACTIVE,60327.00,per Annum,1820,60161.66,53.75,1864.46,3174.37
2022,67,ADMIN FOR CHILDREN'S SVCS,2007-02-20T00:00:00.000,MANHATTAN,CHILD PROTECTIVE SPECIALIST SUPERVISOR,CEASED,67392.00,per Annum,546,14992.26,13.5,646.39,4361.40
2022,67,ADMIN FOR CHILDREN'S SVCS,2001-07-02T00:00:00.000,MANHATTAN,ADM MANAGER-NON-MGRL,ACTIVE,74123.00,per Annum,1820,73885.45,0,0.00,1764.36
2022,67,ADMIN FOR CHILDREN'S SVCS,1999-09-27T00:00:00.000,BROOKLYN,CHILD PROTECTIVE SPECIALIST SUPERVISOR,ACTIVE,86138.00,per Annum,1820,85901.92,108.25,5897.62,5281.29
2022,67,ADMIN FOR CHILDREN'S SVCS,2016-11-07T00:00:00.000,MANHATTAN,CITY RESEARCH SCIENTIST,ACTIVE,110000.00,per Annum,1820,109698.68,0,0.00,752.88
2022,67,ADMIN FOR CHILDREN'S SVCS,1996-06-23T00:00:00.000,MANHATTAN,ADMINISTRATIVE DIRECTOR OF SOCIAL SERVICES,ACTIVE,93459.00,per Annum,1820,93202.98,0,0.00,1417.00
2022,67,ADMIN FOR CHILDREN'S SVCS,2011-10-24T00:00:00.000,MANHATTAN,CHILD PROTECTIVE SPECIALIST,ON LEAVE,60327.00,per Annum,1591.5,52608.24,0,0.00,24773.10
2022,67,ADMIN FOR CHILDREN'S SVCS,2013-07-01T00:00:00.000,MANHATTAN,COMMUNITY ASSOCIATE,ACTIVE,49991.00,per Annum,1820,47790.15,0,0.00,0.00
2022,67,ADMIN FOR CHILDREN'S SVCS,2018-10-01T00:00:00.000,BRONX,YOUTH DEVELOPMENT SPECIALIST,CEASED,52877.00,per Annum,140,4201.16,0,0.00,0.00
2022,67,ADMIN FOR CHILDREN'S SVCS,2019-07-22T00:00:00.000,MANHATTAN,CHILD PROTECTIVE SPECIALIST,ON LEAVE,60327.00,per Annum,1645,56522.18,69.25,2925.66,447.43
2022,67,ADMIN FOR CHILDREN'S SVCS,2016-08-08T00:00:00.000,QUEENS,CHILD PROTECTIVE SPECIALIST,ACTIVE,60327.00,per Annum,1820,60161.66,254,9809.78,2432.87
2022,67,ADMIN FOR CHILDREN'S SVCS,2015-06-01T00:00:00.000,MANHATTAN,ADMINISTRATIVE STAFF ANALYST,ACTIVE,129158.00,per Annum,1820,147555.92,0,0.00,3510.36
2022,67,ADMIN FOR CHILDREN'S SVCS,2000-06-26T00:00:00.000,MANHATTAN,SUPERVISING SPECIAL OFFICER,ACTIVE,55906.00,per Annum,2080,55752.84,325,13169.23,2267.47
2022,67,ADMIN FOR CHILDREN'S SVCS,2022-02-28T00:00:00.000,BRONX,CHILD PROTECTIVE SPECIALIST,ACTIVE,50757.00,per Annum,560,15574.72,37.5,1118.17,16.50
2022,67,ADMIN FOR CHILDREN'S SVCS,1996-06-23T00:00:00.000,BROOKLYN,CHILD PROTECTIVE SPECIALIST SUPERVISOR,ACTIVE,92284.00,per Annum,1820,92031.16,2.75,146.40,4976.33
2022,67,ADMIN FOR CHILDREN'S SVCS,2006-06-05T00:00:00.000,MANHATTAN,CHILD PROTECTIVE SPECIALIST,CEASED,60327.00,per Annum,1711.35,56570.05,4,142.99,4715.34
2022,67,ADMIN FOR CHILDREN'S SVCS,1996-06-23T00:00:00.000,MANHATTAN,DIRECTOR OF FIELD OPERATIONS,ACTIVE,115927.00,per Annum,1820,115609.51,0,0.00,2220.80
2022,67,ADMIN FOR CHILDREN'S SVCS,2018-04-23T00:00:00.000,BROOKLYN,CHILD PROTECTIVE SPECIALIST,ACTIVE,60327.00,per Annum,1820,60161.66,46.25,1667.66,1785.16
2022,67,ADMIN FOR CHILDREN'S SVCS,1999-09-27T00:00:00.000,QUEENS,CHILD PROTECTIVE SPECIALIST,CEASED,54744.00,per Annum,0,0.00,0,0.00,10262.46
2022,67,ADMIN FOR CHILDREN'S SVCS,2000-06-05T00:00:00.000,MANHATTAN,CLERICAL ASSOCIATE,CEASED,37836.00,per Annum,200.52,4156.99,0,0.00,709.88
2022,67,ADMIN FOR CHILDREN'S SVCS,2007-12-03T00:00:00.000,MANHATTAN,CHILD PROTECTIVE SPECIALIST SUPERVISOR,ACTIVE,86096.00,per Annum,1820,85860.06,0,0.00,26067.13
2022,67,ADMIN FOR CHILDREN'S SVCS,2016-10-31T00:00:00.000,BRONX,CONGREG CARE SPEC - ACS,ACTIVE,42731.00,per Annum,1820,42613.99,0,0.00,0.00
2022,67,ADMIN FOR CHILDREN'S SVCS,1996-06-23T00:00:00.000,MANHATTAN,CHILD PROTECTIVE SPECIALIST,ACTIVE,60351.00,per Annum,1820,60185.59,0,0.00,4984.84
2022,67,ADMIN FOR CHILDREN'S SVCS,1996-06-23T00:00:00.000,BRONX,CHILD PROTECTIVE SPECIALIST SUPERVISOR,ACTIVE,67434.00,per Annum,1820,73945.24,406.25,21571.53,27928.19
2022,67,ADMIN FOR CHILDREN'S SVCS,2006-03-20T00:00:00.000,QUEENS,CHILD PROTECTIVE SPECIALIST,ACTIVE,60327.00,per Annum,1820,60161.66,0,0.00,29020.95
2022,67,ADMIN FOR CHILDREN'S SVCS,2016-06-06T00:00:00.000,MANHATTAN,SUPERVISOR OF NURSES,CEASED,95482.00,per Annum,400,17906.63,0,0.00,3284.53
2022,67,ADMIN FOR CHILDREN'S SVCS,2021-06-21T00:00:00.000,BRONX,SPECIAL OFFICER,ACTIVE,34834.00,per Annum,1920,31797.51,179,4581.66,3400.74
2022,67,ADMIN FOR CHILDREN'S SVCS,2016-08-08T00:00:00.000,BROOKLYN,CHILD PROTECTIVE SPECIALIST,ACTIVE,60327.00,per Annum,1820,60161.66,27,1273.21,2994.66
2022,67,ADMIN FOR CHILDREN'S SVCS,1996-06-23T00:00:00.000,MANHATTAN,CHILD WELFARE SPECIALIST,ACTIVE,65245.00,per Annum,1820,65066.30,643.25,33148.29,6083.11
2022,67,ADMIN FOR CHILDREN'S SVCS,2019-02-04T00:00:00.000,MANHATTAN,CHILD PROTECTIVE SPECIALIST,CEASED,60327.00,per Annum,1431.42,47316.61,33.75,1330.98,959.89
2022,67,ADMIN FOR CHILDREN'S SVCS,2005-08-01T00:00:00.000,MANHATTAN,CHILD PROTECTIVE SPECIALIST,ACTIVE,60327.00,per Annum,1820,60161.66,792.5,39862.72,33130.24
2022,67,ADMIN FOR CHILDREN'S SVCS,2000-02-28T00:00:00.000,BRONX,CHILD PROTECTIVE SPECIALIST,ACTIVE,60351.00,per Annum,1820,60185.59,0,0.00,26840.07
2022,67,ADMIN FOR CHILDREN'S SVCS,2017-10-16T00:00:00.000,BRONX,CHILD PROTECTIVE SPECIALIST,ACTIVE,60327.00,per Annum,1820,60161.66,241.5,9853.15,2570.22
2022,67,ADMIN FOR CHILDREN'S SVCS,2000-02-28T00:00:00.000,MANHATTAN,CHILD PROTECTIVE SPECIALIST,ACTIVE,60351.00,per Annum,1820,60185.59,2,71.52,10816.77
2022,67,ADMIN FOR CHILDREN'S SVCS,2006-07-10T00:00:00.000,BRONX,TELECOMMUNICATIONS ASSOCIATE,ACTIVE,60292.00,per Annum,1890,62208.13,0,0.00,5456.94
2022,67,ADMIN FOR CHILDREN'S SVCS,2019-01-02T00:00:00.000,MANHATTAN,SPECIAL ASSISTANT TO THE HUMAN RESOURCES ADMINISTRATOR,ACTIVE,143000.00,per Annum,1820,139865.72,0,0.00,2490.40
2022,67,ADMIN FOR CHILDREN'S SVCS,2006-06-05T00:00:00.000,MANHATTAN,CHILD WELFARE SPECIALIST SUPERVISOR,CEASED,81126.00,per Annum,490,21781.76,0,0.00,3862.16
2022,67,ADMIN FOR CHILDREN'S SVCS,2008-08-11T00:00:00.000,BRONX,CHILD PROTECTIVE SPECIALIST,ACTIVE,60327.00,per Annum,1820,60161.66,142,5455.20,26798.17
2022,67,ADMIN FOR CHILDREN'S SVCS,2022-05-23T00:00:00.000,QUEENS,CHILD PROTECTIVE SPECIALIST,ACTIVE,50757.00,per Annum,210,5173.04,0,0.00,0.00
2022,67,ADMIN FOR CHILDREN'S SVCS,2015-03-09T00:00:00.000,MANHATTAN,PROTECTION AGENT,ACTIVE,66809.00,per Annum,1424,45613.43,2,95.99,0.00
2022,67,ADMIN FOR CHILDREN'S SVCS,2004-01-26T00:00:00.000,MANHATTAN,CLERICAL ASSOCIATE,ACTIVE,50402.00,per Annum,1820,50263.97,218,8116.57,5512.31
2022,67,ADMIN FOR CHILDREN'S SVCS,1999-06-28T00:00:00.000,MANHATTAN,CHILD PROTECTIVE SPECIALIST SUPERVISOR,ACTIVE,67392.00,per Annum,1820,87657.75,190,10983.17,27550.81
2022,67,ADMIN FOR CHILDREN'S SVCS,2007-09-10T00:00:00.000,QUEENS,CHILD PROTECTIVE SPECIALIST,ACTIVE,60327.00,per Annum,1820,60161.66,206,9008.83,29791.29
2022,67,ADMIN FOR CHILDREN'S SVCS,2017-11-13T00:00:00.000,MANHATTAN,CHILD PROTECTIVE SPECIALIST,CEASED,60327.00,per Annum,1117.68,36945.78,118,5524.93,1187.89
2022,67,ADMIN FOR CHILDREN'S SVCS,1998-04-13T00:00:00.000,BRONX,CHILD PROTECTIVE SPECIALIST,ACTIVE,60351.00,per Annum,1820,60185.59,304.5,13700.55,5968.26
2022,67,ADMIN FOR CHILDREN'S SVCS,2013-02-04T00:00:00.000,MANHATTAN,COMPUTER SYSTEMS MANAGER,ACTIVE,108741.00,per Annum,1820,108443.14,0,0.00,29.75
2022,67,ADMIN FOR CHILDREN'S SVCS,1996-06-23T00:00:00.000,MANHATTAN,CHILD PROTECTIVE SPECIALIST SUPERVISOR,CEASED,80392.00,per Annum,0,0.00,0,0.00,10303.01
2022,67,ADMIN FOR CHILDREN'S SVCS,1997-09-29T00:00:00.000,MANHATTAN,ADMINISTRATIVE DIRECTOR OF SOCIAL SERVICES,CEASED,91311.00,per Annum,1260,63042.12,0,0.00,9630.50
2022,67,ADMIN FOR CHILDREN'S SVCS,2020-03-30T00:00:00.000,BROOKLYN,SUPERVISING COMPUTER SERVICE TECHNICIAN,ACTIVE,70691.00,per Annum,1820,63347.85,150,5990.67,1016.50
2022,67,ADMIN FOR CHILDREN'S SVCS,2021-12-20T00:00:00.000,BRONX,YOUTH DEVELOPMENT SPECIALIST,CEASED,45759.00,per Annum,630,14471.41,121,3428.79,630.61
2022,67,ADMIN FOR CHILDREN'S SVCS,2016-06-13T00:00:00.000,MANHATTAN,CHILD PROTECTIVE SPECIALIST,ACTIVE,60327.00,per Annum,1820,60161.66,339.5,14578.45,2930.14
2022,67,ADMIN FOR CHILDREN'S SVCS,2016-08-08T00:00:00.000,QUEENS,CHILD PROTECTIVE SPECIALIST,ACTIVE,60327.00,per Annum,1820,60161.66,314.75,13142.76,4304.81
2022,67,ADMIN FOR CHILDREN'S SVCS,2019-05-13T00:00:00.000,MANHATTAN,EXECUTIVE AGENCY COUNSEL,ACTIVE,140000.00,per Annum,1820,131708.30,0,0.00,2603.51
2022,67,ADMIN FOR CHILDREN'S SVCS,1996-12-23T00:00:00.000,MANHATTAN,DIRECTOR OF FIELD OPERATIONS,ACTIVE,123129.00,per Annum,1820,123928.04,0,0.00,2358.80
2022,67,ADMIN FOR CHILDREN'S SVCS,2021-08-23T00:00:00.000,BRONX,CHILD PROTECTIVE SPECIALIST,ACTIVE,55125.00,per Annum,1505,43245.25,231.75,8151.24,54.05
2022,67,ADMIN FOR CHILDREN'S SVCS,2011-07-04T00:00:00.000,MANHATTAN,ASSOCIATE YOUTH DEVELOPMENT SPECIALIST,ON SEPARATION LEAVE,70205.00,per Annum,1820,72512.71,57,2460.63,5215.26
2022,67,ADMIN FOR CHILDREN'S SVCS,2021-10-25T00:00:00.000,MANHATTAN,MOTOR VEHICLE OPERATOR,ACTIVE,39963.00,per Annum,1360,25898.15,44.75,1317.27,911.20
2022,67,ADMIN FOR CHILDREN'S SVCS,2007-09-10T00:00:00.000,QUEENS,CHILD PROTECTIVE SPECIALIST,ACTIVE,60327.00,per Annum,1295,37339.38,21.75,767.97,25909.14
2022,67,ADMIN FOR CHILDREN'S SVCS,2016-07-11T00:00:00.000,MANHATTAN,COMMUNITY COORDINATOR,ACTIVE,80000.00,per Annum,1820,77632.86,0,0.00,0.00
2022,67,ADMIN FOR CHILDREN'S SVCS,2019-09-16T00:00:00.000,MANHATTAN,EXECUTIVE AGENCY COUNSEL,ACTIVE,113300.00,per Annum,1820,107458.53,0,0.00,2348.20
2022,67,ADMIN FOR CHILDREN'S SVCS,2018-06-25T00:00:00.000,MANHATTAN,CONGREG CARE SPEC - ACS,ACTIVE,42731.00,per Annum,1428,32396.40,14.75,344.99,215.30
2022,67,ADMIN FOR CHILDREN'S SVCS,2019-05-20T00:00:00.000,BROOKLYN,CHILD WELFARE SPECIALIST SUPERVISOR,ACTIVE,81126.00,per Annum,1820,80903.68,27.25,1475.04,910.26
2022,67,ADMIN FOR CHILDREN'S SVCS,2018-10-29T00:00:00.000,QUEENS,CHILD PROTECTIVE SPECIALIST,ACTIVE,60327.00,per Annum,1820,60045.96,130,5283.86,2019.85
2022,67,ADMIN FOR CHILDREN'S SVCS,1996-06-23T00:00:00.000,MANHATTAN,DIRECTOR OF FIELD OPERATIONS,CEASED,102226.00,per Annum,364,20389.11,0,0.00,11462.57
2022,67,ADMIN FOR CHILDREN'S SVCS,2019-02-04T00:00:00.000,BRONX,CHILD PROTECTIVE SPECIALIST,ACTIVE,60327.00,per Annum,1820,60161.66,411,17495.98,1104.90
2022,67,ADMIN FOR CHILDREN'S SVCS,2021-03-15T00:00:00.000,BRONX,YOUTH DEVELOPMENT SPECIALIST,ON LEAVE,45759.00,per Annum,560,12153.37,8.5,237.95,304.92
2022,67,ADMIN FOR CHILDREN'S SVCS,2003-10-06T00:00:00.000,QUEENS,ADM MANAGER-NON-MGRL,ACTIVE,74123.00,per Annum,1820,73322.57,146.5,6606.20,30135.25
2022,67,ADMIN FOR CHILDREN'S SVCS,2019-01-02T00:00:00.000,MANHATTAN,STRATEGIC INITIATIVE SPECIALIST,CEASED,92700.00,per Annum,875,44445.09,0,0.00,4779.08
2022,67,ADMIN FOR CHILDREN'S SVCS,2021-12-20T00:00:00.000,BROOKLYN,YOUTH DEVELOPMENT SPECIALIST,ACTIVE,45759.00,per Annum,910,23631.53,130.25,4502.62,70.76
2022,67,ADMIN FOR CHILDREN'S SVCS,2022-03-28T00:00:00.000,BRONX,YOUTH DEVELOPMENT SPECIALIST,CEASED,45759.00,per Annum,350,8501.91,22.5,619.88,129.00
2022,67,ADMIN FOR CHILDREN'S SVCS,2022-02-28T00:00:00.000,BROOKLYN,CHILD PROTECTIVE SPECIALIST,ACTIVE,50757.00,per Annum,560,15498.24,2,55.56,16.50
2022,67,ADMIN FOR CHILDREN'S SVCS,2009-02-01T00:00:00.000,MANHATTAN,ELECTRICIAN,ACTIVE,440.16,per Day,1820,113967.63,489.5,46136.70,924.44
2022,67,ADMIN FOR CHILDREN'S SVCS,2018-08-06T00:00:00.000,MANHATTAN,CHILD PROTECTIVE SPECIALIST,ACTIVE,60327.00,per Annum,1820,60161.66,9,305.53,2044.40
2022,67,ADMIN FOR CHILDREN'S SVCS,2011-07-04T00:00:00.000,MANHATTAN,OMBUDSMAN,ACTIVE,73024.00,per Annum,1820,85536.33,0,61.79,2192.51
2022,67,ADMIN FOR CHILDREN'S SVCS,2019-02-04T00:00:00.000,BROOKLYN,CHILD PROTECTIVE SPECIALIST,ACTIVE,60327.00,per Annum,1820,57153.59,239.75,9927.02,1297.02
2022,67,ADMIN FOR CHILDREN'S SVCS,1996-06-23T00:00:00.000,MANHATTAN,CHILD WELFARE SPECIALIST SUPERVISOR,ACTIVE,81233.00,per Annum,1820,81010.54,0,0.00,4968.34
2022,67,ADMIN FOR CHILDREN'S SVCS,2000-07-17T00:00:00.000,MANHATTAN,ADMINISTRATIVE STAFF ANALYST,ACTIVE,80937.00,per Annum,1820,90757.10,0,439.64,4847.30
2022,67,ADMIN FOR CHILDREN'S SVCS,2007-07-16T00:00:00.000,QUEENS,CHILD PROTECTIVE SPECIALIST SUPERVISOR,ACTIVE,67392.00,per Annum,1820,67207.40,140,7076.11,26655.87
2022,67,ADMIN FOR CHILDREN'S SVCS,2015-02-09T00:00:00.000,BROOKLYN,CHILD PROTECTIVE SPECIALIST,ACTIVE,60327.00,per Annum,1820,60161.66,237.75,9372.72,2787.84
2022,67,ADMIN FOR CHILDREN'S SVCS,2021-05-17T00:00:00.000,QUEENS,YOUTH DEVELOPMENT SPECIALIST,CEASED,45759.00,per Annum,-33.75,-909.01,0,0.00,0.00
2022,67,ADMIN FOR CHILDREN'S SVCS,2019-07-22T00:00:00.000,MANHATTAN,CHILD PROTECTIVE SPECIALIST,ACTIVE,60327.00,per Annum,1820,60026.21,143.25,6236.50,1092.00
2022,67,ADMIN FOR CHILDREN'S SVCS,2018-02-05T00:00:00.000,QUEENS,CHILD PROTECTIVE SPECIALIST,ACTIVE,60327.00,per Annum,1820,60161.66,141.25,5138.76,2299.94
2022,67,ADMIN FOR CHILDREN'S SVCS,2021-06-28T00:00:00.000,BROOKLYN,YOUTH DEVELOPMENT SPECIALIST,ACTIVE,45759.00,per Annum,1646.5,42429.26,206.75,7073.61,3452.04
2022,67,ADMIN FOR CHILDREN'S SVCS,2018-08-06T00:00:00.000,MANHATTAN,CHILD PROTECTIVE SPECIALIST,ACTIVE,60327.00,per Annum,1750,60161.66,66.75,2417.88,1600.49
2022,67,ADMIN FOR CHILDREN'S SVCS,2018-12-17T00:00:00.000,BROOKLYN,YOUTH DEVELOPMENT SPECIALIST,ACTIVE,55928.00,per Annum,1750,54107.41,598,26571.31,11167.48
2022,67,ADMIN FOR CHILDREN'S SVCS,1998-10-12T00:00:00.000,MANHATTAN,CHILD PROTECTIVE SPECIALIST SUPERVISOR,CEASED,86384.00,per Annum,514.45,24350.71,0,0.00,23714.04
2022,67,ADMIN FOR CHILDREN'S SVCS,2020-01-06T00:00:00.000,MANHATTAN,SPECIAL OFFICER,ACTIVE,35985.00,per Annum,2080,35851.81,195.25,5112.08,5049.59
2022,67,ADMIN FOR CHILDREN'S SVCS,2007-08-13T00:00:00.000,BRONX,CHILD PROTECTIVE SPECIALIST SUPERVISOR,ACTIVE,86096.00,per Annum,1820,85860.06,93.25,4854.87,25777.86
2022,67,ADMIN FOR CHILDREN'S SVCS,2019-11-25T00:00:00.000,BROOKLYN,SPECIAL OFFICER,ACTIVE,37136.00,per Annum,1108.57,19164.16,32,583.24,1997.82
2022,67,ADMIN FOR CHILDREN'S SVCS,2014-10-06T00:00:00.000,MANHATTAN,AGENCY ATTORNEY,ACTIVE,95632.00,per Annum,1820,94355.61,28,1542.56,6269.81
2022,67,ADMIN FOR CHILDREN'S SVCS,2022-02-28T00:00:00.000,BRONX,CHILD PROTECTIVE SPECIALIST,ACTIVE,50757.00,per Annum,560,15574.72,49.25,1705.06,63.31
2022,67,ADMIN FOR CHILDREN'S SVCS,2015-05-26T00:00:00.000,MANHATTAN,COMMUNITY COORDINATOR,ACTIVE,63118.00,per Annum,1820,62944.97,0,0.00,0.00
2022,67,ADMIN FOR CHILDREN'S SVCS,2018-04-23T00:00:00.000,BRONX,CHILD PROTECTIVE SPECIALIST,ACTIVE,60327.00,per Annum,1820,60161.66,423.25,18966.42,2145.35
2022,67,ADMIN FOR CHILDREN'S SVCS,2000-09-18T00:00:00.000,BROOKLYN,DIRECTOR OF FIELD OPERATIONS,ACTIVE,102226.00,per Annum,1820,101945.99,0,0.00,1958.35
2022,67,ADMIN FOR CHILDREN'S SVCS,1996-06-23T00:00:00.000,MANHATTAN,DIRECTOR OF FIELD OPERATIONS,CEASED,109364.00,per Annum,371,22232.22,0,0.00,20027.40
2022,67,ADMIN FOR CHILDREN'S SVCS,2022-05-09T00:00:00.000,BRONX,SPECIAL OFFICER,ACTIVE,34834.00,per Annum,320,5344.40,0,0.00,0.00
2022,67,ADMIN FOR CHILDREN'S SVCS,2005-09-19T00:00:00.000,MANHATTAN,PROGRAM EVALUATOR,ACTIVE,76408.00,per Annum,1820,76198.72,0,0.00,19475.80
2022,67,ADMIN FOR CHILDREN'S SVCS,1999-04-26T00:00:00.000,QUEENS,CHILD PROTECTIVE SPECIALIST SUPERVISOR,ACTIVE,67499.00,per Annum,1820,67314.01,156.75,7522.80,27721.32
2022,67,ADMIN FOR CHILDREN'S SVCS,1996-06-23T00:00:00.000,QUEENS,ASSOCIATE STAFF ANALYST,ACTIVE,83501.00,per Annum,1820,99462.00,30,1485.48,6993.52
2022,67,ADMIN FOR CHILDREN'S SVCS,2004-07-26T00:00:00.000,MANHATTAN,ADM MANAGER-NON-MGRL,ACTIVE,73049.00,per Annum,1890,75425.14,0,0.00,2430.11
2022,67,ADMIN FOR CHILDREN'S SVCS,2009-07-13T00:00:00.000,MANHATTAN,CHILD PROTECTIVE SPECIALIST,ACTIVE,60327.00,per Annum,1351,57994.62,0,0.00,4125.49
2022,67,ADMIN FOR CHILDREN'S SVCS,2006-05-15T00:00:00.000,MANHATTAN,CHILD PROTECTIVE SPECIALIST,ACTIVE,60327.00,per Annum,1820,60161.66,415,19424.61,32355.17
2022,67,ADMIN FOR CHILDREN'S SVCS,2020-01-24T00:00:00.000,BRONX,SPECIAL OFFICER,CEASED,35985.00,per Annum,1120,19375.44,221,5651.02,8190.14
2022,67,ADMIN FOR CHILDREN'S SVCS,2019-10-15T00:00:00.000,BROOKLYN,SPECIAL OFFICER,ACTIVE,37136.00,per Annum,2204.57,35050.31,484.5,11883.76,4147.13
2022,67,ADMIN FOR CHILDREN'S SVCS,2017-11-13T00:00:00.000,MANHATTAN,CHILD PROTECTIVE SPECIALIST,ACTIVE,60327.00,per Annum,1820,60161.66,244,9568.86,2178.98
2022,67,ADMIN FOR CHILDREN'S SVCS,1998-09-14T00:00:00.000,QUEENS,EXECUTIVE AGENCY COUNSEL,ACTIVE,139472.00,per Annum,1820,138062.93,0,0.00,2592.95
2022,67,ADMIN FOR CHILDREN'S SVCS,2012-07-23T00:00:00.000,MANHATTAN,CHILD AND FAMILY SPECIALIST,ACTIVE,83981.00,per Annum,1820,83750.93,0,0.00,1417.01
2022,67,ADMIN FOR CHILDREN'S SVCS,2012-02-13T00:00:00.000,BRONX,CHILD PROTECTIVE SPECIALIST,ACTIVE,60327.00,per Annum,1890,62475.57,62.25,2182.71,25222.17
2022,67,ADMIN FOR CHILDREN'S SVCS,1996-06-23T00:00:00.000,MANHATTAN,CHILD PROTECTIVE SPECIALIST SUPERVISOR,CEASED,92445.00,per Annum,525,26593.62,0,0.00,1806.49
2022,67,ADMIN FOR CHILDREN'S SVCS,2006-10-16T00:00:00.000,MANHATTAN,CHILD PROTECTIVE SPECIALIST SUPERVISOR,ACTIVE,86096.00,per Annum,1820,85860.06,142.25,7928.83,4921.95
2022,67,ADMIN FOR CHILDREN'S SVCS,2001-05-29T00:00:00.000,QUEENS,CONGREG CARE SPEC - ACS,ACTIVE,55366.00,per Annum,1820,55214.37,0,0.00,1917.00
2022,67,ADMIN FOR CHILDREN'S SVCS,2019-11-12T00:00:00.000,MANHATTAN,PROTECTION AGENT,CEASED,74672.00,per Annum,241.37,8641.31,0,0.00,0.00
2022,67,ADMIN FOR CHILDREN'S SVCS,2017-01-09T00:00:00.000,MANHATTAN,ADMINISTRATIVE CONTRACT SPECIALIST,ACTIVE,103680.00,per Annum,1820,102217.70,0,0.00,16.50
2022,67,ADMIN FOR CHILDREN'S SVCS,2020-01-21T00:00:00.000,MANHATTAN,STAFF ANALYST,ACTIVE,61866.00,per Annum,1820,62187.06,0,0.00,500.00
2022,67,ADMIN FOR CHILDREN'S SVCS,2011-10-24T00:00:00.000,BROOKLYN,CHILD PROTECTIVE SPECIALIST,ACTIVE,60327.00,per Annum,1820,60161.66,2.25,79.44,3889.93
2022,67,ADMIN FOR CHILDREN'S SVCS,2019-04-29T00:00:00.000,BRONX,CASEWORKER,ACTIVE,47705.00,per Annum,1890,46778.89,14.5,398.64,882.67
2022,67,ADMIN FOR CHILDREN'S SVCS,2020-02-18T00:00:00.000,QUEENS,CHILD PROTECTIVE SPECIALIST,ON LEAVE,58782.00,per Annum,560,17446.06,14.75,677.84,318.99
2022,67,ADMIN FOR CHILDREN'S SVCS,2004-06-28T00:00:00.000,MANHATTAN,STAFF NURSE,ACTIVE,87865.00,per Annum,2100,87035.93,7.75,447.10,18616.11
2022,67,ADMIN FOR CHILDREN'S SVCS,2008-02-11T00:00:00.000,MANHATTAN,CHILD PROTECTIVE SPECIALIST,CEASED,60327.00,per Annum,700,23139.10,0,0.00,6732.87
2022,67,ADMIN FOR CHILDREN'S SVCS,2012-01-17T00:00:00.000,BRONX,PROTECTION AGENT,ACTIVE,66828.00,per Annum,2080,66645.01,0,0.00,8.75
2022,67,ADMIN FOR CHILDREN'S SVCS,2019-11-12T00:00:00.000,BROOKLYN,CHILD PROTECTIVE SPECIALIST,ACTIVE,55125.00,per Annum,832,25130.90,24,1003.33,536.08
2022,67,ADMIN FOR CHILDREN'S SVCS,1996-07-08T00:00:00.000,MANHATTAN,DIRECTOR OF PROGRAM PLANNING,ACTIVE,145000.00,per Annum,1820,134546.66,0,0.00,2549.50
2022,67,ADMIN FOR CHILDREN'S SVCS,2018-04-16T00:00:00.000,MANHATTAN,STAFF ANALYST,ON LEAVE,53797.00,per Annum,0,2054.13,0,0.00,0.00
2022,67,ADMIN FOR CHILDREN'S SVCS,2016-07-31T00:00:00.000,MANHATTAN,PRINCIPAL ADMINISTRATIVE ASSOCIATE -  NON SUPVR,ACTIVE,75000.00,per Annum,1820,75657.59,220.75,13387.17,2986.30
2022,67,ADMIN FOR CHILDREN'S SVCS,2017-02-06T00:00:00.000,BRONX,CHILD PROTECTIVE SPECIALIST,ON LEAVE,60327.00,per Annum,1190,39336.47,139.5,5721.72,2378.53
2022,67,ADMIN FOR CHILDREN'S SVCS,1999-05-03T00:00:00.000,MANHATTAN,ADMINISTRATIVE STAFF ANALYST,ACTIVE,128923.00,per Annum,1820,129111.23,0,0.00,4258.43
2022,67,ADMIN FOR CHILDREN'S SVCS,2006-03-20T00:00:00.000,MANHATTAN,CHILD PROTECTIVE SPECIALIST SUPERVISOR,ACTIVE,86156.00,per Annum,1820,85919.86,49.75,2924.42,27172.11
2022,67,ADMIN FOR CHILDREN'S SVCS,2017-10-16T00:00:00.000,BROOKLYN,PROTECTION AGENT,ACTIVE,66809.00,per Annum,2080,66626.04,0,0.00,8.25
2022,67,ADMIN FOR CHILDREN'S SVCS,2018-10-01T00:00:00.000,BROOKLYN,YOUTH DEVELOPMENT SPECIALIST,ON LEAVE,55928.00,per Annum,1582,49274.47,0,224.56,2765.15
2022,67,ADMIN FOR CHILDREN'S SVCS,1996-06-23T00:00:00.000,MANHATTAN,ADMINISTRATIVE STAFF ANALYST,CEASED,82183.00,per Annum,0,3902.02,0,0.00,131.98
2022,67,ADMIN FOR CHILDREN'S SVCS,2007-10-15T00:00:00.000,BRONX,CHILD PROTECTIVE SPECIALIST,CEASED,51830.00,per Annum,0,0.00,0,0.00,6652.35
2022,67,ADMIN FOR CHILDREN'S SVCS,2021-06-28T00:00:00.000,BRONX,YOUTH DEVELOPMENT SPECIALIST,CEASED,45759.00,per Annum,1295,33036.67,237.75,8084.83,4479.10
2022,67,ADMIN FOR CHILDREN'S SVCS,2008-11-17T00:00:00.000,MANHATTAN,ADMIN COMMUNITY RELATIONS SPECIALIST,ACTIVE,93992.00,per Annum,1820,102926.77,134.5,10137.80,1932.84
2022,67,ADMIN FOR CHILDREN'S SVCS,2018-09-04T00:00:00.000,MANHATTAN,CITY RESEARCH SCIENTIST,ACTIVE,86830.00,per Annum,1820,90299.46,0,0.00,457.77
2022,67,ADMIN FOR CHILDREN'S SVCS,2015-04-13T00:00:00.000,BROOKLYN,AGENCY ATTORNEY,ACTIVE,99801.00,per Annum,1820,98488.13,11.5,770.15,7729.91
2022,67,ADMIN FOR CHILDREN'S SVCS,2001-09-24T00:00:00.000,MANHATTAN,CHILD PROTECTIVE SPECIALIST SUPERVISOR,CEASED,80146.00,per Annum,0,0.00,0,0.00,11235.97
2022,67,ADMIN FOR CHILDREN'S SVCS,1996-06-23T00:00:00.000,MANHATTAN,CHILD PROTECTIVE SPECIALIST SUPERVISOR,ON SEPARATION LEAVE,86495.00,per Annum,1820,86258.12,45,2422.11,6687.71
2022,67,ADMIN FOR CHILDREN'S SVCS,2021-08-30T00:00:00.000,BRONX,YOUTH DEVELOPMENT SPECIALIST,ACTIVE,45759.00,per Annum,1470,37705.97,278,9470.54,3063.42
2022,67,ADMIN FOR CHILDREN'S SVCS,1996-06-23T00:00:00.000,MANHATTAN,PRINCIPAL ADMINISTRATIVE ASSOCIATE -  NON SUPVR,ACTIVE,54955.00,per Annum,1820,54804.36,0,0.00,4341.22
2022,67,ADMIN FOR CHILDREN'S SVCS,2017-10-16T00:00:00.000,BROOKLYN,CHILD PROTECTIVE SPECIALIST,ACTIVE,60327.00,per Annum,1820,60161.66,227.25,9645.22,2029.86
2022,67,ADMIN FOR CHILDREN'S SVCS,2022-05-09T00:00:00.000,BRONX,SPECIAL OFFICER,ACTIVE,34834.00,per Annum,240,4008.30,55.5,1423.92,116.80
2022,67,ADMIN FOR CHILDREN'S SVCS,2021-11-22T00:00:00.000,BRONX,YOUTH DEVELOPMENT SPECIALIST,ACTIVE,45759.00,per Annum,1050,27267.15,148.5,4997.90,354.71
2022,67,ADMIN FOR CHILDREN'S SVCS,2018-06-18T00:00:00.000,QUEENS,STAFF ANALYST,ACTIVE,78528.00,per Annum,1820,86960.55,0,40.36,24.81
2022,67,ADMIN FOR CHILDREN'S SVCS,2014-05-12T00:00:00.000,BRONX,PRINCIPAL ADMINISTRATIVE ASSOCIATE -  NON SUPVR,ACTIVE,54531.00,per Annum,1820,54381.60,0,0.00,2037.33
2022,67,ADMIN FOR CHILDREN'S SVCS,2007-04-16T00:00:00.000,MANHATTAN,CHILD PROTECTIVE SPECIALIST,CEASED,51064.00,per Annum,0,0.00,0,0.00,6003.34
2022,67,ADMIN FOR CHILDREN'S SVCS,2018-04-23T00:00:00.000,BRONX,CHILD PROTECTIVE SPECIALIST,ACTIVE,60327.00,per Annum,1820,60161.66,132.5,5454.90,1917.11
2022,67,ADMIN FOR CHILDREN'S SVCS,2006-07-24T00:00:00.000,BRONX,CHILD PROTECTIVE SPECIALIST,ACTIVE,60327.00,per Annum,1750,57847.75,262.75,11389.44,5380.13
2022,67,ADMIN FOR CHILDREN'S SVCS,2005-10-11T00:00:00.000,MANHATTAN,SUPERVISING SPECIAL OFFICER,ACTIVE,64205.00,per Annum,2032,58757.24,325.75,14712.06,1876.71
2022,67,ADMIN FOR CHILDREN'S SVCS,2018-02-05T00:00:00.000,RICHMOND,CHILD PROTECTIVE SPECIALIST,ACTIVE,60327.00,per Annum,1770.5,58525.30,223,8962.00,1900.42
2022,67,ADMIN FOR CHILDREN'S SVCS,2018-04-23T00:00:00.000,QUEENS,CHILD PROTECTIVE SPECIALIST,ACTIVE,60327.00,per Annum,1820,60161.66,269.58,13957.46,3782.40
2022,67,ADMIN FOR CHILDREN'S SVCS,2018-12-24T00:00:00.000,MANHATTAN,COMMUNITY COORDINATOR,CEASED,62215.00,per Annum,406,13840.53,0,0.00,4988.33
2022,67,ADMIN FOR CHILDREN'S SVCS,1998-04-13T00:00:00.000,BRONX,CHILD PROTECTIVE SPECIALIST,ACTIVE,64547.00,per Annum,1820,64370.27,0,0.00,4968.34
2022,67,ADMIN FOR CHILDREN'S SVCS,1997-01-27T00:00:00.000,MANHATTAN,CHILD WELFARE SPECIALIST SUPERVISOR,ACTIVE,83981.00,per Annum,1820,83750.93,0,0.00,5525.77
2022,67,ADMIN FOR CHILDREN'S SVCS,2021-08-23T00:00:00.000,BRONX,CHILD PROTECTIVE SPECIALIST,ACTIVE,55125.00,per Annum,1505,43127.05,257.5,9563.33,101.76
2022,67,ADMIN FOR CHILDREN'S SVCS,1996-06-23T00:00:00.000,BROOKLYN,CHILD AND FAMILY SPECIALIST,ACTIVE,88029.00,per Annum,1820,87787.71,0,0.00,1417.00
2022,67,ADMIN FOR CHILDREN'S SVCS,1997-02-02T00:00:00.000,MANHATTAN,ASSOCIATE STAFF ANALYST,ACTIVE,83616.00,per Annum,1820,99594.49,0,201.68,6997.11
2022,67,ADMIN FOR CHILDREN'S SVCS,2022-03-14T00:00:00.000,MANHATTAN,CONGREG CARE SPEC - ACS,ACTIVE,42731.00,per Annum,490,11145.20,140.75,4610.49,1055.18
2022,67,ADMIN FOR CHILDREN'S SVCS,2019-10-28T00:00:00.000,BROOKLYN,ADMINISTRATIVE DIRECTOR OF RESIDENTIAL CHILD CARE,CEASED,84000.00,per Annum,420,18687.14,68.5,3919.59,805.81
2022,67,ADMIN FOR CHILDREN'S SVCS,2019-02-25T00:00:00.000,BROOKLYN,YOUTH DEVELOPMENT SPECIALIST,ACTIVE,55928.00,per Annum,910,37527.74,58.5,2434.44,3795.29
2022,67,ADMIN FOR CHILDREN'S SVCS,2014-01-21T00:00:00.000,MANHATTAN,ADMINISTRATIVE DIRECTOR OF SOCIAL SERVICES,ACTIVE,83802.00,per Annum,1820,83572.32,0,0.00,116.50
2022,67,ADMIN FOR CHILDREN'S SVCS,1996-06-23T00:00:00.000,MANHATTAN,CHILD WELFARE SPECIALIST SUPERVISOR,ON SEPARATION LEAVE,91325.00,per Annum,1820,91074.88,0,0.00,4968.34
2022,67,ADMIN FOR CHILDREN'S SVCS,2019-04-29T00:00:00.000,MANHATTAN,CHILD PROTECTIVE SPECIALIST,CEASED,60327.00,per Annum,1820,60161.66,95,4273.38,1082.20
2022,67,ADMIN FOR CHILDREN'S SVCS,2018-02-05T00:00:00.000,BROOKLYN,CHILD PROTECTIVE SPECIALIST,ACTIVE,60327.00,per Annum,1820,60161.66,158.5,6509.27,1858.08
2022,67,ADMIN FOR CHILDREN'S SVCS,2004-01-26T00:00:00.000,MANHATTAN,CHILD PROTECTIVE SPECIALIST SUPERVISOR,ACTIVE,86096.00,per Annum,1820,85860.06,581.75,37513.04,16819.61
2022,67,ADMIN FOR CHILDREN'S SVCS,2000-06-05T00:00:00.000,BRONX,PRINCIPAL ADMINISTRATIVE ASSOCIATE -  NON SUPVR,ACTIVE,61115.00,per Annum,1820,60947.64,283.12,15217.62,5212.72
2022,67,ADMIN FOR CHILDREN'S SVCS,1996-06-23T00:00:00.000,MANHATTAN,EXECUTIVE AGENCY COUNSEL,ACTIVE,159955.00,per Annum,1820,158489.83,0,0.00,3360.35
2022,67,ADMIN FOR CHILDREN'S SVCS,2021-09-27T00:00:00.000,QUEENS,AGENCY ATTORNEY,ACTIVE,72712.00,per Annum,1330,52294.08,0,0.00,0.00
2022,67,ADMIN FOR CHILDREN'S SVCS,1998-04-13T00:00:00.000,MANHATTAN,CHILD AND FAMILY SPECIALIST,ACTIVE,89429.00,per Annum,1820,89183.90,0,0.00,619.31
2022,67,ADMIN FOR CHILDREN'S SVCS,2018-08-06T00:00:00.000,MANHATTAN,CHILD PROTECTIVE SPECIALIST,CEASED,60327.00,per Annum,812,26841.23,98,3847.38,807.15
2022,67,ADMIN FOR CHILDREN'S SVCS,2014-10-20T00:00:00.000,RICHMOND,CHILD PROTECTIVE SPECIALIST,CEASED,60327.00,per Annum,0,8.24,0,0.00,0.35
2022,67,ADMIN FOR CHILDREN'S SVCS,1997-02-02T00:00:00.000,MANHATTAN,ADMINISTRATIVE PROJECT MANAGER,ACTIVE,95991.00,per Annum,1820,95728.10,0,0.00,4195.37
2022,67,ADMIN FOR CHILDREN'S SVCS,2006-03-27T00:00:00.000,MANHATTAN,ADMINISTRATIVE STAFF ANALYST,CEASED,119681.00,per Annum,1049.57,92700.83,0,0.00,529.09
2022,67,ADMIN FOR CHILDREN'S SVCS,2002-01-28T00:00:00.000,QUEENS,CHILD PROTECTIVE SPECIALIST,ACTIVE,60351.00,per Annum,956,21031.75,0,0.00,26551.79
2022,67,ADMIN FOR CHILDREN'S SVCS,1997-02-02T00:00:00.000,MANHATTAN,ADMIN COMMUNITY RELATIONS SPECIALIST,CEASED,87294.00,per Annum,0,7552.12,0,421.68,87.55
2022,67,ADMIN FOR CHILDREN'S SVCS,2006-05-15T00:00:00.000,MANHATTAN,COMMUNITY COORDINATOR,ACTIVE,65709.00,per Annum,1820,65529.09,0,0.00,15125.07
2022,67,ADMIN FOR CHILDREN'S SVCS,2020-02-18T00:00:00.000,MANHATTAN,CHILD PROTECTIVE SPECIALIST,CEASED,58782.00,per Annum,797.25,25087.62,0,0.00,461.23
2022,67,ADMIN FOR CHILDREN'S SVCS,1998-02-17T00:00:00.000,BRONX,CHILD PROTECTIVE SPECIALIST SUPERVISOR,ACTIVE,86204.00,per Annum,1820,85967.71,287.75,17231.75,27906.90
2022,67,ADMIN FOR CHILDREN'S SVCS,1996-06-23T00:00:00.000,BROOKLYN,CHILD PROTECTIVE SPECIALIST,ACTIVE,60351.00,per Annum,1820,60185.59,4.5,160.92,27290.53
2022,67,ADMIN FOR CHILDREN'S SVCS,2022-01-24T00:00:00.000,BROOKLYN,YOUTH DEVELOPMENT SPECIALIST,CEASED,45759.00,per Annum,735,16122.05,38.5,1094.51,371.88
2022,67,ADMIN FOR CHILDREN'S SVCS,2009-03-23T00:00:00.000,BRONX,CHILD PROTECTIVE SPECIALIST SUPERVISOR,ACTIVE,67392.00,per Annum,1414,59389.01,97.5,6245.72,25739.17
2022,67,ADMIN FOR CHILDREN'S SVCS,2018-07-16T00:00:00.000,MANHATTAN,CHILD AND FAMILY SPECIALIST,ACTIVE,90121.00,per Annum,1820,89874.20,97,6407.22,1788.42
2022,67,ADMIN FOR CHILDREN'S SVCS,2011-06-20T00:00:00.000,BRONX,CHILD PROTECTIVE SPECIALIST SUPERVISOR,ACTIVE,86096.00,per Annum,1820,85860.06,24.75,1470.04,27004.60
2022,67,ADMIN FOR CHILDREN'S SVCS,2021-11-22T00:00:00.000,BRONX,YOUTH DEVELOPMENT SPECIALIST,ACTIVE,45759.00,per Annum,1050,26684.19,191.25,6875.73,1910.87
2022,67,ADMIN FOR CHILDREN'S SVCS,2016-09-06T00:00:00.000,MANHATTAN,COMMUNITY COORDINATOR,ACTIVE,59653.00,per Annum,1820,59489.56,0,0.00,429.00
2022,67,ADMIN FOR CHILDREN'S SVCS,2018-02-26T00:00:00.000,MANHATTAN,ASSOCIATE STAFF ANALYST,CEASED,81203.00,per Annum,0,5190.49,0,0.00,0.00
2022,67,ADMIN FOR CHILDREN'S SVCS,2006-11-27T00:00:00.000,MANHATTAN,ADMINISTRATIVE PROCUREMENT ANALYST-NON-MGRL,ACTIVE,65232.00,per Annum,1820,65053.30,0,0.00,0.00
2022,67,ADMIN FOR CHILDREN'S SVCS,2017-02-06T00:00:00.000,QUEENS,CHILD PROTECTIVE SPECIALIST,ACTIVE,60327.00,per Annum,1502,40493.28,0,0.00,1153.36
2022,67,ADMIN FOR CHILDREN'S SVCS,2000-06-05T00:00:00.000,MANHATTAN,PRINCIPAL ADMINISTRATIVE ASSOCIATE -  NON SUPVR,ACTIVE,69777.00,per Annum,1820,68396.31,0,0.00,4341.22
2022,67,ADMIN FOR CHILDREN'S SVCS,2014-09-15T00:00:00.000,BROOKLYN,CLERICAL ASSOCIATE,ACTIVE,41848.00,per Annum,1820,41733.38,0,0.00,963.30
2022,67,ADMIN FOR CHILDREN'S SVCS,2022-05-23T00:00:00.000,QUEENS,CHILD PROTECTIVE SPECIALIST,ACTIVE,50757.00,per Annum,210,5590.22,0,0.00,0.00
2022,67,ADMIN FOR CHILDREN'S SVCS,2006-04-10T00:00:00.000,BROOKLYN,CHILD PROTECTIVE SPECIALIST,ACTIVE,60327.00,per Annum,1820,60161.66,199.75,7935.67,5100.61
2022,67,ADMIN FOR CHILDREN'S SVCS,2001-11-26T00:00:00.000,QUEENS,CHILD PROTECTIVE SPECIALIST,CEASED,53126.00,per Annum,0,0.00,0,0.00,9735.13
2022,67,ADMIN FOR CHILDREN'S SVCS,2006-05-15T00:00:00.000,RICHMOND,CHILD PROTECTIVE SPECIALIST SUPERVISOR,CEASED,65429.00,per Annum,0,0.00,0,0.00,17401.55
2022,67,ADMIN FOR CHILDREN'S SVCS,2020-02-18T00:00:00.000,QUEENS,CHILD PROTECTIVE SPECIALIST,ACTIVE,60327.00,per Annum,1589,53233.50,54.5,2048.42,874.86
2022,67,ADMIN FOR CHILDREN'S SVCS,2021-11-22T00:00:00.000,MANHATTAN,CHILD PROTECTIVE SPECIALIST,ACTIVE,55125.00,per Annum,1050,29202.60,66.75,2191.26,5.56
2022,67,ADMIN FOR CHILDREN'S SVCS,2022-03-14T00:00:00.000,MANHATTAN,PROGRAM EVALUATOR,ACTIVE,66442.00,per Annum,490,17839.22,0,0.00,0.00
2022,67,ADMIN FOR CHILDREN'S SVCS,2008-03-17T00:00:00.000,BRONX,CHILD PROTECTIVE SPECIALIST,CEASED,57070.00,per Annum,0,0.00,0,0.00,17644.92
2022,67,ADMIN FOR CHILDREN'S SVCS,2006-09-04T00:00:00.000,MANHATTAN,SUPERVISOR II,ACTIVE,69275.00,per Annum,1820,69085.12,0,0.00,4968.34
2022,67,ADMIN FOR CHILDREN'S SVCS,2021-08-23T00:00:00.000,QUEENS,CHILD PROTECTIVE SPECIALIST,CEASED,50757.00,per Annum,665,18494.98,29.5,1038.34,34.48
2022,67,ADMIN FOR CHILDREN'S SVCS,2015-09-08T00:00:00.000,MANHATTAN,AGENCY ATTORNEY,ACTIVE,95225.00,per Annum,1820,94964.21,0,0.00,5411.75
2022,67,ADMIN FOR CHILDREN'S SVCS,1996-06-23T00:00:00.000,QUEENS,CHILD WELFARE SPECIALIST,ACTIVE,55740.00,per Annum,1820,55587.23,265,9883.53,4980.74
2022,67,ADMIN FOR CHILDREN'S SVCS,2018-04-16T00:00:00.000,MANHATTAN,ASSOCIATE STAFF ANALYST,ACTIVE,84983.00,per Annum,1820,98553.74,1,46.52,90.75
2022,67,ADMIN FOR CHILDREN'S SVCS,2018-04-02T00:00:00.000,MANHATTAN,CHILD WELFARE SPECIALIST,ACTIVE,58888.00,per Annum,1820,63689.05,364.75,17189.49,9776.23
2022,67,ADMIN FOR CHILDREN'S SVCS,2016-08-08T00:00:00.000,BROOKLYN,CHILD PROTECTIVE SPECIALIST,ACTIVE,60327.00,per Annum,1820,60161.66,39.93,1751.41,2983.15
2022,67,ADMIN FOR CHILDREN'S SVCS,2022-02-22T00:00:00.000,BRONX,YOUTH DEVELOPMENT SPECIALIST,ACTIVE,45759.00,per Annum,588,14909.61,91,3239.71,643.56
2022,67,ADMIN FOR CHILDREN'S SVCS,2019-09-23T00:00:00.000,BRONX,YOUTH DEVELOPMENT SPECIALIST,ON LEAVE,52877.00,per Annum,1540,51242.07,684.25,27923.52,3780.25
2022,67,ADMIN FOR CHILDREN'S SVCS,1996-06-23T00:00:00.000,MANHATTAN,CHILD PROTECTIVE SPECIALIST,CEASED,60351.00,per Annum,210,6944.50,0,0.00,573.27
2022,67,ADMIN FOR CHILDREN'S SVCS,2002-03-25T00:00:00.000,MANHATTAN,ADMIN COMMUNITY RELATIONS SPECIALIST,ON SEPARATION LEAVE,85762.00,per Annum,1820,94657.15,0,64.48,10011.62
2022,67,ADMIN FOR CHILDREN'S SVCS,2020-02-24T00:00:00.000,MANHATTAN,STAFF ANALYST,ACTIVE,71840.00,per Annum,1820,72515.33,0,0.00,2345.23
2022,67,ADMIN FOR CHILDREN'S SVCS,2017-10-02T00:00:00.000,MANHATTAN,STAFF NURSE,ACTIVE,86199.00,per Annum,2080,85600.29,0,0.00,17085.59
2022,67,ADMIN FOR CHILDREN'S SVCS,2017-02-06T00:00:00.000,MANHATTAN,CHILD PROTECTIVE SPECIALIST,CEASED,60327.00,per Annum,210,4627.82,27.25,1082.07,3371.98
2022,67,ADMIN FOR CHILDREN'S SVCS,1996-06-23T00:00:00.000,MANHATTAN,CHILD PROTECTIVE SPECIALIST,ACTIVE,60351.00,per Annum,1820,60185.59,397.25,18051.57,10940.82
2022,67,ADMIN FOR CHILDREN'S SVCS,1996-06-23T00:00:00.000,MANHATTAN,CHILD WELFARE SPECIALIST,ACTIVE,79708.00,per Annum,1820,79489.54,0,0.00,4968.34
2022,67,ADMIN FOR CHILDREN'S SVCS,2007-12-31T00:00:00.000,MANHATTAN,CITY LABORER,ACTIVE,290.00,per Day,2080,75400.00,67.25,3969.37,0.00
2022,67,ADMIN FOR CHILDREN'S SVCS,2017-06-26T00:00:00.000,BROOKLYN,CHILD PROTECTIVE SPECIALIST,ACTIVE,60327.00,per Annum,1820,60161.66,73.25,2766.65,1767.49
2022,67,ADMIN FOR CHILDREN'S SVCS,2017-04-10T00:00:00.000,BROOKLYN,CHILD PROTECTIVE SPECIALIST,ACTIVE,60327.00,per Annum,1820,53219.96,0,0.00,1586.52
2022,67,ADMIN FOR CHILDREN'S SVCS,1997-06-30T00:00:00.000,RICHMOND,CHILD PROTECTIVE SPECIALIST,ACTIVE,64404.00,per Annum,1820,64227.54,824.25,44928.17,34516.77
2022,67,ADMIN FOR CHILDREN'S SVCS,1998-02-15T00:00:00.000,MANHATTAN,ADMINISTRATIVE DIRECTOR OF SOCIAL SERVICES,ACTIVE,93459.00,per Annum,1820,93202.98,108,6491.43,1427.39
2022,67,ADMIN FOR CHILDREN'S SVCS,2014-08-04T00:00:00.000,MANHATTAN,CHILD WELFARE SPECIALIST,ACTIVE,60585.00,per Annum,1820,57541.90,0,0.00,3479.07
2022,67,ADMIN FOR CHILDREN'S SVCS,2018-07-09T00:00:00.000,BRONX,ASSOCIATE YOUTH DEVELOPMENT SPECIALIST,ACTIVE,70164.00,per Annum,1820,71617.54,491.25,25976.30,5183.78
2022,67,ADMIN FOR CHILDREN'S SVCS,2021-10-14T00:00:00.000,MANHATTAN,PRINCIPAL ADMINISTRATIVE ASSOCIATE -  NON SUPVR,ACTIVE,47418.00,per Annum,1239,31178.89,0,0.00,0.00
2022,67,ADMIN FOR CHILDREN'S SVCS,2022-05-09T00:00:00.000,BRONX,SPECIAL OFFICER,ACTIVE,34834.00,per Annum,240,4008.30,0,0.00,0.00
2022,67,ADMIN FOR CHILDREN'S SVCS,2011-07-04T00:00:00.000,MANHATTAN,ADMINISTRATIVE DIRECTOR OF SOCIAL SERVICES,ACTIVE,96011.00,per Annum,1820,95747.86,9,502.47,629.89
2022,67,ADMIN FOR CHILDREN'S SVCS,2016-09-19T00:00:00.000,MANHATTAN,CHILD WELFARE SPECIALIST,ACTIVE,55590.00,per Annum,1820,53579.65,0,0.00,2710.99
2022,67,ADMIN FOR CHILDREN'S SVCS,1999-05-03T00:00:00.000,MANHATTAN,ADMINISTRATIVE DIRECTOR OF SOCIAL SERVICES,ACTIVE,110000.00,per Annum,1820,92527.58,3.5,156.28,826.43
2022,67,ADMIN FOR CHILDREN'S SVCS,2021-05-10T00:00:00.000,BROOKLYN,AGENCY ATTORNEY INTERNE,CEASED,71757.00,per Annum,350,13761.60,0,0.00,0.00
2022,67,ADMIN FOR CHILDREN'S SVCS,2009-01-12T00:00:00.000,BRONX,CHILD PROTECTIVE SPECIALIST SUPERVISOR,ACTIVE,86096.00,per Annum,1820,85860.06,298.5,16763.53,26704.76
2022,67,ADMIN FOR CHILDREN'S SVCS,2006-10-16T00:00:00.000,BRONX,CHILD PROTECTIVE SPECIALIST,CEASED,55975.00,per Annum,0,0.00,0,0.00,14318.75
2022,67,ADMIN FOR CHILDREN'S SVCS,2019-04-29T00:00:00.000,BROOKLYN,CHILD PROTECTIVE SPECIALIST,ACTIVE,60327.00,per Annum,1820,60161.66,152.5,5993.62,1544.02
2022,67,ADMIN FOR CHILDREN'S SVCS,2016-03-21T00:00:00.000,MANHATTAN,CHILD PROTECTIVE SPECIALIST,ACTIVE,60327.00,per Annum,1633,53426.37,363.75,16981.35,4522.80
2022,67,ADMIN FOR CHILDREN'S SVCS,1996-06-23T00:00:00.000,MANHATTAN,CHILD PROTECTIVE SPECIALIST SUPERVISOR,ACTIVE,92115.00,per Annum,1820,91862.68,71.25,4178.59,27381.63
2022,67,ADMIN FOR CHILDREN'S SVCS,2007-06-04T00:00:00.000,QUEENS,CHILD PROTECTIVE SPECIALIST,ACTIVE,60327.00,per Annum,1820,60161.66,60.75,2330.36,26683.64
2022,67,ADMIN FOR CHILDREN'S SVCS,2018-10-15T00:00:00.000,BROOKLYN,*COOK,ACTIVE,40577.00,per Annum,2080,39162.40,67.25,1835.51,1944.79
2022,67,ADMIN FOR CHILDREN'S SVCS,2022-03-28T00:00:00.000,MANHATTAN,DIRECTOR OF FIELD OPERATIONS,ACTIVE,120000.00,per Annum,420,27616.44,0,0.00,0.00
2022,67,ADMIN FOR CHILDREN'S SVCS,2010-08-23T00:00:00.000,BROOKLYN,CHILD PROTECTIVE SPECIALIST,CEASED,57088.00,per Annum,0,0.00,0,0.00,15657.34
2022,67,ADMIN FOR CHILDREN'S SVCS,2002-02-25T00:00:00.000,BROOKLYN,CHILD PROTECTIVE SPECIALIST,ACTIVE,60351.00,per Annum,1820,60185.59,231,10464.27,5330.50
2022,67,ADMIN FOR CHILDREN'S SVCS,2019-09-16T00:00:00.000,MANHATTAN,AGENCY ATTORNEY INTERNE,CEASED,71757.00,per Annum,560,19266.24,0,0.00,2752.32
2022,67,ADMIN FOR CHILDREN'S SVCS,2022-05-23T00:00:00.000,MANHATTAN,CHILD PROTECTIVE SPECIALIST,ACTIVE,50757.00,per Annum,140,3893.68,0,0.00,8.25
2022,67,ADMIN FOR CHILDREN'S SVCS,2019-12-30T00:00:00.000,MANHATTAN,CHILD AND FAMILY SPECIALIST,ON LEAVE,83981.00,per Annum,637,29312.79,0,0.00,0.00
2022,67,ADMIN FOR CHILDREN'S SVCS,2007-08-13T00:00:00.000,MANHATTAN,CHILD WELFARE SPECIALIST SUPERVISOR,ACTIVE,81126.00,per Annum,1720,72102.04,132.5,8142.12,16598.92
2022,72,DEPARTMENT OF CORRECTION,2005-11-10T00:00:00.000,MANHATTAN,CORRECTION OFFICER,ON SEPARATION LEAVE,92073.00,per Annum,2080,91820.81,1337.3,52164.31,21485.19
2022,72,DEPARTMENT OF CORRECTION,2008-06-26T00:00:00.000,QUEENS,CORRECTION OFFICER,ON LEAVE,92073.00,per Annum,1200,46782.34,180.5,10864.61,12053.66
2022,72,DEPARTMENT OF CORRECTION,2017-06-19T00:00:00.000,QUEENS,CORRECTION OFFICER,ACTIVE,67196.00,per Annum,2080,61897.01,1346.5,33812.42,8604.43
2022,72,DEPARTMENT OF CORRECTION,2017-06-19T00:00:00.000,QUEENS,CORRECTION OFFICER,CEASED,62166.00,per Annum,240,7153.35,0,0.00,2296.14
2022,72,DEPARTMENT OF CORRECTION,2009-08-27T00:00:00.000,QUEENS,CORRECTION OFFICER,ACTIVE,92073.00,per Annum,2080,91820.81,1273.98,61455.83,17429.46
2022,72,DEPARTMENT OF CORRECTION,2004-08-12T00:00:00.000,QUEENS,CORRECTION OFFICER,ACTIVE,92073.00,per Annum,2048,91413.69,1169,45374.42,22266.82
2022,72,DEPARTMENT OF CORRECTION,2016-01-14T00:00:00.000,QUEENS,CORRECTION OFFICER,ACTIVE,92073.00,per Annum,2080,90185.07,0,0.00,11041.50
2022,72,DEPARTMENT OF CORRECTION,2006-06-29T00:00:00.000,BRONX,CORRECTION OFFICER,ACTIVE,92073.00,per Annum,2080,90855.53,16,615.24,14489.99
2022,72,DEPARTMENT OF CORRECTION,2012-04-26T00:00:00.000,QUEENS,CORRECTION OFFICER,ACTIVE,92073.00,per Annum,2080,88061.21,1019.5,69237.64,14861.92
2022,72,DEPARTMENT OF CORRECTION,1997-02-27T00:00:00.000,QUEENS,CORRECTION OFFICER,ACTIVE,92073.00,per Annum,2080,90316.97,1186.43,47289.34,24331.82
2022,72,DEPARTMENT OF CORRECTION,2015-03-05T00:00:00.000,QUEENS,CORRECTION OFFICER,ACTIVE,92073.00,per Annum,2080,91820.81,1672.02,65567.03,17940.68
2022,72,DEPARTMENT OF CORRECTION,2016-12-19T00:00:00.000,QUEENS,CORRECTION OFFICER,CEASED,67196.00,per Annum,72,2592.35,0,0.00,1937.54
2022,72,DEPARTMENT OF CORRECTION,2013-09-26T00:00:00.000,QUEENS,CORRECTION OFFICER,ACTIVE,92073.00,per Annum,1891.43,79360.65,953.43,36338.06,15151.50
2022,72,DEPARTMENT OF CORRECTION,2017-06-19T00:00:00.000,QUEENS,CORRECTION OFFICER,ACTIVE,67196.00,per Annum,2080,64517.57,8,192.28,7184.42
2022,72,DEPARTMENT OF CORRECTION,2016-12-19T00:00:00.000,QUEENS,CORRECTION OFFICER,ACTIVE,92073.00,per Annum,2080,57981.49,220.5,10679.53,7735.24
2022,72,DEPARTMENT OF CORRECTION,2016-12-19T00:00:00.000,BRONX,CORRECTION OFFICER,ON LEAVE,92073.00,per Annum,2080,53341.82,670,17173.04,9918.96
2022,72,DEPARTMENT OF CORRECTION,2019-02-11T00:00:00.000,QUEENS,CORRECTION OFFICER,ACTIVE,56318.00,per Annum,2080,55590.50,1430.12,30513.54,6286.57
2022,72,DEPARTMENT OF CORRECTION,2006-06-29T00:00:00.000,QUEENS,CAPTAIN,ACTIVE,118056.00,per Annum,2080,117145.74,551,47381.92,12640.17
2022,72,DEPARTMENT OF CORRECTION,2016-01-14T00:00:00.000,QUEENS,CORRECTION OFFICER,ACTIVE,92073.00,per Annum,2080,88681.23,0,0.00,16191.41
2022,72,DEPARTMENT OF CORRECTION,2001-10-11T00:00:00.000,QUEENS,CORRECTION OFFICER,CEASED,92073.00,per Annum,992,43791.31,136,9653.11,9467.62
2022,72,DEPARTMENT OF CORRECTION,2016-12-19T00:00:00.000,QUEENS,CORRECTION OFFICER,CEASED,67196.00,per Annum,0,-778.75,0,-162.68,146.76
2022,72,DEPARTMENT OF CORRECTION,2017-06-19T00:00:00.000,QUEENS,CORRECTION OFFICER,ACTIVE,67196.00,per Annum,2080,64517.57,1469.25,36717.44,9056.08
2022,72,DEPARTMENT OF CORRECTION,2007-04-12T00:00:00.000,QUEENS,CORRECTION OFFICER,ACTIVE,92073.00,per Annum,2040,89679.06,906.93,34946.54,18164.19
2022,72,DEPARTMENT OF CORRECTION,2013-09-26T00:00:00.000,QUEENS,CORRECTION OFFICER,ACTIVE,92073.00,per Annum,2080,88574.02,580.45,37189.05,12895.89
2022,72,DEPARTMENT OF CORRECTION,2015-09-28T00:00:00.000,QUEENS,CONFIDENTIAL AGENCY INVESTIGATOR,ACTIVE,108150.00,per Annum,1820,107853.71,0,0.00,0.00
2022,72,DEPARTMENT OF CORRECTION,2014-05-08T00:00:00.000,QUEENS,CORRECTION OFFICER,ACTIVE,92073.00,per Annum,2080,90479.56,771.1,29956.43,16599.46
2022,72,DEPARTMENT OF CORRECTION,2016-01-14T00:00:00.000,QUEENS,CORRECTION OFFICER,CEASED,60355.00,per Annum,0,0.00,0,0.00,1230.45
2022,72,DEPARTMENT OF CORRECTION,2005-06-02T00:00:00.000,BROOKLYN,CORRECTION OFFICER,CEASED,89391.00,per Annum,0,0.00,0,0.00,1974.94
2022,72,DEPARTMENT OF CORRECTION,2012-09-06T00:00:00.000,QUEENS,CORRECTION OFFICER,ACTIVE,92073.00,per Annum,2080,91795.79,155.5,10253.05,13070.94
2022,72,DEPARTMENT OF CORRECTION,2017-12-18T00:00:00.000,QUEENS,CLERICAL ASSOCIATE,ACTIVE,46019.00,per Annum,1820,45892.86,2,53.76,3164.02
2022,72,DEPARTMENT OF CORRECTION,2014-06-16T00:00:00.000,QUEENS,*COOK,ACTIVE,41388.00,per Annum,2080,41274.49,608,20644.24,7257.79
2022,72,DEPARTMENT OF CORRECTION,2016-06-27T00:00:00.000,QUEENS,CORRECTION OFFICER,ACTIVE,92073.00,per Annum,2080,78664.87,150.52,8273.37,14818.75
2022,72,DEPARTMENT OF CORRECTION,2015-08-06T00:00:00.000,MANHATTAN,CORRECTION OFFICER,ACTIVE,92073.00,per Annum,2080,91630.25,541.73,25592.53,14250.20
2022,72,DEPARTMENT OF CORRECTION,2013-01-03T00:00:00.000,QUEENS,CAPTAIN,ACTIVE,95463.00,per Annum,2080,96412.76,0,70.74,9291.42
2022,72,DEPARTMENT OF CORRECTION,2010-12-16T00:00:00.000,QUEENS,CORRECTION OFFICER,ACTIVE,92073.00,per Annum,2080,90316.97,176.48,10840.22,13720.77
2022,72,DEPARTMENT OF CORRECTION,2013-05-16T00:00:00.000,QUEENS,CAPTAIN,ACTIVE,95463.00,per Annum,2080,96448.15,0,365.13,10075.52
2022,72,DEPARTMENT OF CORRECTION,2016-06-27T00:00:00.000,QUEENS,CORRECTION OFFICER,ACTIVE,92073.00,per Annum,2080,77364.19,1118.97,64531.99,13162.48
2022,72,DEPARTMENT OF CORRECTION,2005-11-03T00:00:00.000,BRONX,CORRECTION OFFICER,ACTIVE,92073.00,per Annum,2080,91820.81,2099.53,81765.64,22692.10
2022,72,DEPARTMENT OF CORRECTION,2008-11-20T00:00:00.000,QUEENS,CORRECTION OFFICER,CEASED,89391.00,per Annum,0,0.00,0,0.00,1950.48
2022,72,DEPARTMENT OF CORRECTION,2014-05-08T00:00:00.000,QUEENS,CORRECTION OFFICER,ACTIVE,92073.00,per Annum,2080,68773.19,109,7580.10,10353.17
2022,72,DEPARTMENT OF CORRECTION,2016-12-19T00:00:00.000,QUEENS,CORRECTION OFFICER,CEASED,67196.00,per Annum,656,17016.07,44.25,2136.07,4750.57
2022,72,DEPARTMENT OF CORRECTION,2016-12-19T00:00:00.000,QUEENS,CORRECTION OFFICER,CEASED,67196.00,per Annum,272,6573.58,419,10566.87,6731.63
2022,72,DEPARTMENT OF CORRECTION,2019-02-11T00:00:00.000,QUEENS,CORRECTION OFFICER,CEASED,56318.00,per Annum,320,8067.42,0,0.00,4987.86
2022,72,DEPARTMENT OF CORRECTION,1999-04-01T00:00:00.000,BROOKLYN,CORRECTION OFFICER,CEASED,87211.00,per Annum,0,0.00,0,0.00,163.52
2022,72,DEPARTMENT OF CORRECTION,2012-04-26T00:00:00.000,QUEENS,CORRECTION OFFICER,ACTIVE,92073.00,per Annum,2080,91444.85,465.5,30986.78,12477.18
2022,72,DEPARTMENT OF CORRECTION,2006-02-23T00:00:00.000,BROOKLYN,CORRECTION OFFICER,CEASED,92073.00,per Annum,880,34628.56,1,70.98,6887.61
2022,72,DEPARTMENT OF CORRECTION,2015-03-05T00:00:00.000,QUEENS,CORRECTION OFFICER,ACTIVE,92073.00,per Annum,2080,91372.01,352,23126.48,18715.13
2022,72,DEPARTMENT OF CORRECTION,2018-01-08T00:00:00.000,QUEENS,CORRECTION OFFICER,CEASED,62166.00,per Annum,887.13,23630.71,0,0.00,3540.39
2022,72,DEPARTMENT OF CORRECTION,2000-06-01T00:00:00.000,QUEENS,CAPTAIN,CEASED,114617.00,per Annum,64,5884.16,0,737.25,23384.05
2022,72,DEPARTMENT OF CORRECTION,2017-02-13T00:00:00.000,QUEENS,STOCK WORKER,ACTIVE,41697.00,per Annum,1820,38819.68,820.25,24230.38,1035.56
2022,72,DEPARTMENT OF CORRECTION,2010-12-16T00:00:00.000,QUEENS,CORRECTION OFFICER,CEASED,92073.00,per Annum,400,17281.88,66.48,4225.81,5589.66
2022,72,DEPARTMENT OF CORRECTION,2001-12-20T00:00:00.000,MANHATTAN,CORRECTION OFFICER,ON SEPARATION LEAVE,92073.00,per Annum,2080,91820.81,704.23,27438.92,21522.08
2022,72,DEPARTMENT OF CORRECTION,2014-05-08T00:00:00.000,QUEENS,CORRECTION OFFICER,ACTIVE,92073.00,per Annum,2080,89941.01,540.47,37583.61,12521.41
2022,72,DEPARTMENT OF CORRECTION,2009-02-02T00:00:00.000,QUEENS,PROGRAM SPECIALIST  CORRECTION,ACTIVE,51629.00,per Annum,1820,51487.54,9.5,304.89,6156.73
2022,72,DEPARTMENT OF CORRECTION,2006-12-07T00:00:00.000,QUEENS,CORRECTION OFFICER,ON LEAVE,92073.00,per Annum,320,10366.70,3,210.78,4660.10
2022,72,DEPARTMENT OF CORRECTION,2021-10-21T00:00:00.000,QUEENS,CORRECTION OFFICER,CEASED,47857.00,per Annum,576,13216.24,16.5,567.28,1101.37
2022,72,DEPARTMENT OF CORRECTION,2016-12-19T00:00:00.000,QUEENS,CORRECTION OFFICER,ACTIVE,92073.00,per Annum,2080,65984.14,573.98,28581.24,8074.92
2022,72,DEPARTMENT OF CORRECTION,2006-06-29T00:00:00.000,QUEENS,CORRECTION OFFICER,ACTIVE,92073.00,per Annum,2080,90024.88,541.5,33707.04,18423.09
2022,72,DEPARTMENT OF CORRECTION,2012-09-06T00:00:00.000,QUEENS,CAPTAIN,ACTIVE,118056.00,per Annum,2080,118065.20,374,18888.65,15863.53
2022,72,DEPARTMENT OF CORRECTION,2001-06-07T00:00:00.000,QUEENS,CORRECTION OFFICER,CEASED,92073.00,per Annum,752,33196.60,8,567.83,23892.21
2022,72,DEPARTMENT OF CORRECTION,2004-02-12T00:00:00.000,QUEENS,CORRECTION OFFICER,ACTIVE,92073.00,per Annum,2080,91444.85,1137.4,44147.83,22390.12
2022,72,DEPARTMENT OF CORRECTION,2012-09-06T00:00:00.000,QUEENS,CORRECTION OFFICER,ACTIVE,92073.00,per Annum,2080,91444.85,738.72,42816.97,14768.39
2022,72,DEPARTMENT OF CORRECTION,2002-06-06T00:00:00.000,QUEENS,CORRECTION OFFICER,CEASED,92073.00,per Annum,2080,90316.97,16,621.03,17049.51
2022,72,DEPARTMENT OF CORRECTION,2018-01-08T00:00:00.000,QUEENS,CORRECTION OFFICER,ACTIVE,62166.00,per Annum,2080,55377.32,710.5,16865.00,6203.26
2022,72,DEPARTMENT OF CORRECTION,2018-05-21T00:00:00.000,QUEENS,COMMUNITY COORDINATOR,ACTIVE,68436.00,per Annum,1820,62044.58,0,0.00,500.00
2022,72,DEPARTMENT OF CORRECTION,2014-05-08T00:00:00.000,QUEENS,CORRECTION OFFICER,ACTIVE,92073.00,per Annum,2080,91820.81,319.52,21685.28,12524.09
2022,72,DEPARTMENT OF CORRECTION,2008-11-20T00:00:00.000,QUEENS,CORRECTION OFFICER,ACTIVE,92073.00,per Annum,2080,91820.81,1278.97,49178.59,21667.01
2022,72,DEPARTMENT OF CORRECTION,2007-04-12T00:00:00.000,QUEENS,CORRECTION OFFICER,ACTIVE,92073.00,per Annum,2080,91820.81,1896.25,77403.20,21818.31
2022,72,DEPARTMENT OF CORRECTION,2006-06-29T00:00:00.000,QUEENS,CORRECTION OFFICER,ACTIVE,92073.00,per Annum,2080,91820.81,664.57,44784.83,16706.60
2022,72,DEPARTMENT OF CORRECTION,2016-12-19T00:00:00.000,QUEENS,CORRECTION OFFICER,ON LEAVE,92073.00,per Annum,0,0.00,0,0.00,1700.64
2022,72,DEPARTMENT OF CORRECTION,2013-05-16T00:00:00.000,BRONX,CORRECTION OFFICER,ACTIVE,92073.00,per Annum,2080,90692.93,503.98,35048.20,13096.61
2022,72,DEPARTMENT OF CORRECTION,2007-03-08T00:00:00.000,BRONX,CORRECTION OFFICER,ACTIVE,92073.00,per Annum,2080,91820.81,0,0.00,13065.20
2022,72,DEPARTMENT OF CORRECTION,2017-06-19T00:00:00.000,QUEENS,CORRECTION OFFICER,ACTIVE,67196.00,per Annum,2056,63534.44,0,0.00,5163.82
2022,72,DEPARTMENT OF CORRECTION,2012-04-26T00:00:00.000,QUEENS,CORRECTION OFFICER,CEASED,92073.00,per Annum,1288,56858.23,36,1371.21,21334.60
2022,72,DEPARTMENT OF CORRECTION,2008-06-26T00:00:00.000,QUEENS,CORRECTION OFFICER,ACTIVE,92073.00,per Annum,2080,90199.25,1156.5,54092.84,18002.02
2022,72,DEPARTMENT OF CORRECTION,2015-08-06T00:00:00.000,QUEENS,CORRECTION OFFICER,ACTIVE,92073.00,per Annum,2080,90316.97,24.5,933.17,11233.16
2022,72,DEPARTMENT OF CORRECTION,2017-06-19T00:00:00.000,QUEENS,CORRECTION OFFICER,CEASED,60355.00,per Annum,-16,-462.96,-54,-1235.09,1706.94
2022,72,DEPARTMENT OF CORRECTION,2016-01-14T00:00:00.000,QUEENS,CORRECTION OFFICER,ACTIVE,92073.00,per Annum,2080,90185.07,24,1022.80,13588.10
2022,72,DEPARTMENT OF CORRECTION,2015-08-06T00:00:00.000,QUEENS,CORRECTION OFFICER,ACTIVE,92073.00,per Annum,2080,91820.81,389.5,27086.79,12137.97
2022,72,DEPARTMENT OF CORRECTION,2018-01-08T00:00:00.000,QUEENS,CORRECTION OFFICER,ACTIVE,62166.00,per Annum,1622.85,46574.85,1616.07,38344.80,8778.33
2022,72,DEPARTMENT OF CORRECTION,2007-11-01T00:00:00.000,QUEENS,CORRECTION OFFICER,ACTIVE,92073.00,per Annum,2080,91820.81,1781.9,68550.09,21820.72
2022,72,DEPARTMENT OF CORRECTION,2019-02-11T00:00:00.000,QUEENS,CORRECTION OFFICER,CEASED,56318.00,per Annum,1891.43,50072.18,334.3,7369.58,6762.38
2022,72,DEPARTMENT OF CORRECTION,2015-10-05T00:00:00.000,QUEENS,AGENCY ATTORNEY,CEASED,107588.00,per Annum,-28,-1650.52,0,0.00,-76.04
2022,72,DEPARTMENT OF CORRECTION,2011-05-26T00:00:00.000,QUEENS,CORRECTION OFFICER,ACTIVE,92073.00,per Annum,2080,91820.81,804.47,42690.73,18261.01
2022,72,DEPARTMENT OF CORRECTION,2014-05-19T00:00:00.000,BRONX,MARINE OILER,ACTIVE,37.17,per Hour,1663.77,61842.22,2567.25,138965.29,4361.75
2022,72,DEPARTMENT OF CORRECTION,2012-09-06T00:00:00.000,QUEENS,CORRECTION OFFICER,ACTIVE,92073.00,per Annum,2056,59728.92,250.47,16883.38,11152.30
2022,72,DEPARTMENT OF CORRECTION,2008-11-20T00:00:00.000,QUEENS,WARDEN-ASSISTANT DEPUTY WARDEN TED < 11/1/92,ACTIVE,119754.00,per Annum,2080,120167.79,497,43872.76,12174.72
2022,72,DEPARTMENT OF CORRECTION,2013-05-16T00:00:00.000,QUEENS,CAPTAIN,ACTIVE,96208.00,per Annum,1965.72,91143.82,262.5,10259.75,10003.08
2022,72,DEPARTMENT OF CORRECTION,2017-06-19T00:00:00.000,QUEENS,CORRECTION OFFICER,ACTIVE,67196.00,per Annum,2080,63144.73,489.47,12170.19,8633.29
2022,72,DEPARTMENT OF CORRECTION,2019-02-11T00:00:00.000,QUEENS,CORRECTION OFFICER,ON LEAVE,56318.00,per Annum,0,0.00,0,0.00,1379.13
2022,72,DEPARTMENT OF CORRECTION,2014-05-08T00:00:00.000,QUEENS,CORRECTION OFFICER,ACTIVE,92073.00,per Annum,2080,90692.93,1165.25,81094.64,13733.78
2022,72,DEPARTMENT OF CORRECTION,2018-07-23T00:00:00.000,QUEENS,CORRECTION OFFICER,ACTIVE,62166.00,per Annum,2080,58051.11,1227.43,27821.90,8207.61
2022,72,DEPARTMENT OF CORRECTION,2013-01-03T00:00:00.000,BRONX,CORRECTION OFFICER,ACTIVE,92073.00,per Annum,2080,91820.81,1351.83,51599.40,16764.69
2022,72,DEPARTMENT OF CORRECTION,2015-08-06T00:00:00.000,MANHATTAN,CORRECTION OFFICER,ACTIVE,92073.00,per Annum,2080,91820.81,346.98,22587.32,12010.82
2022,72,DEPARTMENT OF CORRECTION,1986-04-28T00:00:00.000,BRONX,CORRECTION OFFICER,CEASED,87211.00,per Annum,0,-481.62,0,0.00,240.81
2022,72,DEPARTMENT OF CORRECTION,2011-12-22T00:00:00.000,QUEENS,CORRECTION OFFICER,ACTIVE,92073.00,per Annum,2080,82947.14,743.97,31377.74,17364.33
2022,72,DEPARTMENT OF CORRECTION,2007-09-24T00:00:00.000,QUEENS,ADM MANAGER-NON-MGRL,ACTIVE,106575.00,per Annum,1820,99408.46,0,0.00,4762.39
2022,72,DEPARTMENT OF CORRECTION,2001-12-20T00:00:00.000,QUEENS,CORRECTION OFFICER,ACTIVE,92073.00,per Annum,2080,90316.97,243.62,15349.13,15798.83
2022,72,DEPARTMENT OF CORRECTION,2013-05-16T00:00:00.000,QUEENS,CORRECTION OFFICER,ACTIVE,92073.00,per Annum,2080,91820.81,696.47,47299.23,16156.57
2022,72,DEPARTMENT OF CORRECTION,2010-12-16T00:00:00.000,QUEENS,CORRECTION OFFICER,ACTIVE,92073.00,per Annum,2080,91820.81,1964.22,76013.67,22282.16
2022,72,DEPARTMENT OF CORRECTION,2012-09-06T00:00:00.000,QUEENS,CORRECTION OFFICER,ON LEAVE,92073.00,per Annum,1948.57,68268.74,138,5363.09,11959.19
2022,72,DEPARTMENT OF CORRECTION,2016-06-27T00:00:00.000,QUEENS,CORRECTION OFFICER,ACTIVE,92073.00,per Annum,2080,76398.62,174,8973.59,11034.69
2022,72,DEPARTMENT OF CORRECTION,2009-06-08T00:00:00.000,QUEENS,ADM MANAGER-NON-MGRL,ACTIVE,74123.00,per Annum,1820,73569.71,0,0.00,1764.36
2022,72,DEPARTMENT OF CORRECTION,2017-06-19T00:00:00.000,QUEENS,CORRECTION OFFICER,CEASED,67196.00,per Annum,688,15683.11,0,0.00,3485.99
2022,72,DEPARTMENT OF CORRECTION,2022-06-13T00:00:00.000,QUEENS,STAFF NURSE,ACTIVE,84744.00,per Annum,40,1625.23,0,0.00,0.00
2022,72,DEPARTMENT OF CORRECTION,1983-02-14T00:00:00.000,MANHATTAN,CAPTAIN,CEASED,118056.00,per Annum,1112,64789.17,0,0.00,49344.89
2022,72,DEPARTMENT OF CORRECTION,2021-09-07T00:00:00.000,QUEENS,ASBESTOS HANDLER SUPERVISOR,ACTIVE,79608.00,per Annum,1628.57,62150.18,0,0.00,861.98
2022,72,DEPARTMENT OF CORRECTION,2006-12-07T00:00:00.000,QUEENS,CORRECTION OFFICER,ACTIVE,92073.00,per Annum,2080,90383.91,671.97,45355.47,16238.04
2022,72,DEPARTMENT OF CORRECTION,2015-07-20T00:00:00.000,QUEENS,ASSOCIATE CORRECTIONAL COUNSELOR,ACTIVE,79665.00,per Annum,1820,79141.08,54,2872.42,678.45
2022,72,DEPARTMENT OF CORRECTION,2018-07-23T00:00:00.000,QUEENS,CORRECTION OFFICER,ON LEAVE,62166.00,per Annum,690.3,16997.20,0,0.00,2506.18
2022,72,DEPARTMENT OF CORRECTION,2016-06-27T00:00:00.000,QUEENS,CORRECTION OFFICER,ACTIVE,92073.00,per Annum,2080,77245.01,2187,72404.25,16448.70
2022,72,DEPARTMENT OF CORRECTION,2004-12-16T00:00:00.000,QUEENS,CAPTAIN,ACTIVE,96208.00,per Annum,2080,93642.48,191.5,10380.15,14582.89
2022,72,DEPARTMENT OF CORRECTION,1989-06-12T00:00:00.000,MANHATTAN,CLERICAL ASSOCIATE,ACTIVE,54303.00,per Annum,1820,54154.11,9.25,301.00,6420.32
2022,72,DEPARTMENT OF CORRECTION,1996-01-04T00:00:00.000,QUEENS,CORRECTION OFFICER,ACTIVE,92073.00,per Annum,2080,91820.81,1180.75,85475.56,18373.28
2022,72,DEPARTMENT OF CORRECTION,1996-07-01T00:00:00.000,QUEENS,CORRECTION OFFICER,ACTIVE,92073.00,per Annum,2080,91820.81,425,29476.16,17756.18
2022,72,DEPARTMENT OF CORRECTION,2004-08-12T00:00:00.000,MANHATTAN,CORRECTION OFFICER,ACTIVE,92073.00,per Annum,2080,90984.28,640,24841.27,22986.05
2022,72,DEPARTMENT OF CORRECTION,2007-08-30T00:00:00.000,QUEENS,CORRECTION OFFICER,ACTIVE,92073.00,per Annum,2080,91820.81,273.38,18699.12,15532.42
2022,72,DEPARTMENT OF CORRECTION,2011-12-22T00:00:00.000,QUEENS,CORRECTION OFFICER,ACTIVE,92073.00,per Annum,2080,90692.93,350,13387.09,18326.78
2022,72,DEPARTMENT OF CORRECTION,2016-12-19T00:00:00.000,QUEENS,CORRECTION OFFICER,ACTIVE,92073.00,per Annum,2080,63444.94,381,11047.97,8756.40
2022,72,DEPARTMENT OF CORRECTION,2016-06-27T00:00:00.000,QUEENS,CORRECTION OFFICER,CEASED,53344.00,per Annum,0,-384.71,0,-10.67,189.46
2022,72,DEPARTMENT OF CORRECTION,2007-11-01T00:00:00.000,BRONX,CORRECTION OFFICER,ACTIVE,92073.00,per Annum,2080,90664.96,461.2,25609.59,17288.26
2022,72,DEPARTMENT OF CORRECTION,2015-03-05T00:00:00.000,QUEENS,CORRECTION OFFICER,CEASED,89391.00,per Annum,-8,-342.84,0,0.00,-93.17
2022,72,DEPARTMENT OF CORRECTION,1991-04-25T00:00:00.000,QUEENS,CAPTAIN,CEASED,111821.00,per Annum,0,2367.53,0,176.87,130.91
2022,72,DEPARTMENT OF CORRECTION,2001-12-20T00:00:00.000,QUEENS,CORRECTION OFFICER,CEASED,92073.00,per Annum,1288,56858.23,333,12965.50,34450.16
2022,72,DEPARTMENT OF CORRECTION,2004-12-16T00:00:00.000,MANHATTAN,CORRECTION OFFICER,ACTIVE,92073.00,per Annum,2080,91820.81,523,20589.50,20465.66
2022,72,DEPARTMENT OF CORRECTION,2013-05-16T00:00:00.000,QUEENS,CORRECTION OFFICER,ACTIVE,92073.00,per Annum,2080,91255.77,1553.5,64436.39,18884.86
2022,72,DEPARTMENT OF CORRECTION,2018-01-08T00:00:00.000,QUEENS,CORRECTION OFFICER,CEASED,62166.00,per Annum,720,20933.83,285,6638.73,4161.14
2022,72,DEPARTMENT OF CORRECTION,2006-12-07T00:00:00.000,MANHATTAN,CORRECTION OFFICER,ACTIVE,92073.00,per Annum,2080,91820.81,1258.27,49352.74,21939.33
2022,72,DEPARTMENT OF CORRECTION,2002-06-06T00:00:00.000,QUEENS,CORRECTION OFFICER,ON SEPARATION LEAVE,92073.00,per Annum,2080,91820.81,86,3338.04,18846.25
2022,72,DEPARTMENT OF CORRECTION,2008-11-20T00:00:00.000,QUEENS,CORRECTION OFFICER,ACTIVE,92073.00,per Annum,2080,91444.88,534.52,37045.30,14928.15
2022,72,DEPARTMENT OF CORRECTION,2019-03-25T00:00:00.000,QUEENS,INVESTIGATOR,ACTIVE,58167.00,per Annum,1820,58007.56,51,1846.53,1112.72
2022,72,DEPARTMENT OF CORRECTION,1987-05-26T00:00:00.000,MANHATTAN,*COOK,ACTIVE,41549.00,per Annum,2080,41435.16,122,4241.51,10031.51
2022,72,DEPARTMENT OF CORRECTION,2013-01-03T00:00:00.000,QUEENS,CORRECTION OFFICER,ACTIVE,92073.00,per Annum,2080,91820.81,729.23,50704.94,14615.60
2022,72,DEPARTMENT OF CORRECTION,2004-02-12T00:00:00.000,MANHATTAN,CORRECTION OFFICER,ACTIVE,92073.00,per Annum,2080,91393.35,976,37883.10,21731.02
2022,72,DEPARTMENT OF CORRECTION,2017-06-19T00:00:00.000,QUEENS,CORRECTION OFFICER,ACTIVE,67196.00,per Annum,2080,63968.81,522.67,23667.93,8995.04
2022,72,DEPARTMENT OF CORRECTION,2019-02-11T00:00:00.000,QUEENS,CORRECTION OFFICER,CEASED,50695.00,per Annum,0,414.00,0,0.00,-80.79
2022,72,DEPARTMENT OF CORRECTION,2008-11-20T00:00:00.000,QUEENS,CORRECTION OFFICER,ACTIVE,92073.00,per Annum,2080,72646.88,-8,-53.15,11139.23
2022,72,DEPARTMENT OF CORRECTION,2007-03-08T00:00:00.000,QUEENS,CAPTAIN,CEASED,118506.00,per Annum,1400,68387.46,2,-180.83,23950.37
2022,72,DEPARTMENT OF CORRECTION,2005-11-03T00:00:00.000,MANHATTAN,CORRECTION OFFICER,ACTIVE,92073.00,per Annum,2080,91820.81,601.02,41856.45,15149.52
2022,72,DEPARTMENT OF CORRECTION,1997-10-23T00:00:00.000,QUEENS,CORRECTION OFFICER,CEASED,87211.00,per Annum,0,-165.10,0,0.00,82.55
2022,72,DEPARTMENT OF CORRECTION,2018-01-08T00:00:00.000,QUEENS,CORRECTION OFFICER,CEASED,62166.00,per Annum,480,9553.55,8,323.67,2199.27
2022,72,DEPARTMENT OF CORRECTION,2016-12-19T00:00:00.000,QUEENS,CORRECTION OFFICER,ACTIVE,92073.00,per Annum,2080,43186.03,463.47,11740.65,8096.38
2022,72,DEPARTMENT OF CORRECTION,2007-04-12T00:00:00.000,QUEENS,CAPTAIN,ACTIVE,118056.00,per Annum,2080,119563.13,304,26997.04,14204.13
2022,72,DEPARTMENT OF CORRECTION,2015-03-05T00:00:00.000,QUEENS,CORRECTION OFFICER,ACTIVE,92073.00,per Annum,1582.85,51111.56,0,0.00,9607.81
2022,72,DEPARTMENT OF CORRECTION,2015-08-06T00:00:00.000,QUEENS,CORRECTION OFFICER,ACTIVE,92073.00,per Annum,2080,87309.29,1828.5,69746.14,16128.37
2022,72,DEPARTMENT OF CORRECTION,2015-08-06T00:00:00.000,BRONX,CORRECTION OFFICER,ACTIVE,92073.00,per Annum,2080,91820.81,2139,81781.96,22472.88
2022,72,DEPARTMENT OF CORRECTION,2019-02-11T00:00:00.000,QUEENS,CORRECTION OFFICER,ACTIVE,56318.00,per Annum,2080,55590.50,381.97,8018.85,5005.75
2022,72,DEPARTMENT OF CORRECTION,2008-11-20T00:00:00.000,QUEENS,CORRECTION OFFICER,ACTIVE,92073.00,per Annum,2080,91601.03,296.5,13765.20,18603.78
2022,72,DEPARTMENT OF CORRECTION,2008-11-20T00:00:00.000,MANHATTAN,CORRECTION OFFICER,CEASED,92073.00,per Annum,1742.1,73412.98,171,6575.35,18851.91
2022,72,DEPARTMENT OF CORRECTION,2017-06-19T00:00:00.000,QUEENS,CORRECTION OFFICER,CEASED,67196.00,per Annum,1760,52431.17,8,346.87,9891.21
2022,72,DEPARTMENT OF CORRECTION,2017-11-06T00:00:00.000,QUEENS,RECREATION SUPERVISOR,ACTIVE,59269.00,per Annum,1820,59106.58,0,0.00,1653.58
2022,72,DEPARTMENT OF CORRECTION,2008-11-20T00:00:00.000,MANHATTAN,CORRECTION OFFICER,ACTIVE,92073.00,per Annum,2080,91820.81,54.75,3846.78,13469.38
2022,72,DEPARTMENT OF CORRECTION,2016-06-27T00:00:00.000,QUEENS,CORRECTION OFFICER,ACTIVE,92073.00,per Annum,2080,66715.87,78,5043.48,10665.74
2022,72,DEPARTMENT OF CORRECTION,2016-01-14T00:00:00.000,QUEENS,CORRECTION OFFICER,ACTIVE,92073.00,per Annum,2080,88681.23,414.32,25724.29,10870.28
2022,72,DEPARTMENT OF CORRECTION,1999-04-01T00:00:00.000,MANHATTAN,CAPTAIN,CEASED,111821.00,per Annum,0,107.55,0,0.00,0.00
2022,72,DEPARTMENT OF CORRECTION,2005-06-02T00:00:00.000,QUEENS,CORRECTION OFFICER,ACTIVE,92073.00,per Annum,2080,91820.81,541.07,37825.38,16334.39
2022,72,DEPARTMENT OF CORRECTION,2008-11-20T00:00:00.000,MANHATTAN,CORRECTION OFFICER,ACTIVE,92073.00,per Annum,2080,91444.85,233.28,14083.47,13977.32
2022,72,DEPARTMENT OF CORRECTION,1998-07-01T00:00:00.000,QUEENS,CORRECTION OFFICER,CEASED,92073.00,per Annum,928,40965.98,263.92,17068.60,29232.77
2022,72,DEPARTMENT OF CORRECTION,2016-09-19T00:00:00.000,QUEENS,ROOFER,CEASED,319.55,per Day,786,35885.06,124.75,6881.79,6920.57
2022,72,DEPARTMENT OF CORRECTION,2014-10-30T00:00:00.000,QUEENS,CORRECTION OFFICER,CEASED,92073.00,per Annum,180.55,7970.21,0,0.00,4058.87
2022,72,DEPARTMENT OF CORRECTION,2016-11-28T00:00:00.000,QUEENS,PSYCHOLOGIST,CEASED,57.53,per Hour,566.5,32590.82,0,0.00,0.00
2022,72,DEPARTMENT OF CORRECTION,2018-01-08T00:00:00.000,QUEENS,CORRECTION OFFICER,CEASED,45330.00,per Annum,0,-158.43,0,0.00,79.22
2022,72,DEPARTMENT OF CORRECTION,2017-06-19T00:00:00.000,QUEENS,CORRECTION OFFICER,ON LEAVE,62166.00,per Annum,1040,19052.92,0,0.00,117966.08
2022,72,DEPARTMENT OF CORRECTION,2016-12-19T00:00:00.000,QUEENS,CORRECTION OFFICER,ON LEAVE,92073.00,per Annum,2080,25355.46,0,0.00,7375.38
2022,72,DEPARTMENT OF CORRECTION,2013-09-26T00:00:00.000,QUEENS,CAPTAIN,ACTIVE,95463.00,per Annum,2080,96413.33,1168.75,60827.64,11175.25
2022,72,DEPARTMENT OF CORRECTION,2017-06-19T00:00:00.000,QUEENS,CORRECTION OFFICER,ACTIVE,67196.00,per Annum,1628.57,23888.02,0,0.00,3584.07
2022,72,DEPARTMENT OF CORRECTION,2014-10-30T00:00:00.000,QUEENS,CORRECTION OFFICER,ACTIVE,92073.00,per Annum,2080,90316.97,162.5,11300.65,12603.87
2022,72,DEPARTMENT OF CORRECTION,2014-10-30T00:00:00.000,QUEENS,CAPTAIN,ACTIVE,96208.00,per Annum,2080,97201.19,1575,61862.26,17380.30
2022,72,DEPARTMENT OF CORRECTION,2014-05-08T00:00:00.000,QUEENS,CORRECTION OFFICER,ACTIVE,92073.00,per Annum,2080,91444.85,433.47,16887.75,14232.47
2022,72,DEPARTMENT OF CORRECTION,2001-10-11T00:00:00.000,QUEENS,CORRECTION OFFICER,ACTIVE,92073.00,per Annum,2080,91820.81,2092.17,83282.28,24175.78
2022,72,DEPARTMENT OF CORRECTION,2019-02-11T00:00:00.000,QUEENS,CORRECTION OFFICER,CEASED,45330.00,per Annum,0,0.00,0,0.00,-179.60
2022,72,DEPARTMENT OF CORRECTION,2014-10-20T00:00:00.000,QUEENS,SENIOR STATIONARY ENGINEER,ACTIVE,581.12,per Day,2080,151091.20,2184.25,231869.28,871.68
2022,72,DEPARTMENT OF CORRECTION,1993-05-10T00:00:00.000,QUEENS,FOOD SERVICE MANAGER,ACTIVE,63020.00,per Annum,1820,62847.45,14,620.19,5638.93
2022,72,DEPARTMENT OF CORRECTION,2004-02-12T00:00:00.000,QUEENS,CORRECTION OFFICER,ACTIVE,92073.00,per Annum,2080,91820.81,2114.85,82360.84,24968.21
2022,72,DEPARTMENT OF CORRECTION,2021-07-01T00:00:00.000,QUEENS,FIRST DEPUTY COMMISSIONER,CEASED,220000.00,per Annum,983,118497.91,0,0.00,0.00
2022,72,DEPARTMENT OF CORRECTION,2013-09-26T00:00:00.000,QUEENS,CORRECTION OFFICER,ACTIVE,92073.00,per Annum,1993.15,87986.27,288.52,19653.57,14027.29
2022,72,DEPARTMENT OF CORRECTION,2012-04-26T00:00:00.000,QUEENS,CORRECTION OFFICER,ACTIVE,92073.00,per Annum,2080,86546.42,278.5,19386.92,12056.78
2022,72,DEPARTMENT OF CORRECTION,2016-03-07T00:00:00.000,QUEENS,COMMUNITY COORDINATOR,ACTIVE,73026.00,per Annum,1820,72825.99,654.5,35678.67,1249.25
2022,72,DEPARTMENT OF CORRECTION,2017-06-19T00:00:00.000,QUEENS,CORRECTION OFFICER,CEASED,67196.00,per Annum,1104,33073.31,126.17,3061.38,6996.80
2022,72,DEPARTMENT OF CORRECTION,2006-06-29T00:00:00.000,MANHATTAN,CORRECTION OFFICER,ACTIVE,92073.00,per Annum,2080,91820.81,23.97,926.28,14456.55
2022,72,DEPARTMENT OF CORRECTION,2016-12-19T00:00:00.000,QUEENS,CORRECTION OFFICER,ACTIVE,92073.00,per Annum,2080,67011.88,1269,34753.11,11949.08
2022,72,DEPARTMENT OF CORRECTION,2016-06-27T00:00:00.000,QUEENS,CORRECTION OFFICER,ACTIVE,92073.00,per Annum,2036.6,74954.89,45.48,2297.97,12979.34
2022,72,DEPARTMENT OF CORRECTION,2004-02-12T00:00:00.000,QUEENS,CAPTAIN,ACTIVE,95463.00,per Annum,2080,96448.15,0,253.92,11649.76
2022,72,DEPARTMENT OF CORRECTION,1989-07-24T00:00:00.000,QUEENS,FOOD SERVICE MANAGER,ACTIVE,62941.00,per Annum,1730,60354.49,9.25,341.61,4572.01
2022,72,DEPARTMENT OF CORRECTION,2018-07-23T00:00:00.000,QUEENS,CORRECTION OFFICER,CEASED,45330.00,per Annum,0,0.00,0,0.00,64.77
2022,72,DEPARTMENT OF CORRECTION,2016-12-19T00:00:00.000,QUEENS,CORRECTION OFFICER,ACTIVE,92073.00,per Annum,2080,61564.48,268.62,13035.93,7616.64
2022,72,DEPARTMENT OF CORRECTION,2015-08-06T00:00:00.000,QUEENS,CORRECTION OFFICER,ON LEAVE,92073.00,per Annum,1434.28,56520.67,0,0.00,10139.83
2022,72,DEPARTMENT OF CORRECTION,2018-07-23T00:00:00.000,QUEENS,CORRECTION OFFICER,ACTIVE,62166.00,per Annum,2080,56888.43,868.97,36416.68,4750.60
2022,72,DEPARTMENT OF CORRECTION,2005-01-13T00:00:00.000,QUEENS,CORRECTION OFFICER,CEASED,92073.00,per Annum,1848,81579.22,38,1474.96,28965.27
2022,72,DEPARTMENT OF CORRECTION,1996-11-14T00:00:00.000,QUEENS,CORRECTION OFFICER,CEASED,92073.00,per Annum,1104,48735.36,0,0.00,32317.92
2022,72,DEPARTMENT OF CORRECTION,1999-02-11T00:00:00.000,BRONX,CORRECTION OFFICER,ON SEPARATION LEAVE,92073.00,per Annum,2080,91444.85,0,0.00,16389.03
2022,72,DEPARTMENT OF CORRECTION,2015-08-06T00:00:00.000,QUEENS,CORRECTION OFFICER,ACTIVE,92073.00,per Annum,782.85,34182.97,800,30471.56,5898.27
2022,72,DEPARTMENT OF CORRECTION,2017-06-19T00:00:00.000,BRONX,CORRECTION OFFICER,ACTIVE,67196.00,per Annum,2080,63502.21,12.5,318.30,5175.85
2022,72,DEPARTMENT OF CORRECTION,2004-08-12T00:00:00.000,BRONX,CORRECTION OFFICER,ACTIVE,92073.00,per Annum,2080,91561.09,960.03,67336.96,14806.95
2022,72,DEPARTMENT OF CORRECTION,2013-09-26T00:00:00.000,QUEENS,CORRECTION OFFICER,ACTIVE,92073.00,per Annum,2080,91820.81,711.5,49471.71,14694.09
2022,72,DEPARTMENT OF CORRECTION,2006-06-29T00:00:00.000,QUEENS,CAPTAIN,ACTIVE,118056.00,per Annum,2080,98883.43,721.98,53579.08,11741.67
2022,72,DEPARTMENT OF CORRECTION,2021-09-30T00:00:00.000,QUEENS,CORRECTION OFFICER,ACTIVE,47857.00,per Annum,1496,33360.89,360.73,12402.05,2299.65
2022,72,DEPARTMENT OF CORRECTION,2018-01-08T00:00:00.000,QUEENS,CORRECTION OFFICER,CEASED,62166.00,per Annum,672.3,18422.62,268.9,5946.99,3301.00
2022,72,DEPARTMENT OF CORRECTION,2001-12-20T00:00:00.000,QUEENS,CAPTAIN,CEASED,118056.00,per Annum,1280,74193.66,64,3149.92,15724.08
2022,72,DEPARTMENT OF CORRECTION,2006-06-29T00:00:00.000,MANHATTAN,CORRECTION OFFICER,CEASED,92073.00,per Annum,1108.05,48538.17,31,1203.29,27313.36
2022,72,DEPARTMENT OF CORRECTION,2016-06-27T00:00:00.000,QUEENS,CORRECTION OFFICER,ACTIVE,92073.00,per Annum,1778.28,67911.68,414.98,26884.44,10017.12
2022,72,DEPARTMENT OF CORRECTION,2019-08-12T00:00:00.000,QUEENS,STEAM FITTER,CEASED,385.00,per Day,980,53871.58,179.75,19772.50,18078.50
2022,72,DEPARTMENT OF CORRECTION,2019-02-11T00:00:00.000,QUEENS,CORRECTION OFFICER,CEASED,50695.00,per Annum,-240,-2913.86,0,-21.54,1857.90
2022,72,DEPARTMENT OF CORRECTION,2004-12-16T00:00:00.000,QUEENS,CORRECTION OFFICER,ACTIVE,92073.00,per Annum,2080,91820.81,1589.52,68290.79,19023.50
2022,72,DEPARTMENT OF CORRECTION,2008-11-20T00:00:00.000,QUEENS,CORRECTION OFFICER,ACTIVE,92073.00,per Annum,2080,91444.85,986.08,48241.66,16147.58
2022,72,DEPARTMENT OF CORRECTION,2006-11-09T00:00:00.000,QUEENS,CORRECTION OFFICER,ON LEAVE,92073.00,per Annum,2016,84614.43,0,0.00,10758.68
2022,72,DEPARTMENT OF CORRECTION,2005-05-30T00:00:00.000,BRONX,CORRECTION OFFICER,ON SEPARATION LEAVE,92073.00,per Annum,2080,91820.81,0,0.00,15643.90
2022,72,DEPARTMENT OF CORRECTION,2017-06-19T00:00:00.000,QUEENS,CORRECTION OFFICER,ACTIVE,67196.00,per Annum,2080,63977.40,14.5,403.38,5492.37
2022,72,DEPARTMENT OF CORRECTION,2016-06-27T00:00:00.000,QUEENS,CORRECTION OFFICER,CEASED,67196.00,per Annum,800,25773.80,0,0.00,4389.94
2022,72,DEPARTMENT OF CORRECTION,2011-05-26T00:00:00.000,QUEENS,CORRECTION OFFICER,ACTIVE,92073.00,per Annum,2080,91820.81,2052.5,80488.60,21349.46
2022,72,DEPARTMENT OF CORRECTION,2012-09-06T00:00:00.000,QUEENS,CORRECTION OFFICER,ACTIVE,92073.00,per Annum,2080,91820.81,828.48,44500.91,16372.71
2022,72,DEPARTMENT OF CORRECTION,2019-07-15T00:00:00.000,QUEENS,CHAPLAIN,ACTIVE,32.12,per Hour,327.75,10333.08,0,0.00,0.00
2022,72,DEPARTMENT OF CORRECTION,2013-09-26T00:00:00.000,QUEENS,CORRECTION OFFICER,ACTIVE,92073.00,per Annum,2080,83905.78,38.52,2642.39,12160.80
2022,72,DEPARTMENT OF CORRECTION,2007-08-30T00:00:00.000,BRONX,CORRECTION OFFICER,ACTIVE,92073.00,per Annum,2080,91444.85,97,6651.11,12190.34
2022,72,DEPARTMENT OF CORRECTION,2018-01-08T00:00:00.000,QUEENS,CORRECTION OFFICER,ACTIVE,62166.00,per Annum,2080,60035.85,1971.77,46656.98,8811.88
2022,72,DEPARTMENT OF CORRECTION,2015-03-05T00:00:00.000,QUEENS,CORRECTION OFFICER,ACTIVE,92073.00,per Annum,2048,90407.96,1205.53,46468.08,16318.81
2022,72,DEPARTMENT OF CORRECTION,2014-01-13T00:00:00.000,QUEENS,ADMINISTRATIVE ARCHITECT,CEASED,156958.00,per Annum,280,24081.24,0,0.00,3006.85
2022,72,DEPARTMENT OF CORRECTION,2017-03-06T00:00:00.000,QUEENS,CITY MEDICAL SPECIALIST,ACTIVE,91.16,per Hour,2052.88,187215.89,8,729.28,19982.59
2022,72,DEPARTMENT OF CORRECTION,2008-01-17T00:00:00.000,QUEENS,CORRECTION OFFICER,ACTIVE,92073.00,per Annum,2080,91820.81,0,0.00,13299.81
2022,72,DEPARTMENT OF CORRECTION,2007-04-12T00:00:00.000,QUEENS,CAPTAIN,ACTIVE,118056.00,per Annum,2080,119121.58,0,557.81,11513.25
2022,72,DEPARTMENT OF CORRECTION,2016-06-27T00:00:00.000,QUEENS,CORRECTION OFFICER,ACTIVE,92073.00,per Annum,2080,78649.30,24.27,1252.74,11367.03
2022,72,DEPARTMENT OF CORRECTION,2001-06-07T00:00:00.000,QUEENS,CORRECTION OFFICER,ACTIVE,92073.00,per Annum,2080,91488.99,311.5,22609.63,17575.21
2022,72,DEPARTMENT OF CORRECTION,2004-02-12T00:00:00.000,QUEENS,CORRECTION OFFICER,ACTIVE,92073.00,per Annum,2080,91820.81,190,12443.58,14521.79
2022,72,DEPARTMENT OF CORRECTION,2000-06-01T00:00:00.000,QUEENS,CAPTAIN,ACTIVE,118056.00,per Annum,2080,119563.13,1611.25,113703.84,17431.43
2022,72,DEPARTMENT OF CORRECTION,2015-03-05T00:00:00.000,QUEENS,CORRECTION OFFICER,ACTIVE,92073.00,per Annum,2080,91820.81,679.6,44272.98,12527.27
2022,72,DEPARTMENT OF CORRECTION,2016-12-19T00:00:00.000,BRONX,CORRECTION OFFICER,ACTIVE,92073.00,per Annum,2080,67011.88,1147.5,30118.32,12884.06
2022,72,DEPARTMENT OF CORRECTION,2018-07-23T00:00:00.000,QUEENS,CORRECTION OFFICER,CEASED,56318.00,per Annum,-16,52309.97,0,0.00,6278.16
2022,72,DEPARTMENT OF CORRECTION,2016-01-14T00:00:00.000,QUEENS,CORRECTION OFFICER,ACTIVE,92073.00,per Annum,2080,90185.07,334,21541.75,12164.04
2022,72,DEPARTMENT OF CORRECTION,2007-08-30T00:00:00.000,MANHATTAN,CORRECTION OFFICER,ACTIVE,92073.00,per Annum,2080,91444.85,932.3,36723.49,20507.61
2022,72,DEPARTMENT OF CORRECTION,2012-04-26T00:00:00.000,MANHATTAN,CORRECTION OFFICER,CEASED,92073.00,per Annum,960,44252.39,0,0.00,14934.51
2022,72,DEPARTMENT OF CORRECTION,2017-06-19T00:00:00.000,QUEENS,CORRECTION OFFICER,CEASED,62166.00,per Annum,80,172.33,0,-129.90,-1101.40
2022,72,DEPARTMENT OF CORRECTION,2016-06-27T00:00:00.000,QUEENS,CORRECTION OFFICER,ACTIVE,92073.00,per Annum,2080,78939.25,1086.85,41642.49,14420.16
2022,72,DEPARTMENT OF CORRECTION,2016-12-19T00:00:00.000,QUEENS,CORRECTION OFFICER,ACTIVE,92073.00,per Annum,1952,51777.75,635.17,31434.05,7524.39
2022,72,DEPARTMENT OF CORRECTION,2004-08-12T00:00:00.000,BRONX,CAPTAIN,ACTIVE,118056.00,per Annum,1965.72,113282.74,602.25,51025.62,15597.18
2022,72,DEPARTMENT OF CORRECTION,2006-12-07T00:00:00.000,QUEENS,CORRECTION OFFICER,ACTIVE,92073.00,per Annum,2080,91820.81,0,0.00,13454.87
2022,72,DEPARTMENT OF CORRECTION,1999-05-03T00:00:00.000,BRONX,DIETITIAN,ACTIVE,59248.00,per Annum,1820,63431.40,0,0.00,10980.27
2022,72,DEPARTMENT OF CORRECTION,2021-06-01T00:00:00.000,QUEENS,COMMISSIONER,CEASED,243171.00,per Annum,973,129646.01,0,0.00,6995.33
2022,72,DEPARTMENT OF CORRECTION,2019-08-19T00:00:00.000,MANHATTAN,*COOK,ACTIVE,41388.00,per Annum,1760,13509.14,0,0.00,2151.66
2022,72,DEPARTMENT OF CORRECTION,2018-01-08T00:00:00.000,QUEENS,CORRECTION OFFICER,CEASED,62166.00,per Annum,1280,35319.29,392.83,9133.04,5769.99
2022,72,DEPARTMENT OF CORRECTION,2016-06-27T00:00:00.000,QUEENS,CORRECTION OFFICER,CEASED,67196.00,per Annum,640,20619.04,46,1298.87,5450.82
2022,72,DEPARTMENT OF CORRECTION,2017-06-19T00:00:00.000,BRONX,CORRECTION OFFICER,ACTIVE,67196.00,per Annum,2080,64517.57,14.5,677.37,5159.88
2022,72,DEPARTMENT OF CORRECTION,1999-04-01T00:00:00.000,MANHATTAN,CORRECTION OFFICER,ACTIVE,92073.00,per Annum,2080,91820.81,0,0.00,27436.95
2022,72,DEPARTMENT OF CORRECTION,2008-08-07T00:00:00.000,QUEENS,CORRECTION OFFICER,CEASED,92073.00,per Annum,-80,-3531.57,0,0.00,1957.94
2022,72,DEPARTMENT OF CORRECTION,2014-10-30T00:00:00.000,QUEENS,CORRECTION OFFICER,CEASED,92073.00,per Annum,800,25164.77,3,208.63,16863.07
2022,72,DEPARTMENT OF CORRECTION,2008-11-20T00:00:00.000,QUEENS,CORRECTION OFFICER,ACTIVE,92073.00,per Annum,2032,86215.88,26.78,1617.81,12846.92
2022,72,DEPARTMENT OF CORRECTION,2006-12-07T00:00:00.000,QUEENS,WARDEN-ASSISTANT DEPUTY WARDEN TED < 11/1/92,ACTIVE,119754.00,per Annum,2080,118130.20,92,4652.04,11472.75
2022,72,DEPARTMENT OF CORRECTION,2018-07-23T00:00:00.000,QUEENS,CORRECTION OFFICER,ACTIVE,62166.00,per Annum,2080,52887.82,594.65,16511.21,7207.38
2022,72,DEPARTMENT OF CORRECTION,2005-06-09T00:00:00.000,QUEENS,CORRECTION OFFICER,ACTIVE,92073.00,per Annum,2080,91820.81,685.62,48375.02,14639.42
2022,72,DEPARTMENT OF CORRECTION,2018-07-23T00:00:00.000,QUEENS,CORRECTION OFFICER,ACTIVE,62166.00,per Annum,1949.72,53277.49,670.92,26591.39,5072.33
2022,72,DEPARTMENT OF CORRECTION,2016-06-27T00:00:00.000,BRONX,CORRECTION OFFICER,CEASED,67196.00,per Annum,979.12,31544.38,169.25,8690.60,6149.31
2022,836,DEPARTMENT OF FINANCE,1993-09-07T00:00:00.000,QUEENS,PRINCIPAL ADMINISTRATIVE ASSOCIATE -  NON SUPVR,ACTIVE,61156.00,per Annum,980,26975.67,0,0.00,1542.28
2022,836,DEPARTMENT OF FINANCE,2022-04-04T00:00:00.000,MANHATTAN,COMMUNITY ASSOCIATE,ACTIVE,55323.00,per Annum,385,11670.89,0,0.00,8.25
2022,836,DEPARTMENT OF FINANCE,2000-10-30T00:00:00.000,MANHATTAN,CITY TAX AUDITOR,ON LEAVE,76614.00,per Annum,1477,64670.59,0,0.00,8187.76
2022,836,DEPARTMENT OF FINANCE,1994-07-01T00:00:00.000,MANHATTAN,ASSOCIATE STAFF ANALYST,CEASED,79917.00,per Annum,0,2887.33,0,0.00,0.00
2022,836,DEPARTMENT OF FINANCE,1988-03-07T00:00:00.000,MANHATTAN,PRINCIPAL ADMINISTRATIVE ASSOCIATE -  NON SUPVR,ACTIVE,84209.00,per Annum,1820,83978.19,0,0.00,4341.22
2022,836,DEPARTMENT OF FINANCE,2019-04-15T00:00:00.000,MANHATTAN,PRINCIPAL ADMINISTRATIVE ASSOCIATE -  NON SUPVR,CEASED,54531.00,per Annum,910,27190.80,0,0.00,883.50
2022,836,DEPARTMENT OF FINANCE,1995-07-09T00:00:00.000,QUEENS,DEPUTY CITY SHERIFF - NON-SPVR,CEASED,104210.00,per Annum,0,6904.68,0,1915.24,92.86
2022,836,DEPARTMENT OF FINANCE,2006-06-05T00:00:00.000,QUEENS,CITY TAX AUDITOR,ACTIVE,64415.00,per Annum,1820,63920.80,8.5,329.29,5192.81
2022,836,DEPARTMENT OF FINANCE,2015-07-06T00:00:00.000,QUEENS,CITY ASSESSOR,ACTIVE,70457.00,per Annum,1820,69993.71,0,0.00,351.39
2022,836,DEPARTMENT OF FINANCE,1987-02-23T00:00:00.000,MANHATTAN,CITY TAX AUDITOR,ACTIVE,81731.00,per Annum,1820,81507.14,0,0.00,9673.31
2022,836,DEPARTMENT OF FINANCE,2015-11-09T00:00:00.000,BROOKLYN,CLERICAL ASSOCIATE,ACTIVE,41848.00,per Annum,1820,41733.38,120.25,2848.26,462.86
2022,836,DEPARTMENT OF FINANCE,2016-04-18T00:00:00.000,QUEENS,DEPUTY CITY SHERIFF - NON-SPVR,ACTIVE,92073.00,per Annum,2080,93495.70,324.5,24001.20,5262.97
2022,836,DEPARTMENT OF FINANCE,2014-06-16T00:00:00.000,MANHATTAN,TELECOMMUNICATIONS ASSOCIATE,ACTIVE,54022.00,per Annum,1820,53874.08,165.75,6946.36,6188.85
2022,836,DEPARTMENT OF FINANCE,2018-01-02T00:00:00.000,MANHATTAN,CITY TAX AUDITOR,ACTIVE,64415.00,per Annum,1820,64238.46,0,0.00,2366.51
2022,836,DEPARTMENT OF FINANCE,2018-01-02T00:00:00.000,MANHATTAN,CITY TAX AUDITOR,ACTIVE,64415.00,per Annum,1820,59102.46,0,0.00,2366.51
2022,836,DEPARTMENT OF FINANCE,1990-10-15T00:00:00.000,MANHATTAN,PRINCIPAL ADMINISTRATIVE ASSOCIATE -  NON SUPVR,ACTIVE,61085.00,per Annum,1820,57403.24,0,0.00,4090.72
2022,836,DEPARTMENT OF FINANCE,2016-04-18T00:00:00.000,MANHATTAN,CITY TAX AUDITOR,CEASED,64415.00,per Annum,609.65,21517.97,0,0.00,2005.29
2022,836,DEPARTMENT OF FINANCE,1989-07-31T00:00:00.000,MANHATTAN,ADMINISTRATIVE TAX AUDITOR,ACTIVE,112270.00,per Annum,1820,111962.50,0,0.00,0.00
2022,836,DEPARTMENT OF FINANCE,2001-06-28T00:00:00.000,MANHATTAN,HEARING OFFICER,ACTIVE,57.99,per Hour,1095.32,60943.47,0,0.00,0.00
2022,836,DEPARTMENT OF FINANCE,2017-02-13T00:00:00.000,MANHATTAN,CITY TAX AUDITOR,ACTIVE,64415.00,per Annum,1820,64238.46,0,0.00,3230.09
2022,836,DEPARTMENT OF FINANCE,1990-07-23T00:00:00.000,MANHATTAN,CLERICAL ASSOCIATE,ACTIVE,42116.00,per Annum,1820,42000.66,6.5,187.57,5147.82
2022,836,DEPARTMENT OF FINANCE,1994-07-18T00:00:00.000,MANHATTAN,CITY TAX AUDITOR,ACTIVE,82147.00,per Annum,1820,81921.84,0,0.00,16550.31
2022,836,DEPARTMENT OF FINANCE,2014-10-20T00:00:00.000,BROOKLYN,CITY ASSESSOR,CEASED,80638.00,per Annum,245,10825.24,0,0.00,66.30
2022,836,DEPARTMENT OF FINANCE,2013-08-12T00:00:00.000,MANHATTAN,CITY TAX AUDITOR,ACTIVE,64469.00,per Annum,1820,64292.28,0,0.00,6345.56
2022,836,DEPARTMENT OF FINANCE,1982-02-09T00:00:00.000,MANHATTAN,COMPUTER SPECIALIST,CEASED,122746.00,per Annum,1817.8,122261.39,5,352.59,6085.93
2022,836,DEPARTMENT OF FINANCE,2020-03-02T00:00:00.000,MANHATTAN,ADMINISTRATIVE STAFF ANALYST,ACTIVE,114031.00,per Annum,1820,115487.68,0,0.00,1411.61
2022,836,DEPARTMENT OF FINANCE,2019-04-15T00:00:00.000,MANHATTAN,CERTIFIED IT ADMINISTRATOR,ACTIVE,133900.00,per Annum,1820,133533.14,89,7237.51,5400.07
2022,836,DEPARTMENT OF FINANCE,2001-02-12T00:00:00.000,MANHATTAN,CLERICAL ASSOCIATE,ACTIVE,62844.00,per Annum,1820,62671.71,4,148.87,5136.83
2022,836,DEPARTMENT OF FINANCE,1993-05-24T00:00:00.000,QUEENS,PRINCIPAL ADMINISTRATIVE ASSOCIATE -  NON SUPVR,CEASED,82272.00,per Annum,868,39129.80,0,0.00,2070.44
2022,836,DEPARTMENT OF FINANCE,1989-05-15T00:00:00.000,MANHATTAN,*ATTORNEY AT LAW,ACTIVE,98889.00,per Annum,1820,98618.01,0,0.00,17377.36
2022,836,DEPARTMENT OF FINANCE,2021-12-20T00:00:00.000,QUEENS,ADMINISTRATIVE STAFF ANALYST,ACTIVE,84451.00,per Annum,910,42109.86,4.25,202.66,1331.33
2022,836,DEPARTMENT OF FINANCE,1994-07-01T00:00:00.000,MANHATTAN,ADM MANAGER-NON-MGRL,ACTIVE,91566.00,per Annum,1820,91315.12,0,0.00,1764.35
2022,836,DEPARTMENT OF FINANCE,2022-05-16T00:00:00.000,QUEENS,DEPUTY CITY SHERIFF - NON-SPVR,ACTIVE,36577.00,per Annum,200,3507.38,0,0.00,0.00
2022,836,DEPARTMENT OF FINANCE,1983-11-07T00:00:00.000,BROOKLYN,ADM MANAGER-NON-MGRL,ACTIVE,83039.00,per Annum,1820,81952.26,0,0.00,1764.35
2022,836,DEPARTMENT OF FINANCE,2013-10-13T00:00:00.000,MANHATTAN,COMPUTER SYSTEMS MANAGER,ACTIVE,138364.00,per Annum,1820,137984.86,0,0.00,0.00
2022,836,DEPARTMENT OF FINANCE,2008-04-07T00:00:00.000,MANHATTAN,PRINCIPAL ADMINISTRATIVE ASSOCIATE -  NON SUPVR,ACTIVE,83063.00,per Annum,1820,82835.48,43.25,2282.18,3359.23
2022,836,DEPARTMENT OF FINANCE,2018-10-29T00:00:00.000,BROOKLYN,COMPUTER SPECIALIST,CEASED,98177.00,per Annum,1344,72301.17,0,0.00,16327.61
2022,836,DEPARTMENT OF FINANCE,1994-10-24T00:00:00.000,BROOKLYN,SUPERVISING DEPUTY SHERIFF - AL 1 ONLY 40 HR,ACTIVE,118977.00,per Annum,1820,133602.34,1173,126614.55,14358.20
2022,836,DEPARTMENT OF FINANCE,1987-08-10T00:00:00.000,MANHATTAN,CITY TAX AUDITOR,ACTIVE,82147.00,per Annum,1820,81921.84,0,0.00,16550.31
2022,836,DEPARTMENT OF FINANCE,1994-05-12T00:00:00.000,MANHATTAN,COMPUTER AIDE-NON-SPVR,ACTIVE,65547.00,per Annum,1820,65367.38,0,0.00,6069.19
2022,836,DEPARTMENT OF FINANCE,2017-06-05T00:00:00.000,BROOKLYN,DEPUTY CITY SHERIFF - NON-SPVR,ACTIVE,68144.00,per Annum,2080,74735.26,342.5,19518.90,3870.20
2022,836,DEPARTMENT OF FINANCE,2016-01-04T00:00:00.000,MANHATTAN,CITY TAX AUDITOR,ACTIVE,64415.00,per Annum,1820,64238.46,0,0.00,6845.55
2022,836,DEPARTMENT OF FINANCE,2004-03-01T00:00:00.000,BROOKLYN,CLERICAL ASSOCIATE,ACTIVE,41848.00,per Annum,1820,41733.38,0,0.00,4293.38
2022,836,DEPARTMENT OF FINANCE,2019-07-22T00:00:00.000,MANHATTAN,ASSOCIATE STAFF ANALYST,ACTIVE,89535.00,per Annum,1820,97495.11,0,0.00,4665.33
2022,836,DEPARTMENT OF FINANCE,2004-03-01T00:00:00.000,MANHATTAN,CLERICAL AIDE,ACTIVE,37777.00,per Annum,1820,37673.48,0,0.00,3036.30
2022,836,DEPARTMENT OF FINANCE,2018-06-25T00:00:00.000,QUEENS,SPECIAL OFFICER,ACTIVE,50207.00,per Annum,2000,42173.98,264.75,9798.18,4675.72
2022,836,DEPARTMENT OF FINANCE,1994-07-01T00:00:00.000,MANHATTAN,PRINCIPAL ADMINISTRATIVE ASSOCIATE -  NON SUPVR,CEASED,63444.00,per Annum,1101.68,38298.56,0,0.00,1068.03
2022,836,DEPARTMENT OF FINANCE,2016-09-12T00:00:00.000,MANHATTAN,ADMINISTRATIVE CITY PLANNER,ACTIVE,147290.00,per Annum,1820,117843.19,87.25,7443.24,2687.44
2022,836,DEPARTMENT OF FINANCE,2010-05-03T00:00:00.000,MANHATTAN,COMPUTER SYSTEMS MANAGER,ACTIVE,148253.00,per Annum,1820,147846.92,0,0.00,137.50
2022,836,DEPARTMENT OF FINANCE,2018-12-24T00:00:00.000,QUEENS,ASSISTANT CITY ASSESSOR,ACTIVE,50848.00,per Annum,1820,50708.59,0,0.00,0.00
2022,836,DEPARTMENT OF FINANCE,2016-08-22T00:00:00.000,MANHATTAN,CITY TAX AUDITOR,ACTIVE,64415.00,per Annum,1820,64238.46,0,0.00,5219.61
2022,836,DEPARTMENT OF FINANCE,2018-11-26T00:00:00.000,MANHATTAN,CLERICAL ASSOCIATE,ACTIVE,46033.00,per Annum,1820,43499.10,0,0.00,1806.50
2022,836,DEPARTMENT OF FINANCE,2019-05-15T00:00:00.000,MANHATTAN,HEARING OFFICER,CEASED,54.93,per Hour,406.72,22340.97,0,0.00,0.00
2022,836,DEPARTMENT OF FINANCE,1995-07-09T00:00:00.000,QUEENS,CLERICAL ASSOCIATE,ACTIVE,46287.00,per Annum,1820,46160.14,152.5,4606.78,5414.85
2022,836,DEPARTMENT OF FINANCE,2018-08-29T00:00:00.000,MANHATTAN,COMMUNITY COORDINATOR,ACTIVE,83981.00,per Annum,1820,83750.93,18.75,982.52,64.01
2022,836,DEPARTMENT OF FINANCE,2002-10-07T00:00:00.000,MANHATTAN,CLERICAL AIDE,ACTIVE,41107.00,per Annum,1806,40679.12,1,24.58,3762.18
2022,836,DEPARTMENT OF FINANCE,2014-02-18T00:00:00.000,MANHATTAN,PRINCIPAL ADMINISTRATIVE ASSOCIATE -  NON SUPVR,ON LEAVE,61015.00,per Annum,1260,42125.40,77.5,3292.37,1155.64
2022,836,DEPARTMENT OF FINANCE,2015-05-26T00:00:00.000,MANHATTAN,CITY TAX AUDITOR,ACTIVE,76198.00,per Annum,1820,70113.81,0,0.00,6345.56
2022,836,DEPARTMENT OF FINANCE,1996-09-03T00:00:00.000,MANHATTAN,ADMINISTRATIVE TAX AUDITOR,ACTIVE,112270.00,per Annum,1820,111962.50,0,0.00,797.69
2022,836,DEPARTMENT OF FINANCE,2006-07-05T00:00:00.000,MANHATTAN,ADMINISTRATIVE STAFF ANALYST,ACTIVE,123100.00,per Annum,1820,145174.44,0,0.00,1732.95
2022,836,DEPARTMENT OF FINANCE,1985-06-24T00:00:00.000,MANHATTAN,ADMINISTRATIVE TAX AUDITOR,ACTIVE,125645.00,per Annum,1820,125300.76,0,0.00,797.69
2022,836,DEPARTMENT OF FINANCE,2004-03-22T00:00:00.000,BROOKLYN,CLERICAL ASSOCIATE,ACTIVE,45195.00,per Annum,1820,43944.48,0,0.00,3958.13
2022,836,DEPARTMENT OF FINANCE,2018-12-24T00:00:00.000,QUEENS,CITY ASSESSOR,ACTIVE,70457.00,per Annum,1820,55597.44,0,0.00,0.00
2022,836,DEPARTMENT OF FINANCE,2017-03-27T00:00:00.000,MANHATTAN,PRINCIPAL ADMINISTRATIVE ASSOCIATE -  NON SUPVR,ACTIVE,54531.00,per Annum,1820,50198.40,0,0.00,2686.09
2022,836,DEPARTMENT OF FINANCE,1989-09-25T00:00:00.000,QUEENS,PRINCIPAL ADMINISTRATIVE ASSOCIATE -  NON SUPVR,ACTIVE,61233.00,per Annum,1820,61065.16,84,3325.11,4341.22
2022,836,DEPARTMENT OF FINANCE,2015-07-06T00:00:00.000,QUEENS,CITY ASSESSOR,ON LEAVE,93519.00,per Annum,1750,65453.07,0,0.00,737.69
2022,836,DEPARTMENT OF FINANCE,2001-12-10T00:00:00.000,MANHATTAN,CITY TAX AUDITOR,ACTIVE,55116.00,per Annum,1820,54965.04,0,0.00,9191.78
2022,836,DEPARTMENT OF FINANCE,2019-03-18T00:00:00.000,MANHATTAN,PROCUREMENT ANALYST,ACTIVE,65306.00,per Annum,525,18250.16,0,0.00,83.87
2022,836,DEPARTMENT OF FINANCE,1998-07-27T00:00:00.000,QUEENS,SUPERVISING SPECIAL OFFICER,ACTIVE,55930.00,per Annum,2080,55776.76,25,1013.50,1998.68
2022,836,DEPARTMENT OF FINANCE,2013-04-08T00:00:00.000,MANHATTAN,COMPUTER SPECIALIST,ACTIVE,106023.00,per Annum,1820,105732.63,0,0.00,5290.87
2022,836,DEPARTMENT OF FINANCE,2021-05-18T00:00:00.000,MANHATTAN,HEARING OFFICER,ACTIVE,57.99,per Hour,686.75,38256.01,0,0.00,0.00
2022,836,DEPARTMENT OF FINANCE,2013-12-16T00:00:00.000,MANHATTAN,DEPUTY CITY SHERIFF - NON-SPVR,ACTIVE,92073.00,per Annum,2080,104904.05,1001.75,81413.08,6801.49
2022,836,DEPARTMENT OF FINANCE,2014-07-07T00:00:00.000,BROOKLYN,PRINCIPAL ADMINISTRATIVE ASSOCIATE -  NON SUPVR,ACTIVE,54531.00,per Annum,1820,54381.60,43,1438.01,2576.86
2022,836,DEPARTMENT OF FINANCE,2017-03-27T00:00:00.000,MANHATTAN,PRINCIPAL ADMINISTRATIVE ASSOCIATE -  NON SUPVR,ACTIVE,54531.00,per Annum,1820,54381.60,0,0.00,2176.30
2022,836,DEPARTMENT OF FINANCE,2013-01-07T00:00:00.000,MANHATTAN,AGENCY CHIEF CONTRACTING OFFICER,CEASED,160925.00,per Annum,315,27775.82,0,0.00,11285.90
2022,836,DEPARTMENT OF FINANCE,2014-03-31T00:00:00.000,MANHATTAN,CITY TAX AUDITOR,ON LEAVE,76457.00,per Annum,406,17008.83,0,0.00,2124.27
2022,836,DEPARTMENT OF FINANCE,1990-06-18T00:00:00.000,MANHATTAN,ADM MANAGER-NON-MGRL,ACTIVE,76270.00,per Annum,1820,75355.50,0,0.00,1764.35
2022,836,DEPARTMENT OF FINANCE,2019-03-18T00:00:00.000,MANHATTAN,DEPUTY CITY SHERIFF - NON-SPVR,ACTIVE,58718.00,per Annum,2080,63338.23,631,29270.78,2398.31
2022,836,DEPARTMENT OF FINANCE,2003-12-23T00:00:00.000,MANHATTAN,HEARING OFFICER,ACTIVE,57.99,per Hour,1807.18,100533.53,0,0.00,10320.42
2022,836,DEPARTMENT OF FINANCE,2018-12-24T00:00:00.000,BROOKLYN,CITY ASSESSOR,ACTIVE,70457.00,per Annum,1820,55597.44,0,0.00,0.00
2022,836,DEPARTMENT OF FINANCE,2000-11-20T00:00:00.000,MANHATTAN,CITY TAX AUDITOR,ACTIVE,76614.00,per Annum,1820,76404.11,0,0.00,9673.31
2022,836,DEPARTMENT OF FINANCE,2010-02-16T00:00:00.000,MANHATTAN,COMPUTER SYSTEMS MANAGER,ACTIVE,142323.00,per Annum,1820,141932.97,0,0.00,0.00
2022,836,DEPARTMENT OF FINANCE,2014-06-30T00:00:00.000,MANHATTAN,ADMINISTRATIVE STAFF ANALYST,ACTIVE,147290.00,per Annum,1820,144914.91,0,102.14,2565.15
2022,836,DEPARTMENT OF FINANCE,2019-09-30T00:00:00.000,MANHATTAN,PRINCIPAL ADMINISTRATIVE ASSOCIATE -  NON SUPVR,ACTIVE,54531.00,per Annum,1820,52413.34,0,0.00,0.00
2022,836,DEPARTMENT OF FINANCE,2010-06-28T00:00:00.000,MANHATTAN,COMPUTER SYSTEMS MANAGER,ACTIVE,148078.00,per Annum,1820,147672.20,0,0.00,90.75
2022,836,DEPARTMENT OF FINANCE,1987-11-23T00:00:00.000,MANHATTAN,ADM MANAGER-NON-MGRL,CEASED,80898.00,per Annum,318.38,14113.02,0,0.00,308.67
2022,836,DEPARTMENT OF FINANCE,2019-09-09T00:00:00.000,QUEENS,ASSISTANT CITY ASSESSOR,ACTIVE,50848.00,per Annum,1820,50708.59,0,0.00,-195.06
2022,836,DEPARTMENT OF FINANCE,2001-12-10T00:00:00.000,MANHATTAN,CITY TAX AUDITOR,ACTIVE,82133.00,per Annum,1820,81908.06,0,0.00,16550.31
2022,836,DEPARTMENT OF FINANCE,2006-12-18T00:00:00.000,MANHATTAN,PRINCIPAL ADMINISTRATIVE ASSOCIATE -  NON SUPVR,ACTIVE,67600.00,per Annum,1820,67414.88,0,0.00,4742.16
2022,836,DEPARTMENT OF FINANCE,2018-12-24T00:00:00.000,BROOKLYN,CITY ASSESSOR,ACTIVE,70457.00,per Annum,1820,55597.44,0,0.00,0.00
2022,836,DEPARTMENT OF FINANCE,1988-03-07T00:00:00.000,MANHATTAN,ADMINISTRATIVE STAFF ANALYST,ON LEAVE,94386.00,per Annum,1771,109392.61,0,0.00,4840.40
2022,836,DEPARTMENT OF FINANCE,2004-03-15T00:00:00.000,BROOKLYN,CLERICAL ASSOCIATE,ACTIVE,41848.00,per Annum,1820,41733.38,0,0.00,4293.38
2022,836,DEPARTMENT OF FINANCE,2019-06-17T00:00:00.000,MANHATTAN,CITY TAX AUDITOR,ACTIVE,64415.00,per Annum,1820,58168.64,0,0.00,0.00
2022,836,DEPARTMENT OF FINANCE,2015-02-02T00:00:00.000,BROOKLYN,COMPUTER SPECIALIST,ACTIVE,98177.00,per Annum,1820,97907.94,0,0.00,5274.37
2022,836,DEPARTMENT OF FINANCE,2017-03-27T00:00:00.000,MANHATTAN,PRINCIPAL ADMINISTRATIVE ASSOCIATE -  NON SUPVR,CEASED,54531.00,per Annum,910,24792.80,0,0.00,2606.30
2022,836,DEPARTMENT OF FINANCE,1989-09-11T00:00:00.000,MANHATTAN,PRINCIPAL ADMINISTRATIVE ASSOCIATE -  NON SUPVR,ACTIVE,79367.00,per Annum,1820,79149.46,0,0.00,4341.22
2022,836,DEPARTMENT OF FINANCE,2013-12-11T00:00:00.000,MANHATTAN,HEARING OFFICER,ACTIVE,57.99,per Hour,1335.67,74251.32,0,0.00,0.00
2022,836,DEPARTMENT OF FINANCE,2004-03-15T00:00:00.000,MANHATTAN,CLERICAL AIDE,ACTIVE,40023.00,per Annum,1820,39913.38,0,0.00,2350.41
2022,836,DEPARTMENT OF FINANCE,2011-07-05T00:00:00.000,MANHATTAN,CITY TAX AUDITOR,CEASED,81919.00,per Annum,1282.53,57569.16,0,0.00,9317.77
2022,836,DEPARTMENT OF FINANCE,1990-09-04T00:00:00.000,MANHATTAN,EXECUTIVE AGENCY COUNSEL,ACTIVE,177160.00,per Annum,1820,176674.68,0,0.00,3393.85
2022,836,DEPARTMENT OF FINANCE,2019-07-22T00:00:00.000,MANHATTAN,COMPUTER PROGRAMMER ANALYST,ACTIVE,75000.00,per Annum,1820,64889.15,0,0.00,4778.21
2022,836,DEPARTMENT OF FINANCE,2014-11-05T00:00:00.000,MANHATTAN,HEARING OFFICER,ACTIVE,57.99,per Hour,974.48,54116.51,0,0.00,0.00
2022,836,DEPARTMENT OF FINANCE,2012-06-25T00:00:00.000,MANHATTAN,ADMINISTRATIVE STAFF ANALYST,ACTIVE,92896.00,per Annum,1820,101907.68,23.25,1266.25,681.49
2022,836,DEPARTMENT OF FINANCE,2016-08-28T00:00:00.000,MANHATTAN,ADMINISTRATIVE STAFF ANALYST,ACTIVE,84451.00,per Annum,1820,88313.40,0,0.00,1346.64
2022,836,DEPARTMENT OF FINANCE,2015-11-09T00:00:00.000,MANHATTAN,CLERICAL ASSOCIATE,ACTIVE,41848.00,per Annum,1820,38202.13,12,304.64,369.39
2022,836,DEPARTMENT OF FINANCE,2004-03-01T00:00:00.000,BRONX,CLERICAL ASSOCIATE,ACTIVE,49812.00,per Annum,1820,49675.59,0,0.00,4076.15
2022,836,DEPARTMENT OF FINANCE,2017-01-17T00:00:00.000,MANHATTAN,ADMINISTRATIVE STAFF ANALYST,ACTIVE,144200.00,per Annum,1820,148341.87,0,0.00,2762.45
2022,836,DEPARTMENT OF FINANCE,1994-07-01T00:00:00.000,BROOKLYN,CLERICAL ASSOCIATE,ACTIVE,52333.00,per Annum,1820,52189.54,0,0.00,5136.83
2022,836,DEPARTMENT OF FINANCE,2019-07-08T00:00:00.000,BROOKLYN,CLERICAL ASSOCIATE,ACTIVE,41848.00,per Annum,1820,41479.17,7.25,166.09,8.25
2022,836,DEPARTMENT OF FINANCE,1994-07-01T00:00:00.000,MANHATTAN,PRINCIPAL ADMINISTRATIVE ASSOCIATE -  NON SUPVR,ACTIVE,61396.00,per Annum,1820,61227.91,0,0.00,4341.22
2022,836,DEPARTMENT OF FINANCE,2019-07-15T00:00:00.000,MANHATTAN,ADMINISTRATIVE ACCOUNTANT,ACTIVE,95000.00,per Annum,1820,88596.00,0,0.00,0.00
2022,836,DEPARTMENT OF FINANCE,2019-09-16T00:00:00.000,MANHATTAN,COMMUNITY COORDINATOR,ACTIVE,62215.00,per Annum,1820,61945.66,0,0.00,0.00
2022,836,DEPARTMENT OF FINANCE,2017-01-17T00:00:00.000,MANHATTAN,ADMINISTRATIVE STAFF ANALYST,CEASED,88087.00,per Annum,0,3438.09,0,2.30,0.00
2022,836,DEPARTMENT OF FINANCE,2019-06-17T00:00:00.000,MANHATTAN,CITY TAX AUDITOR,ACTIVE,64415.00,per Annum,1820,59102.46,0,0.00,0.00
2022,836,DEPARTMENT OF FINANCE,2018-10-29T00:00:00.000,BROOKLYN,COMPUTER SPECIALIST,ACTIVE,98177.00,per Annum,1820,97907.94,0,0.00,2473.56
2022,836,DEPARTMENT OF FINANCE,2006-07-24T00:00:00.000,BROOKLYN,CLERICAL ASSOCIATE,ACTIVE,41848.00,per Annum,1820,41733.38,85.5,2219.61,3839.53
2022,836,DEPARTMENT OF FINANCE,1995-07-09T00:00:00.000,MANHATTAN,ADM MANAGER-NON-MGRL,ACTIVE,75197.00,per Annum,1820,70407.20,88,4000.62,819.82
2022,836,DEPARTMENT OF FINANCE,1995-07-09T00:00:00.000,QUEENS,CLERICAL ASSOCIATE,ACTIVE,45287.00,per Annum,1820,45163.03,0,0.00,5136.83
2022,836,DEPARTMENT OF FINANCE,2004-03-21T00:00:00.000,BROOKLYN,CLERICAL ASSOCIATE,ACTIVE,54814.00,per Annum,1820,54032.96,0,0.00,4246.52
2022,836,DEPARTMENT OF FINANCE,1994-07-01T00:00:00.000,MANHATTAN,HEARING OFFICER,ACTIVE,57.99,per Hour,664.97,36919.74,0,0.00,0.00
2022,836,DEPARTMENT OF FINANCE,2018-10-15T00:00:00.000,MANHATTAN,ACCOUNTANT,ACTIVE,66950.00,per Annum,1820,66766.69,0,0.00,6345.55
2022,836,DEPARTMENT OF FINANCE,1988-11-07T00:00:00.000,MANHATTAN,ADMINISTRATIVE STAFF ANALYST,CEASED,119434.00,per Annum,1085,70547.65,0,0.00,2288.00
2022,836,DEPARTMENT OF FINANCE,2001-01-16T00:00:00.000,BROOKLYN,CLERICAL ASSOCIATE,CEASED,44717.00,per Annum,1286.15,31513.75,0,0.00,3630.09
2022,836,DEPARTMENT OF FINANCE,2012-08-27T00:00:00.000,MANHATTAN,ADMINISTRATIVE STAFF ANALYST,CEASED,114934.00,per Annum,0,20635.12,0,725.42,8.87
2022,836,DEPARTMENT OF FINANCE,2019-08-13T00:00:00.000,MANHATTAN,HEARING OFFICER,ACTIVE,57.99,per Hour,338.23,19422.93,0,0.00,0.00
2022,836,DEPARTMENT OF FINANCE,1995-07-09T00:00:00.000,BRONX,DEPUTY CITY SHERIFF - NON-SPVR,CEASED,92073.00,per Annum,1265.75,69602.68,54.25,6662.98,7435.51
2022,836,DEPARTMENT OF FINANCE,1985-12-16T00:00:00.000,MANHATTAN,CITY ASSESSOR,ACTIVE,104119.00,per Annum,1820,103833.85,18,1333.12,6572.80
2022,836,DEPARTMENT OF FINANCE,2019-02-19T00:00:00.000,BRONX,DEPUTY CITY SHERIFF - NON-SPVR,ACTIVE,58718.00,per Annum,2080,63994.19,196.5,9680.21,3472.62
2022,836,DEPARTMENT OF FINANCE,2013-12-23T00:00:00.000,MANHATTAN,CITY ASSESSOR,ACTIVE,93519.00,per Annum,1820,93262.78,183,12998.22,2724.82
2022,836,DEPARTMENT OF FINANCE,2004-03-01T00:00:00.000,MANHATTAN,CLERICAL ASSOCIATE,ON LEAVE,47765.00,per Annum,1624,42216.32,0,0.00,706.97
2022,836,DEPARTMENT OF FINANCE,2004-02-23T00:00:00.000,BRONX,CLERICAL AIDE,ACTIVE,41064.00,per Annum,1820,40951.56,0,0.00,2827.00
2022,836,DEPARTMENT OF FINANCE,2018-08-27T00:00:00.000,MANHATTAN,AGENCY ATTORNEY,ACTIVE,91563.00,per Annum,1820,91312.25,0,0.00,3642.52
2022,836,DEPARTMENT OF FINANCE,2019-08-26T00:00:00.000,MANHATTAN,ADMINISTRATIVE PROCUREMENT ANALYST-NON-MGRL,ACTIVE,94760.00,per Annum,1820,94500.38,0,0.00,357.01
2022,836,DEPARTMENT OF FINANCE,2019-07-08T00:00:00.000,BRONX,CLERICAL ASSOCIATE,ACTIVE,41848.00,per Annum,1820,41479.17,0,0.00,-24.05
2022,836,DEPARTMENT OF FINANCE,2011-07-05T00:00:00.000,MANHATTAN,CITY TAX AUDITOR,ACTIVE,81731.00,per Annum,1820,81507.14,0,0.00,7271.59
2022,836,DEPARTMENT OF FINANCE,2019-06-17T00:00:00.000,MANHATTAN,CITY TAX AUDITOR,ACTIVE,53242.00,per Annum,1820,37467.25,0,0.00,0.00
2022,836,DEPARTMENT OF FINANCE,2010-05-17T00:00:00.000,BROOKLYN,COMPUTER SYSTEMS MANAGER,ACTIVE,112673.00,per Annum,1820,112364.20,0,0.00,0.00
2022,836,DEPARTMENT OF FINANCE,1990-06-04T00:00:00.000,MANHATTAN,PRINCIPAL ADMINISTRATIVE ASSOCIATE -  NON SUPVR,ACTIVE,54704.00,per Annum,1820,54554.23,0,0.00,4341.22
2022,836,DEPARTMENT OF FINANCE,2014-10-27T00:00:00.000,BROOKLYN,COMPUTER SYSTEMS MANAGER,ACTIVE,130424.00,per Annum,1820,130066.57,44.75,3330.85,912.61
2022,836,DEPARTMENT OF FINANCE,2009-04-20T00:00:00.000,MANHATTAN,ASSOCIATE STAFF ANALYST,ACTIVE,92508.00,per Annum,1820,109075.71,0,0.00,2865.00
2022,836,DEPARTMENT OF FINANCE,2005-05-23T00:00:00.000,MANHATTAN,ADM MANAGER-NON-MGRL,ACTIVE,126805.00,per Annum,1820,126457.50,0,0.00,1764.35
2022,836,DEPARTMENT OF FINANCE,1987-05-04T00:00:00.000,MANHATTAN,CITY TAX AUDITOR,ACTIVE,70876.00,per Annum,1820,70681.78,181.75,10821.63,9809.97
2022,836,DEPARTMENT OF FINANCE,2020-03-18T00:00:00.000,MANHATTAN,HEARING OFFICER,CEASED,54.93,per Hour,322.18,17697.57,0,0.00,0.00
2022,836,DEPARTMENT OF FINANCE,1998-02-02T00:00:00.000,MANHATTAN,COMPUTER SPECIALIST,ACTIVE,106023.00,per Annum,1820,100694.86,232.75,15294.49,6404.08
2022,836,DEPARTMENT OF FINANCE,2005-03-21T00:00:00.000,MANHATTAN,CLERICAL ASSOCIATE,CEASED,49812.00,per Annum,70,1910.59,0,0.00,355.44
2022,836,DEPARTMENT OF FINANCE,2013-12-16T00:00:00.000,BRONX,CITY ASSESSOR,ACTIVE,70457.00,per Annum,1820,70263.96,0,0.00,3044.00
2022,836,DEPARTMENT OF FINANCE,2019-09-30T00:00:00.000,MANHATTAN,PRINCIPAL ADMINISTRATIVE ASSOCIATE -  NON SUPVR,ACTIVE,54531.00,per Annum,1589,45510.91,0,0.00,107.25
2022,836,DEPARTMENT OF FINANCE,2015-09-08T00:00:00.000,MANHATTAN,CITY TAX AUDITOR,ACTIVE,76198.00,per Annum,1820,68306.01,0,0.00,4213.92
2022,836,DEPARTMENT OF FINANCE,2019-12-09T00:00:00.000,MANHATTAN,COMPUTER SPECIALIST,ACTIVE,132000.00,per Annum,1820,123353.40,26,2075.54,5301.80
2022,836,DEPARTMENT OF FINANCE,1994-07-01T00:00:00.000,MANHATTAN,PRINCIPAL ADMINISTRATIVE ASSOCIATE -  NON SUPVR,ACTIVE,61015.00,per Annum,1820,56194.90,0,0.00,4341.22
2022,836,DEPARTMENT OF FINANCE,2002-01-09T00:00:00.000,MANHATTAN,HEARING OFFICER,ACTIVE,57.99,per Hour,312.6,17279.65,0,0.00,0.00
2022,836,DEPARTMENT OF FINANCE,2019-09-30T00:00:00.000,RICHMOND,PRINCIPAL ADMINISTRATIVE ASSOCIATE -  NON SUPVR,ACTIVE,54531.00,per Annum,1820,52413.34,0,0.00,0.00
2022,836,DEPARTMENT OF FINANCE,1994-07-01T00:00:00.000,MANHATTAN,PRINCIPAL ADMINISTRATIVE ASSOCIATE -  NON SUPVR,CEASED,71420.00,per Annum,620.28,24274.08,0,0.00,1479.57
2022,836,DEPARTMENT OF FINANCE,1977-10-31T00:00:00.000,MANHATTAN,COMPUTER SYSTEMS MANAGER,CEASED,157508.00,per Annum,665,57393.01,0,0.00,8982.98
2022,836,DEPARTMENT OF FINANCE,1994-05-31T00:00:00.000,MANHATTAN,CITY LABORER,ACTIVE,290.00,per Day,2080,75400.00,424.25,23240.88,0.00
2022,836,DEPARTMENT OF FINANCE,2011-09-06T00:00:00.000,QUEENS,ASSOCIATE FRAUD INVESTIGATOR,ACTIVE,76408.00,per Annum,1701,56824.48,6,275.82,5885.99
2022,836,DEPARTMENT OF FINANCE,1995-07-09T00:00:00.000,QUEENS,ADM MANAGER-NON-MGRL,ACTIVE,88517.00,per Annum,1820,88274.43,27.75,1544.31,1792.37
2022,836,DEPARTMENT OF FINANCE,1989-09-18T00:00:00.000,MANHATTAN,ADMINISTRATIVE LABOR RELATIONS ANALYST,CEASED,115008.00,per Annum,0,0.00,0,0.00,14992.64
2022,836,DEPARTMENT OF FINANCE,1995-07-09T00:00:00.000,QUEENS,DEPUTY CITY SHERIFF - NON-SPVR,ACTIVE,104210.00,per Annum,2080,119461.57,867,79200.29,13689.86
2022,836,DEPARTMENT OF FINANCE,2014-05-05T00:00:00.000,MANHATTAN,ADM MANAGER-NON-MGRL,CEASED,71735.00,per Annum,203,7428.74,0,0.00,915.47
2022,836,DEPARTMENT OF FINANCE,2017-10-30T00:00:00.000,MANHATTAN,CLERICAL ASSOCIATE,ACTIVE,41848.00,per Annum,1794,39420.40,1.75,40.09,178.94
2022,836,DEPARTMENT OF FINANCE,1995-07-09T00:00:00.000,MANHATTAN,PRINCIPAL ADMINISTRATIVE ASSOCIATE -  NON SUPVR,ACTIVE,54996.00,per Annum,1820,54845.43,0,0.00,4341.22
2022,836,DEPARTMENT OF FINANCE,1990-07-30T00:00:00.000,MANHATTAN,COMPUTER ASSOCIATE,ACTIVE,90751.00,per Annum,1820,90502.36,0,0.00,6072.06
2022,836,DEPARTMENT OF FINANCE,2013-01-22T00:00:00.000,BROOKLYN,COMPUTER SPECIALIST,ACTIVE,119610.00,per Annum,1820,119282.28,0,0.00,6357.87
2022,836,DEPARTMENT OF FINANCE,2022-02-17T00:00:00.000,MANHATTAN,COMPUTER SYSTEMS MANAGER,ACTIVE,130000.00,per Annum,609,43380.81,0,0.00,0.00
2022,836,DEPARTMENT OF FINANCE,1986-04-21T00:00:00.000,QUEENS,PRINCIPAL ADMINISTRATIVE ASSOCIATE -  NON SUPVR,ACTIVE,60253.00,per Annum,1820,60087.82,165.25,7359.67,4513.56
2022,836,DEPARTMENT OF FINANCE,2022-06-06T00:00:00.000,MANHATTAN,SUMMER GRADUATE INTERN,ACTIVE,24.73,per Hour,35,865.55,0,0.00,0.00
2022,836,DEPARTMENT OF FINANCE,2012-07-09T00:00:00.000,MANHATTAN,ADMINISTRATIVE STAFF ANALYST,ACTIVE,117280.00,per Annum,1820,136377.53,0,0.00,4703.23
2022,836,DEPARTMENT OF FINANCE,2010-08-09T00:00:00.000,MANHATTAN,ASST COMMISSIONER,ACTIVE,177228.00,per Annum,1820,176742.54,0,0.00,3395.15
2022,836,DEPARTMENT OF FINANCE,1995-07-09T00:00:00.000,QUEENS,DEPUTY CITY SHERIFF - NON-SPVR,CEASED,89391.00,per Annum,0,5323.91,0,401.17,6.88
2022,836,DEPARTMENT OF FINANCE,2019-06-17T00:00:00.000,MANHATTAN,CITY TAX AUDITOR,ACTIVE,64415.00,per Annum,1820,59102.46,0,0.00,0.00
2022,836,DEPARTMENT OF FINANCE,1994-07-01T00:00:00.000,MANHATTAN,PRINCIPAL ADMINISTRATIVE ASSOCIATE -  NON SUPVR,CEASED,54924.00,per Annum,352.97,10622.62,0,0.00,841.93
2022,836,DEPARTMENT OF FINANCE,2021-05-18T00:00:00.000,MANHATTAN,HEARING OFFICER,ACTIVE,57.99,per Hour,1047.63,58262.56,0,0.00,0.00
2022,836,DEPARTMENT OF FINANCE,1982-07-26T00:00:00.000,MANHATTAN,ADMINISTRATIVE TAX AUDITOR,ACTIVE,139652.00,per Annum,1820,139269.51,0,0.00,2861.29
2022,836,DEPARTMENT OF FINANCE,1990-10-22T00:00:00.000,MANHATTAN,CITY TAX AUDITOR,ACTIVE,66366.00,per Annum,1820,66184.29,0,0.00,9673.31
2022,836,DEPARTMENT OF FINANCE,2019-02-19T00:00:00.000,BRONX,DEPUTY CITY SHERIFF - NON-SPVR,ACTIVE,58718.00,per Annum,2080,63955.64,537,25428.17,2745.46
2022,836,DEPARTMENT OF FINANCE,2019-01-07T00:00:00.000,MANHATTAN,PRINCIPAL ADMINISTRATIVE ASSOCIATE -  NON SUPVR,ACTIVE,61015.00,per Annum,1820,60847.80,40.5,1469.75,1729.83
2022,836,DEPARTMENT OF FINANCE,2019-09-09T00:00:00.000,QUEENS,ASSISTANT CITY ASSESSOR,ACTIVE,50848.00,per Annum,1820,50708.59,7,194.81,24.75
2022,836,DEPARTMENT OF FINANCE,1988-07-18T00:00:00.000,QUEENS,PRINCIPAL ADMINISTRATIVE ASSOCIATE -  NON SUPVR,ACTIVE,67704.00,per Annum,1820,67518.61,0,0.00,4464.97
2022,836,DEPARTMENT OF FINANCE,2017-09-05T00:00:00.000,MANHATTAN,ADMINISTRATIVE ACCOUNTANT,ACTIVE,127620.00,per Annum,1806,122063.78,0,0.00,0.00
2022,836,DEPARTMENT OF FINANCE,2000-01-24T00:00:00.000,MANHATTAN,PRINCIPAL ADMINISTRATIVE ASSOCIATE -  NON SUPVR,ACTIVE,77783.00,per Annum,1820,73260.26,30.5,1507.74,4030.36
2022,836,DEPARTMENT OF FINANCE,2016-11-14T00:00:00.000,MANHATTAN,CITY TAX AUDITOR,ACTIVE,64415.00,per Annum,1820,64238.46,0,0.00,4213.92
2022,836,DEPARTMENT OF FINANCE,2005-02-14T00:00:00.000,BRONX,SUPERVISING SPECIAL OFFICER,ACTIVE,55853.00,per Annum,2080,55700.06,223.75,9058.17,1998.68
2022,836,DEPARTMENT OF FINANCE,1987-02-11T00:00:00.000,MANHATTAN,ADM MANAGER-NON-MGRL,ACTIVE,98823.00,per Annum,1820,91379.07,0,0.00,1764.35
2022,836,DEPARTMENT OF FINANCE,2018-11-13T00:00:00.000,MANHATTAN,COMPUTER SYSTEMS MANAGER,ACTIVE,154500.00,per Annum,1820,154076.77,0,0.00,2959.75
2022,836,DEPARTMENT OF FINANCE,2013-12-16T00:00:00.000,RICHMOND,DEPUTY CITY SHERIFF - NON-SPVR,ACTIVE,92073.00,per Annum,2080,102569.14,821.25,59547.93,5342.35
2022,836,DEPARTMENT OF FINANCE,2012-03-26T00:00:00.000,MANHATTAN,COMPUTER SYSTEMS MANAGER,ACTIVE,152456.00,per Annum,1820,152038.37,0,0.00,3920.60
2022,836,DEPARTMENT OF FINANCE,2018-12-24T00:00:00.000,RICHMOND,ASSISTANT CITY ASSESSOR,CEASED,50848.00,per Annum,644,10921.83,0,0.00,0.04
2022,836,DEPARTMENT OF FINANCE,2011-04-11T00:00:00.000,MANHATTAN,HEARING OFFICER,ACTIVE,57.99,per Hour,843.83,46937.08,0,0.00,0.00
2022,836,DEPARTMENT OF FINANCE,1990-07-09T00:00:00.000,MANHATTAN,PRINCIPAL ADMINISTRATIVE ASSOCIATE -  NON SUPVR,ACTIVE,72584.00,per Annum,1820,72385.04,0,0.00,4341.22
2022,836,DEPARTMENT OF FINANCE,1988-04-04T00:00:00.000,MANHATTAN,CLERICAL ASSOCIATE,ACTIVE,59355.00,per Annum,1820,59192.38,0,0.00,5136.83
2022,836,DEPARTMENT OF FINANCE,2022-01-04T00:00:00.000,MANHATTAN,HEARING OFFICER,CEASED,54.93,per Hour,21,1153.53,0,0.00,0.00
2022,836,DEPARTMENT OF FINANCE,2019-07-08T00:00:00.000,MANHATTAN,CLERICAL ASSOCIATE,CEASED,41848.00,per Annum,1435,15504.60,0,0.00,1302.55
2022,836,DEPARTMENT OF FINANCE,2022-01-18T00:00:00.000,MANHATTAN,CITY TAX AUDITOR,ACTIVE,45428.00,per Annum,770,19166.84,0,0.00,0.00
2022,836,DEPARTMENT OF FINANCE,2007-04-15T00:00:00.000,MANHATTAN,ADMINISTRATIVE PUBLIC INFORMATION SPECIALIST NM FORMER M1/M2,ACTIVE,94285.00,per Annum,1820,94026.67,0,0.00,1806.25
2022,836,DEPARTMENT OF FINANCE,1986-04-21T00:00:00.000,MANHATTAN,CITY ASSESSOR,CEASED,104119.00,per Annum,1730.3,98716.03,0,0.00,6265.35
2022,836,DEPARTMENT OF FINANCE,2017-02-13T00:00:00.000,MANHATTAN,CITY TAX AUDITOR,ACTIVE,64415.00,per Annum,1820,64238.46,0,0.00,3230.09
2022,836,DEPARTMENT OF FINANCE,2014-11-03T00:00:00.000,QUEENS,DEPUTY CITY SHERIFF - NON-SPVR,ACTIVE,92073.00,per Annum,2080,103894.67,357.75,29629.21,4881.61
2022,836,DEPARTMENT OF FINANCE,2019-07-01T00:00:00.000,MANHATTAN,PRINCIPAL ADMINISTRATIVE ASSOCIATE -  NON SUPVR,CEASED,61015.00,per Annum,1339.1,40089.31,0,0.00,0.00
2022,836,DEPARTMENT OF FINANCE,2019-03-18T00:00:00.000,BROOKLYN,DEPUTY CITY SHERIFF - NON-SPVR,CEASED,58718.00,per Annum,1090,35464.81,136.5,7399.29,6122.56
2022,836,DEPARTMENT OF FINANCE,1986-02-07T00:00:00.000,MANHATTAN,CITY TAX AUDITOR,ACTIVE,82147.00,per Annum,1820,81921.84,0,0.00,9673.31
2022,836,DEPARTMENT OF FINANCE,2019-07-08T00:00:00.000,MANHATTAN,DEPUTY CITY SHERIFF - NON-SPVR,ACTIVE,58718.00,per Annum,2074.28,60606.75,170.75,8380.10,2570.37
2022,836,DEPARTMENT OF FINANCE,2019-01-07T00:00:00.000,MANHATTAN,AGENCY ATTORNEY,CEASED,87763.00,per Annum,469,22553.63,0,0.00,2294.23
2022,836,DEPARTMENT OF FINANCE,1986-09-22T00:00:00.000,MANHATTAN,COMPUTER SPECIALIST,CEASED,102067.00,per Annum,1341.38,75019.68,0,0.00,4475.27
2022,836,DEPARTMENT OF FINANCE,2018-01-02T00:00:00.000,MANHATTAN,CITY TAX AUDITOR,ACTIVE,64415.00,per Annum,1820,59102.46,0,0.00,2366.51
2022,836,DEPARTMENT OF FINANCE,1982-07-06T00:00:00.000,MANHATTAN,ADMINISTRATIVE STAFF ANALYST,CEASED,116496.00,per Annum,0,10149.46,0,0.00,63.50
2022,836,DEPARTMENT OF FINANCE,1981-11-02T00:00:00.000,MANHATTAN,COMPUTER ASSOCIATE,ACTIVE,74815.00,per Annum,1820,74610.12,0,0.00,12427.98
2022,836,DEPARTMENT OF FINANCE,2015-07-06T00:00:00.000,BROOKLYN,CITY ASSESSOR,ACTIVE,80638.00,per Annum,1820,75730.96,144,7793.63,359.11
2022,836,DEPARTMENT OF FINANCE,2013-12-16T00:00:00.000,BRONX,DEPUTY CITY SHERIFF - NON-SPVR,ACTIVE,96574.00,per Annum,2080,109495.09,874.75,72324.71,8745.84
2022,836,DEPARTMENT OF FINANCE,2019-06-10T00:00:00.000,MANHATTAN,PRINCIPAL ADMINISTRATIVE ASSOCIATE -  NON SUPVR,ACTIVE,61015.00,per Annum,1820,60847.80,46.25,1882.71,8.75
2022,836,DEPARTMENT OF FINANCE,1994-07-01T00:00:00.000,MANHATTAN,ADMINISTRATIVE STAFF ANALYST,ACTIVE,94354.00,per Annum,1820,105395.72,110.5,6538.44,4999.39
2022,836,DEPARTMENT OF FINANCE,1985-03-11T00:00:00.000,MANHATTAN,CITY ASSESSOR,ACTIVE,93519.00,per Annum,1820,93262.78,160.25,11767.03,6572.80
2022,836,DEPARTMENT OF FINANCE,2017-04-17T00:00:00.000,MANHATTAN,COMPUTER SPECIALIST,ACTIVE,106350.00,per Annum,1820,106058.68,0,0.00,5299.62
2022,836,DEPARTMENT OF FINANCE,1997-09-16T00:00:00.000,MANHATTAN,HEARING OFFICER,ACTIVE,57.99,per Hour,1399.65,77770.57,0,0.00,0.00
2022,836,DEPARTMENT OF FINANCE,2019-09-30T00:00:00.000,MANHATTAN,PRINCIPAL ADMINISTRATIVE ASSOCIATE -  NON SUPVR,ON LEAVE,61015.00,per Annum,875,27051.28,0,0.00,0.00
2022,836,DEPARTMENT OF FINANCE,2019-03-18T00:00:00.000,QUEENS,ASSOCIATE FRAUD INVESTIGATOR,ACTIVE,69152.00,per Annum,1820,68962.65,120.75,6497.27,7725.46
2022,836,DEPARTMENT OF FINANCE,2013-12-16T00:00:00.000,QUEENS,DEPUTY CITY SHERIFF - NON-SPVR,ACTIVE,92073.00,per Annum,2080,104904.05,86.2,10356.97,3693.91
2022,836,DEPARTMENT OF FINANCE,1985-06-24T00:00:00.000,MANHATTAN,CITY TAX AUDITOR,ACTIVE,97196.00,per Annum,1820,96929.81,0,0.00,9673.31
2022,836,DEPARTMENT OF FINANCE,2018-01-02T00:00:00.000,MANHATTAN,CITY TAX AUDITOR,ACTIVE,64415.00,per Annum,1820,64238.46,0,0.00,2366.51
2022,836,DEPARTMENT OF FINANCE,2014-03-31T00:00:00.000,MANHATTAN,CITY TAX AUDITOR,ACTIVE,76198.00,per Annum,1820,75989.16,0,0.00,6345.56
2022,836,DEPARTMENT OF FINANCE,2019-09-09T00:00:00.000,MANHATTAN,ASSISTANT CITY ASSESSOR,ACTIVE,59287.00,per Annum,1820,52812.58,0,0.00,247.50
2022,836,DEPARTMENT OF FINANCE,2019-07-01T00:00:00.000,MANHATTAN,CITY TAX AUDITOR,CEASED,52242.00,per Annum,637,13291.42,0,0.00,532.38
2022,836,DEPARTMENT OF FINANCE,1988-09-06T00:00:00.000,MANHATTAN,CITY TAX AUDITOR,ACTIVE,77319.00,per Annum,1820,77107.16,0,0.00,9673.31
2022,836,DEPARTMENT OF FINANCE,1995-07-09T00:00:00.000,MANHATTAN,COMPUTER SYSTEMS MANAGER,ACTIVE,106272.00,per Annum,1820,105980.94,0,0.00,0.00
2022,836,DEPARTMENT OF FINANCE,1994-06-26T00:00:00.000,MANHATTAN,*ATTORNEY AT LAW,CEASED,125681.00,per Annum,490.83,33801.86,0,0.00,4686.48
2022,836,DEPARTMENT OF FINANCE,2015-07-06T00:00:00.000,RICHMOND,CITY ASSESSOR,ACTIVE,70457.00,per Annum,1820,70263.96,0,0.00,353.28
2022,836,DEPARTMENT OF FINANCE,2019-09-09T00:00:00.000,RICHMOND,ASSISTANT CITY ASSESSOR,ACTIVE,50848.00,per Annum,1820,50708.59,0,0.00,0.00
2022,836,DEPARTMENT OF FINANCE,2010-05-17T00:00:00.000,MANHATTAN,COMPUTER SYSTEMS MANAGER,ACTIVE,166042.00,per Annum,1820,165586.99,0,0.00,199.50
2022,836,DEPARTMENT OF FINANCE,2019-03-18T00:00:00.000,QUEENS,DEPUTY CITY SHERIFF - NON-SPVR,ACTIVE,58718.00,per Annum,2080,63338.23,945.5,42691.50,2690.33
2022,836,DEPARTMENT OF FINANCE,2021-05-17T00:00:00.000,QUEENS,DEPUTY CITY SHERIFF - NON-SPVR,ACTIVE,47654.00,per Annum,2080,43229.38,293.25,9696.87,1663.76
2022,836,DEPARTMENT OF FINANCE,2011-10-03T00:00:00.000,QUEENS,ASSOCIATE FRAUD INVESTIGATOR,ACTIVE,69152.00,per Annum,1820,68962.65,46.25,2587.90,7968.69
2022,836,DEPARTMENT OF FINANCE,1987-07-20T00:00:00.000,QUEENS,CITY ASSESSOR,CEASED,104119.00,per Annum,1180.8,67366.13,0,0.00,4264.37
2022,836,DEPARTMENT OF FINANCE,2013-11-24T00:00:00.000,MANHATTAN,ADMIN CONTRACT SPECIALIST,ACTIVE,116951.00,per Annum,1820,112756.43,0,0.00,0.00
2022,836,DEPARTMENT OF FINANCE,1989-09-28T00:00:00.000,MANHATTAN,CITY TAX AUDITOR,ON SEPARATION LEAVE,78308.00,per Annum,1820,78093.35,0,0.00,9673.31
2022,836,DEPARTMENT OF FINANCE,1989-01-31T00:00:00.000,MANHATTAN,COMPUTER SYSTEMS MANAGER,ACTIVE,110158.00,per Annum,1820,109856.24,95,7416.17,0.00
2022,836,DEPARTMENT OF FINANCE,1980-06-09T00:00:00.000,MANHATTAN,CLERICAL ASSOCIATE,CEASED,42485.00,per Annum,717.63,16706.05,0,0.00,2025.48
2022,836,DEPARTMENT OF FINANCE,2011-08-22T00:00:00.000,MANHATTAN,COMPUTER SPECIALIST,ACTIVE,119995.00,per Annum,1820,119666.30,9,617.17,5774.37
2022,836,DEPARTMENT OF FINANCE,2017-10-30T00:00:00.000,MANHATTAN,ADMINISTRATIVE LABOR RELATIONS ANALYST,CEASED,104265.00,per Annum,1645,89254.68,0,0.00,1815.80
2022,836,DEPARTMENT OF FINANCE,2016-04-18T00:00:00.000,MANHATTAN,MOTOR VEHICLE OPERATOR,ON LEAVE,49927.00,per Annum,600,14362.47,16.25,582.83,11047.20
2022,836,DEPARTMENT OF FINANCE,2014-02-18T00:00:00.000,MANHATTAN,PRINCIPAL ADMINISTRATIVE ASSOCIATE -  NON SUPVR,ACTIVE,72813.00,per Annum,1820,72334.29,0,0.00,1107.95
2022,836,DEPARTMENT OF FINANCE,2015-07-06T00:00:00.000,BROOKLYN,CITY ASSESSOR,ACTIVE,70457.00,per Annum,1820,66953.41,0,0.00,389.36
2022,836,DEPARTMENT OF FINANCE,1994-07-01T00:00:00.000,MANHATTAN,ADM MANAGER-NON-MGRL,ACTIVE,83039.00,per Annum,1820,81872.00,0,0.00,1764.22
2022,836,DEPARTMENT OF FINANCE,1994-06-26T00:00:00.000,QUEENS,CASHIER,ACTIVE,47466.00,per Annum,1820,47335.86,0,0.00,6276.67
2022,836,DEPARTMENT OF FINANCE,2014-04-07T00:00:00.000,MANHATTAN,PRINCIPAL ADMINISTRATIVE ASSOCIATE -  NON SUPVR,CEASED,59984.00,per Annum,1750,53022.06,7,243.29,1250.14
2022,836,DEPARTMENT OF FINANCE,1995-07-09T00:00:00.000,BRONX,PRINCIPAL ADMINISTRATIVE ASSOCIATE -  NON SUPVR,CEASED,54704.00,per Annum,433.2,12985.06,0,0.00,1041.56
2022,836,DEPARTMENT OF FINANCE,2012-12-03T00:00:00.000,MANHATTAN,CITY TAX AUDITOR,ACTIVE,81731.00,per Annum,1820,81507.14,0,0.00,13222.56
2022,836,DEPARTMENT OF FINANCE,2010-08-02T00:00:00.000,MANHATTAN,DEPUTY COMMISSIONER,ACTIVE,213000.00,per Annum,1820,212416.36,0,0.00,4080.45
2022,836,DEPARTMENT OF FINANCE,1994-09-19T00:00:00.000,MANHATTAN,CITY TAX AUDITOR,ACTIVE,82147.00,per Annum,1820,81921.84,0,0.00,16550.31
2022,836,DEPARTMENT OF FINANCE,2013-10-28T00:00:00.000,MANHATTAN,STAFF ANALYST,ACTIVE,71840.00,per Annum,1820,74670.83,0,0.00,2602.64
2022,836,DEPARTMENT OF FINANCE,2022-01-18T00:00:00.000,MANHATTAN,CITY TAX AUDITOR,ACTIVE,52242.00,per Annum,770,22035.60,0,0.00,0.00
2022,827,DEPARTMENT OF SANITATION,2018-08-13T00:00:00.000,BROOKLYN,SANITATION WORKER,ACTIVE,54163.00,per Annum,2080,49697.70,489,19312.10,26581.43
2022,827,DEPARTMENT OF SANITATION,2022-05-09T00:00:00.000,BROOKLYN,JOB TRAINING PARTICIPANT,ACTIVE,15.45,per Hour,88,1359.60,0,0.00,0.00
2022,827,DEPARTMENT OF SANITATION,2021-01-21T00:00:00.000,QUEENS,JOB TRAINING PARTICIPANT,CEASED,15.45,per Hour,368,5685.60,0,0.00,0.00
2022,827,DEPARTMENT OF SANITATION,2020-11-16T00:00:00.000,BROOKLYN,JOB TRAINING PARTICIPANT,CEASED,15.45,per Hour,304,4696.80,0,0.00,0.00
2022,827,DEPARTMENT OF SANITATION,2018-08-13T00:00:00.000,MANHATTAN,SANITATION WORKER,ACTIVE,54163.00,per Annum,2080,50089.91,389.5,15722.35,2992.45
2022,827,DEPARTMENT OF SANITATION,2022-06-06T00:00:00.000,QUEENS,JOB TRAINING PARTICIPANT,ACTIVE,15.45,per Hour,24,370.80,0,0.00,0.00
2022,827,DEPARTMENT OF SANITATION,2021-12-06T00:00:00.000,QUEENS,JOB TRAINING PARTICIPANT,ACTIVE,15.45,per Hour,993.47,15349.08,0,0.00,0.00
2022,827,DEPARTMENT OF SANITATION,1999-10-18T00:00:00.000,MANHATTAN,SANITATION WORKER,ACTIVE,83465.00,per Annum,2080,82825.60,757.5,54069.83,34331.75
2022,827,DEPARTMENT OF SANITATION,2022-06-06T00:00:00.000,MANHATTAN,SUMMER COLLEGE INTERN,ACTIVE,17.50,per Hour,35,612.50,0,0.00,0.00
2022,827,DEPARTMENT OF SANITATION,2012-07-30T00:00:00.000,MANHATTAN,COMPUTER SYSTEMS MANAGER,ACTIVE,126141.00,per Annum,1820,125795.29,0,0.00,0.00
2022,827,DEPARTMENT OF SANITATION,2018-07-09T00:00:00.000,BROOKLYN,SANITATION WORKER,ACTIVE,54163.00,per Annum,2080,50476.12,594,24900.95,20427.29
2022,827,DEPARTMENT OF SANITATION,2007-05-21T00:00:00.000,MANHATTAN,SANITATION WORKER,ACTIVE,83465.00,per Annum,2080,83145.39,733,52225.28,11822.66
2022,827,DEPARTMENT OF SANITATION,2016-04-18T00:00:00.000,QUEENS,AUTO MECHANIC,ACTIVE,347.20,per Day,2056,89233.20,164.5,10982.44,6308.19
2022,827,DEPARTMENT OF SANITATION,2010-12-13T00:00:00.000,QUEENS,SUPERVISOR,ACTIVE,112111.00,per Annum,2080,111350.06,372,33881.59,12093.66
2022,827,DEPARTMENT OF SANITATION,2000-07-10T00:00:00.000,MANHATTAN,SANITATION WORKER,CEASED,81034.00,per Annum,0,0.00,0,0.00,3211.93
2022,827,DEPARTMENT OF SANITATION,2006-05-22T00:00:00.000,QUEENS,SANITATION WORKER,ACTIVE,83465.00,per Annum,2080,81866.23,518,37043.57,28354.15
2022,827,DEPARTMENT OF SANITATION,2013-08-19T00:00:00.000,BROOKLYN,SANITATION WORKER,ACTIVE,83465.00,per Annum,2040,79587.73,334,24468.13,28784.70
2022,827,DEPARTMENT OF SANITATION,1995-08-14T00:00:00.000,QUEENS,SANITATION WORKER,CEASED,81034.00,per Annum,0,0.00,0,0.00,2537.57
2022,827,DEPARTMENT OF SANITATION,2005-07-18T00:00:00.000,BRONX,SANITATION WORKER,ACTIVE,83465.00,per Annum,1896,75790.21,549.75,39988.77,9909.72
2022,827,DEPARTMENT OF SANITATION,2000-04-03T00:00:00.000,BROOKLYN,SANITATION WORKER,CEASED,81034.00,per Annum,0,0.00,0,0.00,2350.70
2022,827,DEPARTMENT OF SANITATION,2022-01-08T00:00:00.000,MANHATTAN,CITY SEASONAL AIDE,CEASED,17.00,per Hour,6,102.00,0,0.00,0.00
2022,827,DEPARTMENT OF SANITATION,2004-03-22T00:00:00.000,RICHMOND,SANITATION WORKER,ACTIVE,83465.00,per Annum,1536,60440.61,684,48257.62,12989.52
2022,827,DEPARTMENT OF SANITATION,2012-10-22T00:00:00.000,BRONX,SANITATION WORKER,ACTIVE,83465.00,per Annum,2080,81866.23,384,26906.66,28704.02
2022,827,DEPARTMENT OF SANITATION,2019-07-15T00:00:00.000,BRONX,SANITATION WORKER,ACTIVE,48203.00,per Annum,2080,46241.69,559.5,21456.14,23357.53
2022,827,DEPARTMENT OF SANITATION,2019-04-22T00:00:00.000,BROOKLYN,SANITATION WORKER,ACTIVE,48203.00,per Annum,1912,42377.64,294,10795.66,16913.55
2022,827,DEPARTMENT OF SANITATION,2001-10-09T00:00:00.000,QUEENS,SANITATION WORKER,ACTIVE,83465.00,per Annum,2080,81546.44,530,38782.23,30574.25
2022,827,DEPARTMENT OF SANITATION,2011-11-14T00:00:00.000,QUEENS,SANITATION WORKER,ACTIVE,83465.00,per Annum,2080,83145.39,467,32930.97,8930.24
2022,827,DEPARTMENT OF SANITATION,2022-02-07T00:00:00.000,BRONX,JOB TRAINING PARTICIPANT,CEASED,15.45,per Hour,133.5,2062.58,0,0.00,0.00
2022,827,DEPARTMENT OF SANITATION,2018-10-29T00:00:00.000,QUEENS,SANITATION WORKER,ACTIVE,48203.00,per Annum,1661.72,38361.55,249,8703.45,6174.30
2022,827,DEPARTMENT OF SANITATION,2005-08-15T00:00:00.000,QUEENS,SANITATION WORKER,ACTIVE,83465.00,per Annum,2032,79226.37,671,48509.53,7416.81
2022,827,DEPARTMENT OF SANITATION,2022-05-30T00:00:00.000,MANHATTAN,COMPUTER SYSTEMS MANAGER,ACTIVE,150174.00,per Annum,70,5760.10,0,0.00,0.00
2022,827,DEPARTMENT OF SANITATION,2006-05-22T00:00:00.000,MANHATTAN,SUPERVISOR,ACTIVE,112111.00,per Annum,2080,111696.56,418.5,38747.04,21813.40
2022,827,DEPARTMENT OF SANITATION,2010-12-13T00:00:00.000,MANHATTAN,SUPERVISOR,ACTIVE,112111.00,per Annum,2080,111696.56,326.5,31739.62,10737.79
2022,827,DEPARTMENT OF SANITATION,2004-08-16T00:00:00.000,RICHMOND,SUPERVISOR,ACTIVE,112111.00,per Annum,2080,111696.56,511,47808.24,20667.31
2022,827,DEPARTMENT OF SANITATION,2021-06-15T00:00:00.000,MANHATTAN,COLLEGE AIDE,CEASED,18.30,per Hour,747.08,13671.70,0,0.00,0.00
2022,827,DEPARTMENT OF SANITATION,1998-12-10T00:00:00.000,BRONX,GENERAL SUPERINTENDENT,ACTIVE,169558.00,per Annum,2080,169093.35,0,0.00,12112.40
2022,827,DEPARTMENT OF SANITATION,2005-05-31T00:00:00.000,BROOKLYN,SANITATION WORKER,ACTIVE,83465.00,per Annum,2080,82825.60,279,19508.77,25295.40
2022,827,DEPARTMENT OF SANITATION,2018-09-17T00:00:00.000,MANHATTAN,SANITATION WORKER,ACTIVE,54163.00,per Annum,2080,48714.01,610.5,24666.81,17499.85
2022,827,DEPARTMENT OF SANITATION,2018-07-09T00:00:00.000,BROOKLYN,SANITATION WORKER,ACTIVE,54163.00,per Annum,2080,50660.81,588,23352.78,26436.81
2022,827,DEPARTMENT OF SANITATION,2016-07-18T00:00:00.000,QUEENS,SANITATION WORKER,ACTIVE,83465.00,per Annum,2080,74599.07,615,38888.24,28796.98
2022,827,DEPARTMENT OF SANITATION,2021-07-26T00:00:00.000,QUEENS,SANITATION WORKER,ACTIVE,44064.00,per Annum,1880,37926.67,341.5,11279.22,16920.29
2022,827,DEPARTMENT OF SANITATION,2021-10-12T00:00:00.000,BROOKLYN,JOB TRAINING PARTICIPANT,CEASED,15.45,per Hour,504.75,7798.40,0,0.00,0.00
2022,827,DEPARTMENT OF SANITATION,2015-03-02T00:00:00.000,QUEENS,AUTO MECHANIC,ACTIVE,347.20,per Day,2080,90272.00,391,26346.04,7770.79
2022,827,DEPARTMENT OF SANITATION,2005-07-18T00:00:00.000,BROOKLYN,SANITATION WORKER,ACTIVE,83465.00,per Annum,2080,80267.28,532,39164.55,30500.97
2022,827,DEPARTMENT OF SANITATION,2016-09-19T00:00:00.000,MANHATTAN,SANITATION WORKER,ACTIVE,83465.00,per Annum,2080,71928.78,603.5,36311.93,25024.68
2022,827,DEPARTMENT OF SANITATION,2006-10-16T00:00:00.000,BRONX,SANITATION WORKER,CEASED,79058.00,per Annum,0,0.00,0,0.00,617.03
2022,827,DEPARTMENT OF SANITATION,2019-01-14T00:00:00.000,QUEENS,PAINTER,ACTIVE,315.07,per Day,1820,93966.11,517.5,36724.14,9663.79
2022,827,DEPARTMENT OF SANITATION,2014-07-21T00:00:00.000,BROOKLYN,SANITATION WORKER,ACTIVE,83465.00,per Annum,2080,82825.60,781,55590.64,28187.21
2022,827,DEPARTMENT OF SANITATION,1999-10-18T00:00:00.000,BROOKLYN,SUPERVISOR,ACTIVE,112111.00,per Annum,2080,107826.47,832.5,75892.06,16807.96
2022,827,DEPARTMENT OF SANITATION,2015-07-13T00:00:00.000,QUEENS,SUPERVISOR,ACTIVE,89854.00,per Annum,2080,86625.09,560,40389.97,21062.87
2022,827,DEPARTMENT OF SANITATION,2016-09-19T00:00:00.000,QUEENS,SANITATION WORKER,ACTIVE,83465.00,per Annum,2080,72457.94,530,29841.03,10522.16
2022,827,DEPARTMENT OF SANITATION,2015-10-05T00:00:00.000,QUEENS,SANITATION WORKER,ACTIVE,83465.00,per Annum,2080,79587.73,114,6323.68,10269.07
2022,827,DEPARTMENT OF SANITATION,1989-05-22T00:00:00.000,BRONX,SUPERVISOR,CEASED,106191.00,per Annum,0,0.00,0,0.00,106.57
2022,827,DEPARTMENT OF SANITATION,2019-04-22T00:00:00.000,MANHATTAN,SANITATION WORKER,ACTIVE,48203.00,per Annum,2080,46787.79,473,18094.48,7010.13
2022,827,DEPARTMENT OF SANITATION,2007-11-07T00:00:00.000,BROOKLYN,SANITATION WORKER,ACTIVE,83465.00,per Annum,2080,80707.00,299.25,20903.83,23911.06
2022,827,DEPARTMENT OF SANITATION,2017-07-10T00:00:00.000,MANHATTAN,SANITATION WORKER,ACTIVE,69055.00,per Annum,2080,59365.44,782,37844.31,25789.54
2022,827,DEPARTMENT OF SANITATION,2015-08-10T00:00:00.000,QUEENS,SANITATION WORKER,ACTIVE,83465.00,per Annum,2080,83145.39,591,40793.97,18211.89
2022,827,DEPARTMENT OF SANITATION,2016-08-22T00:00:00.000,BROOKLYN,SUPERVISOR,ACTIVE,91661.00,per Annum,2080,90447.39,441.5,31703.76,7715.02
2022,827,DEPARTMENT OF SANITATION,2017-09-01T00:00:00.000,BROOKLYN,SANITATION WORKER,CEASED,79058.00,per Annum,0,0.00,0,0.00,847.36
2022,827,DEPARTMENT OF SANITATION,2021-06-14T00:00:00.000,MANHATTAN,SUMMER COLLEGE INTERN,CEASED,17.50,per Hour,335,5862.50,0,0.00,122.50
2022,827,DEPARTMENT OF SANITATION,2007-01-16T00:00:00.000,BROOKLYN,AUTO MECHANIC,ACTIVE,347.20,per Day,2080,90272.00,359,24604.58,13392.34
2022,827,DEPARTMENT OF SANITATION,2006-05-22T00:00:00.000,BROOKLYN,SANITATION WORKER,ACTIVE,83465.00,per Annum,2080,82186.02,558,39899.59,16299.35
2022,827,DEPARTMENT OF SANITATION,2004-10-04T00:00:00.000,QUEENS,SANITATION WORKER,ACTIVE,83465.00,per Annum,2080,82825.60,788,55712.38,24432.86
2022,827,DEPARTMENT OF SANITATION,2012-08-27T00:00:00.000,BRONX,SANITATION WORKER,ACTIVE,83465.00,per Annum,2080,81226.65,502,35978.89,9393.77
2022,827,DEPARTMENT OF SANITATION,2000-07-24T00:00:00.000,RICHMOND,SANITATION WORKER,CEASED,81034.00,per Annum,0,0.00,0,0.00,3324.92
2022,827,DEPARTMENT OF SANITATION,2014-07-14T00:00:00.000,QUEENS,MOTOR VEHICLE OPERATOR,ACTIVE,49927.00,per Annum,2080,49790.26,79,2963.48,2999.67
2022,827,DEPARTMENT OF SANITATION,2007-09-10T00:00:00.000,MANHATTAN,SANITATION WORKER,CEASED,83465.00,per Annum,1301.72,48836.48,62,3699.61,16199.73
2022,827,DEPARTMENT OF SANITATION,2014-03-03T00:00:00.000,QUEENS,METAL WORK MECHANIC,ACTIVE,101007.00,per Annum,2080,168350.24,324,32771.10,15162.66
2022,827,DEPARTMENT OF SANITATION,2005-08-15T00:00:00.000,QUEENS,SANITATION WORKER,ACTIVE,83465.00,per Annum,2080,82945.52,566,41705.55,34080.65
2022,827,DEPARTMENT OF SANITATION,2005-11-14T00:00:00.000,BROOKLYN,SANITATION WORKER,CEASED,79058.00,per Annum,0,0.00,0,0.00,497.61
2022,827,DEPARTMENT OF SANITATION,2011-09-12T00:00:00.000,RICHMOND,SANITATION WORKER,ACTIVE,83465.00,per Annum,2080,82505.81,695.5,50694.91,32000.08
2022,827,DEPARTMENT OF SANITATION,2019-09-23T00:00:00.000,QUEENS,SANITATION WORKER,ACTIVE,48203.00,per Annum,2080,43770.12,409,14988.33,13087.50
2022,827,DEPARTMENT OF SANITATION,2015-08-10T00:00:00.000,MANHATTAN,SANITATION WORKER,ACTIVE,83465.00,per Annum,2154.28,82479.03,319,21182.28,13353.28
2022,827,DEPARTMENT OF SANITATION,2012-07-30T00:00:00.000,BROOKLYN,SANITATION WORKER,ACTIVE,83465.00,per Annum,2080,83145.39,523,36082.26,24694.72
2022,827,DEPARTMENT OF SANITATION,2021-10-04T00:00:00.000,QUEENS,SANITATION WORKER,ACTIVE,44064.00,per Annum,1480,29518.74,271,8710.79,3254.06
2022,827,DEPARTMENT OF SANITATION,2021-12-06T00:00:00.000,BRONX,JOB TRAINING PARTICIPANT,ACTIVE,15.45,per Hour,1032,15944.40,0,0.00,0.00
2022,827,DEPARTMENT OF SANITATION,2021-10-04T00:00:00.000,MANHATTAN,SANITATION WORKER,ACTIVE,44064.00,per Annum,1480,29518.74,452,14847.31,10985.16
2022,827,DEPARTMENT OF SANITATION,2018-09-17T00:00:00.000,BROOKLYN,SANITATION WORKER,ACTIVE,54163.00,per Annum,2040,43633.64,511,20722.54,19580.80
2022,827,DEPARTMENT OF SANITATION,1999-12-27T00:00:00.000,RICHMOND,SANITATION WORKER,CEASED,83465.00,per Annum,-40,-1598.95,0,0.00,3833.32
2022,827,DEPARTMENT OF SANITATION,2017-08-14T00:00:00.000,BROOKLYN,SANITATION WORKER,ACTIVE,69055.00,per Annum,2080,59090.76,84,4082.21,3272.84
2022,827,DEPARTMENT OF SANITATION,2015-09-07T00:00:00.000,MANHATTAN,SANITATION WORKER,ACTIVE,83465.00,per Annum,2080,83145.39,322.75,23264.40,12427.02
2022,827,DEPARTMENT OF SANITATION,2017-03-13T00:00:00.000,MANHATTAN,CLERICAL ASSOCIATE,ACTIVE,41848.00,per Annum,1820,41733.38,0,0.00,998.44
2022,827,DEPARTMENT OF SANITATION,2022-01-08T00:00:00.000,MANHATTAN,CITY SEASONAL AIDE,CEASED,17.00,per Hour,29,493.00,0,0.00,0.00
2022,827,DEPARTMENT OF SANITATION,2004-09-13T00:00:00.000,QUEENS,SANITATION WORKER,CEASED,83465.00,per Annum,840,33577.94,0,0.00,2947.80
2022,827,DEPARTMENT OF SANITATION,2014-12-29T00:00:00.000,BROOKLYN,AUTO MECHANIC,ACTIVE,347.20,per Day,2080,89382.30,258.5,17137.63,7438.76
2022,827,DEPARTMENT OF SANITATION,2022-01-31T00:00:00.000,QUEENS,AUTO MECHANIC,ACTIVE,37.28,per Hour,736,27438.08,108,6071.03,1122.48
2022,827,DEPARTMENT OF SANITATION,2021-11-29T00:00:00.000,BRONX,SANITATION WORKER,CEASED,40622.00,per Annum,40,778.20,0,0.00,0.00
2022,827,DEPARTMENT OF SANITATION,2007-09-10T00:00:00.000,BROOKLYN,SANITATION WORKER,ACTIVE,83465.00,per Annum,2080,83145.39,281,18123.92,28759.24
2022,827,DEPARTMENT OF SANITATION,1985-04-01T00:00:00.000,QUEENS,ASSOCIATE STAFF ANALYST,ACTIVE,94202.00,per Annum,1820,110432.63,25,1367.05,11692.76
2022,827,DEPARTMENT OF SANITATION,2019-04-22T00:00:00.000,MANHATTAN,SANITATION WORKER,ACTIVE,48203.00,per Annum,2080,46970.76,236,10011.50,3395.66
2022,827,DEPARTMENT OF SANITATION,2000-04-17T00:00:00.000,QUEENS,SANITATION WORKER,ACTIVE,83465.00,per Annum,2080,83145.39,552,40330.44,34146.58
2022,827,DEPARTMENT OF SANITATION,2018-10-29T00:00:00.000,QUEENS,SANITATION WORKER,ACTIVE,54163.00,per Annum,2080,48863.27,725.25,30682.66,5030.36
2022,827,DEPARTMENT OF SANITATION,2013-10-14T00:00:00.000,BRONX,SANITATION WORKER,ACTIVE,83465.00,per Annum,2080,83145.39,583.5,42943.26,11969.73
2022,827,DEPARTMENT OF SANITATION,2019-04-22T00:00:00.000,BROOKLYN,SANITATION WORKER,ACTIVE,48203.00,per Annum,2080,45061.34,316,11967.29,7462.22
2022,827,DEPARTMENT OF SANITATION,2021-09-13T00:00:00.000,MANHATTAN,SANITATION WORKER,ACTIVE,44064.00,per Annum,1600,32060.58,368.5,12350.35,7802.22
2022,827,DEPARTMENT OF SANITATION,1980-06-23T00:00:00.000,MANHATTAN,*CUSTODIAL ASSISTANT,ACTIVE,37987.00,per Annum,2080,37883.03,0,0.00,8001.08
2022,827,DEPARTMENT OF SANITATION,1995-07-31T00:00:00.000,MANHATTAN,SANITATION WORKER,CEASED,83465.00,per Annum,1120,44770.59,780,57993.84,49020.54
2022,827,DEPARTMENT OF SANITATION,2008-07-07T00:00:00.000,QUEENS,SUPERVISOR,ACTIVE,112111.00,per Annum,2080,111696.56,502,46753.82,11367.13
2022,827,DEPARTMENT OF SANITATION,2018-09-17T00:00:00.000,QUEENS,SANITATION WORKER,ACTIVE,54163.00,per Annum,2080,48624.94,411.5,15536.71,18178.62
2022,827,DEPARTMENT OF SANITATION,2022-01-08T00:00:00.000,MANHATTAN,CITY SEASONAL AIDE,CEASED,17.00,per Hour,32,544.00,0,0.00,0.00
2022,827,DEPARTMENT OF SANITATION,2022-02-07T00:00:00.000,MANHATTAN,JOB TRAINING PARTICIPANT,ACTIVE,15.45,per Hour,704,10876.80,0,0.00,0.00
2022,827,DEPARTMENT OF SANITATION,1989-08-27T00:00:00.000,BROOKLYN,ADM MANAGER-NON-MGRL,ACTIVE,76701.00,per Annum,1820,74238.02,434.5,23371.07,4978.70
2022,827,DEPARTMENT OF SANITATION,2000-09-05T00:00:00.000,BROOKLYN,SANITATION WORKER,ACTIVE,83465.00,per Annum,2080,83145.39,772,56144.01,38000.70
2022,827,DEPARTMENT OF SANITATION,2021-08-23T00:00:00.000,QUEENS,SANITATION WORKER,ACTIVE,44064.00,per Annum,1720,34570.41,315.75,9467.82,9139.65
2022,827,DEPARTMENT OF SANITATION,2022-01-08T00:00:00.000,MANHATTAN,CITY SEASONAL AIDE,CEASED,17.00,per Hour,6,102.00,0,0.00,0.00
2022,827,DEPARTMENT OF SANITATION,2018-07-09T00:00:00.000,RICHMOND,SANITATION WORKER,ACTIVE,54163.00,per Annum,2080,50275.10,314.5,12851.21,6023.00
2022,827,DEPARTMENT OF SANITATION,2020-01-21T00:00:00.000,BROOKLYN,PRINCIPAL ADMINISTRATIVE ASSOCIATE -  NON SUPVR,ACTIVE,54531.00,per Annum,1820,41437.18,636,19710.67,3286.54
2022,827,DEPARTMENT OF SANITATION,2015-08-10T00:00:00.000,BRONX,SANITATION WORKER,ACTIVE,83465.00,per Annum,2080,82505.81,587.5,41713.62,29214.04
2022,827,DEPARTMENT OF SANITATION,2000-07-24T00:00:00.000,QUEENS,SANITATION WORKER,CEASED,83465.00,per Annum,240,9593.69,56,4790.03,19498.34
2022,827,DEPARTMENT OF SANITATION,2021-11-29T00:00:00.000,BROOKLYN,SANITATION WORKER,ACTIVE,44064.00,per Annum,1160,22775.04,54.5,1165.66,5684.79
2022,827,DEPARTMENT OF SANITATION,2015-08-10T00:00:00.000,MANHATTAN,SUPERVISOR,ON LEAVE,90753.00,per Annum,1920,78280.46,585.5,40782.25,12882.68
2022,827,DEPARTMENT OF SANITATION,2017-08-14T00:00:00.000,BROOKLYN,SANITATION WORKER,ACTIVE,69055.00,per Annum,2080,58071.33,338,15609.90,11887.90
2022,827,DEPARTMENT OF SANITATION,2012-08-27T00:00:00.000,MANHATTAN,SUPERVISOR,ACTIVE,89854.00,per Annum,2080,85616.00,269,18606.60,12657.70
2022,827,DEPARTMENT OF SANITATION,2011-09-12T00:00:00.000,QUEENS,SANITATION WORKER,ACTIVE,83465.00,per Annum,2080,81906.20,478,34488.22,32092.66
2022,827,DEPARTMENT OF SANITATION,2012-05-21T00:00:00.000,QUEENS,AUTO MECHANIC,ACTIVE,347.20,per Day,2080,90272.00,212,14016.03,5929.34
2022,827,DEPARTMENT OF SANITATION,2006-08-21T00:00:00.000,QUEENS,SANITATION WORKER,ACTIVE,83465.00,per Annum,2080,82465.84,761,54330.90,36357.87
2022,827,DEPARTMENT OF SANITATION,2018-06-18T00:00:00.000,QUEENS,MAINTENANCE WORKER,ACTIVE,249.28,per Day,2080,64812.80,110,5179.59,1510.88
2022,827,DEPARTMENT OF SANITATION,1995-07-31T00:00:00.000,QUEENS,SUPERVISOR,CEASED,112111.00,per Annum,592,31713.59,0,0.00,7985.78
2022,827,DEPARTMENT OF SANITATION,2021-08-23T00:00:00.000,BROOKLYN,SANITATION WORKER,ACTIVE,44064.00,per Annum,1720,34396.45,320,9857.79,14336.61
2022,827,DEPARTMENT OF SANITATION,2005-11-21T00:00:00.000,BROOKLYN,AUTO  MACHINIST,ACTIVE,347.20,per Day,2080,90272.00,329,22730.79,13722.21
2022,827,DEPARTMENT OF SANITATION,2016-07-18T00:00:00.000,BROOKLYN,SUPERVISOR,ACTIVE,89854.00,per Annum,2080,82137.09,645,43493.40,14455.74
2022,827,DEPARTMENT OF SANITATION,2000-03-06T00:00:00.000,RICHMOND,SANITATION WORKER,CEASED,83465.00,per Annum,760,30380.04,168,12488.32,28265.00
2022,827,DEPARTMENT OF SANITATION,2016-11-14T00:00:00.000,QUEENS,AUTO MECHANIC,ACTIVE,347.20,per Day,2080,90272.00,290,19180.68,6275.64
2022,827,DEPARTMENT OF SANITATION,2017-06-05T00:00:00.000,MANHATTAN,CLERICAL ASSOCIATE,ACTIVE,53175.00,per Annum,1820,53307.44,63.08,2794.88,1270.95
2022,827,DEPARTMENT OF SANITATION,2000-08-21T00:00:00.000,MANHATTAN,SANITATION WORKER,CEASED,83465.00,per Annum,1976,78988.76,0,0.00,25328.65
2022,827,DEPARTMENT OF SANITATION,2016-09-12T00:00:00.000,QUEENS,PLUMBER,ACTIVE,369.53,per Day,1820,96077.80,111,11719.38,0.00
2022,827,DEPARTMENT OF SANITATION,1999-10-04T00:00:00.000,BROOKLYN,SUPERVISOR,ACTIVE,112111.00,per Annum,2080,111696.56,722.5,66388.00,26227.35
2022,827,DEPARTMENT OF SANITATION,2005-10-17T00:00:00.000,BRONX,SUPERVISOR,ACTIVE,93502.00,per Annum,2080,92876.63,569,43717.60,13987.18
2022,827,DEPARTMENT OF SANITATION,2021-10-12T00:00:00.000,BROOKLYN,JOB TRAINING PARTICIPANT,CEASED,15.45,per Hour,54.5,842.03,0,0.00,0.00
2022,827,DEPARTMENT OF SANITATION,2007-10-09T00:00:00.000,RICHMOND,SANITATION WORKER,ACTIVE,83465.00,per Annum,2040,82985.50,89,6547.09,12505.47
2022,827,DEPARTMENT OF SANITATION,2016-02-16T00:00:00.000,BROOKLYN,SANITATION WORKER,ACTIVE,83465.00,per Annum,2080,69983.57,826,52135.67,20015.71
2022,827,DEPARTMENT OF SANITATION,2011-09-12T00:00:00.000,MANHATTAN,SUPERVISOR,ACTIVE,112111.00,per Annum,2080,111266.55,463.5,41024.94,19800.63
2022,827,DEPARTMENT OF SANITATION,2014-09-15T00:00:00.000,BRONX,SUPERVISOR,ACTIVE,89854.00,per Annum,2080,87370.74,437,31285.27,7642.37
2022,827,DEPARTMENT OF SANITATION,2006-11-13T00:00:00.000,MANHATTAN,SANITATION WORKER,ACTIVE,83465.00,per Annum,2080,82199.35,80,3175.61,11795.22
2022,827,DEPARTMENT OF SANITATION,2021-10-18T00:00:00.000,MANHATTAN,COMPUTER SYSTEMS MANAGER,ACTIVE,136461.00,per Annum,1225,91597.10,36.5,2726.23,119.52
2022,827,DEPARTMENT OF SANITATION,2019-07-15T00:00:00.000,QUEENS,SANITATION WORKER,ACTIVE,48203.00,per Annum,2080,46155.31,278,9464.15,16829.32
2022,827,DEPARTMENT OF SANITATION,2014-07-21T00:00:00.000,BROOKLYN,SANITATION WORKER,ACTIVE,83465.00,per Annum,2080,83145.39,672,48068.35,32259.97
2022,827,DEPARTMENT OF SANITATION,2011-09-12T00:00:00.000,BROOKLYN,SANITATION WORKER,ACTIVE,83465.00,per Annum,2080,81233.31,581.75,41433.97,30336.92
2022,827,DEPARTMENT OF SANITATION,2022-05-23T00:00:00.000,RICHMOND,JOB TRAINING PARTICIPANT,ACTIVE,15.45,per Hour,120,1854.00,0,0.00,0.00
2022,827,DEPARTMENT OF SANITATION,2020-11-16T00:00:00.000,MANHATTAN,COMPUTER SYSTEMS MANAGER,ACTIVE,168226.00,per Annum,1820,167765.00,0,0.00,2578.16
2022,827,DEPARTMENT OF SANITATION,2022-02-28T00:00:00.000,BROOKLYN,JOB TRAINING PARTICIPANT,ACTIVE,15.45,per Hour,557,8605.65,0,0.00,0.00
2022,827,DEPARTMENT OF SANITATION,1997-11-10T00:00:00.000,QUEENS,SANITATION WORKER,CEASED,79058.00,per Annum,0,0.00,0,0.00,700.07
2022,827,DEPARTMENT OF SANITATION,2012-10-22T00:00:00.000,BRONX,SANITATION WORKER,ACTIVE,83465.00,per Annum,2080,80107.39,297,19694.36,28364.76
2022,827,DEPARTMENT OF SANITATION,2012-09-24T00:00:00.000,MANHATTAN,SANITATION WORKER,ACTIVE,83465.00,per Annum,2080,83145.39,396.25,26219.52,26413.48
2022,827,DEPARTMENT OF SANITATION,2005-07-18T00:00:00.000,RICHMOND,SANITATION WORKER,ACTIVE,83465.00,per Annum,2000,75470.75,448,32087.60,26016.26
2022,827,DEPARTMENT OF SANITATION,2019-04-01T00:00:00.000,MANHATTAN,ADMINISTRATIVE PROJECT MANAGER,ACTIVE,111316.00,per Annum,1820,111010.91,0,0.00,1556.66
2022,827,DEPARTMENT OF SANITATION,2006-05-22T00:00:00.000,BROOKLYN,SANITATION WORKER,ACTIVE,83465.00,per Annum,2080,81226.65,498,36497.58,7882.14
2022,827,DEPARTMENT OF SANITATION,2016-07-18T00:00:00.000,MANHATTAN,SANITATION WORKER,ACTIVE,83465.00,per Annum,2080,71781.49,336,20115.03,18857.37
2022,827,DEPARTMENT OF SANITATION,2018-08-20T00:00:00.000,MANHATTAN,CHAPLAIN,ACTIVE,29337.00,Prorated Annual,1040,29256.51,0,0.00,0.00
2022,827,DEPARTMENT OF SANITATION,2009-02-23T00:00:00.000,MANHATTAN,CUSTODIAN,ACTIVE,39137.00,per Annum,2080,39029.89,0,0.00,0.00
2022,827,DEPARTMENT OF SANITATION,2008-07-07T00:00:00.000,QUEENS,SANITATION WORKER,ACTIVE,83465.00,per Annum,2080,83145.39,811,58185.71,35090.27
2022,827,DEPARTMENT OF SANITATION,2022-01-08T00:00:00.000,MANHATTAN,CITY SEASONAL AIDE,CEASED,17.00,per Hour,21,357.00,0,0.00,0.00
2022,827,DEPARTMENT OF SANITATION,2021-09-13T00:00:00.000,BROOKLYN,SANITATION WORKER,ACTIVE,44064.00,per Annum,1600,31904.94,350,11236.63,9072.24
2022,827,DEPARTMENT OF SANITATION,2016-08-22T00:00:00.000,BROOKLYN,SUPERVISOR,ACTIVE,91661.00,per Annum,2080,90447.39,821.5,57026.16,10426.94
2022,827,DEPARTMENT OF SANITATION,2001-11-26T00:00:00.000,QUEENS,AUTO MECHANIC,ACTIVE,347.20,per Day,2080,90272.00,114,7530.99,5362.07
2022,827,DEPARTMENT OF SANITATION,2000-04-17T00:00:00.000,QUEENS,SANITATION WORKER,CEASED,83465.00,per Annum,0,0.00,0,0.00,2369.36
2022,827,DEPARTMENT OF SANITATION,1993-07-12T00:00:00.000,BROOKLYN,SANITATION WORKER,CEASED,81034.00,per Annum,0,0.00,0,0.00,2345.64
2022,827,DEPARTMENT OF SANITATION,2015-08-10T00:00:00.000,QUEENS,SANITATION WORKER,ACTIVE,83465.00,per Annum,2080,83145.39,683.5,46404.89,15949.01
2022,827,DEPARTMENT OF SANITATION,2022-01-08T00:00:00.000,MANHATTAN,CITY SEASONAL AIDE,CEASED,17.00,per Hour,35,595.00,0,0.00,0.00
2022,827,DEPARTMENT OF SANITATION,1998-05-20T00:00:00.000,MANHATTAN,COMMUNITY ASSOCIATE,ACTIVE,44190.00,per Annum,1820,44068.96,0,0.00,2746.09
2022,827,DEPARTMENT OF SANITATION,2019-09-23T00:00:00.000,BROOKLYN,SANITATION WORKER,ACTIVE,48203.00,per Annum,2080,45318.71,379,15533.68,4322.66
2022,827,DEPARTMENT OF SANITATION,2014-10-27T00:00:00.000,MANHATTAN,COMPUTER SYSTEMS MANAGER,ACTIVE,168000.00,per Annum,1820,166313.49,0,0.00,3065.25
2022,827,DEPARTMENT OF SANITATION,2013-01-28T00:00:00.000,BROOKLYN,CITY ATTENDANT,ACTIVE,37364.00,per Annum,1928,34252.04,8,219.76,924.25
2022,827,DEPARTMENT OF SANITATION,2011-09-12T00:00:00.000,BRONX,GENERAL SUPERINTENDENT,ACTIVE,112948.00,per Annum,2080,111718.18,556.5,49746.14,13890.03
2022,827,DEPARTMENT OF SANITATION,1989-03-06T00:00:00.000,BRONX,SANITATION WORKER,CEASED,79058.00,per Annum,0,0.00,0,0.00,1257.81
2022,827,DEPARTMENT OF SANITATION,2021-07-26T00:00:00.000,MANHATTAN,SANITATION WORKER,ACTIVE,44064.00,per Annum,1880,37941.30,440,14924.94,16058.70
2022,827,DEPARTMENT OF SANITATION,2021-09-13T00:00:00.000,BRONX,SANITATION WORKER,ACTIVE,44064.00,per Annum,1600,32060.58,276,8514.26,11533.39
2022,827,DEPARTMENT OF SANITATION,2000-07-24T00:00:00.000,QUEENS,SANITATION WORKER,CEASED,83465.00,per Annum,-40,-1598.95,-2,-39.97,2245.21
2022,827,DEPARTMENT OF SANITATION,2004-08-16T00:00:00.000,BROOKLYN,SANITATION WORKER,ACTIVE,83465.00,per Annum,2080,81546.44,1286,90929.30,11582.53
2022,827,DEPARTMENT OF SANITATION,2015-08-10T00:00:00.000,MANHATTAN,SANITATION WORKER,ACTIVE,83465.00,per Annum,2080,83145.39,804.33,56878.81,32104.93
2022,827,DEPARTMENT OF SANITATION,2014-02-18T00:00:00.000,QUEENS,AUTO MECHANIC,ACTIVE,347.20,per Day,2080,90272.00,256,16881.55,5637.66
2022,827,DEPARTMENT OF SANITATION,2007-05-21T00:00:00.000,BROOKLYN,SANITATION WORKER,ACTIVE,83465.00,per Annum,2080,80267.28,436,30180.10,22338.77
2022,827,DEPARTMENT OF SANITATION,2021-08-16T00:00:00.000,MANHATTAN,STAFF NURSE,ACTIVE,84744.00,per Annum,1680,67934.40,2,121.76,678.04
2022,827,DEPARTMENT OF SANITATION,2000-08-07T00:00:00.000,BRONX,SANITATION WORKER,CEASED,83465.00,per Annum,1800,71333.15,547,40394.65,25383.59
2022,827,DEPARTMENT OF SANITATION,2006-08-21T00:00:00.000,MANHATTAN,SANITATION WORKER,ACTIVE,83465.00,per Annum,2096,78669.29,477,33630.71,22762.15
2022,827,DEPARTMENT OF SANITATION,2012-08-27T00:00:00.000,BRONX,SANITATION WORKER,ACTIVE,83465.00,per Annum,2080,83145.39,907.5,63867.29,34048.00
2022,827,DEPARTMENT OF SANITATION,1985-07-22T00:00:00.000,MANHATTAN,ADMINISTRATIVE MANAGER,CEASED,205610.00,per Annum,0,0.00,0,0.00,57465.95
2022,827,DEPARTMENT OF SANITATION,2013-08-19T00:00:00.000,MANHATTAN,COMPUTER SYSTEMS MANAGER,ACTIVE,126573.00,per Annum,1820,123798.62,0,0.00,2204.35
2022,827,DEPARTMENT OF SANITATION,2022-01-08T00:00:00.000,MANHATTAN,CITY SEASONAL AIDE,CEASED,17.00,per Hour,16,272.00,0,0.00,0.00
2022,827,DEPARTMENT OF SANITATION,2018-08-13T00:00:00.000,MANHATTAN,SANITATION WORKER,ACTIVE,54163.00,per Annum,2080,50089.91,468.5,21718.15,3174.74
2022,827,DEPARTMENT OF SANITATION,2006-10-16T00:00:00.000,MANHATTAN,SANITATION WORKER,ACTIVE,83465.00,per Annum,2080,82825.60,672.5,49468.17,31657.62
2022,827,DEPARTMENT OF SANITATION,2017-07-10T00:00:00.000,QUEENS,SANITATION WORKER,ACTIVE,69055.00,per Annum,2080,60309.64,472.5,22988.95,22832.95
2022,827,DEPARTMENT OF SANITATION,2021-08-09T00:00:00.000,BROOKLYN,SANITATION WORKER,ACTIVE,44064.00,per Annum,1800,36253.02,617,21038.46,13142.11
2022,827,DEPARTMENT OF SANITATION,2017-08-14T00:00:00.000,QUEENS,SANITATION WORKER,ACTIVE,69055.00,per Annum,2080,58784.02,501.5,23016.65,26999.90
2022,827,DEPARTMENT OF SANITATION,2000-03-06T00:00:00.000,QUEENS,SANITATION WORKER,CEASED,83465.00,per Annum,1800,70993.37,812,59148.60,42119.51
2022,827,DEPARTMENT OF SANITATION,2021-12-20T00:00:00.000,BRONX,SANITATION WORKER,ACTIVE,44064.00,per Annum,1040,20233.20,168,5252.79,4944.64
2022,827,DEPARTMENT OF SANITATION,2014-08-18T00:00:00.000,QUEENS,SANITATION WORKER,ACTIVE,83465.00,per Annum,2080,82186.02,576,40731.96,32475.10
2022,827,DEPARTMENT OF SANITATION,2004-05-24T00:00:00.000,BROOKLYN,SANITATION WORKER,ACTIVE,83465.00,per Annum,2080,83145.39,366,26501.71,10060.55
2022,827,DEPARTMENT OF SANITATION,2004-03-22T00:00:00.000,QUEENS,SANITATION WORKER,ACTIVE,83465.00,per Annum,2080,82186.02,506,37127.56,12170.39
2022,827,DEPARTMENT OF SANITATION,2014-07-21T00:00:00.000,QUEENS,SANITATION WORKER,ACTIVE,83465.00,per Annum,2080,81866.23,576.25,41160.80,24571.08
2022,827,DEPARTMENT OF SANITATION,2015-02-02T00:00:00.000,QUEENS,CEMENT MASON,ACTIVE,336.70,per Day,1820,87542.00,22,2116.40,17219.80
2022,827,DEPARTMENT OF SANITATION,2013-11-11T00:00:00.000,BRONX,SANITATION WORKER,CEASED,81034.00,per Annum,0,0.00,0,0.00,1301.34
2022,827,DEPARTMENT OF SANITATION,2021-07-26T00:00:00.000,BROOKLYN,SANITATION WORKER,ACTIVE,44064.00,per Annum,1880,37941.30,404,13601.69,11680.86
2022,827,DEPARTMENT OF SANITATION,2021-07-12T00:00:00.000,BROOKLYN,SANITATION WORKER,ACTIVE,44064.00,per Annum,1960,39452.84,343.5,11086.18,12787.93
2022,827,DEPARTMENT OF SANITATION,2000-03-06T00:00:00.000,BRONX,SUPERVISOR,ACTIVE,112111.00,per Annum,2080,111696.56,354.5,32391.82,16503.80
2022,827,DEPARTMENT OF SANITATION,2001-04-16T00:00:00.000,RICHMOND,SANITATION WORKER,CEASED,83465.00,per Annum,576,23025.51,2,42.77,4822.72
2022,827,DEPARTMENT OF SANITATION,2000-03-06T00:00:00.000,QUEENS,SANITATION WORKER,CEASED,81034.00,per Annum,0,0.00,0,0.00,1866.11
2022,827,DEPARTMENT OF SANITATION,2014-07-21T00:00:00.000,MANHATTAN,SANITATION WORKER,ACTIVE,83465.00,per Annum,2080,83145.39,310,19797.66,7563.03
2022,827,DEPARTMENT OF SANITATION,2006-05-22T00:00:00.000,BROOKLYN,SUPERVISOR,ACTIVE,112111.00,per Annum,2080,111696.56,28,2369.04,14270.70
2022,827,DEPARTMENT OF SANITATION,2014-09-15T00:00:00.000,MANHATTAN,SUPERVISOR,ACTIVE,90753.00,per Annum,2080,89605.43,447,30458.51,7839.00
2022,827,DEPARTMENT OF SANITATION,2016-09-19T00:00:00.000,QUEENS,SANITATION WORKER,ACTIVE,83465.00,per Annum,1976,54147.57,327,18346.89,23650.27
2022,827,DEPARTMENT OF SANITATION,2008-09-29T00:00:00.000,QUEENS,SANITATION ENFORCEMENT AGENT,ON LEAVE,46805.00,per Annum,2080,45599.58,87.75,3012.50,3919.10
2022,827,DEPARTMENT OF SANITATION,2007-05-21T00:00:00.000,BROOKLYN,SANITATION WORKER,ACTIVE,83465.00,per Annum,2008,76989.11,358,26777.57,29017.70
2022,827,DEPARTMENT OF SANITATION,2011-11-14T00:00:00.000,MANHATTAN,SANITATION WORKER,ACTIVE,83465.00,per Annum,2001.15,81820.88,82,5504.41,11153.80
2022,827,DEPARTMENT OF SANITATION,1990-09-24T00:00:00.000,MANHATTAN,COMMUNITY COORDINATOR,ACTIVE,82539.00,per Annum,1820,82312.88,214.5,11465.66,3369.41
2022,827,DEPARTMENT OF SANITATION,2014-07-21T00:00:00.000,MANHATTAN,SANITATION WORKER,ACTIVE,83465.00,per Annum,2080,79787.60,417,30399.13,30618.56
2022,827,DEPARTMENT OF SANITATION,2011-10-11T00:00:00.000,RICHMOND,SANITATION WORKER,CEASED,83465.00,per Annum,1000,39019.70,106,7151.25,8598.72
2022,827,DEPARTMENT OF SANITATION,2022-01-08T00:00:00.000,MANHATTAN,CITY SEASONAL AIDE,CEASED,17.00,per Hour,21,357.00,0,0.00,0.00
2022,827,DEPARTMENT OF SANITATION,2018-07-09T00:00:00.000,BROOKLYN,SANITATION WORKER,ACTIVE,54163.00,per Annum,2080,50268.60,548.5,22607.25,19098.96
2022,827,DEPARTMENT OF SANITATION,1990-04-16T00:00:00.000,BRONX,SANITATION WORKER,ACTIVE,83465.00,per Annum,2080,81866.23,502,36823.45,55931.78
2022,827,DEPARTMENT OF SANITATION,2021-07-26T00:00:00.000,MANHATTAN,SANITATION WORKER,ACTIVE,44064.00,per Annum,1880,37941.30,276,9755.77,5730.03
2022,827,DEPARTMENT OF SANITATION,2014-08-18T00:00:00.000,MANHATTAN,SANITATION WORKER,ACTIVE,83465.00,per Annum,2080,81661.04,225.5,14310.98,12458.95
2022,827,DEPARTMENT OF SANITATION,2018-09-17T00:00:00.000,QUEENS,SANITATION WORKER,ACTIVE,54163.00,per Annum,2080,49383.25,281,9458.90,7043.09
2022,827,DEPARTMENT OF SANITATION,2015-12-21T00:00:00.000,MANHATTAN,CERTIFIED IT ADMINISTRATOR,ACTIVE,148266.00,per Annum,1820,147859.91,191.5,17776.06,6194.93
2022,827,DEPARTMENT OF SANITATION,2010-12-13T00:00:00.000,RICHMOND,SANITATION WORKER,ACTIVE,83465.00,per Annum,1668.57,65054.09,357,25834.94,11971.20
2022,827,DEPARTMENT OF SANITATION,2019-02-19T00:00:00.000,MANHATTAN,AUTO MECHANIC,ACTIVE,43.40,per Hour,2136,63186.36,243.5,10150.08,7220.90
2022,827,DEPARTMENT OF SANITATION,2019-09-23T00:00:00.000,BROOKLYN,SANITATION WORKER,ACTIVE,48203.00,per Annum,2080,44812.36,557,20518.65,20860.16
2022,827,DEPARTMENT OF SANITATION,2017-02-21T00:00:00.000,MANHATTAN,ADMINISTRATIVE STAFF ANALYST,ACTIVE,103454.00,per Annum,1820,118289.44,22.5,4325.93,2191.27
2022,827,DEPARTMENT OF SANITATION,2019-04-23T00:00:00.000,MANHATTAN,SANITATION WORKER,ACTIVE,48203.00,per Annum,2080,45551.49,701,27649.18,11833.56
2022,827,DEPARTMENT OF SANITATION,2021-09-13T00:00:00.000,QUEENS,SANITATION WORKER,ACTIVE,44064.00,per Annum,1600,32051.15,258,8280.46,5742.90
2022,827,DEPARTMENT OF SANITATION,2015-03-16T00:00:00.000,QUEENS,MACHINIST,ACTIVE,347.20,per Day,2080,90272.00,294,19311.99,3417.76
2022,827,DEPARTMENT OF SANITATION,2016-08-22T00:00:00.000,BROOKLYN,SANITATION WORKER,CEASED,69055.00,per Annum,56,1058.83,0,0.00,1691.75
2022,827,DEPARTMENT OF SANITATION,2006-08-21T00:00:00.000,QUEENS,SANITATION WORKER,ACTIVE,83465.00,per Annum,2080,81626.39,433,31627.70,29716.49
2022,827,DEPARTMENT OF SANITATION,2005-07-18T00:00:00.000,BROOKLYN,SUPERVISOR,ACTIVE,112111.00,per Annum,2080,110630.08,220,20220.00,12988.92
2022,827,DEPARTMENT OF SANITATION,2019-10-21T00:00:00.000,QUEENS,STOCK WORKER,ACTIVE,41697.00,per Annum,1820,40305.31,469.5,13132.99,2603.64
2022,827,DEPARTMENT OF SANITATION,2008-07-07T00:00:00.000,QUEENS,SUPERVISOR,ACTIVE,93502.00,per Annum,2080,92766.08,366.5,28273.29,13017.66
2022,827,DEPARTMENT OF SANITATION,2008-08-11T00:00:00.000,QUEENS,SANITATION WORKER,ACTIVE,83465.00,per Annum,2080,82345.92,259,15941.58,23214.07
2022,827,DEPARTMENT OF SANITATION,2007-10-28T00:00:00.000,BRONX,CLERICAL ASSOCIATE,ACTIVE,44362.00,per Annum,1820,42417.42,81,2811.09,5306.15
2022,827,DEPARTMENT OF SANITATION,2020-01-21T00:00:00.000,BROOKLYN,CLERICAL ASSOCIATE,ACTIVE,41848.00,per Annum,1820,38518.36,19,562.20,947.44
2022,827,DEPARTMENT OF SANITATION,2021-06-14T00:00:00.000,MANHATTAN,SUMMER COLLEGE INTERN,CEASED,17.50,per Hour,329.2,5761.00,0,0.00,0.00
2022,827,DEPARTMENT OF SANITATION,2018-07-09T00:00:00.000,BROOKLYN,SANITATION WORKER,ACTIVE,54163.00,per Annum,2080,50660.81,508.25,22522.59,5216.55
2022,827,DEPARTMENT OF SANITATION,2018-08-13T00:00:00.000,BROOKLYN,SANITATION WORKER,ACTIVE,54163.00,per Annum,2080,50089.91,241,9993.00,10693.57
2022,827,DEPARTMENT OF SANITATION,2005-11-14T00:00:00.000,QUEENS,SANITATION WORKER,ACTIVE,83465.00,per Annum,2080,82026.13,713.5,51292.00,28387.11
2022,827,DEPARTMENT OF SANITATION,2022-06-06T00:00:00.000,MANHATTAN,SUMMER COLLEGE INTERN,ACTIVE,17.50,per Hour,336,5880.00,0,0.00,122.50
2022,827,DEPARTMENT OF SANITATION,2001-08-27T00:00:00.000,MANHATTAN,SANITATION WORKER,ACTIVE,83465.00,per Annum,2080,82825.60,939,66889.45,40659.00
2022,827,DEPARTMENT OF SANITATION,2012-09-24T00:00:00.000,QUEENS,SANITATION WORKER,ACTIVE,83465.00,per Annum,2080,83065.44,514.5,36288.87,30446.08
2022,827,DEPARTMENT OF SANITATION,2000-03-20T00:00:00.000,QUEENS,SANITATION WORKER,ACTIVE,83465.00,per Annum,2080,82785.63,1275,89257.48,27328.35
2022,827,DEPARTMENT OF SANITATION,2006-08-14T00:00:00.000,RICHMOND,AUTO MECHANIC,ON LEAVE,347.20,per Day,2080,40276.53,0,0.00,69.44
2022,827,DEPARTMENT OF SANITATION,2012-08-27T00:00:00.000,QUEENS,SANITATION WORKER,ACTIVE,83465.00,per Annum,2080,80427.18,459.5,30740.16,22904.95
2022,827,DEPARTMENT OF SANITATION,2000-04-17T00:00:00.000,MANHATTAN,SANITATION WORKER,ACTIVE,83465.00,per Annum,2080,83145.39,1423,99329.47,31480.20
2022,827,DEPARTMENT OF SANITATION,2014-02-10T00:00:00.000,QUEENS,ELECTRICIAN,ACTIVE,347.20,per Day,2080,90272.00,356,23553.18,5368.58
2022,827,DEPARTMENT OF SANITATION,2000-08-07T00:00:00.000,RICHMOND,SANITATION WORKER,ACTIVE,83465.00,per Annum,2080,81866.23,522,36737.95,34331.06
2022,827,DEPARTMENT OF SANITATION,2006-08-21T00:00:00.000,BROOKLYN,SANITATION WORKER,ACTIVE,83465.00,per Annum,2080,81586.42,328.5,22028.14,8860.02
2022,827,DEPARTMENT OF SANITATION,2001-09-17T00:00:00.000,QUEENS,SANITATION WORKER,ACTIVE,83465.00,per Annum,2080,79627.71,452.5,32255.71,18071.07
2022,827,DEPARTMENT OF SANITATION,2007-09-10T00:00:00.000,MANHATTAN,SANITATION WORKER,ACTIVE,83465.00,per Annum,2080,83145.39,472,33732.96,10684.05
2022,827,DEPARTMENT OF SANITATION,2014-04-14T00:00:00.000,QUEENS,SUPERVISOR OF MECHANICS,ACTIVE,121196.00,per Annum,2080,128128.93,405,38477.17,12216.16
2022,827,DEPARTMENT OF SANITATION,2014-07-21T00:00:00.000,BROOKLYN,SANITATION WORKER,ACTIVE,83465.00,per Annum,2080,81866.23,308,19818.33,24875.93
2022,827,DEPARTMENT OF SANITATION,1998-12-07T00:00:00.000,MANHATTAN,SANITATION WORKER,CEASED,81034.00,per Annum,0,0.00,0,0.00,3093.59
2022,827,DEPARTMENT OF SANITATION,2022-01-08T00:00:00.000,MANHATTAN,CITY SEASONAL AIDE,CEASED,17.00,per Hour,14,238.00,0,0.00,0.00
2022,827,DEPARTMENT OF SANITATION,2007-11-07T00:00:00.000,BROOKLYN,SANITATION WORKER,ACTIVE,83465.00,per Annum,2080,83145.39,562,40633.36,31594.73
2022,841,DEPARTMENT OF TRANSPORTATION,2006-07-10T00:00:00.000,RICHMOND,ADM MANAGER-NON-MGRL,ACTIVE,76282.00,per Annum,1820,76072.89,0,0.00,1764.36
2022,841,DEPARTMENT OF TRANSPORTATION,2016-01-11T00:00:00.000,MANHATTAN,ADMINISTRATIVE ENGINEER,ACTIVE,103942.00,per Annum,1820,103657.32,273.25,17295.39,1060.67
2022,841,DEPARTMENT OF TRANSPORTATION,2018-07-23T00:00:00.000,MANHATTAN,AGENCY ATTORNEY,CEASED,99407.00,per Annum,1680,91508.88,0,68.84,11732.75
2022,841,DEPARTMENT OF TRANSPORTATION,2015-11-23T00:00:00.000,MANHATTAN,COMMUNITY COORDINATOR,CEASED,62215.00,per Annum,37.25,630.56,0,0.00,340.84
2022,841,DEPARTMENT OF TRANSPORTATION,1989-09-18T00:00:00.000,MANHATTAN,ADMINISTRATIVE TRANSPORTATION COORDINATOR,ACTIVE,126822.00,per Annum,1820,126474.65,0,0.00,2429.55
2022,841,DEPARTMENT OF TRANSPORTATION,2017-09-25T00:00:00.000,MANHATTAN,BRIDGE OPERATOR,ACTIVE,47407.00,per Annum,2080,47095.26,301.25,11050.87,9256.83
2022,841,DEPARTMENT OF TRANSPORTATION,1995-12-10T00:00:00.000,RICHMOND,DOCKBUILDER,ON SEPARATION LEAVE,415.52,per Day,2080,108035.20,477,36981.83,6940.56
2022,841,DEPARTMENT OF TRANSPORTATION,2008-01-14T00:00:00.000,QUEENS,SUPERVISOR OF ELECTRICAL INSTALLATIONS & MAINTENANCE,ACTIVE,65640.00,per Annum,1820,65460.20,342,15494.26,5289.20
2022,841,DEPARTMENT OF TRANSPORTATION,1990-06-11T00:00:00.000,RICHMOND,SUPERVISOR HIGHWAY REPAIRER,ACTIVE,399.68,per Day,2080,103916.80,368.75,29560.33,6967.51
2022,841,DEPARTMENT OF TRANSPORTATION,2019-07-01T00:00:00.000,MANHATTAN,CLERICAL ASSOCIATE,ACTIVE,46019.00,per Annum,1820,45711.98,243,7528.21,1781.58
2022,841,DEPARTMENT OF TRANSPORTATION,2018-04-09T00:00:00.000,QUEENS,PROCUREMENT ANALYST,ACTIVE,68751.00,per Annum,1820,68562.53,377.25,18316.71,1934.75
2022,841,DEPARTMENT OF TRANSPORTATION,2014-08-18T00:00:00.000,BRONX,SUPERVISOR OF MECHANICS,ACTIVE,117666.00,per Annum,2080,110055.18,22,1844.20,2702.77
2022,841,DEPARTMENT OF TRANSPORTATION,2019-02-04T00:00:00.000,BRONX,COMMUNITY ASSOCIATE,ACTIVE,44290.00,per Annum,1820,44168.55,0,0.00,0.00
2022,841,DEPARTMENT OF TRANSPORTATION,1996-01-08T00:00:00.000,MANHATTAN,ADMINISTRATIVE CITY PLANNER,CEASED,124544.00,per Annum,0,0.00,0,0.00,34627.00
2022,841,DEPARTMENT OF TRANSPORTATION,2001-06-08T00:00:00.000,QUEENS,ADMINISTRATIVE TRANSPORTATION COORDINATOR,ACTIVE,187900.00,per Annum,1820,186564.57,0,0.00,3189.80
2022,841,DEPARTMENT OF TRANSPORTATION,2019-11-11T00:00:00.000,MANHATTAN,PRINCIPAL ADMINISTRATIVE ASSOCIATE -  NON SUPVR,ACTIVE,54531.00,per Annum,1820,42463.08,0,0.00,4942.24
2022,841,DEPARTMENT OF TRANSPORTATION,2015-05-11T00:00:00.000,QUEENS,ASSISTANT CITY HIGHWAY REPAIRER,ACTIVE,54589.00,per Annum,2000,50251.69,2,78.68,1284.07
2022,841,DEPARTMENT OF TRANSPORTATION,2009-01-05T00:00:00.000,MANHATTAN,ADMINISTRATIVE PROJECT MANAGER,ACTIVE,106348.00,per Annum,1820,101977.47,489,36147.71,513.45
2022,841,DEPARTMENT OF TRANSPORTATION,1984-07-16T00:00:00.000,RICHMOND,SUPERVISOR HIGHWAY REPAIRER,ACTIVE,399.68,per Day,2080,103916.80,502.5,38141.92,6359.46
2022,841,DEPARTMENT OF TRANSPORTATION,2015-06-29T00:00:00.000,QUEENS,ASSISTANT CITY HIGHWAY REPAIRER,ACTIVE,54589.00,per Annum,2080,54439.33,162.67,7615.01,10293.52
2022,841,DEPARTMENT OF TRANSPORTATION,1990-10-15T00:00:00.000,RICHMOND,DECKHAND,CEASED,59253.00,per Annum,936,33250.73,104,5557.98,1245.67
2022,841,DEPARTMENT OF TRANSPORTATION,2016-06-20T00:00:00.000,QUEENS,CLERICAL ASSOCIATE,ACTIVE,48322.00,per Annum,1820,48189.70,0,1.01,3374.52
2022,841,DEPARTMENT OF TRANSPORTATION,2005-07-17T00:00:00.000,MANHATTAN,SUPERVISOR HIGHWAY REPAIRER,ACTIVE,399.68,per Day,2080,100394.40,157.75,11905.25,-8706.79
2022,841,DEPARTMENT OF TRANSPORTATION,1998-08-02T00:00:00.000,MANHATTAN,ADMINISTRATIVE STAFF ANALYST,CEASED,101702.00,per Annum,0,16925.51,0,0.00,266.34
2022,841,DEPARTMENT OF TRANSPORTATION,1987-10-26T00:00:00.000,BROOKLYN,AUTO MECHANIC,ACTIVE,347.20,per Day,2080,90272.00,272.5,17761.46,1306.34
2022,841,DEPARTMENT OF TRANSPORTATION,2008-11-10T00:00:00.000,BROOKLYN,AUTO MECHANIC,ACTIVE,347.20,per Day,2080,90272.00,192.5,12873.54,12942.96
2022,841,DEPARTMENT OF TRANSPORTATION,2019-06-03T00:00:00.000,MANHATTAN,TRANSPORTATION SPECIALIST,ACTIVE,77245.00,per Annum,1400,59256.40,0,0.00,384.23
2022,841,DEPARTMENT OF TRANSPORTATION,2017-10-16T00:00:00.000,QUEENS,CEMENT MASON,ACTIVE,336.70,per Day,1820,87542.00,398.5,38335.70,2429.05
2022,841,DEPARTMENT OF TRANSPORTATION,2008-03-03T00:00:00.000,QUEENS,SUPERVISOR OF TRAFFIC DEVICE MAINTAINERS,ACTIVE,83535.00,per Annum,1820,89574.96,483.5,36685.92,28642.37
2022,841,DEPARTMENT OF TRANSPORTATION,1990-10-01T00:00:00.000,QUEENS,TRAFFIC DEVICE MAINTAINER,ACTIVE,64428.00,per Annum,2080,56976.87,387,17412.86,6121.10
2022,841,DEPARTMENT OF TRANSPORTATION,2008-09-23T00:00:00.000,QUEENS,SUPERVISOR OF TRAFFIC DEVICE MAINTAINERS LEVEL 1 ONLY,ACTIVE,65745.00,per Annum,2080,65312.81,531.5,25239.47,2414.53
2022,841,DEPARTMENT OF TRANSPORTATION,2020-01-06T00:00:00.000,QUEENS,TRAFFIC DEVICE MAINTAINER,ACTIVE,61813.00,per Annum,2080,56494.91,179,7501.12,8171.31
2022,841,DEPARTMENT OF TRANSPORTATION,2019-04-15T00:00:00.000,QUEENS,ASSISTANT ELECTRICAL ENGINEER,ACTIVE,65640.00,per Annum,1820,65460.20,97.75,5249.91,107.25
2022,841,DEPARTMENT OF TRANSPORTATION,2007-08-13T00:00:00.000,MANHATTAN,ADMINISTRATIVE CITY PLANNER,ACTIVE,149350.00,per Annum,1820,148940.74,0,0.00,2861.10
2022,841,DEPARTMENT OF TRANSPORTATION,2019-04-29T00:00:00.000,BROOKLYN,ASSISTANT CITY HIGHWAY REPAIRER,ACTIVE,26.15,per Hour,1414,36976.12,220.83,8729.53,10557.83
2022,841,DEPARTMENT OF TRANSPORTATION,2008-02-19T00:00:00.000,QUEENS,CITY PARKING EQUIPMENT SERVICE WORKER,ACTIVE,42628.00,per Annum,2080,42511.30,192,6523.59,5498.79
2022,841,DEPARTMENT OF TRANSPORTATION,2016-01-11T00:00:00.000,MANHATTAN,HIGHWAYS AND SEWERS INSPECTOR,ON LEAVE,55000.00,per Annum,1680,43705.14,237.75,9446.12,1654.64
2022,841,DEPARTMENT OF TRANSPORTATION,1995-03-19T00:00:00.000,QUEENS,CITY PARKING EQUIPMENT SERVICE WORKER,ACTIVE,44865.00,per Annum,2080,44742.10,230.25,8353.44,7292.54
2022,841,DEPARTMENT OF TRANSPORTATION,2005-08-21T00:00:00.000,QUEENS,SUPERVISOR HIGHWAY REPAIRER,ACTIVE,399.68,per Day,2048,99870.04,190,14675.74,4105.36
2022,841,DEPARTMENT OF TRANSPORTATION,2020-02-21T00:00:00.000,MANHATTAN,TRANSPORTATION SPECIALIST,ACTIVE,85847.00,per Annum,1820,78065.36,7.75,374.01,427.04
2022,841,DEPARTMENT OF TRANSPORTATION,2001-08-12T00:00:00.000,QUEENS,CITY PLANNER,ACTIVE,92861.00,per Annum,1820,92606.54,15.25,1014.56,8265.21
2022,841,DEPARTMENT OF TRANSPORTATION,2006-04-10T00:00:00.000,RICHMOND,DECKHAND,ACTIVE,59253.00,per Annum,1664,59090.72,294.5,15346.60,3592.77
2022,841,DEPARTMENT OF TRANSPORTATION,2000-08-30T00:00:00.000,MANHATTAN,BRIDGE OPERATOR,ACTIVE,54224.00,per Annum,2080,54075.33,331,14796.11,12624.38
2022,841,DEPARTMENT OF TRANSPORTATION,2002-11-12T00:00:00.000,MANHATTAN,PRINCIPAL ADMINISTRATIVE ASSOCIATE -  NON SUPVR,ACTIVE,75615.00,per Annum,1820,69607.28,214,10519.94,1882.15
2022,841,DEPARTMENT OF TRANSPORTATION,2016-10-31T00:00:00.000,MANHATTAN,CONFIDENTIAL STRATEGY PLANNER,ACTIVE,100812.00,per Annum,1820,94845.90,20.75,1078.52,1843.27
2022,841,DEPARTMENT OF TRANSPORTATION,1993-05-03T00:00:00.000,MANHATTAN,AREA SUPERVISOR,ACTIVE,108472.00,per Annum,2080,108174.82,505.25,41093.78,5831.71
2022,841,DEPARTMENT OF TRANSPORTATION,2012-03-19T00:00:00.000,QUEENS,HIGHWAY REPAIRER,ACTIVE,380.64,per Day,2080,98966.40,180.5,13707.16,13156.91
2022,841,DEPARTMENT OF TRANSPORTATION,2010-04-26T00:00:00.000,QUEENS,HIGHWAY REPAIRER,ACTIVE,380.64,per Day,2080,98966.40,96,7007.37,3068.48
2022,841,DEPARTMENT OF TRANSPORTATION,2017-11-13T00:00:00.000,MANHATTAN,HIGHWAYS AND SEWERS INSPECTOR,ON LEAVE,67299.00,per Annum,280,10497.39,0,72.74,42.88
2022,841,DEPARTMENT OF TRANSPORTATION,2009-08-31T00:00:00.000,RICHMOND,HIGHWAY REPAIRER,ACTIVE,380.64,per Day,2080,98966.40,177.5,12840.03,1579.73
2022,841,DEPARTMENT OF TRANSPORTATION,1988-11-07T00:00:00.000,RICHMOND,ASSOCIATE INSPECTOR,ACTIVE,77000.00,per Annum,2080,76788.93,170,9761.42,3427.07
2022,841,DEPARTMENT OF TRANSPORTATION,2018-10-22T00:00:00.000,MANHATTAN,IT PROJECT SPECIALIST,ACTIVE,100000.00,per Annum,1820,98981.45,1.25,200.41,24.75
2022,841,DEPARTMENT OF TRANSPORTATION,2020-03-09T00:00:00.000,RICHMOND,DOCKBUILDER,ACTIVE,415.52,per Day,2080,107619.68,200.5,15569.52,2337.30
2022,841,DEPARTMENT OF TRANSPORTATION,1990-10-29T00:00:00.000,MANHATTAN,ADMINISTRATIVE PROJECT MANAGER,ACTIVE,149424.00,per Annum,1820,149014.58,0,0.00,2862.55
2022,841,DEPARTMENT OF TRANSPORTATION,2007-06-04T00:00:00.000,MANHATTAN,TRANSPORTATION SPECIALIST,CEASED,103815.00,per Annum,819,46588.56,0,0.00,1784.03
2022,841,DEPARTMENT OF TRANSPORTATION,2001-04-29T00:00:00.000,QUEENS,CITY PARKING EQUIPMENT SERVICE WORKER,ACTIVE,43752.00,per Annum,2080,43128.70,205.25,7221.04,6581.90
2022,841,DEPARTMENT OF TRANSPORTATION,2013-08-26T00:00:00.000,QUEENS,SUPERVISOR OF ELECTRICAL INSTALLATIONS & MAINTENANCE,ACTIVE,65640.00,per Annum,1820,65460.20,214,11382.68,3186.28
2022,841,DEPARTMENT OF TRANSPORTATION,2018-07-02T00:00:00.000,RICHMOND,DECKHAND,ACTIVE,59253.00,per Annum,1664,59090.72,478.5,24934.86,3482.47
2022,841,DEPARTMENT OF TRANSPORTATION,2013-05-13T00:00:00.000,RICHMOND,ASSISTANT CITY HIGHWAY REPAIRER,ACTIVE,54589.00,per Annum,2000,54439.33,222.5,8811.47,735.71
2022,841,DEPARTMENT OF TRANSPORTATION,2022-06-06T00:00:00.000,QUEENS,COLLEGE AIDE,ACTIVE,17.30,per Hour,21,363.30,0,0.00,0.00
2022,841,DEPARTMENT OF TRANSPORTATION,2001-04-01T00:00:00.000,MANHATTAN,ADMINISTRATIVE STAFF ANALYST,ACTIVE,139252.00,per Annum,1820,163117.58,0,46.16,4049.05
2022,841,DEPARTMENT OF TRANSPORTATION,1999-10-12T00:00:00.000,BROOKLYN,SUPERVISOR HIGHWAY REPAIRER,ACTIVE,399.68,per Day,2080,103916.80,425.5,33373.58,5851.80
2022,841,DEPARTMENT OF TRANSPORTATION,1999-08-15T00:00:00.000,BROOKLYN,SUPERVISOR BRIDGE PAINTER,ACTIVE,451.57,per Day,1820,132746.70,166.75,21482.08,80.90
2022,841,DEPARTMENT OF TRANSPORTATION,2021-06-28T00:00:00.000,MANHATTAN,ASSISTANT CITY HIGHWAY REPAIRER,ACTIVE,22.73,per Hour,1423,32344.81,223.25,7914.74,5504.50
2022,841,DEPARTMENT OF TRANSPORTATION,2018-02-26T00:00:00.000,MANHATTAN,CIVIL ENGINEER,ACTIVE,121063.00,per Annum,1820,112288.27,0,0.00,643.52
2022,841,DEPARTMENT OF TRANSPORTATION,2019-09-09T00:00:00.000,MANHATTAN,APPRENTICE INSPECTOR,CEASED,44611.00,per Annum,680,12605.19,55.75,1733.32,2137.00
2022,841,DEPARTMENT OF TRANSPORTATION,2007-11-20T00:00:00.000,QUEENS,TRAFFIC CONTROL INSPECTOR,ACTIVE,51991.00,per Annum,1820,51848.67,196.25,6548.20,4411.71
2022,841,DEPARTMENT OF TRANSPORTATION,2006-06-20T00:00:00.000,QUEENS,CITY PARKING EQUIPMENT SERVICE WORKER,ACTIVE,41612.00,per Annum,2080,41498.08,232,7813.29,6149.00
2022,841,DEPARTMENT OF TRANSPORTATION,2017-11-20T00:00:00.000,MANHATTAN,HIGHWAYS AND SEWERS INSPECTOR,ACTIVE,67299.00,per Annum,2080,69870.92,311.5,15169.57,2457.82
2022,841,DEPARTMENT OF TRANSPORTATION,2019-04-29T00:00:00.000,MANHATTAN,ASSISTANT CITY HIGHWAY REPAIRER,ACTIVE,26.15,per Hour,1481,38728.19,227,8999.61,4405.33
2022,841,DEPARTMENT OF TRANSPORTATION,2018-04-09T00:00:00.000,MANHATTAN,ASSISTANT CIVIL ENGINEER,ACTIVE,72100.00,per Annum,1820,71902.48,0,0.00,836.97
2022,841,DEPARTMENT OF TRANSPORTATION,2021-07-06T00:00:00.000,BROOKLYN,ASSISTANT CITY HIGHWAY REPAIRER,ACTIVE,22.73,per Hour,1181.5,26855.52,58,2057.08,4457.13
2022,841,DEPARTMENT OF TRANSPORTATION,2008-02-04T00:00:00.000,RICHMOND,ADMINISTRATIVE PROJECT MANAGER,ACTIVE,148745.00,per Annum,1820,102585.63,0,0.00,2755.32
2022,841,DEPARTMENT OF TRANSPORTATION,2019-01-22T00:00:00.000,QUEENS,AUTOMOTIVE SERVICE WORKER,ACTIVE,41216.00,per Annum,2080,41103.14,9.5,282.29,169.52
2022,841,DEPARTMENT OF TRANSPORTATION,1990-01-16T00:00:00.000,MANHATTAN,HIGHWAYS AND SEWERS INSPECTOR,ACTIVE,72000.00,per Annum,2080,71802.64,497,26754.64,4269.56
2022,841,DEPARTMENT OF TRANSPORTATION,2016-05-16T00:00:00.000,MANHATTAN,ACCOUNTANT,ACTIVE,64415.00,per Annum,1820,64238.46,81,3457.58,6225.30
2022,841,DEPARTMENT OF TRANSPORTATION,2014-04-13T00:00:00.000,BRONX,HIGHWAY REPAIRER,ACTIVE,380.64,per Day,2080,66218.01,303,15540.10,1691.60
2022,841,DEPARTMENT OF TRANSPORTATION,2019-06-24T00:00:00.000,MANHATTAN,COLLEGE AIDE,CEASED,19.90,per Hour,189.7,3775.05,0,0.00,0.00
2022,841,DEPARTMENT OF TRANSPORTATION,2019-12-16T00:00:00.000,MANHATTAN,TRANSPORTATION SPECIALIST,ACTIVE,87650.00,per Annum,1820,87409.92,0,0.00,205.05
2022,841,DEPARTMENT OF TRANSPORTATION,2019-07-22T00:00:00.000,QUEENS,SUPERVISOR OF ELECTRICAL INSTALLATIONS & MAINTENANCE,ACTIVE,65640.00,per Annum,1820,64709.55,341.25,16324.70,97.31
2022,841,DEPARTMENT OF TRANSPORTATION,1996-11-17T00:00:00.000,QUEENS,SUPERVISOR HIGHWAY REPAIRER,ACTIVE,399.68,per Day,2080,103916.80,465.5,36096.15,6178.36
2022,841,DEPARTMENT OF TRANSPORTATION,2019-07-22T00:00:00.000,BRONX,ASSISTANT CITY HIGHWAY REPAIRER,ACTIVE,26.15,per Hour,1503,37707.38,324.5,12888.78,5250.61
2022,841,DEPARTMENT OF TRANSPORTATION,2000-10-22T00:00:00.000,MANHATTAN,SECRETARY,CEASED,28.59,per Hour,234.5,6704.36,0,0.00,632.42
2022,841,DEPARTMENT OF TRANSPORTATION,2017-02-13T00:00:00.000,QUEENS,CLERICAL ASSOCIATE,CEASED,46330.00,per Annum,1820,42293.56,0,0.00,34.50
2022,841,DEPARTMENT OF TRANSPORTATION,2016-11-07T00:00:00.000,MANHATTAN,TELECOMMUNICATIONS ASSOCIATE,ACTIVE,80000.00,per Annum,1820,71827.34,418.05,24695.46,1845.66
2022,841,DEPARTMENT OF TRANSPORTATION,2019-06-03T00:00:00.000,MANHATTAN,COLLEGE AIDE,CEASED,17.30,per Hour,508.23,8792.49,0,0.00,0.00
2022,841,DEPARTMENT OF TRANSPORTATION,2015-02-17T00:00:00.000,QUEENS,ASSOCIATE STAFF ANALYST,ACTIVE,81203.00,per Annum,1820,76754.81,0,0.00,1000.00
2022,841,DEPARTMENT OF TRANSPORTATION,2021-06-28T00:00:00.000,QUEENS,ASSISTANT CITY HIGHWAY REPAIRER,ACTIVE,26.15,per Hour,1351.5,33866.00,12,444.55,3421.80
2022,841,DEPARTMENT OF TRANSPORTATION,1989-12-26T00:00:00.000,BROOKLYN,BRIDGE PAINTER,CEASED,383.67,per Day,0,2771.09,0,104.10,316.26
2022,841,DEPARTMENT OF TRANSPORTATION,2016-06-08T00:00:00.000,QUEENS,ADMIN COMMUNITY RELATIONS SPECIALIST,ACTIVE,62215.00,per Annum,1820,64787.57,8,310.63,29.01
2022,841,DEPARTMENT OF TRANSPORTATION,2017-07-10T00:00:00.000,MANHATTAN,CLERICAL ASSOCIATE,ACTIVE,41848.00,per Annum,1820,41733.38,0,0.00,0.00
2022,841,DEPARTMENT OF TRANSPORTATION,2022-06-13T00:00:00.000,QUEENS,TRAFFIC CONTROL INSPECTOR,ACTIVE,45210.00,per Annum,35,867.04,0,0.00,0.00
2022,841,DEPARTMENT OF TRANSPORTATION,2016-01-19T00:00:00.000,MANHATTAN,PROJECT MANAGER,ACTIVE,70555.00,per Annum,1820,70361.71,0,0.00,2495.10
2022,841,DEPARTMENT OF TRANSPORTATION,2009-07-06T00:00:00.000,QUEENS,ADMINISTRATIVE PROJECT MANAGER,ACTIVE,101568.00,per Annum,1820,95517.95,296.5,23174.52,1024.68
2022,841,DEPARTMENT OF TRANSPORTATION,2013-02-25T00:00:00.000,RICHMOND,DECKHAND,ACTIVE,59253.00,per Annum,1664,59090.72,1159,60397.52,5018.19
2022,841,DEPARTMENT OF TRANSPORTATION,2016-03-28T00:00:00.000,MANHATTAN,COMMUNITY ASSOCIATE,ACTIVE,44083.00,per Annum,1820,43962.11,4,96.51,9.65
2022,841,DEPARTMENT OF TRANSPORTATION,2022-01-24T00:00:00.000,QUEENS,CLERICAL ASSOCIATE,CEASED,45195.00,per Annum,385,9534.30,0,0.00,0.00
2022,841,DEPARTMENT OF TRANSPORTATION,2016-12-05T00:00:00.000,BROOKLYN,CARPENTER,ACTIVE,375.06,per Day,1820,97515.60,421.75,31458.27,0.00
2022,841,DEPARTMENT OF TRANSPORTATION,2005-07-10T00:00:00.000,MANHATTAN,ASSISTANT ELECTRICAL ENGINEER,ACTIVE,75814.00,per Annum,1820,75606.19,0,0.00,6134.79
2022,841,DEPARTMENT OF TRANSPORTATION,2018-10-01T00:00:00.000,MANHATTAN,PRINCIPAL ADMINISTRATIVE ASSOCIATE -  NON SUPVR,ACTIVE,54531.00,per Annum,1820,54381.60,0,0.00,3671.79
2022,841,DEPARTMENT OF TRANSPORTATION,2019-04-29T00:00:00.000,QUEENS,ASSISTANT CITY HIGHWAY REPAIRER,ACTIVE,26.15,per Hour,1500,39225.00,340.5,13541.14,11391.65
2022,841,DEPARTMENT OF TRANSPORTATION,2014-10-27T00:00:00.000,MANHATTAN,HIGHWAYS AND SEWERS INSPECTOR,ACTIVE,63244.00,per Annum,2080,63070.79,10,474.87,2519.57
2022,841,DEPARTMENT OF TRANSPORTATION,1988-03-14T00:00:00.000,QUEENS,ASSOCIATE PROJECT MANAGER,ACTIVE,92927.00,per Annum,1820,87392.32,423.5,29148.35,10886.83
2022,841,DEPARTMENT OF TRANSPORTATION,2021-08-30T00:00:00.000,QUEENS,TRAFFIC DEVICE MAINTAINER,CEASED,51317.00,per Annum,200,4121.07,21.75,815.35,614.42
2022,841,DEPARTMENT OF TRANSPORTATION,2019-09-13T00:00:00.000,BROOKLYN,APPRENTICE INSPECTOR,ACTIVE,44611.00,per Annum,2080,42453.96,64,1953.79,954.16
2022,841,DEPARTMENT OF TRANSPORTATION,1990-10-15T00:00:00.000,MANHATTAN,HIGHWAY REPAIRER,ACTIVE,380.64,per Day,2080,98966.40,338,24401.72,5443.12
2022,841,DEPARTMENT OF TRANSPORTATION,2015-03-30T00:00:00.000,QUEENS,TRAFFIC CONTROL INSPECTOR,ACTIVE,57190.00,per Annum,1820,53045.13,393.25,15158.57,2388.50
2022,841,DEPARTMENT OF TRANSPORTATION,2014-08-11T00:00:00.000,QUEENS,CLERICAL ASSOCIATE,ACTIVE,41848.00,per Annum,1820,41733.38,0,0.00,1108.12
2022,841,DEPARTMENT OF TRANSPORTATION,1981-09-21T00:00:00.000,QUEENS,AUTO MECHANIC,ACTIVE,347.20,per Day,2080,90272.00,0,0.00,1649.20
2022,841,DEPARTMENT OF TRANSPORTATION,1977-07-18T00:00:00.000,MANHATTAN,ASSOCIATE PROJECT MANAGER,CEASED,81276.00,per Annum,1820,81053.43,0,0.00,7976.02
2022,841,DEPARTMENT OF TRANSPORTATION,2009-03-30T00:00:00.000,MANHATTAN,ASSOCIATE PROJECT MANAGER,CEASED,85646.00,per Annum,980,45990.70,0,0.00,3282.21
2022,841,DEPARTMENT OF TRANSPORTATION,1980-10-17T00:00:00.000,QUEENS,SUPERVISOR HIGHWAY REPAIRER,CEASED,399.68,per Day,240,11990.40,10,749.40,587.04
2022,841,DEPARTMENT OF TRANSPORTATION,2016-03-14T00:00:00.000,QUEENS,ASSISTANT CITY HIGHWAY REPAIRER,ACTIVE,54589.00,per Annum,2080,54439.33,20,786.80,5334.31
2022,841,DEPARTMENT OF TRANSPORTATION,2001-04-08T00:00:00.000,MANHATTAN,SUPERVISOR HIGHWAY REPAIRER,ACTIVE,399.68,per Day,2080,103916.80,244.5,21248.95,25068.98
2022,841,DEPARTMENT OF TRANSPORTATION,2016-03-14T00:00:00.000,QUEENS,ASSISTANT CITY HIGHWAY REPAIRER,ACTIVE,54589.00,per Annum,2080,54439.33,65.5,2576.77,4918.23
2022,841,DEPARTMENT OF TRANSPORTATION,1992-09-14T00:00:00.000,QUEENS,MOTOR GRADER OPERATOR,CEASED,482.17,per Day,1904,84293.18,0,0.00,0.00
2022,841,DEPARTMENT OF TRANSPORTATION,2019-09-09T00:00:00.000,MANHATTAN,OILER,ACTIVE,478.00,per Day,1243,74269.91,250.5,22331.57,887.37
2022,841,DEPARTMENT OF TRANSPORTATION,2019-03-11T00:00:00.000,BROOKLYN,CEMENT MASON,ACTIVE,336.70,per Day,1820,87542.00,461.25,44372.25,8754.20
2022,841,DEPARTMENT OF TRANSPORTATION,2020-01-13T00:00:00.000,MANHATTAN,ADMINISTRATIVE ENGINEER,CEASED,116000.00,per Annum,1596,101444.14,0,0.00,70.75
2022,841,DEPARTMENT OF TRANSPORTATION,2019-06-03T00:00:00.000,MANHATTAN,ELECTRICIAN,ACTIVE,440.16,per Day,1820,113967.63,290,26709.14,565.92
2022,841,DEPARTMENT OF TRANSPORTATION,2019-06-03T00:00:00.000,MANHATTAN,COLLEGE AIDE,ACTIVE,17.30,per Hour,719.08,12440.13,0,0.00,0.00
2022,841,DEPARTMENT OF TRANSPORTATION,2018-07-16T00:00:00.000,MANHATTAN,APPRENTICE INSPECTOR,ACTIVE,48253.00,per Annum,2080,47861.37,41.5,1461.11,1332.72
2022,841,DEPARTMENT OF TRANSPORTATION,1998-02-09T00:00:00.000,QUEENS,CLERICAL ASSOCIATE,ACTIVE,46104.00,per Annum,1820,45977.63,0,0.00,5136.83
2022,841,DEPARTMENT OF TRANSPORTATION,2019-11-25T00:00:00.000,RICHMOND,MARINE OILER,ACTIVE,61555.00,per Annum,1664,60748.35,751,40794.74,7203.56
2022,841,DEPARTMENT OF TRANSPORTATION,2016-11-07T00:00:00.000,MANHATTAN,TELECOMMUNICATIONS ASSOCIATE,ACTIVE,69632.00,per Annum,1820,64975.66,241.25,12824.49,1685.71
2022,841,DEPARTMENT OF TRANSPORTATION,2021-09-13T00:00:00.000,MANHATTAN,SENIOR IT ARCHITECT,CEASED,150000.00,per Annum,945,77670.91,0,0.00,0.00
2022,841,DEPARTMENT OF TRANSPORTATION,2020-01-06T00:00:00.000,MANHATTAN,TRAFFIC DEVICE MAINTAINER,ACTIVE,61813.00,per Annum,2080,57225.52,12,478.79,7889.53
2022,841,DEPARTMENT OF TRANSPORTATION,2010-01-04T00:00:00.000,MANHATTAN,ADMINISTRATIVE CITY PLANNER,ACTIVE,92897.00,per Annum,1386,70086.95,22.25,1497.04,2061.32
2022,841,DEPARTMENT OF TRANSPORTATION,2019-01-27T00:00:00.000,MANHATTAN,ASSOCIATE STAFF ANALYST,ACTIVE,87699.00,per Annum,1820,92644.56,0,0.00,25.25
2022,841,DEPARTMENT OF TRANSPORTATION,2021-09-06T00:00:00.000,QUEENS,ASSISTANT CITY HIGHWAY REPAIRER,ACTIVE,26.15,per Hour,1032,25208.40,75.5,2680.90,4641.33
2022,841,DEPARTMENT OF TRANSPORTATION,2022-05-31T00:00:00.000,QUEENS,COLLEGE AIDE,ACTIVE,17.30,per Hour,10,173.00,0,0.00,0.00
2022,841,DEPARTMENT OF TRANSPORTATION,2017-03-20T00:00:00.000,QUEENS,TRAFFIC DEVICE MAINTAINER,ACTIVE,61813.00,per Annum,2080,58825.04,65,2820.69,1958.72
2022,841,DEPARTMENT OF TRANSPORTATION,2014-01-21T00:00:00.000,MANHATTAN,PUBLIC RECORDS AIDE,CEASED,43293.00,per Annum,210,4981.65,0,0.00,100.56
2022,841,DEPARTMENT OF TRANSPORTATION,2015-06-29T00:00:00.000,QUEENS,ASSISTANT CITY HIGHWAY REPAIRER,ON LEAVE,54589.00,per Annum,1848,48367.23,206,8392.86,2069.63
2022,841,DEPARTMENT OF TRANSPORTATION,2010-04-19T00:00:00.000,BRONX,HIGHWAY REPAIRER,ACTIVE,380.64,per Day,2080,98966.40,429.75,30880.97,2446.30
2022,841,DEPARTMENT OF TRANSPORTATION,2021-07-06T00:00:00.000,QUEENS,ASSISTANT CITY HIGHWAY REPAIRER,ACTIVE,22.73,per Hour,1376,31276.48,30.75,1025.69,3965.19
2022,841,DEPARTMENT OF TRANSPORTATION,2006-01-08T00:00:00.000,RICHMOND,MATE,ACTIVE,57875.00,per Annum,1664,57716.36,773.5,39355.68,1749.57
2022,841,DEPARTMENT OF TRANSPORTATION,2019-10-11T00:00:00.000,QUEENS,ELECTRICIAN,ACTIVE,440.16,per Day,1820,113967.63,398,37273.10,4128.83
2022,841,DEPARTMENT OF TRANSPORTATION,1994-10-17T00:00:00.000,QUEENS,ASSOCIATE STAFF ANALYST,ACTIVE,86473.00,per Annum,1820,102965.57,296,20149.21,8107.83
2022,841,DEPARTMENT OF TRANSPORTATION,2015-07-06T00:00:00.000,QUEENS,ASSISTANT CITY HIGHWAY REPAIRER,ACTIVE,54589.00,per Annum,2080,54439.33,226.5,8978.12,1209.19
2022,841,DEPARTMENT OF TRANSPORTATION,2019-08-12T00:00:00.000,QUEENS,CLERICAL ASSOCIATE,ACTIVE,49440.00,per Annum,1820,49304.58,0,0.00,0.00
2022,841,DEPARTMENT OF TRANSPORTATION,2017-03-20T00:00:00.000,MANHATTAN,HIGHWAYS AND SEWERS INSPECTOR,ACTIVE,55000.00,per Annum,2080,52277.75,83.5,3206.31,1151.29
2022,841,DEPARTMENT OF TRANSPORTATION,2014-09-29T00:00:00.000,BROOKLYN,CRANE OPERATOR AMPES,ACTIVE,543.94,per Day,2080,141424.40,637.25,86656.62,0.00
2022,841,DEPARTMENT OF TRANSPORTATION,2005-04-17T00:00:00.000,RICHMOND,MARINE ENGINEER,ACTIVE,64237.00,per Annum,1664,64060.89,1004.5,56734.16,3852.10
2022,841,DEPARTMENT OF TRANSPORTATION,2016-12-19T00:00:00.000,QUEENS,TRAFFIC DEVICE MAINTAINER,CEASED,61813.00,per Annum,1211.43,35842.98,83,3778.92,1378.07
2022,841,DEPARTMENT OF TRANSPORTATION,1989-08-21T00:00:00.000,MANHATTAN,ADMINISTRATIVE ENGINEER,ACTIVE,153470.00,per Annum,1820,153049.52,0,0.00,2940.05
2022,841,DEPARTMENT OF TRANSPORTATION,2022-06-06T00:00:00.000,MANHATTAN,COLLEGE AIDE,ACTIVE,19.90,per Hour,19,378.10,0,0.00,0.00
2022,841,DEPARTMENT OF TRANSPORTATION,2018-10-01T00:00:00.000,QUEENS,ASSISTANT CIVIL ENGINEER,ACTIVE,65640.00,per Annum,1820,64048.49,0,0.00,485.27
2022,841,DEPARTMENT OF TRANSPORTATION,1990-02-13T00:00:00.000,MANHATTAN,ADM MANAGER-NON-MGRL,ACTIVE,80786.00,per Annum,1820,80564.64,1,45.19,1784.70
2022,841,DEPARTMENT OF TRANSPORTATION,2007-06-25T00:00:00.000,QUEENS,ASSOCIATE PROJECT MANAGER,ACTIVE,85914.00,per Annum,1820,85678.58,87.75,4623.99,8653.21
2022,841,DEPARTMENT OF TRANSPORTATION,2019-07-15T00:00:00.000,QUEENS,TRANSPORTATION SPECIALIST,ACTIVE,68922.00,per Annum,1820,65963.41,273.25,11510.74,429.56
2022,841,DEPARTMENT OF TRANSPORTATION,2009-08-31T00:00:00.000,QUEENS,OPERATIONS COMMUNICATIONS SPECIALIST,ACTIVE,54085.00,per Annum,1820,53936.74,151.25,6956.87,13948.98
2022,841,DEPARTMENT OF TRANSPORTATION,2018-01-08T00:00:00.000,BROOKLYN,ADMINISTRATIVE SUPERVISOR OF BUILDING MAINTENANCE,ACTIVE,139283.00,per Annum,1820,132630.06,0,0.00,2820.25
2022,841,DEPARTMENT OF TRANSPORTATION,2015-11-23T00:00:00.000,MANHATTAN,CLERICAL ASSOCIATE,ACTIVE,46033.00,per Annum,1820,45906.90,0,0.08,2042.65
2022,841,DEPARTMENT OF TRANSPORTATION,1982-07-01T00:00:00.000,MANHATTAN,ADMINISTRATIVE STAFF ANALYST,ACTIVE,98253.00,per Annum,1820,116321.57,59.25,4509.30,6867.35
2022,841,DEPARTMENT OF TRANSPORTATION,2019-01-07T00:00:00.000,MANHATTAN,COMMUNITY COORDINATOR,ACTIVE,62215.00,per Annum,1820,62044.58,0,0.00,42.75
2022,841,DEPARTMENT OF TRANSPORTATION,2016-10-17T00:00:00.000,MANHATTAN,TRAFFIC DEVICE MAINTAINER,ACTIVE,67044.00,per Annum,2080,66007.42,405,19592.27,2270.06
2022,841,DEPARTMENT OF TRANSPORTATION,1986-04-07T00:00:00.000,QUEENS,ADMINISTRATIVE STAFF ANALYST,ACTIVE,112598.00,per Annum,1820,133085.44,0,0.00,3486.82
2022,841,DEPARTMENT OF TRANSPORTATION,2021-10-18T00:00:00.000,MANHATTAN,ASSISTANT CITY HIGHWAY REPAIRER,ACTIVE,22.73,per Hour,804.5,18286.29,36,1235.40,1052.95
2022,841,DEPARTMENT OF TRANSPORTATION,2004-07-27T00:00:00.000,QUEENS,CITY PARKING EQUIPMENT SERVICE WORKER,ACTIVE,44758.00,per Annum,2080,44635.49,208,7624.20,6873.32
2022,841,DEPARTMENT OF TRANSPORTATION,2005-03-13T00:00:00.000,RICHMOND,HIGHWAY REPAIRER,CEASED,380.64,per Day,1640,78033.10,64,4603.38,904.86
2022,841,DEPARTMENT OF TRANSPORTATION,1980-12-01T00:00:00.000,MANHATTAN,PRINCIPAL ADMINISTRATIVE ASSOCIATE -  NON SUPVR,ACTIVE,61156.00,per Annum,1820,60988.46,1,35.86,7662.96
2022,841,DEPARTMENT OF TRANSPORTATION,2015-04-27T00:00:00.000,QUEENS,ASSISTANT CITY HIGHWAY REPAIRER,ACTIVE,54589.00,per Annum,2080,49675.93,36,1363.78,4363.00
2022,841,DEPARTMENT OF TRANSPORTATION,2018-10-15T00:00:00.000,QUEENS,TRAFFIC CONTROL INSPECTOR,ACTIVE,51991.00,per Annum,1820,51848.67,15,507.77,1570.77
2022,841,DEPARTMENT OF TRANSPORTATION,2006-02-12T00:00:00.000,RICHMOND,ADMINISTRATIVE PROJECT MANAGER,ACTIVE,182160.00,per Annum,1820,174341.56,0,0.00,4848.54
2022,841,DEPARTMENT OF TRANSPORTATION,2021-12-20T00:00:00.000,QUEENS,AUTOMOTIVE SERVICE WORKER,ACTIVE,36474.00,per Annum,960,16788.00,77.5,2075.71,389.14
2022,841,DEPARTMENT OF TRANSPORTATION,2005-12-11T00:00:00.000,RICHMOND,CITY ATTENDANT,ACTIVE,19.55,per Hour,2051,40097.10,68,2354.56,8869.79
2022,841,DEPARTMENT OF TRANSPORTATION,2021-10-04T00:00:00.000,QUEENS,TRAFFIC DEVICE MAINTAINER,ON LEAVE,51317.00,per Annum,1248,30705.77,16,611.97,545.38
2022,841,DEPARTMENT OF TRANSPORTATION,2021-08-02T00:00:00.000,RICHMOND,DECKHAND,ACTIVE,51524.00,per Annum,1472,44465.86,318,14604.25,2570.63
2022,841,DEPARTMENT OF TRANSPORTATION,2016-03-14T00:00:00.000,MANHATTAN,ASSISTANT CITY HIGHWAY REPAIRER,ACTIVE,54589.00,per Annum,2061.72,53960.70,365,14538.85,1503.23
2022,841,DEPARTMENT OF TRANSPORTATION,2022-01-03T00:00:00.000,MANHATTAN,COMMUNITY COORDINATOR,ACTIVE,64795.00,per Annum,840,29823.48,51.5,2065.86,61.44
2022,841,DEPARTMENT OF TRANSPORTATION,2019-06-03T00:00:00.000,QUEENS,AUTO MECHANIC,ACTIVE,309.20,per Day,2080,80415.49,52,3263.08,5942.69
2022,841,DEPARTMENT OF TRANSPORTATION,2019-03-18T00:00:00.000,QUEENS,ASSISTANT CITY HIGHWAY REPAIRER,ACTIVE,26.15,per Hour,1504,39329.61,19.5,775.37,2498.49
2022,841,DEPARTMENT OF TRANSPORTATION,1997-04-28T00:00:00.000,QUEENS,ADMINISTRATIVE PROJECT MANAGER,ACTIVE,112607.00,per Annum,1820,112298.43,259.75,22620.21,814.86
2022,841,DEPARTMENT OF TRANSPORTATION,2016-07-01T00:00:00.000,MANHATTAN,ASSISTANT CIVIL ENGINEER,ACTIVE,77455.00,per Annum,1820,77242.88,0,0.00,567.86
2022,841,DEPARTMENT OF TRANSPORTATION,2016-01-04T00:00:00.000,MANHATTAN,ADMINISTRATIVE ENGINEER,ACTIVE,118736.00,per Annum,1820,118410.76,321.5,24473.81,130.13
2022,841,DEPARTMENT OF TRANSPORTATION,2017-03-20T00:00:00.000,QUEENS,TRAFFIC CONTROL INSPECTOR,ACTIVE,63763.00,per Annum,1820,58721.61,0,0.00,1010.65
2022,841,DEPARTMENT OF TRANSPORTATION,2020-01-06T00:00:00.000,QUEENS,TRAFFIC DEVICE MAINTAINER,ACTIVE,61813.00,per Annum,2080,57225.52,477.5,20082.42,1028.17
2022,841,DEPARTMENT OF TRANSPORTATION,2008-06-29T00:00:00.000,MANHATTAN,CIVIL ENGINEER,ACTIVE,98128.00,per Annum,1820,97859.06,0,0.00,4654.60
2022,841,DEPARTMENT OF TRANSPORTATION,2006-04-24T00:00:00.000,QUEENS,TRANSPORTATION SPECIALIST,ACTIVE,102181.00,per Annum,1820,94775.22,283.25,19859.52,7785.24
2022,841,DEPARTMENT OF TRANSPORTATION,2019-08-26T00:00:00.000,MANHATTAN,COMMUNITY ASSOCIATE,ACTIVE,54261.00,per Annum,1820,50895.68,22.5,708.75,16.50
2022,841,DEPARTMENT OF TRANSPORTATION,2019-08-19T00:00:00.000,BROOKLYN,ASSISTANT CITY HIGHWAY REPAIRER,ACTIVE,26.15,per Hour,1504,39329.62,2,78.45,6514.23
2022,841,DEPARTMENT OF TRANSPORTATION,2019-04-15T00:00:00.000,QUEENS,CLERICAL ASSOCIATE,ACTIVE,25.19,per Hour,1713,43150.48,58,1649.93,1803.70
2022,841,DEPARTMENT OF TRANSPORTATION,2007-04-02T00:00:00.000,MANHATTAN,PRINCIPAL ADMINISTRATIVE ASSOCIATE -  NON SUPVR,ACTIVE,36.12,per Hour,1742,62921.04,0,0.00,3545.23
2022,841,DEPARTMENT OF TRANSPORTATION,2005-04-03T00:00:00.000,BROOKLYN,SUPERVISOR HIGHWAY REPAIRER,ACTIVE,399.68,per Day,1840,87930.00,653.5,51060.48,13712.81
2022,841,DEPARTMENT OF TRANSPORTATION,2017-04-17T00:00:00.000,MANHATTAN,COMMUNITY COORDINATOR,ACTIVE,68437.00,per Annum,1820,62999.18,50.75,2075.55,167.41
2022,841,DEPARTMENT OF TRANSPORTATION,2022-04-11T00:00:00.000,QUEENS,TRAFFIC DEVICE MAINTAINER,ACTIVE,51317.00,per Annum,400,9447.94,50,1836.53,182.04
2022,841,DEPARTMENT OF TRANSPORTATION,2001-04-15T00:00:00.000,RICHMOND,HIGHWAY REPAIRER,ACTIVE,380.64,per Day,2080,98966.40,74.5,5365.86,1837.04
2022,841,DEPARTMENT OF TRANSPORTATION,1991-07-08T00:00:00.000,QUEENS,TRANSPORTATION SPECIALIST,ACTIVE,76562.00,per Annum,1820,72001.92,126,6470.32,5375.24
2022,841,DEPARTMENT OF TRANSPORTATION,2014-12-15T00:00:00.000,MANHATTAN,CITY PLANNER,ACTIVE,84724.00,per Annum,1820,79195.89,0,0.00,973.51
2022,841,DEPARTMENT OF TRANSPORTATION,2022-04-18T00:00:00.000,MANHATTAN,AGENCY ATTORNEY,ACTIVE,94755.00,per Annum,315,16354.98,0,0.00,595.12
2022,841,DEPARTMENT OF TRANSPORTATION,2000-04-16T00:00:00.000,QUEENS,CLERICAL ASSOCIATE,ACTIVE,59730.00,per Annum,1820,59566.26,343,14944.16,7746.06
2022,841,DEPARTMENT OF TRANSPORTATION,2021-10-04T00:00:00.000,QUEENS,CITY PARKING EQUIPMENT SERVICE WORKER,ACTIVE,36184.00,per Annum,1480,25496.51,8,215.75,792.42
2022,841,DEPARTMENT OF TRANSPORTATION,2009-03-16T00:00:00.000,MANHATTAN,GASOLINE ROLLER ENGINEER-L15,CEASED,536.67,per Day,1960,131486.85,0,0.00,0.00
2022,841,DEPARTMENT OF TRANSPORTATION,2008-10-27T00:00:00.000,BROOKLYN,SUPERVISOR HIGHWAY REPAIRER,ACTIVE,399.68,per Day,2080,103916.80,208.5,16173.30,4323.69
2022,841,DEPARTMENT OF TRANSPORTATION,2003-03-30T00:00:00.000,BRONX,AUTO MECHANIC,ACTIVE,347.20,per Day,2080,90272.00,236.5,15641.44,1796.76
2022,841,DEPARTMENT OF TRANSPORTATION,2021-06-28T00:00:00.000,QUEENS,ASSISTANT CITY HIGHWAY REPAIRER,ACTIVE,22.73,per Hour,1424,32367.52,89,3250.95,3097.13
2022,841,DEPARTMENT OF TRANSPORTATION,2019-12-23T00:00:00.000,QUEENS,TRAFFIC DEVICE MAINTAINER,ACTIVE,61813.00,per Annum,1752,46871.75,0,0.00,1608.48
2022,841,DEPARTMENT OF TRANSPORTATION,2019-11-25T00:00:00.000,MANHATTAN,CLERICAL ASSOCIATE,ACTIVE,46019.00,per Annum,1820,40956.02,9.75,245.59,873.56
2022,841,DEPARTMENT OF TRANSPORTATION,2008-02-25T00:00:00.000,MANHATTAN,EXECUTIVE AGENCY COUNSEL,ACTIVE,156520.00,per Annum,1820,156091.26,0,0.00,3998.45
2022,841,DEPARTMENT OF TRANSPORTATION,2019-10-07T00:00:00.000,QUEENS,TRAFFIC DEVICE MAINTAINER,ACTIVE,61813.00,per Annum,1600,45253.31,173,7408.97,1086.22
2022,841,DEPARTMENT OF TRANSPORTATION,2021-06-07T00:00:00.000,QUEENS,COLLEGE AIDE,CEASED,19.90,per Hour,635.43,12645.15,0,0.00,0.00
2022,841,DEPARTMENT OF TRANSPORTATION,2018-03-19T00:00:00.000,QUEENS,ASSISTANT CITY HIGHWAY REPAIRER,ACTIVE,26.15,per Hour,1504,39329.60,316,12575.46,7039.75
2022,841,DEPARTMENT OF TRANSPORTATION,1989-04-10T00:00:00.000,QUEENS,HIGHWAY REPAIRER,ACTIVE,380.64,per Day,2080,98966.40,173,12400.56,2462.32
2022,841,DEPARTMENT OF TRANSPORTATION,2018-03-19T00:00:00.000,BRONX,ASSISTANT CITY HIGHWAY REPAIRER,ACTIVE,26.15,per Hour,1463.67,38274.91,298.75,11828.90,3514.04
2022,841,DEPARTMENT OF TRANSPORTATION,1982-01-25T00:00:00.000,RICHMOND,ADM MANAGER-NON-MGRL,ACTIVE,113079.00,per Annum,1820,112769.28,0,0.00,1764.36
2022,841,DEPARTMENT OF TRANSPORTATION,2005-07-17T00:00:00.000,MANHATTAN,SUPERVISOR HIGHWAY REPAIRER,ACTIVE,399.68,per Day,2080,103916.80,282.5,24462.65,29369.45
2022,841,DEPARTMENT OF TRANSPORTATION,2014-03-23T00:00:00.000,QUEENS,TRAFFIC CONTROL INSPECTOR,ACTIVE,52089.00,per Annum,1820,51946.19,48,1574.17,6176.34
2022,841,DEPARTMENT OF TRANSPORTATION,2015-04-27T00:00:00.000,RICHMOND,ASSISTANT CITY HIGHWAY REPAIRER,ON LEAVE,54589.00,per Annum,1896,49623.39,110,4380.57,1302.76
2022,841,DEPARTMENT OF TRANSPORTATION,2001-02-20T00:00:00.000,QUEENS,CLERICAL ASSOCIATE,ACTIVE,27.63,per Hour,1743,48159.19,0,0.00,7242.01
2022,841,DEPARTMENT OF TRANSPORTATION,2005-06-26T00:00:00.000,BROOKLYN,SUPERVISOR HIGHWAY REPAIRER,ACTIVE,399.68,per Day,2080,94724.16,292.5,22640.76,4882.31
2022,841,DEPARTMENT OF TRANSPORTATION,2003-07-20T00:00:00.000,BRONX,TRANSPORTATION SPECIALIST,ACTIVE,76692.00,per Annum,1820,76481.87,308.5,17389.67,6903.23
2022,841,DEPARTMENT OF TRANSPORTATION,2005-01-02T00:00:00.000,QUEENS,CITY LABORER,CEASED,290.00,per Day,1296,46980.58,92.5,5256.27,0.00
2022,841,DEPARTMENT OF TRANSPORTATION,1988-07-25T00:00:00.000,BROOKLYN,BRIDGE REPAIRER AND RIVETER,ACTIVE,386.00,per Day,2080,100360.00,237.5,14897.50,212.30
2022,841,DEPARTMENT OF TRANSPORTATION,2015-06-29T00:00:00.000,QUEENS,ASSISTANT CITY HIGHWAY REPAIRER,ACTIVE,54589.00,per Annum,2080,54229.95,295,11740.46,840.17
2022,841,DEPARTMENT OF TRANSPORTATION,1989-04-07T00:00:00.000,QUEENS,HIGHWAY REPAIRER,ACTIVE,380.64,per Day,2080,98966.40,443.5,32100.98,2611.40
2022,841,DEPARTMENT OF TRANSPORTATION,1987-09-21T00:00:00.000,QUEENS,ADM MANAGER-NON-MGRL,ACTIVE,90773.00,per Annum,1820,81407.99,327.75,18786.22,82945.05
2022,841,DEPARTMENT OF TRANSPORTATION,2022-01-03T00:00:00.000,QUEENS,CLERICAL ASSOCIATE,ACTIVE,41848.00,per Annum,840,19261.56,78.25,2015.67,6.87
2022,841,DEPARTMENT OF TRANSPORTATION,1992-11-02T00:00:00.000,RICHMOND,DECKHAND,ACTIVE,59253.00,per Annum,1664,59090.72,939,49078.27,4094.70
2022,841,DEPARTMENT OF TRANSPORTATION,2017-08-28T00:00:00.000,RICHMOND,TRAFFIC DEVICE MAINTAINER,ACTIVE,64428.00,per Annum,2080,61643.66,157.5,7247.64,2344.48
2022,841,DEPARTMENT OF TRANSPORTATION,2011-09-12T00:00:00.000,MANHATTAN,TRANSPORTATION SPECIALIST,ACTIVE,68921.00,per Annum,1820,68732.29,16.5,646.23,2820.79
2022,841,DEPARTMENT OF TRANSPORTATION,2000-08-13T00:00:00.000,QUEENS,HIGHWAY REPAIRER,ACTIVE,380.64,per Day,2080,98966.40,540.5,38654.91,3042.96
2022,841,DEPARTMENT OF TRANSPORTATION,2010-04-12T00:00:00.000,MANHATTAN,CONSTRUCTION PROJECT MANAGER,ACTIVE,81553.00,per Annum,1820,81329.56,431,24767.00,3733.54
2022,841,DEPARTMENT OF TRANSPORTATION,1993-04-26T00:00:00.000,RICHMOND,HIGHWAY REPAIRER,ACTIVE,380.64,per Day,2080,98966.40,235,16933.91,1604.52
2022,841,DEPARTMENT OF TRANSPORTATION,2017-07-10T00:00:00.000,QUEENS,CITY LABORER,ACTIVE,290.00,per Day,2080,73660.00,323,18904.49,421.41
2022,841,DEPARTMENT OF TRANSPORTATION,2019-11-18T00:00:00.000,MANHATTAN,CLERICAL ASSOCIATE,ACTIVE,46019.00,per Annum,1190,29830.28,86,2659.94,781.41
2022,841,DEPARTMENT OF TRANSPORTATION,2015-12-07T00:00:00.000,RICHMOND,ADMINISTRATIVE PROJECT MANAGER,ACTIVE,160327.00,per Annum,1820,159887.78,0,0.00,0.00
2022,841,DEPARTMENT OF TRANSPORTATION,2007-02-20T00:00:00.000,MANHATTAN,ADM MANAGER-NON-MGRL,ACTIVE,88856.00,per Annum,1820,88612.67,0,0.00,983.46
2022,841,DEPARTMENT OF TRANSPORTATION,2018-11-19T00:00:00.000,MANHATTAN,APPRENTICE INSPECTOR,ACTIVE,48253.00,per Annum,2080,46604.16,0,0.00,777.32
2022,841,DEPARTMENT OF TRANSPORTATION,2016-03-14T00:00:00.000,QUEENS,ASSISTANT CITY HIGHWAY REPAIRER,ACTIVE,54589.00,per Annum,2024,52973.53,327,13170.39,2277.35
2022,841,DEPARTMENT OF TRANSPORTATION,1990-06-04T00:00:00.000,QUEENS,HIGHWAY REPAIRER,ACTIVE,380.64,per Day,2080,97063.20,699,50613.71,4126.15
2022,841,DEPARTMENT OF TRANSPORTATION,2022-06-13T00:00:00.000,BROOKLYN,APPRENTICE INSPECTOR,ACTIVE,33019.00,per Annum,40,633.24,0,0.00,0.00
2022,841,DEPARTMENT OF TRANSPORTATION,1999-10-12T00:00:00.000,RICHMOND,HIGHWAY REPAIRER,ACTIVE,380.64,per Day,2080,98966.40,455.5,32771.59,2021.97
2022,841,DEPARTMENT OF TRANSPORTATION,2018-11-05T00:00:00.000,QUEENS,TRAFFIC DEVICE MAINTAINER,ACTIVE,59015.00,per Annum,1800,32239.92,0,0.00,999.20
2022,841,DEPARTMENT OF TRANSPORTATION,2019-04-01T00:00:00.000,MANHATTAN,TRANSPORTATION SPECIALIST,ACTIVE,85847.00,per Annum,1820,79531.56,10.25,549.11,232.00
2022,841,DEPARTMENT OF TRANSPORTATION,1993-07-12T00:00:00.000,MANHATTAN,CLERICAL ASSOCIATE,ACTIVE,49575.00,per Annum,1820,49439.26,0,0.00,5701.82
2022,841,DEPARTMENT OF TRANSPORTATION,1996-12-08T00:00:00.000,QUEENS,SUPERVISOR OF TRAFFIC DEVICE MAINTAINERS,ACTIVE,78719.00,per Annum,1820,92997.19,548,49887.27,32339.75
2022,841,DEPARTMENT OF TRANSPORTATION,2019-01-07T00:00:00.000,MANHATTAN,PRINCIPAL ADMINISTRATIVE ASSOCIATE -  NON SUPVR,ACTIVE,63291.00,per Annum,1820,63117.60,341.5,15805.70,4837.92
2022,841,DEPARTMENT OF TRANSPORTATION,2019-08-26T00:00:00.000,QUEENS,MANAGEMENT AUDITOR,ACTIVE,72100.00,per Annum,1820,71902.48,0,0.00,5840.91
2022,841,DEPARTMENT OF TRANSPORTATION,2022-05-02T00:00:00.000,BRONX,TRAFFIC DEVICE MAINTAINER,ACTIVE,51317.00,per Annum,280,6889.12,36,1404.54,336.40
2022,841,DEPARTMENT OF TRANSPORTATION,2008-08-04T00:00:00.000,MANHATTAN,ADMINISTRATIVE PROCUREMENT ANALYST-NON-MGRL,ACTIVE,88956.00,per Annum,1820,81809.89,0,0.00,299.26
2022,841,DEPARTMENT OF TRANSPORTATION,1992-11-02T00:00:00.000,BROOKLYN,OILER,CEASED,478.00,per Day,680,40632.40,47.5,4257.20,41.98
2022,841,DEPARTMENT OF TRANSPORTATION,1989-04-17T00:00:00.000,QUEENS,AREA SUPERVISOR,ACTIVE,114836.00,per Annum,2080,114521.42,488,41922.30,14950.65
2022,841,DEPARTMENT OF TRANSPORTATION,2000-05-07T00:00:00.000,BROOKLYN,AREA SUPERVISOR,ACTIVE,114730.00,per Annum,2080,114415.61,780.5,66830.15,8260.56
2022,841,DEPARTMENT OF TRANSPORTATION,1989-05-15T00:00:00.000,QUEENS,TRAFFIC DEVICE MAINTAINER,ACTIVE,67044.00,per Annum,2080,66860.30,2.25,115.82,6820.36
2022,841,DEPARTMENT OF TRANSPORTATION,2015-11-02T00:00:00.000,MANHATTAN,ASSISTANT CIVIL ENGINEER,ACTIVE,72204.00,per Annum,1820,72006.22,0,0.00,3528.40
2022,841,DEPARTMENT OF TRANSPORTATION,2017-10-02T00:00:00.000,QUEENS,TRAFFIC DEVICE MAINTAINER,ACTIVE,64428.00,per Annum,2080,64251.47,356,16542.19,1790.85
2022,841,DEPARTMENT OF TRANSPORTATION,1990-07-30T00:00:00.000,MANHATTAN,ADMINISTRATIVE STAFF ANALYST,ACTIVE,152618.00,per Annum,1820,152199.84,0,0.00,2923.70
2022,841,DEPARTMENT OF TRANSPORTATION,1984-01-16T00:00:00.000,BROOKLYN,AREA SUPERVISOR,CEASED,114869.00,per Annum,592,32603.72,0,0.00,1265.61
2022,841,DEPARTMENT OF TRANSPORTATION,2008-05-26T00:00:00.000,MANHATTAN,ADMINISTRATIVE CITY PLANNER,ACTIVE,117846.00,per Annum,1820,117523.12,0,0.00,467.97
2022,868,DEPT OF CITYWIDE ADMIN SVCS,2022-02-14T00:00:00.000,MANHATTAN,ADMINISTRATIVE CONSTRUCTION PROJECT MANAGER,ACTIVE,95000.00,per Annum,630,32794.56,0,0.00,0.00
2022,868,DEPT OF CITYWIDE ADMIN SVCS,2018-09-04T00:00:00.000,MANHATTAN,ADMINISTRATIVE STAFF ANALYST,ACTIVE,136913.00,per Annum,1820,136537.96,0,0.00,2622.85
2022,868,DEPT OF CITYWIDE ADMIN SVCS,2019-07-22T00:00:00.000,MANHATTAN,PROCUREMENT ANALYST,ACTIVE,69012.00,per Annum,1820,61604.57,0,0.00,0.00
2022,868,DEPT OF CITYWIDE ADMIN SVCS,2018-10-01T00:00:00.000,MANHATTAN,ASSOCIATE PROJECT MANAGER,ACTIVE,85713.00,per Annum,1820,82620.48,44.25,2549.65,2088.63
2022,868,DEPT OF CITYWIDE ADMIN SVCS,2014-10-06T00:00:00.000,MANHATTAN,ADMINISTRATIVE PROCUREMENT ANALYST-NON-MGRL,ACTIVE,125000.00,per Annum,1820,121726.61,0,0.00,0.00
2022,868,DEPT OF CITYWIDE ADMIN SVCS,2019-11-18T00:00:00.000,MANHATTAN,PRINCIPAL ADMINISTRATIVE ASSOCIATE -  NON SUPVR,ACTIVE,54531.00,per Annum,1820,51438.95,0,0.00,862.85
2022,868,DEPT OF CITYWIDE ADMIN SVCS,2019-02-04T00:00:00.000,MANHATTAN,TESTS AND MEASUREMENT SPECIALIST,ACTIVE,71535.00,per Annum,1820,80630.54,0,0.00,0.00
2022,868,DEPT OF CITYWIDE ADMIN SVCS,2008-08-11T00:00:00.000,MANHATTAN,ASSOCIATE REAL PROPERTY MANAGER,ACTIVE,65906.00,per Annum,1820,65725.40,0,0.00,4341.14
2022,868,DEPT OF CITYWIDE ADMIN SVCS,2019-11-25T00:00:00.000,MANHATTAN,SPECIAL OFFICER,ON LEAVE,50207.00,per Annum,1920,44725.58,29.75,1116.92,3961.39
2022,868,DEPT OF CITYWIDE ADMIN SVCS,2019-07-22T00:00:00.000,MANHATTAN,STAFF ANALYST,ACTIVE,61866.00,per Annum,1820,67268.90,0,1.98,500.00
2022,868,DEPT OF CITYWIDE ADMIN SVCS,2008-09-08T00:00:00.000,MANHATTAN,STATIONARY ENGINEER,ACTIVE,508.80,per Day,2080,132288.00,324,30105.06,23473.71
2022,868,DEPT OF CITYWIDE ADMIN SVCS,2016-06-06T00:00:00.000,MANHATTAN,ADM MANAGER-NON-MGRL,CEASED,74404.00,per Annum,770,31392.35,6.25,260.57,12886.65
2022,868,DEPT OF CITYWIDE ADMIN SVCS,2022-01-18T00:00:00.000,MANHATTAN,ASSISTANT ELECTRICAL ENGINEER,ACTIVE,57078.00,per Annum,763,23863.26,0,0.00,0.00
2022,868,DEPT OF CITYWIDE ADMIN SVCS,2004-07-18T00:00:00.000,MANHATTAN,SUPERVISING SPECIAL OFFICER,ACTIVE,79187.00,per Annum,2080,78970.06,868.75,49421.49,1500.00
2022,868,DEPT OF CITYWIDE ADMIN SVCS,2018-12-10T00:00:00.000,MANHATTAN,STAFF ANALYST,ACTIVE,61866.00,per Annum,1820,60056.34,0,0.00,7910.53
2022,868,DEPT OF CITYWIDE ADMIN SVCS,2021-09-27T00:00:00.000,MANHATTAN,AGENCY ATTORNEY,ACTIVE,71423.00,per Annum,1330,52050.69,0,0.00,0.00
2022,868,DEPT OF CITYWIDE ADMIN SVCS,2019-06-10T00:00:00.000,MANHATTAN,CONFIDENTIAL STRATEGY PLANNER,ACTIVE,68881.00,per Annum,1820,72172.34,0,0.00,0.00
2022,868,DEPT OF CITYWIDE ADMIN SVCS,2010-07-19T00:00:00.000,MANHATTAN,STATIONARY ENGINEER,ACTIVE,508.80,per Day,2080,132288.00,1148.5,107711.37,22363.68
2022,868,DEPT OF CITYWIDE ADMIN SVCS,2015-07-13T00:00:00.000,MANHATTAN,ADMINISTRATIVE STAFF ANALYST,CEASED,109539.00,per Annum,0,15008.99,0,0.00,0.00
2022,868,DEPT OF CITYWIDE ADMIN SVCS,1996-06-23T00:00:00.000,BRONX,CITY CUSTODIAL ASSISTANT,CEASED,39857.00,per Annum,1834,35046.68,0,0.00,4098.50
2022,868,DEPT OF CITYWIDE ADMIN SVCS,2017-08-07T00:00:00.000,MANHATTAN,CONFIDENTIAL STRATEGY PLANNER,CEASED,77257.00,per Annum,0,11618.79,0,149.50,32.29
2022,868,DEPT OF CITYWIDE ADMIN SVCS,1997-08-03T00:00:00.000,MANHATTAN,CLERICAL ASSOCIATE,ACTIVE,46126.00,per Annum,1820,45999.72,0,0.00,5136.83
2022,868,DEPT OF CITYWIDE ADMIN SVCS,2005-09-12T00:00:00.000,MANHATTAN,ADMINISTRATIVE STAFF ANALYST,ACTIVE,134423.00,per Annum,1820,156332.99,0,337.02,3196.58
2022,868,DEPT OF CITYWIDE ADMIN SVCS,2006-07-17T00:00:00.000,MANHATTAN,CITY CUSTODIAL ASSISTANT,ACTIVE,36915.00,per Annum,2080,36813.92,242.75,7144.87,4096.18
2022,868,DEPT OF CITYWIDE ADMIN SVCS,1996-09-23T00:00:00.000,QUEENS,COMMUNITY SERVICE AIDE,ACTIVE,34249.00,per Annum,1820,34155.16,0,0.00,1417.00
2022,868,DEPT OF CITYWIDE ADMIN SVCS,2006-12-18T00:00:00.000,MANHATTAN,CUSTODIAN,ACTIVE,59083.00,per Annum,2080,58921.19,490.75,21184.52,1365.23
2022,868,DEPT OF CITYWIDE ADMIN SVCS,2018-09-04T00:00:00.000,MANHATTAN,NEW YORK CITY URBAN FELLOW,CEASED,25.61,per Hour,0,0.00,0,0.00,53.57
2022,868,DEPT OF CITYWIDE ADMIN SVCS,2015-08-24T00:00:00.000,MANHATTAN,PROCUREMENT ANALYST,ACTIVE,84254.00,per Annum,1829,74374.23,0,0.00,0.00
2022,868,DEPT OF CITYWIDE ADMIN SVCS,2017-08-07T00:00:00.000,MANHATTAN,COMMUNITY COORDINATOR,ACTIVE,71194.00,per Annum,1820,67198.82,0,0.00,0.00
2022,868,DEPT OF CITYWIDE ADMIN SVCS,2018-10-01T00:00:00.000,BROOKLYN,STAFF ANALYST,ACTIVE,61866.00,per Annum,1820,66220.52,0,0.00,549.50
2022,868,DEPT OF CITYWIDE ADMIN SVCS,1998-03-22T00:00:00.000,MANHATTAN,CLERICAL ASSOCIATE,ACTIVE,49025.00,per Annum,1820,48890.67,0,0.00,5136.83
2022,868,DEPT OF CITYWIDE ADMIN SVCS,2017-05-29T00:00:00.000,MANHATTAN,ADMINISTRATIVE STAFF ANALYST,ACTIVE,81438.00,per Annum,1820,95199.93,0,0.00,0.00
2022,868,DEPT OF CITYWIDE ADMIN SVCS,2007-11-19T00:00:00.000,MANHATTAN,SENIOR SALVAGE APPRAISER,ACTIVE,77609.00,per Annum,1820,77396.28,0,0.00,0.00
2022,868,DEPT OF CITYWIDE ADMIN SVCS,1992-11-29T00:00:00.000,MANHATTAN,CONSTRUCTION PROJECT MANAGER,CEASED,94257.00,per Annum,822.75,42492.90,0,0.00,4586.64
2022,868,DEPT OF CITYWIDE ADMIN SVCS,2009-08-03T00:00:00.000,BRONX,MAINTENANCE WORKER,ACTIVE,249.28,per Day,1872,55838.98,351,16281.11,1121.76
2022,868,DEPT OF CITYWIDE ADMIN SVCS,2003-10-19T00:00:00.000,BRONX,CITY CUSTODIAL ASSISTANT,CEASED,36958.00,per Annum,613.25,10866.44,23.25,691.45,1305.18
2022,868,DEPT OF CITYWIDE ADMIN SVCS,2018-05-29T00:00:00.000,BROOKLYN,COMMUNITY ASSISTANT,ACTIVE,37398.00,per Annum,1820,37295.44,41.25,1092.55,86.00
2022,868,DEPT OF CITYWIDE ADMIN SVCS,2017-06-12T00:00:00.000,MANHATTAN,SPECIAL OFFICER,ACTIVE,50207.00,per Annum,2080,50069.50,382.25,13787.00,2004.96
2022,868,DEPT OF CITYWIDE ADMIN SVCS,2019-12-09T00:00:00.000,BRONX,STATIONARY ENGINEER,CEASED,508.80,per Day,1200,71756.70,128,10694.34,8135.90
2022,868,DEPT OF CITYWIDE ADMIN SVCS,1996-06-23T00:00:00.000,QUEENS,SUPERVISOR OF STOCK WORKERS,ACTIVE,44988.00,per Annum,1820,44864.81,0,0.00,498.68
2022,868,DEPT OF CITYWIDE ADMIN SVCS,2018-11-13T00:00:00.000,MANHATTAN,CITY CUSTODIAL ASSISTANT,ACTIVE,36915.00,per Annum,2080,36813.92,383.75,10177.04,8.25
2022,868,DEPT OF CITYWIDE ADMIN SVCS,2015-05-18T00:00:00.000,MANHATTAN,CHAUFFEUR-ATTENDANT,ACTIVE,59758.00,per Annum,2080,54905.56,597.25,23798.50,234.16
2022,868,DEPT OF CITYWIDE ADMIN SVCS,2002-06-16T00:00:00.000,MANHATTAN,CITY CUSTODIAL ASSISTANT,ACTIVE,36958.00,per Annum,2080,36856.81,0,0.00,4426.77
2022,868,DEPT OF CITYWIDE ADMIN SVCS,2017-05-15T00:00:00.000,BRONX,CITY SECURITY AIDE,CEASED,40284.00,per Annum,244.5,4722.33,1,28.94,231.52
2022,868,DEPT OF CITYWIDE ADMIN SVCS,2005-09-11T00:00:00.000,QUEENS,STATIONARY ENGINEER,ACTIVE,508.80,per Day,2080,132288.00,587.75,56553.12,15014.75
2022,868,DEPT OF CITYWIDE ADMIN SVCS,2019-11-12T00:00:00.000,MANHATTAN,SPECIAL EXAMINER,ACTIVE,24.83,per Hour,395,9808.06,0,0.00,0.00
2022,868,DEPT OF CITYWIDE ADMIN SVCS,2018-04-30T00:00:00.000,RICHMOND,CITY CUSTODIAL ASSISTANT,ACTIVE,36915.00,per Annum,2080,36813.92,1124,29807.68,545.87
2022,868,DEPT OF CITYWIDE ADMIN SVCS,2016-03-21T00:00:00.000,MANHATTAN,ADMINISTRATIVE QUALITY ASSURANCE SPECIALIST,ACTIVE,96682.00,per Annum,1820,96417.34,0,0.00,0.00
2022,868,DEPT OF CITYWIDE ADMIN SVCS,2022-01-18T00:00:00.000,MANHATTAN,ARCHITECT,ACTIVE,95000.00,per Annum,763,39717.84,0,0.00,0.00
2022,868,DEPT OF CITYWIDE ADMIN SVCS,2010-08-16T00:00:00.000,MANHATTAN,CITY CUSTODIAL ASSISTANT,ACTIVE,36915.00,per Annum,2080,36813.92,1460,42747.67,4644.95
2022,868,DEPT OF CITYWIDE ADMIN SVCS,2010-03-29T00:00:00.000,QUEENS,PRINCIPAL ADMINISTRATIVE ASSOCIATE -  NON SUPVR,ACTIVE,54531.00,per Annum,1820,54381.60,331.25,12884.32,3145.87
2022,868,DEPT OF CITYWIDE ADMIN SVCS,2008-04-14T00:00:00.000,MANHATTAN,CITY CUSTODIAL ASSISTANT,ACTIVE,36915.00,per Annum,2080,36813.92,0,30.02,5497.51
2022,868,DEPT OF CITYWIDE ADMIN SVCS,2014-05-19T00:00:00.000,QUEENS,SUPERVISOR OF STOCK WORKERS,CEASED,44950.00,per Annum,1601.92,39455.25,99.5,3253.76,-31.80
2022,868,DEPT OF CITYWIDE ADMIN SVCS,2001-04-01T00:00:00.000,BROOKLYN,CUSTODIAN,ACTIVE,51819.00,per Annum,2080,51677.08,1025.5,39035.88,1433.14
2022,868,DEPT OF CITYWIDE ADMIN SVCS,2009-06-22T00:00:00.000,BROOKLYN,CITY CUSTODIAL ASSISTANT,ACTIVE,36915.00,per Annum,2080,36813.92,619.25,17661.32,3063.57
2022,868,DEPT OF CITYWIDE ADMIN SVCS,2016-11-14T00:00:00.000,MANHATTAN,COMPUTER SYSTEMS MANAGER,ACTIVE,150000.00,per Annum,1820,142839.37,0,0.00,2723.75
2022,868,DEPT OF CITYWIDE ADMIN SVCS,2018-07-23T00:00:00.000,MANHATTAN,PRINCIPAL ADMINISTRATIVE ASSOCIATE -  NON SUPVR,ACTIVE,66034.00,per Annum,1820,64241.31,0,0.00,1047.75
2022,868,DEPT OF CITYWIDE ADMIN SVCS,2017-10-16T00:00:00.000,MANHATTAN,COMPUTER ASSOCIATE,ACTIVE,64804.00,per Annum,1820,63949.10,0,0.00,5274.37
2022,868,DEPT OF CITYWIDE ADMIN SVCS,2020-03-02T00:00:00.000,MANHATTAN,CITY RESEARCH SCIENTIST,CEASED,64140.00,per Annum,1890,57627.94,0,0.00,215.77
2022,868,DEPT OF CITYWIDE ADMIN SVCS,2005-09-08T00:00:00.000,MANHATTAN,ASSOCIATE PROJECT MANAGER,ACTIVE,114944.00,per Annum,1820,114629.07,0,0.00,3902.62
2022,868,DEPT OF CITYWIDE ADMIN SVCS,2010-08-30T00:00:00.000,MANHATTAN,ADM MANAGER-NON-MGRL,ACTIVE,76270.00,per Annum,1820,71969.28,0,0.00,1716.24
2022,868,DEPT OF CITYWIDE ADMIN SVCS,2016-11-28T00:00:00.000,BRONX,PRINCIPAL ADMINISTRATIVE ASSOCIATE -  NON SUPVR,CEASED,54531.00,per Annum,1127,33674.74,0,0.00,1927.21
2022,868,DEPT OF CITYWIDE ADMIN SVCS,2018-05-29T00:00:00.000,MANHATTAN,MAINTENANCE WORKER,ACTIVE,239.84,per Day,2080,62358.40,785,35301.48,1000.59
2022,868,DEPT OF CITYWIDE ADMIN SVCS,2018-03-19T00:00:00.000,MANHATTAN,INVESTIGATOR,CEASED,47705.00,per Annum,630,16468.02,0,0.00,283.77
2022,868,DEPT OF CITYWIDE ADMIN SVCS,2011-03-21T00:00:00.000,MANHATTAN,PRINCIPAL ADMINISTRATIVE ASSOCIATE -  NON SUPVR,ACTIVE,54602.00,per Annum,1820,54452.32,0,0.00,4724.48
2022,868,DEPT OF CITYWIDE ADMIN SVCS,2020-10-13T00:00:00.000,MANHATTAN,INVESTIGATOR,CEASED,41488.00,per Annum,770,17504.52,0,0.00,500.00
2022,868,DEPT OF CITYWIDE ADMIN SVCS,2000-02-20T00:00:00.000,MANHATTAN,ASSOCIATE STAFF ANALYST,ACTIVE,92919.00,per Annum,1820,110568.38,0,7.66,6993.52
2022,868,DEPT OF CITYWIDE ADMIN SVCS,2018-01-08T00:00:00.000,BRONX,STATIONARY ENGINEER,ACTIVE,508.80,per Day,2080,132288.00,1095.5,106410.75,19334.50
2022,868,DEPT OF CITYWIDE ADMIN SVCS,1996-06-23T00:00:00.000,BROOKLYN,STATIONARY ENGINEER,CEASED,508.80,per Day,2040,129746.55,431,42850.50,15589.10
2022,868,DEPT OF CITYWIDE ADMIN SVCS,2021-12-06T00:00:00.000,MANHATTAN,CITY CUSTODIAL ASSISTANT,ACTIVE,32260.00,per Annum,1120,17226.51,298.5,6869.61,240.00
2022,868,DEPT OF CITYWIDE ADMIN SVCS,2009-08-31T00:00:00.000,MANHATTAN,CITY CUSTODIAL ASSISTANT,ACTIVE,36915.00,per Annum,2080,36813.92,29,842.80,4991.10
2022,868,DEPT OF CITYWIDE ADMIN SVCS,2008-03-10T00:00:00.000,QUEENS,CITY LABORER,ACTIVE,290.00,per Day,2080,74530.00,34.5,2020.94,500.00
2022,868,DEPT OF CITYWIDE ADMIN SVCS,2015-12-28T00:00:00.000,MANHATTAN,COMMUNITY COORDINATOR,ACTIVE,91311.00,per Annum,1820,91060.84,0,0.00,74.75
2022,868,DEPT OF CITYWIDE ADMIN SVCS,2018-06-11T00:00:00.000,BRONX,CITY CUSTODIAL ASSISTANT,ACTIVE,36915.00,per Annum,2064,36247.68,83,2212.66,748.54
2022,868,DEPT OF CITYWIDE ADMIN SVCS,2016-04-04T00:00:00.000,BROOKLYN,CITY LABORER,ACTIVE,290.00,per Day,2080,75110.00,464.5,25510.87,-419.92
2022,868,DEPT OF CITYWIDE ADMIN SVCS,1996-06-23T00:00:00.000,MANHATTAN,ADM MANAGER-NON-MGRL,ACTIVE,76270.00,per Annum,1820,76060.93,21.5,934.39,1769.70
2022,868,DEPT OF CITYWIDE ADMIN SVCS,2014-07-14T00:00:00.000,MANHATTAN,STAFF ANALYST,ACTIVE,62215.00,per Annum,1820,62044.58,15.75,549.13,124.25
2022,868,DEPT OF CITYWIDE ADMIN SVCS,2017-05-15T00:00:00.000,BRONX,COMMUNITY COORDINATOR,ACTIVE,62216.00,per Annum,1820,62045.61,572.75,25910.38,5687.33
2022,868,DEPT OF CITYWIDE ADMIN SVCS,2017-05-15T00:00:00.000,MANHATTAN,STAFF ANALYST,CEASED,58742.00,per Annum,0,28.41,0,0.00,0.00
2022,868,DEPT OF CITYWIDE ADMIN SVCS,2014-12-15T00:00:00.000,MANHATTAN,SPECIAL EXAMINER,CEASED,26.68,per Hour,4,106.72,0,0.00,0.00
2022,868,DEPT OF CITYWIDE ADMIN SVCS,2008-12-01T00:00:00.000,RICHMOND,ADMINISTRATIVE STAFF ANALYST,ACTIVE,91378.00,per Annum,1820,107863.39,177.5,11499.39,1284.14
2022,868,DEPT OF CITYWIDE ADMIN SVCS,2017-01-23T00:00:00.000,BROOKLYN,PAINTER,ACTIVE,315.07,per Day,1757,93128.69,105.5,8770.47,2020.41
2022,868,DEPT OF CITYWIDE ADMIN SVCS,2016-10-03T00:00:00.000,MANHATTAN,ADMINISTRATIVE ENGINEER,ACTIVE,140000.00,per Annum,1820,139616.36,0,0.00,0.00
2022,868,DEPT OF CITYWIDE ADMIN SVCS,2019-11-12T00:00:00.000,MANHATTAN,INVESTIGATOR,ACTIVE,47705.00,per Annum,1820,47574.28,85.25,2264.24,1202.64
2022,868,DEPT OF CITYWIDE ADMIN SVCS,2018-01-22T00:00:00.000,MANHATTAN,COMPUTER SYSTEMS MANAGER,CEASED,138381.00,per Annum,1701.7,126730.15,145.25,13889.18,-14885.84
2022,868,DEPT OF CITYWIDE ADMIN SVCS,2007-04-09T00:00:00.000,BROOKLYN,HIGH PRESSURE PLANT TENDER,ACTIVE,300.80,per Day,2080,78208.00,341,17822.40,6072.70
2022,868,DEPT OF CITYWIDE ADMIN SVCS,2019-02-04T00:00:00.000,MANHATTAN,TESTS AND MEASUREMENT SPECIALIST,CEASED,71535.00,per Annum,825.25,41838.66,0,0.00,0.00
2022,868,DEPT OF CITYWIDE ADMIN SVCS,2019-07-22T00:00:00.000,MANHATTAN,NEW YORK CITY PUBLIC SERVICE FELLOW,CEASED,46339.00,per Annum,1120,27630.44,0,0.00,0.00
2022,868,DEPT OF CITYWIDE ADMIN SVCS,2014-02-24T00:00:00.000,BRONX,CITY CUSTODIAL ASSISTANT,ACTIVE,36915.00,per Annum,1756.57,24253.62,97.25,2497.30,-983.38
2022,868,DEPT OF CITYWIDE ADMIN SVCS,2007-04-30T00:00:00.000,MANHATTAN,CITY CUSTODIAL ASSISTANT,ACTIVE,36915.00,per Annum,2080,33554.40,151,4009.59,3165.93
2022,868,DEPT OF CITYWIDE ADMIN SVCS,2015-10-05T00:00:00.000,MANHATTAN,STAFF ANALYST,ACTIVE,71840.00,per Annum,1820,83754.55,1.5,223.08,8.75
2022,868,DEPT OF CITYWIDE ADMIN SVCS,2001-04-01T00:00:00.000,BROOKLYN,STATIONARY ENGINEER,ACTIVE,508.80,per Day,2080,132288.00,1189,118168.80,33036.60
2022,868,DEPT OF CITYWIDE ADMIN SVCS,1996-06-23T00:00:00.000,BRONX,HIGH PRESSURE PLANT TENDER,ACTIVE,337.60,per Day,2080,87776.00,728,45576.00,4316.16
2022,868,DEPT OF CITYWIDE ADMIN SVCS,2014-12-01T00:00:00.000,BRONX,STATIONARY ENGINEER,ACTIVE,508.80,per Day,2080,132288.00,1166.75,111048.78,26387.20
2022,868,DEPT OF CITYWIDE ADMIN SVCS,2007-10-15T00:00:00.000,MANHATTAN,CUSTODIAN,ACTIVE,38266.00,per Annum,2080,38161.24,1118.25,30740.53,996.05
2022,868,DEPT OF CITYWIDE ADMIN SVCS,2019-02-04T00:00:00.000,BROOKLYN,CITY CUSTODIAL ASSISTANT,ACTIVE,36915.00,per Annum,2080,36362.60,81,2148.09,360.40
2022,868,DEPT OF CITYWIDE ADMIN SVCS,2022-04-04T00:00:00.000,MANHATTAN,MANAGEMENT AUDITOR TRAINEE,CEASED,45428.00,per Annum,245,6092.32,0,0.00,0.00
2022,868,DEPT OF CITYWIDE ADMIN SVCS,2019-10-15T00:00:00.000,BROOKLYN,CARPENTER,ACTIVE,375.06,per Day,1820,97515.60,52,4487.33,500.00
2022,868,DEPT OF CITYWIDE ADMIN SVCS,1996-06-23T00:00:00.000,BROOKLYN,SUPERVISOR BRICKLAYER,CEASED,423.71,per Day,56,3393.04,0,0.00,0.00
2022,868,DEPT OF CITYWIDE ADMIN SVCS,2005-06-26T00:00:00.000,BROOKLYN,CUSTODIAN,ACTIVE,38749.00,per Annum,2080,38642.76,221.5,6245.74,506.93
2022,868,DEPT OF CITYWIDE ADMIN SVCS,2019-10-28T00:00:00.000,MANHATTAN,COMMUNITY ASSISTANT,ACTIVE,40000.00,per Annum,1820,39890.50,99,2167.11,0.00
2022,868,DEPT OF CITYWIDE ADMIN SVCS,2019-01-22T00:00:00.000,MANHATTAN,ADMIN CONSTRUCTION PROJECT MANAGER,ACTIVE,92803.00,per Annum,1400,71191.20,0,0.00,23.20
2022,868,DEPT OF CITYWIDE ADMIN SVCS,2003-09-14T00:00:00.000,BROOKLYN,CHAUFFEUR-ATTENDANT,ACTIVE,63514.00,per Annum,2080,59279.55,573,24502.10,225.32
2022,868,DEPT OF CITYWIDE ADMIN SVCS,2016-10-31T00:00:00.000,MANHATTAN,CITY CUSTODIAL ASSISTANT,ACTIVE,36915.00,per Annum,2080,36813.92,36,954.70,0.00
2022,868,DEPT OF CITYWIDE ADMIN SVCS,2019-02-28T00:00:00.000,MANHATTAN,CITY RESEARCH SCIENTIST,CEASED,75190.00,per Annum,0,0.00,0,0.00,2.76
2022,868,DEPT OF CITYWIDE ADMIN SVCS,2019-11-25T00:00:00.000,MANHATTAN,SPECIAL OFFICER,ACTIVE,50207.00,per Annum,2080,50069.50,399.5,14408.97,1500.00
2022,868,DEPT OF CITYWIDE ADMIN SVCS,2018-05-29T00:00:00.000,MANHATTAN,CITY CUSTODIAL ASSISTANT,ACTIVE,36915.00,per Annum,2080,36813.92,943.5,25203.67,1826.42
2022,868,DEPT OF CITYWIDE ADMIN SVCS,2005-01-30T00:00:00.000,BROOKLYN,ELECTRICIAN,ACTIVE,440.16,per Day,1820,69998.79,0,0.00,1603.44
2022,868,DEPT OF CITYWIDE ADMIN SVCS,1996-06-23T00:00:00.000,QUEENS,CITY CUSTODIAL ASSISTANT,ACTIVE,37209.00,per Annum,2040,36393.31,868.25,26948.61,6195.83
2022,868,DEPT OF CITYWIDE ADMIN SVCS,2019-01-06T00:00:00.000,MANHATTAN,OILER,ACTIVE,478.00,per Day,2080,124280.00,591.5,52781.67,5470.15
2022,868,DEPT OF CITYWIDE ADMIN SVCS,2017-04-17T00:00:00.000,MANHATTAN,OILER,ON LEAVE,478.00,per Day,2080,119500.00,24,2151.00,3248.27
2022,868,DEPT OF CITYWIDE ADMIN SVCS,2015-11-16T00:00:00.000,QUEENS,CITY CUSTODIAL ASSISTANT,ACTIVE,36916.00,per Annum,2080,36314.94,119,3155.88,510.75
2022,868,DEPT OF CITYWIDE ADMIN SVCS,2018-11-26T00:00:00.000,MANHATTAN,ADMINISTRATIVE ENGINEER,ACTIVE,122364.00,per Annum,1820,117975.30,0,0.00,273.38
2022,868,DEPT OF CITYWIDE ADMIN SVCS,2006-04-24T00:00:00.000,MANHATTAN,CLERICAL ASSOCIATE,ACTIVE,58707.00,per Annum,1820,56499.18,0,0.00,5366.15
2022,868,DEPT OF CITYWIDE ADMIN SVCS,2018-07-09T00:00:00.000,MANHATTAN,SPACE ANALYST,CEASED,84254.00,per Annum,1001.77,46248.05,0,0.00,618.55
2022,868,DEPT OF CITYWIDE ADMIN SVCS,1996-06-23T00:00:00.000,MANHATTAN,ADM MANAGER-NON-MGRL,ACTIVE,80937.00,per Annum,1820,78645.70,11.5,496.34,2264.36
2022,868,DEPT OF CITYWIDE ADMIN SVCS,2013-11-18T00:00:00.000,BRONX,CITY CUSTODIAL ASSISTANT,ACTIVE,36915.00,per Annum,2080,36813.92,1011.5,27966.76,1909.17
2022,868,DEPT OF CITYWIDE ADMIN SVCS,2017-12-11T00:00:00.000,BROOKLYN,COMMUNITY ASSOCIATE,ACTIVE,52659.00,per Annum,1820,52514.79,47,1354.55,500.00
2022,868,DEPT OF CITYWIDE ADMIN SVCS,2007-10-29T00:00:00.000,MANHATTAN,ADMINISTRATIVE STAFF ANALYST,CEASED,78372.00,per Annum,0,1634.68,0,1.24,0.00
2022,868,DEPT OF CITYWIDE ADMIN SVCS,2019-02-19T00:00:00.000,RICHMOND,COMMUNITY ASSOCIATE,ACTIVE,51500.00,per Annum,1820,51358.84,129.25,4052.08,39.48
2022,868,DEPT OF CITYWIDE ADMIN SVCS,2006-12-11T00:00:00.000,BROOKLYN,CITY LABORER,ACTIVE,290.00,per Day,2080,75400.00,558.25,31954.51,1440.94
2022,868,DEPT OF CITYWIDE ADMIN SVCS,2016-05-31T00:00:00.000,BRONX,CITY CUSTODIAL ASSISTANT,ACTIVE,36916.00,per Annum,2080,36248.56,191.75,5085.21,339.75
2022,868,DEPT OF CITYWIDE ADMIN SVCS,2014-06-02T00:00:00.000,BROOKLYN,CITY CUSTODIAL ASSISTANT,ACTIVE,36915.00,per Annum,1904,32347.79,0,0.00,0.00
2022,868,DEPT OF CITYWIDE ADMIN SVCS,2009-08-31T00:00:00.000,MANHATTAN,ADMINISTRATIVE STAFF ANALYST,ACTIVE,82539.00,per Annum,1820,97403.05,0,0.00,962.81
2022,868,DEPT OF CITYWIDE ADMIN SVCS,2013-11-18T00:00:00.000,BRONX,CITY CUSTODIAL ASSISTANT,ACTIVE,36915.00,per Annum,2080,36813.92,1594.25,43395.84,2451.70
2022,868,DEPT OF CITYWIDE ADMIN SVCS,2019-11-25T00:00:00.000,MANHATTAN,SPECIAL OFFICER,ACTIVE,50207.00,per Annum,2080,50069.50,247.75,8935.59,2000.00
2022,868,DEPT OF CITYWIDE ADMIN SVCS,2017-09-05T00:00:00.000,BROOKLYN,HIGH PRESSURE PLANT TENDER,ON LEAVE,300.80,per Day,1288,36557.81,248,13836.80,2437.26
2022,868,DEPT OF CITYWIDE ADMIN SVCS,2020-10-13T00:00:00.000,MANHATTAN,NEW YORK CITY URBAN FELLOW,CEASED,25.80,per Hour,35,903.00,0,0.00,0.00
2022,868,DEPT OF CITYWIDE ADMIN SVCS,2018-04-30T00:00:00.000,MANHATTAN,ADMIN CONTRACT SPECIALIST,ACTIVE,115849.00,per Annum,1820,115531.52,0,0.00,2219.35
2022,868,DEPT OF CITYWIDE ADMIN SVCS,1997-03-02T00:00:00.000,RICHMOND,CUSTODIAN,ACTIVE,51839.00,per Annum,2080,51697.09,1202.5,45214.00,1339.28
2022,868,DEPT OF CITYWIDE ADMIN SVCS,2010-03-15T00:00:00.000,BROOKLYN,HIGH PRESSURE PLANT TENDER,ACTIVE,300.80,per Day,2080,78208.00,128,6467.20,9116.48
2022,868,DEPT OF CITYWIDE ADMIN SVCS,2009-07-13T00:00:00.000,MANHATTAN,SUPERVISING SPECIAL OFFICER,ACTIVE,64190.00,per Annum,2080,63952.53,550.25,25374.02,1721.31
2022,868,DEPT OF CITYWIDE ADMIN SVCS,1997-06-22T00:00:00.000,MANHATTAN,PRINCIPAL ADMINISTRATIVE ASSOCIATE -  NON SUPVR,ACTIVE,77153.00,per Annum,1820,76941.54,0,0.00,4341.22
2022,868,DEPT OF CITYWIDE ADMIN SVCS,2018-10-15T00:00:00.000,MANHATTAN,STRATEGIC INITIATIVE SPECIALIST,CEASED,95883.00,per Annum,857.5,43848.75,0,0.00,855.86
2022,868,DEPT OF CITYWIDE ADMIN SVCS,2014-06-09T00:00:00.000,MANHATTAN,COMPUTER ASSOCIATE,ACTIVE,68048.00,per Annum,1820,67861.56,0,0.00,5274.37
2022,868,DEPT OF CITYWIDE ADMIN SVCS,2011-06-27T00:00:00.000,MANHATTAN,CLERICAL ASSOCIATE,ACTIVE,53382.00,per Annum,1715,41813.33,0,0.00,4139.77
2022,868,DEPT OF CITYWIDE ADMIN SVCS,2009-11-09T00:00:00.000,BROOKLYN,CITY CUSTODIAL ASSISTANT,ACTIVE,36915.00,per Annum,2080,36073.23,13,370.76,2722.44
2022,868,DEPT OF CITYWIDE ADMIN SVCS,2019-02-19T00:00:00.000,MANHATTAN,STRATEGIC INITIATIVE SPECIALIST,ACTIVE,100000.00,per Annum,1820,99726.12,0,0.00,8.25
2022,868,DEPT OF CITYWIDE ADMIN SVCS,2020-10-13T00:00:00.000,MANHATTAN,NEW YORK CITY URBAN FELLOW,CEASED,25.80,per Hour,271.6,7007.28,0,0.00,0.00
2022,868,DEPT OF CITYWIDE ADMIN SVCS,1996-06-23T00:00:00.000,MANHATTAN,CLERICAL ASSOCIATE,CEASED,65634.40,per Annum,630,19015.96,7.25,280.89,1492.36
2022,868,DEPT OF CITYWIDE ADMIN SVCS,2009-03-16T00:00:00.000,QUEENS,CITY CUSTODIAL ASSISTANT,ACTIVE,36915.00,per Annum,2080,36813.92,562.25,16337.84,4728.62
2022,868,DEPT OF CITYWIDE ADMIN SVCS,2002-06-16T00:00:00.000,QUEENS,CITY CUSTODIAL ASSISTANT,ACTIVE,36958.00,per Annum,2080,36856.81,1102.32,33558.45,6289.31
2022,868,DEPT OF CITYWIDE ADMIN SVCS,2002-10-23T00:00:00.000,MANHATTAN,STATIONARY ENGINEER,ACTIVE,508.80,per Day,2080,132288.00,1406.75,132480.39,30076.80
2022,868,DEPT OF CITYWIDE ADMIN SVCS,1996-06-23T00:00:00.000,MANHATTAN,ADMINISTRATIVE STAFF ANALYST,ACTIVE,100625.00,per Annum,1820,119280.89,0,0.00,4989.57
2022,868,DEPT OF CITYWIDE ADMIN SVCS,2007-12-10T00:00:00.000,QUEENS,CITY LABORER,ACTIVE,290.00,per Day,2080,75400.00,484.75,27155.86,761.26
2022,868,DEPT OF CITYWIDE ADMIN SVCS,2022-05-23T00:00:00.000,MANHATTAN,ELECTRICIAN,ACTIVE,440.16,per Day,140,8803.20,8.5,801.72,0.00
2022,868,DEPT OF CITYWIDE ADMIN SVCS,1996-06-23T00:00:00.000,MANHATTAN,COMMUNITY ASSISTANT,CEASED,37666.00,per Annum,31.5,650.07,0,0.00,24.52
2022,868,DEPT OF CITYWIDE ADMIN SVCS,2019-01-21T00:00:00.000,MANHATTAN,COMPUTER SPECIALIST,ACTIVE,103000.00,per Annum,1540,79013.58,0,0.00,4057.22
2022,868,DEPT OF CITYWIDE ADMIN SVCS,2017-01-23T00:00:00.000,MANHATTAN,COMMUNITY COORDINATOR,CEASED,72306.00,per Annum,215.77,8548.59,0,0.00,-19.99
2022,868,DEPT OF CITYWIDE ADMIN SVCS,2000-12-31T00:00:00.000,MANHATTAN,ADMINISTRATIVE BUSINESS PROMOTION COORDINATOR,ACTIVE,131000.00,per Annum,1820,130641.16,0,0.00,3009.60
2022,868,DEPT OF CITYWIDE ADMIN SVCS,2005-07-10T00:00:00.000,BROOKLYN,CUSTODIAN,ACTIVE,38749.00,per Annum,2080,38642.76,731.5,21254.07,3063.38
2022,868,DEPT OF CITYWIDE ADMIN SVCS,2017-11-13T00:00:00.000,MANHATTAN,SUPERVISING SPECIAL OFFICER,ACTIVE,55853.00,per Annum,2080,55700.06,110,4386.86,2950.78
2022,868,DEPT OF CITYWIDE ADMIN SVCS,2018-10-15T00:00:00.000,MANHATTAN,IT INFRASTRUCTURE ENGINEER,ACTIVE,82400.00,per Annum,1820,75787.90,25.5,1319.22,9.02
2022,868,DEPT OF CITYWIDE ADMIN SVCS,2017-10-02T00:00:00.000,BRONX,CITY CUSTODIAL ASSISTANT,ACTIVE,36915.00,per Annum,2080,36813.92,680.25,18764.78,1960.58
2022,868,DEPT OF CITYWIDE ADMIN SVCS,2019-06-17T00:00:00.000,MANHATTAN,COMPUTER SPECIALIST,ACTIVE,134500.00,per Annum,1820,132036.27,107.5,9611.66,2386.97
2022,868,DEPT OF CITYWIDE ADMIN SVCS,2021-10-25T00:00:00.000,MANHATTAN,ADMINISTRATIVE SPACE ANALYST,ACTIVE,120000.00,per Annum,1190,78246.58,0,0.00,0.00
2022,868,DEPT OF CITYWIDE ADMIN SVCS,2007-10-22T00:00:00.000,MANHATTAN,ELEVATOR MECHANIC,ACTIVE,472.72,per Day,2080,126183.74,8,756.46,989.74
2022,868,DEPT OF CITYWIDE ADMIN SVCS,2019-11-25T00:00:00.000,MANHATTAN,SPECIAL OFFICER,ACTIVE,50207.00,per Annum,2000,17331.75,80.75,2992.96,3546.67
2022,868,DEPT OF CITYWIDE ADMIN SVCS,2007-01-02T00:00:00.000,BROOKLYN,CITY LABORER,ACTIVE,290.00,per Day,2080,75400.00,151.75,8763.65,1614.69
2022,868,DEPT OF CITYWIDE ADMIN SVCS,2002-06-16T00:00:00.000,BRONX,CITY CUSTODIAL ASSISTANT,ACTIVE,36939.00,per Annum,2080,36837.84,7.25,215.51,4426.77
2022,868,DEPT OF CITYWIDE ADMIN SVCS,2009-08-31T00:00:00.000,QUEENS,ADMINISTRATIVE STAFF ANALYST,ACTIVE,82539.00,per Annum,1820,97323.62,0,0.00,252.73
2022,868,DEPT OF CITYWIDE ADMIN SVCS,2019-07-22T00:00:00.000,MANHATTAN,PROCUREMENT ANALYST,CEASED,69012.00,per Annum,1383.63,45103.24,0,0.00,0.00
2022,868,DEPT OF CITYWIDE ADMIN SVCS,2022-05-23T00:00:00.000,MANHATTAN,ELECTRICIAN,ACTIVE,440.16,per Day,140,8803.20,8.5,801.72,0.00
2022,868,DEPT OF CITYWIDE ADMIN SVCS,2013-11-04T00:00:00.000,MANHATTAN,ELEVATOR MECHANIC,ACTIVE,472.72,per Day,2080,126949.56,145.5,13391.87,-707.53
2022,868,DEPT OF CITYWIDE ADMIN SVCS,2003-01-05T00:00:00.000,BRONX,CUSTODIAN,ON SEPARATION LEAVE,73064.00,per Annum,2080,72863.71,0,0.00,4948.57
2022,868,DEPT OF CITYWIDE ADMIN SVCS,2019-01-07T00:00:00.000,MANHATTAN,SPECIAL OFFICER,ACTIVE,50207.00,per Annum,2080,31432.28,134.5,3759.40,3785.77
2022,868,DEPT OF CITYWIDE ADMIN SVCS,2017-05-01T00:00:00.000,MANHATTAN,ADMINISTRATIVE PROJECT MANAGER,CEASED,98532.00,per Annum,637,34391.68,0,0.00,406.79
2022,868,DEPT OF CITYWIDE ADMIN SVCS,2004-09-19T00:00:00.000,BROOKLYN,SENIOR STATIONARY ENGINEER,ACTIVE,581.12,per Day,2080,136526.88,428.5,46344.32,0.00
2022,868,DEPT OF CITYWIDE ADMIN SVCS,2003-01-05T00:00:00.000,MANHATTAN,CUSTODIAN,ACTIVE,51826.00,per Annum,2080,51684.10,663,24922.36,1529.10
2022,868,DEPT OF CITYWIDE ADMIN SVCS,2012-06-18T00:00:00.000,MANHATTAN,ADMIN INSPECTOR,CEASED,129229.00,per Annum,1240.75,87857.73,0,0.00,1296.10
2022,868,DEPT OF CITYWIDE ADMIN SVCS,2012-01-22T00:00:00.000,MANHATTAN,ADM MANAGER-NON-MGRL,ACTIVE,107424.00,per Annum,1820,107129.63,0,0.00,1849.72
2022,868,DEPT OF CITYWIDE ADMIN SVCS,2018-03-05T00:00:00.000,MANHATTAN,TESTS AND MEASUREMENT SPECIALIST,ON LEAVE,71535.00,per Annum,1470,68240.01,0,0.00,0.00
2022,868,DEPT OF CITYWIDE ADMIN SVCS,2010-06-21T00:00:00.000,MANHATTAN,AGENCY ATTORNEY,ACTIVE,100820.00,per Annum,1820,100543.82,17.5,1302.38,7593.98
2022,868,DEPT OF CITYWIDE ADMIN SVCS,2019-01-07T00:00:00.000,MANHATTAN,AUTO MECHANIC,ACTIVE,347.20,per Day,2080,84816.29,10.75,679.14,795.62
2022,868,DEPT OF CITYWIDE ADMIN SVCS,2006-11-09T00:00:00.000,MANHATTAN,CONSTRUCTION PROJECT MANAGER,ACTIVE,118167.00,per Annum,1820,117843.19,0,0.00,3157.67
2022,868,DEPT OF CITYWIDE ADMIN SVCS,2019-02-18T00:00:00.000,MANHATTAN,PRINCIPAL ADMINISTRATIVE ASSOCIATE -  NON SUPVR,CEASED,67499.00,per Annum,490,18123.01,0,0.00,-172.60
2022,868,DEPT OF CITYWIDE ADMIN SVCS,2022-04-25T00:00:00.000,MANHATTAN,COMMUNITY COORDINATOR,ACTIVE,54100.00,per Annum,280,8233.58,0,0.00,0.00
2022,868,DEPT OF CITYWIDE ADMIN SVCS,1996-06-23T00:00:00.000,MANHATTAN,ELEVATOR MECHANIC,ACTIVE,472.72,per Day,2080,126183.74,111.75,10137.63,1122.74
2022,868,DEPT OF CITYWIDE ADMIN SVCS,2016-03-07T00:00:00.000,MANHATTAN,SUPERVISING SPECIAL OFFICER,ON LEAVE,64190.00,per Annum,1880,57858.74,228.75,10544.59,1742.30
2022,868,DEPT OF CITYWIDE ADMIN SVCS,2019-02-19T00:00:00.000,BROOKLYN,CITY CUSTODIAL ASSISTANT,CEASED,32260.00,per Annum,295.13,4564.81,0,0.00,0.00
2022,868,DEPT OF CITYWIDE ADMIN SVCS,2016-03-21T00:00:00.000,MANHATTAN,ELEVATOR MECHANIC,ACTIVE,472.72,per Day,2080,126183.74,154,13778.75,0.00
2022,868,DEPT OF CITYWIDE ADMIN SVCS,2003-08-21T00:00:00.000,MANHATTAN,CUSTODIAN,ACTIVE,38749.00,per Annum,2080,37859.36,216.5,6015.75,99.50
2022,868,DEPT OF CITYWIDE ADMIN SVCS,2017-01-23T00:00:00.000,BROOKLYN,PAINTER,ACTIVE,315.07,per Day,1806,84404.01,368.75,28692.30,650.91
2022,868,DEPT OF CITYWIDE ADMIN SVCS,2017-09-05T00:00:00.000,MANHATTAN,ELEVATOR MECHANIC,ACTIVE,472.72,per Day,2080,126183.74,232.5,20912.89,1280.84
2022,868,DEPT OF CITYWIDE ADMIN SVCS,2018-08-06T00:00:00.000,MANHATTAN,NEW YORK CITY FELLOW,CEASED,30.28,per Hour,279,8448.12,0,0.00,0.00
2022,868,DEPT OF CITYWIDE ADMIN SVCS,2013-11-18T00:00:00.000,BRONX,CITY CUSTODIAL ASSISTANT,ACTIVE,36915.00,per Annum,2080,36813.92,796.75,21129.78,842.01
2022,868,DEPT OF CITYWIDE ADMIN SVCS,2016-05-16T00:00:00.000,BRONX,CUSTODIAN,ACTIVE,38762.00,per Annum,2080,37664.56,1194.25,32438.85,2144.59
2022,868,DEPT OF CITYWIDE ADMIN SVCS,2019-09-02T00:00:00.000,QUEENS,STATIONARY ENGINEER,ACTIVE,508.80,per Day,2080,132288.00,351,33703.23,13852.25
2022,868,DEPT OF CITYWIDE ADMIN SVCS,2018-07-09T00:00:00.000,MANHATTAN,PROCUREMENT ANALYST,ACTIVE,76869.00,per Annum,1820,72318.37,0,0.00,0.00
2022,868,DEPT OF CITYWIDE ADMIN SVCS,2018-08-06T00:00:00.000,MANHATTAN,COMMUNITY ASSOCIATE,ACTIVE,57925.00,per Annum,1820,57766.28,0,0.00,1324.95
2022,868,DEPT OF CITYWIDE ADMIN SVCS,2017-05-15T00:00:00.000,QUEENS,STOCK WORKER,ACTIVE,41697.00,per Annum,1820,41582.84,30,855.83,4.56
2022,868,DEPT OF CITYWIDE ADMIN SVCS,2009-01-26T00:00:00.000,RICHMOND,STATIONARY ENGINEER,CEASED,508.80,per Day,72,4583.79,0,0.00,0.00
2022,868,DEPT OF CITYWIDE ADMIN SVCS,2017-12-11T00:00:00.000,MANHATTAN,COMMUNITY ASSOCIATE,ACTIVE,52659.00,per Annum,1820,52514.79,14,432.31,82.50
2022,868,DEPT OF CITYWIDE ADMIN SVCS,2019-11-20T00:00:00.000,MANHATTAN,COLLEGE AIDE,ACTIVE,17.00,per Hour,797.5,13557.50,0,0.00,0.00
2022,868,DEPT OF CITYWIDE ADMIN SVCS,2013-11-04T00:00:00.000,BRONX,CITY CUSTODIAL ASSISTANT,ACTIVE,36915.00,per Annum,2080,36813.92,1416.5,37565.56,1854.14
2022,868,DEPT OF CITYWIDE ADMIN SVCS,2018-09-17T00:00:00.000,MANHATTAN,COMPUTER SYSTEMS MANAGER,ACTIVE,160000.00,per Annum,1820,155754.24,0,0.00,2864.95
2022,868,DEPT OF CITYWIDE ADMIN SVCS,2019-12-23T00:00:00.000,BRONX,CITY CUSTODIAL ASSISTANT,CEASED,32260.00,per Annum,0,-494.96,0,0.00,-706.42
2022,868,DEPT OF CITYWIDE ADMIN SVCS,2008-05-19T00:00:00.000,MANHATTAN,ADM MANAGER-NON-MGRL,ACTIVE,137313.00,per Annum,1820,133955.80,0,0.00,767.00
2022,868,DEPT OF CITYWIDE ADMIN SVCS,1996-06-23T00:00:00.000,QUEENS,CITY CUSTODIAL ASSISTANT,ACTIVE,37104.00,per Annum,2080,37002.41,118,3568.85,5147.15
2022,868,DEPT OF CITYWIDE ADMIN SVCS,2014-04-21T00:00:00.000,BROOKLYN,CITY CUSTODIAL ASSISTANT,ACTIVE,36915.00,per Annum,2080,36813.92,586.5,15553.77,636.48
2022,868,DEPT OF CITYWIDE ADMIN SVCS,2008-11-10T00:00:00.000,MANHATTAN,ESTIMATOR,ACTIVE,87540.00,per Annum,1750,87300.20,0,0.00,4166.26
2022,868,DEPT OF CITYWIDE ADMIN SVCS,1998-11-01T00:00:00.000,MANHATTAN,PRINCIPAL ADMINISTRATIVE ASSOCIATE -  NON SUPVR,ACTIVE,54641.00,per Annum,1820,54513.52,0,0.00,4342.54
2022,868,DEPT OF CITYWIDE ADMIN SVCS,1996-06-23T00:00:00.000,MANHATTAN,COMPUTER SYSTEMS MANAGER,ACTIVE,179053.00,per Annum,1820,178562.54,0,0.00,3430.15
2022,868,DEPT OF CITYWIDE ADMIN SVCS,2015-06-29T00:00:00.000,BRONX,CITY CUSTODIAL ASSISTANT,ACTIVE,36915.00,per Annum,2080,36813.92,853.5,22634.79,657.10
2022,868,DEPT OF CITYWIDE ADMIN SVCS,2021-09-07T00:00:00.000,MANHATTAN,NEW YORK CITY URBAN FELLOW,ACTIVE,25.80,per Hour,1305.7,33687.06,0,0.00,0.00
2022,868,DEPT OF CITYWIDE ADMIN SVCS,2021-12-06T00:00:00.000,BRONX,CITY CUSTODIAL ASSISTANT,ACTIVE,32260.00,per Annum,1120,17323.18,461.75,11019.88,608.53
2022,868,DEPT OF CITYWIDE ADMIN SVCS,2012-10-09T00:00:00.000,MANHATTAN,ADMINISTRATIVE STAFF ANALYST,ACTIVE,127023.00,per Annum,1820,126675.11,0,0.00,0.00
2022,868,DEPT OF CITYWIDE ADMIN SVCS,2016-04-04T00:00:00.000,BRONX,ELEVATOR MECHANIC HELPER,CEASED,264.00,per Day,0,922.97,0,-0.95,0.00
2022,868,DEPT OF CITYWIDE ADMIN SVCS,2009-03-16T00:00:00.000,RICHMOND,CITY CUSTODIAL ASSISTANT,ACTIVE,36915.00,per Annum,2080,36813.92,620.75,17704.20,3077.83
2022,868,DEPT OF CITYWIDE ADMIN SVCS,1996-06-23T00:00:00.000,MANHATTAN,ADM MANAGER-NON-MGRL,CEASED,84460.00,per Annum,807.75,37382.07,0,0.00,783.08
2022,868,DEPT OF CITYWIDE ADMIN SVCS,2014-10-20T00:00:00.000,MANHATTAN,ADMINISTRATIVE MANAGER,ACTIVE,106746.00,per Annum,1820,106453.61,0,0.00,2044.95
2022,868,DEPT OF CITYWIDE ADMIN SVCS,2016-05-31T00:00:00.000,MANHATTAN,COMPUTER SPECIALIST,ACTIVE,98177.00,per Annum,1820,97907.94,0,0.00,5274.37
2022,868,DEPT OF CITYWIDE ADMIN SVCS,2015-11-30T00:00:00.000,BROOKLYN,CITY CUSTODIAL ASSISTANT,ACTIVE,36916.00,per Annum,2080,36814.96,92.25,2446.47,0.00
2022,868,DEPT OF CITYWIDE ADMIN SVCS,2017-12-11T00:00:00.000,MANHATTAN,*SENIOR ESTIMATOR,ACTIVE,98128.00,per Annum,1820,97859.06,2,107.97,583.68
2022,868,DEPT OF CITYWIDE ADMIN SVCS,2018-02-05T00:00:00.000,MANHATTAN,CITY CUSTODIAL ASSISTANT,CEASED,36915.00,per Annum,1520,2265.48,0,0.00,0.00
2022,868,DEPT OF CITYWIDE ADMIN SVCS,1996-06-23T00:00:00.000,MANHATTAN,ADM MANAGER-NON-MGRL,ACTIVE,84633.00,per Annum,1820,84401.19,50.25,2376.35,1764.36
2022,868,DEPT OF CITYWIDE ADMIN SVCS,2019-11-25T00:00:00.000,MANHATTAN,SPECIAL OFFICER,CEASED,50207.00,per Annum,880,3851.50,0.5,19.83,442.47
2022,868,DEPT OF CITYWIDE ADMIN SVCS,2021-05-10T00:00:00.000,BROOKLYN,STATIONARY ENGINEER,ACTIVE,508.80,per Day,2080,131779.20,432,39745.23,19562.50
2022,868,DEPT OF CITYWIDE ADMIN SVCS,2014-07-28T00:00:00.000,MANHATTAN,TESTS AND MEASUREMENT SPECIALIST,CEASED,67923.00,per Annum,0,569.29,0,28.43,0.18
2022,868,DEPT OF CITYWIDE ADMIN SVCS,2011-06-27T00:00:00.000,MANHATTAN,CLERICAL ASSOCIATE,ACTIVE,54555.00,per Annum,1820,54405.52,0,0.00,5136.58
2022,868,DEPT OF CITYWIDE ADMIN SVCS,2015-06-01T00:00:00.000,MANHATTAN,CLERICAL ASSOCIATE,ACTIVE,59931.00,per Annum,1750,48273.12,0,0.00,2734.42
2022,868,DEPT OF CITYWIDE ADMIN SVCS,2021-09-07T00:00:00.000,MANHATTAN,NEW YORK CITY URBAN FELLOW,ACTIVE,25.80,per Hour,1336.5,34481.70,0,0.00,0.00
2022,868,DEPT OF CITYWIDE ADMIN SVCS,2017-05-15T00:00:00.000,QUEENS,CITY CUSTODIAL ASSISTANT,ACTIVE,36915.00,per Annum,1680,28349.39,78,2089.74,814.76
2022,868,DEPT OF CITYWIDE ADMIN SVCS,2022-05-23T00:00:00.000,BRONX,JOB TRAINING PARTICIPANT,ACTIVE,15.45,per Hour,111.75,1726.54,0,0.00,0.00
2022,868,DEPT OF CITYWIDE ADMIN SVCS,2016-05-31T00:00:00.000,BRONX,SUPERVISING SPECIAL OFFICER,CEASED,55853.00,per Annum,76.13,2038.57,0,0.00,0.00
2022,868,DEPT OF CITYWIDE ADMIN SVCS,2015-04-20T00:00:00.000,QUEENS,STOCK WORKER,CEASED,40821.00,per Annum,1470,32880.54,0,0.00,0.00
2022,868,DEPT OF CITYWIDE ADMIN SVCS,2020-10-20T00:00:00.000,MANHATTAN,COLLEGE AIDE,CEASED,16.00,per Hour,646.25,10340.00,0,0.00,0.00
2022,868,DEPT OF CITYWIDE ADMIN SVCS,1982-06-28T00:00:00.000,MANHATTAN,CLERICAL ASSOCIATE,ACTIVE,55902.00,per Annum,1820,55748.94,0,0.00,5136.83
2022,868,DEPT OF CITYWIDE ADMIN SVCS,2022-06-06T00:00:00.000,MANHATTAN,JOB TRAINING PARTICIPANT,ACTIVE,15.45,per Hour,40,618.00,0,0.00,0.00
2022,868,DEPT OF CITYWIDE ADMIN SVCS,2002-06-16T00:00:00.000,MANHATTAN,CITY CUSTODIAL ASSISTANT,ACTIVE,36958.00,per Annum,2080,36856.81,0,0.00,5148.53
2022,868,DEPT OF CITYWIDE ADMIN SVCS,2019-04-29T00:00:00.000,MANHATTAN,COMPUTER SYSTEMS MANAGER,CEASED,113300.00,per Annum,91.75,5695.90,0,0.00,0.00
2022,868,DEPT OF CITYWIDE ADMIN SVCS,1996-06-23T00:00:00.000,MANHATTAN,ARCHITECT,ON SEPARATION LEAVE,97495.00,per Annum,1820,97227.79,0,0.00,10091.38
2022,868,DEPT OF CITYWIDE ADMIN SVCS,2005-06-05T00:00:00.000,RICHMOND,CUSTODIAN,CEASED,38749.00,per Annum,79,1467.53,0,0.00,18.96
2022,868,DEPT OF CITYWIDE ADMIN SVCS,2021-07-06T00:00:00.000,MANHATTAN,SUMMER GRADUATE INTERN,CEASED,18.00,per Hour,283.88,5109.90,0,0.00,0.00
2022,868,DEPT OF CITYWIDE ADMIN SVCS,2018-12-24T00:00:00.000,BRONX,CITY CUSTODIAL ASSISTANT,ACTIVE,36915.00,per Annum,1904,21828.21,28.5,658.73,500.00
2022,868,DEPT OF CITYWIDE ADMIN SVCS,1996-06-23T00:00:00.000,MANHATTAN,PRINCIPAL ADMINISTRATIVE ASSOCIATE -  NON SUPVR,ACTIVE,74283.00,per Annum,1820,74079.47,2,83.25,1764.36
2022,868,DEPT OF CITYWIDE ADMIN SVCS,2006-09-11T00:00:00.000,BROOKLYN,CUSTODIAN,ACTIVE,38749.00,per Annum,2080,38642.76,212.75,5978.34,384.97
2022,868,DEPT OF CITYWIDE ADMIN SVCS,2022-05-09T00:00:00.000,MANHATTAN,RESEARCH PROJECTS COORD,ACTIVE,97850.00,per Annum,210,11259.45,0,0.00,0.00
2022,868,DEPT OF CITYWIDE ADMIN SVCS,2016-06-13T00:00:00.000,QUEENS,CITY LABORER,ACTIVE,290.00,per Day,2080,75400.00,223.75,12628.61,435.00
2022,868,DEPT OF CITYWIDE ADMIN SVCS,1996-06-23T00:00:00.000,MANHATTAN,STATIONARY ENGINEER,ON SEPARATION LEAVE,508.80,per Day,2080,132288.00,827.75,80782.07,28778.40
2022,868,DEPT OF CITYWIDE ADMIN SVCS,2019-02-19T00:00:00.000,MANHATTAN,COMMUNITY COORDINATOR,CEASED,72100.00,per Annum,950.5,37551.11,0,0.00,0.00
2022,868,DEPT OF CITYWIDE ADMIN SVCS,2018-05-29T00:00:00.000,MANHATTAN,CITY CUSTODIAL ASSISTANT,ACTIVE,36915.00,per Annum,1976,34973.30,94,2492.88,0.00
2022,868,DEPT OF CITYWIDE ADMIN SVCS,2019-02-04T00:00:00.000,MANHATTAN,HIGH PRESSURE PLANT TENDER,ACTIVE,300.80,per Day,2080,78208.00,638.25,35094.90,13509.16
2022,868,DEPT OF CITYWIDE ADMIN SVCS,2005-01-30T00:00:00.000,MANHATTAN,SUPERVISOR ELEVATOR MECHANIC,ACTIVE,531.84,per Day,2080,141452.15,578.5,57333.86,3453.37
2022,868,DEPT OF CITYWIDE ADMIN SVCS,2016-05-16T00:00:00.000,QUEENS,CITY CUSTODIAL ASSISTANT,ACTIVE,36916.00,per Annum,2080,36814.96,1,26.52,0.00
2022,868,DEPT OF CITYWIDE ADMIN SVCS,2019-09-16T00:00:00.000,MANHATTAN,DEPUTY ASSISTANT COMMISSIONER,CEASED,129411.00,per Annum,665,47154.99,0,0.00,5568.49
2022,868,DEPT OF CITYWIDE ADMIN SVCS,2016-06-13T00:00:00.000,MANHATTAN,STAFF ANALYST,CEASED,60064.00,per Annum,0,2052.08,0,0.00,0.00
2022,868,DEPT OF CITYWIDE ADMIN SVCS,2012-01-12T00:00:00.000,MANHATTAN,MEDIA SERVICES TECHNICIAN,ACTIVE,58300.00,per Annum,1820,58140.17,0,0.00,698.10
2022,868,DEPT OF CITYWIDE ADMIN SVCS,2006-04-30T00:00:00.000,MANHATTAN,PRINCIPAL ADMINISTRATIVE ASSOCIATE -  NON SUPVR,ACTIVE,83069.00,per Annum,1820,80516.77,0,0.00,2113.32
2022,868,DEPT OF CITYWIDE ADMIN SVCS,2012-10-09T00:00:00.000,MANHATTAN,CHAUFFEUR-ATTENDANT,ACTIVE,63514.00,per Annum,2080,59279.55,854.75,36541.50,1299.12
2022,826,DEPT OF ENVIRONMENT PROTECTION,2007-02-05T00:00:00.000,WESTCHESTER,PRINCIPAL ADMINISTRATIVE ASSOCIATE -  NON SUPVR,ACTIVE,63543.00,per Annum,1820,63369.01,0,0.00,4469.82
2022,826,DEPT OF ENVIRONMENT PROTECTION,2019-12-02T00:00:00.000,MANHATTAN,SEWAGE TREATMENT WORKER,CEASED,359.84,per Day,40,1799.20,0,0.00,0.00
2022,826,DEPT OF ENVIRONMENT PROTECTION,2008-04-07T00:00:00.000,ULSTER,ASSOCIATE STAFF ANALYST,ACTIVE,81203.00,per Annum,1820,95173.32,0,0.00,2415.49
2022,826,DEPT OF ENVIRONMENT PROTECTION,2013-10-28T00:00:00.000,QUEENS,MACHINIST'S HELPER,ACTIVE,327.76,per Day,2080,85217.60,82.25,5079.21,453.05
2022,826,DEPT OF ENVIRONMENT PROTECTION,1998-06-01T00:00:00.000,QUEENS,ADMINISTRATIVE CONTRACT SPECIALIST,ACTIVE,105765.00,per Annum,1820,105475.24,69,4774.79,653.14
2022,826,DEPT OF ENVIRONMENT PROTECTION,2022-04-04T00:00:00.000,BROOKLYN,CITY PARK WORKER,ACTIVE,16.63,per Hour,1518.37,25250.48,2,47.81,1330.40
2022,826,DEPT OF ENVIRONMENT PROTECTION,2019-10-28T00:00:00.000,WESTCHESTER,WATERSHED MAINTAINER,ACTIVE,51753.00,per Annum,2080,47863.03,65,2318.74,81.63
2022,826,DEPT OF ENVIRONMENT PROTECTION,2001-01-08T00:00:00.000,DELAWARE,WATERSHED MAINTAINER,ACTIVE,60076.00,per Annum,2080,59911.29,194.25,9026.82,11978.21
2022,826,DEPT OF ENVIRONMENT PROTECTION,2019-10-15T00:00:00.000,QUEENS,CLERICAL ASSOCIATE,ACTIVE,46019.00,per Annum,1820,43959.10,1,25.19,0.00
2022,826,DEPT OF ENVIRONMENT PROTECTION,1996-01-08T00:00:00.000,QUEENS,ADMINISTRATIVE ENGINEER,ACTIVE,187993.00,per Annum,1820,173879.52,0,0.00,3292.70
2022,826,DEPT OF ENVIRONMENT PROTECTION,2013-12-23T00:00:00.000,RICHMOND,CONSTRUCTION LABORER,ACTIVE,352.32,per Day,2080,91603.20,183.5,12297.06,13282.04
2022,826,DEPT OF ENVIRONMENT PROTECTION,1995-12-18T00:00:00.000,QUEENS,DISTRICT SUPERVISOR,ACTIVE,101234.00,per Annum,2080,100956.70,575,43777.80,11005.68
2022,826,DEPT OF ENVIRONMENT PROTECTION,2015-10-13T00:00:00.000,MANHATTAN,EXECUTIVE AGENCY COUNSEL,ACTIVE,150393.00,per Annum,1820,149981.00,0,0.00,0.00
2022,826,DEPT OF ENVIRONMENT PROTECTION,1996-12-09T00:00:00.000,QUEENS,SENIOR SEWAGE TREATMENT WORKER,CEASED,396.40,per Day,1040,51532.00,8,641.68,2328.51
2022,826,DEPT OF ENVIRONMENT PROTECTION,2010-06-07T00:00:00.000,MANHATTAN,CLERICAL ASSOCIATE,ON LEAVE,41848.00,per Annum,1190,20201.75,96,2906.91,1409.65
2022,826,DEPT OF ENVIRONMENT PROTECTION,2019-05-20T00:00:00.000,QUEENS,ADM MANAGER-NON-MGRL,CEASED,77250.00,per Annum,595,25185.43,0,0.00,21077.18
2022,826,DEPT OF ENVIRONMENT PROTECTION,1998-12-14T00:00:00.000,BRONX,SEWAGE TREATMENT WORKER,ACTIVE,359.84,per Day,2080,90679.68,4,269.88,393.85
2022,826,DEPT OF ENVIRONMENT PROTECTION,1998-06-01T00:00:00.000,QUEENS,COMMUNITY ASSISTANT,ACTIVE,42191.00,per Annum,1820,42075.29,0,0.00,622.24
2022,826,DEPT OF ENVIRONMENT PROTECTION,2019-09-23T00:00:00.000,SULLIVAN,SUPERVISOR ELECTRICIAN,ACTIVE,474.04,per Day,1680,112989.83,137.75,13831.04,0.00
2022,826,DEPT OF ENVIRONMENT PROTECTION,2016-09-06T00:00:00.000,BROOKLYN,SEWAGE TREATMENT WORKER,ACTIVE,359.84,per Day,1912,84562.77,183.5,11903.96,9526.41
2022,826,DEPT OF ENVIRONMENT PROTECTION,2003-03-10T00:00:00.000,RICHMOND,CONSTRUCTION LABORER,ACTIVE,352.32,per Day,2080,91603.20,157.75,10420.97,2818.56
2022,826,DEPT OF ENVIRONMENT PROTECTION,2016-01-11T00:00:00.000,QUEENS,ASSOCIATE STAFF ANALYST,ACTIVE,81203.00,per Annum,1820,75799.80,0,0.00,0.00
2022,826,DEPT OF ENVIRONMENT PROTECTION,2022-04-25T00:00:00.000,QUEENS,CLERICAL ASSOCIATE,ACTIVE,19.92,per Hour,238,4740.96,0,0.00,139.44
2022,826,DEPT OF ENVIRONMENT PROTECTION,2014-07-14T00:00:00.000,QUEENS,ADMINISTRATIVE PROJECT MANAGER,ACTIVE,78534.00,per Annum,1820,78318.76,8,500.26,120.83
2022,826,DEPT OF ENVIRONMENT PROTECTION,2019-09-23T00:00:00.000,QUEENS,ASSISTANT ENVIRONMENTAL ENGINEER,ACTIVE,65640.00,per Annum,1820,63846.22,0,0.00,265.68
2022,826,DEPT OF ENVIRONMENT PROTECTION,2008-12-08T00:00:00.000,MANHATTAN,ADMINISTRATIVE PROJECT MANAGER,ACTIVE,166186.00,per Annum,1820,165730.76,0,0.00,3183.65
2022,826,DEPT OF ENVIRONMENT PROTECTION,1998-08-10T00:00:00.000,SCHOHARIE,ASSOCIATE PROJECT MANAGER,CEASED,112561.00,per Annum,969.25,59780.36,0,7.88,6521.08
2022,826,DEPT OF ENVIRONMENT PROTECTION,2006-12-18T00:00:00.000,MANHATTAN,MARINER,ACTIVE,68962.00,per Annum,2080,60804.69,273.5,14063.92,5988.91
2022,826,DEPT OF ENVIRONMENT PROTECTION,1990-10-15T00:00:00.000,QUEENS,ASSOCIATE CHEMIST,ON SEPARATION LEAVE,90286.00,per Annum,1820,90038.53,0,0.00,7992.52
2022,826,DEPT OF ENVIRONMENT PROTECTION,2016-02-22T00:00:00.000,WESTCHESTER,PRINCIPAL ADMINISTRATIVE ASSOCIATE -  NON SUPVR,CEASED,61015.00,per Annum,1310.25,43805.26,0,0.00,0.00
2022,826,DEPT OF ENVIRONMENT PROTECTION,2004-10-25T00:00:00.000,MANHATTAN,MARINER,ACTIVE,68962.00,per Annum,2079.98,68777.07,567.75,29943.72,5884.34
2022,826,DEPT OF ENVIRONMENT PROTECTION,2016-06-06T00:00:00.000,MANHATTAN,SEWAGE TREATMENT WORKER,ACTIVE,359.84,per Day,2080,93558.40,517,34522.19,6315.93
2022,826,DEPT OF ENVIRONMENT PROTECTION,1997-06-02T00:00:00.000,QUEENS,CLERICAL ASSOCIATE,CEASED,46019.00,per Annum,654.5,16503.71,7,230.83,5842.07
2022,826,DEPT OF ENVIRONMENT PROTECTION,2011-02-28T00:00:00.000,QUEENS,ASSISTANT CIVIL ENGINEER,ACTIVE,85646.00,per Annum,1820,85411.30,461.75,28597.49,3797.55
2022,826,DEPT OF ENVIRONMENT PROTECTION,2016-05-09T00:00:00.000,QUEENS,ASSOCIATE PUBLIC HEALTH SANITARIAN,ACTIVE,77435.00,per Annum,2080,77222.86,10.25,600.27,4569.39
2022,826,DEPT OF ENVIRONMENT PROTECTION,2011-04-25T00:00:00.000,BROOKLYN,MACHINIST,ACTIVE,347.20,per Day,2080,90272.00,111,7260.92,509.95
2022,826,DEPT OF ENVIRONMENT PROTECTION,1999-04-12T00:00:00.000,QUEENS,PRINCIPAL ADMINISTRATIVE ASSOCIATE -  NON SUPVR,ACTIVE,54924.00,per Annum,1820,54773.42,77.25,2761.77,4370.03
2022,826,DEPT OF ENVIRONMENT PROTECTION,2019-06-24T00:00:00.000,WESTCHESTER,WATERSHED MAINTAINER,ACTIVE,49003.00,per Annum,2080,48795.23,141.5,5116.96,5086.08
2022,826,DEPT OF ENVIRONMENT PROTECTION,2011-08-08T00:00:00.000,WESTCHESTER,COMPUTER ASSOCIATE,ACTIVE,82463.00,per Annum,1820,82236.97,8.5,396.30,2035.56
2022,826,DEPT OF ENVIRONMENT PROTECTION,2022-06-06T00:00:00.000,QUEENS,SUMMER COLLEGE INTERN,ACTIVE,15.00,per Hour,35,525.00,0,0.00,0.00
2022,826,DEPT OF ENVIRONMENT PROTECTION,2015-11-08T00:00:00.000,QUEENS,AGENCY ATTORNEY,ACTIVE,105856.00,per Annum,1820,101422.20,0,0.00,5786.73
2022,826,DEPT OF ENVIRONMENT PROTECTION,2013-03-04T00:00:00.000,SCHOHARIE,ENVIRONMENTAL POLICE OFFICER,CEASED,64397.00,per Annum,1041.25,28576.63,0,0.00,1888.27
2022,826,DEPT OF ENVIRONMENT PROTECTION,2019-04-08T00:00:00.000,QUEENS,GEOLOGIST,ACTIVE,77921.00,per Annum,1820,77707.50,0,0.00,317.52
2022,826,DEPT OF ENVIRONMENT PROTECTION,2019-12-09T00:00:00.000,QUEENS,ASSOCIATE CHEMIST,CEASED,60862.00,per Annum,1673,52016.75,184.25,6526.82,2626.29
2022,826,DEPT OF ENVIRONMENT PROTECTION,1999-09-07T00:00:00.000,QUEENS,ASSOCIATE STAFF ANALYST,ACTIVE,95049.00,per Annum,1820,112318.60,201.25,13559.85,23852.79
2022,826,DEPT OF ENVIRONMENT PROTECTION,2007-09-24T00:00:00.000,RICHMOND,SEWAGE TREATMENT WORKER,ACTIVE,359.84,per Day,2080,93558.40,241,16845.01,22196.83
2022,826,DEPT OF ENVIRONMENT PROTECTION,2008-08-25T00:00:00.000,GREENE,INSTRUMENTAL SPECIALIST,ACTIVE,74773.00,per Annum,1820,74568.25,143.75,7309.36,5407.87
2022,826,DEPT OF ENVIRONMENT PROTECTION,2016-11-14T00:00:00.000,QUEENS,ADMINISTRATIVE CITY PLANNER,ACTIVE,114857.00,per Annum,1820,114542.22,0,0.00,2200.35
2022,826,DEPT OF ENVIRONMENT PROTECTION,2021-06-14T00:00:00.000,QUEENS,SUMMER COLLEGE INTERN,CEASED,15.00,per Hour,292.75,4391.25,0,0.00,0.00
2022,826,DEPT OF ENVIRONMENT PROTECTION,2017-08-28T00:00:00.000,BROOKLYN,WATER USE INSPECTOR,ACTIVE,52864.00,per Annum,1445,40350.30,167.5,5374.24,493.93
2022,826,DEPT OF ENVIRONMENT PROTECTION,2006-12-18T00:00:00.000,QUEENS,STATIONARY ENGINEER,ACTIVE,501.92,per Day,2080,130499.20,49.5,4686.68,30037.04
2022,826,DEPT OF ENVIRONMENT PROTECTION,2010-03-01T00:00:00.000,QUEENS,CLERICAL ASSOCIATE,ACTIVE,41848.00,per Annum,1820,41733.38,20.75,556.14,1850.57
2022,826,DEPT OF ENVIRONMENT PROTECTION,2013-08-05T00:00:00.000,WESTCHESTER,CITY RESEARCH SCIENTIST,ACTIVE,108426.00,per Annum,1820,108129.05,0,0.00,2932.74
2022,826,DEPT OF ENVIRONMENT PROTECTION,2003-12-01T00:00:00.000,SCHOHARIE,ENVIRONMENTAL POLICE OFFICER,ACTIVE,64397.00,per Annum,2340,64220.52,144.42,4649.59,8541.48
2022,826,DEPT OF ENVIRONMENT PROTECTION,2004-06-30T00:00:00.000,RICHMOND,CONSTRUCTION LABORER,ON LEAVE,352.32,per Day,80,352.32,0,0.00,0.00
2022,826,DEPT OF ENVIRONMENT PROTECTION,2007-08-13T00:00:00.000,QUEENS,CERTIFIED IT ADMINISTRATOR,ACTIVE,94244.00,per Annum,1820,93985.84,0,0.00,5274.37
2022,826,DEPT OF ENVIRONMENT PROTECTION,2013-01-28T00:00:00.000,QUEENS,SUPERVISOR ELECTRICIAN,ACTIVE,474.04,per Day,1820,122740.17,353.5,35751.92,500.00
2022,826,DEPT OF ENVIRONMENT PROTECTION,2017-06-26T00:00:00.000,WESTCHESTER,WATERSHED MAINTAINER,ACTIVE,57264.00,per Annum,2080,57033.25,418.75,18289.99,6911.10
2022,826,DEPT OF ENVIRONMENT PROTECTION,2018-07-09T00:00:00.000,SULLIVAN,ASSISTANT MECHANICAL ENGINEER,ACTIVE,65640.00,per Annum,1820,59212.95,13.75,460.37,480.58
2022,826,DEPT OF ENVIRONMENT PROTECTION,2019-04-22T00:00:00.000,BROOKLYN,SEWAGE TREATMENT WORKER,ACTIVE,359.84,per Day,2080,87711.00,1,69.72,8231.13
2022,826,DEPT OF ENVIRONMENT PROTECTION,1988-05-23T00:00:00.000,RICHMOND,CONSTRUCTION LABORER,ACTIVE,352.32,per Day,1432,58135.95,0,0.00,0.00
2022,826,DEPT OF ENVIRONMENT PROTECTION,2019-09-09T00:00:00.000,WESTCHESTER,ELECTRICIAN,ACTIVE,440.16,per Day,1820,113967.63,489,45780.62,10079.47
2022,826,DEPT OF ENVIRONMENT PROTECTION,1985-12-02T00:00:00.000,ULSTER,PRINCIPAL ADMINISTRATIVE ASSOCIATE -  NON SUPVR,ACTIVE,61407.00,per Annum,1820,61238.84,28,1007.72,4349.47
2022,826,DEPT OF ENVIRONMENT PROTECTION,1990-07-16T00:00:00.000,MANHATTAN,CONSTRUCTION LABORER,CEASED,352.32,per Day,1800,79273.75,49,3377.86,4984.61
2022,826,DEPT OF ENVIRONMENT PROTECTION,2020-03-09T00:00:00.000,BRONX,ELECTRICIANS HELPER,ACTIVE,279.30,per Day,1820,72317.56,263.5,15684.61,0.00
2022,826,DEPT OF ENVIRONMENT PROTECTION,2019-10-07T00:00:00.000,QUEENS,CLERICAL ASSOCIATE,ON LEAVE,45118.00,per Annum,1610,27688.80,0,0.00,0.00
2022,826,DEPT OF ENVIRONMENT PROTECTION,2014-12-01T00:00:00.000,WESTCHESTER,INDUSTRIAL HYGIENIST,ACTIVE,64447.00,per Annum,1820,64270.44,0,0.00,1881.40
2022,826,DEPT OF ENVIRONMENT PROTECTION,2019-12-09T00:00:00.000,WESTCHESTER,STAFF ANALYST,ACTIVE,71840.00,per Annum,1820,73840.82,0,0.00,0.00
2022,826,DEPT OF ENVIRONMENT PROTECTION,1999-07-19T00:00:00.000,BROOKLYN,CONSTRUCTION LABORER,ACTIVE,352.32,per Day,2080,91603.20,129,8521.74,10717.28
2022,826,DEPT OF ENVIRONMENT PROTECTION,2000-01-03T00:00:00.000,QUEENS,INSTRUMENTAL SPECIALIST,CEASED,65056.00,per Annum,210,7485.90,0,0.00,503.87
2022,826,DEPT OF ENVIRONMENT PROTECTION,2018-01-22T00:00:00.000,DELAWARE,SUPERVISOR,ACTIVE,74581.00,per Annum,2080,73851.50,6.5,343.70,8422.85
2022,826,DEPT OF ENVIRONMENT PROTECTION,2021-06-01T00:00:00.000,QUEENS,CLERICAL ASSOCIATE,ACTIVE,36390.00,per Annum,1823,36261.69,57.25,1259.89,0.00
2022,826,DEPT OF ENVIRONMENT PROTECTION,2013-04-08T00:00:00.000,QUEENS,CLERICAL ASSOCIATE,ACTIVE,51542.00,per Annum,1820,51400.70,37.75,1234.03,898.40
2022,826,DEPT OF ENVIRONMENT PROTECTION,1990-08-20T00:00:00.000,BROOKLYN,SCIENTIST,ACTIVE,69045.00,per Annum,1820,68855.80,165.5,7723.09,4646.85
2022,826,DEPT OF ENVIRONMENT PROTECTION,2018-03-12T00:00:00.000,QUEENS,AIR POLLUTION INSPECTOR,ACTIVE,53740.00,per Annum,1820,49947.61,30,858.93,5318.54
2022,826,DEPT OF ENVIRONMENT PROTECTION,2014-07-28T00:00:00.000,MANHATTAN,ADMINISTRATIVE STOREKEEPER,ACTIVE,124026.00,per Annum,1820,123686.16,0,0.00,0.00
2022,826,DEPT OF ENVIRONMENT PROTECTION,2020-02-10T00:00:00.000,QUEENS,CLERICAL ASSOCIATE,CEASED,22.91,per Hour,1743,36499.62,0,0.00,1593.20
2022,826,DEPT OF ENVIRONMENT PROTECTION,2017-06-12T00:00:00.000,QUEENS,SCIENTIST,ACTIVE,60871.00,per Annum,1820,60704.28,0,0.00,7539.79
2022,826,DEPT OF ENVIRONMENT PROTECTION,1985-01-08T00:00:00.000,BROOKLYN,ADMINISTRATIVE ENGINEER,ON SEPARATION LEAVE,101285.00,per Annum,1820,101007.40,0,0.00,1092.41
2022,826,DEPT OF ENVIRONMENT PROTECTION,2014-10-27T00:00:00.000,QUEENS,WATERSHED MAINTAINER,ACTIVE,60017.00,per Annum,2040,53605.48,10.5,454.02,153.21
2022,826,DEPT OF ENVIRONMENT PROTECTION,2008-11-24T00:00:00.000,QUEENS,SENIOR SEWAGE TREATMENT WORKER,ACTIVE,396.40,per Day,2080,103064.00,165,12128.58,13436.09
2022,826,DEPT OF ENVIRONMENT PROTECTION,2016-02-22T00:00:00.000,QUEENS,ADM MANAGER-NON-MGRL,ACTIVE,88993.00,per Annum,1820,88749.18,290,17474.65,1277.47
2022,826,DEPT OF ENVIRONMENT PROTECTION,2010-05-17T00:00:00.000,QUEENS,CLERICAL ASSOCIATE,ACTIVE,25.19,per Hour,1769,44561.14,583,19600.44,4053.57
2022,826,DEPT OF ENVIRONMENT PROTECTION,2000-06-19T00:00:00.000,QUEENS,ADMINISTRATIVE PROJECT MANAGER,ACTIVE,136429.00,per Annum,1820,124161.89,0,0.00,2376.00
2022,826,DEPT OF ENVIRONMENT PROTECTION,1987-07-13T00:00:00.000,QUEENS,ADMINISTRATIVE ENGINEER,ACTIVE,124026.00,per Annum,1820,123686.16,0,0.00,3778.94
2022,826,DEPT OF ENVIRONMENT PROTECTION,2016-03-28T00:00:00.000,BROOKLYN,CUSTODIAN,ACTIVE,41895.00,per Annum,2080,41619.49,409,12309.87,500.00
2022,826,DEPT OF ENVIRONMENT PROTECTION,2018-02-05T00:00:00.000,QUEENS,STATIONARY ENGINEER,ACTIVE,501.92,per Day,2080,130499.20,606.5,57205.04,26139.78
2022,826,DEPT OF ENVIRONMENT PROTECTION,2012-12-24T00:00:00.000,QUEENS,COMPUTER SYSTEMS MANAGER,ACTIVE,154500.00,per Annum,1820,154076.77,0,0.00,2959.75
2022,826,DEPT OF ENVIRONMENT PROTECTION,1998-07-27T00:00:00.000,QUEENS,ASSOCIATE CHEMIST,ACTIVE,60862.00,per Annum,1820,60695.19,93.5,4033.26,7904.31
2022,826,DEPT OF ENVIRONMENT PROTECTION,2022-01-03T00:00:00.000,BROOKLYN,APPRENTICE,ACTIVE,36289.00,per Annum,960,16702.92,21,547.47,0.00
2022,826,DEPT OF ENVIRONMENT PROTECTION,2002-04-01T00:00:00.000,PUTNAM,ADMINISTRATIVE ENGINEER,ACTIVE,126624.00,per Annum,1820,126277.07,13.5,937.83,1057.94
2022,826,DEPT OF ENVIRONMENT PROTECTION,2017-08-28T00:00:00.000,WESTCHESTER,ASSISTANT CIVIL ENGINEER,ACTIVE,65640.00,per Annum,1820,65460.20,72.25,3140.40,763.27
2022,826,DEPT OF ENVIRONMENT PROTECTION,1988-09-19T00:00:00.000,MANHATTAN,SENIOR STATIONARY ENGINEER,ACTIVE,618.24,per Day,2080,160742.40,90,10162.32,0.00
2022,826,DEPT OF ENVIRONMENT PROTECTION,2019-04-02T00:00:00.000,QUEENS,AGENCY ATTORNEY,CEASED,79503.00,per Annum,19.5,849.40,0,0.00,0.00
2022,826,DEPT OF ENVIRONMENT PROTECTION,1996-12-09T00:00:00.000,QUEENS,STATIONARY ENGINEER,ACTIVE,501.92,per Day,2080,130499.20,1021,101580.95,39463.58
2022,826,DEPT OF ENVIRONMENT PROTECTION,2017-06-05T00:00:00.000,BROOKLYN,SEWAGE TREATMENT WORKER,ACTIVE,359.84,per Day,1632,71968.37,0,0.00,0.00
2022,826,DEPT OF ENVIRONMENT PROTECTION,2021-06-14T00:00:00.000,QUEENS,COLLEGE AIDE,ACTIVE,15.75,per Hour,536.25,8190.79,0,0.00,105.00
2022,826,DEPT OF ENVIRONMENT PROTECTION,2019-08-12T00:00:00.000,QUEENS,CLERICAL ASSOCIATE,ACTIVE,22.90,per Hour,1736,38878.36,78.25,1974.14,2242.44
2022,826,DEPT OF ENVIRONMENT PROTECTION,2006-05-01T00:00:00.000,BROOKLYN,SEWAGE TREATMENT WORKER,ACTIVE,359.84,per Day,2000,88443.11,372,22340.52,3852.33
2022,826,DEPT OF ENVIRONMENT PROTECTION,2007-06-25T00:00:00.000,WESTCHESTER,PROJECT MANAGER,ACTIVE,65722.00,per Annum,1820,58195.46,0,0.00,3846.99
2022,826,DEPT OF ENVIRONMENT PROTECTION,2018-06-11T00:00:00.000,BROOKLYN,CONSTRUCTION LABORER,ACTIVE,352.32,per Day,2080,91603.20,309.5,21012.59,15299.11
2022,826,DEPT OF ENVIRONMENT PROTECTION,2015-12-14T00:00:00.000,QUEENS,ADMINISTRATIVE ENGINEER,CEASED,113966.00,per Annum,97.5,6088.44,0,0.00,4.02
2022,826,DEPT OF ENVIRONMENT PROTECTION,2015-09-08T00:00:00.000,QUEENS,SEWAGE TREATMENT WORKER,ACTIVE,359.84,per Day,2080,93558.40,304,19253.69,19594.61
2022,826,DEPT OF ENVIRONMENT PROTECTION,2012-07-23T00:00:00.000,QUEENS,SENIOR STATIONARY ENGINEER,ACTIVE,618.24,per Day,2080,160742.40,439,50830.92,0.00
2022,826,DEPT OF ENVIRONMENT PROTECTION,2017-06-26T00:00:00.000,QUEENS,COMPUTER PROGRAMMER ANALYST,ACTIVE,77250.00,per Annum,1820,77038.26,12.5,565.51,49.50
2022,826,DEPT OF ENVIRONMENT PROTECTION,1988-08-22T00:00:00.000,QUEENS,SENIOR SEWAGE TREATMENT WORKER,ACTIVE,396.40,per Day,2080,103064.00,466,35807.39,18940.54
2022,826,DEPT OF ENVIRONMENT PROTECTION,2015-09-08T00:00:00.000,BROOKLYN,SEWAGE TREATMENT WORKER,ACTIVE,359.84,per Day,2080,93558.40,246,17026.11,20921.03
2022,826,DEPT OF ENVIRONMENT PROTECTION,2020-02-10T00:00:00.000,BROOKLYN,STATIONARY ENGINEER,ACTIVE,501.92,per Day,2080,127989.60,105.5,9928.61,6117.15
2022,826,DEPT OF ENVIRONMENT PROTECTION,2009-01-05T00:00:00.000,ULSTER,ENVIRONMENTAL POLICE OFFICER,ACTIVE,64397.00,per Annum,2340,64220.52,8,236.66,6214.58
2022,826,DEPT OF ENVIRONMENT PROTECTION,2007-05-21T00:00:00.000,BROOKLYN,SEWAGE TREATMENT WORKER,ACTIVE,359.84,per Day,2080,93558.40,80,5268.29,19855.16
2022,826,DEPT OF ENVIRONMENT PROTECTION,2002-10-07T00:00:00.000,RICHMOND,SENIOR SEWAGE TREATMENT WORKER,ACTIVE,396.40,per Day,2080,103064.00,84,5148.25,14970.33
2022,826,DEPT OF ENVIRONMENT PROTECTION,2021-12-06T00:00:00.000,BROOKLYN,WATER USE INSPECTOR,ACTIVE,38216.00,per Annum,980,20328.13,0,0.00,17.50
2022,826,DEPT OF ENVIRONMENT PROTECTION,2012-10-01T00:00:00.000,WESTCHESTER,CITY PLANNER,ACTIVE,63489.00,per Annum,1610,26691.42,0,0.00,1088.31
2022,826,DEPT OF ENVIRONMENT PROTECTION,2009-04-06T00:00:00.000,QUEENS,ASSOCIATE CHEMIST,ACTIVE,69113.00,per Annum,1820,68923.66,1252.5,46416.91,8404.36
2022,826,DEPT OF ENVIRONMENT PROTECTION,1996-12-16T00:00:00.000,BROOKLYN,SEWAGE TREATMENT WORKER,ACTIVE,359.84,per Day,2080,93558.40,8,602.73,17390.38
2022,826,DEPT OF ENVIRONMENT PROTECTION,2006-06-19T00:00:00.000,MANHATTAN,ADMINISTRATIVE ENGINEER,ACTIVE,97824.00,per Annum,1820,97555.90,0,0.00,301.25
2022,826,DEPT OF ENVIRONMENT PROTECTION,2022-04-25T00:00:00.000,BROOKLYN,APPRENTICE,ACTIVE,32260.00,per Annum,1211,18715.43,32.5,575.53,0.00
2022,826,DEPT OF ENVIRONMENT PROTECTION,2016-11-28T00:00:00.000,MANHATTAN,COMMUNITY ASSOCIATE,ACTIVE,56957.00,per Annum,1400,43693.00,87.75,3324.11,193.29
2022,826,DEPT OF ENVIRONMENT PROTECTION,1997-08-11T00:00:00.000,QUEENS,SUPERINTENDENT OF WATER AND SEWER SYSTEMS,ACTIVE,146260.00,per Annum,1820,145859.23,0,0.00,2801.90
2022,826,DEPT OF ENVIRONMENT PROTECTION,2020-02-10T00:00:00.000,BRONX,ENVIRONMENTAL POLICE OFFICER,ACTIVE,49645.00,per Annum,2340,49300.59,68.33,1598.30,1871.79
2022,826,DEPT OF ENVIRONMENT PROTECTION,2021-11-08T00:00:00.000,QUEENS,CLERICAL ASSOCIATE,CEASED,36390.00,per Annum,910,17833.74,12.25,244.02,0.00
2022,826,DEPT OF ENVIRONMENT PROTECTION,2013-08-12T00:00:00.000,WESTCHESTER,SUPERVISOR,ACTIVE,82778.00,per Annum,1408,41116.82,63.75,3361.58,177.41
2022,826,DEPT OF ENVIRONMENT PROTECTION,1990-07-30T00:00:00.000,QUEENS,PRINCIPAL ADMINISTRATIVE ASSOCIATE -  NON SUPVR,ACTIVE,86319.00,per Annum,1820,80062.83,107.75,5836.73,6026.69
2022,826,DEPT OF ENVIRONMENT PROTECTION,2014-07-07T00:00:00.000,BRONX,SEWAGE TREATMENT WORKER,ACTIVE,359.84,per Day,2080,93558.40,0,0.00,0.00
2022,826,DEPT OF ENVIRONMENT PROTECTION,2019-06-24T00:00:00.000,QUEENS,CIVIL ENGINEERING INTERN,ACTIVE,59125.00,per Annum,1820,58899.03,604.5,25978.96,1938.56
2022,826,DEPT OF ENVIRONMENT PROTECTION,1989-04-17T00:00:00.000,ULSTER,ASSOCIATE PROJECT MANAGER,ACTIVE,86734.00,per Annum,1820,86496.28,270.25,17856.32,8346.31
2022,826,DEPT OF ENVIRONMENT PROTECTION,1994-08-29T00:00:00.000,QUEENS,CUSTOMER INFORMATION REPRESENTATIVE MA L 1549,ACTIVE,72792.00,per Annum,1820,72592.52,0,0.00,3808.08
2022,826,DEPT OF ENVIRONMENT PROTECTION,2016-02-08T00:00:00.000,QUEENS,PROCUREMENT ANALYST,ACTIVE,74039.00,per Annum,1820,68156.36,0,0.00,0.00
2022,826,DEPT OF ENVIRONMENT PROTECTION,2022-01-03T00:00:00.000,QUEENS,ENGINEERING TECHNICIAN,ACTIVE,42114.00,per Annum,840,19372.42,8.5,195.96,164.16
2022,826,DEPT OF ENVIRONMENT PROTECTION,1992-09-08T00:00:00.000,QUEENS,ADMINISTRATIVE STAFF ANALYST,ACTIVE,170804.00,per Annum,1820,170336.14,0,0.00,3272.10
2022,826,DEPT OF ENVIRONMENT PROTECTION,2003-07-07T00:00:00.000,RICHMOND,SEWAGE TREATMENT WORKER,ACTIVE,359.84,per Day,2080,93198.56,405,26961.08,16921.20
2022,826,DEPT OF ENVIRONMENT PROTECTION,1995-09-25T00:00:00.000,QUEENS,COMMUNITY ASSOCIATE,ACTIVE,44126.00,per Annum,1820,44005.00,2,49.86,1417.00
2022,826,DEPT OF ENVIRONMENT PROTECTION,1977-04-01T00:00:00.000,QUEENS,ELECTRICIAN,CEASED,360.43,per Day,0,0.00,0,0.00,9809.54
2022,826,DEPT OF ENVIRONMENT PROTECTION,2006-06-05T00:00:00.000,BROOKLYN,STATIONARY ENGINEER,ACTIVE,501.92,per Day,2080,130499.20,713.5,66645.60,7545.64
2022,826,DEPT OF ENVIRONMENT PROTECTION,2007-01-29T00:00:00.000,BRONX,CLERICAL ASSOCIATE,ACTIVE,22.92,per Hour,1505.23,34499.95,0,0.00,1604.40
2022,826,DEPT OF ENVIRONMENT PROTECTION,2013-01-14T00:00:00.000,BRONX,CUSTODIAN,ACTIVE,41895.00,per Annum,2080,41760.09,49,1474.78,0.00
2022,826,DEPT OF ENVIRONMENT PROTECTION,2012-12-10T00:00:00.000,QUEENS,ADMINISTRATIVE ENGINEER,ACTIVE,119587.00,per Annum,1820,117785.05,0,0.00,-407.07
2022,826,DEPT OF ENVIRONMENT PROTECTION,2017-04-24T00:00:00.000,QUEENS,ASSISTANT ENVIRONMENTAL ENGINEER,ACTIVE,65640.00,per Annum,1820,65460.20,36.75,1366.42,2297.39
2022,826,DEPT OF ENVIRONMENT PROTECTION,1992-10-19T00:00:00.000,QUEENS,STATIONARY ENGINEER,ACTIVE,501.92,per Day,2080,130499.20,778,72387.25,6023.04
2022,826,DEPT OF ENVIRONMENT PROTECTION,2009-09-21T00:00:00.000,ULSTER,ASSOCIATE PROJECT MANAGER,ACTIVE,85914.00,per Annum,1820,85678.58,0,0.00,7725.91
2022,826,DEPT OF ENVIRONMENT PROTECTION,2002-07-29T00:00:00.000,QUEENS,ADMINISTRATIVE STAFF ANALYST,ACTIVE,154763.00,per Annum,1820,182501.49,0,0.00,3231.07
2022,826,DEPT OF ENVIRONMENT PROTECTION,1992-12-07T00:00:00.000,BROOKLYN,PRINCIPAL ADMINISTRATIVE ASSOCIATE -  NON SUPVR,ACTIVE,54747.00,per Annum,1820,54596.89,471.5,20791.77,6292.68
2022,826,DEPT OF ENVIRONMENT PROTECTION,1990-09-17T00:00:00.000,QUEENS,PRINCIPAL ADMINISTRATIVE ASSOCIATE -  NON SUPVR,ACTIVE,54855.00,per Annum,1820,54704.77,0,0.00,4341.22
2022,826,DEPT OF ENVIRONMENT PROTECTION,2003-06-16T00:00:00.000,RICHMOND,CONSTRUCTION LABORER,ACTIVE,352.32,per Day,2080,91603.20,70.5,4657.23,5989.44
2022,826,DEPT OF ENVIRONMENT PROTECTION,2021-11-01T00:00:00.000,BROOKLYN,CIVIL ENGINEERING INTERN,ACTIVE,51535.00,per Annum,1120,31626.88,0,0.00,479.43
2022,826,DEPT OF ENVIRONMENT PROTECTION,2014-07-07T00:00:00.000,QUEENS,SEWAGE TREATMENT WORKER,ACTIVE,359.84,per Day,2080,93558.40,705.25,44760.76,23925.97
2022,826,DEPT OF ENVIRONMENT PROTECTION,1993-03-08T00:00:00.000,ULSTER,SUPERVISOR OF MECHANICS,ACTIVE,121196.00,per Annum,2080,120863.86,465,40485.80,174.13
2022,826,DEPT OF ENVIRONMENT PROTECTION,1992-07-06T00:00:00.000,QUEENS,ADMINISTRATIVE ENGINEER,ACTIVE,124026.00,per Annum,1820,116489.08,6.25,396.18,1104.75
2022,826,DEPT OF ENVIRONMENT PROTECTION,2019-03-04T00:00:00.000,QUEENS,SEWAGE TREATMENT WORKER,ON LEAVE,359.84,per Day,720,31036.20,132.5,8813.82,3573.19
2022,826,DEPT OF ENVIRONMENT PROTECTION,1995-03-06T00:00:00.000,WESTCHESTER,ASSOCIATE PROJECT MANAGER,ACTIVE,78060.00,per Annum,1820,77846.08,0,0.00,3397.68
2022,826,DEPT OF ENVIRONMENT PROTECTION,2008-07-21T00:00:00.000,ULSTER,ADMINISTRATIVE PROJECT MANAGER,ACTIVE,132835.00,per Annum,1820,132471.04,0,0.00,504.72
2022,826,DEPT OF ENVIRONMENT PROTECTION,2004-05-03T00:00:00.000,QUEENS,ADMINISTRATIVE ENGINEER,ACTIVE,170804.00,per Annum,1820,170336.14,0,0.00,3272.10
2022,826,DEPT OF ENVIRONMENT PROTECTION,2016-03-14T00:00:00.000,DELAWARE,CLIMBER & PRUNER,ACTIVE,64177.00,per Annum,2080,61363.63,0,0.00,6379.20
2022,826,DEPT OF ENVIRONMENT PROTECTION,2000-07-19T00:00:00.000,QUEENS,TELECOMMUNICATIONS ASSOCIATE,ACTIVE,92668.00,per Annum,1820,87244.38,246.5,16502.06,5592.26
2022,826,DEPT OF ENVIRONMENT PROTECTION,2016-06-06T00:00:00.000,MANHATTAN,SEWAGE TREATMENT WORKER,ACTIVE,359.84,per Day,1880,84562.40,548.25,36270.75,5761.43
2022,826,DEPT OF ENVIRONMENT PROTECTION,1989-01-23T00:00:00.000,BROOKLYN,SEWAGE TREATMENT WORKER,CEASED,359.84,per Day,1800,80964.00,6,404.83,989.56
2022,826,DEPT OF ENVIRONMENT PROTECTION,2022-02-07T00:00:00.000,QUEENS,ENGINEERING TECHNICIAN,ACTIVE,42114.00,per Annum,665,15345.64,140,4185.37,204.09
2022,826,DEPT OF ENVIRONMENT PROTECTION,2018-09-24T00:00:00.000,QUEENS,CLERICAL ASSOCIATE,ACTIVE,54590.00,per Annum,1820,54440.36,101.25,3402.54,128.53
2022,826,DEPT OF ENVIRONMENT PROTECTION,2022-05-09T00:00:00.000,QUEENS,INDUSTRIAL HYGIENIST,ACTIVE,56041.00,per Annum,210,5803.71,0,0.00,0.00
2022,826,DEPT OF ENVIRONMENT PROTECTION,2003-06-16T00:00:00.000,QUEENS,COMPUTER ASSOCIATE,ACTIVE,78743.00,per Annum,1820,78527.28,0,0.00,1789.11
2022,826,DEPT OF ENVIRONMENT PROTECTION,1990-09-04T00:00:00.000,QUEENS,ASSOCIATE PROJECT MANAGER,ACTIVE,89525.00,per Annum,1820,89279.83,0,0.00,8611.77
2022,826,DEPT OF ENVIRONMENT PROTECTION,1990-07-30T00:00:00.000,QUEENS,ADM MANAGER-NON-MGRL,ACTIVE,76270.00,per Annum,1820,71171.33,0,0.00,1650.87
2022,826,DEPT OF ENVIRONMENT PROTECTION,2007-02-26T00:00:00.000,MANHATTAN,SEWAGE TREATMENT WORKER,ACTIVE,359.84,per Day,2080,93558.40,837.5,52885.26,25448.14
2022,826,DEPT OF ENVIRONMENT PROTECTION,2012-07-09T00:00:00.000,SULLIVAN,ASSOCIATE PROJECT MANAGER,ACTIVE,77921.00,per Annum,1820,77707.50,137.75,7020.05,4628.53
2022,826,DEPT OF ENVIRONMENT PROTECTION,2002-04-01T00:00:00.000,ULSTER,WATERSHED MAINTAINER,ACTIVE,60059.00,per Annum,2080,59894.39,0,0.00,4598.36
2022,826,DEPT OF ENVIRONMENT PROTECTION,1993-05-17T00:00:00.000,DELAWARE,WATERSHED MAINTAINER,ACTIVE,60165.00,per Annum,2080,60000.20,33.5,1558.89,4598.36
2022,826,DEPT OF ENVIRONMENT PROTECTION,2022-04-18T00:00:00.000,BROOKLYN,SEWAGE TREATMENT WORKER,ACTIVE,359.84,per Day,360,16192.80,32.5,2192.78,204.06
2022,826,DEPT OF ENVIRONMENT PROTECTION,2022-03-28T00:00:00.000,QUEENS,ASSISTANT CIVIL ENGINEER,ACTIVE,84850.00,per Annum,350,19527.12,18,1021.73,16.50
2022,826,DEPT OF ENVIRONMENT PROTECTION,2019-10-28T00:00:00.000,QUEENS,ENGINEERING TECHNICIAN,CEASED,38930.00,per Annum,280,4479.62,0,0.00,19.44
2022,826,DEPT OF ENVIRONMENT PROTECTION,2004-05-17T00:00:00.000,MANHATTAN,CONSTRUCTION LABORER,ACTIVE,352.32,per Day,2080,90546.24,164,11121.19,21001.10
2022,826,DEPT OF ENVIRONMENT PROTECTION,2006-05-15T00:00:00.000,BROOKLYN,ASSOCIATE CHEMIST,ACTIVE,69282.00,per Annum,1782,67649.42,0,0.00,7078.53
2022,826,DEPT OF ENVIRONMENT PROTECTION,2000-05-22T00:00:00.000,QUEENS,ASSISTANT MECHANICAL ENGINEER,CEASED,79719.00,per Annum,1729,75525.45,0,0.00,6175.24
2022,826,DEPT OF ENVIRONMENT PROTECTION,2022-04-25T00:00:00.000,QUEENS,CIVIL ENGINEERING INTERN,ACTIVE,52000.00,per Annum,280,7978.08,0,0.00,0.00
2022,826,DEPT OF ENVIRONMENT PROTECTION,1992-06-08T00:00:00.000,QUEENS,ADMINISTRATIVE ENGINEER,ACTIVE,180786.00,per Annum,1820,180290.76,0,0.00,3463.35
2022,826,DEPT OF ENVIRONMENT PROTECTION,2021-03-01T00:00:00.000,MANHATTAN,GEOLOGIST,ACTIVE,57078.00,per Annum,1820,53807.17,0,0.00,19.00
2022,826,DEPT OF ENVIRONMENT PROTECTION,2021-07-06T00:00:00.000,QUEENS,CITY SEASONAL AIDE,CEASED,15.45,per Hour,259,4001.55,0,0.00,0.00
2022,826,DEPT OF ENVIRONMENT PROTECTION,2018-05-14T00:00:00.000,BRONX,WATER USE INSPECTOR,ACTIVE,52864.00,per Annum,1820,51705.31,368.5,12662.35,397.88
2022,826,DEPT OF ENVIRONMENT PROTECTION,2004-12-20T00:00:00.000,BROOKLYN,ASSOCIATE AIR POLLUTION INSPR,CEASED,67249.00,per Annum,910,0.02,0,0.00,21.49
2022,826,DEPT OF ENVIRONMENT PROTECTION,1994-07-25T00:00:00.000,QUEENS,ASSOCIATE WATER USE INPECTOR,ACTIVE,78488.00,per Annum,1820,78273.00,710.25,42040.49,3359.82
2022,826,DEPT OF ENVIRONMENT PROTECTION,1992-10-13T00:00:00.000,QUEENS,ASSOCIATE CHEMIST,ACTIVE,89951.00,per Annum,1820,89704.67,0,0.00,6624.80
2022,826,DEPT OF ENVIRONMENT PROTECTION,2019-08-12T00:00:00.000,QUEENS,ASSISTANT MECHANICAL ENGINEER,ACTIVE,65640.00,per Annum,1820,64312.66,112,4071.33,194.12
2022,826,DEPT OF ENVIRONMENT PROTECTION,2019-12-09T00:00:00.000,QUEENS,ASSOCIATE CHEMIST,CEASED,60862.00,per Annum,1260,37846.17,190.5,6778.93,1840.38
2022,826,DEPT OF ENVIRONMENT PROTECTION,2007-06-05T00:00:00.000,QUEENS,CLERICAL ASSOCIATE,ACTIVE,22.91,per Hour,1719.5,34756.47,0,0.00,220.43
2022,826,DEPT OF ENVIRONMENT PROTECTION,2010-03-22T00:00:00.000,BRONX,ASSOCIATE PROJECT MANAGER,ACTIVE,78156.00,per Annum,1820,77941.77,38.25,1837.80,7205.14
2022,826,DEPT OF ENVIRONMENT PROTECTION,2007-05-21T00:00:00.000,RICHMOND,PRINCIPAL ADMINISTRATIVE ASSOCIATE -  NON SUPVR,ACTIVE,64454.00,per Annum,1820,64277.46,566.5,26197.21,2201.44
2022,826,DEPT OF ENVIRONMENT PROTECTION,2002-05-06T00:00:00.000,WESTCHESTER,CONSTRUCTION PROJECT MANAGER,ACTIVE,100558.00,per Annum,1820,100282.51,28.5,2071.26,10436.42
2022,826,DEPT OF ENVIRONMENT PROTECTION,2022-04-04T00:00:00.000,BROOKLYN,CITY PARK WORKER,ACTIVE,16.63,per Hour,367.07,6104.32,2.5,64.02,284.65
2022,826,DEPT OF ENVIRONMENT PROTECTION,1985-06-17T00:00:00.000,SCHOHARIE,WATERSHED MAINTAINER,ACTIVE,60412.00,per Annum,2080,60246.43,50.25,2347.30,4598.36
2022,826,DEPT OF ENVIRONMENT PROTECTION,2016-09-12T00:00:00.000,BRONX,CLERICAL ASSOCIATE,ACTIVE,46084.00,per Annum,1820,45957.85,115.75,3557.30,798.99
2022,826,DEPT OF ENVIRONMENT PROTECTION,2019-01-14T00:00:00.000,QUEENS,COMPUTER SPECIALIST,ACTIVE,94244.00,per Annum,1820,93985.84,0,0.00,972.93
2022,826,DEPT OF ENVIRONMENT PROTECTION,2019-05-20T00:00:00.000,BROOKLYN,SEWAGE TREATMENT WORKER,ACTIVE,359.84,per Day,2080,93558.40,393,26339.13,12248.00
2022,826,DEPT OF ENVIRONMENT PROTECTION,2001-05-29T00:00:00.000,QUEENS,CLERICAL ASSOCIATE,ACTIVE,29.34,per Hour,1735.73,50926.44,0,0.00,7012.88
2022,826,DEPT OF ENVIRONMENT PROTECTION,2003-06-16T00:00:00.000,QUEENS,CLERICAL ASSOCIATE,ON SEPARATION LEAVE,51487.00,per Annum,1820,50979.09,0,0.00,4012.75
2022,826,DEPT OF ENVIRONMENT PROTECTION,2019-08-26T00:00:00.000,BRONX,WATER USE INSPECTOR,CEASED,52864.00,per Annum,1077.75,29320.06,39,1190.54,99.00
2022,826,DEPT OF ENVIRONMENT PROTECTION,2021-07-26T00:00:00.000,BROOKLYN,APPRENTICE,ACTIVE,32260.00,per Annum,1433.5,24836.77,4.5,102.18,0.00
2022,826,DEPT OF ENVIRONMENT PROTECTION,2004-03-01T00:00:00.000,QUEENS,PRINCIPAL ADMINISTRATIVE ASSOCIATE -  NON SUPVR,ACTIVE,77154.00,per Annum,1820,76942.58,9.75,432.18,3705.76
2022,826,DEPT OF ENVIRONMENT PROTECTION,2006-10-10T00:00:00.000,QUEENS,CLERICAL ASSOCIATE,ACTIVE,46019.00,per Annum,1820,45892.86,8.25,242.93,2495.73
2022,826,DEPT OF ENVIRONMENT PROTECTION,2019-03-04T00:00:00.000,QUEENS,SEWAGE TREATMENT WORKER,CEASED,359.84,per Day,1440,64771.20,339.5,22524.86,8099.49
2022,826,DEPT OF ENVIRONMENT PROTECTION,2017-01-23T00:00:00.000,QUEENS,ASSISTANT ENVIRONMENTAL ENGINEER,ACTIVE,65640.00,per Annum,1820,65460.20,47.25,1733.54,901.41
2022,826,DEPT OF ENVIRONMENT PROTECTION,2017-08-14T00:00:00.000,MANHATTAN,CITY PLANNER,ACTIVE,85939.00,per Annum,1820,85703.54,0,0.00,34.17
2022,826,DEPT OF ENVIRONMENT PROTECTION,1984-04-02T00:00:00.000,QUEENS,CLERICAL ASSOCIATE,CEASED,42242.00,per Annum,1295,29812.35,0,0.00,3635.31
2022,826,DEPT OF ENVIRONMENT PROTECTION,1997-10-14T00:00:00.000,BROOKLYN,WATER USE INSPECTOR,ACTIVE,52952.00,per Annum,1820,52807.03,52,1679.20,3332.94
2022,826,DEPT OF ENVIRONMENT PROTECTION,1993-07-06T00:00:00.000,QUEENS,ASSOCIATE PROJECT MANAGER,ACTIVE,104452.00,per Annum,1820,104165.88,1.5,93.23,10489.81
2022,826,DEPT OF ENVIRONMENT PROTECTION,1990-10-15T00:00:00.000,QUEENS,PRINCIPAL ADMINISTRATIVE ASSOCIATE -  NON SUPVR,ACTIVE,78311.00,per Annum,1820,78096.46,28,1430.91,4841.22
2022,826,DEPT OF ENVIRONMENT PROTECTION,2015-10-13T00:00:00.000,MANHATTAN,MOTOR VEHICLE OPERATOR,CEASED,49927.00,per Annum,1077,25780.73,9,325.20,1033.45
2022,826,DEPT OF ENVIRONMENT PROTECTION,2015-08-10T00:00:00.000,BRONX,CLERICAL ASSOCIATE,ACTIVE,27.71,per Hour,1743,43906.17,127.5,4005.33,1944.67
2022,826,DEPT OF ENVIRONMENT PROTECTION,2021-06-14T00:00:00.000,QUEENS,COLLEGE AIDE,ACTIVE,15.75,per Hour,659.75,10128.63,0,0.00,105.00
2022,826,DEPT OF ENVIRONMENT PROTECTION,2021-07-06T00:00:00.000,QUEENS,ADMIN CONSTRUCTION PROJECT MANAGER,CEASED,67757.00,per Annum,1204,44700.98,0,0.00,0.00
2022,826,DEPT OF ENVIRONMENT PROTECTION,1996-07-15T00:00:00.000,ULSTER,WATERSHED MAINTAINER,ACTIVE,60146.00,per Annum,2080,59981.22,29.5,1372.35,5001.54
2022,826,DEPT OF ENVIRONMENT PROTECTION,2016-06-27T00:00:00.000,QUEENS,CITY RESEARCH SCIENTIST,ACTIVE,86830.00,per Annum,1820,76396.97,46.75,2066.28,911.55
2022,826,DEPT OF ENVIRONMENT PROTECTION,2016-01-27T00:00:00.000,QUEENS,CLERICAL ASSOCIATE,ACTIVE,46019.00,per Annum,1820,45892.86,34,969.75,738.40
2022,826,DEPT OF ENVIRONMENT PROTECTION,2022-04-25T00:00:00.000,BROOKLYN,APPRENTICE,ACTIVE,32260.00,per Annum,937.25,14485.99,43.5,815.01,0.00
2022,826,DEPT OF ENVIRONMENT PROTECTION,2011-05-23T00:00:00.000,QUEENS,ADMINISTRATIVE PROJECT MANAGER,ACTIVE,82595.00,per Annum,1820,82368.77,55.5,2745.72,393.46
2022,826,DEPT OF ENVIRONMENT PROTECTION,2017-11-13T00:00:00.000,QUEENS,CONSTRUCTION LABORER,ACTIVE,352.32,per Day,2080,90546.24,126.5,8510.72,18138.85
2022,826,DEPT OF ENVIRONMENT PROTECTION,2020-02-24T00:00:00.000,QUEENS,CLERICAL ASSOCIATE,ACTIVE,25.19,per Hour,1743,40043.09,0,0.00,1716.33
2022,826,DEPT OF ENVIRONMENT PROTECTION,1990-03-05T00:00:00.000,RICHMOND,SENIOR SEWAGE TREATMENT WORKER,ACTIVE,396.40,per Day,2080,103064.00,177.5,12999.45,23533.21
2022,826,DEPT OF ENVIRONMENT PROTECTION,2000-12-11T00:00:00.000,QUEENS,PRINCIPAL ADMINISTRATIVE ASSOCIATE -  NON SUPVR,ACTIVE,81910.00,per Annum,1820,81685.50,263.25,14526.61,2881.89
2022,826,DEPT OF ENVIRONMENT PROTECTION,1994-10-10T00:00:00.000,QUEENS,ADM MANAGER-NON-MGRL,ON SEPARATION LEAVE,86172.00,per Annum,1820,85935.97,0,0.00,1764.36
2022,826,DEPT OF ENVIRONMENT PROTECTION,1988-05-23T00:00:00.000,QUEENS,ADM MANAGER-NON-MGRL,ACTIVE,146045.00,per Annum,1820,145644.98,34,3418.27,1819.45
2022,826,DEPT OF ENVIRONMENT PROTECTION,2017-06-05T00:00:00.000,MANHATTAN,SEWAGE TREATMENT WORKER,ACTIVE,359.84,per Day,2040,73767.93,313,19027.66,16819.48
2022,826,DEPT OF ENVIRONMENT PROTECTION,2015-10-26T00:00:00.000,QUEENS,CONSTRUCTION PROJECT MANAGER,CEASED,65640.00,per Annum,1694.25,60937.29,314.75,15079.19,3580.48
2022,826,DEPT OF ENVIRONMENT PROTECTION,2001-05-14T00:00:00.000,QUEENS,COMPUTER ASSOCIATE,ACTIVE,61582.00,per Annum,1820,61413.30,108.75,4576.03,3441.59
2022,826,DEPT OF ENVIRONMENT PROTECTION,2007-02-12T00:00:00.000,QUEENS,ADMINISTRATIVE PROJECT MANAGER,ACTIVE,117398.00,per Annum,1820,117076.44,254.25,21654.60,965.52
2022,826,DEPT OF ENVIRONMENT PROTECTION,2015-05-11T00:00:00.000,QUEENS,DISTRICT SUPERVISOR,ACTIVE,101210.00,per Annum,2080,100932.77,124,9041.33,843.62
2022,826,DEPT OF ENVIRONMENT PROTECTION,1985-12-09T00:00:00.000,RICHMOND,SUPERVISOR,CEASED,96529.00,per Annum,560,21104.11,80,5602.29,1037.49
2022,826,DEPT OF ENVIRONMENT PROTECTION,1987-03-30T00:00:00.000,WESTCHESTER,SUPERVISOR,CEASED,80355.00,per Annum,740.5,28481.35,38.25,2332.35,3160.69
2022,826,DEPT OF ENVIRONMENT PROTECTION,2017-04-10T00:00:00.000,QUEENS,ASSOCIATE PROJECT MANAGER,ACTIVE,85847.00,per Annum,1820,85286.72,0,0.00,981.61
2022,826,DEPT OF ENVIRONMENT PROTECTION,2018-04-23T00:00:00.000,DELAWARE,WATERSHED MAINTAINER,ACTIVE,54511.00,per Annum,2080,54146.27,183,7159.86,7803.48
2022,826,DEPT OF ENVIRONMENT PROTECTION,2016-04-25T00:00:00.000,QUEENS,CLERICAL ASSOCIATE,ACTIVE,46019.00,per Annum,1820,45892.86,0,0.00,0.00
2022,826,DEPT OF ENVIRONMENT PROTECTION,1990-08-27T00:00:00.000,QUEENS,ASSOCIATE CHEMIST,CEASED,90163.00,per Annum,1246,61557.67,0,0.00,5460.53
2022,826,DEPT OF ENVIRONMENT PROTECTION,2003-10-06T00:00:00.000,ULSTER,WATERSHED MAINTAINER,ACTIVE,60017.00,per Annum,2080,59852.52,0,0.00,7914.51
2022,826,DEPT OF ENVIRONMENT PROTECTION,2022-02-28T00:00:00.000,BRONX,INSTRUMENTAL SPECIALIST,ACTIVE,74773.00,per Annum,560,22944.08,0,0.00,217.17
2022,826,DEPT OF ENVIRONMENT PROTECTION,2005-09-19T00:00:00.000,QUEENS,SUPERVISOR,ACTIVE,96390.00,per Annum,2080,96125.90,266,19326.39,13851.97
2022,826,DEPT OF ENVIRONMENT PROTECTION,1997-06-02T00:00:00.000,QUEENS,ADM MANAGER-NON-MGRL,ACTIVE,95316.00,per Annum,1820,89277.46,0,0.00,1822.11
2022,826,DEPT OF ENVIRONMENT PROTECTION,2015-11-09T00:00:00.000,QUEENS,ASSISTANT CIVIL ENGINEER,ACTIVE,66694.00,per Annum,1820,66511.38,224.75,9172.30,2460.63
2022,826,DEPT OF ENVIRONMENT PROTECTION,2019-02-25T00:00:00.000,BRONX,ASSISTANT ENVIRONMENTAL ENGINEER,ACTIVE,72204.00,per Annum,1820,67474.36,8,318.40,418.82
2022,826,DEPT OF ENVIRONMENT PROTECTION,2012-07-23T00:00:00.000,MANHATTAN,ENGINEERING TECHNICIAN,ACTIVE,71161.00,per Annum,1820,64874.21,250.5,10997.22,2566.20
2022,826,DEPT OF ENVIRONMENT PROTECTION,2019-02-25T00:00:00.000,QUEENS,ASSISTANT ELECTRICAL ENGINEER,ACTIVE,65640.00,per Annum,1820,65460.20,2.5,90.28,410.57
2022,826,DEPT OF ENVIRONMENT PROTECTION,2006-03-13T00:00:00.000,QUEENS,SEWAGE TREATMENT WORKER,ACTIVE,359.84,per Day,1640,72327.84,195.5,11246.14,17867.97
2022,826,DEPT OF ENVIRONMENT PROTECTION,2012-11-05T00:00:00.000,MANHATTAN,SEWAGE TREATMENT WORKER,ACTIVE,359.84,per Day,2080,93558.40,45.5,3309.43,21351.07
2022,826,DEPT OF ENVIRONMENT PROTECTION,2021-07-06T00:00:00.000,QUEENS,CITY SEASONAL AIDE,CEASED,15.45,per Hour,63,973.35,0,0.00,0.00
2022,826,DEPT OF ENVIRONMENT PROTECTION,2004-03-01T00:00:00.000,QUEENS,COMMUNITY ASSOCIATE,ACTIVE,59845.00,per Annum,1820,59680.93,417.5,16955.49,2207.41
2022,826,DEPT OF ENVIRONMENT PROTECTION,2019-07-07T00:00:00.000,QUEENS,COLLEGE AIDE,CEASED,15.75,per Hour,342.75,5398.31,0,0.00,0.00
2022,826,DEPT OF ENVIRONMENT PROTECTION,1985-01-21T00:00:00.000,MANHATTAN,ELECTRICIAN,ACTIVE,440.16,per Day,1820,113967.63,454.5,42668.06,0.00
2022,826,DEPT OF ENVIRONMENT PROTECTION,2018-10-09T00:00:00.000,QUEENS,ADMINISTRATIVE PROJECT MANAGER,ACTIVE,105060.00,per Annum,1820,104772.20,0,0.00,1410.43
2022,826,DEPT OF ENVIRONMENT PROTECTION,2019-05-28T00:00:00.000,MANHATTAN,CUSTODIAN,ACTIVE,38749.00,per Annum,2080,38642.76,0,0.00,516.50
2022,826,DEPT OF ENVIRONMENT PROTECTION,2022-05-23T00:00:00.000,MANHATTAN,CLERICAL ASSOCIATE,ACTIVE,19.92,per Hour,63,1254.96,0,0.00,0.00
2022,826,DEPT OF ENVIRONMENT PROTECTION,2014-05-27T00:00:00.000,QUEENS,CLERICAL ASSOCIATE,ACTIVE,55208.00,per Annum,1820,54141.73,0,0.00,0.00
2022,826,DEPT OF ENVIRONMENT PROTECTION,2004-02-23T00:00:00.000,WESTCHESTER,ELECTRICIAN,ACTIVE,440.16,per Day,1820,113967.63,282.5,26497.18,0.00
2022,826,DEPT OF ENVIRONMENT PROTECTION,2017-01-09T00:00:00.000,QUEENS,CUSTODIAN,ACTIVE,41895.00,per Annum,2080,41780.18,271.5,8219.80,650.16
2022,816,DEPT OF HEALTH/MENTAL HYGIENE,2004-03-15T00:00:00.000,BRONX,PUBLIC HEALTH NURSE,CEASED,34.00,per Hour,0,0.72,0,0.00,133.08
2022,816,DEPT OF HEALTH/MENTAL HYGIENE,2016-01-25T00:00:00.000,QUEENS,COMMUNITY COORDINATOR,ACTIVE,62215.00,per Annum,1820,62044.58,515.75,22378.55,998.66
2022,816,DEPT OF HEALTH/MENTAL HYGIENE,1995-07-12T00:00:00.000,BROOKLYN,PUBLIC HEALTH NURSE,ACTIVE,79039.00,per Annum,1820,78822.39,217.5,14754.34,23599.66
2022,816,DEPT OF HEALTH/MENTAL HYGIENE,1990-04-30T00:00:00.000,MANHATTAN,ASSOCIATE LABORATORY MICROBIOLOGIST,ON SEPARATION LEAVE,96614.00,per Annum,1820,106751.51,0,263.73,3793.55
2022,816,DEPT OF HEALTH/MENTAL HYGIENE,2008-11-24T00:00:00.000,MANHATTAN,SUPERVISING SPECIAL OFFICER,ACTIVE,55853.00,per Annum,2080,54200.45,1105.25,44186.42,2810.71
2022,816,DEPT OF HEALTH/MENTAL HYGIENE,2011-01-03T00:00:00.000,QUEENS,CITY RESEARCH SCIENTIST,ACTIVE,94533.00,per Annum,1820,94273.92,322.5,23398.32,4637.99
2022,816,DEPT OF HEALTH/MENTAL HYGIENE,2018-09-10T00:00:00.000,BROOKLYN,PUBLIC HEALTH ADVISER,ACTIVE,54228.00,per Annum,1820,54079.48,0,0.00,1433.19
2022,816,DEPT OF HEALTH/MENTAL HYGIENE,1987-08-09T00:00:00.000,MANHATTAN,CLERICAL ASSOCIATE,ACTIVE,42228.00,per Annum,1820,42112.20,0,0.00,5136.83
2022,816,DEPT OF HEALTH/MENTAL HYGIENE,2017-03-27T00:00:00.000,QUEENS,SPEC CONSULTANT,ACTIVE,89942.00,per Annum,1820,89695.58,0,0.00,2076.09
2022,816,DEPT OF HEALTH/MENTAL HYGIENE,1998-08-31T00:00:00.000,BRONX,PUBLIC HEALTH ADVISER,ACTIVE,24.63,per Hour,1646.75,40559.45,0,0.00,5847.10
2022,816,DEPT OF HEALTH/MENTAL HYGIENE,2017-07-17T00:00:00.000,MANHATTAN,PUBLIC HEALTH SANITARIAN,ACTIVE,62533.00,per Annum,2080,62361.78,0,0.00,3171.30
2022,816,DEPT OF HEALTH/MENTAL HYGIENE,2004-03-08T00:00:00.000,BRONX,ASSOCIATE PUBLIC HEALTH SANITARIAN,ACTIVE,69503.00,per Annum,2080,69312.62,0,0.00,11668.16
2022,816,DEPT OF HEALTH/MENTAL HYGIENE,1998-07-16T00:00:00.000,MANHATTAN,CRIMINALIST,CEASED,97874.00,per Annum,501.53,26896.96,0,0.00,2486.76
2022,816,DEPT OF HEALTH/MENTAL HYGIENE,2019-04-15T00:00:00.000,QUEENS,CITY RESEARCH SCIENTIST,CEASED,70554.00,per Annum,516.25,19957.97,15,772.35,26.08
2022,816,DEPT OF HEALTH/MENTAL HYGIENE,2007-08-27T00:00:00.000,QUEENS,JR PHNURSE,ACTIVE,34.73,per Hour,1369,48201.77,107,5187.00,22732.19
2022,816,DEPT OF HEALTH/MENTAL HYGIENE,2020-10-05T00:00:00.000,MANHATTAN,LABORATORY MICROBIOLOGIST,ACTIVE,64890.00,per Annum,1820,66022.18,0,0.00,0.00
2022,816,DEPT OF HEALTH/MENTAL HYGIENE,2019-08-19T00:00:00.000,BROOKLYN,CONSULTANT,ACTIVE,76408.00,per Annum,1820,71199.17,0,0.00,0.00
2022,816,DEPT OF HEALTH/MENTAL HYGIENE,2017-09-25T00:00:00.000,QUEENS,SPECIAL CONSULTANT,CEASED,75197.00,per Annum,490,20189.89,0,0.00,0.00
2022,816,DEPT OF HEALTH/MENTAL HYGIENE,1995-04-04T00:00:00.000,BRONX,COMMUNITY COORDINATOR,ACTIVE,73001.00,per Annum,1820,72801.04,69,3146.72,1346.10
2022,816,DEPT OF HEALTH/MENTAL HYGIENE,1998-06-01T00:00:00.000,MANHATTAN,ASSOCIATE PUBLIC HEALTH SANITARIAN,ACTIVE,84842.00,per Annum,2080,84609.46,12,844.58,16785.42
2022,816,DEPT OF HEALTH/MENTAL HYGIENE,2017-11-13T00:00:00.000,MANHATTAN,JR PHNURSE,ACTIVE,34.73,per Hour,1386,49458.97,3,109.08,18577.34
2022,816,DEPT OF HEALTH/MENTAL HYGIENE,2021-10-25T00:00:00.000,MANHATTAN,COMMUNITY ASSISTANT,ACTIVE,40159.00,per Annum,1360,26181.14,0,0.00,8.25
2022,816,DEPT OF HEALTH/MENTAL HYGIENE,1999-08-30T00:00:00.000,QUEENS,CITY RESEARCH SCIENTIST,ACTIVE,97138.00,per Annum,1820,96871.84,0,0.00,7347.51
2022,816,DEPT OF HEALTH/MENTAL HYGIENE,2020-11-02T00:00:00.000,MANHATTAN,CITY RESEARCH SCIENTIST,CEASED,108426.00,per Annum,35,2079.20,0,0.00,0.00
2022,816,DEPT OF HEALTH/MENTAL HYGIENE,2020-07-15T00:00:00.000,BROOKLYN,FORENSIC MORTUARY TECHNICIAN,CEASED,54276.00,per Annum,514.07,15288.40,16.75,512.45,0.00
2022,816,DEPT OF HEALTH/MENTAL HYGIENE,2014-10-27T00:00:00.000,MANHATTAN,ADMINISTRATIVE STAFF ANALYST,ACTIVE,97461.00,per Annum,1820,116770.57,0,0.00,2584.04
2022,816,DEPT OF HEALTH/MENTAL HYGIENE,1997-01-05T00:00:00.000,BROOKLYN,JR PHNURSE,ACTIVE,34.73,per Hour,1504,54754.38,11,487.19,31577.55
2022,816,DEPT OF HEALTH/MENTAL HYGIENE,2005-09-12T00:00:00.000,BROOKLYN,PUBLIC HEALTH NURSE,ACTIVE,35.02,per Hour,1640,62056.91,3.5,150.96,30699.78
2022,816,DEPT OF HEALTH/MENTAL HYGIENE,1997-09-15T00:00:00.000,QUEENS,ADM MANAGER-NON-MGRL,ACTIVE,90322.00,per Annum,1820,90074.65,70.25,4511.41,1764.36
2022,816,DEPT OF HEALTH/MENTAL HYGIENE,2017-11-13T00:00:00.000,QUEENS,PUBLIC HEALTH ADVISER,ACTIVE,24.62,per Hour,1743,42912.66,0,0.00,3587.75
2022,816,DEPT OF HEALTH/MENTAL HYGIENE,1993-12-30T00:00:00.000,QUEENS,MOTOR VEHICLE OPERATOR,ACTIVE,50044.00,per Annum,2080,49907.00,0,0.00,3291.87
2022,816,DEPT OF HEALTH/MENTAL HYGIENE,2016-08-08T00:00:00.000,MANHATTAN,POISON INFORMATION SPECIALIST,ACTIVE,98909.00,per Annum,1950,109972.97,143,10848.37,19635.68
2022,816,DEPT OF HEALTH/MENTAL HYGIENE,2016-10-31T00:00:00.000,QUEENS,PUBLIC HEALTH ASSISTANT,ACTIVE,21.83,per Hour,1764,38508.13,161,4695.60,3268.12
2022,816,DEPT OF HEALTH/MENTAL HYGIENE,1998-07-01T00:00:00.000,MANHATTAN,CHIEF CITY MEDICAL EXAMINER,CEASED,243171.00,per Annum,819,109126.55,0,0.00,205502.63
2022,816,DEPT OF HEALTH/MENTAL HYGIENE,2016-05-02T00:00:00.000,QUEENS,PUBLIC HEALTH EDUCATOR,ACTIVE,60573.00,per Annum,665,21739.79,3,99.46,0.00
2022,816,DEPT OF HEALTH/MENTAL HYGIENE,2017-03-06T00:00:00.000,MANHATTAN,CITY RESEARCH SCIENTIST,CEASED,86830.00,per Annum,0,6.91,0,0.00,7.24
2022,816,DEPT OF HEALTH/MENTAL HYGIENE,2011-08-29T00:00:00.000,BRONX,PUBLIC HEALTH NURSE,ACTIVE,79039.00,per Annum,1820,78822.39,0,0.00,9683.54
2022,816,DEPT OF HEALTH/MENTAL HYGIENE,1997-08-11T00:00:00.000,MANHATTAN,COMMUNITY COORDINATOR,ACTIVE,79023.00,per Annum,1820,78806.51,226,10864.50,1590.84
2022,816,DEPT OF HEALTH/MENTAL HYGIENE,2008-11-03T00:00:00.000,MANHATTAN,INSTITUTIONAL AIDE,ACTIVE,42988.00,per Annum,2080,39718.33,1676.75,48441.68,2925.44
2022,816,DEPT OF HEALTH/MENTAL HYGIENE,2016-05-31T00:00:00.000,QUEENS,HEALTH SERVICES MANAGER NON MANAGERIAL LEVEL I,ACTIVE,130563.00,per Annum,1820,136803.24,0,960.18,22.57
2022,816,DEPT OF HEALTH/MENTAL HYGIENE,1992-09-28T00:00:00.000,QUEENS,PUBLIC HEALTH EPIDEMIOLOGIST,ACTIVE,74544.00,per Annum,1820,74339.72,92.75,5308.51,5005.31
2022,816,DEPT OF HEALTH/MENTAL HYGIENE,1993-06-01T00:00:00.000,MANHATTAN,ASSOCIATE PUBLIC HEALTH SANITARIAN,ACTIVE,90190.00,per Annum,2080,89942.84,1.25,92.22,12476.62
2022,816,DEPT OF HEALTH/MENTAL HYGIENE,2015-11-16T00:00:00.000,QUEENS,GRAPHIC ARTIST,ACTIVE,91499.00,per Annum,1820,92162.48,0,0.00,1751.98
2022,816,DEPT OF HEALTH/MENTAL HYGIENE,1992-11-23T00:00:00.000,QUEENS,SECRETARY,ACTIVE,48937.00,per Annum,1820,48803.03,0,0.00,5136.83
2022,816,DEPT OF HEALTH/MENTAL HYGIENE,2016-06-20T00:00:00.000,MANHATTAN,PUBLIC HEALTH SANITARIAN,ACTIVE,62533.00,per Annum,2080,62361.78,0,0.00,3171.30
2022,816,DEPT OF HEALTH/MENTAL HYGIENE,2018-02-26T00:00:00.000,BROOKLYN,PUBLIC HEALTH NURSE,ACTIVE,35.02,per Hour,1666,61931.58,36,1782.92,20959.79
2022,816,DEPT OF HEALTH/MENTAL HYGIENE,2010-01-11T00:00:00.000,QUEENS,PUBLIC HEALTH NURSE,ACTIVE,35.02,per Hour,1463,52852.25,240.5,11655.04,25216.97
2022,816,DEPT OF HEALTH/MENTAL HYGIENE,2015-07-01T00:00:00.000,RICHMOND,CITY MEDICAL EXAMINER,CEASED,167824.00,per Annum,0,0.00,0,0.00,39.20
2022,816,DEPT OF HEALTH/MENTAL HYGIENE,2020-03-02T00:00:00.000,MANHATTAN,CRIMINALIST,ACTIVE,55098.00,per Annum,1820,54947.10,40.5,1361.39,1132.80
2022,816,DEPT OF HEALTH/MENTAL HYGIENE,2007-02-26T00:00:00.000,MANHATTAN,CRIMINALIST,ACTIVE,86520.00,per Annum,1820,86283.07,234.25,14676.43,13885.03
2022,816,DEPT OF HEALTH/MENTAL HYGIENE,2007-10-01T00:00:00.000,QUEENS,SUPERVISING PUBLIC HEALTH ADVISER,ACTIVE,35.52,per Hour,1743,61911.36,646,33752.89,6313.50
2022,816,DEPT OF HEALTH/MENTAL HYGIENE,2020-01-06T00:00:00.000,BROOKLYN,NURSE PRACTICIONER,ACTIVE,110240.00,per Annum,1792,102383.49,0,0.00,4837.20
2022,816,DEPT OF HEALTH/MENTAL HYGIENE,1997-11-28T00:00:00.000,MANHATTAN,ADMIN CONTRACT SPECIALIST,ACTIVE,152500.00,per Annum,1820,152082.31,0,0.00,2175.75
2022,816,DEPT OF HEALTH/MENTAL HYGIENE,2007-03-19T00:00:00.000,BROOKLYN,PUBLIC HEALTH ADVISER,ACTIVE,24.62,per Hour,1470,36191.44,0,0.00,4218.22
2022,816,DEPT OF HEALTH/MENTAL HYGIENE,2017-02-27T00:00:00.000,MANHATTAN,JR PHNURSE,CEASED,33.72,per Hour,0,0.00,0,0.00,4.22
2022,816,DEPT OF HEALTH/MENTAL HYGIENE,2011-02-28T00:00:00.000,QUEENS,HEALTH SERVICES MANAGER NON MANAGERIAL LEVEL II,ACTIVE,163450.00,per Annum,1820,171262.37,0,19.14,1514.65
2022,816,DEPT OF HEALTH/MENTAL HYGIENE,2013-01-22T00:00:00.000,QUEENS,CITY RESEARCH SCIENTIST,ACTIVE,104683.00,per Annum,1820,104396.24,0,0.00,2995.93
2022,816,DEPT OF HEALTH/MENTAL HYGIENE,2016-08-29T00:00:00.000,BRONX,CITY RESEARCH SCIENTIST,ACTIVE,97138.00,per Annum,1820,96871.84,15.75,983.77,1940.04
2022,816,DEPT OF HEALTH/MENTAL HYGIENE,2021-12-27T00:00:00.000,BRONX,PRINCIPAL ADMINISTRATIVE ASSOCIATE -  NON SUPVR,ACTIVE,55723.00,per Annum,840,26716.50,0,0.00,2075.20
2022,816,DEPT OF HEALTH/MENTAL HYGIENE,2015-08-24T00:00:00.000,BROOKLYN,ASSOCIATE LABORATORY MICROBIOLOGIST,CEASED,63368.00,per Annum,0,2387.15,0,0.00,0.00
2022,816,DEPT OF HEALTH/MENTAL HYGIENE,2007-05-29T00:00:00.000,QUEENS,LABORATORY ASSOCIATE,ACTIVE,52674.00,per Annum,1820,58639.98,26.75,929.13,815.62
2022,816,DEPT OF HEALTH/MENTAL HYGIENE,2016-05-09T00:00:00.000,QUEENS,SPEC CONSULTANT,ACTIVE,82086.00,per Annum,1820,81861.00,0,0.00,2555.67
2022,816,DEPT OF HEALTH/MENTAL HYGIENE,2012-06-04T00:00:00.000,QUEENS,MEDICOLEGAL INVESTIGATOR,CEASED,104683.00,per Annum,0,0.00,0,17.27,143.07
2022,816,DEPT OF HEALTH/MENTAL HYGIENE,2006-07-31T00:00:00.000,MANHATTAN,ADMINISTRATIVE SUPERVISOR OF BUILDING MAINTENANCE,ACTIVE,90493.00,per Annum,1820,90244.97,0,0.00,0.00
2022,816,DEPT OF HEALTH/MENTAL HYGIENE,2017-10-02T00:00:00.000,BRONX,PUBLIC HEALTH ASSISTANT,ON LEAVE,20.21,per Hour,651,13156.71,121.5,3457.90,710.36
2022,816,DEPT OF HEALTH/MENTAL HYGIENE,1985-05-28T00:00:00.000,QUEENS,COMMUNITY COORDINATOR,ACTIVE,82264.00,per Annum,1820,82038.58,0,0.00,1664.50
2022,816,DEPT OF HEALTH/MENTAL HYGIENE,1997-10-14T00:00:00.000,BROOKLYN,PUBLIC HEALTH NURSE,ACTIVE,35.02,per Hour,1193,43028.99,0,0.00,21726.96
2022,816,DEPT OF HEALTH/MENTAL HYGIENE,2007-06-11T00:00:00.000,QUEENS,ADMINISTRATIVE STAFF ANALYST,CEASED,97889.00,per Annum,0,9939.29,0,0.00,105.12
2022,816,DEPT OF HEALTH/MENTAL HYGIENE,2017-10-30T00:00:00.000,QUEENS,CONTRACT SPECIALIST,ACTIVE,65054.00,per Annum,1820,64875.72,4.75,169.13,8.90
2022,816,DEPT OF HEALTH/MENTAL HYGIENE,2015-07-20T00:00:00.000,QUEENS,PROCUREMENT ANALYST,ACTIVE,95000.00,per Annum,1820,79396.44,6.5,266.83,0.00
2022,816,DEPT OF HEALTH/MENTAL HYGIENE,2020-04-27T00:00:00.000,QUEENS,CITY RESEARCH SCIENTIST,ACTIVE,135000.00,per Annum,1820,134630.08,0,14.88,670.66
2022,816,DEPT OF HEALTH/MENTAL HYGIENE,1997-09-08T00:00:00.000,QUEENS,SUPERVISING PUBLIC HEALTH ADVISER,ACTIVE,62410.00,per Annum,1820,61999.68,0,0.00,5603.98
2022,816,DEPT OF HEALTH/MENTAL HYGIENE,2021-11-01T00:00:00.000,QUEENS,CLERICAL ASSOCIATE,ACTIVE,55000.00,per Annum,1155,34808.23,0,0.00,0.00
2022,816,DEPT OF HEALTH/MENTAL HYGIENE,2006-09-11T00:00:00.000,BROOKLYN,MOTOR VEHICLE OPERATOR,ACTIVE,49927.00,per Annum,2080,49790.26,124.5,5193.00,10697.93
2022,816,DEPT OF HEALTH/MENTAL HYGIENE,2016-10-03T00:00:00.000,QUEENS,IT PROJECT SPECIALIST,ACTIVE,52.93,per Hour,1743,92256.99,0,0.00,4075.61
2022,816,DEPT OF HEALTH/MENTAL HYGIENE,2016-08-01T00:00:00.000,QUEENS,COMMUNITY COORDINATOR,ACTIVE,73381.00,per Annum,1820,73179.86,0,0.00,0.00
2022,816,DEPT OF HEALTH/MENTAL HYGIENE,2019-12-09T00:00:00.000,MANHATTAN,CITY RESEARCH SCIENTIST,ACTIVE,86830.00,per Annum,1706.85,67285.11,52,2213.23,2660.78
2022,816,DEPT OF HEALTH/MENTAL HYGIENE,2004-11-01T00:00:00.000,MANHATTAN,PUBLIC HEALTH SANITARIAN,ACTIVE,62533.00,per Annum,2080,62361.78,85.75,4471.25,9443.06
2022,816,DEPT OF HEALTH/MENTAL HYGIENE,2017-01-09T00:00:00.000,QUEENS,COMMUNITY COORDINATOR,ACTIVE,72711.00,per Annum,1820,72511.91,0,0.00,0.00
2022,816,DEPT OF HEALTH/MENTAL HYGIENE,2016-10-24T00:00:00.000,QUEENS,PUBLIC HEALTH EMERGENCY PREPAREDNESS SPECIALIST,ACTIVE,90317.00,per Annum,1820,90069.46,68.5,4362.60,1754.92
2022,816,DEPT OF HEALTH/MENTAL HYGIENE,2021-09-20T00:00:00.000,MANHATTAN,JR PHNURSE,CEASED,34.73,per Hour,231,8022.63,0,0.00,2878.32
2022,816,DEPT OF HEALTH/MENTAL HYGIENE,2022-04-18T00:00:00.000,QUEENS,COLLEGE AIDE,CEASED,19.90,per Hour,16.5,328.35,0,0.00,0.00
2022,816,DEPT OF HEALTH/MENTAL HYGIENE,2021-02-22T00:00:00.000,RICHMOND,JR PHNURSE,ACTIVE,34.73,per Hour,1659,60550.78,388,18177.09,13173.56
2022,816,DEPT OF HEALTH/MENTAL HYGIENE,2018-04-23T00:00:00.000,MANHATTAN,COMMUNITY COORDINATOR,ACTIVE,73722.00,per Annum,1820,73519.94,0,0.00,99.25
2022,816,DEPT OF HEALTH/MENTAL HYGIENE,2018-09-10T00:00:00.000,MANHATTAN,PUBLIC HEALTH NURSE,ON LEAVE,35.02,per Hour,231,8189.44,0,0.00,9711.78
2022,816,DEPT OF HEALTH/MENTAL HYGIENE,2006-09-05T00:00:00.000,QUEENS,SUPERVISING PUBLIC HEALTH ADVISER,ACTIVE,62410.00,per Annum,1820,62239.06,0,0.00,4619.07
2022,816,DEPT OF HEALTH/MENTAL HYGIENE,2018-09-04T00:00:00.000,MANHATTAN,MEDICOLEGAL INVESTIGATOR,ACTIVE,81000.00,per Annum,1935,77902.17,106.07,5586.31,1401.49
2022,816,DEPT OF HEALTH/MENTAL HYGIENE,2017-10-30T00:00:00.000,QUEENS,COMMUNITY COORDINATOR,ACTIVE,68457.00,per Annum,1820,68269.50,374.75,18102.49,2319.26
2022,816,DEPT OF HEALTH/MENTAL HYGIENE,2001-01-02T00:00:00.000,QUEENS,JR PHNURSE,ACTIVE,34.73,per Hour,1490,54303.41,0,0.00,29954.66
2022,816,DEPT OF HEALTH/MENTAL HYGIENE,2004-10-12T00:00:00.000,BRONX,PUBLIC HEALTH NURSE,CEASED,35.02,per Hour,0,0.66,0,0.32,17.51
2022,816,DEPT OF HEALTH/MENTAL HYGIENE,2017-09-11T00:00:00.000,BRONX,JR PHNURSE,ACTIVE,34.73,per Hour,1026.25,37704.58,0,0.00,17028.66
2022,816,DEPT OF HEALTH/MENTAL HYGIENE,2016-02-01T00:00:00.000,MANHATTAN,DIRECTOR,ACTIVE,206494.00,per Annum,1820,190674.12,0,0.00,3662.80
2022,816,DEPT OF HEALTH/MENTAL HYGIENE,2015-05-26T00:00:00.000,QUEENS,COMPUTER SYSTEMS MANAGER,CEASED,107072.00,per Annum,1540,90351.14,53.75,4117.04,55.13
2022,816,DEPT OF HEALTH/MENTAL HYGIENE,2021-12-13T00:00:00.000,QUEENS,AGENCY ATTORNEY,ACTIVE,76000.00,per Annum,945,39353.44,0,0.00,1594.99
2022,816,DEPT OF HEALTH/MENTAL HYGIENE,2019-09-09T00:00:00.000,MANHATTAN,PUBLIC HEALTH NURSE,ACTIVE,35.02,per Hour,1105.13,39349.69,0,0.00,15214.22
2022,816,DEPT OF HEALTH/MENTAL HYGIENE,2020-05-26T00:00:00.000,MANHATTAN,LABORATORY ASSOCIATE,CEASED,52545.00,per Annum,1758,54063.15,1,53.07,74.24
2022,816,DEPT OF HEALTH/MENTAL HYGIENE,2020-10-13T00:00:00.000,QUEENS,CITY RESEARCH SCIENTIST,ON LEAVE,100000.00,per Annum,1470,80548.02,0,0.00,207.57
2022,816,DEPT OF HEALTH/MENTAL HYGIENE,2017-02-27T00:00:00.000,QUEENS,PUBLIC HEALTH NURSE,ACTIVE,35.02,per Hour,1498,54302.32,0,0.00,22380.46
2022,816,DEPT OF HEALTH/MENTAL HYGIENE,2003-07-14T00:00:00.000,MANHATTAN,ASSOCIATE CHEMIST,ACTIVE,69045.00,per Annum,1820,68855.80,0,0.00,4396.03
2022,816,DEPT OF HEALTH/MENTAL HYGIENE,2019-04-15T00:00:00.000,QUEENS,CITY RESEARCH SCIENTIST,CEASED,86830.00,per Annum,1074.75,51134.47,88.5,5391.32,193.90
2022,816,DEPT OF HEALTH/MENTAL HYGIENE,2016-05-09T00:00:00.000,QUEENS,CLERICAL ASSOCIATE,ACTIVE,47347.00,per Annum,1820,46061.18,17,527.04,1847.58
2022,816,DEPT OF HEALTH/MENTAL HYGIENE,1997-09-29T00:00:00.000,QUEENS,PUBLIC HEALTH EPIDEMIOLOGIST,ACTIVE,65824.00,per Annum,1820,65643.76,20.25,982.70,6317.12
2022,816,DEPT OF HEALTH/MENTAL HYGIENE,2014-09-02T00:00:00.000,MANHATTAN,PUBLIC HEALTH NURSE,ACTIVE,35.02,per Hour,1670,62648.01,354.5,16825.94,26892.94
2022,816,DEPT OF HEALTH/MENTAL HYGIENE,1996-05-19T00:00:00.000,QUEENS,PRINCIPAL ADMINISTRATIVE ASSOCIATE -  NON SUPVR,ACTIVE,68775.00,per Annum,1820,67419.91,0,0.00,4341.22
2022,816,DEPT OF HEALTH/MENTAL HYGIENE,1968-01-29T00:00:00.000,MANHATTAN,ADMINISTRATIVE PROCUREMENT ANALYST-NON-MGRL,CEASED,83433.00,per Annum,1015,46402.33,0,0.00,175.14
2022,816,DEPT OF HEALTH/MENTAL HYGIENE,2013-10-28T00:00:00.000,QUEENS,PUBLIC HEALTH NURSE,ACTIVE,35.02,per Hour,1379,50049.68,21.25,848.44,21476.54
2022,816,DEPT OF HEALTH/MENTAL HYGIENE,2021-09-21T00:00:00.000,MANHATTAN,CUSTOMER INFORMATION REPRESENTATIVE MA L 1549,ACTIVE,20.48,per Hour,1110.9,22751.23,50.75,1145.35,1890.57
2022,816,DEPT OF HEALTH/MENTAL HYGIENE,2020-04-06T00:00:00.000,MANHATTAN,CRIMINALIST,ACTIVE,70349.00,per Annum,1820,70149.90,105.5,4751.08,1789.31
2022,816,DEPT OF HEALTH/MENTAL HYGIENE,2017-12-18T00:00:00.000,QUEENS,PUBLIC HEALTH ADVISER,ACTIVE,54228.00,per Annum,1820,51119.58,0,0.00,1759.33
2022,816,DEPT OF HEALTH/MENTAL HYGIENE,2018-09-10T00:00:00.000,QUEENS,PUBLIC HEALTH NURSE,CEASED,76716.00,per Annum,634.75,26682.42,0,0.00,264.34
2022,816,DEPT OF HEALTH/MENTAL HYGIENE,2019-07-08T00:00:00.000,MANHATTAN,ASSOCIATE LABORATORY MICROBIOLOGIST,ACTIVE,70000.00,per Annum,1820,73274.42,3.5,134.09,8.75
2022,816,DEPT OF HEALTH/MENTAL HYGIENE,1986-09-28T00:00:00.000,BROOKLYN,PUBLIC HEALTH ASSISTANT,CEASED,45282.00,per Annum,0,0.00,0,0.00,65.43
2022,816,DEPT OF HEALTH/MENTAL HYGIENE,2000-10-30T00:00:00.000,MANHATTAN,ADM MANAGER-NON-MGRL,ACTIVE,83713.00,per Annum,1820,83483.66,6,300.56,780.87
2022,816,DEPT OF HEALTH/MENTAL HYGIENE,2007-03-12T00:00:00.000,QUEENS,ADMINISTRATIVE STAFF ANALYST,ACTIVE,130000.00,per Annum,1775,143559.68,37.5,2769.14,1926.12
2022,816,DEPT OF HEALTH/MENTAL HYGIENE,2008-03-10T00:00:00.000,BROOKLYN,SR HEALTHCARE PROG PLAN ANLYST,CEASED,69710.00,per Annum,0,11699.01,0,0.00,93.98
2022,816,DEPT OF HEALTH/MENTAL HYGIENE,2022-03-01T00:00:00.000,MANHATTAN,COLLEGE AIDE,ACTIVE,16.35,per Hour,190.2,3109.83,0,0.00,0.00
2022,816,DEPT OF HEALTH/MENTAL HYGIENE,2010-06-28T00:00:00.000,MANHATTAN,CITY RESEARCH SCIENTIST,ACTIVE,108426.00,per Annum,1820,108129.05,116,9850.43,13764.46
2022,816,DEPT OF HEALTH/MENTAL HYGIENE,2006-12-11T00:00:00.000,QUEENS,ADMIN COMMUNITY RELATIONS SPECIALIST,ACTIVE,69826.00,per Annum,1820,77174.60,5,200.79,520.60
2022,816,DEPT OF HEALTH/MENTAL HYGIENE,2022-04-18T00:00:00.000,MANHATTAN,PUBLIC HEALTH SANITARIAN,ACTIVE,45722.00,per Annum,360,7716.37,0,0.00,0.00
2022,816,DEPT OF HEALTH/MENTAL HYGIENE,2007-07-23T00:00:00.000,QUEENS,PUBLIC HEALTH ADVISER,ACTIVE,54228.00,per Annum,1820,53448.05,9,283.98,3498.81
2022,816,DEPT OF HEALTH/MENTAL HYGIENE,2022-01-31T00:00:00.000,QUEENS,CITY RESEARCH SCIENTIST,ACTIVE,75504.00,per Annum,700,28960.40,0,0.00,0.00
2022,816,DEPT OF HEALTH/MENTAL HYGIENE,2016-08-15T00:00:00.000,QUEENS,LABORATORY ASSOCIATE,CEASED,48696.00,per Annum,644.75,21952.32,3,105.31,381.28
2022,816,DEPT OF HEALTH/MENTAL HYGIENE,2009-06-29T00:00:00.000,QUEENS,HEALTH SERVICES MANAGER NON MANAGERIAL LEVEL II,ACTIVE,129219.00,per Annum,1799,133663.75,152.5,13563.99,1909.53
2022,816,DEPT OF HEALTH/MENTAL HYGIENE,2018-10-29T00:00:00.000,MANHATTAN,PUBLIC HEALTH SANITARIAN,ACTIVE,62533.00,per Annum,2080,62361.78,0,0.00,8391.78
2022,816,DEPT OF HEALTH/MENTAL HYGIENE,2018-09-10T00:00:00.000,BRONX,PUBLIC HEALTH NURSE,ACTIVE,35.02,per Hour,1372,48929.98,0,0.00,16193.92
2022,816,DEPT OF HEALTH/MENTAL HYGIENE,2006-02-06T00:00:00.000,QUEENS,CONTRACT SPECIALIST,ACTIVE,78966.00,per Annum,1820,78749.59,0,0.00,1320.58
2022,816,DEPT OF HEALTH/MENTAL HYGIENE,2016-10-03T00:00:00.000,QUEENS,PUBLIC HEALTH ADVISER,ACTIVE,44960.00,per Annum,1820,44836.74,0,0.00,2887.13
2022,816,DEPT OF HEALTH/MENTAL HYGIENE,2015-04-06T00:00:00.000,QUEENS,COMMUNITY COORDINATOR,ACTIVE,70000.00,per Annum,1820,66085.58,378.75,17925.95,1099.16
2022,816,DEPT OF HEALTH/MENTAL HYGIENE,2019-02-04T00:00:00.000,RICHMOND,PUBLIC HEALTH NURSE,ACTIVE,35.02,per Hour,1603,58631.25,54,2458.30,21800.61
2022,816,DEPT OF HEALTH/MENTAL HYGIENE,2008-03-03T00:00:00.000,QUEENS,COMPUTER SYSTEMS MANAGER,ACTIVE,113077.00,per Annum,1820,107305.61,114.75,8736.83,161.53
2022,816,DEPT OF HEALTH/MENTAL HYGIENE,2018-12-03T00:00:00.000,MANHATTAN,PUBLIC HEALTH SANITARIAN,ACTIVE,62533.00,per Annum,2080,62361.78,151,7100.15,4130.39
2022,816,DEPT OF HEALTH/MENTAL HYGIENE,2018-05-29T00:00:00.000,QUEENS,COLLEGE AIDE,CEASED,17.30,per Hour,272.75,4718.59,0,0.00,0.00
2022,816,DEPT OF HEALTH/MENTAL HYGIENE,1994-12-05T00:00:00.000,BROOKLYN,SUPERVISING PUBLIC HEALTH ADVISER,ACTIVE,62472.00,per Annum,1820,62300.94,0,0.00,5625.62
2022,816,DEPT OF HEALTH/MENTAL HYGIENE,2018-02-26T00:00:00.000,BROOKLYN,PUBLIC HEALTH NURSE,ACTIVE,35.02,per Hour,1386,50029.63,106,4713.84,20995.76
2022,816,DEPT OF HEALTH/MENTAL HYGIENE,2015-01-05T00:00:00.000,MANHATTAN,JR PHNURSE,CEASED,34.73,per Hour,0,0.00,0,-1.71,-10.50
2022,816,DEPT OF HEALTH/MENTAL HYGIENE,2007-10-01T00:00:00.000,QUEENS,HEALTH SERVICES MANAGER,ACTIVE,112282.00,per Annum,1820,106579.52,0,0.00,0.00
2022,816,DEPT OF HEALTH/MENTAL HYGIENE,2013-01-07T00:00:00.000,MANHATTAN,CRIMINALIST,ACTIVE,86520.00,per Annum,1820,86283.07,81,4725.38,3551.87
2022,816,DEPT OF HEALTH/MENTAL HYGIENE,2018-02-26T00:00:00.000,MANHATTAN,PUBLIC HEALTH NURSE,ACTIVE,35.02,per Hour,1386,49518.32,19,711.93,18459.40
2022,816,DEPT OF HEALTH/MENTAL HYGIENE,2018-07-16T00:00:00.000,BROOKLYN,COMMUNITY ASSISTANT,CEASED,42191.00,per Annum,880,17801.09,14,424.32,0.00
2022,816,DEPT OF HEALTH/MENTAL HYGIENE,2016-02-01T00:00:00.000,QUEENS,CITY RESEARCH SCIENTIST,CEASED,105289.00,per Annum,560,32307.84,0,0.00,761.23
2022,816,DEPT OF HEALTH/MENTAL HYGIENE,2009-08-31T00:00:00.000,QUEENS,PUBLIC HEALTH ADVISER,ACTIVE,24.62,per Hour,1673,41189.31,6.5,169.39,4415.82
2022,816,DEPT OF HEALTH/MENTAL HYGIENE,2020-03-09T00:00:00.000,BROOKLYN,COMMUNITY COORDINATOR,ACTIVE,83981.00,per Annum,1820,83750.93,4.5,310.27,883.50
2022,816,DEPT OF HEALTH/MENTAL HYGIENE,2006-10-16T00:00:00.000,QUEENS,HEALTH SERVICES MANAGER NON MANAGERIAL LEVEL I,ACTIVE,126979.00,per Annum,1820,132585.38,36,3542.72,29.31
2022,816,DEPT OF HEALTH/MENTAL HYGIENE,2016-07-18T00:00:00.000,QUEENS,ADMINISTRATIVE PUBLIC HEALTH NURSE,ACTIVE,117186.00,per Annum,1820,116865.05,0,0.00,15638.16
2022,816,DEPT OF HEALTH/MENTAL HYGIENE,2000-05-01T00:00:00.000,MANHATTAN,FORENSIC MORTUARY TECHNICIAN,ON LEAVE,56936.00,per Annum,777,24022.33,72,2682.47,2267.43
2022,816,DEPT OF HEALTH/MENTAL HYGIENE,2022-03-21T00:00:00.000,MANHATTAN,CITY SEASONAL AIDE,ACTIVE,19.33,per Hour,449.38,8686.60,0,0.00,0.00
2022,816,DEPT OF HEALTH/MENTAL HYGIENE,2019-11-04T00:00:00.000,QUEENS,CITY RESEARCH SCIENTIST,ACTIVE,115000.00,per Annum,1470,99917.80,0,3.51,260.60
2022,816,DEPT OF HEALTH/MENTAL HYGIENE,2017-01-23T00:00:00.000,QUEENS,COMMUNITY COORDINATOR,ACTIVE,67094.00,per Annum,1820,66910.22,0,0.00,0.00
2022,816,DEPT OF HEALTH/MENTAL HYGIENE,2017-04-03T00:00:00.000,QUEENS,CITY RESEARCH SCIENTIST,ACTIVE,86830.00,per Annum,1820,86592.21,12.25,658.56,748.14
2022,816,DEPT OF HEALTH/MENTAL HYGIENE,2013-01-07T00:00:00.000,MANHATTAN,CRIMINALIST,CEASED,86520.00,per Annum,420,19911.47,0,0.00,669.71
2022,816,DEPT OF HEALTH/MENTAL HYGIENE,2018-07-02T00:00:00.000,QUEENS,CITY MEDICAL EXAMINER,ACTIVE,203102.00,per Annum,2080,202627.76,266.75,25949.52,35311.79
2022,816,DEPT OF HEALTH/MENTAL HYGIENE,1998-08-31T00:00:00.000,BROOKLYN,JR PHNURSE,CEASED,34.73,per Hour,351.62,14653.88,0,0.00,4749.16
2022,816,DEPT OF HEALTH/MENTAL HYGIENE,2020-11-09T00:00:00.000,QUEENS,JR PHNURSE,ACTIVE,34.73,per Hour,1344,47260.56,0,0.00,12308.51
2022,816,DEPT OF HEALTH/MENTAL HYGIENE,2018-06-04T00:00:00.000,QUEENS,SOCIAL WORKER,ACTIVE,68457.00,per Annum,1820,68269.50,1301.75,73022.90,5188.24
2022,816,DEPT OF HEALTH/MENTAL HYGIENE,2014-10-14T00:00:00.000,MANHATTAN,EXECUTIVE AGENCY COUNSEL,CEASED,195693.00,per Annum,1820,195156.79,0,0.00,4123.90
2022,816,DEPT OF HEALTH/MENTAL HYGIENE,2016-04-25T00:00:00.000,MANHATTAN,POISON INFORMATION SPECIALIST,CEASED,93666.00,per Annum,0,1344.19,0,3.76,46.62
2022,816,DEPT OF HEALTH/MENTAL HYGIENE,2017-08-28T00:00:00.000,QUEENS,CITY RESEARCH SCIENTIST,ACTIVE,86830.00,per Annum,1820,83876.77,0,0.00,626.26
2022,816,DEPT OF HEALTH/MENTAL HYGIENE,2016-02-08T00:00:00.000,MANHATTAN,PUBLIC HEALTH SANITARIAN,ACTIVE,62533.00,per Annum,2083.43,29844.72,0,0.00,2361.53
2022,816,DEPT OF HEALTH/MENTAL HYGIENE,2011-02-14T00:00:00.000,QUEENS,HEALTH SERVICES MANAGER NON MANAGERIAL LEVEL II,ACTIVE,130654.00,per Annum,1820,136897.38,0,0.00,500.00
2022,816,DEPT OF HEALTH/MENTAL HYGIENE,2002-07-01T00:00:00.000,QUEENS,SPEC CONSULTANT,ACTIVE,45.79,per Hour,1092,50002.68,0,0.00,480.48
2022,816,DEPT OF HEALTH/MENTAL HYGIENE,2001-04-30T00:00:00.000,QUEENS,CONSULTANT,ACTIVE,76469.00,per Annum,1820,76259.56,0,0.00,4246.32
2022,816,DEPT OF HEALTH/MENTAL HYGIENE,2000-05-22T00:00:00.000,QUEENS,CITY RESEARCH SCIENTIST,ACTIVE,115053.00,per Annum,1820,114737.74,0,0.00,8226.40
2022,816,DEPT OF HEALTH/MENTAL HYGIENE,2016-03-07T00:00:00.000,QUEENS,NURSE PRACTICIONER,CEASED,109551.00,per Annum,770,42439.76,0,0.00,467.62
2022,816,DEPT OF HEALTH/MENTAL HYGIENE,2021-09-20T00:00:00.000,MANHATTAN,CITY SEASONAL AIDE,CEASED,19.33,per Hour,647.9,12523.91,0,0.00,0.00
2022,816,DEPT OF HEALTH/MENTAL HYGIENE,2011-05-16T00:00:00.000,QUEENS,CASEWORKER,ACTIVE,65920.00,per Annum,1820,65739.44,0,0.00,4051.34
2022,816,DEPT OF HEALTH/MENTAL HYGIENE,2021-07-06T00:00:00.000,MANHATTAN,CITY MORTUARY TECHNICIAN,ACTIVE,38811.00,per Annum,1687.47,35865.50,1058,31209.06,1900.95
2022,816,DEPT OF HEALTH/MENTAL HYGIENE,2021-02-22T00:00:00.000,QUEENS,JR PHNURSE,ACTIVE,34.73,per Hour,1343,47420.31,169.25,6533.65,9322.30
2022,816,DEPT OF HEALTH/MENTAL HYGIENE,2021-02-22T00:00:00.000,MANHATTAN,JR PHNURSE,CEASED,34.73,per Hour,282.72,10275.20,0,0.00,5754.63
2022,816,DEPT OF HEALTH/MENTAL HYGIENE,1997-10-20T00:00:00.000,BROOKLYN,PUBLIC HEALTH ADVISER,ACTIVE,24.63,per Hour,1162,28620.07,0,0.00,3710.08
2022,816,DEPT OF HEALTH/MENTAL HYGIENE,2019-08-12T00:00:00.000,QUEENS,ACCOUNTANT,ACTIVE,61800.00,per Annum,1820,61630.67,0,0.00,41.75
2022,816,DEPT OF HEALTH/MENTAL HYGIENE,2012-03-12T00:00:00.000,QUEENS,CITY RESEARCH SCIENTIST,ACTIVE,93490.00,per Annum,1820,93233.92,42,2669.29,4089.63
2022,816,DEPT OF HEALTH/MENTAL HYGIENE,1997-09-22T00:00:00.000,QUEENS,CITY MEDICAL SPECIALIST,CEASED,99.59,per Hour,627.83,65665.47,0,0.00,7092.50
2022,816,DEPT OF HEALTH/MENTAL HYGIENE,2021-01-19T00:00:00.000,QUEENS,CITY RESEARCH SCIENTIST,ACTIVE,70554.00,per Annum,1820,66617.67,20,984.74,0.00
2022,816,DEPT OF HEALTH/MENTAL HYGIENE,2020-02-24T00:00:00.000,BROOKLYN,PUBLIC HEALTH NURSE,ACTIVE,35.02,per Hour,1369.5,49350.32,1.25,44.70,24714.44
2022,816,DEPT OF HEALTH/MENTAL HYGIENE,2006-06-19T00:00:00.000,MANHATTAN,PUBLIC RECORDS AIDE,ACTIVE,41848.00,per Annum,1820,41733.38,5.5,141.08,9177.88
2022,816,DEPT OF HEALTH/MENTAL HYGIENE,2022-02-28T00:00:00.000,MANHATTAN,CRIMINALIST,ACTIVE,70349.00,per Annum,560,21586.56,0,0.00,375.43
2022,816,DEPT OF HEALTH/MENTAL HYGIENE,2018-04-09T00:00:00.000,MANHATTAN,LABORATORY MICROBIOLOGIST,ACTIVE,67550.00,per Annum,1820,74442.22,8.25,567.96,4.48
2022,816,DEPT OF HEALTH/MENTAL HYGIENE,2019-09-23T00:00:00.000,MANHATTAN,PUBLIC HEALTH SANITARIAN,ACTIVE,52580.00,per Annum,2080,50651.04,0,0.00,1797.96
2022,816,DEPT OF HEALTH/MENTAL HYGIENE,2021-02-08T00:00:00.000,QUEENS,COMPUTER SPECIALIST,ACTIVE,97623.00,per Annum,1820,97355.44,0,0.00,0.00
2022,816,DEPT OF HEALTH/MENTAL HYGIENE,1995-06-04T00:00:00.000,QUEENS,CERTIFIED IT ADMINISTRATOR,ACTIVE,106155.00,per Annum,1820,105864.20,0,0.00,6088.56
2022,816,DEPT OF HEALTH/MENTAL HYGIENE,2016-10-17T00:00:00.000,MANHATTAN,PUBLIC HEALTH SANITARIAN,CEASED,62533.00,per Annum,880,26383.83,8,377.92,1360.68
2022,816,DEPT OF HEALTH/MENTAL HYGIENE,2003-01-21T00:00:00.000,MANHATTAN,PUBLIC HEALTH SANITARIAN,ACTIVE,62557.00,per Annum,2080,62385.70,164.5,8693.44,11136.45
2022,816,DEPT OF HEALTH/MENTAL HYGIENE,1983-09-19T00:00:00.000,BROOKLYN,CITY MEDICAL SPECIALIST,ACTIVE,84.86,per Hour,1834,155685.32,0,0.00,23536.64
2022,816,DEPT OF HEALTH/MENTAL HYGIENE,2019-03-04T00:00:00.000,QUEENS,PUBLIC HEALTH ADVISER,ACTIVE,54228.00,per Annum,1820,54079.48,0,0.78,982.31
2022,816,DEPT OF HEALTH/MENTAL HYGIENE,2019-04-08T00:00:00.000,MANHATTAN,COMMUNITY COORDINATOR,ACTIVE,83981.00,per Annum,1820,83750.93,0,0.00,0.00
2022,816,DEPT OF HEALTH/MENTAL HYGIENE,2020-03-09T00:00:00.000,QUEENS,SPECIAL OFFICER,ACTIVE,34834.00,per Annum,2080,34738.60,628.75,15974.56,3294.17
2022,816,DEPT OF HEALTH/MENTAL HYGIENE,2017-10-30T00:00:00.000,QUEENS,CITY RESEARCH SCIENTIST,ACTIVE,106090.00,per Annum,1820,105799.45,0,7.57,1140.10
2022,816,DEPT OF HEALTH/MENTAL HYGIENE,2007-09-17T00:00:00.000,MANHATTAN,CRIMINALIST,ACTIVE,86520.00,per Annum,1463,69358.30,125.5,7279.68,6289.02
2022,816,DEPT OF HEALTH/MENTAL HYGIENE,1981-07-06T00:00:00.000,QUEENS,ASSOCIATE PUBLIC HEALTH SANITARIAN,CEASED,69910.00,per Annum,0,0.00,0,0.00,4.42
2022,816,DEPT OF HEALTH/MENTAL HYGIENE,2021-09-20T00:00:00.000,QUEENS,PUBLIC HEALTH ADVISER,ON LEAVE,21.41,per Hour,923.75,19777.49,0,0.00,605.12
2022,816,DEPT OF HEALTH/MENTAL HYGIENE,2016-04-04T00:00:00.000,QUEENS,CLERICAL ASSOCIATE,ACTIVE,46104.00,per Annum,1820,45977.63,0,0.00,5136.83
2022,816,DEPT OF HEALTH/MENTAL HYGIENE,2019-02-11T00:00:00.000,QUEENS,MOTOR VEHICLE OPERATOR,ACTIVE,23.50,per Hour,1992,46812.00,30,1090.41,3277.90
2022,816,DEPT OF HEALTH/MENTAL HYGIENE,2005-04-25T00:00:00.000,QUEENS,COMPUTER AIDE-NON-SPVR,ACTIVE,50000.00,per Annum,1820,49863.06,0,0.00,5770.18
2022,816,DEPT OF HEALTH/MENTAL HYGIENE,2019-03-04T00:00:00.000,QUEENS,COMMUNITY ASSISTANT,ACTIVE,20.47,per Hour,2064,42079.55,0,0.00,825.44
2022,816,DEPT OF HEALTH/MENTAL HYGIENE,2016-06-06T00:00:00.000,QUEENS,SPEC CONSULTANT,ACTIVE,82086.00,per Annum,1820,73179.41,20.5,946.87,2458.68
2022,816,DEPT OF HEALTH/MENTAL HYGIENE,2014-08-11T00:00:00.000,QUEENS,SPECIAL CONSULTANT,CEASED,69152.00,per Annum,700,26524.09,0,0.00,948.11
2022,816,DEPT OF HEALTH/MENTAL HYGIENE,2021-10-25T00:00:00.000,QUEENS,CITY MEDICAL SPECIALIST,ACTIVE,79.23,per Hour,660,52291.84,0,0.00,0.00
2022,816,DEPT OF HEALTH/MENTAL HYGIENE,2008-06-02T00:00:00.000,MANHATTAN,PRINCIPAL ADMINISTRATIVE ASSOCIATE -  NON SUPVR,ACTIVE,29.85,per Hour,1743,52028.55,0,0.00,3443.45
2022,816,DEPT OF HEALTH/MENTAL HYGIENE,2016-05-02T00:00:00.000,MANHATTAN,CRIMINALIST,CEASED,86520.00,per Annum,58.63,2779.47,0,0.00,24.26
2022,816,DEPT OF HEALTH/MENTAL HYGIENE,2021-10-04T00:00:00.000,MANHATTAN,CRIMINALIST,ACTIVE,55098.00,per Annum,1295,39096.97,127.75,4561.46,459.15
2022,816,DEPT OF HEALTH/MENTAL HYGIENE,2016-03-21T00:00:00.000,BROOKLYN,SUPERVISING PUBLIC HEALTH ADVISER,ACTIVE,75000.00,per Annum,1820,70213.84,0,0.00,3855.91
2022,816,DEPT OF HEALTH/MENTAL HYGIENE,2015-02-09T00:00:00.000,QUEENS,STATISTICIAN,ACTIVE,58593.00,per Annum,1820,58432.41,1.5,51.97,4696.11
2022,816,DEPT OF HEALTH/MENTAL HYGIENE,2007-08-27T00:00:00.000,MANHATTAN,JR PHNURSE,CEASED,34.73,per Hour,0,-2.74,0,0.00,-63.03
2022,816,DEPT OF HEALTH/MENTAL HYGIENE,2021-04-26T00:00:00.000,MANHATTAN,PUBLIC HEALTH SANITARIAN,ACTIVE,45722.00,per Annum,2000,42905.87,0,0.00,0.00
2022,816,DEPT OF HEALTH/MENTAL HYGIENE,2016-09-26T00:00:00.000,QUEENS,SPECIAL CONSULTANT,ACTIVE,69152.00,per Annum,1820,68962.65,0,0.00,2614.28
2022,816,DEPT OF HEALTH/MENTAL HYGIENE,1998-04-06T00:00:00.000,QUEENS,PRINCIPAL ADMINISTRATIVE ASSOCIATE -  NON SUPVR,ACTIVE,66904.00,per Annum,1820,66720.68,0,0.00,5261.73
2022,816,DEPT OF HEALTH/MENTAL HYGIENE,2019-03-18T00:00:00.000,MANHATTAN,CITY RESEARCH SCIENTIST,ACTIVE,97138.00,per Annum,1820,96871.84,0,0.00,373.54
2022,816,DEPT OF HEALTH/MENTAL HYGIENE,2010-08-02T00:00:00.000,MANHATTAN,STATIONARY ENGINEER,ACTIVE,508.80,per Day,2080,132288.00,1393.25,141037.24,35969.18
2022,816,DEPT OF HEALTH/MENTAL HYGIENE,2019-09-09T00:00:00.000,QUEENS,PUBLIC HEALTH NURSE,ACTIVE,35.02,per Hour,1308,46653.68,1,36.58,13458.88
2022,816,DEPT OF HEALTH/MENTAL HYGIENE,2017-09-11T00:00:00.000,MANHATTAN,PUBLIC HEALTH NURSE,CEASED,35.02,per Hour,0,0.00,0,1.15,99.76
2022,816,DEPT OF HEALTH/MENTAL HYGIENE,2003-11-24T00:00:00.000,MANHATTAN,PROCUREMENT ANALYST,ACTIVE,85935.00,per Annum,1820,83357.93,4,188.80,-340.86
2022,816,DEPT OF HEALTH/MENTAL HYGIENE,2016-04-04T00:00:00.000,BRONX,PUBLIC HEALTH SANITARIAN,ACTIVE,67536.00,per Annum,2080,67350.92,151,7839.61,5854.61
2022,816,DEPT OF HEALTH/MENTAL HYGIENE,2017-09-11T00:00:00.000,MANHATTAN,ASSOCIATE STAFF ANALYST,ACTIVE,92379.00,per Annum,1820,85683.59,365.75,22913.16,753.37
2022,816,DEPT OF HEALTH/MENTAL HYGIENE,2007-08-13T00:00:00.000,QUEENS,HEALTH SERVICES MANAGER,ACTIVE,233800.00,per Annum,1820,233159.42,0,0.00,0.00
2022,816,DEPT OF HEALTH/MENTAL HYGIENE,2014-09-02T00:00:00.000,QUEENS,JR PHNURSE,ACTIVE,34.73,per Hour,640.22,22748.70,0,0.00,11556.89
2022,816,DEPT OF HEALTH/MENTAL HYGIENE,2007-10-01T00:00:00.000,MANHATTAN,*SYSTEMS ANALYST,ACTIVE,49703.00,per Annum,1820,58944.71,0,0.00,2356.75
2022,816,DEPT OF HEALTH/MENTAL HYGIENE,2016-12-05T00:00:00.000,MANHATTAN,SUPERVISOR OF MECHANICAL INSTALLATIONS & MAINTENANCE,CEASED,95430.00,per Annum,1330,69546.27,30.25,2366.80,13415.59
2022,816,DEPT OF HEALTH/MENTAL HYGIENE,2018-05-21T00:00:00.000,MANHATTAN,CITY RESEARCH SCIENTIST,ACTIVE,86830.00,per Annum,1820,86592.21,252,15819.09,835.21
2022,816,DEPT OF HEALTH/MENTAL HYGIENE,2016-06-06T00:00:00.000,MANHATTAN,ASSOCIATE PUBLIC HEALTH SANITARIAN,ACTIVE,77435.00,per Annum,2080,72202.90,18,956.65,5188.20
2022,816,DEPT OF HEALTH/MENTAL HYGIENE,2014-12-01T00:00:00.000,RICHMOND,SR HEALTHCARE PROG PLAN ANLYST,ON LEAVE,67916.00,per Annum,910,44713.98,0,10.27,0.51
2022,816,DEPT OF HEALTH/MENTAL HYGIENE,2019-03-25T00:00:00.000,MANHATTAN,CRIMINALIST,ACTIVE,70349.00,per Annum,1820,62259.22,54,1878.39,475.95
2022,816,DEPT OF HEALTH/MENTAL HYGIENE,2019-12-16T00:00:00.000,QUEENS,CITY RESEARCH SCIENTIST,ACTIVE,75504.00,per Annum,1820,75286.70,315.5,17884.16,801.80
2022,816,DEPT OF HEALTH/MENTAL HYGIENE,2015-03-16T00:00:00.000,QUEENS,HEALTH SERVICES MANAGER NON MANAGERIAL LEVEL I,CEASED,109649.00,per Annum,1750,110619.35,0,0.00,0.00
2022,816,DEPT OF HEALTH/MENTAL HYGIENE,2020-03-23T00:00:00.000,QUEENS,X-RAY TECHNICIAN,ACTIVE,57056.00,per Annum,1820,51936.23,17,518.89,2432.48
2022,816,DEPT OF HEALTH/MENTAL HYGIENE,2019-09-09T00:00:00.000,BROOKLYN,JR PHNURSE,ACTIVE,34.73,per Hour,1407,49740.27,96,3507.22,15660.35
2022,816,DEPT OF HEALTH/MENTAL HYGIENE,2016-10-17T00:00:00.000,QUEENS,PUBLIC HEALTH EMERGENCY PREPAREDNESS SPECIALIST,CEASED,87582.00,per Annum,953.25,45746.41,19,1066.60,1758.18
2022,816,DEPT OF HEALTH/MENTAL HYGIENE,2021-07-06T00:00:00.000,MANHATTAN,CITY MORTUARY TECHNICIAN,ACTIVE,21.24,per Hour,1378.47,29282.59,213.5,5433.59,1299.86
2022,816,DEPT OF HEALTH/MENTAL HYGIENE,2017-12-11T00:00:00.000,QUEENS,CITY RESEARCH SCIENTIST,ACTIVE,97138.00,per Annum,1750,86227.01,0,0.00,1536.01
2022,816,DEPT OF HEALTH/MENTAL HYGIENE,2006-09-25T00:00:00.000,QUEENS,COMPUTER SPECIALIST,ACTIVE,130000.00,per Annum,1820,99946.82,31,1714.13,14001.90
2022,816,DEPT OF HEALTH/MENTAL HYGIENE,2019-09-09T00:00:00.000,QUEENS,JR PHNURSE,ACTIVE,34.73,per Hour,1542,56385.30,3.5,131.59,20045.25
2022,816,DEPT OF HEALTH/MENTAL HYGIENE,2020-03-09T00:00:00.000,BRONX,PUBLIC HEALTH ADVISER,ACTIVE,44960.00,per Annum,1820,38915.60,0,0.00,528.72
2022,816,DEPT OF HEALTH/MENTAL HYGIENE,1997-09-15T00:00:00.000,BROOKLYN,CITY PEST CONTROL AIDE,ACTIVE,38765.00,per Annum,1820,38658.88,4.25,91.64,4433.86
2022,816,DEPT OF HEALTH/MENTAL HYGIENE,2018-04-30T00:00:00.000,MANHATTAN,CITY RESEARCH SCIENTIST,ACTIVE,70554.00,per Annum,1820,70360.68,0,0.00,1089.64
2022,816,DEPT OF HEALTH/MENTAL HYGIENE,2016-07-01T00:00:00.000,MANHATTAN,CITY MEDICAL EXAMINER,CEASED,196636.00,per Annum,0,0.00,0,0.00,5947.66
2022,816,DEPT OF HEALTH/MENTAL HYGIENE,2019-09-16T00:00:00.000,QUEENS,COMMUNITY ASSISTANT,ON LEAVE,37398.00,per Annum,1760,28612.18,0,0.00,0.00
2022,816,DEPT OF HEALTH/MENTAL HYGIENE,2018-09-10T00:00:00.000,QUEENS,JR PHNURSE,ACTIVE,34.73,per Hour,1292,47649.35,0,0.00,14473.85
2022,816,DEPT OF HEALTH/MENTAL HYGIENE,2021-10-04T00:00:00.000,BRONX,PUBLIC HEALTH SANITARIAN,ACTIVE,45722.00,per Annum,1480,32443.82,51.75,1699.82,271.02
2022,816,DEPT OF HEALTH/MENTAL HYGIENE,2018-12-03T00:00:00.000,QUEENS,CITY RESEARCH SCIENTIST,ACTIVE,86830.00,per Annum,1820,86592.21,0,0.00,784.19
2022,816,DEPT OF HEALTH/MENTAL HYGIENE,2022-02-28T00:00:00.000,MANHATTAN,PUBLIC HEALTH SANITARIAN,ACTIVE,45722.00,per Annum,640,13766.70,0,0.00,0.00
2022,816,DEPT OF HEALTH/MENTAL HYGIENE,2019-01-22T00:00:00.000,QUEENS,CITY RESEARCH SCIENTIST,ACTIVE,86830.00,per Annum,1820,86592.21,44.75,2308.06,392.52
2022,816,DEPT OF HEALTH/MENTAL HYGIENE,2017-08-21T00:00:00.000,BROOKLYN,PUBLIC HEALTH ADVISER,ON LEAVE,29.64,per Hour,1610,47720.40,0,0.00,2722.19
2022,816,DEPT OF HEALTH/MENTAL HYGIENE,2014-01-06T00:00:00.000,MANHATTAN,MEDICOLEGAL INVESTIGATOR,CEASED,101056.00,per Annum,370.28,3703.87,0,0.00,809.52
2022,816,DEPT OF HEALTH/MENTAL HYGIENE,1997-08-25T00:00:00.000,QUEENS,PUBLIC HEALTH ADVISER,ACTIVE,56459.00,per Annum,1820,56304.30,0,0.00,5331.94
2022,816,DEPT OF HEALTH/MENTAL HYGIENE,2016-12-05T00:00:00.000,MANHATTAN,CITY CUSTODIAL ASSISTANT,ACTIVE,21.28,per Hour,1692.55,36017.48,21.5,686.28,2549.17
2022,816,DEPT OF HEALTH/MENTAL HYGIENE,2017-09-11T00:00:00.000,BROOKLYN,JR PHNURSE,ACTIVE,34.73,per Hour,1431.5,51728.59,0,0.00,15819.31
2022,816,DEPT OF HEALTH/MENTAL HYGIENE,1995-03-12T00:00:00.000,BRONX,ADMIN COMMUNITY RELATIONS SPECIALIST,CEASED,125379.00,per Annum,0,9086.05,0,0.00,0.00
2022,816,DEPT OF HEALTH/MENTAL HYGIENE,2019-09-03T00:00:00.000,QUEENS,CITY RESEARCH SCIENTIST,ACTIVE,86830.00,per Annum,1330,64281.91,0,9.25,332.82
2022,816,DEPT OF HEALTH/MENTAL HYGIENE,2002-07-01T00:00:00.000,QUEENS,ACCOUNTANT,ACTIVE,87933.00,per Annum,1820,87692.03,0,0.00,9761.90
2022,816,DEPT OF HEALTH/MENTAL HYGIENE,2022-04-18T00:00:00.000,QUEENS,CONSTRUCTION PROJECT MANAGER,ACTIVE,85500.00,per Annum,280,14757.53,0,0.00,0.00
2022,816,DEPT OF HEALTH/MENTAL HYGIENE,2020-06-29T00:00:00.000,MANHATTAN,CITY MORTUARY TECHNICIAN,ACTIVE,44633.00,per Annum,1848,39275.67,579.25,16771.36,1396.21
2022,71,DEPT. OF HOMELESS SERVICES,1996-07-15T00:00:00.000,MANHATTAN,ADMINISTRATIVE DIRECTOR OF SOCIAL SERVICES,ACTIVE,129806.00,per Annum,1820,131264.52,0,0.00,2716.39
2022,71,DEPT. OF HOMELESS SERVICES,2008-05-27T00:00:00.000,BROOKLYN,SPECIAL OFFICER,ACTIVE,50207.00,per Annum,2080,42174.08,257.25,8979.26,4457.83
2022,71,DEPT. OF HOMELESS SERVICES,2003-06-22T00:00:00.000,MANHATTAN,ASSOCIATE FRAUD INVESTIGATOR,ACTIVE,69152.00,per Annum,1820,61798.84,518.25,24087.83,6189.72
2022,71,DEPT. OF HOMELESS SERVICES,2019-09-30T00:00:00.000,BROOKLYN,CARPENTER,ACTIVE,375.06,per Day,1820,97515.60,204.5,16114.19,0.00
2022,71,DEPT. OF HOMELESS SERVICES,2008-04-14T00:00:00.000,MANHATTAN,COMMUNITY ASSOCIATE,ACTIVE,44083.00,per Annum,1820,43962.11,91.5,2795.52,1058.26
2022,71,DEPT. OF HOMELESS SERVICES,2018-07-23T00:00:00.000,BROOKLYN,SUPERVISING SPECIAL OFFICER,ACTIVE,55853.00,per Annum,2080,60298.44,360.75,14737.76,7007.22
2022,71,DEPT. OF HOMELESS SERVICES,1993-09-05T00:00:00.000,BROOKLYN,SUPERVISOR II,ACTIVE,69547.00,per Annum,1820,69356.56,0,0.00,7090.57
2022,71,DEPT. OF HOMELESS SERVICES,2006-02-27T00:00:00.000,MANHATTAN,ADMINISTRATIVE STAFF ANALYST,CEASED,120798.00,per Annum,0,69.03,0,0.00,0.00
2022,71,DEPT. OF HOMELESS SERVICES,2007-11-13T00:00:00.000,BRONX,FRAUD INVESTIGATOR,ACTIVE,47705.00,per Annum,1820,47574.28,1715.75,67887.53,6408.56
2022,71,DEPT. OF HOMELESS SERVICES,2021-07-26T00:00:00.000,MANHATTAN,COMMUNITY COORDINATOR,ACTIVE,62215.00,per Annum,1645,56078.75,102,4290.75,1154.47
2022,71,DEPT. OF HOMELESS SERVICES,1993-09-05T00:00:00.000,MANHATTAN,MOTOR VEHICLE OPERATOR,ACTIVE,50556.00,per Annum,2080,50417.39,347.5,13737.79,15719.77
2022,71,DEPT. OF HOMELESS SERVICES,2003-06-22T00:00:00.000,MANHATTAN,ADMIN COMMUNITY RELATIONS SPECIALIST,ACTIVE,78280.00,per Annum,1820,82021.15,443.25,26076.89,2041.18
2022,71,DEPT. OF HOMELESS SERVICES,2019-02-19T00:00:00.000,MANHATTAN,CASEWORKER,ACTIVE,47705.00,per Annum,1820,47391.30,159.75,5442.54,3068.65
2022,71,DEPT. OF HOMELESS SERVICES,2021-06-07T00:00:00.000,MANHATTAN,COMMUNITY ASSISTANT,CEASED,32520.00,per Annum,80,1130.40,3.75,58.41,4.28
2022,71,DEPT. OF HOMELESS SERVICES,2016-04-11T00:00:00.000,MANHATTAN,COMMUNITY COORDINATOR,ACTIVE,62215.00,per Annum,1820,62044.58,451,22117.67,1944.40
2022,71,DEPT. OF HOMELESS SERVICES,2014-12-29T00:00:00.000,BRONX,COMMUNITY ASSISTANT,ACTIVE,37398.00,per Annum,1950,37295.44,10,271.03,2854.64
2022,71,DEPT. OF HOMELESS SERVICES,2000-10-23T00:00:00.000,MANHATTAN,SPECIAL OFFICER,CEASED,48766.00,per Annum,0,0.00,0,0.00,6211.15
2022,71,DEPT. OF HOMELESS SERVICES,2019-04-03T00:00:00.000,MANHATTAN,ASSOCIATE STAFF ANALYST,ACTIVE,81203.00,per Annum,1820,92271.71,0,201.91,2367.67
2022,71,DEPT. OF HOMELESS SERVICES,2004-04-12T00:00:00.000,MANHATTAN,ADM MANAGER-NON-MGRL,ACTIVE,77090.00,per Annum,1820,76878.88,0,0.00,1772.61
2022,71,DEPT. OF HOMELESS SERVICES,2019-02-25T00:00:00.000,MANHATTAN,ADMINISTRATIVE CONSTRUCTION PROJECT MANAGER,ACTIVE,150141.00,per Annum,1820,149729.59,0,0.00,2301.00
2022,71,DEPT. OF HOMELESS SERVICES,2007-03-26T00:00:00.000,MANHATTAN,SUPERVISING SPECIAL OFFICER,CEASED,55853.00,per Annum,965.72,23932.58,23.25,932.88,7556.25
2022,71,DEPT. OF HOMELESS SERVICES,2015-03-30T00:00:00.000,MANHATTAN,SPECIAL OFFICER,CEASED,42193.00,per Annum,0,0.00,0,0.00,4999.98
2022,71,DEPT. OF HOMELESS SERVICES,2005-12-05T00:00:00.000,BROOKLYN,SPECIAL OFFICER,ACTIVE,50207.00,per Annum,2080,49484.17,221.75,7854.06,8546.27
2022,71,DEPT. OF HOMELESS SERVICES,2008-09-08T00:00:00.000,BRONX,SPECIAL OFFICER,ACTIVE,50207.00,per Annum,2080,49642.63,140,5082.96,5158.10
2022,71,DEPT. OF HOMELESS SERVICES,2018-03-19T00:00:00.000,BROOKLYN,SPECIAL OFFICER,ACTIVE,38287.00,per Annum,2080,38000.51,704.25,19704.12,6012.31
2022,71,DEPT. OF HOMELESS SERVICES,2017-04-10T00:00:00.000,MANHATTAN,SPECIAL OFFICER,ON LEAVE,39438.00,per Annum,640,2047.77,72.97,1797.73,433.15
2022,71,DEPT. OF HOMELESS SERVICES,2018-05-21T00:00:00.000,BRONX,SPECIAL OFFICER,ACTIVE,38287.00,per Annum,2000,38147.36,703.25,20212.63,5317.84
2022,71,DEPT. OF HOMELESS SERVICES,2000-06-05T00:00:00.000,MANHATTAN,SPECIAL OFFICER,ACTIVE,50259.00,per Annum,2080,50121.24,434.5,16624.03,12736.60
2022,71,DEPT. OF HOMELESS SERVICES,2019-10-21T00:00:00.000,QUEENS,CASEWORKER,ON LEAVE,47705.00,per Annum,1400,34498.89,44.5,1197.97,720.19
2022,71,DEPT. OF HOMELESS SERVICES,2022-02-21T00:00:00.000,MANHATTAN,SPECIAL OFFICER,ACTIVE,34834.00,per Annum,680,11356.85,43.75,1138.21,580.58
2022,71,DEPT. OF HOMELESS SERVICES,2013-10-21T00:00:00.000,BROOKLYN,LOCKSMITH,ACTIVE,254.96,per Day,2080,66289.60,71.5,3418.13,0.00
2022,71,DEPT. OF HOMELESS SERVICES,2015-09-14T00:00:00.000,BROOKLYN,SPECIAL OFFICER,ON LEAVE,50207.00,per Annum,240,5006.97,0,0.00,5182.12
2022,71,DEPT. OF HOMELESS SERVICES,2018-02-20T00:00:00.000,MANHATTAN,COMMUNITY ASSISTANT,ACTIVE,37398.00,per Annum,1950,37295.44,1086,31085.30,4227.40
2022,71,DEPT. OF HOMELESS SERVICES,2017-01-16T00:00:00.000,BRONX,SPECIAL OFFICER,ACTIVE,39438.00,per Annum,2080,38841.44,273,8088.58,7331.65
2022,71,DEPT. OF HOMELESS SERVICES,2015-07-06T00:00:00.000,BRONX,COMMUNITY ASSOCIATE,ACTIVE,44083.00,per Annum,1865,41662.70,2,50.64,5929.63
2022,71,DEPT. OF HOMELESS SERVICES,1997-07-14T00:00:00.000,MANHATTAN,PRINCIPAL ADMINISTRATIVE ASSOCIATE -  NON SUPVR,ACTIVE,67599.00,per Annum,1820,67413.84,0,0.00,4341.22
2022,71,DEPT. OF HOMELESS SERVICES,2015-11-16T00:00:00.000,BROOKLYN,CASEWORKER,ON LEAVE,47705.00,per Annum,1540,35314.74,72.75,2866.42,3957.83
2022,71,DEPT. OF HOMELESS SERVICES,2018-10-15T00:00:00.000,MANHATTAN,ADMINISTRATIVE CONTRACT SPECIALIST,ACTIVE,44.39,per Hour,1680,74584.77,0,0.00,3107.30
2022,71,DEPT. OF HOMELESS SERVICES,2015-09-13T00:00:00.000,BROOKLYN,SPECIAL OFFICER,CEASED,50207.00,per Annum,0,0.00,-8.25,-303.02,4689.31
2022,71,DEPT. OF HOMELESS SERVICES,2016-02-01T00:00:00.000,MANHATTAN,SPECIAL OFFICER,CEASED,34168.00,per Annum,0,0.00,0,0.00,1630.43
2022,71,DEPT. OF HOMELESS SERVICES,2019-10-21T00:00:00.000,MANHATTAN,COMMUNITY ASSISTANT,CEASED,32520.00,per Annum,225,1247.34,0,0.00,59.07
2022,71,DEPT. OF HOMELESS SERVICES,2017-02-06T00:00:00.000,BROOKLYN,ADMINISTRATIVE DIRECTOR OF SOCIAL SERVICES,CEASED,85984.00,per Annum,112,5276.64,0,0.00,2941.85
2022,71,DEPT. OF HOMELESS SERVICES,2019-04-15T00:00:00.000,BROOKLYN,CASEWORKER,ACTIVE,47705.00,per Annum,1820,47574.28,5,137.10,3821.05
2022,71,DEPT. OF HOMELESS SERVICES,2017-03-20T00:00:00.000,BROOKLYN,COMMUNITY COORDINATOR,ACTIVE,62215.00,per Annum,1820,62044.58,0,0.00,0.00
2022,71,DEPT. OF HOMELESS SERVICES,2015-05-25T00:00:00.000,MANHATTAN,SPECIAL OFFICER,CEASED,48745.00,per Annum,0,0.00,0,0.00,5015.51
2022,71,DEPT. OF HOMELESS SERVICES,1993-09-05T00:00:00.000,MANHATTAN,ASSOCIATE STAFF ANALYST,CEASED,82948.00,per Annum,0,5886.36,0,0.00,12.41
2022,71,DEPT. OF HOMELESS SERVICES,2000-08-21T00:00:00.000,MANHATTAN,ADMIN COMMUNITY RELATIONS SPECIALIST,ACTIVE,80225.00,per Annum,1820,88891.61,435.75,30353.25,4680.38
2022,71,DEPT. OF HOMELESS SERVICES,2022-02-21T00:00:00.000,MANHATTAN,SPECIAL OFFICER,CEASED,34834.00,per Annum,40,668.05,0,0.00,0.00
2022,71,DEPT. OF HOMELESS SERVICES,2019-07-01T00:00:00.000,MANHATTAN,SUPERVISOR II SOCIAL WORK,ACTIVE,76408.00,per Annum,1820,75898.37,0,0.00,845.78
2022,71,DEPT. OF HOMELESS SERVICES,2018-11-19T00:00:00.000,MANHATTAN,COMMUNITY COORDINATOR,ACTIVE,62215.00,per Annum,1820,62044.58,41.5,1517.57,673.49
2022,71,DEPT. OF HOMELESS SERVICES,1993-09-05T00:00:00.000,BROOKLYN,CLERICAL ASSOCIATE,ACTIVE,54671.00,per Annum,1820,54521.22,970.75,44247.61,6074.89
2022,71,DEPT. OF HOMELESS SERVICES,2015-03-30T00:00:00.000,MANHATTAN,SPECIAL OFFICER,CEASED,46737.00,per Annum,0,0.00,0,0.00,5139.73
2022,71,DEPT. OF HOMELESS SERVICES,2008-12-29T00:00:00.000,BROOKLYN,SPECIAL OFFICER,CEASED,44269.00,per Annum,0,0.00,0,0.00,46.58
2022,71,DEPT. OF HOMELESS SERVICES,2002-07-15T00:00:00.000,MANHATTAN,COMMUNITY COORDINATOR,ACTIVE,62239.00,per Annum,1820,62068.50,2.5,87.11,1793.61
2022,71,DEPT. OF HOMELESS SERVICES,2016-12-12T00:00:00.000,BRONX,COMMUNITY ASSISTANT,ACTIVE,37398.00,per Annum,1950,37152.00,0,0.00,2160.91
2022,71,DEPT. OF HOMELESS SERVICES,2019-10-14T00:00:00.000,MANHATTAN,PRINCIPAL ADMINISTRATIVE ASSOCIATE -  NON SUPVR,CEASED,54531.00,per Annum,560,16217.37,0,0.00,397.30
2022,71,DEPT. OF HOMELESS SERVICES,2017-08-07T00:00:00.000,MANHATTAN,SPECIAL OFFICER,ON LEAVE,38287.00,per Annum,104,1909.06,40,1039.69,3480.11
2022,71,DEPT. OF HOMELESS SERVICES,1993-09-05T00:00:00.000,MANHATTAN,COMMUNITY ASSISTANT,CEASED,39706.00,per Annum,1275,25890.49,0,0.00,14641.74
2022,71,DEPT. OF HOMELESS SERVICES,2015-11-02T00:00:00.000,MANHATTAN,SOCIAL WORKER,ACTIVE,58741.00,per Annum,1820,58580.08,128,5707.52,5611.58
2022,71,DEPT. OF HOMELESS SERVICES,2005-11-28T00:00:00.000,MANHATTAN,ADMINISTRATIVE STAFF ANALYST,ACTIVE,84451.00,per Annum,1820,99562.12,65.25,3987.04,2921.24
2022,71,DEPT. OF HOMELESS SERVICES,2007-04-02T00:00:00.000,BRONX,FRAUD INVESTIGATOR,ACTIVE,58741.00,per Annum,1820,47574.28,270.75,10410.67,6472.56
2022,71,DEPT. OF HOMELESS SERVICES,2017-02-06T00:00:00.000,MANHATTAN,ADMINISTRATIVE STAFF ANALYST,CEASED,81878.00,per Annum,0,14237.80,0,102.21,13.39
2022,71,DEPT. OF HOMELESS SERVICES,2016-09-06T00:00:00.000,BROOKLYN,COMMUNITY COORDINATOR,ACTIVE,62215.00,per Annum,1820,62044.58,12,408.61,2513.14
2022,71,DEPT. OF HOMELESS SERVICES,2016-04-18T00:00:00.000,BRONX,SPECIAL OFFICER,CEASED,40590.00,per Annum,160,961.57,0,0.00,4301.64
2022,71,DEPT. OF HOMELESS SERVICES,2005-08-01T00:00:00.000,MANHATTAN,ASSOCIATE FRAUD INVESTIGATOR,ACTIVE,69152.00,per Annum,1820,68962.65,43.25,1843.66,10041.74
2022,71,DEPT. OF HOMELESS SERVICES,2008-09-29T00:00:00.000,BRONX,COMMUNITY COORDINATOR,ACTIVE,62215.00,per Annum,1820,62044.58,520,24504.90,8966.48
2022,71,DEPT. OF HOMELESS SERVICES,2007-12-17T00:00:00.000,MANHATTAN,ADMINISTRATIVE DIRECTOR OF SOCIAL SERVICES,ACTIVE,128913.00,per Annum,1820,128559.86,0,0.00,0.00
2022,71,DEPT. OF HOMELESS SERVICES,2012-03-05T00:00:00.000,MANHATTAN,ADMIN JOB OPPORTUNITY SPEC NM,ACTIVE,85945.00,per Annum,1820,85717.64,50,2832.90,3416.85
2022,71,DEPT. OF HOMELESS SERVICES,1993-09-05T00:00:00.000,MANHATTAN,COMMUNITY ASSISTANT,ACTIVE,39755.00,per Annum,1950,39646.10,32.5,988.51,4482.39
2022,71,DEPT. OF HOMELESS SERVICES,2001-12-07T00:00:00.000,MANHATTAN,MOTOR VEHICLE OPERATOR,ACTIVE,49978.00,per Annum,2080,49840.97,354.5,13581.91,17760.18
2022,71,DEPT. OF HOMELESS SERVICES,2008-05-27T00:00:00.000,MANHATTAN,SPECIAL OFFICER,CEASED,48745.00,per Annum,0,0.00,0,0.00,5263.95
2022,71,DEPT. OF HOMELESS SERVICES,2016-04-18T00:00:00.000,MANHATTAN,SPECIAL OFFICER,CEASED,35261.00,per Annum,0,0.00,0,0.00,4285.70
2022,71,DEPT. OF HOMELESS SERVICES,2011-10-03T00:00:00.000,BROOKLYN,ADMINISTRATIVE DIRECTOR OF SOCIAL SERVICES,ACTIVE,81509.00,per Annum,1701,75970.80,0,0.00,578.82
2022,71,DEPT. OF HOMELESS SERVICES,2012-09-03T00:00:00.000,MANHATTAN,ADMINISTRATIVE STAFF ANALYST,CEASED,81285.00,per Annum,0,1778.84,0,4.74,0.00
2022,71,DEPT. OF HOMELESS SERVICES,1993-09-05T00:00:00.000,MANHATTAN,ADMINISTRATIVE DIRECTOR OF SOCIAL SERVICES,ACTIVE,116390.00,per Annum,1820,116071.02,0,0.00,0.00
2022,71,DEPT. OF HOMELESS SERVICES,2016-02-22T00:00:00.000,MANHATTAN,COMMUNITY COORDINATOR,CEASED,62215.00,per Annum,560,11931.65,0,0.00,0.00
2022,71,DEPT. OF HOMELESS SERVICES,2017-01-30T00:00:00.000,MANHATTAN,COMMUNITY ASSOCIATE,ACTIVE,44083.00,per Annum,1820,43962.11,49.25,1407.28,5386.08
2022,71,DEPT. OF HOMELESS SERVICES,2017-09-11T00:00:00.000,BRONX,SPECIAL OFFICER,ACTIVE,39438.00,per Annum,1832,27301.87,485.5,12205.70,5662.06
2022,71,DEPT. OF HOMELESS SERVICES,2019-07-08T00:00:00.000,MANHATTAN,COMMUNITY COORDINATOR,ACTIVE,62215.00,per Annum,1820,49242.43,1194.75,42567.94,6520.18
2022,71,DEPT. OF HOMELESS SERVICES,2001-12-20T00:00:00.000,BRONX,FRAUD INVESTIGATOR,ACTIVE,47748.00,per Annum,1820,47617.18,13,452.26,6737.67
2022,71,DEPT. OF HOMELESS SERVICES,2016-04-18T00:00:00.000,MANHATTAN,SPECIAL OFFICER,CEASED,40590.00,per Annum,400,4635.90,0,0.00,106.02
2022,71,DEPT. OF HOMELESS SERVICES,2018-03-19T00:00:00.000,BROOKLYN,SPECIAL OFFICER,ACTIVE,38287.00,per Annum,2080,37154.94,802.17,22300.30,4650.18
2022,71,DEPT. OF HOMELESS SERVICES,2008-12-29T00:00:00.000,MANHATTAN,SPECIAL OFFICER,ACTIVE,50207.00,per Annum,2080,50069.50,762.5,28015.08,11342.18
2022,71,DEPT. OF HOMELESS SERVICES,2017-09-11T00:00:00.000,BROOKLYN,SPECIAL OFFICER,ACTIVE,39438.00,per Annum,1984,35614.32,976.25,27384.31,3805.45
2022,71,DEPT. OF HOMELESS SERVICES,2016-03-07T00:00:00.000,BRONX,SPECIAL OFFICER,ACTIVE,39438.00,per Annum,2080,35321.96,395.75,11319.53,5192.23
2022,71,DEPT. OF HOMELESS SERVICES,2008-07-28T00:00:00.000,BROOKLYN,SUPERVISING SPECIAL OFFICER,ACTIVE,55853.00,per Annum,2080,55700.06,308.5,12264.63,13516.25
2022,71,DEPT. OF HOMELESS SERVICES,2016-02-22T00:00:00.000,MANHATTAN,COMMUNITY COORDINATOR,ACTIVE,62215.00,per Annum,1820,62044.58,61,2451.84,1809.30
2022,71,DEPT. OF HOMELESS SERVICES,2018-11-13T00:00:00.000,MANHATTAN,ADMINISTRATIVE DIRECTOR OF SOCIAL SERVICES,ACTIVE,128909.00,per Annum,1820,128555.71,0,0.00,0.00
2022,71,DEPT. OF HOMELESS SERVICES,2002-09-16T00:00:00.000,MANHATTAN,ASSOCIATE FRAUD INVESTIGATOR,ACTIVE,76432.00,per Annum,1750,74756.76,0,0.00,5083.54
2022,71,DEPT. OF HOMELESS SERVICES,2016-08-29T00:00:00.000,BRONX,SPECIAL OFFICER,ACTIVE,40590.00,per Annum,2067.43,39611.31,992,29639.92,5800.24
2022,71,DEPT. OF HOMELESS SERVICES,2000-08-28T00:00:00.000,BRONX,FRAUD INVESTIGATOR,ACTIVE,47766.00,per Annum,1820,47635.12,0,0.00,5978.03
2022,71,DEPT. OF HOMELESS SERVICES,2013-02-04T00:00:00.000,BRONX,ADMINISTRATIVE DIRECTOR OF SOCIAL SERVICES,ACTIVE,96210.00,per Annum,1820,95946.50,0,0.00,1843.10
2022,71,DEPT. OF HOMELESS SERVICES,2015-07-27T00:00:00.000,MANHATTAN,SUPERVISING SPECIAL OFFICER,ACTIVE,55853.00,per Annum,2080,50610.90,529,19394.41,2982.43
2022,71,DEPT. OF HOMELESS SERVICES,2008-07-28T00:00:00.000,MANHATTAN,SPECIAL OFFICER,CEASED,48745.00,per Annum,0,0.00,0,0.00,3027.94
2022,71,DEPT. OF HOMELESS SERVICES,2019-06-10T00:00:00.000,MANHATTAN,COMMUNITY COORDINATOR,ACTIVE,62215.00,per Annum,1820,62044.58,29.75,1349.37,34.06
2022,71,DEPT. OF HOMELESS SERVICES,2019-09-03T00:00:00.000,BROOKLYN,PAINTER,ACTIVE,315.07,per Day,1820,91740.96,248,18374.51,957.74
2022,71,DEPT. OF HOMELESS SERVICES,2017-09-11T00:00:00.000,MANHATTAN,SPECIAL OFFICER,ACTIVE,39438.00,per Annum,2080,38715.00,616.5,17904.02,5793.91
2022,71,DEPT. OF HOMELESS SERVICES,2018-08-20T00:00:00.000,BROOKLYN,PRINCIPAL ADMINISTRATIVE ASSOCIATE -  NON SUPVR,ACTIVE,67499.00,per Annum,1820,67314.01,4,147.78,0.00
2022,71,DEPT. OF HOMELESS SERVICES,2018-01-08T00:00:00.000,BRONX,COMMUNITY ASSOCIATE,ACTIVE,44083.00,per Annum,1865,41654.41,259.75,9284.37,5495.68
2022,71,DEPT. OF HOMELESS SERVICES,2001-06-25T00:00:00.000,BROOKLYN,SPECIAL OFFICER,CEASED,47682.00,per Annum,0,0.00,0,0.00,2391.29
2022,71,DEPT. OF HOMELESS SERVICES,2015-10-19T00:00:00.000,BROOKLYN,SPECIAL OFFICER,CEASED,50207.00,per Annum,826.73,19900.82,73.25,2755.33,6298.23
2022,71,DEPT. OF HOMELESS SERVICES,2022-02-21T00:00:00.000,MANHATTAN,SPECIAL OFFICER,ACTIVE,34834.00,per Annum,680,11106.33,13.75,345.75,490.49
2022,71,DEPT. OF HOMELESS SERVICES,2016-04-04T00:00:00.000,MANHATTAN,COMMUNITY COORDINATOR,ACTIVE,62215.00,per Annum,1820,62044.58,82.75,3332.96,2488.13
2022,71,DEPT. OF HOMELESS SERVICES,2017-03-20T00:00:00.000,BRONX,COMMUNITY ASSOCIATE,ACTIVE,44083.00,per Annum,1820,43799.06,235.75,7148.02,2619.71
2022,71,DEPT. OF HOMELESS SERVICES,2018-03-19T00:00:00.000,MANHATTAN,SPECIAL OFFICER,CEASED,38287.00,per Annum,240,2902.40,0,0.00,70.66
2022,71,DEPT. OF HOMELESS SERVICES,1993-09-05T00:00:00.000,QUEENS,SUPERVISOR II,ACTIVE,69238.00,per Annum,1820,69048.20,430,22424.51,7544.21
2022,71,DEPT. OF HOMELESS SERVICES,2022-02-21T00:00:00.000,MANHATTAN,SPECIAL OFFICER,ACTIVE,34834.00,per Annum,680,11223.24,48.75,1269.16,1007.68
2022,71,DEPT. OF HOMELESS SERVICES,2001-03-14T00:00:00.000,MANHATTAN,COMMUNITY COORDINATOR,ACTIVE,62275.00,per Annum,1820,62104.38,0,0.00,1417.00
2022,71,DEPT. OF HOMELESS SERVICES,2001-03-17T00:00:00.000,MANHATTAN,ADMINISTRATIVE DIRECTOR OF SOCIAL SERVICES,ACTIVE,103000.00,per Annum,1820,102717.69,0,0.00,0.00
2022,71,DEPT. OF HOMELESS SERVICES,2018-03-19T00:00:00.000,MANHATTAN,COMMUNITY ASSOCIATE,ACTIVE,44083.00,per Annum,1850,43833.90,330.75,11139.93,3831.38
2022,71,DEPT. OF HOMELESS SERVICES,2014-04-21T00:00:00.000,MANHATTAN,SUPERVISING SPECIAL OFFICER,ACTIVE,55853.00,per Annum,2080,49876.93,361,13244.15,10924.57
2022,71,DEPT. OF HOMELESS SERVICES,2002-09-23T00:00:00.000,MANHATTAN,STAFF ANALYST,CEASED,70249.00,per Annum,0,8494.68,0,0.00,233.89
2022,71,DEPT. OF HOMELESS SERVICES,2008-07-07T00:00:00.000,BRONX,FRAUD INVESTIGATOR,ACTIVE,47705.00,per Annum,1820,45038.40,2,56.68,5293.90
2022,71,DEPT. OF HOMELESS SERVICES,2018-11-13T00:00:00.000,BRONX,FRAUD INVESTIGATOR,ACTIVE,47705.00,per Annum,1820,47574.28,100,3339.33,2090.09
2022,71,DEPT. OF HOMELESS SERVICES,2015-02-02T00:00:00.000,BROOKLYN,SPACE ANALYST,ACTIVE,72584.00,per Annum,1820,72385.04,422,23158.22,2653.89
2022,71,DEPT. OF HOMELESS SERVICES,2017-01-16T00:00:00.000,BRONX,SPECIAL OFFICER,ACTIVE,39438.00,per Annum,2080,39143.98,275.5,8035.10,4510.05
2022,71,DEPT. OF HOMELESS SERVICES,2016-04-18T00:00:00.000,MANHATTAN,SPECIAL OFFICER,CEASED,31482.00,per Annum,0,0.00,0,0.00,279.50
2022,71,DEPT. OF HOMELESS SERVICES,2016-04-11T00:00:00.000,BROOKLYN,OILER,ACTIVE,478.00,per Day,2080,124280.00,295,26115.45,1354.40
2022,71,DEPT. OF HOMELESS SERVICES,2017-03-13T00:00:00.000,MANHATTAN,SPECIAL OFFICER,CEASED,36054.00,per Annum,0,-131.06,0,0.00,3555.89
2022,71,DEPT. OF HOMELESS SERVICES,2015-12-07T00:00:00.000,BROOKLYN,SPECIAL OFFICER,CEASED,48745.00,per Annum,0,0.00,0,0.00,2236.02
2022,71,DEPT. OF HOMELESS SERVICES,1993-09-05T00:00:00.000,MANHATTAN,SUPERINTENDENT OF ADULT INSTITUTIONS,CEASED,74418.00,per Annum,0,5471.20,0,0.00,-5471.20
2022,71,DEPT. OF HOMELESS SERVICES,2015-07-27T00:00:00.000,BROOKLYN,SPECIAL OFFICER,ACTIVE,50207.00,per Annum,2040,48143.70,375.75,14078.51,6777.67
2022,71,DEPT. OF HOMELESS SERVICES,2016-04-04T00:00:00.000,MANHATTAN,ADMINISTRATIVE DIRECTOR OF SOCIAL SERVICES,ACTIVE,128905.00,per Annum,1820,128551.80,0,0.00,2469.45
2022,71,DEPT. OF HOMELESS SERVICES,2018-01-22T00:00:00.000,MANHATTAN,ASSISTANT COMISSIONER FOR FAMILY OPERATIONS,ON LEAVE,171878.00,per Annum,1155,108777.23,0,0.00,0.00
2022,71,DEPT. OF HOMELESS SERVICES,2008-12-29T00:00:00.000,BRONX,SPECIAL OFFICER,ACTIVE,50207.00,per Annum,2080,50069.50,525.48,20073.45,14329.97
2022,71,DEPT. OF HOMELESS SERVICES,2018-12-17T00:00:00.000,MANHATTAN,COMMUNITY COORDINATOR,CEASED,62215.00,per Annum,595,20283.69,6,221.35,0.00
2022,71,DEPT. OF HOMELESS SERVICES,1993-09-05T00:00:00.000,MANHATTAN,COMMUNITY ASSISTANT,ACTIVE,39706.00,per Annum,1950,39597.22,725,22883.05,8726.41
2022,71,DEPT. OF HOMELESS SERVICES,2018-08-20T00:00:00.000,BRONX,FRAUD INVESTIGATOR,ACTIVE,58847.00,per Annum,1820,58685.89,760.5,36280.42,12891.87
2022,71,DEPT. OF HOMELESS SERVICES,2017-01-03T00:00:00.000,MANHATTAN,COMMUNITY COORDINATOR,ACTIVE,62215.00,per Annum,1820,62044.58,27.5,983.31,68.95
2022,71,DEPT. OF HOMELESS SERVICES,2016-03-07T00:00:00.000,BRONX,SPECIAL OFFICER,ACTIVE,40590.00,per Annum,2080,40276.18,336.5,9835.67,7000.46
2022,71,DEPT. OF HOMELESS SERVICES,2004-12-27T00:00:00.000,BROOKLYN,SPECIAL OFFICER,CEASED,46737.00,per Annum,0,0.00,0,0.00,2049.68
2022,71,DEPT. OF HOMELESS SERVICES,2004-12-27T00:00:00.000,BRONX,SPECIAL OFFICER,ACTIVE,50207.00,per Annum,1440,34663.50,44.5,1605.83,5058.35
2022,71,DEPT. OF HOMELESS SERVICES,2012-10-01T00:00:00.000,MANHATTAN,SUPERVISING SPECIAL OFFICER,ON LEAVE,55853.00,per Annum,800,8783.49,36.5,1374.25,250.84
2022,71,DEPT. OF HOMELESS SERVICES,2022-02-21T00:00:00.000,MANHATTAN,SPECIAL OFFICER,ACTIVE,34834.00,per Annum,680,11356.85,39.5,964.27,1071.85
2022,71,DEPT. OF HOMELESS SERVICES,2005-01-10T00:00:00.000,BRONX,ASSOCIATE FRAUD INVESTIGATOR,ACTIVE,76408.00,per Annum,1820,76198.72,279.75,14993.89,8297.90
2022,71,DEPT. OF HOMELESS SERVICES,2016-11-21T00:00:00.000,MANHATTAN,ASSOCIATE HOUSING DEVELOPMENT SPECIALIST,ACTIVE,85847.00,per Annum,1820,85611.76,0,0.00,674.18
2022,71,DEPT. OF HOMELESS SERVICES,2015-07-06T00:00:00.000,MANHATTAN,COMMUNITY COORDINATOR,ACTIVE,62364.00,per Annum,1820,62193.04,84,3246.78,1974.29
2022,71,DEPT. OF HOMELESS SERVICES,2020-03-16T00:00:00.000,MANHATTAN,PRINCIPAL ADMINISTRATIVE ASSOCIATE -  NON SUPVR,ACTIVE,73379.00,per Annum,1820,73282.27,0,0.00,1283.50
2022,71,DEPT. OF HOMELESS SERVICES,2016-04-04T00:00:00.000,MANHATTAN,COMMUNITY COORDINATOR,ACTIVE,62215.00,per Annum,1820,69694.58,241,10848.57,330.89
2022,71,DEPT. OF HOMELESS SERVICES,2015-09-14T00:00:00.000,BRONX,SPECIAL OFFICER,CEASED,41401.00,per Annum,0,0.00,0,0.00,2437.88
2022,71,DEPT. OF HOMELESS SERVICES,2017-05-01T00:00:00.000,MANHATTAN,CASEWORKER,CEASED,47705.00,per Annum,352.25,9207.71,0,0.00,624.40
2022,71,DEPT. OF HOMELESS SERVICES,2019-10-28T00:00:00.000,BROOKLYN,SPACE ANALYST,ACTIVE,65640.00,per Annum,1820,62410.68,190,7621.50,613.43
2022,71,DEPT. OF HOMELESS SERVICES,2017-02-13T00:00:00.000,MANHATTAN,SUPERVISOR I,ACTIVE,58879.00,per Annum,1820,58717.63,107.75,4203.76,4277.59
2022,71,DEPT. OF HOMELESS SERVICES,2019-06-10T00:00:00.000,BROOKLYN,ASSISTANT SUPERINTENDENT OF WELFARE SHELTERS,ACTIVE,69152.00,per Annum,1820,68962.65,228.5,11752.99,8039.08
2022,71,DEPT. OF HOMELESS SERVICES,2021-03-22T00:00:00.000,MANHATTAN,DIRECTOR OF ADMINISTRATION,CEASED,138852.00,per Annum,1575,114432.47,0,0.00,0.00
2022,71,DEPT. OF HOMELESS SERVICES,2004-01-05T00:00:00.000,BRONX,COMMUNITY COORDINATOR,ACTIVE,62215.00,per Annum,1820,62044.58,498,21569.04,4731.41
2022,71,DEPT. OF HOMELESS SERVICES,2019-12-02T00:00:00.000,MANHATTAN,COMMUNITY ASSISTANT,ACTIVE,37398.00,per Annum,1950,34697.44,49,1212.01,5224.14
2022,71,DEPT. OF HOMELESS SERVICES,2018-04-23T00:00:00.000,BROOKLYN,COMMUNITY COORDINATOR,ON LEAVE,62215.00,per Annum,1750,57271.92,0,0.00,0.00
2022,71,DEPT. OF HOMELESS SERVICES,2012-06-04T00:00:00.000,BROOKLYN,SPECIAL OFFICER,ACTIVE,50207.00,per Annum,2080,33145.19,328.5,10792.80,11119.36
2022,71,DEPT. OF HOMELESS SERVICES,2012-09-17T00:00:00.000,BROOKLYN,PLUMBER,ACTIVE,369.53,per Day,1820,96077.80,298,31462.84,0.00
2022,71,DEPT. OF HOMELESS SERVICES,2019-04-03T00:00:00.000,MANHATTAN,COMMUNITY COORDINATOR,ACTIVE,62215.00,per Annum,1820,62044.58,403,18559.02,1367.87
2022,71,DEPT. OF HOMELESS SERVICES,1993-09-05T00:00:00.000,BROOKLYN,COMMUNITY ASSISTANT,ACTIVE,39638.00,per Annum,1950,39529.36,491.75,15365.94,6573.54
2022,71,DEPT. OF HOMELESS SERVICES,2016-02-22T00:00:00.000,MANHATTAN,COMMUNITY ASSOCIATE,ACTIVE,47634.00,per Annum,1470,37598.27,7,182.49,1478.30
2022,71,DEPT. OF HOMELESS SERVICES,2008-12-01T00:00:00.000,MANHATTAN,COMMUNITY COORDINATOR,ACTIVE,62215.00,per Annum,1820,61925.26,65.75,2876.11,2760.45
2022,71,DEPT. OF HOMELESS SERVICES,2021-07-12T00:00:00.000,MANHATTAN,CITY RESEARCH SCIENTIST,ACTIVE,75591.00,per Annum,1702.85,70391.39,21,1090.28,104.65
2022,71,DEPT. OF HOMELESS SERVICES,2016-10-24T00:00:00.000,MANHATTAN,SPECIAL OFFICER,CEASED,34937.00,per Annum,0,0.00,0,0.00,978.26
2022,71,DEPT. OF HOMELESS SERVICES,2012-02-27T00:00:00.000,MANHATTAN,COMMUNITY COORDINATOR,ACTIVE,62215.00,per Annum,1820,62044.58,0,0.00,159.16
2022,71,DEPT. OF HOMELESS SERVICES,2019-01-07T00:00:00.000,BROOKLYN,ELECTRICIAN,ACTIVE,440.16,per Day,1610,100762.83,321.5,30227.84,0.00
2022,71,DEPT. OF HOMELESS SERVICES,2022-02-21T00:00:00.000,MANHATTAN,SPECIAL OFFICER,ACTIVE,34834.00,per Annum,680,11356.85,44,1129.00,1040.21
2022,71,DEPT. OF HOMELESS SERVICES,2015-07-27T00:00:00.000,MANHATTAN,ADMINISTRATIVE DIRECTOR OF SOCIAL SERVICES,ACTIVE,96402.00,per Annum,1820,96137.87,0,0.00,0.00
2022,71,DEPT. OF HOMELESS SERVICES,1993-09-05T00:00:00.000,MANHATTAN,COMMUNITY ASSOCIATE,CEASED,44372.00,per Annum,1050,25529.10,0,0.00,817.50
2022,71,DEPT. OF HOMELESS SERVICES,2015-12-07T00:00:00.000,BROOKLYN,SPECIAL OFFICER,CEASED,50207.00,per Annum,0,0.00,0,0.00,2220.49
2022,71,DEPT. OF HOMELESS SERVICES,2010-09-13T00:00:00.000,MANHATTAN,COMMUNITY COORDINATOR,ACTIVE,83329.00,per Annum,1820,83100.68,0,0.00,1417.00
2022,71,DEPT. OF HOMELESS SERVICES,2015-10-26T00:00:00.000,BROOKLYN,COMMUNITY COORDINATOR,CEASED,62215.00,per Annum,140,1602.26,15.25,519.30,0.00
2022,71,DEPT. OF HOMELESS SERVICES,2002-09-23T00:00:00.000,BROOKLYN,SPECIAL OFFICER,ACTIVE,50244.00,per Annum,2080,50106.41,243.75,9359.38,14593.91
2022,71,DEPT. OF HOMELESS SERVICES,1993-09-05T00:00:00.000,MANHATTAN,COMMUNITY ASSISTANT,CEASED,39706.00,per Annum,0,0.00,0,-15.33,-112.10
2022,71,DEPT. OF HOMELESS SERVICES,2000-07-17T00:00:00.000,MANHATTAN,PAINTER,CEASED,245.00,per Day,0,0.00,0,0.00,1353.96
2022,71,DEPT. OF HOMELESS SERVICES,2019-04-01T00:00:00.000,BROOKLYN,COMMUNITY COORDINATOR,ACTIVE,62215.00,per Annum,1820,66434.89,239.5,10986.87,8549.29
2022,71,DEPT. OF HOMELESS SERVICES,2016-10-11T00:00:00.000,BROOKLYN,ASSISTANT SUPERINTENDENT OF WELFARE SHELTERS,ACTIVE,69152.00,per Annum,1820,68962.65,185,9533.01,3665.27
2022,71,DEPT. OF HOMELESS SERVICES,2019-05-19T00:00:00.000,MANHATTAN,ADMINISTRATIVE HOUSING DEVELOPMENT SPECIALIST,ACTIVE,85984.00,per Annum,1820,85748.52,0,0.00,1317.76
2022,71,DEPT. OF HOMELESS SERVICES,1997-04-07T00:00:00.000,MANHATTAN,COMMUNITY COORDINATOR,ACTIVE,69610.00,per Annum,1820,69152.23,0,0.00,1411.55
2022,71,DEPT. OF HOMELESS SERVICES,2013-06-10T00:00:00.000,MANHATTAN,HOUSEKEEPER,ACTIVE,43442.00,per Annum,1820,43323.02,1271,42835.49,2071.71
2022,71,DEPT. OF HOMELESS SERVICES,2015-06-08T00:00:00.000,BRONX,MOTOR VEHICLE OPERATOR,ACTIVE,49927.00,per Annum,2080,49790.26,207.75,7767.08,12348.61
2022,71,DEPT. OF HOMELESS SERVICES,2002-09-30T00:00:00.000,BRONX,ASSOCIATE FRAUD INVESTIGATOR,ACTIVE,69176.00,per Annum,1820,68986.58,444.25,23504.29,6975.30
2022,71,DEPT. OF HOMELESS SERVICES,2021-07-06T00:00:00.000,MANHATTAN,COMMUNITY ASSISTANT,CEASED,16.61,per Hour,965.37,16035.26,1,17.40,3531.92
2022,71,DEPT. OF HOMELESS SERVICES,2016-12-19T00:00:00.000,BROOKLYN,COMMUNITY COORDINATOR,ACTIVE,62215.00,per Annum,1820,62044.58,49.5,2170.91,620.86
2022,71,DEPT. OF HOMELESS SERVICES,2019-10-07T00:00:00.000,MANHATTAN,MOTOR VEHICLE SUPERVISOR,ACTIVE,57976.00,per Annum,1840,51220.14,245,10216.62,4793.75
2022,71,DEPT. OF HOMELESS SERVICES,2013-11-18T00:00:00.000,MANHATTAN,SUPERVISING SPECIAL OFFICER,ACTIVE,55853.00,per Annum,2080,55700.06,545.5,21847.66,9053.24
2022,71,DEPT. OF HOMELESS SERVICES,2007-01-02T00:00:00.000,BROOKLYN,SUPERVISOR OF STOCK WORKERS,ACTIVE,69759.00,per Annum,1820,69567.94,175.5,8194.89,136.18
2022,71,DEPT. OF HOMELESS SERVICES,2021-06-01T00:00:00.000,MANHATTAN,COMMUNITY ASSOCIATE,ON LEAVE,20.98,per Hour,1323,27758.43,12.25,288.50,367.15
2022,71,DEPT. OF HOMELESS SERVICES,2015-09-15T00:00:00.000,BROOKLYN,SPECIAL OFFICER,ACTIVE,50207.00,per Annum,2080,19040.94,0,0.00,5081.15
2022,71,DEPT. OF HOMELESS SERVICES,2019-06-12T00:00:00.000,MANHATTAN,SPECIAL OFFICER,ON LEAVE,35985.00,per Annum,2000,6316.89,0,0.00,1500.00
2022,71,DEPT. OF HOMELESS SERVICES,2015-12-07T00:00:00.000,BRONX,SPECIAL OFFICER,CEASED,32435.00,per Annum,0,0.00,0,0.00,4580.73
2022,71,DEPT. OF HOMELESS SERVICES,2018-11-19T00:00:00.000,MANHATTAN,COMMUNITY COORDINATOR,ACTIVE,62215.00,per Annum,1785,56155.48,15.5,629.98,71.11
2022,71,DEPT. OF HOMELESS SERVICES,2017-03-27T00:00:00.000,BRONX,SUPERVISOR I,ACTIVE,59000.00,per Annum,1820,58838.26,24.25,1070.13,6752.82
2022,71,DEPT. OF HOMELESS SERVICES,2017-02-13T00:00:00.000,MANHATTAN,CASEWORKER,CEASED,47791.00,per Annum,1154.13,30072.47,1.25,35.68,3123.32
2022,71,DEPT. OF HOMELESS SERVICES,2021-07-12T00:00:00.000,MANHATTAN,ADMINISTRATIVE STAFF ANALYST,CEASED,46.22,per Hour,238,11000.36,0,0.00,0.00
2022,71,DEPT. OF HOMELESS SERVICES,1995-07-06T00:00:00.000,MANHATTAN,ASSISTANT SUPERINTENDENT OF WELFARE SHELTERS,ACTIVE,69176.00,per Annum,1820,68986.58,252.75,12070.96,10843.62
2022,71,DEPT. OF HOMELESS SERVICES,1993-09-05T00:00:00.000,BROOKLYN,COMMUNITY ASSISTANT,CEASED,39671.00,per Annum,1508.58,30606.72,376,11501.13,6025.34
2022,71,DEPT. OF HOMELESS SERVICES,2015-05-14T00:00:00.000,MANHATTAN,ADMINISTRATIVE SUPERVISOR OF BUILDING MAINTENANCE,CEASED,153107.00,per Annum,1680,140942.39,0,0.00,0.00
2022,71,DEPT. OF HOMELESS SERVICES,2016-08-08T00:00:00.000,MANHATTAN,SPECIAL OFFICER,CEASED,34937.00,per Annum,0,-394.22,0,-67.62,461.84
2022,71,DEPT. OF HOMELESS SERVICES,2008-01-22T00:00:00.000,QUEENS,SUPERVISING SPECIAL OFFICER,CEASED,54226.00,per Annum,0,0.00,0,0.00,3788.80
2022,71,DEPT. OF HOMELESS SERVICES,2011-06-27T00:00:00.000,BROOKLYN,ASSISTANT SUPERINTENDENT OF WELFARE SHELTERS,CEASED,69152.00,per Annum,315,11670.49,121.75,6592.34,20099.07
2022,71,DEPT. OF HOMELESS SERVICES,2021-08-17T00:00:00.000,BRONX,SPECIAL OFFICER,ACTIVE,50207.00,per Annum,1880,43624.29,765.75,28097.23,10542.86
2022,71,DEPT. OF HOMELESS SERVICES,2018-11-19T00:00:00.000,MANHATTAN,COMMUNITY COORDINATOR,ACTIVE,62215.00,per Annum,1820,62044.58,231.75,10292.64,1574.03
2022,71,DEPT. OF HOMELESS SERVICES,2019-01-07T00:00:00.000,MANHATTAN,SPECIAL OFFICER,ON LEAVE,35985.00,per Annum,1944,33540.03,401.5,10644.79,1939.12
2022,71,DEPT. OF HOMELESS SERVICES,2004-12-27T00:00:00.000,BROOKLYN,SPECIAL OFFICER,ACTIVE,50222.00,per Annum,2120,51047.37,338,12901.45,14665.91
2022,71,DEPT. OF HOMELESS SERVICES,2016-08-08T00:00:00.000,MANHATTAN,SPECIAL OFFICER,CEASED,32426.00,per Annum,0,0.00,0,0.00,590.07
2022,71,DEPT. OF HOMELESS SERVICES,1997-02-24T00:00:00.000,MANHATTAN,ADMINISTRATIVE CONTRACT SPECIALIST,ACTIVE,104034.00,per Annum,1820,103749.09,0,0.00,1425.25
2022,71,DEPT. OF HOMELESS SERVICES,2018-07-09T00:00:00.000,BROOKLYN,CASEWORKER,CEASED,47705.00,per Annum,1820,46201.93,9.5,385.30,2310.89
2022,71,DEPT. OF HOMELESS SERVICES,2007-05-21T00:00:00.000,MANHATTAN,ADMINISTRATIVE DIRECTOR OF SOCIAL SERVICES,ACTIVE,165432.00,per Annum,1820,164978.84,0,0.00,0.00
2022,71,DEPT. OF HOMELESS SERVICES,2016-08-08T00:00:00.000,MANHATTAN,SPECIAL OFFICER,CEASED,34570.00,per Annum,0,0.00,0,0.00,1739.12
2022,71,DEPT. OF HOMELESS SERVICES,2018-09-17T00:00:00.000,BROOKLYN,ASSISTANT SUPERINTENDENT OF WELFARE SHELTERS,ACTIVE,69152.00,per Annum,1820,68962.65,40.5,2002.35,6883.29
2022,71,DEPT. OF HOMELESS SERVICES,2018-09-04T00:00:00.000,MANHATTAN,ADMINISTRATIVE DIRECTOR OF SOCIAL SERVICES,ACTIVE,125000.00,per Annum,1365,97280.89,0,0.00,1973.20
2022,71,DEPT. OF HOMELESS SERVICES,2016-05-02T00:00:00.000,MANHATTAN,COMMUNITY COORDINATOR,ACTIVE,62215.00,per Annum,1820,60000.44,468.5,21143.15,4912.58
2022,71,DEPT. OF HOMELESS SERVICES,2005-11-28T00:00:00.000,MANHATTAN,SUPERVISING SPECIAL OFFICER,ACTIVE,64190.00,per Annum,2080,64014.08,461.75,21292.84,4144.20
2022,71,DEPT. OF HOMELESS SERVICES,2017-07-10T00:00:00.000,MANHATTAN,COMMUNITY ASSOCIATE,ACTIVE,44083.00,per Annum,1820,43962.11,0,0.00,2331.04
2022,71,DEPT. OF HOMELESS SERVICES,1993-09-05T00:00:00.000,BROOKLYN,ADMINISTRATIVE DIRECTOR OF SOCIAL SERVICES,ACTIVE,109038.00,per Annum,1820,108739.28,0,0.00,0.00
2022,71,DEPT. OF HOMELESS SERVICES,2022-02-21T00:00:00.000,MANHATTAN,SPECIAL OFFICER,ACTIVE,34834.00,per Annum,720,11089.63,15.25,376.19,557.03
2022,71,DEPT. OF HOMELESS SERVICES,1993-09-05T00:00:00.000,BROOKLYN,HUMAN RESOURCES TECHNICIAN,ACTIVE,39049.00,per Annum,1820,38942.02,2.5,54.53,797.69
2022,71,DEPT. OF HOMELESS SERVICES,2016-02-21T00:00:00.000,MANHATTAN,COMMUNITY COORDINATOR,ACTIVE,62215.00,per Annum,1820,62044.58,476.25,21687.68,2365.89
2022,71,DEPT. OF HOMELESS SERVICES,2015-09-14T00:00:00.000,BROOKLYN,SPECIAL OFFICER,CEASED,32435.00,per Annum,0,0.00,0,0.00,4767.06
2022,71,DEPT. OF HOMELESS SERVICES,2015-07-27T00:00:00.000,BROOKLYN,SPECIAL OFFICER,CEASED,50207.00,per Annum,2045,49034.33,588.25,21949.71,7869.70
2022,71,DEPT. OF HOMELESS SERVICES,2018-07-09T00:00:00.000,BRONX,FRAUD INVESTIGATOR,ACTIVE,47705.00,per Annum,1820,47574.28,110.75,3754.43,2187.80
2022,71,DEPT. OF HOMELESS SERVICES,2002-08-19T00:00:00.000,MANHATTAN,MOTOR VEHICLE SUPERVISOR,ACTIVE,57976.00,per Annum,2080,57817.24,366,15878.92,4442.03
2022,71,DEPT. OF HOMELESS SERVICES,2016-02-01T00:00:00.000,BRONX,SPECIAL OFFICER,CEASED,40590.00,per Annum,1440,26207.94,327.5,9249.48,7020.84
2022,71,DEPT. OF HOMELESS SERVICES,2015-08-03T00:00:00.000,MANHATTAN,ADMINISTRATIVE DIRECTOR OF SOCIAL SERVICES,ACTIVE,82400.00,per Annum,1820,82174.30,238.5,13586.76,5069.07
2022,71,DEPT. OF HOMELESS SERVICES,2005-09-12T00:00:00.000,MANHATTAN,ADMINISTRATIVE DIRECTOR OF SOCIAL SERVICES,ACTIVE,107423.00,per Annum,1820,107128.59,0,0.00,2057.90
2022,71,DEPT. OF HOMELESS SERVICES,2014-07-21T00:00:00.000,BRONX,FRAUD INVESTIGATOR,ACTIVE,58741.00,per Annum,1820,59762.77,209.25,9161.49,6283.15
2022,71,DEPT. OF HOMELESS SERVICES,2016-03-07T00:00:00.000,BROOKLYN,CASEWORKER,ACTIVE,47705.00,per Annum,1722,45012.53,28.25,937.53,4802.95
2022,71,DEPT. OF HOMELESS SERVICES,2014-08-18T00:00:00.000,BROOKLYN,CARPENTER,ACTIVE,375.06,per Day,1820,97515.60,192,14801.48,0.00
2022,71,DEPT. OF HOMELESS SERVICES,2021-11-29T00:00:00.000,MANHATTAN,COMMUNITY COORDINATOR,ACTIVE,54100.00,per Annum,1015,30088.51,75,2990.77,829.45
2022,71,DEPT. OF HOMELESS SERVICES,2021-08-23T00:00:00.000,MANHATTAN,ASSOCIATE STAFF ANALYST,ACTIVE,81203.00,per Annum,1505,66964.76,8,388.90,66.00
2022,71,DEPT. OF HOMELESS SERVICES,2005-09-12T00:00:00.000,BRONX,FRAUD INVESTIGATOR,ACTIVE,58741.00,per Annum,1820,58580.08,1890.25,94415.57,8015.78
2022,71,DEPT. OF HOMELESS SERVICES,2019-09-30T00:00:00.000,BRONX,FRAUD INVESTIGATOR,ACTIVE,58741.00,per Annum,1820,45835.54,377.75,13329.98,1557.52
2022,71,DEPT. OF HOMELESS SERVICES,2002-10-07T00:00:00.000,MANHATTAN,COMMUNITY ASSOCIATE,ACTIVE,44107.00,per Annum,1820,43986.27,0,0.00,1417.00
2022,71,DEPT. OF HOMELESS SERVICES,2015-01-26T00:00:00.000,MANHATTAN,ADMINISTRATIVE DIRECTOR OF SOCIAL SERVICES,ON LEAVE,121823.00,per Annum,731.5,48829.09,0,0.00,248.90
2022,71,DEPT. OF HOMELESS SERVICES,2017-07-31T00:00:00.000,MANHATTAN,COMMUNITY ASSOCIATE,ACTIVE,44083.00,per Annum,1736,32588.57,47.75,1375.32,161.79
2022,71,DEPT. OF HOMELESS SERVICES,2018-03-19T00:00:00.000,MANHATTAN,SPECIAL OFFICER,CEASED,38287.00,per Annum,1784,32126.32,937.25,26834.69,5790.92
2022,71,DEPT. OF HOMELESS SERVICES,1996-11-25T00:00:00.000,BRONX,ASSOCIATE FRAUD INVESTIGATOR,CEASED,76539.00,per Annum,0,0.00,0,-2.84,-59.93
2022,71,DEPT. OF HOMELESS SERVICES,2015-10-19T00:00:00.000,QUEENS,ASSISTANT SUPERINTENDENT OF WELFARE SHELTERS,ACTIVE,69152.00,per Annum,1820,71615.06,170.25,8095.24,1156.52
2022,71,DEPT. OF HOMELESS SERVICES,2019-01-07T00:00:00.000,MANHATTAN,EXECUTIVE PROGRAM SPECIALIST,ACTIVE,149350.00,per Annum,1820,149533.34,0,0.00,0.00
2022,71,DEPT. OF HOMELESS SERVICES,1998-05-18T00:00:00.000,BRONX,ASSOCIATE FRAUD INVESTIGATOR,ACTIVE,69238.00,per Annum,1820,69048.20,423.25,23057.68,7596.49
2022,71,DEPT. OF HOMELESS SERVICES,1997-10-20T00:00:00.000,BROOKLYN,ADMIN COMMUNITY RELATIONS SPECIALIST,CEASED,89433.00,per Annum,1082.92,69333.25,0,0.00,935.73
2022,71,DEPT. OF HOMELESS SERVICES,2007-08-27T00:00:00.000,BROOKLYN,SPECIAL OFFICER,ACTIVE,50207.00,per Annum,2080,50069.50,307.25,11452.89,8123.73
2022,71,DEPT. OF HOMELESS SERVICES,2017-01-16T00:00:00.000,MANHATTAN,SPECIAL OFFICER,ACTIVE,39438.00,per Annum,2000,37328.73,503.5,14445.05,7088.43
2022,71,DEPT. OF HOMELESS SERVICES,2018-03-05T00:00:00.000,BROOKLYN,COMMUNITY ASSISTANT,ACTIVE,37398.00,per Annum,1950,37295.44,78.25,2125.95,5384.21
2022,71,DEPT. OF HOMELESS SERVICES,2017-03-13T00:00:00.000,MANHATTAN,SPECIAL OFFICER,CEASED,32426.00,per Annum,0,-1299.13,0,-8.55,1571.65
2022,71,DEPT. OF HOMELESS SERVICES,2017-09-05T00:00:00.000,MANHATTAN,ASSOCIATE STAFF ANALYST,CEASED,78838.00,per Annum,0,2666.88,0,0.00,0.00
2022,71,DEPT. OF HOMELESS SERVICES,2021-09-20T00:00:00.000,MANHATTAN,CLERICAL ASSOCIATE,ACTIVE,36390.00,per Annum,1365,27217.71,0,0.00,0.00
2022,71,DEPT. OF HOMELESS SERVICES,2016-02-22T00:00:00.000,MANHATTAN,COMMUNITY ASSOCIATE,CEASED,47634.00,per Annum,840,14237.93,0,0.00,0.00
2022,71,DEPT. OF HOMELESS SERVICES,2014-06-16T00:00:00.000,MANHATTAN,COMMUNITY COORDINATOR,ACTIVE,62215.00,per Annum,1820,62044.58,99,4092.73,1497.64
2022,71,DEPT. OF HOMELESS SERVICES,2016-03-07T00:00:00.000,BRONX,SPECIAL OFFICER,ACTIVE,40590.00,per Annum,2080,40132.78,102.25,3035.95,4174.89
2022,71,DEPT. OF HOMELESS SERVICES,2012-12-10T00:00:00.000,BROOKLYN,COMMUNITY ASSISTANT,ACTIVE,37398.00,per Annum,1950,37295.44,332,9481.45,6939.96
2022,71,DEPT. OF HOMELESS SERVICES,1993-09-05T00:00:00.000,MANHATTAN,COMMUNITY COORDINATOR,CEASED,69333.00,per Annum,1777.2,67517.00,0,0.00,1383.68
2022,71,DEPT. OF HOMELESS SERVICES,2008-01-22T00:00:00.000,BROOKLYN,SUPERVISING SPECIAL OFFICER,ON LEAVE,55853.00,per Annum,2080,55700.06,183,7342.74,8420.29
2022,71,DEPT. OF HOMELESS SERVICES,2002-09-23T00:00:00.000,BROOKLYN,ASSISTANT SUPERINTENDENT OF WELFARE SHELTERS,CEASED,69176.00,per Annum,0,0.00,0,0.00,2149.84
2022,71,DEPT. OF HOMELESS SERVICES,2015-12-07T00:00:00.000,MANHATTAN,SPECIAL OFFICER,CEASED,32435.00,per Annum,0,0.00,0,0.00,481.36
2022,71,DEPT. OF HOMELESS SERVICES,2021-05-03T00:00:00.000,MANHATTAN,CITY RESEARCH SCIENTIST,ACTIVE,104909.00,per Annum,1820,104621.66,0,0.00,48.75
2022,71,DEPT. OF HOMELESS SERVICES,2022-06-13T00:00:00.000,MANHATTAN,COMMUNITY COORDINATOR,ACTIVE,62215.00,per Annum,35,1193.16,0,0.00,0.00
2022,858,DEPT OF INFO TECH & TELECOMM,2018-08-20T00:00:00.000,BROOKLYN,COMPUTER ASSOCIATE,ACTIVE,89520.00,per Annum,1820,89274.64,0,0.00,3790.64
2022,858,DEPT OF INFO TECH & TELECOMM,2019-12-02T00:00:00.000,MANHATTAN,CALL CENTER REPRESENTATIVE,ACTIVE,40345.00,per Annum,1820,35864.37,0,0.00,204.54
2022,858,DEPT OF INFO TECH & TELECOMM,2018-10-01T00:00:00.000,BROOKLYN,ADMINISTRATIVE STAFF ANALYST,ACTIVE,87577.00,per Annum,1820,91808.01,14,782.67,2611.99
2022,858,DEPT OF INFO TECH & TELECOMM,2016-10-17T00:00:00.000,MANHATTAN,ADMINISTRATIVE STAFF ANALYST,ON LEAVE,86305.00,per Annum,343,31918.11,0,0.00,131.73
2022,858,DEPT OF INFO TECH & TELECOMM,2003-06-07T00:00:00.000,MANHATTAN,RADIO AND TELEVISION OPERATOR,ACTIVE,30.18,per Hour,1040,31387.20,0,0.00,881.64
2022,858,DEPT OF INFO TECH & TELECOMM,2004-07-01T00:00:00.000,BROOKLYN,CERTIFIED IT ADMINISTRATOR,ACTIVE,94244.00,per Annum,1820,93985.84,0,0.00,14707.95
2022,858,DEPT OF INFO TECH & TELECOMM,2014-12-22T00:00:00.000,BROOKLYN,COMPUTER SPECIALIST,CEASED,119083.00,per Annum,1524.13,99450.78,0,0.00,4425.74
2022,858,DEPT OF INFO TECH & TELECOMM,2010-07-12T00:00:00.000,BROOKLYN,COMPUTER SYSTEMS MANAGER,ACTIVE,89372.00,per Annum,1820,89127.21,0,0.00,0.00
2022,858,DEPT OF INFO TECH & TELECOMM,2011-06-13T00:00:00.000,BROOKLYN,CERTIFIED IT ADMINISTRATOR,ACTIVE,118601.00,per Annum,1820,118276.08,0,0.00,2775.24
2022,858,DEPT OF INFO TECH & TELECOMM,2017-01-30T00:00:00.000,BROOKLYN,COMPUTER OPERATIONS MANAGER,ACTIVE,123537.00,per Annum,1820,123198.65,0,0.00,8.25
2022,858,DEPT OF INFO TECH & TELECOMM,2020-01-27T00:00:00.000,MANHATTAN,TELECOMMUNICATION MANAGER,ACTIVE,130000.00,per Annum,1820,129643.80,0,0.00,2490.40
2022,858,DEPT OF INFO TECH & TELECOMM,2009-10-19T00:00:00.000,BROOKLYN,COMPUTER SYSTEMS MANAGER,ACTIVE,169923.00,per Annum,1820,169457.35,0,0.00,3896.95
2022,858,DEPT OF INFO TECH & TELECOMM,2016-03-28T00:00:00.000,BROOKLYN,COMPUTER SPECIALIST,ACTIVE,127243.00,per Annum,1820,126894.30,0,0.00,5782.62
2022,858,DEPT OF INFO TECH & TELECOMM,2010-08-30T00:00:00.000,MANHATTAN,BUSINESS PROMOTION COORDINATOR,ACTIVE,69098.00,per Annum,1820,68908.59,0,0.00,9673.31
2022,858,DEPT OF INFO TECH & TELECOMM,2022-01-18T00:00:00.000,MANHATTAN,CALL CENTER REPRESENTATIVE,ACTIVE,35083.00,per Annum,763,14533.02,0,0.00,67.21
2022,858,DEPT OF INFO TECH & TELECOMM,2021-07-07T00:00:00.000,MANHATTAN,SUMMER GRADUATE INTERN,CEASED,24.73,per Hour,189,4673.97,0,0.00,0.00
2022,858,DEPT OF INFO TECH & TELECOMM,2007-07-30T00:00:00.000,MANHATTAN,CALL CENTER REPRESENTATIVE,CEASED,40345.00,per Annum,66.7,1474.36,0,0.00,100.71
2022,858,DEPT OF INFO TECH & TELECOMM,2003-03-17T00:00:00.000,MANHATTAN,ASSOCIATE STAFF ANALYST,ACTIVE,88941.00,per Annum,1820,105877.46,0,0.00,7505.96
2022,858,DEPT OF INFO TECH & TELECOMM,2019-12-02T00:00:00.000,MANHATTAN,CALL CENTER REPRESENTATIVE,ON LEAVE,38856.00,per Annum,686,13115.19,0,0.00,649.32
2022,858,DEPT OF INFO TECH & TELECOMM,2005-01-03T00:00:00.000,MANHATTAN,ADM MANAGER-NON-MGRL,ACTIVE,76270.00,per Annum,1820,75698.01,9,427.13,6466.67
2022,858,DEPT OF INFO TECH & TELECOMM,2019-10-15T00:00:00.000,BROOKLYN,SENIOR IT ARCHITECT,ACTIVE,180250.00,per Annum,1820,179756.20,0,0.00,0.00
2022,858,DEPT OF INFO TECH & TELECOMM,2021-03-29T00:00:00.000,BROOKLYN,IT SECURITY SPECIALIST,ACTIVE,110000.00,per Annum,1820,109698.68,0,0.00,500.00
2022,858,DEPT OF INFO TECH & TELECOMM,2019-09-09T00:00:00.000,MANHATTAN,COMMUNITY ASSOCIATE,ACTIVE,58710.00,per Annum,1820,58549.14,195,7153.90,257.06
2022,858,DEPT OF INFO TECH & TELECOMM,2016-02-22T00:00:00.000,MANHATTAN,COMPUTER SPECIALIST,ACTIVE,94244.00,per Annum,1820,93985.84,0,0.00,5645.62
2022,858,DEPT OF INFO TECH & TELECOMM,2016-06-13T00:00:00.000,BROOKLYN,TELECOMMUNICATIONS ASSOCIATE,CEASED,74878.00,per Annum,700,28720.31,0,0.00,2950.79
2022,858,DEPT OF INFO TECH & TELECOMM,2003-01-05T00:00:00.000,MANHATTAN,ADM MANAGER-NON-MGRL,CEASED,85939.00,per Annum,350,2240.77,0,0.00,-3389.42
2022,858,DEPT OF INFO TECH & TELECOMM,2005-07-01T00:00:00.000,MANHATTAN,DIRECTOR OF TELEVISION,CEASED,21.08,per Hour,0,-392.09,0,0.00,392.09
2022,858,DEPT OF INFO TECH & TELECOMM,2020-03-16T00:00:00.000,MANHATTAN,ADMINISTRATIVE BUSINESS PROMOTION COORDINATOR,ACTIVE,165000.00,per Annum,1820,164548.01,0,0.00,0.00
2022,858,DEPT OF INFO TECH & TELECOMM,2015-10-05T00:00:00.000,BROOKLYN,CERTIFIED IT ADMINISTRATOR,ACTIVE,94244.00,per Annum,1820,93985.84,0,0.00,5457.87
2022,858,DEPT OF INFO TECH & TELECOMM,2021-04-26T00:00:00.000,MANHATTAN,CYBER SECURITY ANALYST,ACTIVE,82000.00,per Annum,1820,81775.45,27.5,1570.86,19.47
2022,858,DEPT OF INFO TECH & TELECOMM,1991-04-08T00:00:00.000,BROOKLYN,COMPUTER ASSOCIATE,ACTIVE,70960.00,per Annum,1820,70765.50,52,2143.44,6459.94
2022,858,DEPT OF INFO TECH & TELECOMM,2018-05-29T00:00:00.000,BROOKLYN,COMPUTER SYSTEMS MANAGER,CEASED,115849.00,per Annum,1348.75,85617.00,0,0.00,132.00
2022,858,DEPT OF INFO TECH & TELECOMM,1998-11-09T00:00:00.000,BROOKLYN,TELECOMMUNICATIONS ASSOCIATE,ACTIVE,99554.00,per Annum,1820,99281.26,23.5,1488.95,6126.99
2022,858,DEPT OF INFO TECH & TELECOMM,2015-12-07T00:00:00.000,MANHATTAN,STAFF ANALYST,CEASED,60064.00,per Annum,0,2790.53,0,0.00,0.00
2022,858,DEPT OF INFO TECH & TELECOMM,2011-04-18T00:00:00.000,MANHATTAN,COMMUNITY ASSOCIATE,CEASED,50252.00,per Annum,1624.17,44721.86,0,0.00,533.96
2022,858,DEPT OF INFO TECH & TELECOMM,2017-10-23T00:00:00.000,MANHATTAN,COMMUNITY ASSOCIATE,CEASED,44083.00,per Annum,1520.85,36736.03,8,234.65,1782.84
2022,858,DEPT OF INFO TECH & TELECOMM,2008-07-14T00:00:00.000,MANHATTAN,ADM MANAGER-NON-MGRL,ACTIVE,117673.00,per Annum,1820,117350.49,0,0.00,1035.64
2022,858,DEPT OF INFO TECH & TELECOMM,2004-12-06T00:00:00.000,BROOKLYN,COMPUTER SPECIALIST,ACTIVE,107495.00,per Annum,1820,106788.29,0,0.00,6048.70
2022,858,DEPT OF INFO TECH & TELECOMM,2012-12-03T00:00:00.000,MANHATTAN,ADMINISTRATIVE STAFF ANALYST,ACTIVE,99189.00,per Annum,1820,106504.82,0,0.00,0.00
2022,858,DEPT OF INFO TECH & TELECOMM,2012-07-16T00:00:00.000,MANHATTAN,ASSOCIATE STAFF ANALYST,ON LEAVE,81203.00,per Annum,1610,73056.97,0,0.00,41.25
2022,858,DEPT OF INFO TECH & TELECOMM,2022-05-31T00:00:00.000,BROOKLYN,IT SECURITY SPECIALIST,ACTIVE,140000.00,per Annum,98,7517.78,0,0.00,0.00
2022,858,DEPT OF INFO TECH & TELECOMM,2017-09-18T00:00:00.000,MANHATTAN,CALL CENTER REPRESENTATIVE,ON LEAVE,40345.00,per Annum,420,9284.88,1,22.08,890.07
2022,858,DEPT OF INFO TECH & TELECOMM,2022-05-23T00:00:00.000,MANHATTAN,CALL CENTER REPRESENTATIVE,ACTIVE,35083.00,per Annum,140,2690.34,0,0.00,0.00
2022,858,DEPT OF INFO TECH & TELECOMM,2021-07-07T00:00:00.000,MANHATTAN,SUMMER COLLEGE INTERN,CEASED,17.50,per Hour,264,4620.00,0,0.00,0.00
2022,858,DEPT OF INFO TECH & TELECOMM,2019-10-21T00:00:00.000,MANHATTAN,CALL CENTER REPRESENTATIVE,ON LEAVE,40345.00,per Annum,1890,22389.22,0,0.00,0.00
2022,858,DEPT OF INFO TECH & TELECOMM,2009-05-24T00:00:00.000,MANHATTAN,CALL CENTER REPRESENTATIVE,ACTIVE,42172.00,per Annum,1820,42056.56,0,0.00,5136.83
2022,858,DEPT OF INFO TECH & TELECOMM,2019-07-08T00:00:00.000,MANHATTAN,CALL CENTER REPRESENTATIVE,CEASED,40345.00,per Annum,717.13,13080.08,0,0.00,0.00
2022,858,DEPT OF INFO TECH & TELECOMM,2019-04-29T00:00:00.000,BROOKLYN,ASSISTANT COMMISSIONER,CEASED,176000.00,per Annum,1540,148514.97,0,0.00,0.00
2022,858,DEPT OF INFO TECH & TELECOMM,2019-07-08T00:00:00.000,MANHATTAN,CALL CENTER REPRESENTATIVE,ACTIVE,40345.00,per Annum,1820,40161.04,3,66.25,480.24
2022,858,DEPT OF INFO TECH & TELECOMM,2022-06-06T00:00:00.000,MANHATTAN,SUMMER COLLEGE INTERN,ACTIVE,17.50,per Hour,35,612.50,0,0.00,0.00
2022,858,DEPT OF INFO TECH & TELECOMM,2015-01-05T00:00:00.000,BROOKLYN,COMPUTER SPECIALIST,ACTIVE,124755.00,per Annum,1820,124413.12,0,0.00,5274.37
2022,858,DEPT OF INFO TECH & TELECOMM,2019-02-11T00:00:00.000,MANHATTAN,CALL CENTER REPRESENTATIVE,CEASED,40345.00,per Annum,1633.07,36101.91,11,298.12,473.69
2022,858,DEPT OF INFO TECH & TELECOMM,2013-08-26T00:00:00.000,BROOKLYN,TELECOMMUNICATIONS ASSOCIATE,ACTIVE,55806.00,per Annum,1820,55653.00,39,1705.44,5791.09
2022,858,DEPT OF INFO TECH & TELECOMM,2015-02-02T00:00:00.000,BROOKLYN,COMPUTER SPECIALIST,ACTIVE,119083.00,per Annum,1820,118756.81,0,0.00,6324.37
2022,858,DEPT OF INFO TECH & TELECOMM,1999-01-19T00:00:00.000,MANHATTAN,STAFF ANALYST,CEASED,61682.00,per Annum,0,2059.35,0,0.00,0.00
2022,858,DEPT OF INFO TECH & TELECOMM,2022-05-23T00:00:00.000,MANHATTAN,CALL CENTER REPRESENTATIVE,ACTIVE,35083.00,per Annum,140,2676.88,0,0.00,0.00
2022,858,DEPT OF INFO TECH & TELECOMM,2019-12-02T00:00:00.000,MANHATTAN,CYBER SECURITY ANALYST,ACTIVE,110000.00,per Annum,1820,105863.04,0,0.00,0.00
2022,858,DEPT OF INFO TECH & TELECOMM,2010-09-07T00:00:00.000,BROOKLYN,CERTIFIED IT ADMINISTRATOR,ACTIVE,118601.00,per Annum,1820,118276.08,0,0.00,6549.72
2022,858,DEPT OF INFO TECH & TELECOMM,2004-10-12T00:00:00.000,MANHATTAN,RADIO AND TELEVISION OPERATOR,ACTIVE,67285.00,per Annum,1820,67100.55,108,5385.65,11659.35
2022,858,DEPT OF INFO TECH & TELECOMM,2015-12-14T00:00:00.000,MANHATTAN,STAFF ANALYST,CEASED,60064.00,per Annum,0,1360.35,0,0.00,0.00
2022,858,DEPT OF INFO TECH & TELECOMM,2020-03-09T00:00:00.000,MANHATTAN,CALL CENTER REPRESENTATIVE,ACTIVE,40345.00,per Annum,1820,39165.69,7,148.89,672.81
2022,858,DEPT OF INFO TECH & TELECOMM,2001-04-09T00:00:00.000,MANHATTAN,ADMINISTRATIVE STAFF ANALYST,CEASED,121858.00,per Annum,0,1131.14,0,0.00,0.00
2022,858,DEPT OF INFO TECH & TELECOMM,1994-06-26T00:00:00.000,MANHATTAN,SUPERVISOR OF RADIO AND TELEVISION OPERATORS,CEASED,78047.00,per Annum,553,23649.03,0,0.00,2741.96
2022,858,DEPT OF INFO TECH & TELECOMM,2018-10-22T00:00:00.000,MANHATTAN,CALL CENTER REPRESENTATIVE,ACTIVE,40345.00,per Annum,1820,40079.73,0,0.00,0.00
2022,858,DEPT OF INFO TECH & TELECOMM,2019-11-18T00:00:00.000,BROOKLYN,IT SECURITY SPECIALIST,CEASED,110000.00,per Annum,852.25,51262.97,0,0.00,139.75
2022,858,DEPT OF INFO TECH & TELECOMM,2014-12-08T00:00:00.000,BROOKLYN,CERTIFIED IT ADMINISTRATOR,ACTIVE,119083.00,per Annum,1820,118756.81,6,408.45,5323.46
2022,858,DEPT OF INFO TECH & TELECOMM,2007-09-17T00:00:00.000,BROOKLYN,COMPUTER ASSOCIATE,ACTIVE,77547.00,per Annum,1820,77334.65,0,0.00,7400.72
2022,858,DEPT OF INFO TECH & TELECOMM,2019-05-13T00:00:00.000,BROOKLYN,TELECOMMUNICATIONS ASSOCIATE,ACTIVE,56650.00,per Annum,1820,56494.88,51,2314.68,4829.03
2022,858,DEPT OF INFO TECH & TELECOMM,2012-12-31T00:00:00.000,BROOKLYN,CERTIFIED IT ADMINISTRATOR,ACTIVE,113300.00,per Annum,1820,112989.50,0,0.00,5375.87
2022,858,DEPT OF INFO TECH & TELECOMM,2022-02-14T00:00:00.000,BROOKLYN,TELECOMMUNICATION MANAGER,ACTIVE,124683.00,per Annum,630,43041.24,0,0.00,0.00
2022,858,DEPT OF INFO TECH & TELECOMM,2020-03-09T00:00:00.000,MANHATTAN,CALL CENTER REPRESENTATIVE,ACTIVE,40345.00,per Annum,1568,30299.90,0,0.00,596.22
2022,858,DEPT OF INFO TECH & TELECOMM,2014-01-06T00:00:00.000,MANHATTAN,ADMINISTRATIVE STAFF ANALYST,ACTIVE,139175.00,per Annum,1820,157651.97,0,0.00,1827.45
2022,858,DEPT OF INFO TECH & TELECOMM,2009-10-19T00:00:00.000,MANHATTAN,COMPUTER SYSTEMS MANAGER,ACTIVE,185400.00,per Annum,1820,184891.99,0,0.00,3551.70
2022,858,DEPT OF INFO TECH & TELECOMM,2019-05-28T00:00:00.000,MANHATTAN,CALL CENTER REPRESENTATIVE,ON LEAVE,40345.00,per Annum,56,-1229.16,0,0.00,1383.85
2022,858,DEPT OF INFO TECH & TELECOMM,2017-10-02T00:00:00.000,MANHATTAN,COMPUTER SYSTEMS MANAGER,CEASED,229948.00,per Annum,0,0.00,0,0.00,24142.69
2022,858,DEPT OF INFO TECH & TELECOMM,2021-11-15T00:00:00.000,MANHATTAN,CALL CENTER REPRESENTATIVE,ACTIVE,35083.00,per Annum,1085,20839.63,0,0.00,0.00
2022,858,DEPT OF INFO TECH & TELECOMM,2019-05-28T00:00:00.000,MANHATTAN,CALL CENTER REPRESENTATIVE,CEASED,40345.00,per Annum,443.1,4166.64,0,0.00,44.13
2022,858,DEPT OF INFO TECH & TELECOMM,2006-09-03T00:00:00.000,BROOKLYN,ADMINISTRATIVE STAFF ANALYST,ACTIVE,127195.00,per Annum,1820,150118.11,0,0.00,3239.32
2022,858,DEPT OF INFO TECH & TELECOMM,2022-03-14T00:00:00.000,MANHATTAN,CALL CENTER REPRESENTATIVE,ACTIVE,35083.00,per Annum,490,8811.14,0,0.00,0.00
2022,858,DEPT OF INFO TECH & TELECOMM,2022-06-06T00:00:00.000,MANHATTAN,SUMMER GRADUATE INTERN,ACTIVE,24.73,per Hour,35,865.55,0,0.00,0.00
2022,858,DEPT OF INFO TECH & TELECOMM,2016-10-17T00:00:00.000,BROOKLYN,COMPUTER ASSOCIATE,ACTIVE,96251.00,per Annum,1820,95987.31,0,0.00,5274.38
2022,858,DEPT OF INFO TECH & TELECOMM,2013-04-01T00:00:00.000,BROOKLYN,COMPUTER SPECIALIST,ACTIVE,94244.00,per Annum,1820,93985.84,0,0.00,5274.37
2022,858,DEPT OF INFO TECH & TELECOMM,2018-05-21T00:00:00.000,MANHATTAN,COMPUTER SYSTEMS MANAGER,ACTIVE,121116.00,per Annum,1820,120784.29,0,0.00,74.75
2022,858,DEPT OF INFO TECH & TELECOMM,2017-07-31T00:00:00.000,MANHATTAN,ADMINISTRATIVE PUBLIC INFORMATION SPECIALIST,ACTIVE,180000.00,per Annum,1820,154375.83,0,0.00,2663.80
2022,858,DEPT OF INFO TECH & TELECOMM,2019-02-11T00:00:00.000,MANHATTAN,CALL CENTER REPRESENTATIVE,CEASED,40345.00,per Annum,1575,34508.71,0,0.00,154.58
2022,858,DEPT OF INFO TECH & TELECOMM,2019-05-28T00:00:00.000,MANHATTAN,CALL CENTER REPRESENTATIVE,ACTIVE,40345.00,per Annum,1820,39615.48,0,0.00,0.00
2022,858,DEPT OF INFO TECH & TELECOMM,2017-12-18T00:00:00.000,BROOKLYN,PROCUREMENT ANALYST,CEASED,91311.00,per Annum,1032.52,51660.13,0,0.00,0.00
2022,858,DEPT OF INFO TECH & TELECOMM,2018-12-10T00:00:00.000,BROOKLYN,TELECOMMUNICATIONS ASSOCIATE,ACTIVE,77250.00,per Annum,1820,77038.26,0,0.00,2457.06
2022,858,DEPT OF INFO TECH & TELECOMM,2015-01-05T00:00:00.000,BROOKLYN,CERTIFIED IT DEVELOPER,CEASED,96134.00,per Annum,841.17,44309.41,0,0.00,2437.71
2022,858,DEPT OF INFO TECH & TELECOMM,2017-06-26T00:00:00.000,BROOKLYN,COMPUTER SPECIALIST,ACTIVE,96682.00,per Annum,1820,96417.10,0,0.00,5308.37
2022,858,DEPT OF INFO TECH & TELECOMM,2015-11-23T00:00:00.000,MANHATTAN,ADMINISTRATIVE PUBLIC INFORMATION SPECIALIST NM FORMER M1/M2,ACTIVE,138750.00,per Annum,1820,133000.08,0,0.00,2474.70
2022,858,DEPT OF INFO TECH & TELECOMM,2008-12-08T00:00:00.000,BROOKLYN,INSPECTOR,ACTIVE,57680.00,per Annum,1820,57521.88,0,0.00,1887.84
2022,858,DEPT OF INFO TECH & TELECOMM,2005-10-24T00:00:00.000,MANHATTAN,ADM MANAGER-NON-MGRL,ACTIVE,81105.00,per Annum,1820,80604.70,45,2296.44,1959.76
2022,858,DEPT OF INFO TECH & TELECOMM,2021-06-07T00:00:00.000,BROOKLYN,TELECOMMUNICATION MANAGER,CEASED,150000.00,per Annum,70,5753.43,0,0.00,1849.32
2022,858,DEPT OF INFO TECH & TELECOMM,2015-11-16T00:00:00.000,MANHATTAN,CLERICAL ASSOCIATE,ACTIVE,44083.00,per Annum,1820,43962.11,0,0.00,447.25
2022,858,DEPT OF INFO TECH & TELECOMM,2020-05-18T00:00:00.000,MANHATTAN,CALL CENTER REPRESENTATIVE,ACTIVE,40345.00,per Annum,1820,39090.73,54.75,1371.21,3372.42
2022,858,DEPT OF INFO TECH & TELECOMM,2018-09-17T00:00:00.000,MANHATTAN,CERTIFIED IT ADMINISTRATOR,ACTIVE,130000.00,per Annum,1820,129643.80,0,0.00,6138.06
2022,858,DEPT OF INFO TECH & TELECOMM,2021-11-15T00:00:00.000,MANHATTAN,CALL CENTER REPRESENTATIVE,CEASED,35083.00,per Annum,119,2281.16,0,0.00,0.00
2022,858,DEPT OF INFO TECH & TELECOMM,2016-07-05T00:00:00.000,BROOKLYN,COMPUTER SPECIALIST,ACTIVE,119610.00,per Annum,1820,119282.28,0,0.00,5315.62
2022,858,DEPT OF INFO TECH & TELECOMM,2017-10-02T00:00:00.000,MANHATTAN,CERTIFIED IT ADMINISTRATOR,ACTIVE,94244.00,per Annum,1820,93985.84,0,0.00,16780.03
2022,858,DEPT OF INFO TECH & TELECOMM,2016-09-26T00:00:00.000,BROOKLYN,COMPUTER SPECIALIST,ON LEAVE,136951.00,per Annum,1680,126070.07,0,0.00,6807.77
2022,858,DEPT OF INFO TECH & TELECOMM,2013-04-01T00:00:00.000,MANHATTAN,ASSOCIATE CALL CENTER REPRESENTATIVE-NON-SPVR,ON LEAVE,73116.00,per Annum,1820,72915.70,54,2592.26,2960.87
2022,858,DEPT OF INFO TECH & TELECOMM,2013-06-10T00:00:00.000,MANHATTAN,CALL CENTER REPRESENTATIVE,ACTIVE,40345.00,per Annum,1820,40079.73,0,0.00,1038.73
2022,858,DEPT OF INFO TECH & TELECOMM,2003-01-06T00:00:00.000,MANHATTAN,ASSOCIATE CALL CENTER REPRESENTATIVE-NON-SPVR,ACTIVE,73290.00,per Annum,1820,64618.30,0,0.00,8026.37
2022,858,DEPT OF INFO TECH & TELECOMM,2019-04-23T00:00:00.000,MANHATTAN,Deputy Commissioner,ACTIVE,169950.00,per Annum,1820,169484.38,0,0.00,3906.90
2022,858,DEPT OF INFO TECH & TELECOMM,2019-10-21T00:00:00.000,MANHATTAN,CALL CENTER REPRESENTATIVE,ACTIVE,40345.00,per Annum,1820,39732.72,0,0.00,0.00
2022,858,DEPT OF INFO TECH & TELECOMM,2019-12-02T00:00:00.000,MANHATTAN,CALL CENTER REPRESENTATIVE,ACTIVE,40345.00,per Annum,1820,39412.35,0,0.00,1882.51
2022,858,DEPT OF INFO TECH & TELECOMM,2017-04-03T00:00:00.000,BROOKLYN,COMPUTER SYSTEMS MANAGER,ACTIVE,139652.00,per Annum,1820,139269.50,0,0.00,0.00
2022,858,DEPT OF INFO TECH & TELECOMM,2018-05-21T00:00:00.000,MANHATTAN,CALL CENTER REPRESENTATIVE,ACTIVE,40345.00,per Annum,1820,40234.48,1,22.08,231.87
2022,858,DEPT OF INFO TECH & TELECOMM,2012-04-30T00:00:00.000,BROOKLYN,COMPUTER SYSTEMS MANAGER,ACTIVE,114393.00,per Annum,1820,109692.12,0,0.00,191.25
2022,858,DEPT OF INFO TECH & TELECOMM,2006-02-27T00:00:00.000,BROOKLYN,COMPUTER SYSTEMS MANAGER,ACTIVE,136013.00,per Annum,1820,135640.44,0,0.00,2605.60
2022,858,DEPT OF INFO TECH & TELECOMM,2014-06-30T00:00:00.000,BROOKLYN,COMPUTER SYSTEMS MANAGER,ACTIVE,165524.00,per Annum,1820,165070.61,0,0.00,4654.95
2022,858,DEPT OF INFO TECH & TELECOMM,2016-03-06T00:00:00.000,MANHATTAN,PRINCIPAL ADMINISTRATIVE ASSOCIATE -  NON SUPVR,ACTIVE,77190.00,per Annum,1820,76978.46,0,0.00,2345.72
2022,858,DEPT OF INFO TECH & TELECOMM,2016-10-03T00:00:00.000,BROOKLYN,CERTIFIED IT ADMINISTRATOR,ACTIVE,96682.00,per Annum,1820,96417.10,0,0.00,12114.51
2022,858,DEPT OF INFO TECH & TELECOMM,2006-07-31T00:00:00.000,BROOKLYN,ASSOCIATE INVESTIGATOR,ACTIVE,58880.00,per Annum,1820,58718.67,0,0.00,5890.71
2022,858,DEPT OF INFO TECH & TELECOMM,2018-07-02T00:00:00.000,BROOKLYN,COMPUTER ASSOCIATE,ACTIVE,101008.00,per Annum,1820,100731.28,0,0.00,3923.81
2022,858,DEPT OF INFO TECH & TELECOMM,2017-03-27T00:00:00.000,BROOKLYN,STAFF ANALYST,ACTIVE,71840.00,per Annum,1820,77925.46,0,0.00,0.00
2022,858,DEPT OF INFO TECH & TELECOMM,2017-01-23T00:00:00.000,MANHATTAN,ASSOCIATE CALL CENTER REPRESENTATIVE-NON-SPVR,ACTIVE,56237.00,per Annum,1820,54684.48,1,30.78,4678.58
2022,858,DEPT OF INFO TECH & TELECOMM,2021-06-16T00:00:00.000,BROOKLYN,SUMMER GRADUATE INTERN,CEASED,24.73,per Hour,328,7493.20,0,0.00,791.36
2022,858,DEPT OF INFO TECH & TELECOMM,2017-10-23T00:00:00.000,MANHATTAN,CALL CENTER REPRESENTATIVE,ON LEAVE,40345.00,per Annum,665,14391.47,0,0.00,724.06
2022,858,DEPT OF INFO TECH & TELECOMM,2014-09-22T00:00:00.000,BROOKLYN,COMPUTER ASSOCIATE,ACTIVE,100704.00,per Annum,1820,100428.11,78,5279.31,5528.82
2022,858,DEPT OF INFO TECH & TELECOMM,2015-03-30T00:00:00.000,BROOKLYN,COMPUTER SPECIALIST,ACTIVE,130424.00,per Annum,1820,130066.57,2,148.56,5538.89
2022,858,DEPT OF INFO TECH & TELECOMM,2003-07-21T00:00:00.000,MANHATTAN,RADIO AND TELEVISION OPERATOR,ACTIVE,59933.00,per Annum,1820,59768.80,148,6940.67,10205.40
2022,858,DEPT OF INFO TECH & TELECOMM,2022-05-23T00:00:00.000,MANHATTAN,CALL CENTER REPRESENTATIVE,ACTIVE,35083.00,per Annum,140,2690.98,0,0.00,0.00
2022,858,DEPT OF INFO TECH & TELECOMM,2022-04-25T00:00:00.000,BROOKLYN,ADMINISTRATIVE STAFF ANALYST,ACTIVE,195000.00,per Annum,280,29917.80,0,0.00,0.00
2022,858,DEPT OF INFO TECH & TELECOMM,1992-07-27T00:00:00.000,BROOKLYN,ADM MANAGER-NON-MGRL,ACTIVE,115000.00,per Annum,1820,104750.14,13.5,838.29,1807.06
2022,858,DEPT OF INFO TECH & TELECOMM,2018-10-01T00:00:00.000,BROOKLYN,COMMUNITY COORDINATOR,ACTIVE,72100.00,per Annum,1820,71902.48,0,0.00,0.00
2022,858,DEPT OF INFO TECH & TELECOMM,2003-02-10T00:00:00.000,MANHATTAN,ASSOCIATE STAFF ANALYST,CEASED,101160.00,per Annum,0,9445.89,0,0.00,-4.55
2022,858,DEPT OF INFO TECH & TELECOMM,2019-10-21T00:00:00.000,BROOKLYN,COMPUTER SPECIALIST,ACTIVE,113736.00,per Annum,1820,113277.55,0,0.00,328.00
2022,858,DEPT OF INFO TECH & TELECOMM,2015-01-26T00:00:00.000,MANHATTAN,STAFF ANALYST,CEASED,61866.00,per Annum,0,3104.11,0,0.00,0.00
2022,858,DEPT OF INFO TECH & TELECOMM,2021-11-08T00:00:00.000,BROOKLYN,ADMINISTRATIVE PROJECT MANAGER,ACTIVE,160000.00,per Annum,1120,98191.84,0,0.00,0.00
2022,858,DEPT OF INFO TECH & TELECOMM,2022-05-23T00:00:00.000,MANHATTAN,CALL CENTER REPRESENTATIVE,CEASED,35083.00,per Annum,28,538.20,0,0.00,0.00
2022,858,DEPT OF INFO TECH & TELECOMM,2008-09-15T00:00:00.000,BROOKLYN,CERTIFIED IT ADMINISTRATOR,ON SEPARATION LEAVE,129514.00,per Annum,1813,125184.98,0,0.00,5189.32
2022,858,DEPT OF INFO TECH & TELECOMM,2021-08-02T00:00:00.000,MANHATTAN,CALL CENTER REPRESENTATIVE,CEASED,35083.00,per Annum,70,1345.65,0,0.00,0.00
2022,858,DEPT OF INFO TECH & TELECOMM,2015-12-14T00:00:00.000,BROOKLYN,COMPUTER SPECIALIST,CEASED,128750.00,per Annum,515.17,36343.81,0,0.00,1509.48
2022,858,DEPT OF INFO TECH & TELECOMM,2018-12-31T00:00:00.000,BROOKLYN,CERTIFIED IT ADMINISTRATOR,CEASED,113300.00,per Annum,1176.25,73023.76,0,0.00,404.85
2022,858,DEPT OF INFO TECH & TELECOMM,2016-05-23T00:00:00.000,BROOKLYN,COMPUTER ASSOCIATE,ACTIVE,90000.00,per Annum,1820,60242.51,0,0.00,5274.37
2022,858,DEPT OF INFO TECH & TELECOMM,2013-06-10T00:00:00.000,MANHATTAN,CALL CENTER REPRESENTATIVE,ACTIVE,40345.00,per Annum,1789,23444.01,14,316.56,1632.64
2022,858,DEPT OF INFO TECH & TELECOMM,2015-09-08T00:00:00.000,MANHATTAN,TELECOMMUNICATIONS ASSOCIATE,ACTIVE,72273.00,per Annum,1820,72075.11,0,0.00,5290.87
2022,858,DEPT OF INFO TECH & TELECOMM,2016-10-31T00:00:00.000,BROOKLYN,COMPUTER SYSTEMS MANAGER,ACTIVE,129780.00,per Annum,1820,129424.36,0,0.00,0.00
2022,858,DEPT OF INFO TECH & TELECOMM,2022-06-06T00:00:00.000,MANHATTAN,SUMMER GRADUATE INTERN,ACTIVE,24.73,per Hour,35,865.55,0,0.00,0.00
2022,858,DEPT OF INFO TECH & TELECOMM,2021-11-15T00:00:00.000,MANHATTAN,CALL CENTER REPRESENTATIVE,ACTIVE,35083.00,per Annum,1085,19912.13,0,0.00,201.63
2022,858,DEPT OF INFO TECH & TELECOMM,2019-06-10T00:00:00.000,BROOKLYN,COMPUTER SPECIALIST,ACTIVE,105060.00,per Annum,1820,104772.20,0,0.00,5807.37
2022,858,DEPT OF INFO TECH & TELECOMM,2021-04-12T00:00:00.000,MANHATTAN,COMMUNITY ASSOCIATE,ACTIVE,60000.00,per Annum,1820,58684.92,0,0.00,76.25
2022,858,DEPT OF INFO TECH & TELECOMM,2007-08-20T00:00:00.000,BROOKLYN,CLERICAL ASSOCIATE,ACTIVE,40828.00,per Annum,1820,40716.25,0,0.00,2747.42
2022,858,DEPT OF INFO TECH & TELECOMM,2020-05-18T00:00:00.000,MANHATTAN,CALL CENTER REPRESENTATIVE,ACTIVE,40345.00,per Annum,1820,38612.99,0,0.00,2519.92
2022,858,DEPT OF INFO TECH & TELECOMM,2012-01-30T00:00:00.000,BROOKLYN,CLERICAL ASSOCIATE,ACTIVE,41848.00,per Annum,1820,33121.16,10.25,257.62,3930.64
2022,858,DEPT OF INFO TECH & TELECOMM,2014-07-28T00:00:00.000,BROOKLYN,CERTIFIED IT ADMINISTRATOR,ACTIVE,108150.00,per Annum,1820,107853.71,16.5,1031.71,15484.76
2022,858,DEPT OF INFO TECH & TELECOMM,2014-08-04T00:00:00.000,BROOKLYN,COMPUTER ASSOCIATE,ACTIVE,76587.00,per Annum,1820,76377.08,47.5,2394.53,2198.41
2022,858,DEPT OF INFO TECH & TELECOMM,2017-09-18T00:00:00.000,MANHATTAN,CALL CENTER REPRESENTATIVE,ACTIVE,40345.00,per Annum,1820,40234.48,0,0.00,3469.59
2022,858,DEPT OF INFO TECH & TELECOMM,2016-07-18T00:00:00.000,BROOKLYN,COMPUTER SYSTEMS MANAGER,ACTIVE,164800.00,per Annum,1820,164348.60,20,2074.66,569.95
2022,858,DEPT OF INFO TECH & TELECOMM,2007-09-10T00:00:00.000,BROOKLYN,COMPUTER SYSTEMS MANAGER,CEASED,138541.00,per Annum,1155,87679.10,0,0.00,0.00
2022,858,DEPT OF INFO TECH & TELECOMM,2020-02-28T00:00:00.000,MANHATTAN,COLLEGE AIDE - ASSIGNMENT LEVELS II AND III,CEASED,20.76,per Hour,42,871.92,0,0.00,0.00
2022,858,DEPT OF INFO TECH & TELECOMM,2006-07-10T00:00:00.000,BROOKLYN,COMPUTER SYSTEMS MANAGER,ACTIVE,127196.00,per Annum,1820,126847.50,0,0.00,176.75
2022,858,DEPT OF INFO TECH & TELECOMM,2021-10-25T00:00:00.000,BROOKLYN,TELECOMMUNICATIONS MANAGER,ACTIVE,128000.00,per Annum,1190,83463.03,60.5,5762.44,213.51
2022,858,DEPT OF INFO TECH & TELECOMM,2013-04-29T00:00:00.000,MANHATTAN,DIRECTOR OF TELEVISION,ACTIVE,63947.00,per Annum,1820,63771.76,126,5468.75,4229.57
2022,858,DEPT OF INFO TECH & TELECOMM,2013-06-10T00:00:00.000,BROOKLYN,CERTIFIED IT ADMINISTRATOR,ACTIVE,109903.00,per Annum,1820,109601.96,0,0.00,5274.37
2022,858,DEPT OF INFO TECH & TELECOMM,2021-10-04T00:00:00.000,MANHATTAN,EXECUTIVE AGENCY COUNSEL,ACTIVE,140000.00,per Annum,1295,99342.41,0,0.00,0.00
2022,858,DEPT OF INFO TECH & TELECOMM,2008-01-07T00:00:00.000,MANHATTAN,IT PROJECT SPECIALIST,ACTIVE,98403.00,per Annum,1820,94358.92,0,0.00,1539.96
2022,858,DEPT OF INFO TECH & TELECOMM,2017-07-03T00:00:00.000,BROOKLYN,COMPUTER SPECIALIST,ACTIVE,112795.00,per Annum,1820,112485.88,0,0.00,17248.29
2022,858,DEPT OF INFO TECH & TELECOMM,2006-04-17T00:00:00.000,MANHATTAN,ADM MANAGER-NON-MGRL,ACTIVE,76270.00,per Annum,1820,76060.93,0,0.00,1764.35
2022,858,DEPT OF INFO TECH & TELECOMM,2022-01-24T00:00:00.000,MANHATTAN,COMMUNITY COORDINATOR,ACTIVE,75000.00,per Annum,735,29630.12,1,41.05,58.75
2022,858,DEPT OF INFO TECH & TELECOMM,2018-11-05T00:00:00.000,MANHATTAN,IT PROJECT SPECIALIST,CEASED,85000.00,per Annum,43.25,2014.21,0,0.00,1628.20
2022,858,DEPT OF INFO TECH & TELECOMM,2016-11-07T00:00:00.000,BROOKLYN,CERTIFIED IT DEVELOPER,ACTIVE,130000.00,per Annum,1820,126114.36,0,0.00,5397.38
2022,858,DEPT OF INFO TECH & TELECOMM,2022-06-06T00:00:00.000,BROOKLYN,SUMMER GRADUATE INTERN,ACTIVE,24.73,per Hour,35,865.55,0,0.00,0.00
2022,858,DEPT OF INFO TECH & TELECOMM,2005-10-24T00:00:00.000,MANHATTAN,CALL CENTER REPRESENTATIVE,ACTIVE,40345.00,per Annum,1820,29989.69,0,0.00,3011.99
2022,858,DEPT OF INFO TECH & TELECOMM,2004-11-15T00:00:00.000,MANHATTAN,ADM MANAGER-NON-MGRL,ACTIVE,74123.00,per Annum,1820,73610.90,23.5,995.49,1764.35
2022,858,DEPT OF INFO TECH & TELECOMM,2015-05-18T00:00:00.000,BROOKLYN,COMPUTER SPECIALIST,ACTIVE,136096.00,per Annum,1820,135723.12,21,1663.81,5517.79
2022,858,DEPT OF INFO TECH & TELECOMM,2009-10-26T00:00:00.000,BROOKLYN,COMPUTER SYSTEMS MANAGER,ACTIVE,140898.00,per Annum,1820,140512.06,0,0.00,2949.20
2022,858,DEPT OF INFO TECH & TELECOMM,2021-11-15T00:00:00.000,MANHATTAN,CALL CENTER REPRESENTATIVE,CEASED,35083.00,per Annum,455,8727.50,0,0.00,-358.83
2022,858,DEPT OF INFO TECH & TELECOMM,2019-03-25T00:00:00.000,MANHATTAN,CALL CENTER REPRESENTATIVE,CEASED,40345.00,per Annum,1629.52,35713.95,20,463.74,1110.04
2022,858,DEPT OF INFO TECH & TELECOMM,2016-01-19T00:00:00.000,BROOKLYN,CERTIFIED IT ADMINISTRATOR,ACTIVE,138308.00,per Annum,1820,137928.97,0,0.00,5376.87
2022,858,DEPT OF INFO TECH & TELECOMM,2009-01-20T00:00:00.000,BROOKLYN,TELECOMMUNICATION MANAGER,ACTIVE,126429.00,per Annum,1820,126082.58,0,0.00,0.00
2022,858,DEPT OF INFO TECH & TELECOMM,2002-10-07T00:00:00.000,BROOKLYN,COMPUTER SYSTEMS MANAGER,ACTIVE,137477.00,per Annum,1820,137100.34,2,151.37,922.44
2022,858,DEPT OF INFO TECH & TELECOMM,2022-05-16T00:00:00.000,BROOKLYN,CYBER SECURITY ANALYST,ACTIVE,83000.00,per Annum,175,7958.90,0,0.00,0.00
2022,858,DEPT OF INFO TECH & TELECOMM,2016-08-22T00:00:00.000,BROOKLYN,CERTIFIED IT ADMINISTRATOR,ACTIVE,149277.00,per Annum,1820,144871.02,3,253.80,5563.29
2022,858,DEPT OF INFO TECH & TELECOMM,2019-05-06T00:00:00.000,MANHATTAN,IT SECURITY SPECIALIST,ACTIVE,140000.00,per Annum,1820,135088.41,51.75,4602.46,505.07
2022,858,DEPT OF INFO TECH & TELECOMM,2017-01-23T00:00:00.000,BROOKLYN,COMPUTER SPECIALIST,ACTIVE,96682.00,per Annum,1820,96417.10,130,9348.77,7649.98
2022,858,DEPT OF INFO TECH & TELECOMM,2018-08-20T00:00:00.000,MANHATTAN,COMMUNITY COORDINATOR,ACTIVE,68457.00,per Annum,1659,60392.11,0,0.00,0.00
2022,858,DEPT OF INFO TECH & TELECOMM,2021-07-06T00:00:00.000,BROOKLYN,SUMMER COLLEGE INTERN,CEASED,17.50,per Hour,249,4357.50,0,0.00,0.00
2022,858,DEPT OF INFO TECH & TELECOMM,2004-01-05T00:00:00.000,MANHATTAN,ASSOCIATE CALL CENTER REPRESENTATIVE-NON-SPVR,ACTIVE,56267.00,per Annum,1820,56112.94,0,0.00,4606.82
2022,858,DEPT OF INFO TECH & TELECOMM,2020-02-03T00:00:00.000,BROOKLYN,DEPUTY COMMISSIONER OF IT,ACTIVE,236900.00,per Annum,1820,236251.07,0,0.00,0.00
2022,858,DEPT OF INFO TECH & TELECOMM,2013-07-15T00:00:00.000,MANHATTAN,CERTIFIED IT ADMINISTRATOR,ACTIVE,148972.00,per Annum,1820,148563.75,175,17477.61,5332.12
2022,858,DEPT OF INFO TECH & TELECOMM,2021-06-07T00:00:00.000,MANHATTAN,CALL CENTER REPRESENTATIVE,CEASED,35083.00,per Annum,1309,21208.34,0,0.00,61.90
2022,858,DEPT OF INFO TECH & TELECOMM,2017-01-09T00:00:00.000,MANHATTAN,RADIO AND TELEVISION OPERATOR,ACTIVE,55140.00,per Annum,1820,51404.32,0,0.00,3486.07
2022,858,DEPT OF INFO TECH & TELECOMM,2022-06-13T00:00:00.000,MANHATTAN,IT SECURITY SPECIALIST,ACTIVE,135000.00,per Annum,35,2589.04,0,0.00,0.00
2022,858,DEPT OF INFO TECH & TELECOMM,2015-08-03T00:00:00.000,BROOKLYN,COMPUTER SYSTEMS MANAGER,ACTIVE,160000.00,per Annum,1820,159561.74,0,0.00,1000.00
2022,858,DEPT OF INFO TECH & TELECOMM,2022-01-18T00:00:00.000,MANHATTAN,CALL CENTER REPRESENTATIVE,CEASED,35083.00,per Annum,71.5,1374.46,0,0.00,0.00
2022,858,DEPT OF INFO TECH & TELECOMM,2006-09-05T00:00:00.000,BROOKLYN,COMPUTER SYSTEMS MANAGER,ACTIVE,128130.00,per Annum,1820,127779.07,0,0.00,134.00
2022,858,DEPT OF INFO TECH & TELECOMM,2013-11-12T00:00:00.000,BROOKLYN,CERTIFIED IT ADMINISTRATOR,ACTIVE,113736.00,per Annum,1820,113424.48,0,0.00,5274.37
2022,858,DEPT OF INFO TECH & TELECOMM,2021-07-06T00:00:00.000,BROOKLYN,IT SECURITY SPECIALIST,ACTIVE,135000.00,per Annum,1750,129451.94,6,443.34,41.25
2022,858,DEPT OF INFO TECH & TELECOMM,2016-05-23T00:00:00.000,BROOKLYN,COMPUTER SPECIALIST,ACTIVE,110647.00,per Annum,1820,110343.75,0,0.00,6123.90
2022,858,DEPT OF INFO TECH & TELECOMM,2019-09-09T00:00:00.000,BROOKLYN,IT SECURITY SPECIALIST,CEASED,113300.00,per Annum,1540,95606.50,0,0.00,33.00
2022,858,DEPT OF INFO TECH & TELECOMM,2013-06-10T00:00:00.000,MANHATTAN,COMPUTER PROGRAMMER ANALYST,ACTIVE,81698.00,per Annum,1820,81474.12,0,0.00,5304.50
2022,858,DEPT OF INFO TECH & TELECOMM,2019-10-14T00:00:00.000,BROOKLYN,ADM MANAGER-NON-MGRL,ACTIVE,135000.00,per Annum,1470,77634.19,0,0.00,1940.87
2022,858,DEPT OF INFO TECH & TELECOMM,2014-02-24T00:00:00.000,MANHATTAN,CALL CENTER REPRESENTATIVE,ACTIVE,40345.00,per Annum,1820,40234.48,2.5,56.53,1359.00
2022,858,DEPT OF INFO TECH & TELECOMM,2019-11-25T00:00:00.000,MANHATTAN,COMMUNITY COORDINATOR,ACTIVE,81535.00,per Annum,1820,81311.62,0,0.00,57.75
2022,858,DEPT OF INFO TECH & TELECOMM,2018-05-21T00:00:00.000,MANHATTAN,CALL CENTER REPRESENTATIVE,ACTIVE,40345.00,per Annum,1820,39051.74,31.5,831.41,848.51
2022,858,DEPT OF INFO TECH & TELECOMM,2018-10-22T00:00:00.000,MANHATTAN,COMPUTER SYSTEMS MANAGER,ACTIVE,154500.00,per Annum,1820,154076.77,0,0.00,500.00
2022,858,DEPT OF INFO TECH & TELECOMM,2003-03-03T00:00:00.000,MANHATTAN,ADMINISTRATIVE STAFF ANALYST,ACTIVE,154585.00,per Annum,1820,181311.09,0,0.00,3231.07
2022,858,DEPT OF INFO TECH & TELECOMM,2004-09-26T00:00:00.000,BROOKLYN,CERTIFIED IT ADMINISTRATOR,ON SEPARATION LEAVE,132730.00,per Annum,1734,126111.52,0,0.00,7915.19
2022,858,DEPT OF INFO TECH & TELECOMM,2005-10-24T00:00:00.000,MANHATTAN,ADM MANAGER-NON-MGRL,ACTIVE,85939.00,per Annum,1820,86041.81,0,0.00,1764.35
2022,858,DEPT OF INFO TECH & TELECOMM,2006-08-28T00:00:00.000,BROOKLYN,CERTIFIED IT ADMINISTRATOR,ACTIVE,133900.00,per Annum,1820,133533.14,0,0.00,6916.57
2022,858,DEPT OF INFO TECH & TELECOMM,2022-06-06T00:00:00.000,BROOKLYN,SUMMER GRADUATE INTERN,ACTIVE,24.73,per Hour,27,667.71,0,0.00,0.00
2022,858,DEPT OF INFO TECH & TELECOMM,2019-10-14T00:00:00.000,MANHATTAN,COMMUNITY COORDINATOR,ACTIVE,83981.00,per Annum,1820,81762.46,0,0.00,262.47
2022,858,DEPT OF INFO TECH & TELECOMM,2019-11-25T00:00:00.000,BROOKLYN,CLERICAL ASSOCIATE,ON LEAVE,57000.00,per Annum,1239,34793.19,0,0.00,749.72
2022,858,DEPT OF INFO TECH & TELECOMM,2019-10-21T00:00:00.000,MANHATTAN,COMMUNITY ASSOCIATE,ACTIVE,44083.00,per Annum,1820,41883.27,0,0.00,648.88
2022,858,DEPT OF INFO TECH & TELECOMM,2013-04-29T00:00:00.000,BROOKLYN,COMPUTER OPERATIONS MANAGER,ACTIVE,146153.00,per Annum,1820,146374.31,0,0.00,26.83
2022,858,DEPT OF INFO TECH & TELECOMM,2018-04-23T00:00:00.000,BROOKLYN,TELECOMMUNICATIONS ASSOCIATE,CEASED,95000.00,per Annum,1541,77904.33,0,0.00,0.00
2022,858,DEPT OF INFO TECH & TELECOMM,2017-03-27T00:00:00.000,BROOKLYN,COMPUTER SPECIALIST,ACTIVE,118167.00,per Annum,1820,117843.19,0,0.00,5274.37
2022,858,DEPT OF INFO TECH & TELECOMM,2004-07-19T00:00:00.000,BROOKLYN,COMPUTER SYSTEMS MANAGER,ACTIVE,132129.00,per Annum,1820,131766.96,0,0.00,2531.20
2022,858,DEPT OF INFO TECH & TELECOMM,2004-12-13T00:00:00.000,BROOKLYN,COMPUTER SPECIALIST,ACTIVE,129260.00,per Annum,1820,128905.92,0,0.00,8548.75
2022,858,DEPT OF INFO TECH & TELECOMM,2022-01-24T00:00:00.000,BROOKLYN,IT INFRASTRUCTURE ENGINEER,ACTIVE,134070.00,per Annum,735,53995.31,0,0.00,496.72
2022,858,DEPT OF INFO TECH & TELECOMM,2022-05-23T00:00:00.000,MANHATTAN,CALL CENTER REPRESENTATIVE,ACTIVE,35083.00,per Annum,140,2556.74,0,0.00,0.00
2022,858,DEPT OF INFO TECH & TELECOMM,2018-02-12T00:00:00.000,BROOKLYN,COMPUTER SYSTEMS MANAGER,CEASED,157976.00,per Annum,735,63622.90,0,0.00,14781.56
2022,858,DEPT OF INFO TECH & TELECOMM,2016-11-14T00:00:00.000,BROOKLYN,ADMINISTRATIVE BUSINESS PROMOTION COORDINATOR,ACTIVE,118450.00,per Annum,1820,118125.54,0,0.00,2269.15
2022,858,DEPT OF INFO TECH & TELECOMM,2019-05-28T00:00:00.000,MANHATTAN,CALL CENTER REPRESENTATIVE,ON LEAVE,40345.00,per Annum,294,4885.58,0,0.00,707.41
2022,858,DEPT OF INFO TECH & TELECOMM,2005-10-24T00:00:00.000,MANHATTAN,CALL CENTER REPRESENTATIVE,ACTIVE,40345.00,per Annum,1820,39460.73,2,48.62,7831.04
2022,858,DEPT OF INFO TECH & TELECOMM,2021-12-06T00:00:00.000,MANHATTAN,IT SECURITY SPECIALIST,ACTIVE,145000.00,per Annum,980,77862.96,0,0.00,0.00
2022,858,DEPT OF INFO TECH & TELECOMM,2015-09-14T00:00:00.000,BROOKLYN,COMPUTER SPECIALIST,ACTIVE,106023.00,per Annum,1820,104919.31,0,0.00,5335.79
2022,858,DEPT OF INFO TECH & TELECOMM,2015-12-28T00:00:00.000,BROOKLYN,CERTIFIED IT ADMINISTRATOR,ACTIVE,128909.00,per Annum,1820,128555.71,0,0.00,12944.20
2022,858,DEPT OF INFO TECH & TELECOMM,2017-10-23T00:00:00.000,MANHATTAN,COMMUNITY ASSOCIATE,CEASED,44083.00,per Annum,442.1,10678.89,0,0.00,0.00
2022,858,DEPT OF INFO TECH & TELECOMM,2006-07-17T00:00:00.000,BROOKLYN,ASSOCIATE INVESTIGATOR,ACTIVE,84611.00,per Annum,1820,82748.52,0,0.00,4865.63
2022,858,DEPT OF INFO TECH & TELECOMM,2006-02-21T00:00:00.000,BROOKLYN,CERTIFIED IT ADMINISTRATOR,ACTIVE,130000.00,per Annum,1820,127854.00,0,0.00,6435.06
2022,858,DEPT OF INFO TECH & TELECOMM,2022-01-18T00:00:00.000,BROOKLYN,COMMISSIONER OF DEPT OF INFO TECHNOLOGY & TELECOMMUNICATIONS,ACTIVE,247577.00,per Annum,770,104457.10,0,0.00,0.00
2022,858,DEPT OF INFO TECH & TELECOMM,2013-05-13T00:00:00.000,MANHATTAN,COMPUTER SYSTEMS MANAGER,CEASED,164412.00,per Annum,1498,134952.65,0,0.00,3149.65
2022,858,DEPT OF INFO TECH & TELECOMM,2019-07-15T00:00:00.000,BROOKLYN,INSPECTOR,ACTIVE,61093.00,per Annum,1820,60379.73,0,0.00,363.17
2022,858,DEPT OF INFO TECH & TELECOMM,2019-06-17T00:00:00.000,BROOKLYN,IT PROJECT SPECIALIST,ACTIVE,87550.00,per Annum,1820,87310.08,0,0.00,0.00
2022,858,DEPT OF INFO TECH & TELECOMM,2019-07-08T00:00:00.000,MANHATTAN,CALL CENTER REPRESENTATIVE,CEASED,40345.00,per Annum,469,2678.20,1.75,38.64,0.00
2022,858,DEPT OF INFO TECH & TELECOMM,2020-05-18T00:00:00.000,MANHATTAN,CALL CENTER REPRESENTATIVE,ACTIVE,38856.00,per Annum,1820,38685.74,0,0.00,1212.47
2022,858,DEPT OF INFO TECH & TELECOMM,2009-03-02T00:00:00.000,BROOKLYN,COMPUTER SPECIALIST,ACTIVE,106023.00,per Annum,1820,105732.63,0,0.00,5774.37
2022,858,DEPT OF INFO TECH & TELECOMM,2013-08-26T00:00:00.000,BROOKLYN,COMPUTER ASSOCIATE,CEASED,77760.00,per Annum,1435,59380.33,0,0.00,4183.41
2022,858,DEPT OF INFO TECH & TELECOMM,2003-01-13T00:00:00.000,MANHATTAN,ASSOCIATE CALL CENTER REPRESENTATIVE-NON-SPVR,ACTIVE,73969.00,per Annum,1820,71212.93,1,42.87,9918.47
2022,858,DEPT OF INFO TECH & TELECOMM,2016-03-07T00:00:00.000,MANHATTAN,COMPUTER SPECIALIST,CEASED,134280.00,per Annum,756.83,55686.00,0,0.00,2193.35
2022,858,DEPT OF INFO TECH & TELECOMM,2018-12-03T00:00:00.000,MANHATTAN,CALL CENTER REPRESENTATIVE,ACTIVE,40345.00,per Annum,1820,39876.02,53.5,1457.43,1601.64
2022,858,DEPT OF INFO TECH & TELECOMM,2021-04-05T00:00:00.000,MANHATTAN,CALL CENTER REPRESENTATIVE,ACTIVE,38856.00,per Annum,1820,35762.18,5.5,105.61,1104.89
2022,858,DEPT OF INFO TECH & TELECOMM,2018-08-20T00:00:00.000,MANHATTAN,ADMINISTRATIVE PUBLIC INFORMATION SPECIALIST NM FORMER M1/M2,ACTIVE,101970.00,per Annum,1820,101690.68,0,0.00,1953.45
2022,858,DEPT OF INFO TECH & TELECOMM,2019-11-18T00:00:00.000,BROOKLYN,IT SERVICE MANAGEMENT SPECIALIST,ON LEAVE,85000.00,per Annum,1540,71725.94,0,0.00,0.00
2022,858,DEPT OF INFO TECH & TELECOMM,2008-09-15T00:00:00.000,BROOKLYN,IT PROJECT SPECIALIST,ACTIVE,137500.00,per Annum,1820,132568.45,0,0.00,116.71
2022,858,DEPT OF INFO TECH & TELECOMM,2009-01-05T00:00:00.000,MANHATTAN,COMPUTER SYSTEMS MANAGER,ACTIVE,190550.00,per Annum,1820,190028.01,0,0.00,3650.40
2022,858,DEPT OF INFO TECH & TELECOMM,2015-06-08T00:00:00.000,MANHATTAN,ADM MANAGER-NON-MGRL,ACTIVE,103697.00,per Annum,1820,103412.91,0,0.00,1822.10
2022,858,DEPT OF INFO TECH & TELECOMM,2004-06-01T00:00:00.000,BROOKLYN,TELECOMMUNICATIONS ASSOCIATE,ACTIVE,87449.00,per Annum,1820,87209.46,109.75,7674.51,12301.78
2022,858,DEPT OF INFO TECH & TELECOMM,2016-10-10T00:00:00.000,MANHATTAN,ADMINISTRATIVE PROCUREMENT ANALYST-NON-MGRL,ACTIVE,131814.00,per Annum,1820,131452.88,0,0.00,299.26
2022,858,DEPT OF INFO TECH & TELECOMM,2015-11-30T00:00:00.000,MANHATTAN,COMPUTER ASSOCIATE,ACTIVE,73403.00,per Annum,1820,73201.96,0,0.00,5807.37
2022,858,DEPT OF INFO TECH & TELECOMM,2018-09-24T00:00:00.000,MANHATTAN,CALL CENTER REPRESENTATIVE,ACTIVE,40345.00,per Annum,1820,40234.48,0,0.00,0.00
2022,858,DEPT OF INFO TECH & TELECOMM,1998-12-14T00:00:00.000,MANHATTAN,COMPUTER SYSTEMS MANAGER,ACTIVE,150000.00,per Annum,1820,149588.93,0,0.00,937.94
2022,858,DEPT OF INFO TECH & TELECOMM,2020-06-08T00:00:00.000,MANHATTAN,CALL CENTER REPRESENTATIVE,CEASED,38856.00,per Annum,1645,18185.72,0,0.00,968.49
2022,858,DEPT OF INFO TECH & TELECOMM,2007-10-09T00:00:00.000,BROOKLYN,PROCUREMENT ANALYST,ACTIVE,69272.00,per Annum,1820,69082.26,0,0.00,8.25
2022,858,DEPT OF INFO TECH & TELECOMM,2009-05-24T00:00:00.000,MANHATTAN,CALL CENTER REPRESENTATIVE,ACTIVE,42116.00,per Annum,1820,42000.66,0,0.00,5136.83
2022,858,DEPT OF INFO TECH & TELECOMM,2016-01-04T00:00:00.000,BROOKLYN,COMPUTER ASSOCIATE,CEASED,71921.00,per Annum,1365,53792.76,98,5555.17,5861.77
2022,846,DEPT OF PARKS & RECREATION,2019-01-28T00:00:00.000,BROOKLYN,CITY SEASONAL AIDE,SEASONAL,15.45,per Hour,0,0.00,0,0.00,123.60
2022,846,DEPT OF PARKS & RECREATION,2021-03-26T00:00:00.000,BROOKLYN,JOB TRAINING PARTICIPANT,CEASED,15.45,per Hour,61.12,944.25,0,0.00,0.00
2022,846,DEPT OF PARKS & RECREATION,2021-10-18T00:00:00.000,RICHMOND,JOB TRAINING PARTICIPANT,ACTIVE,15.45,per Hour,824.2,12733.93,8.25,188.62,89.00
2022,846,DEPT OF PARKS & RECREATION,2016-08-15T00:00:00.000,QUEENS,CITY SEASONAL AIDE,CEASED,17.77,per Hour,1407,25002.40,0,0.00,488.68
2022,846,DEPT OF PARKS & RECREATION,2022-04-08T00:00:00.000,MANHATTAN,JOB TRAINING PARTICIPANT,ACTIVE,15.45,per Hour,269.32,4160.95,0,0.00,0.00
2022,846,DEPT OF PARKS & RECREATION,2001-09-24T00:00:00.000,QUEENS,ASSOCIATE PROJECT MANAGER,ACTIVE,82807.00,per Annum,1820,82580.16,14,816.00,10293.82
2022,846,DEPT OF PARKS & RECREATION,1984-07-04T00:00:00.000,BROOKLYN,CHIEF LIFEGUARD,ACTIVE,31.58,per Hour,737,23274.46,98,5580.40,16215.99
2022,846,DEPT OF PARKS & RECREATION,2017-01-17T00:00:00.000,BROOKLYN,CITY PARK WORKER,ACTIVE,39923.00,per Annum,2080,39660.41,16,458.88,486.08
2022,846,DEPT OF PARKS & RECREATION,2021-10-06T00:00:00.000,MANHATTAN,CITY SEASONAL AIDE,ACTIVE,15.45,per Hour,1078.23,16658.71,3,69.53,89.00
2022,846,DEPT OF PARKS & RECREATION,2021-05-18T00:00:00.000,BROOKLYN,LIFEGUARD,ACTIVE,17.19,per Hour,590.75,9605.10,16,386.40,3255.55
2022,846,DEPT OF PARKS & RECREATION,2021-06-14T00:00:00.000,MANHATTAN,CITY PARK WORKER,ACTIVE,16.63,per Hour,1966.68,32698.68,388.75,9579.36,324.64
2022,846,DEPT OF PARKS & RECREATION,2021-05-25T00:00:00.000,QUEENS,CITY PARK WORKER,CEASED,16.63,per Hour,1417.32,23564.69,3.5,87.29,1206.25
2022,846,DEPT OF PARKS & RECREATION,2007-07-16T00:00:00.000,QUEENS,ASSOCIATE URBAN DESIGNER,ACTIVE,82510.00,per Annum,1820,82284.01,0,0.48,5569.12
2022,846,DEPT OF PARKS & RECREATION,2021-05-07T00:00:00.000,QUEENS,JOB TRAINING PARTICIPANT,CEASED,15.45,per Hour,708.75,10950.20,4,90.13,89.00
2022,846,DEPT OF PARKS & RECREATION,2011-02-28T00:00:00.000,BROOKLYN,JOB TRAINING PARTICIPANT,ACTIVE,15.45,per Hour,69.75,1077.64,0,0.00,0.00
2022,846,DEPT OF PARKS & RECREATION,2018-10-02T00:00:00.000,BROOKLYN,CITY PARK WORKER,ACTIVE,25.02,per Hour,1900.58,37518.17,20.5,679.75,1277.32
2022,846,DEPT OF PARKS & RECREATION,2021-04-12T00:00:00.000,MANHATTAN,PRINCIPAL ADMINISTRATIVE ASSOCIATE -  NON SUPVR,ACTIVE,29.04,per Hour,1686.63,48979.87,0,0.00,24.75
2022,846,DEPT OF PARKS & RECREATION,1979-09-10T00:00:00.000,BROOKLYN,BLACKSMITH,CEASED,385.92,per Day,0,0.00,0,0.00,1000.00
2022,846,DEPT OF PARKS & RECREATION,1988-11-14T00:00:00.000,MANHATTAN,ASSOCIATE PARK SERVICE WORKER,CEASED,52574.00,per Annum,1269.75,32006.06,0,0.00,7394.79
2022,846,DEPT OF PARKS & RECREATION,2022-04-10T00:00:00.000,MANHATTAN,CITY SEASONAL AIDE,ACTIVE,18.72,per Hour,2075.75,38858.04,61.5,1810.70,826.54
2022,846,DEPT OF PARKS & RECREATION,2016-09-19T00:00:00.000,QUEENS,LANDSCAPE ARCHITECT,ACTIVE,77921.00,per Annum,1820,73778.30,0,0.00,2091.68
2022,846,DEPT OF PARKS & RECREATION,2007-11-15T00:00:00.000,BRONX,CITY PARK WORKER,ACTIVE,39923.00,per Annum,2080,46431.35,78,2848.60,672.32
2022,846,DEPT OF PARKS & RECREATION,2018-01-16T00:00:00.000,QUEENS,CONSTRUCTION PROJECT MANAGER,ACTIVE,65640.00,per Annum,1820,65460.20,0,0.00,542.02
2022,846,DEPT OF PARKS & RECREATION,1998-05-04T00:00:00.000,RICHMOND,ADMINISTRATIVE PARKS & RECREATION MANAGER,ACTIVE,96627.00,per Annum,1645,90802.62,26.5,1577.73,1120.17
2022,846,DEPT OF PARKS & RECREATION,2021-06-22T00:00:00.000,BROOKLYN,LIFEGUARD,SEASONAL,16.10,per Hour,199.75,3216.00,2,48.30,1577.80
2022,846,DEPT OF PARKS & RECREATION,2012-06-06T00:00:00.000,RICHMOND,CITY PARK WORKER,ACTIVE,39923.00,per Annum,2080,39813.54,61.75,1773.52,732.81
2022,846,DEPT OF PARKS & RECREATION,2014-10-29T00:00:00.000,MANHATTAN,CITY PARK WORKER,ACTIVE,52247.00,per Annum,2080,46503.25,41,1385.56,754.14
2022,846,DEPT OF PARKS & RECREATION,2018-08-20T00:00:00.000,MANHATTAN,URBAN PARK RANGER,CEASED,50635.00,per Annum,882.28,21419.20,3,109.13,97.00
2022,846,DEPT OF PARKS & RECREATION,2021-07-01T00:00:00.000,QUEENS,PLAYGROUND ASSOCIATE,CEASED,17.72,per Hour,242.42,4295.62,6.75,135.12,394.27
2022,846,DEPT OF PARKS & RECREATION,2016-08-29T00:00:00.000,MANHATTAN,ASSOCIATE URBAN PARK RANGER,ACTIVE,59054.00,per Annum,2080,58892.09,446.75,19280.02,2515.34
2022,846,DEPT OF PARKS & RECREATION,1999-05-17T00:00:00.000,MANHATTAN,ADMINISTRATIVE CITY PLANNER,ON SEPARATION LEAVE,111012.00,per Annum,1820,110707.75,0,0.00,1104.75
2022,846,DEPT OF PARKS & RECREATION,1990-10-01T00:00:00.000,QUEENS,LANDSCAPE ARCHITECT,ACTIVE,104481.00,per Annum,1820,104194.74,1.5,92.55,8238.74
2022,846,DEPT OF PARKS & RECREATION,2021-12-27T00:00:00.000,BRONX,JOB TRAINING PARTICIPANT,CEASED,15.45,per Hour,240,3708.00,0,0.00,0.00
2022,846,DEPT OF PARKS & RECREATION,2021-12-02T00:00:00.000,MANHATTAN,JOB TRAINING PARTICIPANT,ACTIVE,15.45,per Hour,841,12993.45,2,38.63,89.00
2022,846,DEPT OF PARKS & RECREATION,2022-01-27T00:00:00.000,BROOKLYN,COMMUNITY COORDINATOR,CEASED,54100.00,per Annum,294,8442.08,0,0.00,273.22
2022,846,DEPT OF PARKS & RECREATION,2003-05-11T00:00:00.000,MANHATTAN,PARK SUPERVISOR,ACTIVE,75632.00,per Annum,2080,67696.45,62.5,3868.48,9678.62
2022,846,DEPT OF PARKS & RECREATION,2012-11-19T00:00:00.000,BROOKLYN,CITY PARK WORKER,ACTIVE,39923.00,per Annum,2080,39813.54,96,2757.51,1389.61
2022,846,DEPT OF PARKS & RECREATION,2021-06-03T00:00:00.000,BRONX,JOB TRAINING PARTICIPANT,CEASED,15.45,per Hour,8,123.60,0,0.00,0.00
2022,846,DEPT OF PARKS & RECREATION,2019-09-30T00:00:00.000,QUEENS,CITY PARK WORKER,ACTIVE,39923.00,per Annum,2080,36094.93,14.5,361.63,342.89
2022,846,DEPT OF PARKS & RECREATION,2021-11-01T00:00:00.000,MANHATTAN,URBAN PARK RANGER,ON LEAVE,24.25,per Hour,1112.52,26978.53,15.5,592.30,1529.61
2022,846,DEPT OF PARKS & RECREATION,2021-02-22T00:00:00.000,BROOKLYN,JOB TRAINING PARTICIPANT,CEASED,15.45,per Hour,870,13441.51,189.5,3708.19,0.00
2022,846,DEPT OF PARKS & RECREATION,2021-06-08T00:00:00.000,RICHMOND,PLAYGROUND ASSOCIATE,CEASED,17.72,per Hour,825.77,14632.59,33,654.75,1714.09
2022,846,DEPT OF PARKS & RECREATION,2021-06-28T00:00:00.000,BROOKLYN,CITY PARK WORKER,CEASED,16.63,per Hour,357.83,5949.43,8,199.52,558.72
2022,846,DEPT OF PARKS & RECREATION,2021-05-21T00:00:00.000,MANHATTAN,JOB TRAINING PARTICIPANT,CEASED,15.45,per Hour,57.25,884.51,0,0.00,0.00
2022,846,DEPT OF PARKS & RECREATION,2013-05-06T00:00:00.000,RICHMOND,PRINCIPAL ADMINISTRATIVE ASSOCIATE -  NON SUPVR,ACTIVE,69707.00,per Annum,1820,69515.94,5,193.59,2115.45
2022,846,DEPT OF PARKS & RECREATION,2005-02-28T00:00:00.000,BROOKLYN,GARDENER,ACTIVE,49922.00,per Annum,2080,49785.32,30.25,1158.10,4760.46
2022,846,DEPT OF PARKS & RECREATION,2022-01-14T00:00:00.000,MANHATTAN,JOB TRAINING PARTICIPANT,CEASED,15.45,per Hour,85.92,1327.41,0,0.00,44.50
2022,846,DEPT OF PARKS & RECREATION,2021-04-23T00:00:00.000,QUEENS,CITY SEASONAL AIDE,SEASONAL,15.45,per Hour,766,11970.85,0,0.00,188.68
2022,846,DEPT OF PARKS & RECREATION,2013-11-12T00:00:00.000,RICHMOND,ADMINISTRATIVE STAFF ANALYST,ACTIVE,109911.00,per Annum,1820,127478.91,256.5,19780.13,466.39
2022,846,DEPT OF PARKS & RECREATION,2022-03-01T00:00:00.000,BROOKLYN,JOB TRAINING PARTICIPANT,CEASED,15.45,per Hour,334.67,5170.60,0,0.00,0.00
2022,846,DEPT OF PARKS & RECREATION,2014-09-22T00:00:00.000,QUEENS,LANDSCAPE ARCHITECT,ACTIVE,77921.00,per Annum,1820,75348.51,0,0.00,2632.21
2022,846,DEPT OF PARKS & RECREATION,2019-06-27T00:00:00.000,QUEENS,RECREATION SPECIALIST,ACTIVE,24.90,per Hour,1788.07,42683.50,24,734.55,851.78
2022,846,DEPT OF PARKS & RECREATION,2018-05-21T00:00:00.000,BROOKLYN,CITY PARK WORKER,ACTIVE,39923.00,per Annum,2080,39813.54,12,346.08,1378.06
2022,846,DEPT OF PARKS & RECREATION,2021-08-30T00:00:00.000,QUEENS,CITY SEASONAL AIDE,ACTIVE,15.45,per Hour,1496,23113.20,17.5,405.57,432.60
2022,846,DEPT OF PARKS & RECREATION,2017-04-15T00:00:00.000,BROOKLYN,RECREATION SPECIALIST,ACTIVE,21.65,per Hour,1809.58,32887.07,96,2288.33,930.24
2022,846,DEPT OF PARKS & RECREATION,2022-04-08T00:00:00.000,QUEENS,JOB TRAINING PARTICIPANT,ACTIVE,15.45,per Hour,302,4665.90,0,0.00,44.50
2022,846,DEPT OF PARKS & RECREATION,2021-01-29T00:00:00.000,BROOKLYN,JOB TRAINING PARTICIPANT,CEASED,15.45,per Hour,603.82,9329.00,83.75,1422.83,589.00
2022,846,DEPT OF PARKS & RECREATION,2021-06-23T00:00:00.000,MANHATTAN,CITY SEASONAL AIDE,CEASED,15.45,per Hour,1333.03,20595.46,4.25,71.84,192.36
2022,846,DEPT OF PARKS & RECREATION,2021-03-04T00:00:00.000,BROOKLYN,JOB TRAINING PARTICIPANT,CEASED,15.45,per Hour,976,15079.20,2,46.35,44.50
2022,846,DEPT OF PARKS & RECREATION,1987-07-22T00:00:00.000,BROOKLYN,PARK SUPERVISOR,ACTIVE,86274.00,per Annum,2080,86037.64,168,10985.20,27972.12
2022,846,DEPT OF PARKS & RECREATION,2021-02-18T00:00:00.000,RICHMOND,JOB TRAINING PARTICIPANT,CEASED,15.45,per Hour,703.62,10870.92,16,370.80,210.37
2022,846,DEPT OF PARKS & RECREATION,2013-04-15T00:00:00.000,MANHATTAN,URBAN PARK RANGER,CEASED,39642.00,per Annum,0,0.00,0,0.00,309.08
2022,846,DEPT OF PARKS & RECREATION,2019-10-28T00:00:00.000,MANHATTAN,URBAN PARK RANGER,ACTIVE,50635.00,per Annum,2080,50496.17,116,4346.31,3016.28
2022,846,DEPT OF PARKS & RECREATION,2017-05-01T00:00:00.000,QUEENS,COMMUNITY COORDINATOR,ACTIVE,70040.00,per Annum,1820,69848.21,0,0.00,0.00
2022,846,DEPT OF PARKS & RECREATION,2021-06-28T00:00:00.000,RICHMOND,CITY PARK WORKER,CEASED,16.63,per Hour,264,4389.33,0,0.00,103.91
2022,846,DEPT OF PARKS & RECREATION,2008-08-17T00:00:00.000,MANHATTAN,CITY SEASONAL AIDE,ACTIVE,18.10,per Hour,2054.92,37194.02,283.78,7972.31,1216.84
2022,846,DEPT OF PARKS & RECREATION,2021-08-11T00:00:00.000,MANHATTAN,SUPERVISING DOCKMASTER,ACTIVE,51330.00,per Annum,1782.85,43876.56,8,295.00,2301.21
2022,846,DEPT OF PARKS & RECREATION,2021-05-19T00:00:00.000,MANHATTAN,CITY SEASONAL AIDE,ACTIVE,15.45,per Hour,2043.83,31577.33,0.75,17.38,123.60
2022,846,DEPT OF PARKS & RECREATION,2021-05-17T00:00:00.000,BRONX,CITY SEASONAL AIDE,ACTIVE,15.45,per Hour,246.1,3802.26,0,0.00,59.87
2022,846,DEPT OF PARKS & RECREATION,2021-06-14T00:00:00.000,MANHATTAN,JOB TRAINING PARTICIPANT,CEASED,15.45,per Hour,874.43,13510.07,34,703.00,577.87
2022,846,DEPT OF PARKS & RECREATION,2017-07-03T00:00:00.000,QUEENS,LIFEGUARD,ACTIVE,19.46,per Hour,578,11248.08,31,897.61,3323.07
2022,846,DEPT OF PARKS & RECREATION,2020-11-23T00:00:00.000,MANHATTAN,COMMUNITY COORDINATOR,ACTIVE,62215.00,per Annum,1820,62044.58,0,0.00,0.00
2022,846,DEPT OF PARKS & RECREATION,2019-12-31T00:00:00.000,QUEENS,CITY PARK WORKER,ACTIVE,16.63,per Hour,2072.57,34459.05,40.75,1018.11,389.56
2022,846,DEPT OF PARKS & RECREATION,2015-06-01T00:00:00.000,BRONX,LIFEGUARD,SEASONAL,19.47,per Hour,536,10435.92,55,1646.70,4277.18
2022,846,DEPT OF PARKS & RECREATION,2015-07-27T00:00:00.000,MANHATTAN,COMMUNITY COORDINATOR,ACTIVE,69758.00,per Annum,1820,69050.89,0,0.00,0.00
2022,846,DEPT OF PARKS & RECREATION,1984-08-20T00:00:00.000,MANHATTAN,BLACKSMITH,CEASED,397.60,per Day,0,0.00,0,0.00,6021.78
2022,846,DEPT OF PARKS & RECREATION,2017-10-02T00:00:00.000,MANHATTAN,URBAN PARK RANGER,ACTIVE,50635.00,per Annum,2080,46805.99,1,36.55,2895.21
2022,846,DEPT OF PARKS & RECREATION,2003-06-24T00:00:00.000,MANHATTAN,CITY SEASONAL AIDE,ACTIVE,18.10,per Hour,2068.5,37439.87,44.25,1314.38,4373.50
2022,846,DEPT OF PARKS & RECREATION,2021-04-07T00:00:00.000,BROOKLYN,JOB TRAINING PARTICIPANT,CEASED,15.45,per Hour,46.5,718.43,0,0.00,0.00
2022,846,DEPT OF PARKS & RECREATION,2022-02-14T00:00:00.000,MANHATTAN,COMMUNITY COORDINATOR,CEASED,54100.00,per Annum,140,4150.14,0,0.00,0.00
2022,846,DEPT OF PARKS & RECREATION,2021-10-06T00:00:00.000,BROOKLYN,JOB TRAINING PARTICIPANT,ACTIVE,15.45,per Hour,930.83,14381.47,0,0.00,44.50
2022,846,DEPT OF PARKS & RECREATION,2022-02-09T00:00:00.000,MANHATTAN,JOB TRAINING PARTICIPANT,ACTIVE,15.45,per Hour,559.13,8638.63,0,0.00,89.00
2022,846,DEPT OF PARKS & RECREATION,2022-01-05T00:00:00.000,MANHATTAN,JOB TRAINING PARTICIPANT,ACTIVE,15.45,per Hour,714.07,11032.36,5,113.94,0.00
2022,846,DEPT OF PARKS & RECREATION,2017-07-03T00:00:00.000,RICHMOND,LIFEGUARD,ACTIVE,19.46,per Hour,648,12610.08,60,1751.95,6318.43
2022,846,DEPT OF PARKS & RECREATION,2022-04-19T00:00:00.000,MANHATTAN,JOB TRAINING PARTICIPANT,ACTIVE,15.45,per Hour,240,3708.00,0,0.00,44.50
2022,846,DEPT OF PARKS & RECREATION,2021-06-01T00:00:00.000,QUEENS,CITY SEASONAL AIDE,ACTIVE,15.45,per Hour,1927.35,29777.65,14.5,325.62,1119.74
2022,846,DEPT OF PARKS & RECREATION,2021-06-07T00:00:00.000,BROOKLYN,CITY SEASONAL AIDE,CEASED,15.45,per Hour,634.33,9800.49,26.5,645.05,500.58
2022,846,DEPT OF PARKS & RECREATION,2007-07-25T00:00:00.000,MANHATTAN,PARK SUPERVISOR,ACTIVE,82503.00,per Annum,2080,73608.97,122,6853.33,19004.99
2022,846,DEPT OF PARKS & RECREATION,2013-03-06T00:00:00.000,MANHATTAN,ASSOCIATE PARK SERVICE WORKER,ACTIVE,52247.00,per Annum,2080,47849.45,8.5,320.09,2981.40
2022,846,DEPT OF PARKS & RECREATION,2015-04-08T00:00:00.000,MANHATTAN,CITY SEASONAL AIDE,ACTIVE,18.10,per Hour,2071,37485.10,17,469.71,888.87
2022,846,DEPT OF PARKS & RECREATION,1994-10-20T00:00:00.000,MANHATTAN,RECREATION SPECIALIST,ACTIVE,45673.00,per Annum,1820,45547.84,3,82.21,4897.83
2022,846,DEPT OF PARKS & RECREATION,2021-07-05T00:00:00.000,BRONX,CITY PARK WORKER,ACTIVE,16.63,per Hour,1960,32587.45,321.5,8018.21,792.82
2022,846,DEPT OF PARKS & RECREATION,2021-12-27T00:00:00.000,QUEENS,JOB TRAINING PARTICIPANT,CEASED,15.45,per Hour,427,6597.16,32.5,726.16,44.50
2022,846,DEPT OF PARKS & RECREATION,2019-03-13T00:00:00.000,MANHATTAN,CITY PARK WORKER,ACTIVE,39923.00,per Annum,2080,38058.87,25.25,707.34,1043.47
2022,846,DEPT OF PARKS & RECREATION,2018-01-29T00:00:00.000,MANHATTAN,*SENIOR ESTIMATOR,ACTIVE,92679.00,per Annum,1820,92425.07,21.5,1266.96,1043.80
2022,846,DEPT OF PARKS & RECREATION,2013-12-30T00:00:00.000,QUEENS,PARK SUPERVISOR,ACTIVE,82503.00,per Annum,1970,74892.15,212.25,12472.47,9144.59
2022,846,DEPT OF PARKS & RECREATION,2021-07-26T00:00:00.000,QUEENS,CITY PARK WORKER,ACTIVE,16.63,per Hour,1807.38,30050.00,43.25,1078.65,648.06
2022,846,DEPT OF PARKS & RECREATION,2016-06-10T00:00:00.000,QUEENS,CITY SEASONAL AIDE,ACTIVE,18.01,per Hour,2071.75,36815.06,32,852.96,695.25
2022,846,DEPT OF PARKS & RECREATION,2022-05-27T00:00:00.000,MANHATTAN,JOB TRAINING PARTICIPANT,ACTIVE,15.45,per Hour,16,247.20,0,0.00,0.00
2022,846,DEPT OF PARKS & RECREATION,2021-11-15T00:00:00.000,MANHATTAN,COMMUNITY ASSOCIATE,ACTIVE,20.98,per Hour,952.5,19984.75,5.25,112.78,2.62
2022,846,DEPT OF PARKS & RECREATION,2019-06-10T00:00:00.000,BROOKLYN,CITY SEASONAL AIDE,ACTIVE,17.76,per Hour,2072,36798.72,503.5,13413.24,1079.07
2022,846,DEPT OF PARKS & RECREATION,2021-07-23T00:00:00.000,BROOKLYN,LIFEGUARD,SEASONAL,16.10,per Hour,122.5,1972.27,3,72.45,1094.80
2022,846,DEPT OF PARKS & RECREATION,2014-06-01T00:00:00.000,QUEENS,LIFEGUARD,SEASONAL,19.47,per Hour,528,10280.16,84,2435.13,4371.85
2022,846,DEPT OF PARKS & RECREATION,1989-06-28T00:00:00.000,BROOKLYN,PARK SUPERVISOR,ACTIVE,75656.00,per Annum,1880,56804.05,15.25,880.84,7065.84
2022,846,DEPT OF PARKS & RECREATION,1992-12-01T00:00:00.000,BROOKLYN,RECREATION SPECIALIST,ACTIVE,45673.00,per Annum,1820,45547.84,0,0.00,6287.00
2022,846,DEPT OF PARKS & RECREATION,2017-04-15T00:00:00.000,MANHATTAN,RECREATION SPECIALIST,ACTIVE,21.65,per Hour,1765.22,32102.11,1.5,32.48,322.05
2022,846,DEPT OF PARKS & RECREATION,2001-03-12T00:00:00.000,QUEENS,ASSOCIATE PARK SERVICE WORKER,ACTIVE,52247.00,per Annum,2080,52103.75,80.5,3940.59,18526.94
2022,846,DEPT OF PARKS & RECREATION,2021-07-01T00:00:00.000,QUEENS,CITY SEASONAL AIDE,ACTIVE,16.27,per Hour,1939.23,31551.35,134,3361.40,937.78
2022,846,DEPT OF PARKS & RECREATION,2021-09-30T00:00:00.000,BRONX,JOB TRAINING PARTICIPANT,ACTIVE,15.45,per Hour,1068.85,16513.80,3.5,54.08,-370.77
2022,846,DEPT OF PARKS & RECREATION,2022-04-08T00:00:00.000,MANHATTAN,JOB TRAINING PARTICIPANT,ACTIVE,15.45,per Hour,288,4449.60,20.5,475.09,44.50
2022,846,DEPT OF PARKS & RECREATION,2018-06-01T00:00:00.000,BRONX,LIFEGUARD,SEASONAL,19.46,per Hour,538.25,10474.35,56,1634.64,4391.16
2022,846,DEPT OF PARKS & RECREATION,2013-06-03T00:00:00.000,MANHATTAN,ASSOCIATE URBAN PARK RANGER,ACTIVE,59054.00,per Annum,2080,58892.09,51.75,2286.70,3014.32
2022,846,DEPT OF PARKS & RECREATION,2021-07-26T00:00:00.000,MANHATTAN,CITY SEASONAL AIDE,CEASED,15.45,per Hour,336.43,5197.92,12.25,251.06,0.00
2022,846,DEPT OF PARKS & RECREATION,2012-06-25T00:00:00.000,MANHATTAN,CITY PARK WORKER,ACTIVE,52247.00,per Annum,2080,52103.75,377.25,14169.10,491.92
2022,846,DEPT OF PARKS & RECREATION,2012-06-18T00:00:00.000,MANHATTAN,URBAN PARK RANGER,ACTIVE,50635.00,per Annum,2080,50496.17,0,0.00,846.10
2022,846,DEPT OF PARKS & RECREATION,1988-11-14T00:00:00.000,MANHATTAN,MAINTENANCE WORKER,ACTIVE,249.28,per Day,2080,64812.80,12,319.39,13835.60
2022,846,DEPT OF PARKS & RECREATION,2019-09-03T00:00:00.000,QUEENS,CONSTRUCTION PROJECT MANAGER,ACTIVE,77921.00,per Annum,1820,77146.34,0,0.00,2438.43
2022,846,DEPT OF PARKS & RECREATION,2016-11-07T00:00:00.000,MANHATTAN,CLERICAL ASSOCIATE,CEASED,48341.00,per Annum,482.08,12769.39,0,0.00,21.17
2022,846,DEPT OF PARKS & RECREATION,2022-05-11T00:00:00.000,BROOKLYN,JOB TRAINING PARTICIPANT,ACTIVE,15.45,per Hour,22,339.90,0,0.00,0.00
2022,846,DEPT OF PARKS & RECREATION,2019-07-01T00:00:00.000,MANHATTAN,ASSISTANT ARCHITECT,ACTIVE,82400.00,per Annum,1820,82174.30,0,0.00,331.87
2022,846,DEPT OF PARKS & RECREATION,2014-06-01T00:00:00.000,BROOKLYN,LIFEGUARD,CEASED,19.47,per Hour,416,8099.53,8,239.52,1406.44
2022,846,DEPT OF PARKS & RECREATION,2021-06-29T00:00:00.000,QUEENS,CITY PARK WORKER,ACTIVE,16.63,per Hour,1854,30825.07,13.5,336.69,722.82
2022,846,DEPT OF PARKS & RECREATION,2005-09-26T00:00:00.000,QUEENS,PARK SUPERVISOR,ACTIVE,72687.00,per Annum,1830,72487.75,8,445.02,3674.11
2022,846,DEPT OF PARKS & RECREATION,2016-06-06T00:00:00.000,MANHATTAN,CITY SEASONAL AIDE,ACTIVE,18.10,per Hour,1844.28,33228.10,279.75,7292.88,448.87
2022,846,DEPT OF PARKS & RECREATION,2022-03-10T00:00:00.000,QUEENS,JOB TRAINING PARTICIPANT,CEASED,15.45,per Hour,48,741.60,0,0.00,0.00
2022,846,DEPT OF PARKS & RECREATION,2001-05-17T00:00:00.000,QUEENS,PARK SUPERVISOR,ACTIVE,75691.00,per Annum,2080,75483.72,77,4449.47,18740.09
2022,846,DEPT OF PARKS & RECREATION,2021-05-10T00:00:00.000,MANHATTAN,PRINCIPAL ADMINISTRATIVE ASSOCIATE -  NON SUPVR,ACTIVE,29.04,per Hour,1643.47,47726.29,0,0.00,8.25
2022,846,DEPT OF PARKS & RECREATION,2017-06-23T00:00:00.000,QUEENS,LIFEGUARD,ACTIVE,19.46,per Hour,487.75,9491.63,48,1401.12,4035.72
2022,846,DEPT OF PARKS & RECREATION,2015-04-20T00:00:00.000,QUEENS,LANDSCAPE ARCHITECT,ACTIVE,96820.00,per Annum,1820,96554.64,0,0.00,3642.95
2022,846,DEPT OF PARKS & RECREATION,2021-06-16T00:00:00.000,QUEENS,CITY PARK WORKER,ACTIVE,16.63,per Hour,2106.45,35022.40,0.5,8.31,751.56
2022,846,DEPT OF PARKS & RECREATION,2021-08-13T00:00:00.000,MANHATTAN,CITY PARK WORKER,ACTIVE,16.63,per Hour,1560,24102.00,0,0.00,89.00
2022,846,DEPT OF PARKS & RECREATION,2022-03-28T00:00:00.000,MANHATTAN,JOB TRAINING PARTICIPANT,ACTIVE,15.45,per Hour,319,4928.55,0,0.00,0.00
2022,846,DEPT OF PARKS & RECREATION,2021-09-20T00:00:00.000,QUEENS,JOB TRAINING PARTICIPANT,CEASED,15.45,per Hour,256.5,3962.93,0,0.00,0.00
2022,846,DEPT OF PARKS & RECREATION,2007-05-20T00:00:00.000,BROOKLYN,PARK SUPERVISOR,ACTIVE,86145.00,per Annum,2080,85908.94,430.75,27769.89,23195.53
2022,846,DEPT OF PARKS & RECREATION,2021-04-18T00:00:00.000,BRONX,CITY PARK WORKER,ACTIVE,16.63,per Hour,2031.78,33780.94,131,3272.97,1193.27
2022,846,DEPT OF PARKS & RECREATION,2021-08-24T00:00:00.000,BRONX,JOB TRAINING PARTICIPANT,CEASED,15.45,per Hour,56,865.20,0,0.00,0.00
2022,846,DEPT OF PARKS & RECREATION,2021-07-29T00:00:00.000,BROOKLYN,JOB TRAINING PARTICIPANT,CEASED,15.45,per Hour,293.17,4529.44,8,185.40,44.50
2022,846,DEPT OF PARKS & RECREATION,2018-04-10T00:00:00.000,MANHATTAN,GARDENER,ACTIVE,49922.00,per Annum,2080,49785.32,137,5008.35,1787.60
2022,846,DEPT OF PARKS & RECREATION,2021-01-21T00:00:00.000,BRONX,CITY PARK WORKER,CEASED,16.63,per Hour,419.93,6981.95,0,0.00,469.52
2022,846,DEPT OF PARKS & RECREATION,2021-05-09T00:00:00.000,RICHMOND,CITY PARK WORKER,CEASED,16.63,per Hour,88,1463.11,0,0.00,299.16
2022,846,DEPT OF PARKS & RECREATION,2021-04-09T00:00:00.000,QUEENS,JOB TRAINING PARTICIPANT,ACTIVE,15.45,per Hour,1104,17056.80,0,0.00,44.50
2022,846,DEPT OF PARKS & RECREATION,2011-06-13T00:00:00.000,MANHATTAN,PRINCIPAL ADMINISTRATIVE ASSOCIATE -  NON SUPVR,CEASED,73027.00,per Annum,1694,67785.11,0,0.00,3923.61
2022,846,DEPT OF PARKS & RECREATION,2012-02-10T00:00:00.000,BROOKLYN,ASSOCIATE PARK SERVICE WORKER,ACTIVE,52247.00,per Annum,2080,51903.35,150.5,5672.44,1022.34
2022,846,DEPT OF PARKS & RECREATION,2019-06-28T00:00:00.000,BROOKLYN,LIFEGUARD,SEASONAL,19.46,per Hour,460.25,8956.51,40.5,1182.19,2646.23
2022,846,DEPT OF PARKS & RECREATION,2014-01-13T00:00:00.000,QUEENS,SURVEYOR,ACTIVE,71777.00,per Annum,1820,71580.34,56,2610.32,2843.19
2022,846,DEPT OF PARKS & RECREATION,2021-06-29T00:00:00.000,BRONX,CITY SEASONAL AIDE,CEASED,15.45,per Hour,172.2,2660.51,0,0.00,20.40
2022,846,DEPT OF PARKS & RECREATION,2021-07-01T00:00:00.000,BROOKLYN,CITY SEASONAL AIDE,CEASED,15.45,per Hour,347.77,5373.00,0,0.00,108.15
2022,846,DEPT OF PARKS & RECREATION,2014-11-17T00:00:00.000,MANHATTAN,URBAN PARK RANGER,ACTIVE,50635.00,per Annum,2224,53991.93,89.25,3518.77,7675.69
2022,846,DEPT OF PARKS & RECREATION,2018-08-09T00:00:00.000,MANHATTAN,CITY SEASONAL AIDE,ACTIVE,17.76,per Hour,1430.07,25397.98,81.5,2186.40,4754.56
2022,846,DEPT OF PARKS & RECREATION,2014-02-20T00:00:00.000,MANHATTAN,CITY SEASONAL AIDE,ACTIVE,18.10,per Hour,2076.82,37590.38,8,217.20,1747.48
2022,846,DEPT OF PARKS & RECREATION,2018-05-21T00:00:00.000,BROOKLYN,GARDENER,CEASED,49922.00,per Annum,1978.77,47362.11,0,0.00,592.56
2022,846,DEPT OF PARKS & RECREATION,2020-07-23T00:00:00.000,QUEENS,CITY SEASONAL AIDE,CEASED,15.45,per Hour,564.5,8721.53,77.25,1786.48,793.35
2022,846,DEPT OF PARKS & RECREATION,2019-10-04T00:00:00.000,BRONX,CITY SEASONAL AIDE,CEASED,15.45,per Hour,1308.85,20221.78,35.5,677.36,245.96
2022,846,DEPT OF PARKS & RECREATION,2021-05-27T00:00:00.000,BRONX,CITY SEASONAL AIDE,ACTIVE,15.45,per Hour,1751.6,27062.35,32.5,725.26,309.00
2022,846,DEPT OF PARKS & RECREATION,2022-06-06T00:00:00.000,MANHATTAN,CITY SEASONAL AIDE,ACTIVE,15.45,per Hour,40,618.00,0,0.00,0.00
2022,846,DEPT OF PARKS & RECREATION,2021-06-21T00:00:00.000,QUEENS,CITY SEASONAL AIDE,ACTIVE,15.45,per Hour,1972.5,30475.14,54,1127.88,1006.76
2022,846,DEPT OF PARKS & RECREATION,2021-07-01T00:00:00.000,BROOKLYN,ASSOCIATE PARK SERVICE WORKER,CEASED,21.76,per Hour,480.68,10459.07,18.75,530.92,1209.34
2022,846,DEPT OF PARKS & RECREATION,2016-06-21T00:00:00.000,QUEENS,LIFEGUARD,ACTIVE,19.46,per Hour,531.5,10342.99,16,478.80,4096.45
2022,846,DEPT OF PARKS & RECREATION,2018-10-29T00:00:00.000,QUEENS,MAINTENANCE WORKER,ACTIVE,249.28,per Day,2080,64812.80,176.5,8338.42,4358.32
2022,846,DEPT OF PARKS & RECREATION,2017-05-31T00:00:00.000,MANHATTAN,ADMINISTRATIVE PARKS & RECREATION MANAGER,ACTIVE,102052.00,per Annum,1820,101772.32,0,0.00,91.50
2022,846,DEPT OF PARKS & RECREATION,2019-09-25T00:00:00.000,QUEENS,CITY SEASONAL AIDE,CEASED,15.45,per Hour,425.5,6573.99,14,270.37,382.21
2022,846,DEPT OF PARKS & RECREATION,2021-12-08T00:00:00.000,RICHMOND,JOB TRAINING PARTICIPANT,ACTIVE,15.45,per Hour,744.27,11498.93,0.5,7.73,0.00
2022,846,DEPT OF PARKS & RECREATION,2007-03-26T00:00:00.000,BROOKLYN,MAINTENANCE WORKER,ACTIVE,249.28,per Day,2080,64812.80,99.5,4664.66,950.00
2022,846,DEPT OF PARKS & RECREATION,2021-05-10T00:00:00.000,BRONX,CITY PARK WORKER,ACTIVE,16.63,per Hour,1927.15,32041.28,23.75,550.19,1035.92
2022,846,DEPT OF PARKS & RECREATION,2022-04-14T00:00:00.000,QUEENS,JOB TRAINING PARTICIPANT,ACTIVE,15.45,per Hour,232,3584.40,0,0.00,44.50
2022,846,DEPT OF PARKS & RECREATION,2021-05-03T00:00:00.000,RICHMOND,PLAYGROUND ASSOCIATE,ACTIVE,17.72,per Hour,1813,32126.36,8.75,188.28,211.81
2022,846,DEPT OF PARKS & RECREATION,2011-07-08T00:00:00.000,MANHATTAN,RECREATION SPECIALIST,ACTIVE,45494.00,per Annum,1820,45369.47,0,0.00,1728.37
2022,846,DEPT OF PARKS & RECREATION,2020-02-03T00:00:00.000,MANHATTAN,CITY SEASONAL AIDE,ACTIVE,15.45,per Hour,954.08,14740.61,56,1187.33,516.32
2022,846,DEPT OF PARKS & RECREATION,2021-07-07T00:00:00.000,BROOKLYN,CITY PARK WORKER,CEASED,16.63,per Hour,370.75,6164.18,8,204.51,734.91
2022,846,DEPT OF PARKS & RECREATION,2015-06-01T00:00:00.000,RICHMOND,LIFEGUARD,SEASONAL,19.47,per Hour,336,6541.92,3.25,97.31,2834.29
2022,846,DEPT OF PARKS & RECREATION,2021-03-03T00:00:00.000,QUEENS,JOB TRAINING PARTICIPANT,CEASED,15.45,per Hour,1096,16933.20,0,0.00,589.00
2022,846,DEPT OF PARKS & RECREATION,2007-06-27T00:00:00.000,BRONX,PARK SUPERVISOR,ACTIVE,82503.00,per Annum,2080,63660.01,215,8614.76,7007.27
2022,846,DEPT OF PARKS & RECREATION,2014-09-22T00:00:00.000,BROOKLYN,PARK SUPERVISOR,ACTIVE,72687.00,per Annum,2080,65431.75,206.5,10020.82,10118.77
2022,846,DEPT OF PARKS & RECREATION,2022-04-12T00:00:00.000,BROOKLYN,JOB TRAINING PARTICIPANT,ACTIVE,15.45,per Hour,296,4573.20,5,115.88,0.00
2022,846,DEPT OF PARKS & RECREATION,2008-04-26T00:00:00.000,RICHMOND,ASSOCIATE PARK SERVICE WORKER,ACTIVE,52247.00,per Annum,1965.72,52103.75,35,1318.00,822.27
2022,846,DEPT OF PARKS & RECREATION,2017-06-04T00:00:00.000,RICHMOND,CITY PARK WORKER,ACTIVE,39923.00,per Annum,2080,39813.54,471.25,13649.30,1219.93
2022,846,DEPT OF PARKS & RECREATION,2021-07-12T00:00:00.000,MANHATTAN,CITY RESEARCH SCIENTIST,CEASED,75504.00,per Annum,1295,53121.65,0,0.00,0.00
2022,846,DEPT OF PARKS & RECREATION,2018-08-20T00:00:00.000,MANHATTAN,URBAN PARK RANGER,CEASED,50635.00,per Annum,656,17840.13,82.75,3557.22,1179.51
2022,846,DEPT OF PARKS & RECREATION,2021-11-16T00:00:00.000,BROOKLYN,JOB TRAINING PARTICIPANT,CEASED,15.45,per Hour,546.5,8443.47,0,0.00,0.00
2022,846,DEPT OF PARKS & RECREATION,2005-05-02T00:00:00.000,MANHATTAN,ASSOCIATE URBAN PARK RANGER,ACTIVE,59054.00,per Annum,2080,56954.57,84.25,4196.52,11087.04
2022,846,DEPT OF PARKS & RECREATION,2014-11-17T00:00:00.000,MANHATTAN,URBAN PARK RANGER,ACTIVE,50635.00,per Annum,2080,50496.17,128.25,4964.44,6246.11
2022,846,DEPT OF PARKS & RECREATION,2018-07-08T00:00:00.000,BROOKLYN,GARDENER,ACTIVE,23.91,per Hour,2064.3,49357.42,227.25,8094.74,1170.25
2022,846,DEPT OF PARKS & RECREATION,2014-10-07T00:00:00.000,MANHATTAN,INVESTIGATOR,CEASED,71585.00,per Annum,455,17847.13,0,0.00,5191.35
2022,846,DEPT OF PARKS & RECREATION,2017-08-23T00:00:00.000,QUEENS,CITY PARK WORKER,ACTIVE,39923.00,per Annum,2080,39813.54,99.75,2890.42,1837.08
2022,846,DEPT OF PARKS & RECREATION,2018-06-15T00:00:00.000,MANHATTAN,LIFEGUARD,SEASONAL,19.46,per Hour,353,6869.42,3,87.57,2231.79
2022,846,DEPT OF PARKS & RECREATION,2021-11-01T00:00:00.000,MANHATTAN,URBAN PARK RANGER,ACTIVE,24.25,per Hour,1279.5,31027.88,0,0.00,904.00
2022,846,DEPT OF PARKS & RECREATION,2017-10-02T00:00:00.000,MANHATTAN,URBAN PARK RANGER,CEASED,50635.00,per Annum,0,0.00,0,0.00,9402.94
2022,846,DEPT OF PARKS & RECREATION,2017-12-27T00:00:00.000,QUEENS,COMMUNITY COORDINATOR,ACTIVE,68457.00,per Annum,1820,68269.50,0,0.00,439.17
2022,846,DEPT OF PARKS & RECREATION,2008-06-14T00:00:00.000,QUEENS,LIFEGUARD,SEASONAL,19.47,per Hour,168.75,3285.56,2.75,79.98,828.84
2022,846,DEPT OF PARKS & RECREATION,2021-04-30T00:00:00.000,QUEENS,JOB TRAINING PARTICIPANT,CEASED,15.45,per Hour,784,12112.80,8,185.40,89.00
2022,846,DEPT OF PARKS & RECREATION,2004-06-12T00:00:00.000,BRONX,LIFEGUARD,ACTIVE,19.47,per Hour,1290.5,25126.05,142,4630.56,14406.94
2022,846,DEPT OF PARKS & RECREATION,2018-12-31T00:00:00.000,QUEENS,LANDSCAPE ARCHITECT,ACTIVE,77921.00,per Annum,1820,72997.00,0,0.00,502.13
2022,846,DEPT OF PARKS & RECREATION,2014-11-03T00:00:00.000,QUEENS,SURVEYOR,ACTIVE,71777.00,per Annum,1820,71580.34,106,5049.40,2720.94
2022,846,DEPT OF PARKS & RECREATION,1994-04-03T00:00:00.000,QUEENS,PROJECT MANAGER,ACTIVE,85646.00,per Annum,1820,85411.30,0,0.00,6868.16
2022,846,DEPT OF PARKS & RECREATION,2007-09-21T00:00:00.000,MANHATTAN,CITY SEASONAL AIDE,CEASED,18.10,per Hour,78.5,1420.85,0,0.00,657.96
2022,846,DEPT OF PARKS & RECREATION,2019-05-19T00:00:00.000,QUEENS,CITY PARK WORKER,ACTIVE,19.12,per Hour,711,12104.71,5,143.40,223.35
2022,846,DEPT OF PARKS & RECREATION,2021-04-23T00:00:00.000,QUEENS,JOB TRAINING PARTICIPANT,CEASED,15.45,per Hour,136,2101.20,0,0.00,0.00
2022,846,DEPT OF PARKS & RECREATION,2021-06-18T00:00:00.000,QUEENS,CITY SEASONAL AIDE,CEASED,16.27,per Hour,32,520.64,0,0.00,4.88
2022,846,DEPT OF PARKS & RECREATION,2020-10-19T00:00:00.000,BRONX,CITY SEASONAL AIDE,ACTIVE,15.45,per Hour,1989.65,30740.12,55,1158.80,370.80
2022,846,DEPT OF PARKS & RECREATION,2020-01-08T00:00:00.000,BROOKLYN,CITY PARK WORKER,ACTIVE,16.62,per Hour,1734.72,28831.00,15,369.25,577.25
2022,846,DEPT OF PARKS & RECREATION,2021-06-29T00:00:00.000,QUEENS,RECREATION SPECIALIST,ACTIVE,21.65,per Hour,1387.03,30029.29,0,0.00,75.78
2022,846,DEPT OF PARKS & RECREATION,2017-06-07T00:00:00.000,BRONX,PARK SUPERVISOR,ACTIVE,72687.00,per Annum,2080,66607.75,44.25,1958.23,6315.86
2022,846,DEPT OF PARKS & RECREATION,2021-07-28T00:00:00.000,RICHMOND,PLAYGROUND ASSOCIATE,ACTIVE,17.72,per Hour,1790.28,30091.63,37,903.95,763.33
2022,846,DEPT OF PARKS & RECREATION,2022-03-10T00:00:00.000,MANHATTAN,JOB TRAINING PARTICIPANT,ACTIVE,15.45,per Hour,451.88,6981.61,8.5,196.99,0.00
2022,846,DEPT OF PARKS & RECREATION,2021-04-12T00:00:00.000,MANHATTAN,PRINCIPAL ADMINISTRATIVE ASSOCIATE -  NON SUPVR,ACTIVE,29.04,per Hour,1656.42,48102.37,0,0.00,0.00
2022,846,DEPT OF PARKS & RECREATION,2022-01-27T00:00:00.000,QUEENS,JOB TRAINING PARTICIPANT,ACTIVE,15.45,per Hour,611.5,9447.68,7.5,173.81,33.37
2022,846,DEPT OF PARKS & RECREATION,1990-07-05T00:00:00.000,MANHATTAN,RECREATION SUPERVISOR,CEASED,76135.00,per Annum,0,0.00,0,-0.35,-71.79
2022,846,DEPT OF PARKS & RECREATION,2015-06-01T00:00:00.000,QUEENS,LIFEGUARD,SEASONAL,19.47,per Hour,508.75,9905.37,8,239.52,2279.99
2022,846,DEPT OF PARKS & RECREATION,2015-06-09T00:00:00.000,RICHMOND,CITY PARK WORKER,ACTIVE,39923.00,per Annum,2080,39813.54,3,86.41,1965.13
2022,846,DEPT OF PARKS & RECREATION,2015-03-18T00:00:00.000,QUEENS,CITY PARK WORKER,ACTIVE,39923.00,per Annum,2080,39354.15,20.5,506.68,707.20
2022,846,DEPT OF PARKS & RECREATION,2003-03-10T00:00:00.000,MANHATTAN,PARK SUPERVISOR,ACTIVE,74649.00,per Annum,2080,73922.04,405.75,22993.18,10653.79
2022,846,DEPT OF PARKS & RECREATION,2019-07-01T00:00:00.000,BROOKLYN,LIFEGUARD,SEASONAL,17.19,per Hour,520,8938.80,88,2269.12,4198.95
2022,846,DEPT OF PARKS & RECREATION,2021-04-21T00:00:00.000,MANHATTAN,JOB TRAINING PARTICIPANT,CEASED,15.45,per Hour,241.63,3733.24,33,759.39,44.50
2022,846,DEPT OF PARKS & RECREATION,2022-01-11T00:00:00.000,QUEENS,GARDENER,CEASED,20.79,per Hour,301.38,6265.77,0,0.00,369.02
2022,846,DEPT OF PARKS & RECREATION,1983-12-27T00:00:00.000,MANHATTAN,ADMINISTRATIVE PARKS & RECREATION MANAGER,CEASED,139050.00,per Annum,980,74667.89,0,0.00,2663.80
2022,846,DEPT OF PARKS & RECREATION,2021-12-27T00:00:00.000,MANHATTAN,RECREATION SUPERVISOR,ACTIVE,28.21,per Hour,85.5,2411.79,0,0.00,0.00
2022,846,DEPT OF PARKS & RECREATION,2018-11-08T00:00:00.000,MANHATTAN,CITY PARK WORKER,ACTIVE,52247.00,per Annum,2116,47769.61,253.5,8904.87,1830.04
2022,846,DEPT OF PARKS & RECREATION,2014-09-08T00:00:00.000,MANHATTAN,ASSOCIATE URBAN PARK RANGER,ACTIVE,59054.00,per Annum,2080,58892.09,0,0.00,3607.61
2022,846,DEPT OF PARKS & RECREATION,2001-04-30T00:00:00.000,MANHATTAN,PARK SUPERVISOR,CEASED,75691.00,per Annum,432,15677.26,0,0.00,982.96
2022,846,DEPT OF PARKS & RECREATION,2021-09-22T00:00:00.000,BRONX,JOB TRAINING PARTICIPANT,CEASED,15.45,per Hour,312,4820.40,0,0.00,0.00
2022,846,DEPT OF PARKS & RECREATION,2003-08-08T00:00:00.000,MANHATTAN,CITY PARK WORKER,ACTIVE,39923.00,per Annum,2080,39660.41,325.5,10499.98,6215.26
2022,846,DEPT OF PARKS & RECREATION,2001-08-17T00:00:00.000,QUEENS,RECREATION SUPERVISOR,ACTIVE,69712.00,per Annum,1680,64173.13,6,273.98,7072.14
2022,846,DEPT OF PARKS & RECREATION,2021-12-13T00:00:00.000,BRONX,JOB TRAINING PARTICIPANT,ACTIVE,15.45,per Hour,564.92,8728.13,0,0.00,86.22
2022,846,DEPT OF PARKS & RECREATION,2021-07-08T00:00:00.000,QUEENS,CITY SEASONAL AIDE,CEASED,15.45,per Hour,80,1236.00,0,0.00,0.00
2022,846,DEPT OF PARKS & RECREATION,2021-05-25T00:00:00.000,QUEENS,LIFEGUARD,ACTIVE,17.19,per Hour,440,7092.73,16,386.40,2948.31
2022,846,DEPT OF PARKS & RECREATION,2022-01-05T00:00:00.000,BROOKLYN,JOB TRAINING PARTICIPANT,CEASED,15.45,per Hour,311.88,4818.60,91.75,2126.31,44.50
2022,846,DEPT OF PARKS & RECREATION,2007-03-26T00:00:00.000,BRONX,PARK SUPERVISOR,ACTIVE,75632.00,per Annum,2068.57,75010.28,36.5,2085.62,17018.05
2022,846,DEPT OF PARKS & RECREATION,2018-06-22T00:00:00.000,QUEENS,LIFEGUARD,SEASONAL,19.46,per Hour,396,7706.17,8,233.52,1951.67
2022,846,DEPT OF PARKS & RECREATION,2022-06-02T00:00:00.000,BRONX,CITY PARK WORKER,ACTIVE,16.63,per Hour,64,1064.32,0,0.00,0.00
2022,846,DEPT OF PARKS & RECREATION,2016-06-30T00:00:00.000,BROOKLYN,LIFEGUARD,ACTIVE,19.46,per Hour,574.75,11184.64,25.75,764.69,3947.60
2022,846,DEPT OF PARKS & RECREATION,2022-03-01T00:00:00.000,QUEENS,JOB TRAINING PARTICIPANT,CEASED,15.45,per Hour,324.5,5013.56,0,0.00,0.00
2022,846,DEPT OF PARKS & RECREATION,2022-01-05T00:00:00.000,BRONX,JOB TRAINING PARTICIPANT,ACTIVE,15.45,per Hour,839.5,12970.28,0,0.00,89.00
2022,846,DEPT OF PARKS & RECREATION,2022-05-04T00:00:00.000,BROOKLYN,JOB TRAINING PARTICIPANT,ACTIVE,15.45,per Hour,129.25,1996.91,0,0.00,43.29
2022,846,DEPT OF PARKS & RECREATION,2019-04-30T00:00:00.000,QUEENS,CITY PARK WORKER,ACTIVE,52247.00,per Annum,2080,48085.80,504.82,18249.44,963.02
2022,846,DEPT OF PARKS & RECREATION,2022-03-21T00:00:00.000,MANHATTAN,CITY SEASONAL AIDE,ACTIVE,15.45,per Hour,480,7416.00,24,556.20,0.00
2022,846,DEPT OF PARKS & RECREATION,2019-09-19T00:00:00.000,MANHATTAN,CITY PARK WORKER,ACTIVE,16.63,per Hour,2064.45,34324.09,143.5,3601.04,952.17
2022,846,DEPT OF PARKS & RECREATION,2019-05-29T00:00:00.000,QUEENS,LIFEGUARD,ACTIVE,19.46,per Hour,431,7681.30,8,206.28,2718.58
2022,846,DEPT OF PARKS & RECREATION,2015-05-20T00:00:00.000,BROOKLYN,COMMUNITY COORDINATOR,ACTIVE,29.61,per Hour,707,20935.28,0,0.00,3183.08
2022,846,DEPT OF PARKS & RECREATION,2012-11-15T00:00:00.000,RICHMOND,CITY PARK WORKER,CEASED,16.63,per Hour,803.9,12728.62,3.5,87.31,839.82
2022,846,DEPT OF PARKS & RECREATION,2019-05-22T00:00:00.000,BROOKLYN,LIFEGUARD,ACTIVE,19.46,per Hour,416,8095.36,0,0.00,637.64
2022,846,DEPT OF PARKS & RECREATION,2021-07-27T00:00:00.000,QUEENS,CITY SEASONAL AIDE,CEASED,15.45,per Hour,352,5438.40,0,0.00,187.80
2022,846,DEPT OF PARKS & RECREATION,2018-11-05T00:00:00.000,MANHATTAN,CITY PARK WORKER,ACTIVE,39923.00,per Annum,2080,37888.89,58.5,1677.78,1716.16
2022,846,DEPT OF PARKS & RECREATION,2016-09-28T00:00:00.000,QUEENS,CITY PARK WORKER,ACTIVE,25.02,per Hour,1705.25,31335.44,33.5,823.34,760.60
2022,846,DEPT OF PARKS & RECREATION,2021-04-20T00:00:00.000,QUEENS,CITY PARK WORKER,CEASED,16.63,per Hour,690.5,11480.42,4.5,112.23,1379.55
2022,846,DEPT OF PARKS & RECREATION,2022-03-04T00:00:00.000,MANHATTAN,JOB TRAINING PARTICIPANT,CEASED,15.45,per Hour,195.6,3022.04,0,0.00,0.00
2022,846,DEPT OF PARKS & RECREATION,2022-01-24T00:00:00.000,BRONX,CITY PARK WORKER,ACTIVE,16.63,per Hour,595.53,9201.03,0,0.00,1393.49
2022,846,DEPT OF PARKS & RECREATION,2021-07-05T00:00:00.000,BRONX,ASSOCIATE PARK SERVICE WORKER,CEASED,21.76,per Hour,368.23,8012.76,0,0.00,1098.39
2022,846,DEPT OF PARKS & RECREATION,1998-07-01T00:00:00.000,BROOKLYN,PARK SUPERVISOR,ACTIVE,72687.00,per Annum,2120,63190.52,74,3087.37,5678.71
2022,846,DEPT OF PARKS & RECREATION,2021-04-29T00:00:00.000,BRONX,CITY PARK WORKER,CEASED,16.63,per Hour,0,0.00,0,0.00,-87.26
2022,846,DEPT OF PARKS & RECREATION,2017-08-28T00:00:00.000,MANHATTAN,COMMUNITY ASSOCIATE,CEASED,48341.00,per Annum,730.47,19348.72,0,0.00,0.00
2022,57,FIRE DEPARTMENT,2019-10-15T00:00:00.000,MANHATTAN,FIRE PROTECTION INSPECTOR,ACTIVE,59880.00,per Annum,2050,61420.86,74.25,3916.45,876.75
2022,57,FIRE DEPARTMENT,2004-03-07T00:00:00.000,BRONX,FIREFIGHTER,ACTIVE,92073.00,per Annum,2080,110621.56,579.75,33472.21,23874.88
2022,57,FIRE DEPARTMENT,2019-09-30T00:00:00.000,QUEENS,EMERGENCY MEDICAL SPECIALIST-EMT,ACTIVE,42357.00,per Annum,2232.5,48353.05,64,2292.68,2302.91
2022,57,FIRE DEPARTMENT,2008-09-29T00:00:00.000,QUEENS,EMERGENCY MEDICAL SPECIALIST-EMT,ON SEPARATION LEAVE,59534.00,per Annum,1984.17,58776.11,133.85,5941.68,15068.57
2022,57,FIRE DEPARTMENT,2014-07-14T00:00:00.000,BRONX,FIREFIGHTER,ACTIVE,92073.00,per Annum,2080,108833.78,852.33,45110.75,21372.13
2022,57,FIRE DEPARTMENT,2022-01-18T00:00:00.000,QUEENS,EMERGENCY MEDICAL SPECIALIST-EMT,ACTIVE,39386.00,per Annum,892,15824.98,37.5,883.32,757.56
2022,57,FIRE DEPARTMENT,2013-01-14T00:00:00.000,BRONX,EMERGENCY MEDICAL SPECIALIST-EMT,ACTIVE,59534.00,per Annum,2323.5,67393.72,172.78,7698.31,12794.30
2022,57,FIRE DEPARTMENT,2021-10-25T00:00:00.000,QUEENS,FIREFIGHTER,ACTIVE,47394.00,per Annum,1360,30903.45,221.87,5889.13,419.92
2022,57,FIRE DEPARTMENT,1985-08-05T00:00:00.000,MANHATTAN,BATTALION CHIEF,ACTIVE,176449.00,per Annum,2080,175965.66,0,0.00,37009.06
2022,57,FIRE DEPARTMENT,2017-12-11T00:00:00.000,BRONX,FIREFIGHTER,ACTIVE,65674.00,per Annum,2080,73009.82,851.3,28579.24,7960.12
2022,57,FIRE DEPARTMENT,2016-10-31T00:00:00.000,QUEENS,EMERGENCY MEDICAL SPECIALIST-PARAMEDIc,ACTIVE,59363.00,per Annum,2358.5,65947.28,293,11083.77,9129.79
2022,57,FIRE DEPARTMENT,2002-01-27T00:00:00.000,BROOKLYN,FIREFIGHTER,CEASED,92073.00,per Annum,1822.88,99270.97,1562.83,79955.37,20931.13
2022,57,FIRE DEPARTMENT,2002-04-05T00:00:00.000,BROOKLYN,SUPERVISING EMERGENCY MEDICAL SERVICE SPECIALIST-DPTY CHIEFS,ACTIVE,102041.00,per Annum,1950,105035.73,0,1983.33,4776.18
2022,57,FIRE DEPARTMENT,2002-07-28T00:00:00.000,BROOKLYN,FIREFIGHTER,CEASED,87211.00,per Annum,0,1261.89,0,855.67,206.28
2022,57,FIRE DEPARTMENT,2021-06-21T00:00:00.000,BRONX,EMERGENCY MEDICAL SPECIALIST-EMT,ACTIVE,41617.00,per Annum,2214,40518.56,112.5,1745.45,5308.57
2022,57,FIRE DEPARTMENT,2018-10-15T00:00:00.000,BRONX,EMERGENCY MEDICAL SPECIALIST-EMT,ACTIVE,49047.00,per Annum,2360.5,55463.17,206.38,4025.37,5726.08
2022,57,FIRE DEPARTMENT,2007-08-06T00:00:00.000,BRONX,FIREFIGHTER,ACTIVE,92073.00,per Annum,2080,110621.56,580.28,32635.61,18434.98
2022,57,FIRE DEPARTMENT,1997-01-26T00:00:00.000,BROOKLYN,FIREFIGHTER,ACTIVE,92073.00,per Annum,2080,110621.56,1129.1,59569.76,23592.21
2022,57,FIRE DEPARTMENT,2015-06-29T00:00:00.000,RICHMOND,FIREFIGHTER,ACTIVE,92073.00,per Annum,2080,106651.71,941.77,43854.82,15984.11
2022,57,FIRE DEPARTMENT,2016-06-27T00:00:00.000,MANHATTAN,FIREFIGHTER,ACTIVE,92073.00,per Annum,2080,103506.47,830.65,40270.45,14774.47
2022,57,FIRE DEPARTMENT,2017-03-06T00:00:00.000,BRONX,EMERGENCY MEDICAL SPECIALIST-PARAMEDIc,ACTIVE,59363.00,per Annum,2294,65008.98,179.75,6293.26,8309.09
2022,57,FIRE DEPARTMENT,2017-06-12T00:00:00.000,BROOKLYN,FIREFIGHTER,ACTIVE,92073.00,per Annum,2080,77173.59,770.4,28093.36,8405.61
2022,57,FIRE DEPARTMENT,2021-05-10T00:00:00.000,QUEENS,FIREFIGHTER,ACTIVE,49728.00,per Annum,2080,47921.48,663.8,15125.69,2143.86
2022,57,FIRE DEPARTMENT,2019-10-15T00:00:00.000,BROOKLYN,FIRE PROTECTION INSPECTOR,ACTIVE,59880.00,per Annum,2050,61420.86,154,6999.12,854.50
2022,57,FIRE DEPARTMENT,2021-05-10T00:00:00.000,BROOKLYN,FIREFIGHTER,CEASED,47394.00,per Annum,0,95.65,-2,-63.08,0.00
2022,57,FIRE DEPARTMENT,2006-05-11T00:00:00.000,BROOKLYN,EMERGENCY MEDICAL SPECIALIST-EMT,ACTIVE,59534.00,per Annum,2339.5,67377.84,307.45,13648.62,16375.57
2022,57,FIRE DEPARTMENT,2001-07-15T00:00:00.000,BRONX,CAPTAIN,ACTIVE,123407.00,per Annum,2080,121195.51,1174.65,76116.64,29557.02
2022,57,FIRE DEPARTMENT,2017-12-11T00:00:00.000,QUEENS,FIREFIGHTER,ACTIVE,65674.00,per Annum,2080,73009.82,524.77,18360.88,7641.74
2022,57,FIRE DEPARTMENT,2017-06-12T00:00:00.000,RICHMOND,FIREFIGHTER,ACTIVE,92073.00,per Annum,2080,77173.59,968.22,32562.41,8443.65
2022,57,FIRE DEPARTMENT,2015-11-16T00:00:00.000,BROOKLYN,FIRE PROTECTION INSPECTOR,ACTIVE,59880.00,per Annum,2050,66302.99,45.5,2770.07,2444.33
2022,57,FIRE DEPARTMENT,2005-10-11T00:00:00.000,BROOKLYN,SUPERVISING EMERGENCY MEDICAL SERVICE SPECIALIST,ACTIVE,82548.00,per Annum,2359.5,96169.66,136.25,5135.62,14744.89
2022,57,FIRE DEPARTMENT,1997-12-08T00:00:00.000,QUEENS,CAPTAIN,ACTIVE,135511.00,per Annum,2080,135139.68,1106.15,87643.65,31757.48
2022,57,FIRE DEPARTMENT,2019-02-19T00:00:00.000,QUEENS,EMERGENCY MEDICAL SPECIALIST-EMT,ACTIVE,49047.00,per Annum,2364.5,51138.78,302.83,8215.50,5935.56
2022,57,FIRE DEPARTMENT,2016-06-27T00:00:00.000,BRONX,FIREFIGHTER,ON LEAVE,92073.00,per Annum,765.73,45488.46,199.42,10447.86,7156.16
2022,57,FIRE DEPARTMENT,2018-02-05T00:00:00.000,BROOKLYN,EMERGENCY MEDICAL SPECIALIST-EMT,ACTIVE,49047.00,per Annum,2170.5,54518.23,445.25,15841.40,5546.81
2022,57,FIRE DEPARTMENT,1999-05-09T00:00:00.000,BROOKLYN,FIREFIGHTER,CEASED,92073.00,per Annum,0,13022.87,0,6473.45,2639.38
2022,57,FIRE DEPARTMENT,2016-04-18T00:00:00.000,MANHATTAN,EMERGENCY MEDICAL SPECIALIST-EMT,ACTIVE,59534.00,per Annum,2142,62650.61,32,632.64,4478.98
2022,57,FIRE DEPARTMENT,1994-07-17T00:00:00.000,BROOKLYN,FIREFIGHTER,ACTIVE,92073.00,per Annum,2080,110621.56,1251.33,62886.03,30449.31
2022,57,FIRE DEPARTMENT,1987-02-17T00:00:00.000,BROOKLYN,DEPUTY CHIEF,ACTIVE,195575.00,per Annum,2080,195039.26,0,0.00,40372.28
2022,57,FIRE DEPARTMENT,2007-08-06T00:00:00.000,MANHATTAN,FIREFIGHTER,ACTIVE,92073.00,per Annum,1965.73,107847.39,504.42,24976.88,17889.41
2022,57,FIRE DEPARTMENT,2022-03-28T00:00:00.000,MANHATTAN,FIREFIGHTER,ACTIVE,47394.00,per Annum,474.28,10777.26,28.5,884.16,0.00
2022,57,FIRE DEPARTMENT,2015-06-29T00:00:00.000,BROOKLYN,FIREFIGHTER,ACTIVE,92073.00,per Annum,2080,106651.71,1144.47,59645.67,19204.99
2022,57,FIRE DEPARTMENT,2019-05-13T00:00:00.000,BROOKLYN,FIREFIGHTER,ACTIVE,59580.00,per Annum,2080,61834.62,980.17,28661.09,6838.63
2022,57,FIRE DEPARTMENT,2008-07-01T00:00:00.000,MANHATTAN,FIREFIGHTER,ACTIVE,92073.00,per Annum,2080,110621.56,524.9,35388.72,34933.06
2022,57,FIRE DEPARTMENT,2015-12-28T00:00:00.000,MANHATTAN,FIREFIGHTER,ACTIVE,92073.00,per Annum,2080,105328.50,1403.52,72327.29,19787.32
2022,57,FIRE DEPARTMENT,2013-01-14T00:00:00.000,MANHATTAN,EMERGENCY MEDICAL SPECIALIST-PARAMEDIc,ACTIVE,75872.00,per Annum,2307.5,85046.27,376.75,20169.36,9608.54
2022,57,FIRE DEPARTMENT,2012-01-23T00:00:00.000,QUEENS,EMERGENCY MEDICAL SPECIALIST-PARAMEDIc,CEASED,72872.00,per Annum,802,35943.64,111,6145.50,7801.18
2022,57,FIRE DEPARTMENT,2002-01-27T00:00:00.000,QUEENS,FIREFIGHTER,ACTIVE,92073.00,per Annum,2080,110621.56,1181.52,58015.18,27837.01
2022,57,FIRE DEPARTMENT,2018-06-11T00:00:00.000,MANHATTAN,FIREFIGHTER,ACTIVE,65674.00,per Annum,2080,69064.20,1075.78,35331.56,8023.29
2022,57,FIRE DEPARTMENT,1997-10-19T00:00:00.000,QUEENS,FIREFIGHTER,ACTIVE,92073.00,per Annum,2080,110621.56,1628.02,97407.59,37922.26
2022,57,FIRE DEPARTMENT,2022-03-28T00:00:00.000,MANHATTAN,FIREFIGHTER,ACTIVE,47394.00,per Annum,480,10907.10,28,953.39,0.00
2022,57,FIRE DEPARTMENT,2010-07-12T00:00:00.000,BRONX,EMERGENCY MEDICAL SPECIALIST-EMT,ACTIVE,59534.00,per Annum,2266.72,58962.45,143.5,4742.40,7654.61
2022,57,FIRE DEPARTMENT,2017-10-16T00:00:00.000,MANHATTAN,EMERGENCY MEDICAL SPECIALIST-EMT,ACTIVE,49047.00,per Annum,2364.5,58728.83,211.25,5340.15,5533.35
2022,57,FIRE DEPARTMENT,2005-12-19T00:00:00.000,BROOKLYN,INVESTIGATOR,ACTIVE,65661.00,per Annum,1820,65481.00,0,0.00,1826.33
2022,57,FIRE DEPARTMENT,1999-10-25T00:00:00.000,BROOKLYN,FIRE PROTECTION INSPECTOR,CEASED,45312.00,per Annum,0,-1733.25,0,0.00,1733.25
2022,57,FIRE DEPARTMENT,2003-09-14T00:00:00.000,BRONX,FIREFIGHTER,ACTIVE,92073.00,per Annum,2080,110621.56,499.03,29902.50,24908.86
2022,57,FIRE DEPARTMENT,2020-10-26T00:00:00.000,BRONX,EMERGENCY MEDICAL SPECIALIST-EMT,ACTIVE,41617.00,per Annum,2236.5,44886.80,224.5,5355.75,4517.96
2022,57,FIRE DEPARTMENT,2003-05-04T00:00:00.000,BROOKLYN,FIRE MARSHAL,CEASED,103122.00,per Annum,0,19957.09,0,7058.19,18988.50
2022,57,FIRE DEPARTMENT,2013-01-14T00:00:00.000,BRONX,FIREFIGHTER,ACTIVE,92073.00,per Annum,2080,110371.38,902.92,48908.02,20981.08
2022,57,FIRE DEPARTMENT,1999-02-16T00:00:00.000,MANHATTAN,FIREFIGHTER,ACTIVE,92073.00,per Annum,2080,110621.56,640.2,42079.78,23109.91
2022,57,FIRE DEPARTMENT,2014-07-14T00:00:00.000,QUEENS,FIREFIGHTER,ACTIVE,92073.00,per Annum,2080,108833.78,1156.97,58203.54,16664.68
2022,57,FIRE DEPARTMENT,2014-07-14T00:00:00.000,BROOKLYN,PRINCIPAL ADMINISTRATIVE ASSOCIATE -  NON SUPVR,ACTIVE,61085.00,per Annum,1820,60917.74,0,0.00,3830.11
2022,57,FIRE DEPARTMENT,2020-02-18T00:00:00.000,BRONX,EMERGENCY MEDICAL SPECIALIST-EMT,ACTIVE,42357.00,per Annum,2171,46569.87,89.55,1962.79,1940.12
2022,57,FIRE DEPARTMENT,2021-09-13T00:00:00.000,MANHATTAN,EMERGENCY MEDICAL SPECIALIST-EMT,ACTIVE,39386.00,per Annum,1735,31626.70,75.25,980.42,3538.76
2022,57,FIRE DEPARTMENT,1994-01-16T00:00:00.000,BROOKLYN,FIREFIGHTER,CEASED,89391.00,per Annum,0,3805.89,0,584.09,717.30
2022,57,FIRE DEPARTMENT,1994-10-23T00:00:00.000,BROOKLYN,FIREFIGHTER,ACTIVE,92073.00,per Annum,2080,110621.56,980.08,57849.17,25148.13
2022,57,FIRE DEPARTMENT,2003-05-04T00:00:00.000,BROOKLYN,FIREFIGHTER,ACTIVE,92073.00,per Annum,2080,110621.56,1171.97,66358.93,21532.17
2022,57,FIRE DEPARTMENT,2022-03-28T00:00:00.000,MANHATTAN,FIREFIGHTER,ACTIVE,47394.00,per Annum,480,10907.10,27,919.34,0.00
2022,57,FIRE DEPARTMENT,1994-10-23T00:00:00.000,BROOKLYN,FIREFIGHTER,CEASED,92073.00,per Annum,1622.87,90441.48,300.5,23508.56,19303.85
2022,57,FIRE DEPARTMENT,2004-05-25T00:00:00.000,BROOKLYN,FIREFIGHTER,ACTIVE,92073.00,per Annum,2080,110621.56,1279.98,69455.00,25474.77
2022,57,FIRE DEPARTMENT,1995-02-05T00:00:00.000,BROOKLYN,FIREFIGHTER,CEASED,92073.00,per Annum,2080,110621.56,839.25,49294.01,21370.44
2022,57,FIRE DEPARTMENT,2021-05-10T00:00:00.000,BROOKLYN,FIREFIGHTER,CEASED,47394.00,per Annum,491.43,11568.46,23,825.80,310.37
2022,57,FIRE DEPARTMENT,1999-05-21T00:00:00.000,QUEENS,EMERGENCY MEDICAL SPECIALIST-PARAMEDIc,CEASED,67183.00,per Annum,0,158.70,0,0.00,4.59
2022,57,FIRE DEPARTMENT,2021-05-10T00:00:00.000,RICHMOND,FIREFIGHTER,ACTIVE,49728.00,per Annum,2080,47921.48,655.72,15675.25,2627.18
2022,57,FIRE DEPARTMENT,2016-06-27T00:00:00.000,QUEENS,FIREFIGHTER,ACTIVE,92073.00,per Annum,2080,103506.47,871.2,42659.17,15251.91
2022,57,FIRE DEPARTMENT,1998-09-03T00:00:00.000,BROOKLYN,COMPUTER ASSOCIATE,ACTIVE,70787.00,per Annum,1820,70593.12,818.75,50665.76,17407.63
2022,57,FIRE DEPARTMENT,1998-11-22T00:00:00.000,QUEENS,FIREFIGHTER,ACTIVE,92073.00,per Annum,2080,110621.56,1553.67,96109.33,40654.47
2022,57,FIRE DEPARTMENT,2008-01-25T00:00:00.000,QUEENS,FIREFIGHTER,ACTIVE,92073.00,per Annum,2080,110621.56,675.47,37251.10,19070.98
2022,57,FIRE DEPARTMENT,2004-03-07T00:00:00.000,MANHATTAN,CAPTAIN,ACTIVE,135511.00,per Annum,2080,132254.63,834.12,61968.44,40102.11
2022,57,FIRE DEPARTMENT,2004-02-06T00:00:00.000,BROOKLYN,SUPERVISING EMERGENCY MEDICAL SERVICE SPECIALIST,ACTIVE,82548.00,per Annum,2359.5,101253.09,284.75,16477.61,9829.03
2022,57,FIRE DEPARTMENT,2010-09-21T00:00:00.000,BRONX,EMERGENCY MEDICAL SPECIALIST-EMT,ACTIVE,59534.00,per Annum,2122,57661.04,0,159.09,8615.40
2022,57,FIRE DEPARTMENT,2016-06-27T00:00:00.000,BROOKLYN,FIREFIGHTER,ACTIVE,92073.00,per Annum,2080,103506.47,1095.22,53566.78,18558.12
2022,57,FIRE DEPARTMENT,2018-06-11T00:00:00.000,QUEENS,FIREFIGHTER,ACTIVE,65674.00,per Annum,2080,69064.20,810.47,26825.29,5021.31
2022,57,FIRE DEPARTMENT,2016-12-12T00:00:00.000,RICHMOND,FIREFIGHTER,ACTIVE,92073.00,per Annum,2080,90882.65,1470.13,49526.24,13386.54
2022,57,FIRE DEPARTMENT,2018-11-26T00:00:00.000,BROOKLYN,ASSOCIATE FIRE PROTECTION INSPECTOR,ACTIVE,66889.00,per Annum,2125,64969.32,30.25,1386.59,817.33
2022,57,FIRE DEPARTMENT,2016-06-27T00:00:00.000,RICHMOND,FIREFIGHTER,ACTIVE,92073.00,per Annum,2080,103506.47,985.82,46351.59,18019.12
2022,57,FIRE DEPARTMENT,1997-10-24T00:00:00.000,BROOKLYN,FIRE ALARM DISPATCHER,CEASED,64770.00,per Annum,0,-6066.63,0,31.92,6034.71
2022,57,FIRE DEPARTMENT,2003-11-05T00:00:00.000,BRONX,EMERGENCY MEDICAL SPECIALIST-EMT,CEASED,59393.00,per Annum,1464.5,38171.43,246,12796.52,10805.71
2022,57,FIRE DEPARTMENT,2007-01-08T00:00:00.000,QUEENS,SUPERVISING EMERGENCY MEDICAL SERVICE SPECIALIST-DPTY CHIEFS,ACTIVE,102041.00,per Annum,1950,109325.85,92.5,10711.56,5342.70
2022,57,FIRE DEPARTMENT,2006-04-11T00:00:00.000,RICHMOND,LIEUTENANT,ACTIVE,118056.00,per Annum,2080,125675.18,614.7,40203.04,25696.17
2022,57,FIRE DEPARTMENT,2020-10-26T00:00:00.000,BRONX,EMERGENCY MEDICAL SPECIALIST-EMT,ACTIVE,41617.00,per Annum,2303.5,43625.97,130,2731.72,5987.76
2022,57,FIRE DEPARTMENT,2021-10-25T00:00:00.000,MANHATTAN,FIREFIGHTER,ACTIVE,47394.00,per Annum,1360,30903.45,273.2,6582.22,533.31
2022,57,FIRE DEPARTMENT,2000-06-09T00:00:00.000,BROOKLYN,EMERGENCY MEDICAL SPECIALIST-EMT,CEASED,59393.00,per Annum,0,2640.36,0,66.41,185.79
2022,57,FIRE DEPARTMENT,2010-07-12T00:00:00.000,BROOKLYN,EMERGENCY MEDICAL SPECIALIST-EMT,ON LEAVE,59534.00,per Annum,1090,35630.56,0,207.40,2928.96
2022,57,FIRE DEPARTMENT,2021-08-30T00:00:00.000,BROOKLYN,FIRE ALARM DISPATCHER,CEASED,41254.00,per Annum,1248,24684.57,286,7396.68,3635.20
2022,57,FIRE DEPARTMENT,1984-07-05T00:00:00.000,BROOKLYN,FIREFIGHTER,CEASED,87211.00,per Annum,0,120.93,0,0.00,16.77
2022,57,FIRE DEPARTMENT,2004-09-12T00:00:00.000,BROOKLYN,LIEUTENANT,CEASED,118056.00,per Annum,2080,117732.67,378,20093.57,24947.95
2022,57,FIRE DEPARTMENT,1994-04-17T00:00:00.000,BROOKLYN,FIREFIGHTER,CEASED,89391.00,per Annum,0,4996.33,0,951.20,882.27
2022,57,FIRE DEPARTMENT,1999-02-08T00:00:00.000,BRONX,SUPERVISING EMERGENCY MEDICAL SERVICE SPECIALIST,ACTIVE,82548.00,per Annum,2263.5,94452.53,345.25,26902.91,12866.61
2022,57,FIRE DEPARTMENT,2018-06-11T00:00:00.000,BRONX,EMERGENCY MEDICAL SPECIALIST-EMT,CEASED,49047.00,per Annum,690,17145.19,16,424.49,1236.46
2022,57,FIRE DEPARTMENT,1987-02-17T00:00:00.000,BROOKLYN,PRINCIPAL ADMINISTRATIVE ASSOCIATE -  NON SUPVR,ACTIVE,61478.00,per Annum,1820,61309.56,0,0.00,4341.22
2022,57,FIRE DEPARTMENT,2000-10-30T00:00:00.000,BROOKLYN,ADM MANAGER-NON-MGRL,CEASED,39.54,per Hour,-39,-1727.02,0,-9.93,-1007.76
2022,57,FIRE DEPARTMENT,2007-03-25T00:00:00.000,QUEENS,FIREFIGHTER,ACTIVE,92073.00,per Annum,2080,110621.56,699.52,35906.80,21230.86
2022,57,FIRE DEPARTMENT,2015-06-29T00:00:00.000,RICHMOND,FIREFIGHTER,ACTIVE,92073.00,per Annum,2080,106651.71,601.17,31045.87,15860.12
2022,57,FIRE DEPARTMENT,2002-05-05T00:00:00.000,BROOKLYN,FIREFIGHTER,ACTIVE,92073.00,per Annum,2080,110621.56,482.37,28971.59,23437.24
2022,57,FIRE DEPARTMENT,2005-09-25T00:00:00.000,RICHMOND,LIEUTENANT,ACTIVE,98951.00,per Annum,2080,108173.75,389.03,23199.50,22664.58
2022,57,FIRE DEPARTMENT,1996-07-18T00:00:00.000,BROOKLYN,FIREFIGHTER,CEASED,92073.00,per Annum,0,10982.65,0,2625.51,2479.44
2022,57,FIRE DEPARTMENT,1982-08-07T00:00:00.000,BROOKLYN,CAPTAIN,CEASED,131564.00,per Annum,0,0.00,0,0.00,4146.33
2022,57,FIRE DEPARTMENT,2018-06-25T00:00:00.000,QUEENS,CITY MEDICAL SPECIALIST,ACTIVE,84.86,per Hour,124.83,10597.21,0,0.00,731.22
2022,57,FIRE DEPARTMENT,2011-07-11T00:00:00.000,QUEENS,SUPERVISING EMERGENCY MEDICAL SERVICE SPECIALIST,ACTIVE,82548.00,per Annum,2339.5,93617.28,267.5,16298.15,10432.64
2022,57,FIRE DEPARTMENT,2004-03-08T00:00:00.000,MANHATTAN,FIREFIGHTER,ACTIVE,92073.00,per Annum,2080,110621.56,119,7266.60,19880.54
2022,57,FIRE DEPARTMENT,2020-08-17T00:00:00.000,BROOKLYN,DEPUTY COMMISSIONER,ACTIVE,225342.00,per Annum,1820,224724.51,0,0.00,5316.90
2022,57,FIRE DEPARTMENT,2007-03-25T00:00:00.000,BROOKLYN,FIREFIGHTER,ACTIVE,92073.00,per Annum,2080,110621.56,575,30033.68,18636.86
2022,57,FIRE DEPARTMENT,2019-06-10T00:00:00.000,BRONX,EMERGENCY MEDICAL SPECIALIST-EMT,ACTIVE,49047.00,per Annum,2351.5,50433.23,173.82,3807.86,5353.14
2022,57,FIRE DEPARTMENT,2014-12-29T00:00:00.000,BROOKLYN,FIREFIGHTER,ACTIVE,92073.00,per Annum,2022.88,105293.29,410.22,21111.98,15671.39
2022,57,FIRE DEPARTMENT,2019-09-30T00:00:00.000,BRONX,EMERGENCY MEDICAL SPECIALIST-EMT,ACTIVE,42357.00,per Annum,2368.5,48353.07,188.25,3264.41,4073.70
2022,57,FIRE DEPARTMENT,1987-02-17T00:00:00.000,BROOKLYN,BATTALION CHIEF,CEASED,176449.00,per Annum,1857.15,157112.66,0,0.00,38104.47
2022,57,FIRE DEPARTMENT,2007-01-08T00:00:00.000,QUEENS,EMERGENCY MEDICAL SPECIALIST-PARAMEDIc,ACTIVE,75872.00,per Annum,2369.5,88047.24,1149.75,69044.18,14014.97
2022,57,FIRE DEPARTMENT,1998-11-22T00:00:00.000,BROOKLYN,FIREFIGHTER,CEASED,87211.00,per Annum,0,930.64,0,60.60,164.52
2022,57,FIRE DEPARTMENT,2004-02-06T00:00:00.000,MANHATTAN,EMERGENCY MEDICAL SPECIALIST-PARAMEDIc,CEASED,67183.00,per Annum,0,532.43,0,94.99,17.56
2022,57,FIRE DEPARTMENT,2016-06-27T00:00:00.000,RICHMOND,FIREFIGHTER,ACTIVE,92073.00,per Annum,2080,103506.47,358.78,19195.26,16210.08
2022,57,FIRE DEPARTMENT,2015-06-29T00:00:00.000,BROOKLYN,FIREFIGHTER,ACTIVE,92073.00,per Annum,2080,106651.71,610.05,32149.83,15597.21
2022,57,FIRE DEPARTMENT,2009-05-11T00:00:00.000,BRONX,EMERGENCY MEDICAL SPECIALIST-PARAMEDIc,CEASED,72872.00,per Annum,0,7638.53,0,480.20,19.71
2022,57,FIRE DEPARTMENT,2002-01-27T00:00:00.000,BRONX,CAPTAIN,ACTIVE,135511.00,per Annum,2080,135139.68,597.78,40404.73,32915.97
2022,57,FIRE DEPARTMENT,2004-09-12T00:00:00.000,QUEENS,FIREFIGHTER,ACTIVE,92073.00,per Annum,2080,110621.56,821.92,46603.70,24095.07
2022,57,FIRE DEPARTMENT,2016-12-12T00:00:00.000,RICHMOND,FIREFIGHTER,ACTIVE,92073.00,per Annum,2080,90882.65,852.43,37550.81,13430.29
2022,57,FIRE DEPARTMENT,2013-11-25T00:00:00.000,QUEENS,ELECTRICIAN,ACTIVE,440.16,per Day,1820,113967.63,1414.5,132414.68,10518.51
2022,57,FIRE DEPARTMENT,2018-06-11T00:00:00.000,RICHMOND,FIREFIGHTER,ON LEAVE,65674.00,per Annum,948.6,32040.63,344.73,11583.50,3372.72
2022,57,FIRE DEPARTMENT,2019-02-19T00:00:00.000,MANHATTAN,EMERGENCY MEDICAL SPECIALIST-EMT,CEASED,37250.00,per Annum,0,-29.51,0,0.00,-3.81
2022,57,FIRE DEPARTMENT,2021-09-13T00:00:00.000,QUEENS,EMERGENCY MEDICAL SPECIALIST-EMT,ACTIVE,39386.00,per Annum,1736,31646.24,78,1044.50,3425.70
2022,57,FIRE DEPARTMENT,2015-12-28T00:00:00.000,MANHATTAN,FIREFIGHTER,ACTIVE,92073.00,per Annum,2080,105328.50,814.1,41776.30,15049.17
2022,57,FIRE DEPARTMENT,2004-03-07T00:00:00.000,QUEENS,LIEUTENANT,ACTIVE,97648.00,per Annum,2080,114271.94,669.8,37034.42,20452.32
2022,57,FIRE DEPARTMENT,2008-01-21T00:00:00.000,MANHATTAN,FIREFIGHTER,ACTIVE,92073.00,per Annum,2080,110621.56,774.9,40658.32,20575.07
2022,57,FIRE DEPARTMENT,2015-12-28T00:00:00.000,MANHATTAN,FIREFIGHTER,ACTIVE,92073.00,per Annum,2080,105328.50,967.98,48513.52,18622.24
2022,57,FIRE DEPARTMENT,1984-01-04T00:00:00.000,BROOKLYN,LIEUTENANT,CEASED,114617.00,per Annum,0,0.00,0,0.00,4524.41
2022,57,FIRE DEPARTMENT,2006-01-15T00:00:00.000,MANHATTAN,FIREFIGHTER,ACTIVE,92073.00,per Annum,2080,110621.56,526.82,28870.19,20541.34
2022,57,FIRE DEPARTMENT,1994-01-16T00:00:00.000,BROOKLYN,LIEUTENANT,CEASED,114617.00,per Annum,0,0.00,0,0.00,3522.59
2022,57,FIRE DEPARTMENT,2014-02-10T00:00:00.000,BROOKLYN,COMPUTER SPECIALIST,ACTIVE,94268.00,per Annum,1820,94009.76,195.5,12187.37,7457.71
2022,57,FIRE DEPARTMENT,1996-03-17T00:00:00.000,BROOKLYN,EMERGENCY MEDICAL SPECIALIST-EMT,CEASED,57109.00,per Annum,0,5874.09,0,246.68,255.30
2022,57,FIRE DEPARTMENT,1990-10-21T00:00:00.000,BROOKLYN,LIEUTENANT,ACTIVE,118056.00,per Annum,2080,117732.67,815,50778.93,30685.20
2022,57,FIRE DEPARTMENT,2019-11-12T00:00:00.000,BROOKLYN,FIREFIGHTER,ACTIVE,54163.00,per Annum,2080,57953.47,758.27,21826.92,5147.24
2022,57,FIRE DEPARTMENT,1999-09-24T00:00:00.000,RICHMOND,EMERGENCY MEDICAL SPECIALIST-EMT,ACTIVE,62393.00,per Annum,2332.5,71103.27,932,50147.59,15381.73
2022,57,FIRE DEPARTMENT,2017-12-11T00:00:00.000,MANHATTAN,FIREFIGHTER,ACTIVE,65674.00,per Annum,2080,72560.33,1048.93,35577.32,6616.91
2022,57,FIRE DEPARTMENT,1991-09-08T00:00:00.000,BROOKLYN,CAPTAIN,ACTIVE,123407.00,per Annum,2080,121195.51,1407.57,90545.18,31143.56
2022,57,FIRE DEPARTMENT,1979-08-25T00:00:00.000,BROOKLYN,DEPUTY CHIEF,CEASED,169283.00,per Annum,0,0.00,0,0.00,1233.46
2022,57,FIRE DEPARTMENT,1998-07-01T00:00:00.000,MANHATTAN,FIREFIGHTER,ACTIVE,92073.00,per Annum,2097.17,107847.71,1182.25,62824.91,20912.91
2022,57,FIRE DEPARTMENT,2019-10-15T00:00:00.000,BROOKLYN,FIRE PROTECTION INSPECTOR,ACTIVE,59880.00,per Annum,2050,61420.86,0,11.51,2199.90
2022,57,FIRE DEPARTMENT,1996-03-17T00:00:00.000,MANHATTAN,EMERGENCY MEDICAL SPECIALIST-EMT,CEASED,59393.00,per Annum,1519.5,47968.94,77.75,3517.07,8840.25
2022,57,FIRE DEPARTMENT,2014-12-29T00:00:00.000,BROOKLYN,FIREFIGHTER,ACTIVE,92073.00,per Annum,2080,107815.20,723.25,40058.15,19446.60
2022,57,FIRE DEPARTMENT,2016-04-04T00:00:00.000,BROOKLYN,PRINCIPAL ADMINISTRATIVE ASSOCIATE -  NON SUPVR,ACTIVE,61015.00,per Annum,1820,60847.80,108,4359.86,4295.09
2022,57,FIRE DEPARTMENT,2004-05-25T00:00:00.000,BRONX,FIREFIGHTER,ACTIVE,92073.00,per Annum,2080,110621.56,1017.37,54646.22,21093.81
2022,57,FIRE DEPARTMENT,2005-03-08T00:00:00.000,MANHATTAN,FIREFIGHTER,ACTIVE,92073.00,per Annum,2080,110621.56,813.1,42874.07,21319.66
2022,57,FIRE DEPARTMENT,2003-05-12T00:00:00.000,BROOKLYN,FIRE ALARM DISPATCHER,CEASED,58670.00,per Annum,0,-831.95,0,78.32,753.63
2022,57,FIRE DEPARTMENT,2001-05-06T00:00:00.000,BROOKLYN,FIREFIGHTER,CEASED,92073.00,per Annum,0,14453.38,0,2713.49,2395.34
2022,57,FIRE DEPARTMENT,1996-03-17T00:00:00.000,QUEENS,EMERGENCY MEDICAL SPECIALIST-EMT,CEASED,57109.00,per Annum,0,6923.51,0,252.65,316.17
2022,57,FIRE DEPARTMENT,2005-09-25T00:00:00.000,BROOKLYN,BATTALION CHIEF,ACTIVE,136221.00,per Annum,2034.3,132485.73,787.93,54095.32,30960.81
2022,57,FIRE DEPARTMENT,1995-02-05T00:00:00.000,MANHATTAN,BATTALION CHIEF,ACTIVE,176449.00,per Annum,2080,175965.66,0,0.00,38008.28
2022,57,FIRE DEPARTMENT,2005-09-25T00:00:00.000,BROOKLYN,FIREFIGHTER,CEASED,92073.00,per Annum,2080,110621.56,1726,90050.39,22674.10
2022,57,FIRE DEPARTMENT,2017-06-12T00:00:00.000,BRONX,FIREFIGHTER,ACTIVE,92073.00,per Annum,2080,77173.59,566.05,20366.11,5009.52
2022,57,FIRE DEPARTMENT,2015-06-29T00:00:00.000,MANHATTAN,FIREFIGHTER,ACTIVE,92073.00,per Annum,2080,106651.71,534.55,30233.34,15525.06
2022,57,FIRE DEPARTMENT,2014-07-14T00:00:00.000,QUEENS,FIREFIGHTER,ACTIVE,92073.00,per Annum,2080,108833.78,1042.17,52953.47,20391.09
2022,57,FIRE DEPARTMENT,2004-03-07T00:00:00.000,QUEENS,LIEUTENANT,ACTIVE,118056.00,per Annum,2080,117732.67,901.95,57743.98,26502.46
2022,57,FIRE DEPARTMENT,2019-09-30T00:00:00.000,QUEENS,EMERGENCY MEDICAL SPECIALIST-EMT,CEASED,37250.00,per Annum,451.5,6971.21,27.75,519.43,59.10
2022,57,FIRE DEPARTMENT,2019-05-13T00:00:00.000,BRONX,FIREFIGHTER,ACTIVE,59580.00,per Annum,2080,61834.63,1182.05,34726.91,4504.32
2022,57,FIRE DEPARTMENT,2016-01-13T00:00:00.000,BROOKLYN,FIREFIGHTER,ACTIVE,92073.00,per Annum,2080,105043.82,877.4,42518.36,20189.07
2022,57,FIRE DEPARTMENT,2005-05-02T00:00:00.000,MANHATTAN,SUPERVISING EMERGENCY MEDICAL SERVICE SPECIALIST,ACTIVE,82548.00,per Annum,2351.5,95606.88,292.5,16380.44,8667.00
2022,57,FIRE DEPARTMENT,2018-06-11T00:00:00.000,BRONX,FIREFIGHTER,ACTIVE,65674.00,per Annum,2080,69064.20,1175.12,36934.97,8555.95
2022,57,FIRE DEPARTMENT,2013-01-14T00:00:00.000,BROOKLYN,FIREFIGHTER,ACTIVE,92073.00,per Annum,2080,110371.38,955.95,50392.05,18428.06
2022,57,FIRE DEPARTMENT,1988-07-18T00:00:00.000,BROOKLYN,CLERICAL ASSOCIATE,ACTIVE,56071.00,per Annum,1820,47514.36,0,0.00,4364.80
2022,57,FIRE DEPARTMENT,2014-01-27T00:00:00.000,BROOKLYN,FIREFIGHTER,ACTIVE,92073.00,per Annum,2080,109432.93,1087.4,53791.59,16139.38
2022,57,FIRE DEPARTMENT,2018-04-02T00:00:00.000,BROOKLYN,ASSOCIATE FIRE PROTECTION INSPECTOR,ACTIVE,66889.00,per Annum,2050,67413.61,71.75,4029.26,1542.70
2022,57,FIRE DEPARTMENT,1999-04-16T00:00:00.000,BROOKLYN,EMERGENCY MEDICAL SPECIALIST-EMT,ACTIVE,62393.00,per Annum,2050,65785.94,43.25,2223.83,10520.47
2022,57,FIRE DEPARTMENT,2006-01-15T00:00:00.000,MANHATTAN,FIREFIGHTER,ACTIVE,92073.00,per Annum,2080,110621.56,434.55,23626.96,22135.86
2022,57,FIRE DEPARTMENT,1998-07-01T00:00:00.000,BROOKLYN,FIREFIGHTER,CEASED,92073.00,per Annum,0,18559.24,0,8403.67,19893.18
2022,57,FIRE DEPARTMENT,2018-10-29T00:00:00.000,BROOKLYN,FIRE ALARM DISPATCHER,ACTIVE,53627.00,per Annum,2080,59177.46,418.25,15126.97,6621.06
2022,57,FIRE DEPARTMENT,2021-06-21T00:00:00.000,QUEENS,EMERGENCY MEDICAL SPECIALIST-EMT,ACTIVE,41617.00,per Annum,2274,41393.71,171,3482.47,4111.54
2022,57,FIRE DEPARTMENT,2018-04-02T00:00:00.000,BROOKLYN,FIRE PROTECTION INSPECTOR,CEASED,48609.00,per Annum,0,1971.14,0,58.94,11.37
2022,57,FIRE DEPARTMENT,2002-05-05T00:00:00.000,BROOKLYN,FIREFIGHTER,ACTIVE,92073.00,per Annum,2080,110621.56,1192.85,56931.56,22781.82
2022,57,FIRE DEPARTMENT,2011-09-19T00:00:00.000,QUEENS,AUTO MECHANIC,ACTIVE,347.20,per Day,2080,77924.70,418,25142.86,10819.39
2022,57,FIRE DEPARTMENT,2019-02-19T00:00:00.000,QUEENS,EMERGENCY MEDICAL SPECIALIST-EMT,ACTIVE,49047.00,per Annum,2364.5,53112.37,172.75,3194.72,2600.40
2022,57,FIRE DEPARTMENT,2008-07-01T00:00:00.000,BROOKLYN,EMERGENCY MEDICAL SPECIALIST-PARAMEDIc,ACTIVE,75872.00,per Annum,2359.5,87592.94,263.25,11468.97,10996.20
2022,57,FIRE DEPARTMENT,1994-01-16T00:00:00.000,QUEENS,BATTALION CHIEF,ACTIVE,136221.00,per Annum,2080,135604.70,55.25,3859.54,33531.73
2022,57,FIRE DEPARTMENT,2008-07-01T00:00:00.000,BROOKLYN,LIEUTENANT,ACTIVE,100409.00,per Annum,2080,103021.26,649.95,32318.35,24011.21
2022,57,FIRE DEPARTMENT,1991-09-08T00:00:00.000,BROOKLYN,CAPTAIN,CEASED,135511.00,per Annum,0,0.00,0,0.00,9206.38
2022,57,FIRE DEPARTMENT,2005-05-31T00:00:00.000,BROOKLYN,LIEUTENANT,ACTIVE,118056.00,per Annum,2080,117732.67,478.92,28645.79,28595.09
2022,57,FIRE DEPARTMENT,1989-07-05T00:00:00.000,MANHATTAN,FIREFIGHTER,ACTIVE,92073.00,per Annum,2080,110621.56,246,21261.42,21439.46
2022,57,FIRE DEPARTMENT,2003-08-29T00:00:00.000,BROOKLYN,SUPERVISING EMERGENCY MEDICAL SERVICE SPECIALIST,ACTIVE,75971.00,per Annum,2332.5,90973.09,173.5,9339.56,14247.20
2022,57,FIRE DEPARTMENT,2005-03-08T00:00:00.000,BROOKLYN,LIEUTENANT,ACTIVE,118056.00,per Annum,2080,117732.67,778.58,49106.63,28589.97
2022,57,FIRE DEPARTMENT,1990-10-21T00:00:00.000,BROOKLYN,BATTALION CHIEF,CEASED,145295.00,per Annum,434.3,30253.97,0,0.00,50661.59
2022,57,FIRE DEPARTMENT,2019-11-12T00:00:00.000,QUEENS,FIREFIGHTER,ACTIVE,54163.00,per Annum,2080,57953.47,1014.15,26683.76,5070.78
2022,57,FIRE DEPARTMENT,1998-11-22T00:00:00.000,BROOKLYN,FIREFIGHTER,CEASED,87211.00,per Annum,0,1114.67,0,107.46,187.72
2022,57,FIRE DEPARTMENT,2013-01-14T00:00:00.000,MANHATTAN,FIREFIGHTER,ACTIVE,92073.00,per Annum,2080,110371.38,844.15,46543.16,16369.50
2022,57,FIRE DEPARTMENT,1999-08-08T00:00:00.000,QUEENS,LIEUTENANT,ACTIVE,118056.00,per Annum,2080,117732.67,1304.43,87240.61,30073.48
2022,57,FIRE DEPARTMENT,2005-01-14T00:00:00.000,BROOKLYN,EMERGENCY MEDICAL SPECIALIST-EMT,ACTIVE,62393.00,per Annum,2354,72373.79,245,10436.55,16663.43
2022,57,FIRE DEPARTMENT,2004-05-25T00:00:00.000,QUEENS,LIEUTENANT,ACTIVE,98300.00,per Annum,2080,115104.68,945.8,52264.16,24409.52
2022,57,FIRE DEPARTMENT,2003-11-05T00:00:00.000,BRONX,EMERGENCY MEDICAL SPECIALIST-PARAMEDIc,ACTIVE,76586.00,per Annum,2360.5,88917.69,804.75,47958.87,14332.56
2022,57,FIRE DEPARTMENT,2017-06-26T00:00:00.000,QUEENS,EMERGENCY MEDICAL SPECIALIST-EMT,ACTIVE,49047.00,per Annum,2367.5,55552.99,202.5,5781.34,3011.48
2022,57,FIRE DEPARTMENT,2021-09-13T00:00:00.000,QUEENS,EMERGENCY MEDICAL SPECIALIST-EMT,CEASED,39386.00,per Annum,48,906.36,0,0.00,51.85
2022,57,FIRE DEPARTMENT,2017-06-12T00:00:00.000,BRONX,FIREFIGHTER,ACTIVE,92073.00,per Annum,2080,77173.59,943.62,33752.39,8265.61
2022,57,FIRE DEPARTMENT,2007-08-06T00:00:00.000,BROOKLYN,FIREFIGHTER,ACTIVE,92073.00,per Annum,2080,110621.56,693.4,34962.70,19030.12
2022,57,FIRE DEPARTMENT,2005-03-08T00:00:00.000,QUEENS,FIREFIGHTER,ACTIVE,92073.00,per Annum,2080,110621.56,956.57,50450.96,20235.47
2022,57,FIRE DEPARTMENT,2016-07-25T00:00:00.000,BRONX,EMERGENCY MEDICAL SPECIALIST-EMT,ACTIVE,59534.00,per Annum,2360.5,66226.12,363,11830.91,8480.75
2022,57,FIRE DEPARTMENT,2003-09-14T00:00:00.000,BROOKLYN,FIREFIGHTER,CEASED,87211.00,per Annum,0,304.96,0,280.71,34.51
2022,57,FIRE DEPARTMENT,2006-05-11T00:00:00.000,QUEENS,EMERGENCY MEDICAL SPECIALIST-PARAMEDIc,ACTIVE,68155.00,per Annum,1822.5,58198.45,0,376.47,7473.34
2022,57,FIRE DEPARTMENT,2020-10-26T00:00:00.000,QUEENS,EMERGENCY MEDICAL SPECIALIST-EMT,ACTIVE,41617.00,per Annum,1404.5,29774.22,55.85,730.47,1874.36
2022,57,FIRE DEPARTMENT,2018-06-11T00:00:00.000,BRONX,FIREFIGHTER,ACTIVE,65674.00,per Annum,2080,69064.20,1102.52,35228.06,8571.69
2022,57,FIRE DEPARTMENT,2017-12-11T00:00:00.000,BROOKLYN,FIREFIGHTER,ACTIVE,65674.00,per Annum,2080,73009.82,725.93,24743.71,4200.45
2022,57,FIRE DEPARTMENT,2005-09-25T00:00:00.000,MANHATTAN,LIEUTENANT,ACTIVE,118056.00,per Annum,2080,111608.42,817.17,48802.83,26112.69
2022,57,FIRE DEPARTMENT,2006-01-15T00:00:00.000,MANHATTAN,LIEUTENANT,ACTIVE,97648.00,per Annum,2080,111064.49,926.77,45757.18,25428.24
2022,57,FIRE DEPARTMENT,2018-12-07T00:00:00.000,BRONX,FIREFIGHTER,ACTIVE,59580.00,per Annum,2080,65281.73,882.55,24414.96,6436.78
2022,57,FIRE DEPARTMENT,2019-09-30T00:00:00.000,BRONX,EMERGENCY MEDICAL SPECIALIST-EMT,ACTIVE,42357.00,per Annum,2351.5,49518.41,236.93,4306.12,2208.20
2022,57,FIRE DEPARTMENT,1996-03-17T00:00:00.000,BRONX,SUPERVISING EMERGENCY MEDICAL SERVICE SPECIALIST,CEASED,80568.00,per Annum,0,8209.09,0,1492.53,459.71
2022,57,FIRE DEPARTMENT,2021-05-24T00:00:00.000,BROOKLYN,ELECTRICAL ENGINEERING INTERN,ACTIVE,62260.00,per Annum,1820,62089.31,107,3727.49,0.00
2022,57,FIRE DEPARTMENT,2021-06-21T00:00:00.000,BRONX,EMERGENCY MEDICAL SPECIALIST-EMT,ACTIVE,41617.00,per Annum,2278,41471.87,198,3863.65,4629.51
2022,57,FIRE DEPARTMENT,2014-07-14T00:00:00.000,BROOKLYN,FIREFIGHTER,ACTIVE,92073.00,per Annum,2080,108833.78,734.13,35471.66,16322.55
2022,57,FIRE DEPARTMENT,2005-05-31T00:00:00.000,MANHATTAN,LIEUTENANT,ACTIVE,97648.00,per Annum,2080,111064.49,867.48,48104.97,21448.13
2022,57,FIRE DEPARTMENT,2008-12-15T00:00:00.000,QUEENS,SUPERVISOR OF MECHANICS,ACTIVE,121196.00,per Annum,2080,120863.86,530,46596.07,6823.85
2022,57,FIRE DEPARTMENT,2005-09-25T00:00:00.000,QUEENS,LIEUTENANT,ACTIVE,98951.00,per Annum,2080,108173.75,519.53,30017.81,21905.29
2022,57,FIRE DEPARTMENT,2020-10-26T00:00:00.000,MANHATTAN,EMERGENCY MEDICAL SPECIALIST-EMT,ACTIVE,41617.00,per Annum,2364.5,46532.58,251.25,4704.97,4348.69
2022,57,FIRE DEPARTMENT,2012-07-16T00:00:00.000,QUEENS,EMERGENCY MEDICAL SPECIALIST-PARAMEDIc,ACTIVE,75872.00,per Annum,2359.5,86242.66,199.5,7473.14,9222.22
2022,57,FIRE DEPARTMENT,2002-05-05T00:00:00.000,QUEENS,FIREFIGHTER,ACTIVE,92073.00,per Annum,2080,109826.96,916.35,43196.92,22086.08
2022,57,FIRE DEPARTMENT,2003-12-10T00:00:00.000,BRONX,FIREFIGHTER,ACTIVE,92073.00,per Annum,2080,110621.56,678.98,38455.59,22846.01
2022,57,FIRE DEPARTMENT,2020-02-18T00:00:00.000,BRONX,EMERGENCY MEDICAL SPECIALIST-EMT,ACTIVE,42357.00,per Annum,2352.5,47943.33,236.5,5387.93,3224.33
2022,57,FIRE DEPARTMENT,2008-01-21T00:00:00.000,BRONX,FIREFIGHTER,ACTIVE,92073.00,per Annum,2080,110621.56,1473.85,71165.44,18119.54
2022,57,FIRE DEPARTMENT,2006-11-19T00:00:00.000,BROOKLYN,FIRE MARSHAL,ACTIVE,103122.00,per Annum,2080,122702.87,494.75,29747.42,22958.02
2022,57,FIRE DEPARTMENT,2018-06-11T00:00:00.000,MANHATTAN,FIREFIGHTER,ACTIVE,65674.00,per Annum,2080,69064.20,1265.98,40024.00,7428.89
2022,57,FIRE DEPARTMENT,2019-06-10T00:00:00.000,RICHMOND,EMERGENCY MEDICAL SPECIALIST-EMT,ACTIVE,49047.00,per Annum,2338.5,50284.23,342.5,9031.10,5105.65
2022,57,FIRE DEPARTMENT,2007-08-06T00:00:00.000,QUEENS,FIREFIGHTER,ACTIVE,92073.00,per Annum,2080,110621.56,1212,70778.60,31977.66
2022,57,FIRE DEPARTMENT,2011-02-14T00:00:00.000,BRONX,EMERGENCY MEDICAL SPECIALIST-EMT,ACTIVE,59534.00,per Annum,1885,59436.74,32.5,1312.67,12398.88
2022,57,FIRE DEPARTMENT,2015-12-28T00:00:00.000,BRONX,FIREFIGHTER,ACTIVE,92073.00,per Annum,2080,105328.50,267.82,14164.06,14831.41
2022,57,FIRE DEPARTMENT,2016-01-11T00:00:00.000,BRONX,EMERGENCY MEDICAL SPECIALIST-EMT,ACTIVE,59534.00,per Annum,1508.5,53642.99,172.33,5653.81,4857.29
2022,57,FIRE DEPARTMENT,2004-03-07T00:00:00.000,MANHATTAN,LIEUTENANT,ACTIVE,98951.00,per Annum,2080,106413.88,969.57,56448.57,24499.72
2022,57,FIRE DEPARTMENT,2019-09-30T00:00:00.000,QUEENS,EMERGENCY MEDICAL SPECIALIST-EMT,ON LEAVE,42357.00,per Annum,1623,34928.08,73,1127.12,3151.79
2022,57,FIRE DEPARTMENT,2019-09-30T00:00:00.000,BRONX,EMERGENCY MEDICAL SPECIALIST-EMT,ACTIVE,42357.00,per Annum,2355.5,49116.50,355.75,9965.43,5895.43
2022,57,FIRE DEPARTMENT,1998-11-22T00:00:00.000,BROOKLYN,FIREFIGHTER,CEASED,87211.00,per Annum,0,452.18,0,57.92,57.00
2022,57,FIRE DEPARTMENT,1999-02-20T00:00:00.000,QUEENS,LIEUTENANT,ACTIVE,98951.00,per Annum,2080,107234.32,733.08,42213.87,26033.21
2022,57,FIRE DEPARTMENT,2003-02-02T00:00:00.000,BRONX,LIEUTENANT,ACTIVE,118056.00,per Annum,1914.3,108353.70,113.02,6063.34,23900.46
2022,57,FIRE DEPARTMENT,2004-12-05T00:00:00.000,BROOKLYN,LIEUTENANT,ACTIVE,98951.00,per Annum,2080,105593.45,571.68,27378.44,23895.78
2022,57,FIRE DEPARTMENT,2017-03-06T00:00:00.000,BROOKLYN,EMERGENCY MEDICAL SPECIALIST-PARAMEDIc,ACTIVE,59363.00,per Annum,2364.5,66387.08,483.75,18452.02,9500.10
2022,57,FIRE DEPARTMENT,2003-06-03T00:00:00.000,QUEENS,FIREFIGHTER,ACTIVE,92073.00,per Annum,2080,110621.56,449.82,25806.56,21443.77
2022,57,FIRE DEPARTMENT,1994-02-28T00:00:00.000,BROOKLYN,LIEUTENANT,CEASED,114617.00,per Annum,0,0.00,0,0.00,2561.63
2022,57,FIRE DEPARTMENT,2019-06-10T00:00:00.000,QUEENS,EMERGENCY MEDICAL SPECIALIST-EMT,ACTIVE,49047.00,per Annum,2258,49168.87,244,6163.65,2953.05
2022,57,FIRE DEPARTMENT,2017-12-18T00:00:00.000,BROOKLYN,PROJECT MANAGER,ACTIVE,72204.00,per Annum,1820,70747.37,0,0.00,583.80
2022,57,FIRE DEPARTMENT,2015-09-21T00:00:00.000,QUEENS,EMERGENCY MEDICAL SPECIALIST-PARAMEDIc,ACTIVE,61783.00,per Annum,2331.5,71441.51,234.5,7646.54,9847.44
2022,57,FIRE DEPARTMENT,2005-03-08T00:00:00.000,BROOKLYN,LIEUTENANT,ACTIVE,100409.00,per Annum,2080,103426.50,712.43,32826.94,25951.67
2022,57,FIRE DEPARTMENT,2013-04-08T00:00:00.000,BROOKLYN,EMERGENCY MEDICAL SPECIALIST-EMT,ACTIVE,59534.00,per Annum,2050,62596.81,337.25,17139.26,5982.33
2022,57,FIRE DEPARTMENT,2017-10-16T00:00:00.000,BRONX,EMERGENCY MEDICAL SPECIALIST-EMT,ON LEAVE,49047.00,per Annum,2031.5,43168.05,115.5,3371.56,4055.46
2022,57,FIRE DEPARTMENT,1989-11-12T00:00:00.000,BROOKLYN,FIRE MARSHAL,CEASED,103122.00,per Annum,1171.45,78975.25,22,11704.05,18087.47
2022,57,FIRE DEPARTMENT,2016-06-27T00:00:00.000,QUEENS,FIREFIGHTER,ACTIVE,92073.00,per Annum,1382.87,72983.93,940.23,45134.58,14166.79
2022,57,FIRE DEPARTMENT,2005-09-25T00:00:00.000,BROOKLYN,FIREFIGHTER,ACTIVE,92073.00,per Annum,2022.88,108099.65,930.6,44763.49,19907.37
2022,806,HOUSING PRESERVATION & DVLPMNT,2015-04-06T00:00:00.000,BRONX,COMMUNITY COORDINATOR,ACTIVE,62215.00,per Annum,1820,62044.58,0,0.00,25.75
2022,806,HOUSING PRESERVATION & DVLPMNT,2019-09-16T00:00:00.000,MANHATTAN,COMMUNITY ASSOCIATE,ACTIVE,44083.00,per Annum,1820,42591.84,0,0.00,-725.10
2022,806,HOUSING PRESERVATION & DVLPMNT,1987-10-05T00:00:00.000,MANHATTAN,ASSOCIATE REAL PROPERTY MANAGER,ACTIVE,80031.00,per Annum,1820,79811.68,17.5,1004.86,6352.40
2022,806,HOUSING PRESERVATION & DVLPMNT,1988-02-22T00:00:00.000,MANHATTAN,COMMUNITY COORDINATOR,CEASED,62608.00,per Annum,1750,5651.88,0,0.00,128.27
2022,806,HOUSING PRESERVATION & DVLPMNT,2019-12-09T00:00:00.000,MANHATTAN,ASSOCIATE HOUSING DEVELOPMENT SPECIALIST,ACTIVE,85847.00,per Annum,1820,84294.64,162,7898.51,1133.37
2022,806,HOUSING PRESERVATION & DVLPMNT,2017-12-18T00:00:00.000,MANHATTAN,CERTIFIED IT DEVELOPER,CEASED,101421.00,per Annum,140,4278.92,0,0.00,3539.70
2022,806,HOUSING PRESERVATION & DVLPMNT,2016-03-28T00:00:00.000,BROOKLYN,CONSTRUCTION PROJECT MANAGER,ACTIVE,77921.00,per Annum,1820,77707.50,9.25,485.09,5093.71
2022,806,HOUSING PRESERVATION & DVLPMNT,2015-02-09T00:00:00.000,MANHATTAN,HOUSING DEVELOPMENT SPECIALIST,ACTIVE,77921.00,per Annum,1820,75203.84,21,904.28,1000.96
2022,806,HOUSING PRESERVATION & DVLPMNT,2004-04-19T00:00:00.000,MANHATTAN,COMMUNITY ASSOCIATE,ACTIVE,44083.00,per Annum,1820,42500.69,57.5,1696.76,2390.61
2022,806,HOUSING PRESERVATION & DVLPMNT,2016-02-29T00:00:00.000,MANHATTAN,ADMINISTRATIVE CITY PLANNER,ACTIVE,80340.00,per Annum,1820,80119.79,0,0.00,1000.00
2022,806,HOUSING PRESERVATION & DVLPMNT,2021-12-06T00:00:00.000,MANHATTAN,CONSTRUCTION PROJECT MANAGER,ACTIVE,57078.00,per Annum,980,30650.06,0,0.00,8.25
2022,806,HOUSING PRESERVATION & DVLPMNT,2019-11-04T00:00:00.000,MANHATTAN,ASSOCIATE HOUSING DEVELOPMENT SPECIALIST,ACTIVE,85847.00,per Annum,1820,77379.40,20.75,837.43,554.14
2022,806,HOUSING PRESERVATION & DVLPMNT,2004-06-07T00:00:00.000,MANHATTAN,ASSOCIATE INSPECTOR,ACTIVE,70161.00,per Annum,2080,65699.01,90,4894.39,8812.83
2022,806,HOUSING PRESERVATION & DVLPMNT,2015-02-09T00:00:00.000,MANHATTAN,COMMUNITY ASSOCIATE,ACTIVE,44083.00,per Annum,1820,43962.11,7.25,223.19,17.90
2022,806,HOUSING PRESERVATION & DVLPMNT,2015-10-19T00:00:00.000,BRONX,CLERICAL ASSOCIATE,ACTIVE,46771.00,per Annum,1820,46642.96,0,0.00,947.25
2022,806,HOUSING PRESERVATION & DVLPMNT,2020-03-16T00:00:00.000,MANHATTAN,COMMUNITY ASSOCIATE,CEASED,44083.00,per Annum,1807.25,39432.24,0,0.00,0.00
2022,806,HOUSING PRESERVATION & DVLPMNT,2017-09-11T00:00:00.000,MANHATTAN,PARALEGAL AIDE,ON LEAVE,60699.00,per Annum,490,16297.26,0,0.00,2072.34
2022,806,HOUSING PRESERVATION & DVLPMNT,2016-07-11T00:00:00.000,MANHATTAN,COMMUNITY ASSOCIATE,ACTIVE,61015.00,per Annum,1820,60847.80,329.75,14329.43,1360.89
2022,806,HOUSING PRESERVATION & DVLPMNT,2019-02-11T00:00:00.000,QUEENS,INSPECTOR,ACTIVE,61598.00,per Annum,2080,61429.16,188.25,8613.43,2489.90
2022,806,HOUSING PRESERVATION & DVLPMNT,2005-08-01T00:00:00.000,MANHATTAN,ADM MANAGER-NON-MGRL,ACTIVE,76270.00,per Annum,1820,75319.68,0,0.00,1772.61
2022,806,HOUSING PRESERVATION & DVLPMNT,2004-06-21T00:00:00.000,MANHATTAN,COMPUTER ASSOCIATE,ACTIVE,98170.00,per Annum,1820,97900.93,2,114.13,6080.31
2022,806,HOUSING PRESERVATION & DVLPMNT,2006-11-27T00:00:00.000,MANHATTAN,INSPECTOR,ACTIVE,61598.00,per Annum,2293.6,58648.54,0.5,24.56,10799.18
2022,806,HOUSING PRESERVATION & DVLPMNT,2015-06-09T00:00:00.000,MANHATTAN,ADMINISTRATIVE HOUSING DEVELOPMENT SPECIALIST,ACTIVE,195000.00,per Annum,1820,194465.70,0,0.00,3973.12
2022,806,HOUSING PRESERVATION & DVLPMNT,2019-02-19T00:00:00.000,MANHATTAN,COMMUNITY ASSOCIATE,ACTIVE,44083.00,per Annum,1820,43315.96,0,0.00,0.00
2022,806,HOUSING PRESERVATION & DVLPMNT,2007-11-26T00:00:00.000,MANHATTAN,ADMINISTRATIVE STAFF ANALYST,ACTIVE,117954.00,per Annum,1820,138412.79,232.5,18821.50,1858.18
2022,806,HOUSING PRESERVATION & DVLPMNT,2022-06-13T00:00:00.000,MANHATTAN,COMMUNITY COORDINATOR,ACTIVE,62215.00,per Annum,35,1193.16,0,0.00,0.00
2022,806,HOUSING PRESERVATION & DVLPMNT,2007-03-05T00:00:00.000,MANHATTAN,CONSTRUCTION PROJECT MANAGER,ACTIVE,78105.00,per Annum,1820,77891.06,0,0.00,8068.81
2022,806,HOUSING PRESERVATION & DVLPMNT,2004-06-28T00:00:00.000,BROOKLYN,ADM MANAGER-NON-MGRL,CEASED,77437.00,per Annum,1400,59403.80,14.5,726.17,1357.20
2022,806,HOUSING PRESERVATION & DVLPMNT,2001-04-16T00:00:00.000,MANHATTAN,INSPECTOR,ACTIVE,61598.00,per Annum,1920,56703.84,21,1091.13,10006.69
2022,806,HOUSING PRESERVATION & DVLPMNT,2007-03-19T00:00:00.000,MANHATTAN,CONSTRUCTION PROJECT MANAGER,ACTIVE,100549.00,per Annum,1820,95798.67,3.75,213.92,9755.85
2022,806,HOUSING PRESERVATION & DVLPMNT,2017-04-26T00:00:00.000,MANHATTAN,ASSISTANT COMMISSIONER,CEASED,137410.00,per Annum,1085,81692.80,0,0.00,0.00
2022,806,HOUSING PRESERVATION & DVLPMNT,2019-07-22T00:00:00.000,MANHATTAN,NEW YORK CITY PUBLIC SERVICE FELLOW,ACTIVE,46350.00,per Annum,1820,46223.06,0,0.00,0.00
2022,806,HOUSING PRESERVATION & DVLPMNT,2018-09-10T00:00:00.000,MANHATTAN,INVESTIGATOR,ACTIVE,57588.00,per Annum,1820,57430.11,0,0.00,2820.03
2022,806,HOUSING PRESERVATION & DVLPMNT,2016-05-23T00:00:00.000,MANHATTAN,COMPUTER SPECIALIST,ACTIVE,120904.00,per Annum,1820,120572.66,0,0.00,5878.87
2022,806,HOUSING PRESERVATION & DVLPMNT,1987-10-05T00:00:00.000,MANHATTAN,CLERICAL ASSOCIATE,ACTIVE,52045.00,per Annum,1820,51902.50,110.25,4011.11,5136.83
2022,806,HOUSING PRESERVATION & DVLPMNT,2015-11-09T00:00:00.000,MANHATTAN,ADMIN COMMUNITY RELATIONS SPECIALIST,CEASED,62060.00,per Annum,0,2760.65,0,0.00,0.00
2022,806,HOUSING PRESERVATION & DVLPMNT,2019-07-07T00:00:00.000,MANHATTAN,COMMUNITY ASSOCIATE,CEASED,44083.00,per Annum,1470,32583.04,14,355.89,885.64
2022,806,HOUSING PRESERVATION & DVLPMNT,2005-04-25T00:00:00.000,BROOKLYN,INSPECTOR,ACTIVE,61598.00,per Annum,2080,61429.16,5.5,270.20,6765.21
2022,806,HOUSING PRESERVATION & DVLPMNT,1993-12-13T00:00:00.000,MANHATTAN,CLERICAL ASSOCIATE,ACTIVE,61562.00,per Annum,1820,61393.28,58,2542.38,5224.81
2022,806,HOUSING PRESERVATION & DVLPMNT,1998-06-01T00:00:00.000,MANHATTAN,COMPUTER SYSTEMS MANAGER,ACTIVE,139050.00,per Annum,1820,138668.93,0,0.00,2663.80
2022,806,HOUSING PRESERVATION & DVLPMNT,2018-10-22T00:00:00.000,MANHATTAN,COMMUNITY COORDINATOR,CEASED,66950.00,per Annum,508.75,18663.42,0,0.00,0.00
2022,806,HOUSING PRESERVATION & DVLPMNT,2013-12-16T00:00:00.000,MANHATTAN,ASSISTANT ARCHITECT,ACTIVE,80340.00,per Annum,1820,72415.98,0,0.00,2011.47
2022,806,HOUSING PRESERVATION & DVLPMNT,2021-10-04T00:00:00.000,BROOKLYN,INSPECTOR,ACTIVE,61598.00,per Annum,1480,43709.21,0,0.00,1537.98
2022,806,HOUSING PRESERVATION & DVLPMNT,2013-12-23T00:00:00.000,MANHATTAN,ADMINISTRATIVE STAFF ANALYST,ACTIVE,84451.00,per Annum,1785,71153.78,0,0.00,0.00
2022,806,HOUSING PRESERVATION & DVLPMNT,1981-10-26T00:00:00.000,MANHATTAN,REAL PROPERTY MANAGER,ACTIVE,57759.00,per Annum,1750,10095.94,0,0.00,1112.19
2022,806,HOUSING PRESERVATION & DVLPMNT,2017-12-04T00:00:00.000,MANHATTAN,ASSOCIATE HOUSING DEVELOPMENT SPECIALIST,ACTIVE,85847.00,per Annum,1820,71866.12,0,0.00,4769.02
2022,806,HOUSING PRESERVATION & DVLPMNT,2011-06-27T00:00:00.000,MANHATTAN,COMMUNITY COORDINATOR,ACTIVE,70000.00,per Annum,1820,62929.62,251.5,9779.55,2854.03
2022,806,HOUSING PRESERVATION & DVLPMNT,2006-05-08T00:00:00.000,MANHATTAN,ADMINISTRATIVE PROJECT DIRECTOR,ACTIVE,125000.00,per Annum,1820,120023.81,0,0.00,1665.54
2022,806,HOUSING PRESERVATION & DVLPMNT,2007-02-05T00:00:00.000,MANHATTAN,COMMUNITY ASSISTANT,ACTIVE,40267.00,per Annum,1820,40156.74,0,0.00,915.16
2022,806,HOUSING PRESERVATION & DVLPMNT,2016-08-29T00:00:00.000,MANHATTAN,CLERICAL ASSOCIATE,ACTIVE,60990.00,per Annum,1820,60822.84,0,0.00,16.50
2022,806,HOUSING PRESERVATION & DVLPMNT,2019-08-26T00:00:00.000,BROOKLYN,INSPECTOR,ACTIVE,61598.00,per Annum,2080,59031.19,0,0.00,3540.98
2022,806,HOUSING PRESERVATION & DVLPMNT,2009-06-15T00:00:00.000,MANHATTAN,INSPECTOR,CEASED,61598.00,per Annum,1600,47253.20,0,0.00,5516.79
2022,806,HOUSING PRESERVATION & DVLPMNT,2019-02-04T00:00:00.000,MANHATTAN,COMMUNITY COORDINATOR,ACTIVE,62215.00,per Annum,1820,62044.58,0,0.00,0.00
2022,806,HOUSING PRESERVATION & DVLPMNT,2018-01-29T00:00:00.000,MANHATTAN,ASSOCIATE HOUSING DEVELOPMENT SPECIALIST,ACTIVE,90000.00,per Annum,1820,83267.10,1,49.64,1042.02
2022,806,HOUSING PRESERVATION & DVLPMNT,2004-04-19T00:00:00.000,MANHATTAN,COMMUNITY ASSISTANT,ACTIVE,40267.00,per Annum,1820,38954.24,0,0.00,1899.31
2022,806,HOUSING PRESERVATION & DVLPMNT,2015-11-09T00:00:00.000,MANHATTAN,COMPUTER SYSTEMS MANAGER,CEASED,107500.00,per Annum,1750,103082.25,0,0.00,173.25
2022,806,HOUSING PRESERVATION & DVLPMNT,2016-08-01T00:00:00.000,MANHATTAN,EXECUTIVE AGENCY COUNSEL,ACTIVE,143399.00,per Annum,1820,143006.23,0,0.00,1000.00
2022,806,HOUSING PRESERVATION & DVLPMNT,2021-10-04T00:00:00.000,MANHATTAN,INSPECTOR,CEASED,53563.00,per Annum,520,13354.06,0,0.00,118.05
2022,806,HOUSING PRESERVATION & DVLPMNT,2004-06-28T00:00:00.000,MANHATTAN,PROJECT MANAGER,ACTIVE,65640.00,per Annum,1820,65460.20,0,0.00,6347.50
2022,806,HOUSING PRESERVATION & DVLPMNT,2000-04-10T00:00:00.000,MANHATTAN,COMMUNITY ASSOCIATE,ACTIVE,54396.00,per Annum,1820,54246.92,0,0.00,1417.00
2022,806,HOUSING PRESERVATION & DVLPMNT,2018-09-10T00:00:00.000,MANHATTAN,COMMUNITY COORDINATOR,ACTIVE,77500.00,per Annum,1820,70997.11,0,0.00,24.75
2022,806,HOUSING PRESERVATION & DVLPMNT,2015-12-07T00:00:00.000,MANHATTAN,INSPECTOR,ACTIVE,61598.00,per Annum,2080,61429.16,50.5,2338.69,3230.85
2022,806,HOUSING PRESERVATION & DVLPMNT,2022-05-16T00:00:00.000,MANHATTAN,COMMUNITY COORDINATOR,ACTIVE,54100.00,per Annum,175,4350.22,0,0.00,0.00
2022,806,HOUSING PRESERVATION & DVLPMNT,2020-10-19T00:00:00.000,QUEENS,INSPECTOR,ACTIVE,53563.00,per Annum,2080,53416.22,14.75,579.14,1537.13
2022,806,HOUSING PRESERVATION & DVLPMNT,2015-07-06T00:00:00.000,MANHATTAN,ADMINISTRATIVE STAFF ANALYST,CEASED,94997.00,per Annum,0,10128.26,0,0.00,-7127.12
2022,806,HOUSING PRESERVATION & DVLPMNT,2017-07-03T00:00:00.000,MANHATTAN,CLERICAL ASSOCIATE,ACTIVE,48962.00,per Annum,1820,48827.75,116.75,3306.45,0.00
2022,806,HOUSING PRESERVATION & DVLPMNT,1993-06-07T00:00:00.000,MANHATTAN,ADMINISTRATIVE PROCUREMENT ANALYST-NON-MGRL,ACTIVE,89319.00,per Annum,1820,86359.29,74.75,3760.18,299.26
2022,806,HOUSING PRESERVATION & DVLPMNT,2019-09-16T00:00:00.000,MANHATTAN,COMMUNITY ASSOCIATE,CEASED,44083.00,per Annum,420,51.41,0,0.00,0.00
2022,806,HOUSING PRESERVATION & DVLPMNT,2018-09-17T00:00:00.000,MANHATTAN,CONSTRUCTION PROJECT MANAGER,ACTIVE,65640.00,per Annum,1820,65460.20,113.75,5394.61,1608.37
2022,806,HOUSING PRESERVATION & DVLPMNT,2019-08-26T00:00:00.000,BROOKLYN,INSPECTOR,ACTIVE,61598.00,per Annum,2080,59976.27,0,0.00,2405.04
2022,806,HOUSING PRESERVATION & DVLPMNT,2015-08-17T00:00:00.000,MANHATTAN,HOUSING DEVELOPMENT SPECIALIST,CEASED,96261.00,per Annum,744.25,39255.76,0,0.00,382.83
2022,806,HOUSING PRESERVATION & DVLPMNT,2016-05-23T00:00:00.000,BROOKLYN,COMMUNITY COORDINATOR,ACTIVE,62215.00,per Annum,1820,62044.58,0,0.00,0.00
2022,806,HOUSING PRESERVATION & DVLPMNT,2022-03-21T00:00:00.000,MANHATTAN,COMMUNITY ASSOCIATE,ACTIVE,38333.00,per Annum,455,9551.76,0,0.00,0.00
2022,806,HOUSING PRESERVATION & DVLPMNT,2020-03-09T00:00:00.000,BRONX,INSPECTOR,ACTIVE,61598.00,per Annum,2080,55683.62,81.5,3219.08,2085.28
2022,806,HOUSING PRESERVATION & DVLPMNT,2022-03-21T00:00:00.000,MANHATTAN,CONSTRUCTION PROJECT MANAGER,ACTIVE,57078.00,per Annum,455,14011.46,0,0.00,0.00
2022,806,HOUSING PRESERVATION & DVLPMNT,1970-11-23T00:00:00.000,MANHATTAN,REAL PROPERTY MANAGER,ACTIVE,75169.00,per Annum,1820,74962.95,0,0.00,6345.31
2022,806,HOUSING PRESERVATION & DVLPMNT,1988-02-02T00:00:00.000,MANHATTAN,ADM MANAGER-NON-MGRL,ACTIVE,85939.00,per Annum,1820,87632.24,140.75,8814.36,2312.59
2022,806,HOUSING PRESERVATION & DVLPMNT,2000-05-15T00:00:00.000,MANHATTAN,COMMUNITY ASSOCIATE,CEASED,44142.00,per Annum,42,1015.80,0,0.00,32.70
2022,806,HOUSING PRESERVATION & DVLPMNT,1988-10-31T00:00:00.000,MANHATTAN,PRINCIPAL ADMINISTRATIVE ASSOCIATE -  NON SUPVR,ACTIVE,79019.00,per Annum,1820,78802.61,0,0.00,4341.22
2022,806,HOUSING PRESERVATION & DVLPMNT,2017-03-13T00:00:00.000,MANHATTAN,COMMUNITY ASSOCIATE,ACTIVE,53712.00,per Annum,1820,53564.94,0,0.00,8.25
2022,806,HOUSING PRESERVATION & DVLPMNT,2014-11-17T00:00:00.000,MANHATTAN,COMMUNITY COORDINATOR,ACTIVE,67677.00,per Annum,1820,65294.40,0,0.00,33.00
2022,806,HOUSING PRESERVATION & DVLPMNT,2004-04-19T00:00:00.000,MANHATTAN,PRINCIPAL ADMINISTRATIVE ASSOCIATE -  NON SUPVR,ACTIVE,85390.00,per Annum,1820,85155.99,532.75,35412.67,5033.79
2022,806,HOUSING PRESERVATION & DVLPMNT,2006-06-05T00:00:00.000,QUEENS,INSPECTOR,ACTIVE,61598.00,per Annum,2080,61429.16,0,0.00,6814.35
2022,806,HOUSING PRESERVATION & DVLPMNT,2018-11-19T00:00:00.000,MANHATTAN,CITY PLANNER,ACTIVE,115000.00,per Annum,1821,107263.06,0,0.00,418.68
2022,806,HOUSING PRESERVATION & DVLPMNT,2015-10-19T00:00:00.000,BRONX,CLERICAL ASSOCIATE,ACTIVE,41848.00,per Annum,1820,41951.38,0,0.49,469.29
2022,806,HOUSING PRESERVATION & DVLPMNT,2021-05-17T00:00:00.000,MANHATTAN,COMMUNITY COORDINATOR,ACTIVE,62215.00,per Annum,1820,34190.91,0,0.00,0.00
2022,806,HOUSING PRESERVATION & DVLPMNT,2002-10-28T00:00:00.000,MANHATTAN,CLERICAL ASSOCIATE,ACTIVE,61015.00,per Annum,1820,55791.95,0,0.00,5153.08
2022,806,HOUSING PRESERVATION & DVLPMNT,2019-05-13T00:00:00.000,MANHATTAN,COMMUNITY ASSOCIATE,ACTIVE,44083.00,per Annum,1820,43962.11,0,0.00,8.25
2022,806,HOUSING PRESERVATION & DVLPMNT,2018-05-21T00:00:00.000,MANHATTAN,COMMUNITY ASSOCIATE,CEASED,50218.00,per Annum,630,17335.53,0,0.00,2234.25
2022,806,HOUSING PRESERVATION & DVLPMNT,2021-10-18T00:00:00.000,BRONX,COMMUNITY COORDINATOR,ACTIVE,54100.00,per Annum,1225,32993.56,0,0.00,0.00
2022,806,HOUSING PRESERVATION & DVLPMNT,2018-09-24T00:00:00.000,BROOKLYN,INSPECTOR,ACTIVE,61598.00,per Annum,2080,61429.16,252,12052.98,5886.81
2022,806,HOUSING PRESERVATION & DVLPMNT,2019-10-15T00:00:00.000,MANHATTAN,HOUSING DEVELOPMENT SPECIALIST,ACTIVE,77868.00,per Annum,1820,74557.36,0,0.00,320.96
2022,806,HOUSING PRESERVATION & DVLPMNT,2021-11-29T00:00:00.000,MANHATTAN,COMMUNITY ASSOCIATE,CEASED,38333.00,per Annum,455,4818.43,0,0.00,0.00
2022,806,HOUSING PRESERVATION & DVLPMNT,2008-02-11T00:00:00.000,MANHATTAN,CLERICAL ASSOCIATE,ACTIVE,61015.00,per Annum,1820,56081.36,0,0.00,2747.42
2022,806,HOUSING PRESERVATION & DVLPMNT,2022-05-16T00:00:00.000,MANHATTAN,COMMUNITY ASSOCIATE,ACTIVE,38333.00,per Annum,175,3381.71,5,104.91,8.75
2022,806,HOUSING PRESERVATION & DVLPMNT,1999-11-08T00:00:00.000,MANHATTAN,HOUSING DEVELOPMENT SPECIALIST,ACTIVE,100088.00,per Annum,1820,96051.57,1004.75,78607.68,6976.53
2022,806,HOUSING PRESERVATION & DVLPMNT,2015-07-06T00:00:00.000,MANHATTAN,COMMUNITY ASSOCIATE,ACTIVE,44142.00,per Annum,1820,44021.12,14,399.02,1493.00
2022,806,HOUSING PRESERVATION & DVLPMNT,2020-02-18T00:00:00.000,MANHATTAN,COMMUNITY ASSOCIATE,ACTIVE,44083.00,per Annum,1820,40163.91,7.5,157.36,86.00
2022,806,HOUSING PRESERVATION & DVLPMNT,2017-09-11T00:00:00.000,MANHATTAN,COMMUNITY COORDINATOR,ACTIVE,64680.00,per Annum,1820,64502.88,0,0.00,0.00
2022,806,HOUSING PRESERVATION & DVLPMNT,2004-04-19T00:00:00.000,BROOKLYN,ADMINISTRATIVE INSPECTOR,ACTIVE,96813.00,per Annum,1820,96547.87,0,0.00,1854.65
2022,806,HOUSING PRESERVATION & DVLPMNT,1992-11-16T00:00:00.000,BROOKLYN,CONSTRUCTION PROJECT MANAGER,ACTIVE,86672.00,per Annum,1820,86434.65,41.25,2526.08,8013.59
2022,806,HOUSING PRESERVATION & DVLPMNT,2017-09-11T00:00:00.000,MANHATTAN,COMPUTER SYSTEMS MANAGER,ACTIVE,91311.00,per Annum,1820,91060.84,0,0.00,0.00
2022,806,HOUSING PRESERVATION & DVLPMNT,2020-01-06T00:00:00.000,BROOKLYN,CONSTRUCTION PROJECT MANAGER,ACTIVE,65640.00,per Annum,1820,65460.20,302.75,14287.31,2405.34
2022,806,HOUSING PRESERVATION & DVLPMNT,2002-09-30T00:00:00.000,MANHATTAN,COMMUNITY ASSOCIATE,ACTIVE,45099.00,per Annum,1820,44975.33,33.75,923.03,1417.00
2022,806,HOUSING PRESERVATION & DVLPMNT,1979-02-02T00:00:00.000,MANHATTAN,ASSOCIATE REAL PROPERTY MANAGER,ACTIVE,88360.00,per Annum,1820,88117.90,0,0.00,6345.31
2022,806,HOUSING PRESERVATION & DVLPMNT,2022-01-03T00:00:00.000,BROOKLYN,REPAIR CREW CHIEF,CEASED,39115.00,per Annum,7,150.02,0,0.00,0.00
2022,806,HOUSING PRESERVATION & DVLPMNT,2016-03-14T00:00:00.000,MANHATTAN,HOUSING DEVELOPMENT SPECIALIST,ACTIVE,77921.00,per Annum,1820,52713.18,0,0.00,0.00
2022,806,HOUSING PRESERVATION & DVLPMNT,2017-07-17T00:00:00.000,MANHATTAN,ADMINISTRATIVE STAFF ANALYST,ACTIVE,93151.00,per Annum,1820,104760.73,0,0.00,2318.18
2022,806,HOUSING PRESERVATION & DVLPMNT,2015-04-27T00:00:00.000,MANHATTAN,CONSTRUCTION PROJECT MANAGER,CEASED,65640.00,per Annum,0,0.00,0,0.00,6508.91
2022,806,HOUSING PRESERVATION & DVLPMNT,2015-04-13T00:00:00.000,MANHATTAN,CONSTRUCTION PROJECT MANAGER,ACTIVE,82972.00,per Annum,1820,83422.83,30.25,1751.33,4758.84
2022,806,HOUSING PRESERVATION & DVLPMNT,2017-11-13T00:00:00.000,MANHATTAN,INSPECTOR,ACTIVE,61598.00,per Annum,2080,61429.16,0.5,22.88,3389.65
2022,806,HOUSING PRESERVATION & DVLPMNT,2004-04-19T00:00:00.000,MANHATTAN,COMMUNITY ASSISTANT,CEASED,40267.00,per Annum,0,0.00,0,0.00,1620.22
2022,806,HOUSING PRESERVATION & DVLPMNT,2004-06-28T00:00:00.000,MANHATTAN,INSPECTOR,ACTIVE,61598.00,per Annum,2080,61429.16,0,0.00,7781.71
2022,806,HOUSING PRESERVATION & DVLPMNT,2019-12-23T00:00:00.000,MANHATTAN,COMMUNITY ASSOCIATE,CEASED,38333.00,per Annum,630,11762.48,0,0.00,1978.28
2022,806,HOUSING PRESERVATION & DVLPMNT,2014-01-13T00:00:00.000,MANHATTAN,ASSISTANT ARCHITECT,ACTIVE,76707.00,per Annum,1820,62374.42,0,0.00,2012.63
2022,806,HOUSING PRESERVATION & DVLPMNT,2022-03-21T00:00:00.000,MANHATTAN,CONSTRUCTION PROJECT MANAGER,ACTIVE,57078.00,per Annum,455,14011.46,0,0.00,0.00
2022,806,HOUSING PRESERVATION & DVLPMNT,1996-01-02T00:00:00.000,BRONX,ASSOCIATE INSPECTOR,ACTIVE,78087.00,per Annum,2080,77873.12,2.5,157.35,9835.55
2022,806,HOUSING PRESERVATION & DVLPMNT,2020-01-21T00:00:00.000,MANHATTAN,COMPUTER SPECIALIST,ACTIVE,98177.00,per Annum,1820,96054.07,0,0.00,0.00
2022,806,HOUSING PRESERVATION & DVLPMNT,2018-12-03T00:00:00.000,MANHATTAN,COMMUNITY COORDINATOR,CEASED,64243.00,per Annum,70,2340.90,0,0.00,0.00
2022,806,HOUSING PRESERVATION & DVLPMNT,2005-07-11T00:00:00.000,MANHATTAN,ADMINISTRATIVE STAFF ANALYST,ACTIVE,86477.00,per Annum,1820,96320.82,0,0.00,4664.56
2022,806,HOUSING PRESERVATION & DVLPMNT,2004-04-19T00:00:00.000,MANHATTAN,AGENCY ATTORNEY,ACTIVE,88708.00,per Annum,1820,88465.00,0,0.00,16262.78
2022,806,HOUSING PRESERVATION & DVLPMNT,2002-07-22T00:00:00.000,MANHATTAN,CLERICAL ASSOCIATE,ACTIVE,58757.00,per Annum,1890,58113.03,0,0.00,5598.73
2022,806,HOUSING PRESERVATION & DVLPMNT,2021-10-18T00:00:00.000,MANHATTAN,ASSISTANT URBAN DESIGNER,ACTIVE,57078.00,per Annum,1225,38312.58,0,0.00,0.00
2022,806,HOUSING PRESERVATION & DVLPMNT,2019-12-09T00:00:00.000,MANHATTAN,ASSOCIATE HOUSING DEVELOPMENT SPECIALIST,ACTIVE,85847.00,per Annum,1820,81749.62,0,0.00,271.46
2022,806,HOUSING PRESERVATION & DVLPMNT,1997-06-15T00:00:00.000,MANHATTAN,ASSOCIATE INSPECTOR,CEASED,70161.00,per Annum,1217.5,40955.26,0,0.00,3959.91
2022,806,HOUSING PRESERVATION & DVLPMNT,2003-07-30T00:00:00.000,MANHATTAN,ADMINISTRATIVE COMMUNITY RELATIONS SPECIALIST,ACTIVE,161478.00,per Annum,1820,156249.92,0,0.00,2499.80
2022,806,HOUSING PRESERVATION & DVLPMNT,1980-03-31T00:00:00.000,MANHATTAN,ADMINISTRATIVE HOUSING DEVELOPMENT SPECIALIST,ACTIVE,120347.00,per Annum,1820,120017.30,0,0.00,0.00
2022,806,HOUSING PRESERVATION & DVLPMNT,1984-12-03T00:00:00.000,MANHATTAN,EXECUTIVE AGENCY COUNSEL,ACTIVE,165970.00,per Annum,1820,165515.23,0,0.00,3179.50
2022,806,HOUSING PRESERVATION & DVLPMNT,2019-11-11T00:00:00.000,MANHATTAN,COMMUNITY ASSOCIATE,ACTIVE,44083.00,per Annum,1820,41709.44,19,524.80,0.00
2022,806,HOUSING PRESERVATION & DVLPMNT,1986-10-06T00:00:00.000,MANHATTAN,ADMIN HOUSING DEVELOPMENT SPEC,ON SEPARATION LEAVE,86102.00,per Annum,1820,85866.04,0,0.00,36.56
2022,806,HOUSING PRESERVATION & DVLPMNT,2006-09-25T00:00:00.000,MANHATTAN,AGENCY ATTORNEY,ACTIVE,88708.00,per Annum,1820,88465.00,0,0.00,13064.01
2022,806,HOUSING PRESERVATION & DVLPMNT,2014-12-22T00:00:00.000,MANHATTAN,ASSISTANT ARCHITECT,ON LEAVE,81091.00,per Annum,350,15551.70,0,0.00,379.75
2022,806,HOUSING PRESERVATION & DVLPMNT,2004-04-19T00:00:00.000,MANHATTAN,COMMUNITY COORDINATOR,ACTIVE,77091.00,per Annum,1680,46275.80,65,3153.15,970.27
2022,806,HOUSING PRESERVATION & DVLPMNT,2019-05-13T00:00:00.000,BROOKLYN,INSPECTOR,ACTIVE,61598.00,per Annum,1920,34683.09,11,343.17,1319.55
2022,806,HOUSING PRESERVATION & DVLPMNT,2020-08-24T00:00:00.000,MANHATTAN,INSPECTOR,ACTIVE,53563.00,per Annum,2080,53416.22,3,117.65,1940.67
2022,806,HOUSING PRESERVATION & DVLPMNT,2019-07-08T00:00:00.000,MANHATTAN,COMMUNITY COORDINATOR,CEASED,66950.00,per Annum,1120,41087.19,0,0.00,83.70
2022,806,HOUSING PRESERVATION & DVLPMNT,2018-09-24T00:00:00.000,MANHATTAN,INSPECTOR,ACTIVE,61598.00,per Annum,2080,61429.16,110,5167.95,3364.13
2022,806,HOUSING PRESERVATION & DVLPMNT,2016-09-26T00:00:00.000,MANHATTAN,COMMUNITY COORDINATOR,ACTIVE,77250.00,per Annum,1820,77038.26,0,0.00,99.00
2022,806,HOUSING PRESERVATION & DVLPMNT,2018-02-12T00:00:00.000,MANHATTAN,COMMUNITY ASSOCIATE,ACTIVE,44083.00,per Annum,1820,43962.11,0,0.00,0.00
2022,806,HOUSING PRESERVATION & DVLPMNT,2017-01-17T00:00:00.000,MANHATTAN,ADMIN HOUSING DEVELOPMENT SPEC,CEASED,94786.00,per Annum,338,17554.62,0,0.00,0.00
2022,806,HOUSING PRESERVATION & DVLPMNT,2019-05-13T00:00:00.000,BRONX,COMMUNITY COORDINATOR,ACTIVE,62215.00,per Annum,1820,62044.58,80.5,3201.02,24.75
2022,806,HOUSING PRESERVATION & DVLPMNT,2021-09-20T00:00:00.000,MANHATTAN,COMMUNITY ASSOCIATE,ACTIVE,38333.00,per Annum,1365,28665.79,216,5633.51,34.64
2022,806,HOUSING PRESERVATION & DVLPMNT,1988-07-25T00:00:00.000,MANHATTAN,SECRETARY,ACTIVE,47033.00,per Annum,1820,46562.78,0,0.00,5099.43
2022,806,HOUSING PRESERVATION & DVLPMNT,1993-07-12T00:00:00.000,MANHATTAN,INSPECTOR,ACTIVE,61598.00,per Annum,2080,61429.16,0.5,27.01,16798.09
2022,806,HOUSING PRESERVATION & DVLPMNT,2020-05-04T00:00:00.000,MANHATTAN,STAFF ANALYST,ACTIVE,72225.00,per Annum,1820,72027.02,8,326.14,74.25
2022,806,HOUSING PRESERVATION & DVLPMNT,2004-04-19T00:00:00.000,MANHATTAN,COMMUNITY ASSOCIATE,ACTIVE,44083.00,per Annum,1820,43962.11,10.25,258.40,1417.00
2022,806,HOUSING PRESERVATION & DVLPMNT,2004-06-28T00:00:00.000,MANHATTAN,PRINCIPAL ADMINISTRATIVE ASSOCIATE -  NON SUPVR,ACTIVE,54531.00,per Annum,1820,54381.60,0,0.00,4341.22
2022,806,HOUSING PRESERVATION & DVLPMNT,1983-08-01T00:00:00.000,MANHATTAN,ASSOCIATE STAFF ANALYST,CEASED,81733.00,per Annum,0,8006.43,0,253.74,101.57
2022,806,HOUSING PRESERVATION & DVLPMNT,2004-06-28T00:00:00.000,BROOKLYN,CLERICAL ASSOCIATE,ACTIVE,46869.00,per Annum,1820,46740.71,0,0.00,4067.90
2022,806,HOUSING PRESERVATION & DVLPMNT,2020-03-09T00:00:00.000,MANHATTAN,INSPECTOR,CEASED,53563.00,per Annum,320,7216.31,0,0.00,184.49
2022,806,HOUSING PRESERVATION & DVLPMNT,2019-02-11T00:00:00.000,BROOKLYN,INSPECTOR,ACTIVE,61598.00,per Annum,2080,61429.16,5,234.90,4665.59
2022,806,HOUSING PRESERVATION & DVLPMNT,2021-12-20T00:00:00.000,BRONX,INSPECTOR,CEASED,53563.00,per Annum,240,6159.13,0,0.00,0.00
2022,806,HOUSING PRESERVATION & DVLPMNT,1990-10-09T00:00:00.000,MANHATTAN,PROCUREMENT ANALYST,ACTIVE,70381.00,per Annum,1820,70188.29,0,0.00,299.26
2022,806,HOUSING PRESERVATION & DVLPMNT,2021-12-20T00:00:00.000,BROOKLYN,INSPECTOR,ACTIVE,53563.00,per Annum,1040,26708.11,10.5,411.77,528.55
2022,806,HOUSING PRESERVATION & DVLPMNT,2022-04-18T00:00:00.000,MANHATTAN,COMPUTER SPECIALIST,ACTIVE,114000.00,per Annum,315,19676.70,0,0.00,912.88
2022,806,HOUSING PRESERVATION & DVLPMNT,2013-12-16T00:00:00.000,MANHATTAN,ASSISTANT ARCHITECT,ACTIVE,76563.00,per Annum,1820,71894.19,0,0.00,2236.80
2022,806,HOUSING PRESERVATION & DVLPMNT,1986-07-21T00:00:00.000,MANHATTAN,CLERICAL ASSOCIATE,ACTIVE,62967.00,per Annum,1820,62794.43,0,0.00,5136.83
2022,806,HOUSING PRESERVATION & DVLPMNT,2002-09-30T00:00:00.000,MANHATTAN,COMMUNITY ASSISTANT,CEASED,45045.00,per Annum,0,0.00,0,0.00,-22.29
2022,806,HOUSING PRESERVATION & DVLPMNT,2015-05-04T00:00:00.000,MANHATTAN,COMMUNITY COORDINATOR,ACTIVE,73925.00,per Annum,1820,70781.92,0,0.00,49.50
2022,806,HOUSING PRESERVATION & DVLPMNT,2004-06-28T00:00:00.000,MANHATTAN,INSPECTOR,ACTIVE,61598.00,per Annum,2080,61429.16,0,0.00,9653.43
2022,806,HOUSING PRESERVATION & DVLPMNT,2018-10-09T00:00:00.000,MANHATTAN,ADMINISTRATIVE STAFF ANALYST,CEASED,113300.00,per Annum,0,162.30,0,0.00,-8.25
2022,806,HOUSING PRESERVATION & DVLPMNT,2021-12-20T00:00:00.000,BRONX,INSPECTOR,ACTIVE,53563.00,per Annum,1040,26411.50,0,0.00,514.62
2022,806,HOUSING PRESERVATION & DVLPMNT,2007-08-13T00:00:00.000,MANHATTAN,ADMIN HOUSING DEVELOPMENT SPEC,ACTIVE,87543.00,per Annum,1820,87303.06,0,0.00,156.63
2022,806,HOUSING PRESERVATION & DVLPMNT,2004-04-19T00:00:00.000,QUEENS,INSPECTOR,CEASED,61598.00,per Annum,168,4961.56,0.5,24.56,798.64
2022,806,HOUSING PRESERVATION & DVLPMNT,1986-10-14T00:00:00.000,MANHATTAN,COMMUNITY ASSOCIATE,ACTIVE,52912.00,per Annum,1820,52767.00,11.75,401.48,1423.69
2022,806,HOUSING PRESERVATION & DVLPMNT,2005-09-12T00:00:00.000,MANHATTAN,ADMINISTRATIVE STAFF ANALYST,ACTIVE,89934.00,per Annum,1820,89761.53,123,6290.84,1290.56
2022,806,HOUSING PRESERVATION & DVLPMNT,2017-12-04T00:00:00.000,MANHATTAN,ACCOUNTANT,ACTIVE,57750.00,per Annum,1141,25787.31,0,0.00,5918.39
2022,806,HOUSING PRESERVATION & DVLPMNT,2017-06-05T00:00:00.000,MANHATTAN,INVESTIGATOR,ACTIVE,69266.00,per Annum,1772,66874.96,0,0.00,204.71
2022,806,HOUSING PRESERVATION & DVLPMNT,2021-12-13T00:00:00.000,MANHATTAN,COMMUNITY COORDINATOR,ACTIVE,73000.00,per Annum,945,37640.00,0,0.00,0.00
2022,806,HOUSING PRESERVATION & DVLPMNT,2022-06-06T00:00:00.000,BROOKLYN,INSPECTOR,ACTIVE,53563.00,per Annum,80,2054.47,0,0.00,104.83
2022,806,HOUSING PRESERVATION & DVLPMNT,2020-02-24T00:00:00.000,MANHATTAN,LEGISLATIVE ASSISTANT,ACTIVE,90000.00,per Annum,1820,89753.31,0,0.00,1724.15
2022,806,HOUSING PRESERVATION & DVLPMNT,2004-06-21T00:00:00.000,MANHATTAN,PRINCIPAL ADMINISTRATIVE ASSOCIATE -  NON SUPVR,ACTIVE,54531.00,per Annum,1820,54381.60,0,0.00,4341.22
2022,806,HOUSING PRESERVATION & DVLPMNT,1995-12-31T00:00:00.000,BROOKLYN,ASSOCIATE INSPECTOR,ACTIVE,70161.00,per Annum,2080,69968.86,19.75,1154.83,13311.68
2022,806,HOUSING PRESERVATION & DVLPMNT,2000-05-08T00:00:00.000,MANHATTAN,ADMINISTRATIVE STAFF ANALYST,ACTIVE,112659.00,per Annum,1820,132385.03,0,0.00,5091.55
2022,806,HOUSING PRESERVATION & DVLPMNT,2019-04-29T00:00:00.000,MANHATTAN,COMMUNITY COORDINATOR,ACTIVE,62215.00,per Annum,1820,51264.65,2.25,54.30,0.00
2022,806,HOUSING PRESERVATION & DVLPMNT,2017-02-27T00:00:00.000,MANHATTAN,COMMUNITY COORDINATOR,ACTIVE,62215.00,per Annum,1820,62044.58,46,2094.27,551.56
2022,806,HOUSING PRESERVATION & DVLPMNT,1992-06-08T00:00:00.000,MANHATTAN,ADMIN HOUSING DEVELOPMENT SPEC,CEASED,94414.00,per Annum,1563,80859.68,0,0.00,0.00
2022,806,HOUSING PRESERVATION & DVLPMNT,2014-01-07T00:00:00.000,MANHATTAN,ASSISTANT ARCHITECT,ACTIVE,78000.00,per Annum,1820,76968.27,0,0.00,2392.91
2022,806,HOUSING PRESERVATION & DVLPMNT,2000-07-24T00:00:00.000,BROOKLYN,INSPECTOR,ACTIVE,61598.00,per Annum,2080,46002.71,0,0.00,5065.75
2022,806,HOUSING PRESERVATION & DVLPMNT,1986-01-27T00:00:00.000,MANHATTAN,CLERICAL ASSOCIATE,ACTIVE,55763.00,per Annum,1820,55610.11,0,0.00,5136.83
2022,806,HOUSING PRESERVATION & DVLPMNT,2015-10-26T00:00:00.000,MANHATTAN,COMMUNITY COORDINATOR,CEASED,62215.00,per Annum,910,28635.96,0,0.00,2386.33
2022,806,HOUSING PRESERVATION & DVLPMNT,2018-05-20T00:00:00.000,MANHATTAN,STAFF ANALYST,CEASED,61866.00,per Annum,0,3362.44,0,281.54,0.68
2022,806,HOUSING PRESERVATION & DVLPMNT,2018-11-05T00:00:00.000,BROOKLYN,CONSTRUCTION PROJECT MANAGER,ACTIVE,77921.00,per Annum,1820,77707.50,0,0.00,448.19
2022,806,HOUSING PRESERVATION & DVLPMNT,2021-10-04T00:00:00.000,MANHATTAN,COMMUNITY COORDINATOR,CEASED,62215.00,per Annum,805,27442.79,0,0.00,-318.19
2022,806,HOUSING PRESERVATION & DVLPMNT,1989-01-31T00:00:00.000,MANHATTAN,ASSOCIATE HOUSING DEVELOPMENT SPECIALIST,ACTIVE,93966.00,per Annum,1820,93708.67,0,0.00,7812.39
2022,806,HOUSING PRESERVATION & DVLPMNT,2016-01-04T00:00:00.000,BROOKLYN,CONSTRUCTION PROJECT MANAGER,ACTIVE,77921.00,per Annum,1820,77707.50,134.75,7994.39,5082.37
2022,806,HOUSING PRESERVATION & DVLPMNT,2021-11-01T00:00:00.000,MANHATTAN,COMMUNITY ASSOCIATE,ACTIVE,44083.00,per Annum,1155,27899.03,0,0.00,0.00
2022,806,HOUSING PRESERVATION & DVLPMNT,2017-11-13T00:00:00.000,MANHATTAN,INSPECTOR,CEASED,61598.00,per Annum,1360,30810.53,0,0.00,2151.71
2022,806,HOUSING PRESERVATION & DVLPMNT,2019-06-24T00:00:00.000,MANHATTAN,COMMUNITY ASSOCIATE,ACTIVE,44083.00,per Annum,1820,43914.86,107.75,3281.51,74.25
2022,806,HOUSING PRESERVATION & DVLPMNT,1985-06-17T00:00:00.000,BROOKLYN,COMPUTER ASSOCIATE,ACTIVE,63410.00,per Annum,1820,63236.17,0,0.00,3488.50
2022,806,HOUSING PRESERVATION & DVLPMNT,2019-05-13T00:00:00.000,MANHATTAN,CONSTRUCTION PROJECT MANAGER,ACTIVE,77921.00,per Annum,1820,65460.20,14.5,595.86,1128.73
2022,806,HOUSING PRESERVATION & DVLPMNT,2006-11-27T00:00:00.000,BRONX,ASSOCIATE INSPECTOR,ACTIVE,70161.00,per Annum,2080,69968.86,46.5,2565.17,8151.37
2022,806,HOUSING PRESERVATION & DVLPMNT,2021-12-20T00:00:00.000,BROOKLYN,CONSTRUCTION PROJECT MANAGER,CEASED,57078.00,per Annum,462,14449.20,0,0.00,8.25
2022,806,HOUSING PRESERVATION & DVLPMNT,2011-12-05T00:00:00.000,MANHATTAN,CLERICAL ASSOCIATE,ACTIVE,48305.00,per Annum,1750,39885.72,0,0.00,-2147.27
2022,806,HOUSING PRESERVATION & DVLPMNT,2006-08-14T00:00:00.000,MANHATTAN,ADMIN COMMUNITY RELATIONS SPECIALIST,ACTIVE,34.55,per Hour,1228.12,47014.93,0,0.00,0.00
2022,806,HOUSING PRESERVATION & DVLPMNT,2019-09-16T00:00:00.000,MANHATTAN,HOUSING DEVELOPMENT SPECIALIST,CEASED,92700.00,per Annum,12.5,634.87,0,0.00,5.79
2022,806,HOUSING PRESERVATION & DVLPMNT,1997-10-06T00:00:00.000,MANHATTAN,CLERICAL ASSOCIATE,ACTIVE,58847.00,per Annum,1820,58685.89,121.25,4313.02,5145.08
2022,806,HOUSING PRESERVATION & DVLPMNT,2016-10-17T00:00:00.000,BROOKLYN,ASSOCIATE INSPECTOR,ACTIVE,70161.00,per Annum,2080,69968.86,227.5,11870.70,4466.18
2022,806,HOUSING PRESERVATION & DVLPMNT,1987-10-19T00:00:00.000,MANHATTAN,ADMIN HOUSING DEVELOPMENT SPEC,ACTIVE,93724.00,per Annum,1820,93467.14,0,0.00,917.37
2022,806,HOUSING PRESERVATION & DVLPMNT,2021-05-24T00:00:00.000,MANHATTAN,INSPECTOR,ACTIVE,53563.00,per Annum,2080,53320.78,0.5,19.61,1492.13
2022,806,HOUSING PRESERVATION & DVLPMNT,1984-10-31T00:00:00.000,MANHATTAN,PRINCIPAL ADMINISTRATIVE ASSOCIATE -  NON SUPVR,ACTIVE,73239.00,per Annum,1820,73038.41,26,1194.45,4036.46
2022,806,HOUSING PRESERVATION & DVLPMNT,2019-09-09T00:00:00.000,MANHATTAN,AGENCY ATTORNEY,ACTIVE,95000.00,per Annum,1820,94739.83,0,0.00,2739.01
2022,806,HOUSING PRESERVATION & DVLPMNT,2017-05-08T00:00:00.000,MANHATTAN,COMMUNITY COORDINATOR,ACTIVE,62215.00,per Annum,1820,62044.58,0,0.00,0.00
2022,806,HOUSING PRESERVATION & DVLPMNT,2018-12-17T00:00:00.000,MANHATTAN,ADMINISTRATIVE PROJECT DIRECTOR,ACTIVE,117884.00,per Annum,1820,108227.07,0,0.00,0.00
2022,806,HOUSING PRESERVATION & DVLPMNT,2007-11-12T00:00:00.000,MANHATTAN,ASSOCIATE REAL PROPERTY MANAGER,ACTIVE,63247.00,per Annum,1820,63073.66,12,470.78,4241.20
2022,806,HOUSING PRESERVATION & DVLPMNT,2022-03-21T00:00:00.000,MANHATTAN,COMMUNITY ASSOCIATE,ACTIVE,38333.00,per Annum,455,8506.80,0,0.00,0.00
2022,806,HOUSING PRESERVATION & DVLPMNT,2021-12-06T00:00:00.000,MANHATTAN,ADMINISTRATIVE STAFF ANALYST,ACTIVE,137410.00,per Annum,980,73787.28,0,0.00,459.00
2022,806,HOUSING PRESERVATION & DVLPMNT,2013-08-05T00:00:00.000,MANHATTAN,ADMINISTRATIVE STAFF ANALYST,ACTIVE,105000.00,per Annum,1820,114441.60,0,0.00,4820.22
2022,806,HOUSING PRESERVATION & DVLPMNT,2007-02-05T00:00:00.000,MANHATTAN,HOUSING DEVELOPMENT SPECIALIST,ACTIVE,71921.00,per Annum,1820,71723.86,0,0.00,3740.98
2022,806,HOUSING PRESERVATION & DVLPMNT,2015-07-13T00:00:00.000,MANHATTAN,ADMINISTRATIVE PROJECT DIRECTOR,ACTIVE,113400.00,per Annum,1820,110028.52,0,0.00,91.95
2022,806,HOUSING PRESERVATION & DVLPMNT,2022-02-07T00:00:00.000,MANHATTAN,COMMISSIONER OF HOUSING PRESERVATION & DEVELOPMENT,ACTIVE,243171.00,per Annum,665,88607.54,0,0.00,0.00
2022,806,HOUSING PRESERVATION & DVLPMNT,2006-12-26T00:00:00.000,MANHATTAN,INSPECTOR,ACTIVE,61598.00,per Annum,1600,46957.87,16,802.41,5735.23
2022,806,HOUSING PRESERVATION & DVLPMNT,2004-04-19T00:00:00.000,MANHATTAN,COMMUNITY ASSISTANT,ACTIVE,40267.00,per Annum,1820,40156.74,253,6309.29,2067.31
2022,806,HOUSING PRESERVATION & DVLPMNT,1986-09-02T00:00:00.000,MANHATTAN,ADMINISTRATIVE STAFF ANALYST,ACTIVE,105936.00,per Annum,1820,125546.49,0,0.00,4973.07
2022,806,HOUSING PRESERVATION & DVLPMNT,2017-01-30T00:00:00.000,MANHATTAN,COMPUTER ASSOCIATE,ACTIVE,111721.00,per Annum,1820,111414.93,0,0.00,5316.12
2022,806,HOUSING PRESERVATION & DVLPMNT,2019-07-08T00:00:00.000,MANHATTAN,COMMUNITY ASSOCIATE,CEASED,44083.00,per Annum,519,12268.62,0,0.00,8.25
2022,806,HOUSING PRESERVATION & DVLPMNT,2021-11-01T00:00:00.000,MANHATTAN,EXECUTIVE AGENCY COUNSEL,ACTIVE,105000.00,per Annum,1155,66452.10,0,0.00,0.00
2022,806,HOUSING PRESERVATION & DVLPMNT,2005-07-18T00:00:00.000,MANHATTAN,CLERICAL ASSOCIATE,ACTIVE,57768.00,per Annum,1820,54185.79,0,0.00,4084.90
2022,806,HOUSING PRESERVATION & DVLPMNT,2016-11-21T00:00:00.000,MANHATTAN,COMMUNITY ASSOCIATE,ACTIVE,63208.00,per Annum,1820,58516.72,0,0.00,0.00
2022,806,HOUSING PRESERVATION & DVLPMNT,2014-10-27T00:00:00.000,MANHATTAN,COMMUNITY ASSOCIATE,ACTIVE,61015.00,per Annum,1820,60847.80,0,0.00,0.00
2022,806,HOUSING PRESERVATION & DVLPMNT,2018-11-19T00:00:00.000,MANHATTAN,INVESTIGATOR,CEASED,56321.00,per Annum,0,-648.05,0,0.00,648.05
2022,806,HOUSING PRESERVATION & DVLPMNT,1998-11-09T00:00:00.000,MANHATTAN,COMMUNITY COORDINATOR,ACTIVE,62215.00,per Annum,1820,52007.52,36,1499.93,4237.98
2022,806,HOUSING PRESERVATION & DVLPMNT,2011-06-27T00:00:00.000,MANHATTAN,CLERICAL ASSOCIATE,ACTIVE,62215.00,per Annum,1820,45071.26,0,0.00,5866.15
2022,806,HOUSING PRESERVATION & DVLPMNT,1990-09-19T00:00:00.000,MANHATTAN,PRINCIPAL ADMINISTRATIVE ASSOCIATE -  NON SUPVR,ACTIVE,78679.00,per Annum,1820,78463.33,0,0.00,4497.97
2022,806,HOUSING PRESERVATION & DVLPMNT,2016-01-11T00:00:00.000,MANHATTAN,HOUSING DEVELOPMENT SPECIALIST,ACTIVE,77921.00,per Annum,1820,74465.25,6,266.56,702.05
2022,806,HOUSING PRESERVATION & DVLPMNT,2010-09-13T00:00:00.000,MANHATTAN,REAL PROPERTY MANAGER,ACTIVE,70032.00,per Annum,1820,67054.29,0,0.00,1951.04
2022,806,HOUSING PRESERVATION & DVLPMNT,2005-07-05T00:00:00.000,MANHATTAN,ASSOCIATE HOUSING DEVELOPMENT SPECIALIST,ACTIVE,85847.00,per Annum,1820,85611.76,0,0.00,2713.02
2022,806,HOUSING PRESERVATION & DVLPMNT,2002-09-23T00:00:00.000,BROOKLYN,PRINCIPAL ADMINISTRATIVE ASSOCIATE -  NON SUPVR,ACTIVE,54583.00,per Annum,1820,54433.35,0,0.00,3920.56
2022,806,HOUSING PRESERVATION & DVLPMNT,2002-08-12T00:00:00.000,MANHATTAN,ADM MANAGER-NON-MGRL,ACTIVE,121675.00,per Annum,1820,121341.74,0,0.00,3351.86
2022,806,HOUSING PRESERVATION & DVLPMNT,2021-10-04T00:00:00.000,MANHATTAN,COMMUNITY ASSOCIATE,ACTIVE,59405.00,per Annum,1295,37897.20,0,0.00,0.00
2022,806,HOUSING PRESERVATION & DVLPMNT,2000-10-10T00:00:00.000,MANHATTAN,CLERICAL ASSOCIATE,ON LEAVE,59271.00,per Annum,0,0.00,0,0.00,-3.46
2022,806,HOUSING PRESERVATION & DVLPMNT,2021-09-07T00:00:00.000,MANHATTAN,COMMUNITY ASSOCIATE,CEASED,38333.00,per Annum,210,4253.34,0,0.00,0.00
2022,806,HOUSING PRESERVATION & DVLPMNT,1985-12-02T00:00:00.000,BROOKLYN,CONSTRUCTION PROJECT MANAGER,CEASED,97974.00,per Annum,0,0.00,0,0.00,-1.18
2022,806,HOUSING PRESERVATION & DVLPMNT,2004-06-21T00:00:00.000,BROOKLYN,INSPECTOR,ACTIVE,61598.00,per Annum,2080,61429.16,120,5895.00,6855.96
2022,806,HOUSING PRESERVATION & DVLPMNT,2005-07-05T00:00:00.000,MANHATTAN,ADMIN COMMUNITY RELATIONS SPECIALIST,CEASED,76252.00,per Annum,0,2839.36,0,72.61,0.00
2022,806,HOUSING PRESERVATION & DVLPMNT,1988-12-27T00:00:00.000,MANHATTAN,ADMINISTRATIVE PROCUREMENT ANALYST-NON-MGRL,ACTIVE,89143.00,per Annum,1820,80817.09,0,0.00,299.26
2022,806,HOUSING PRESERVATION & DVLPMNT,2019-05-13T00:00:00.000,MANHATTAN,COMMUNITY ASSOCIATE,ACTIVE,48491.00,per Annum,1820,45991.07,0,0.00,0.00
2022,806,HOUSING PRESERVATION & DVLPMNT,1993-07-19T00:00:00.000,BRONX,ASSOCIATE INSPECTOR,ON SEPARATION LEAVE,70161.00,per Annum,2080,69968.86,0,0.00,9889.17
2022,806,HOUSING PRESERVATION & DVLPMNT,2022-05-02T00:00:00.000,MANHATTAN,ACCOUNTANT,ACTIVE,50217.00,per Annum,245,6741.46,0,0.00,0.00
2022,806,HOUSING PRESERVATION & DVLPMNT,2019-10-28T00:00:00.000,MANHATTAN,MECHANICAL ENGINEER,ACTIVE,100000.00,per Annum,1820,99726.12,0,0.00,789.29
2022,806,HOUSING PRESERVATION & DVLPMNT,2013-05-20T00:00:00.000,MANHATTAN,COMMUNITY COORDINATOR,ACTIVE,63363.00,per Annum,1820,63189.36,0,0.00,1089.50
2022,806,HOUSING PRESERVATION & DVLPMNT,2015-01-26T00:00:00.000,BROOKLYN,COMMUNITY COORDINATOR,ACTIVE,62215.00,per Annum,1820,62044.58,0,0.00,0.00
2022,806,HOUSING PRESERVATION & DVLPMNT,1994-12-19T00:00:00.000,MANHATTAN,ASSOCIATE REHABILITATION SPECIALIST,ACTIVE,70161.00,per Annum,2080,65932.21,0,0.00,6812.63
2022,806,HOUSING PRESERVATION & DVLPMNT,1989-01-05T00:00:00.000,MANHATTAN,PRINCIPAL ADMINISTRATIVE ASSOCIATE -  NON SUPVR,ON SEPARATION LEAVE,81596.00,per Annum,1820,81372.46,0,0.00,4341.22
2022,806,HOUSING PRESERVATION & DVLPMNT,2021-10-18T00:00:00.000,MANHATTAN,COMMUNITY COORDINATOR,ACTIVE,54100.00,per Annum,1225,36313.72,0,0.00,0.00
2022,806,HOUSING PRESERVATION & DVLPMNT,2007-08-27T00:00:00.000,MANHATTAN,ADMINISTRATIVE STAFF ANALYST,ACTIVE,102248.00,per Annum,1820,115565.32,0,0.00,1511.64
2022,806,HOUSING PRESERVATION & DVLPMNT,1989-08-14T00:00:00.000,MANHATTAN,ADMIN COMMUNITY RELATIONS SPECIALIST,ACTIVE,75959.00,per Annum,1820,80323.30,0,0.00,1624.09
2022,806,HOUSING PRESERVATION & DVLPMNT,2016-07-18T00:00:00.000,MANHATTAN,SUPERVISOR OF MECHANICAL INSTALLATIONS & MAINTENANCE,ACTIVE,78559.00,per Annum,1820,78343.72,0,0.00,1906.98
2022,806,HOUSING PRESERVATION & DVLPMNT,2015-04-27T00:00:00.000,MANHATTAN,COMMUNITY ASSOCIATE,ACTIVE,51456.00,per Annum,1820,39472.96,2,56.32,0.00
2022,806,HOUSING PRESERVATION & DVLPMNT,2004-10-18T00:00:00.000,MANHATTAN,PRINCIPAL ADMINISTRATIVE ASSOCIATE -  NON SUPVR,ACTIVE,74251.00,per Annum,1820,69722.81,0,0.00,3031.01
2022,69,HRA/DEPT OF SOCIAL SERVICES,2006-03-06T00:00:00.000,MANHATTAN,EXECUTIVE AGENCY COUNSEL,ON LEAVE,137760.00,per Annum,1820,137382.69,0,0.00,0.00
2022,69,HRA/DEPT OF SOCIAL SERVICES,2005-10-03T00:00:00.000,MANHATTAN,FRAUD INVESTIGATOR,ACTIVE,58741.00,per Annum,1820,58580.08,0,0.00,4067.94
2022,69,HRA/DEPT OF SOCIAL SERVICES,2021-10-25T00:00:00.000,MANHATTAN,SPECIAL OFFICER,CEASED,34834.00,per Annum,1136,18838.99,1,25.02,1500.00
2022,69,HRA/DEPT OF SOCIAL SERVICES,2018-03-19T00:00:00.000,MANHATTAN,CUSTODIAN,ACTIVE,38749.00,per Annum,2056,38196.76,9.5,264.46,285.27
2022,69,HRA/DEPT OF SOCIAL SERVICES,1985-09-23T00:00:00.000,MANHATTAN,STAFF ANALYST,ACTIVE,73849.00,per Annum,1820,88081.50,0,0.00,6993.52
2022,69,HRA/DEPT OF SOCIAL SERVICES,2018-12-03T00:00:00.000,QUEENS,ELIGIBILITY SPECIALIST,ACTIVE,43410.00,per Annum,1820,43124.54,863.5,28862.46,2634.26
2022,69,HRA/DEPT OF SOCIAL SERVICES,2018-12-10T00:00:00.000,QUEENS,ELIGIBILITY SPECIALIST,ACTIVE,43410.00,per Annum,1820,43273.99,247,7478.86,261.47
2022,69,HRA/DEPT OF SOCIAL SERVICES,2009-09-21T00:00:00.000,MANHATTAN,FRAUD INVESTIGATOR,CEASED,53088.00,per Annum,0,0.00,0,0.00,344.41
2022,69,HRA/DEPT OF SOCIAL SERVICES,2014-02-18T00:00:00.000,BRONX,PRINCIPAL ADMINISTRATIVE ASSOCIATE -  NON SUPVR,ACTIVE,54531.00,per Annum,1820,54381.60,462.25,19383.88,7395.38
2022,69,HRA/DEPT OF SOCIAL SERVICES,1992-11-23T00:00:00.000,MANHATTAN,PRINCIPAL ADMINISTRATIVE ASSOCIATE -  NON SUPVR,ACTIVE,54996.00,per Annum,1820,54845.43,0,0.00,4341.22
2022,69,HRA/DEPT OF SOCIAL SERVICES,2004-06-07T00:00:00.000,BROOKLYN,CONTRACT SPECIALIST,ACTIVE,58802.00,per Annum,1820,58640.91,0,0.00,1417.00
2022,69,HRA/DEPT OF SOCIAL SERVICES,2013-04-22T00:00:00.000,BROOKLYN,FRAUD INVESTIGATOR,ACTIVE,47705.00,per Annum,1820,47574.28,0,0.00,3448.63
2022,69,HRA/DEPT OF SOCIAL SERVICES,2014-05-19T00:00:00.000,BROOKLYN,COMPUTER ASSOCIATE,ACTIVE,72812.00,per Annum,1820,72612.53,8,378.61,0.00
2022,69,HRA/DEPT OF SOCIAL SERVICES,2020-02-24T00:00:00.000,BRONX,ELIGIBILITY SPECIALIST,CEASED,37748.00,per Annum,210,-692.95,0,0.00,1158.32
2022,69,HRA/DEPT OF SOCIAL SERVICES,2017-01-23T00:00:00.000,MANHATTAN,ASSOCIATE STAFF ANALYST,ACTIVE,82679.00,per Annum,1820,97576.85,0,362.90,2830.59
2022,69,HRA/DEPT OF SOCIAL SERVICES,2022-05-09T00:00:00.000,MANHATTAN,ADMINISTRATIVE DIRECTOR OF SOCIAL SERVICES,ACTIVE,58700.00,per Annum,210,6754.53,0,0.00,595.02
2022,69,HRA/DEPT OF SOCIAL SERVICES,2011-07-25T00:00:00.000,MANHATTAN,PRINCIPAL ADMINISTRATIVE ASSOCIATE -  NON SUPVR,CEASED,61015.00,per Annum,875,28476.34,0,0.00,-468.06
2022,69,HRA/DEPT OF SOCIAL SERVICES,2007-08-06T00:00:00.000,QUEENS,ELIGIBILITY SPECIALIST,ACTIVE,43578.00,per Annum,1820,43458.49,768,26701.85,6126.48
2022,69,HRA/DEPT OF SOCIAL SERVICES,2010-01-25T00:00:00.000,BROOKLYN,CASEWORKER,ACTIVE,47845.00,per Annum,1820,47713.90,859,36891.83,11634.04
2022,69,HRA/DEPT OF SOCIAL SERVICES,1996-01-16T00:00:00.000,MANHATTAN,SUPERVISOR I SOCIAL WORK,ACTIVE,65372.00,per Annum,1820,65192.91,0,0.00,7061.59
2022,69,HRA/DEPT OF SOCIAL SERVICES,2021-09-13T00:00:00.000,BRONX,JOB OPPORTUNITY SPECIALIST,ACTIVE,42389.00,per Annum,1400,32517.60,129,3880.40,27.25
2022,69,HRA/DEPT OF SOCIAL SERVICES,2021-10-04T00:00:00.000,BRONX,ELIGIBILITY SPECIALIST,ACTIVE,43679.00,per Annum,1295,30563.36,0,0.00,824.12
2022,69,HRA/DEPT OF SOCIAL SERVICES,1988-09-19T00:00:00.000,BROOKLYN,COMMUNITY COORDINATOR,ACTIVE,70903.00,per Annum,1820,70708.81,47.25,2251.47,1427.75
2022,69,HRA/DEPT OF SOCIAL SERVICES,2022-04-11T00:00:00.000,BRONX,JOB OPPORTUNITY SPECIALIST,ACTIVE,42389.00,per Annum,350,7379.57,0,0.00,0.00
2022,69,HRA/DEPT OF SOCIAL SERVICES,2012-08-06T00:00:00.000,BRONX,FRAUD INVESTIGATOR,CEASED,36037.00,per Annum,0,0.00,0,0.00,508.00
2022,69,HRA/DEPT OF SOCIAL SERVICES,2005-10-17T00:00:00.000,MANHATTAN,BOOKKEEPER,ACTIVE,49870.00,per Annum,1820,49733.32,0,0.00,4619.41
2022,69,HRA/DEPT OF SOCIAL SERVICES,1999-07-12T00:00:00.000,BROOKLYN,ELIGIBILITY SPECIALIST,ACTIVE,43730.00,per Annum,1820,43610.31,0,0.00,5894.12
2022,69,HRA/DEPT OF SOCIAL SERVICES,2015-05-11T00:00:00.000,BROOKLYN,ELIGIBILITY SPECIALIST,CEASED,43410.00,per Annum,1266.98,30089.24,0,0.00,1386.61
2022,69,HRA/DEPT OF SOCIAL SERVICES,1996-11-25T00:00:00.000,MANHATTAN,ASSOCIATE STAFF ANALYST,ACTIVE,81946.00,per Annum,1820,97494.15,0,0.00,6993.52
2022,69,HRA/DEPT OF SOCIAL SERVICES,2022-02-14T00:00:00.000,BRONX,ELIGIBILITY SPECIALIST,ACTIVE,37748.00,per Annum,630,13030.83,0,0.00,0.00
2022,69,HRA/DEPT OF SOCIAL SERVICES,1998-10-19T00:00:00.000,BRONX,SUPERVISOR I,ACTIVE,58986.00,per Annum,1820,58824.48,11,485.41,5057.59
2022,69,HRA/DEPT OF SOCIAL SERVICES,2022-06-13T00:00:00.000,MANHATTAN,CASEWORKER,ACTIVE,41483.00,per Annum,35,795.56,0,0.00,0.00
2022,69,HRA/DEPT OF SOCIAL SERVICES,2014-01-27T00:00:00.000,MANHATTAN,ADMINISTRATIVE STAFF ANALYST,CEASED,123149.00,per Annum,0,5260.73,0,0.00,-5260.73
2022,69,HRA/DEPT OF SOCIAL SERVICES,2002-05-20T00:00:00.000,MANHATTAN,ASSOCIATE JOB OPPORTUNITY SPECIALIST,ACTIVE,69955.00,per Annum,1820,69763.45,0,0.00,5457.51
2022,69,HRA/DEPT OF SOCIAL SERVICES,2005-08-01T00:00:00.000,BROOKLYN,ASSOCIATE JOB OPPORTUNITY SPECIALIST,ACTIVE,59649.00,per Annum,1820,56976.70,131,5468.11,5275.53
2022,69,HRA/DEPT OF SOCIAL SERVICES,2008-10-20T00:00:00.000,MANHATTAN,ADMINISTRATIVE STAFF ANALYST,ACTIVE,123188.00,per Annum,1820,124590.70,0,0.00,2269.15
2022,69,HRA/DEPT OF SOCIAL SERVICES,1993-01-19T00:00:00.000,BROOKLYN,SUPERVISOR I,ACTIVE,59031.00,per Annum,1820,58869.21,21,815.39,5492.63
2022,69,HRA/DEPT OF SOCIAL SERVICES,2008-11-17T00:00:00.000,BRONX,ASSOCIATE JOB OPPORTUNITY SPECIALIST,ACTIVE,59649.00,per Annum,1820,59485.66,470.25,21547.79,6000.32
2022,69,HRA/DEPT OF SOCIAL SERVICES,2009-10-13T00:00:00.000,BRONX,ELIGIBILITY SPECIALIST,ACTIVE,43547.00,per Annum,1820,43362.18,462.25,15142.35,4746.65
2022,69,HRA/DEPT OF SOCIAL SERVICES,2004-06-14T00:00:00.000,BROOKLYN,ASSOCIATE JOB OPPORTUNITY SPECIALIST,ACTIVE,59649.00,per Annum,1820,56976.70,0,0.00,4968.34
2022,69,HRA/DEPT OF SOCIAL SERVICES,2013-10-15T00:00:00.000,MANHATTAN,PRINCIPAL ADMINISTRATIVE ASSOCIATE -  NON SUPVR,ACTIVE,61015.00,per Annum,1820,61015.21,144.25,4993.18,0.00
2022,69,HRA/DEPT OF SOCIAL SERVICES,2014-10-27T00:00:00.000,BROOKLYN,ELIGIBILITY SPECIALIST,ACTIVE,43410.00,per Annum,1820,43291.04,0,0.00,2038.54
2022,69,HRA/DEPT OF SOCIAL SERVICES,1985-11-04T00:00:00.000,MANHATTAN,CLERICAL ASSOCIATE,ACTIVE,47231.00,per Annum,1820,47101.60,0,0.00,5136.83
2022,69,HRA/DEPT OF SOCIAL SERVICES,2021-10-25T00:00:00.000,QUEENS,ELIGIBILITY SPECIALIST,CEASED,37748.00,per Annum,1050,21718.05,0,0.00,0.00
2022,69,HRA/DEPT OF SOCIAL SERVICES,2020-03-16T00:00:00.000,BRONX,ELIGIBILITY SPECIALIST,ACTIVE,43410.00,per Annum,1820,39118.27,2,47.52,0.00
2022,69,HRA/DEPT OF SOCIAL SERVICES,2021-10-12T00:00:00.000,MANHATTAN,COMMUNITY ASSOCIATE,ACTIVE,31.04,per Hour,1195.25,37100.55,0,0.00,8.75
2022,69,HRA/DEPT OF SOCIAL SERVICES,2003-02-24T00:00:00.000,MANHATTAN,SUPERVISING SPECIAL OFFICER,ACTIVE,55890.00,per Annum,2080,55736.98,0,0.00,1998.68
2022,69,HRA/DEPT OF SOCIAL SERVICES,2021-07-06T00:00:00.000,BROOKLYN,IT PROJECT SPECIALIST,ACTIVE,108000.00,per Annum,1743,102733.23,175.25,12505.40,384.25
2022,69,HRA/DEPT OF SOCIAL SERVICES,2002-10-15T00:00:00.000,BROOKLYN,COMPUTER ASSOCIATE,ACTIVE,59098.00,per Annum,1820,58936.03,619.75,28369.84,5587.00
2022,69,HRA/DEPT OF SOCIAL SERVICES,2019-09-03T00:00:00.000,MANHATTAN,COMMUNITY COORDINATOR,CEASED,62215.00,per Annum,840,28635.96,0,0.00,0.00
2022,69,HRA/DEPT OF SOCIAL SERVICES,1994-08-29T00:00:00.000,MANHATTAN,PRINCIPAL ADMINISTRATIVE ASSOCIATE -  NON SUPVR,ACTIVE,67671.00,per Annum,1805,66929.40,0,0.00,5321.94
2022,69,HRA/DEPT OF SOCIAL SERVICES,1992-02-18T00:00:00.000,MANHATTAN,PRINCIPAL ADMINISTRATIVE ASSOCIATE -  NON SUPVR,ACTIVE,67529.00,per Annum,1820,67343.90,0,0.00,1764.36
2022,69,HRA/DEPT OF SOCIAL SERVICES,1990-01-29T00:00:00.000,MANHATTAN,CASEWORKER,CEASED,50728.00,per Annum,0,0.00,0,0.00,0.00
2022,69,HRA/DEPT OF SOCIAL SERVICES,2010-09-27T00:00:00.000,MANHATTAN,PRINCIPAL ADMINISTRATIVE ASSOCIATE -  NON SUPVR,ACTIVE,67499.00,per Annum,1820,62961.75,289.5,14162.33,3480.55
2022,69,HRA/DEPT OF SOCIAL SERVICES,2020-03-16T00:00:00.000,BRONX,CASEWORKER,ACTIVE,47705.00,per Annum,1820,42988.79,0,0.00,4657.72
2022,69,HRA/DEPT OF SOCIAL SERVICES,1996-08-26T00:00:00.000,BROOKLYN,PRINCIPAL ADMINISTRATIVE ASSOCIATE -  NON SUPVR,ACTIVE,54657.00,per Annum,1820,54507.19,502.5,21729.08,6287.40
2022,69,HRA/DEPT OF SOCIAL SERVICES,1980-10-01T00:00:00.000,RICHMOND,JOB OPPORTUNITY SPECIALIST,ACTIVE,49067.00,per Annum,1820,48932.52,532.75,20612.32,7369.13
2022,69,HRA/DEPT OF SOCIAL SERVICES,2019-12-16T00:00:00.000,QUEENS,ELIGIBILITY SPECIALIST,ACTIVE,43410.00,per Annum,1397,28763.95,0,0.00,2165.04
2022,69,HRA/DEPT OF SOCIAL SERVICES,1996-08-26T00:00:00.000,QUEENS,ASSOCIATE FRAUD INVESTIGATOR,CEASED,65745.00,per Annum,0,0.00,0,0.00,1825.40
2022,69,HRA/DEPT OF SOCIAL SERVICES,2008-03-03T00:00:00.000,BROOKLYN,PRINCIPAL ADMINISTRATIVE ASSOCIATE -  NON SUPVR,ACTIVE,54531.00,per Annum,1820,48592.35,0.5,15.13,790.09
2022,69,HRA/DEPT OF SOCIAL SERVICES,2017-05-15T00:00:00.000,MANHATTAN,COMMUNITY COORDINATOR,ACTIVE,68387.00,per Annum,1820,68199.56,0,0.00,1417.00
2022,69,HRA/DEPT OF SOCIAL SERVICES,2015-11-02T00:00:00.000,MANHATTAN,ASSOCIATE CONTRACT SPECIALIST,ACTIVE,69222.00,per Annum,1820,69032.34,0,0.00,0.00
2022,69,HRA/DEPT OF SOCIAL SERVICES,1995-06-26T00:00:00.000,MANHATTAN,CLERICAL ASSOCIATE,ACTIVE,46043.00,per Annum,1820,45916.79,0,0.00,5188.83
2022,69,HRA/DEPT OF SOCIAL SERVICES,2019-02-25T00:00:00.000,MANHATTAN,COMMUNITY COORDINATOR,ACTIVE,77250.00,per Annum,1820,77038.26,0,0.00,0.00
2022,69,HRA/DEPT OF SOCIAL SERVICES,1997-10-20T00:00:00.000,MANHATTAN,ASSISTANT COMMISSIONER,ACTIVE,185921.00,per Annum,1820,185411.72,0,0.00,3561.70
2022,69,HRA/DEPT OF SOCIAL SERVICES,2019-06-24T00:00:00.000,MANHATTAN,PARALEGAL AIDE,CEASED,49677.00,per Annum,1260,34297.55,0,0.00,0.00
2022,69,HRA/DEPT OF SOCIAL SERVICES,2003-08-25T00:00:00.000,MANHATTAN,ASSOCIATE STAFF ANALYST,ACTIVE,82034.00,per Annum,1820,97597.12,9.25,645.46,6993.52
2022,69,HRA/DEPT OF SOCIAL SERVICES,2002-11-04T00:00:00.000,MANHATTAN,CASEWORKER,ACTIVE,47854.00,per Annum,1820,47723.00,0,0.00,8757.05
2022,69,HRA/DEPT OF SOCIAL SERVICES,2021-09-13T00:00:00.000,MANHATTAN,COMMUNITY ASSOCIATE,ACTIVE,38333.00,per Annum,1400,28671.05,0,0.00,0.00
2022,69,HRA/DEPT OF SOCIAL SERVICES,2008-02-18T00:00:00.000,BROOKLYN,ASSOCIATE JOB OPPORTUNITY SPECIALIST,ACTIVE,59649.00,per Annum,1820,59485.66,263.5,12633.40,4976.59
2022,69,HRA/DEPT OF SOCIAL SERVICES,2019-11-18T00:00:00.000,BROOKLYN,FRAUD INVESTIGATOR,CEASED,62533.00,per Annum,0,0.00,0,0.00,0.00
2022,69,HRA/DEPT OF SOCIAL SERVICES,2022-01-24T00:00:00.000,BRONX,SOCIAL WORKER,ACTIVE,58741.00,per Annum,735,21404.26,0,0.00,372.94
2022,69,HRA/DEPT OF SOCIAL SERVICES,2021-12-27T00:00:00.000,MANHATTAN,SPACE ANALYST,ACTIVE,65640.00,per Annum,875,31471.25,0,0.00,0.00
2022,69,HRA/DEPT OF SOCIAL SERVICES,2009-07-20T00:00:00.000,BRONX,ELIGIBILITY SPECIALIST,ACTIVE,43496.00,per Annum,1820,43376.84,113,3377.47,3896.83
2022,69,HRA/DEPT OF SOCIAL SERVICES,1997-04-28T00:00:00.000,BROOKLYN,COMPUTER ASSOCIATE,ACTIVE,84686.00,per Annum,1820,84453.98,37.5,2034.72,4670.18
2022,69,HRA/DEPT OF SOCIAL SERVICES,2016-10-11T00:00:00.000,MANHATTAN,JOB OPPORTUNITY SPECIALIST,ACTIVE,48747.00,per Annum,1820,48613.50,1200.5,46152.23,3745.75
2022,69,HRA/DEPT OF SOCIAL SERVICES,2003-08-25T00:00:00.000,MANHATTAN,SUPERVISOR I,ACTIVE,58986.00,per Annum,1820,58824.48,0,0.00,4968.34
2022,69,HRA/DEPT OF SOCIAL SERVICES,2021-09-13T00:00:00.000,QUEENS,JOB OPPORTUNITY SPECIALIST,ACTIVE,48747.00,per Annum,1400,37395.00,407.75,14261.12,587.02
2022,69,HRA/DEPT OF SOCIAL SERVICES,1990-03-12T00:00:00.000,BRONX,PRINCIPAL ADMINISTRATIVE ASSOCIATE -  NON SUPVR,ACTIVE,61278.00,per Annum,1820,61110.13,441.5,20489.31,8694.24
2022,69,HRA/DEPT OF SOCIAL SERVICES,1996-12-23T00:00:00.000,BRONX,SUPERVISOR III,ACTIVE,76408.00,per Annum,1820,73250.29,157.25,7561.82,8795.88
2022,69,HRA/DEPT OF SOCIAL SERVICES,2009-09-21T00:00:00.000,BROOKLYN,SUPERVISOR I,ACTIVE,58903.00,per Annum,1820,58741.54,189,9401.43,9493.69
2022,69,HRA/DEPT OF SOCIAL SERVICES,2002-10-21T00:00:00.000,MANHATTAN,ELIGIBILITY SPECIALIST,CEASED,43750.00,per Annum,981.67,23533.07,99.25,3624.83,3330.04
2022,69,HRA/DEPT OF SOCIAL SERVICES,2014-02-03T00:00:00.000,BROOKLYN,PRINCIPAL ADMINISTRATIVE ASSOCIATE -  NON SUPVR,CEASED,54531.00,per Annum,560,16732.80,0,0.00,324.33
2022,69,HRA/DEPT OF SOCIAL SERVICES,1988-05-23T00:00:00.000,MANHATTAN,ELIGIBILITY SPECIALIST,ACTIVE,47644.00,per Annum,1820,47513.44,0,0.00,5762.12
2022,69,HRA/DEPT OF SOCIAL SERVICES,2003-08-25T00:00:00.000,MANHATTAN,CASEWORKER,ACTIVE,47705.00,per Annum,1820,47574.28,0,0.00,8757.05
2022,69,HRA/DEPT OF SOCIAL SERVICES,2009-09-21T00:00:00.000,MANHATTAN,CASEWORKER,ACTIVE,47705.00,per Annum,1820,47574.28,0,0.00,7967.61
2022,69,HRA/DEPT OF SOCIAL SERVICES,2020-01-06T00:00:00.000,BRONX,CASEWORKER,ACTIVE,47705.00,per Annum,1820,44164.99,7,202.00,4671.49
2022,69,HRA/DEPT OF SOCIAL SERVICES,2009-05-11T00:00:00.000,MANHATTAN,FRAUD INVESTIGATOR,ACTIVE,47705.00,per Annum,1820,47574.28,4,107.60,1449.86
2022,69,HRA/DEPT OF SOCIAL SERVICES,2008-09-15T00:00:00.000,MANHATTAN,ACCOUNTANT,ACTIVE,65501.00,per Annum,1820,65321.61,0,0.00,10189.92
2022,69,HRA/DEPT OF SOCIAL SERVICES,2016-12-12T00:00:00.000,MANHATTAN,CLERICAL ASSOCIATE,ACTIVE,41848.00,per Annum,1820,41733.38,37,1156.79,333.44
2022,69,HRA/DEPT OF SOCIAL SERVICES,2010-09-07T00:00:00.000,BRONX,CASEWORKER,ACTIVE,47791.00,per Annum,1820,47660.08,0,0.00,8757.05
2022,69,HRA/DEPT OF SOCIAL SERVICES,2005-10-24T00:00:00.000,BRONX,CLERICAL ASSOCIATE,ACTIVE,41848.00,per Annum,1820,40586.52,0,0.00,3158.78
2022,69,HRA/DEPT OF SOCIAL SERVICES,2008-05-12T00:00:00.000,MANHATTAN,JOB OPPORTUNITY SPECIALIST,CEASED,48747.00,per Annum,1218.17,32538.04,23.75,822.03,2813.96
2022,69,HRA/DEPT OF SOCIAL SERVICES,2014-03-03T00:00:00.000,BRONX,ELIGIBILITY SPECIALIST,ACTIVE,43410.00,per Annum,1820,43291.04,331,11073.62,3639.17
2022,69,HRA/DEPT OF SOCIAL SERVICES,2015-12-28T00:00:00.000,QUEENS,ELIGIBILITY SPECIALIST,ACTIVE,43410.00,per Annum,1820,43291.04,2,50.45,307.92
2022,69,HRA/DEPT OF SOCIAL SERVICES,2001-08-06T00:00:00.000,MANHATTAN,CLERICAL ASSOCIATE,ON LEAVE,42082.00,per Annum,665,15333.85,0,0.00,1876.87
2022,69,HRA/DEPT OF SOCIAL SERVICES,1985-09-30T00:00:00.000,MANHATTAN,PRINCIPAL ADMINISTRATIVE ASSOCIATE -  NON SUPVR,ACTIVE,67513.00,per Annum,1820,67328.04,1.25,49.12,4282.84
2022,69,HRA/DEPT OF SOCIAL SERVICES,2019-09-16T00:00:00.000,BROOKLYN,IT PROJECT SPECIALIST,ACTIVE,115360.00,per Annum,1820,115044.01,0,0.00,0.00
2022,69,HRA/DEPT OF SOCIAL SERVICES,2007-08-06T00:00:00.000,BRONX,ELIGIBILITY SPECIALIST,ACTIVE,43578.00,per Annum,1820,43189.85,983,34895.25,5046.17
2022,69,HRA/DEPT OF SOCIAL SERVICES,2009-01-26T00:00:00.000,QUEENS,CASEWORKER,ACTIVE,47705.00,per Annum,1656.25,43293.78,0,0.00,7474.99
2022,69,HRA/DEPT OF SOCIAL SERVICES,2001-02-26T00:00:00.000,BROOKLYN,SUPERVISOR I,ACTIVE,58938.00,per Annum,1820,58776.63,694.75,32779.93,6937.58
2022,69,HRA/DEPT OF SOCIAL SERVICES,1998-07-13T00:00:00.000,MANHATTAN,ELIGIBILITY SPECIALIST,ACTIVE,46071.00,per Annum,1820,43632.16,80,3049.88,6357.69
2022,69,HRA/DEPT OF SOCIAL SERVICES,1989-12-18T00:00:00.000,MANHATTAN,CLERICAL ASSOCIATE,ACTIVE,42116.00,per Annum,1820,42000.66,712.75,24723.27,6412.59
2022,69,HRA/DEPT OF SOCIAL SERVICES,2020-01-06T00:00:00.000,BROOKLYN,COMMUNITY ASSOCIATE,CEASED,20.98,per Hour,0,3.92,0,0.00,-3.92
2022,69,HRA/DEPT OF SOCIAL SERVICES,2010-01-25T00:00:00.000,RICHMOND,ELIGIBILITY SPECIALIST,ACTIVE,53094.00,per Annum,1820,51435.65,89,3931.22,6008.28
2022,69,HRA/DEPT OF SOCIAL SERVICES,2004-06-07T00:00:00.000,BROOKLYN,ELIGIBILITY SPECIALIST,ACTIVE,43547.00,per Annum,1820,43427.80,842,31262.63,5913.08
2022,69,HRA/DEPT OF SOCIAL SERVICES,2016-10-11T00:00:00.000,BROOKLYN,COMPUTER SPECIALIST,ACTIVE,106023.00,per Annum,1820,105732.63,226,16602.39,5912.82
2022,69,HRA/DEPT OF SOCIAL SERVICES,1984-11-13T00:00:00.000,BRONX,PRINCIPAL ADMINISTRATIVE ASSOCIATE -  NON SUPVR,ACTIVE,54880.00,per Annum,1820,54729.74,625.5,28089.42,6843.51
2022,69,HRA/DEPT OF SOCIAL SERVICES,2017-06-26T00:00:00.000,MANHATTAN,PUBLIC HEALTH EDUCATOR,ACTIVE,60573.00,per Annum,1820,60407.10,34.5,1251.57,166.86
2022,69,HRA/DEPT OF SOCIAL SERVICES,2004-06-28T00:00:00.000,MANHATTAN,COMPUTER SPECIALIST,ACTIVE,113736.00,per Annum,1820,113424.48,0,0.00,6072.06
2022,69,HRA/DEPT OF SOCIAL SERVICES,1988-02-08T00:00:00.000,BROOKLYN,CLERICAL ASSOCIATE,ACTIVE,41954.00,per Annum,1820,41838.95,58.25,1924.05,5800.20
2022,69,HRA/DEPT OF SOCIAL SERVICES,2017-01-23T00:00:00.000,MANHATTAN,ADMINISTRATIVE STAFF ANALYST,CEASED,97715.00,per Annum,735,56852.13,0,0.00,1113.93
2022,69,HRA/DEPT OF SOCIAL SERVICES,2022-05-23T00:00:00.000,MANHATTAN,COMMUNITY ASSOCIATE,ACTIVE,56707.00,per Annum,140,4350.12,1.75,54.32,0.00
2022,69,HRA/DEPT OF SOCIAL SERVICES,2020-01-21T00:00:00.000,QUEENS,ELIGIBILITY SPECIALIST,CEASED,37748.00,per Annum,350,5119.24,0,0.00,1158.29
2022,69,HRA/DEPT OF SOCIAL SERVICES,2005-09-12T00:00:00.000,MANHATTAN,SUPERVISING SPECIAL OFFICER,ACTIVE,55930.00,per Annum,2080,55776.76,265.5,10762.98,1998.68
2022,69,HRA/DEPT OF SOCIAL SERVICES,2014-04-21T00:00:00.000,MANHATTAN,EXECUTIVE AGENCY COUNSEL,ACTIVE,227738.00,per Annum,1820,227114.16,0,0.00,5362.80
2022,69,HRA/DEPT OF SOCIAL SERVICES,1994-10-24T00:00:00.000,MANHATTAN,PRINCIPAL ADMINISTRATIVE ASSOCIATE -  NON SUPVR,ACTIVE,67671.00,per Annum,1820,67485.60,130.25,5893.52,4626.58
2022,69,HRA/DEPT OF SOCIAL SERVICES,2013-11-18T00:00:00.000,MANHATTAN,CLERICAL ASSOCIATE,ACTIVE,41848.00,per Annum,1820,41733.38,6,140.61,963.31
2022,69,HRA/DEPT OF SOCIAL SERVICES,2017-05-15T00:00:00.000,MANHATTAN,COMMUNITY COORDINATOR,CEASED,62301.00,per Annum,1050,33454.81,0,0.00,3207.13
2022,69,HRA/DEPT OF SOCIAL SERVICES,2017-12-26T00:00:00.000,BRONX,JOB OPPORTUNITY SPECIALIST,ACTIVE,54441.00,per Annum,1820,54291.90,276.25,10884.47,3696.07
2022,69,HRA/DEPT OF SOCIAL SERVICES,2018-02-20T00:00:00.000,MANHATTAN,COMMUNITY ASSOCIATE,ACTIVE,56707.00,per Annum,1820,56551.56,0,0.00,148.50
2022,69,HRA/DEPT OF SOCIAL SERVICES,2016-05-02T00:00:00.000,MANHATTAN,CASEWORKER,ACTIVE,47705.00,per Annum,1820,47546.84,0,0.00,6041.80
2022,69,HRA/DEPT OF SOCIAL SERVICES,2020-03-16T00:00:00.000,MANHATTAN,JOB OPPORTUNITY SPECIALIST,ON LEAVE,48747.00,per Annum,910,17373.59,144.25,4188.87,994.86
2022,69,HRA/DEPT OF SOCIAL SERVICES,2008-06-22T00:00:00.000,BROOKLYN,CASEWORKER,ACTIVE,47748.00,per Annum,1820,47617.18,685,26952.89,7525.72
2022,69,HRA/DEPT OF SOCIAL SERVICES,2022-05-31T00:00:00.000,MANHATTAN,ELIGIBILITY SPECIALIST,ACTIVE,44039.00,per Annum,95,2292.44,0,0.00,0.00
2022,69,HRA/DEPT OF SOCIAL SERVICES,2017-01-30T00:00:00.000,BROOKLYN,COMPUTER SPECIALIST,ACTIVE,94244.00,per Annum,1820,93985.84,0,0.00,5274.37
2022,69,HRA/DEPT OF SOCIAL SERVICES,2013-02-19T00:00:00.000,BROOKLYN,CASEWORKER,ACTIVE,47705.00,per Annum,1820,47574.28,0,0.00,7479.24
2022,69,HRA/DEPT OF SOCIAL SERVICES,2001-03-12T00:00:00.000,MANHATTAN,ADMINISTRATIVE DIRECTOR OF SOCIAL SERVICES,ACTIVE,106000.00,per Annum,1820,105709.50,0,0.00,1975.07
2022,69,HRA/DEPT OF SOCIAL SERVICES,2005-06-13T00:00:00.000,BROOKLYN,COMPUTER SPECIALIST,ACTIVE,106023.00,per Annum,1820,105732.63,197,13990.97,6327.33
2022,69,HRA/DEPT OF SOCIAL SERVICES,2008-12-21T00:00:00.000,MANHATTAN,ASSOCIATE JOB OPPORTUNITY SPECIALIST,ACTIVE,69912.00,per Annum,1820,69720.56,67.75,3310.33,4170.65
2022,69,HRA/DEPT OF SOCIAL SERVICES,1992-06-29T00:00:00.000,BROOKLYN,CASEWORKER,ACTIVE,47894.00,per Annum,1855,48681.23,0,0.00,5068.49
2022,69,HRA/DEPT OF SOCIAL SERVICES,2019-10-15T00:00:00.000,MANHATTAN,CLERICAL ASSOCIATE,ACTIVE,41848.00,per Annum,1820,39983.81,0,0.00,0.00
2022,69,HRA/DEPT OF SOCIAL SERVICES,2015-07-27T00:00:00.000,BROOKLYN,ELIGIBILITY SPECIALIST,ACTIVE,43410.00,per Annum,1820,43291.04,0,0.00,254.78
2022,69,HRA/DEPT OF SOCIAL SERVICES,1993-06-14T00:00:00.000,MANHATTAN,SPACE ANALYST,ACTIVE,78767.00,per Annum,1820,78551.20,0,0.00,8226.40
2022,69,HRA/DEPT OF SOCIAL SERVICES,1978-05-10T00:00:00.000,BROOKLYN,COMPUTER SPECIALIST,CEASED,98854.00,per Annum,1647.58,89243.75,0,0.00,5496.85
2022,69,HRA/DEPT OF SOCIAL SERVICES,2019-09-30T00:00:00.000,BRONX,CASEWORKER,ACTIVE,47705.00,per Annum,1820,45835.54,0,0.00,4634.49
2022,69,HRA/DEPT OF SOCIAL SERVICES,2004-05-03T00:00:00.000,BROOKLYN,CASEWORKER,ACTIVE,47705.00,per Annum,1701,43953.94,55.75,1939.60,6353.77
2022,69,HRA/DEPT OF SOCIAL SERVICES,2015-12-28T00:00:00.000,MANHATTAN,COMMUNITY ASSOCIATE,ACTIVE,56707.00,per Annum,1820,56551.56,596,25955.70,372.46
2022,69,HRA/DEPT OF SOCIAL SERVICES,2008-03-24T00:00:00.000,MANHATTAN,ASSOCIATE STAFF ANALYST,ACTIVE,81203.00,per Annum,1820,75724.25,0,0.00,2797.64
2022,69,HRA/DEPT OF SOCIAL SERVICES,2018-10-01T00:00:00.000,BROOKLYN,COMPUTER SPECIALIST,ACTIVE,94244.00,per Annum,1820,93985.84,0,0.00,3438.77
2022,69,HRA/DEPT OF SOCIAL SERVICES,2007-05-29T00:00:00.000,BROOKLYN,ASSOCIATE JOB OPPORTUNITY SPECIALIST,ACTIVE,69912.00,per Annum,1820,69720.56,416.75,22609.80,5071.16
2022,69,HRA/DEPT OF SOCIAL SERVICES,2013-11-25T00:00:00.000,MANHATTAN,ADMINISTRATIVE STAFF ANALYST,CEASED,93773.00,per Annum,0,3201.58,0,0.00,-3201.58
2022,69,HRA/DEPT OF SOCIAL SERVICES,2000-05-22T00:00:00.000,BRONX,ASSOCIATE JOB OPPORTUNITY SPECIALIST,ACTIVE,69971.00,per Annum,1820,69779.31,312.75,15738.39,5880.72
2022,69,HRA/DEPT OF SOCIAL SERVICES,2009-01-26T00:00:00.000,BROOKLYN,CASEWORKER,ACTIVE,47705.00,per Annum,1820,47574.28,630,25693.99,8644.28
2022,69,HRA/DEPT OF SOCIAL SERVICES,2010-06-28T00:00:00.000,MANHATTAN,COMPUTER ASSOCIATE,ACTIVE,82611.00,per Annum,1820,82384.64,0,0.00,6072.06
2022,69,HRA/DEPT OF SOCIAL SERVICES,2000-09-05T00:00:00.000,BROOKLYN,ASSOCIATE JOB OPPORTUNITY SPECIALIST,ACTIVE,59709.00,per Annum,1820,59545.46,211.25,8555.40,5054.23
2022,69,HRA/DEPT OF SOCIAL SERVICES,1988-02-01T00:00:00.000,BROOKLYN,ASSOCIATE JOB OPPORTUNITY SPECIALIST,ACTIVE,70237.00,per Annum,1820,70044.52,256,11486.51,4986.87
2022,69,HRA/DEPT OF SOCIAL SERVICES,2014-02-03T00:00:00.000,BROOKLYN,PRINCIPAL ADMINISTRATIVE ASSOCIATE -  NON SUPVR,ACTIVE,61015.00,per Annum,1820,60847.80,140,6215.84,1121.32
2022,69,HRA/DEPT OF SOCIAL SERVICES,2017-07-10T00:00:00.000,MANHATTAN,ELIGIBILITY SPECIALIST,ACTIVE,43410.00,per Annum,1820,43291.04,0,0.00,0.00
2022,69,HRA/DEPT OF SOCIAL SERVICES,2001-06-04T00:00:00.000,MANHATTAN,PRINCIPAL ADMINISTRATIVE ASSOCIATE -  NON SUPVR,ACTIVE,67551.00,per Annum,1820,67365.99,0,0.00,1764.36
2022,69,HRA/DEPT OF SOCIAL SERVICES,2003-08-25T00:00:00.000,BROOKLYN,FRAUD INVESTIGATOR,ACTIVE,58783.00,per Annum,1820,51133.14,0,0.00,12819.28
2022,69,HRA/DEPT OF SOCIAL SERVICES,2016-10-31T00:00:00.000,BROOKLYN,CLERICAL ASSOCIATE,ACTIVE,41848.00,per Annum,1743,30703.85,227,7137.89,2833.09
2022,69,HRA/DEPT OF SOCIAL SERVICES,2008-03-03T00:00:00.000,BROOKLYN,JOB OPPORTUNITY SPECIALIST,CEASED,48747.00,per Annum,1548.93,41373.10,396.25,15553.59,3889.15
2022,69,HRA/DEPT OF SOCIAL SERVICES,2004-08-30T00:00:00.000,MANHATTAN,AGENCY ATTORNEY,ACTIVE,91563.00,per Annum,1820,91312.25,0,0.00,15505.18
2022,69,HRA/DEPT OF SOCIAL SERVICES,2019-04-01T00:00:00.000,BROOKLYN,ASSOCIATE STAFF ANALYST,ACTIVE,81203.00,per Annum,1820,91493.75,0,0.00,0.00
2022,69,HRA/DEPT OF SOCIAL SERVICES,2015-06-15T00:00:00.000,BROOKLYN,ELIGIBILITY SPECIALIST,ACTIVE,43410.00,per Annum,1820,43291.04,197.25,6061.31,3339.27
2022,69,HRA/DEPT OF SOCIAL SERVICES,2016-11-14T00:00:00.000,MANHATTAN,JOB OPPORTUNITY SPECIALIST,ACTIVE,48747.00,per Annum,1820,48613.50,1376.75,53478.31,4771.92
2022,69,HRA/DEPT OF SOCIAL SERVICES,2016-12-12T00:00:00.000,MANHATTAN,CLERICAL ASSOCIATE,ACTIVE,41848.00,per Annum,1820,41733.38,201.5,5144.89,0.00
2022,69,HRA/DEPT OF SOCIAL SERVICES,1999-11-08T00:00:00.000,MANHATTAN,PRINCIPAL ADMINISTRATIVE ASSOCIATE -  NON SUPVR,CEASED,61142.00,per Annum,413.7,13859.72,0,0.00,986.81
2022,69,HRA/DEPT OF SOCIAL SERVICES,2011-08-22T00:00:00.000,MANHATTAN,SPECIAL OFFICER,ON LEAVE,50207.00,per Annum,480,11554.50,0,0.00,0.00
2022,69,HRA/DEPT OF SOCIAL SERVICES,2004-04-05T00:00:00.000,BROOKLYN,PRINCIPAL ADMINISTRATIVE ASSOCIATE -  NON SUPVR,ACTIVE,54657.00,per Annum,1673,44970.88,170.25,6988.67,3689.83
2022,69,HRA/DEPT OF SOCIAL SERVICES,2015-02-23T00:00:00.000,BROOKLYN,COMMUNITY ASSOCIATE,ACTIVE,47634.00,per Annum,1820,47503.56,15,417.15,10.42
2022,69,HRA/DEPT OF SOCIAL SERVICES,2012-01-23T00:00:00.000,BRONX,ELIGIBILITY SPECIALIST,ACTIVE,43456.00,per Annum,1820,43328.32,352.25,12052.51,5603.85
2022,69,HRA/DEPT OF SOCIAL SERVICES,1996-09-03T00:00:00.000,BROOKLYN,FRAUD INVESTIGATOR,CEASED,46420.00,per Annum,0,0.00,0,0.00,3719.69
2022,69,HRA/DEPT OF SOCIAL SERVICES,1992-04-13T00:00:00.000,QUEENS,PRINCIPAL ADMINISTRATIVE ASSOCIATE -  NON SUPVR,ACTIVE,67625.00,per Annum,1820,67439.83,0,6.59,4625.47
2022,69,HRA/DEPT OF SOCIAL SERVICES,2011-07-18T00:00:00.000,MANHATTAN,ASSOCIATE JOB OPPORTUNITY SPECIALIST,ACTIVE,58479.00,per Annum,1820,58318.78,368.5,16129.69,5263.96
2022,69,HRA/DEPT OF SOCIAL SERVICES,1986-12-29T00:00:00.000,MANHATTAN,ADMINISTRATIVE STAFF ANALYST,ACTIVE,97214.00,per Annum,1820,115261.50,0,0.00,4973.07
2022,69,HRA/DEPT OF SOCIAL SERVICES,2018-12-17T00:00:00.000,BROOKLYN,CLERICAL ASSOCIATE,CEASED,41848.00,per Annum,0,672.91,0,0.00,-672.91
2022,69,HRA/DEPT OF SOCIAL SERVICES,2017-02-06T00:00:00.000,BRONX,ELIGIBILITY SPECIALIST,ACTIVE,43410.00,per Annum,1820,42428.79,4.75,151.47,448.66
2022,69,HRA/DEPT OF SOCIAL SERVICES,2017-01-04T00:00:00.000,MANHATTAN,DIRECTOR OF PUBLIC INFORMATION,CEASED,128750.00,per Annum,1295,91359.43,0,0.00,0.00
2022,69,HRA/DEPT OF SOCIAL SERVICES,2014-01-06T00:00:00.000,BROOKLYN,FRAUD INVESTIGATOR,ACTIVE,58741.00,per Annum,1820,58580.08,0,0.00,2506.57
2022,69,HRA/DEPT OF SOCIAL SERVICES,1981-04-20T00:00:00.000,MANHATTAN,PRINCIPAL ADMINISTRATIVE ASSOCIATE -  NON SUPVR,CEASED,54794.00,per Annum,821.22,24445.98,34,1205.92,2399.08
2022,69,HRA/DEPT OF SOCIAL SERVICES,2000-01-18T00:00:00.000,BROOKLYN,ELIGIBILITY SPECIALIST,ACTIVE,43898.00,per Annum,1820,43777.76,0,0.00,6116.87
2022,69,HRA/DEPT OF SOCIAL SERVICES,2016-03-21T00:00:00.000,MANHATTAN,FRAUD INVESTIGATOR,ACTIVE,58741.00,per Annum,1820,58580.08,0,0.00,1641.51
2022,69,HRA/DEPT OF SOCIAL SERVICES,2018-12-17T00:00:00.000,BROOKLYN,COMMUNITY ASSOCIATE,ACTIVE,24.13,per Hour,1742.55,42047.74,194,5894.54,1858.01
2022,69,HRA/DEPT OF SOCIAL SERVICES,2010-03-15T00:00:00.000,MANHATTAN,ASSOCIATE JOB OPPORTUNITY SPECIALIST,ACTIVE,59709.00,per Annum,1820,59545.46,53,2182.05,5698.64
2022,69,HRA/DEPT OF SOCIAL SERVICES,2013-04-22T00:00:00.000,MANHATTAN,FRAUD INVESTIGATOR,CEASED,44409.00,per Annum,0,0.00,0,0.00,740.49
2022,69,HRA/DEPT OF SOCIAL SERVICES,2014-07-21T00:00:00.000,MANHATTAN,CLERICAL ASSOCIATE,ACTIVE,41848.00,per Annum,1820,41733.38,0,0.00,1963.30
2022,69,HRA/DEPT OF SOCIAL SERVICES,2015-02-02T00:00:00.000,BROOKLYN,COMPUTER SPECIALIST,ACTIVE,112384.00,per Annum,1820,112076.11,327.5,27510.87,6840.67
2022,69,HRA/DEPT OF SOCIAL SERVICES,2012-01-23T00:00:00.000,MANHATTAN,ELIGIBILITY SPECIALIST,ACTIVE,51196.00,per Annum,1820,51055.68,5,153.28,5297.55
2022,69,HRA/DEPT OF SOCIAL SERVICES,2019-05-13T00:00:00.000,MANHATTAN,SPECIAL ASSISTANT TO THE HUMAN RESOURCES ADMINISTRATOR,CEASED,82400.00,per Annum,0,0.00,0,0.00,7638.21
2022,69,HRA/DEPT OF SOCIAL SERVICES,2013-07-22T00:00:00.000,MANHATTAN,ADMINISTRATIVE STAFF ANALYST,ACTIVE,85873.00,per Annum,1820,101020.07,0,0.00,0.00
2022,69,HRA/DEPT OF SOCIAL SERVICES,2019-03-04T00:00:00.000,BRONX,FRAUD INVESTIGATOR,ACTIVE,47705.00,per Annum,1820,47064.55,401.5,13589.14,3024.81
2022,69,HRA/DEPT OF SOCIAL SERVICES,2010-07-19T00:00:00.000,QUEENS,ELIGIBILITY SPECIALIST,ON LEAVE,43496.00,per Annum,140,6673.36,0,0.00,-3100.72
2022,69,HRA/DEPT OF SOCIAL SERVICES,2014-08-18T00:00:00.000,MANHATTAN,ADMINISTRATIVE STAFF ANALYST,ACTIVE,100985.00,per Annum,1820,117354.74,0,0.00,2930.50
2022,69,HRA/DEPT OF SOCIAL SERVICES,1990-04-30T00:00:00.000,BRONX,CASEWORKER,CEASED,48030.00,per Annum,1296.6,34123.65,6,184.55,6226.21
2022,69,HRA/DEPT OF SOCIAL SERVICES,2009-05-26T00:00:00.000,BRONX,ELIGIBILITY SPECIALIST,CEASED,43547.00,per Annum,980,23384.20,68,2207.43,1769.75
2022,69,HRA/DEPT OF SOCIAL SERVICES,2016-05-31T00:00:00.000,MANHATTAN,COMMUNITY COORDINATOR,ACTIVE,62215.00,per Annum,1820,49130.08,728.5,27555.51,5179.90
2022,69,HRA/DEPT OF SOCIAL SERVICES,1997-07-28T00:00:00.000,MANHATTAN,ADMINISTRATIVE STAFF ANALYST,ACTIVE,85269.00,per Annum,1820,100938.71,0,0.00,4981.32
2022,69,HRA/DEPT OF SOCIAL SERVICES,1992-11-09T00:00:00.000,BROOKLYN,CASEWORKER,ACTIVE,47854.00,per Annum,1820,47723.00,994.25,42784.86,10420.59
2022,69,HRA/DEPT OF SOCIAL SERVICES,2011-03-14T00:00:00.000,BROOKLYN,ELIGIBILITY SPECIALIST,ACTIVE,43496.00,per Annum,1820,43376.84,361.25,11607.87,5350.85
2022,69,HRA/DEPT OF SOCIAL SERVICES,1994-12-12T00:00:00.000,MANHATTAN,PRINCIPAL ADMINISTRATIVE ASSOCIATE -  NON SUPVR,ACTIVE,67499.00,per Annum,1820,64651.34,413.25,22377.56,7418.81
2022,69,HRA/DEPT OF SOCIAL SERVICES,2008-11-10T00:00:00.000,BRONX,JOB OPPORTUNITY SPECIALIST,ACTIVE,48747.00,per Annum,1820,48613.50,418.25,15835.99,4886.79
2022,69,HRA/DEPT OF SOCIAL SERVICES,1985-02-04T00:00:00.000,BROOKLYN,ELIGIBILITY SPECIALIST,CEASED,44170.00,per Annum,1820,43710.10,189.75,6735.63,6377.39
2022,69,HRA/DEPT OF SOCIAL SERVICES,1992-09-14T00:00:00.000,MANHATTAN,ELIGIBILITY SPECIALIST,ACTIVE,46882.00,per Annum,1820,44775.43,0,0.00,6719.77
2022,69,HRA/DEPT OF SOCIAL SERVICES,2020-02-24T00:00:00.000,QUEENS,JOB OPPORTUNITY SPECIALIST,ACTIVE,48747.00,per Annum,1820,44276.10,246,8328.98,1926.65
2022,69,HRA/DEPT OF SOCIAL SERVICES,2008-10-14T00:00:00.000,MANHATTAN,ASSOCIATE JOB OPPORTUNITY SPECIALIST,ACTIVE,69912.00,per Annum,1820,69720.56,175.5,8851.22,4341.24
2022,69,HRA/DEPT OF SOCIAL SERVICES,1993-10-12T00:00:00.000,MANHATTAN,PRINCIPAL ADMINISTRATIVE ASSOCIATE -  NON SUPVR,ACTIVE,61115.00,per Annum,1820,60947.64,256.5,11361.61,5302.05
2022,69,HRA/DEPT OF SOCIAL SERVICES,1996-06-03T00:00:00.000,BROOKLYN,FRAUD INVESTIGATOR,ACTIVE,58880.00,per Annum,1820,58718.67,585.75,27464.80,7107.89
2022,69,HRA/DEPT OF SOCIAL SERVICES,2007-04-30T00:00:00.000,MANHATTAN,PSYCHIATRIST,ACTIVE,84.86,per Hour,2351.5,199617.41,0,0.00,53069.05
2022,69,HRA/DEPT OF SOCIAL SERVICES,2002-05-20T00:00:00.000,BRONX,SUPERVISOR I,ACTIVE,58903.00,per Annum,1820,58741.54,0,0.00,8757.05
2022,69,HRA/DEPT OF SOCIAL SERVICES,2012-03-12T00:00:00.000,BROOKLYN,PRINCIPAL ADMINISTRATIVE ASSOCIATE -  NON SUPVR,ACTIVE,54531.00,per Annum,1820,54381.60,731.75,31503.91,4188.60
2022,69,HRA/DEPT OF SOCIAL SERVICES,2022-06-06T00:00:00.000,BROOKLYN,CLERICAL ASSOCIATE,ACTIVE,36390.00,per Annum,70,1395.78,0,0.00,0.00
2022,69,HRA/DEPT OF SOCIAL SERVICES,2020-02-18T00:00:00.000,MANHATTAN,COMMUNITY ASSOCIATE,CEASED,20.98,per Hour,559.48,11737.99,7,146.86,49.50
2022,69,HRA/DEPT OF SOCIAL SERVICES,2018-12-17T00:00:00.000,QUEENS,COMMUNITY ASSOCIATE,ACTIVE,24.13,per Hour,1754.87,42344.95,251.5,7352.18,2031.77
2022,69,HRA/DEPT OF SOCIAL SERVICES,1987-08-31T00:00:00.000,QUEENS,SUPERVISOR I,CEASED,59238.00,per Annum,1204.48,39096.45,0,0.00,3283.14
2022,69,HRA/DEPT OF SOCIAL SERVICES,1993-12-13T00:00:00.000,BROOKLYN,ASSOCIATE JOB OPPORTUNITY SPECIALIST,ACTIVE,59790.00,per Annum,1820,59626.31,0,0.00,4968.34
2022,69,HRA/DEPT OF SOCIAL SERVICES,2005-11-14T00:00:00.000,MANHATTAN,PRINCIPAL ADMINISTRATIVE ASSOCIATE -  NON SUPVR,ACTIVE,67499.00,per Annum,1820,67314.01,0,0.00,3343.86
2022,69,HRA/DEPT OF SOCIAL SERVICES,2005-11-14T00:00:00.000,BRONX,PRINCIPAL ADMINISTRATIVE ASSOCIATE -  NON SUPVR,ACTIVE,54531.00,per Annum,1820,52615.19,543.25,22378.78,3489.32
2022,69,HRA/DEPT OF SOCIAL SERVICES,2012-07-30T00:00:00.000,BROOKLYN,PRINCIPAL ADMINISTRATIVE ASSOCIATE -  NON SUPVR,ACTIVE,54531.00,per Annum,1820,54381.60,0,0.00,0.00
2022,69,HRA/DEPT OF SOCIAL SERVICES,1989-12-04T00:00:00.000,QUEENS,ASSOCIATE JOB OPPORTUNITY SPECIALIST,ACTIVE,70059.00,per Annum,1820,69866.95,358,17979.84,5916.07
2022,69,HRA/DEPT OF SOCIAL SERVICES,1986-07-07T00:00:00.000,BROOKLYN,ASSOCIATE JOB OPPORTUNITY SPECIALIST,CEASED,59673.00,per Annum,1780.47,58216.83,339.25,15248.04,5296.87
2022,69,HRA/DEPT OF SOCIAL SERVICES,2003-03-31T00:00:00.000,QUEENS,CASEWORKER,ACTIVE,47729.00,per Annum,1820,47598.20,0,0.00,8757.05
2022,69,HRA/DEPT OF SOCIAL SERVICES,2020-03-16T00:00:00.000,BRONX,JOB OPPORTUNITY SPECIALIST,ACTIVE,48747.00,per Annum,1820,43927.71,628.75,21345.08,1193.26
2022,69,HRA/DEPT OF SOCIAL SERVICES,1995-02-20T00:00:00.000,BRONX,ASSOCIATE FRAUD INVESTIGATOR,CEASED,67250.00,per Annum,0,0.00,0,0.00,3719.69
2022,69,HRA/DEPT OF SOCIAL SERVICES,2022-01-18T00:00:00.000,MANHATTAN,ADMINISTRATIVE STAFF ANALYST,CEASED,103000.00,per Annum,385,21728.55,0,0.00,0.00
2022,69,HRA/DEPT OF SOCIAL SERVICES,1986-10-20T00:00:00.000,MANHATTAN,ADMINISTRATIVE STAFF ANALYST,ACTIVE,94715.00,per Annum,1820,99274.06,0,0.00,3416.07
2022,69,HRA/DEPT OF SOCIAL SERVICES,2019-04-01T00:00:00.000,BRONX,ELIGIBILITY SPECIALIST,ACTIVE,43410.00,per Annum,1820,43291.04,501.25,15479.64,844.09
2022,69,HRA/DEPT OF SOCIAL SERVICES,1987-02-17T00:00:00.000,MANHATTAN,ADMINISTRATIVE PROCUREMENT ANALYST-NON-MGRL,ACTIVE,91700.00,per Annum,1820,91341.24,0,0.00,299.26
2022,69,HRA/DEPT OF SOCIAL SERVICES,1999-03-22T00:00:00.000,MANHATTAN,ADMINISTRATIVE STAFF ANALYST,ACTIVE,86359.00,per Annum,1820,102462.40,0,0.00,4973.07
2022,69,HRA/DEPT OF SOCIAL SERVICES,2022-02-28T00:00:00.000,BROOKLYN,JOB OPPORTUNITY SPECIALIST,ACTIVE,42389.00,per Annum,560,12322.99,30,887.44,276.61
2022,69,HRA/DEPT OF SOCIAL SERVICES,2010-02-01T00:00:00.000,BROOKLYN,SOCIAL WORKER,ACTIVE,58741.00,per Annum,1820,58580.08,0,0.00,7061.59
2022,69,HRA/DEPT OF SOCIAL SERVICES,2012-03-05T00:00:00.000,BRONX,JOB OPPORTUNITY SPECIALIST,ACTIVE,48747.00,per Annum,1820,48613.50,3,128.84,3988.59
2022,69,HRA/DEPT OF SOCIAL SERVICES,2021-11-22T00:00:00.000,BROOKLYN,JOB OPPORTUNITY SPECIALIST,ACTIVE,48747.00,per Annum,1050,26176.55,17.5,506.93,8.25
2022,69,HRA/DEPT OF SOCIAL SERVICES,1999-01-19T00:00:00.000,BROOKLYN,SUPERVISOR I,ACTIVE,58986.00,per Annum,1820,58824.48,0,0.00,8856.05
2022,69,HRA/DEPT OF SOCIAL SERVICES,2017-01-23T00:00:00.000,MANHATTAN,CLERICAL ASSOCIATE,ACTIVE,46679.00,per Annum,1820,46551.17,0,0.00,4793.38
2022,69,HRA/DEPT OF SOCIAL SERVICES,2018-08-06T00:00:00.000,BROOKLYN,ELIGIBILITY SPECIALIST,ACTIVE,43410.00,per Annum,1820,43291.04,0,0.00,0.00
2022,69,HRA/DEPT OF SOCIAL SERVICES,2009-08-31T00:00:00.000,BROOKLYN,ADMINISTRATIVE DIRECTOR OF SOCIAL SERVICES,ACTIVE,118000.00,per Annum,1820,113348.72,0,0.00,2064.00
2022,69,HRA/DEPT OF SOCIAL SERVICES,1995-01-30T00:00:00.000,BROOKLYN,FRAUD INVESTIGATOR,CEASED,59133.00,per Annum,490,15876.83,0,0.00,4452.76
2022,69,HRA/DEPT OF SOCIAL SERVICES,2004-02-02T00:00:00.000,BRONX,PRINCIPAL ADMINISTRATIVE ASSOCIATE -  NON SUPVR,ACTIVE,61045.00,per Annum,1820,60877.70,620.75,29901.84,8468.16
2022,69,HRA/DEPT OF SOCIAL SERVICES,1997-05-27T00:00:00.000,BRONX,SUPERVISOR I,ACTIVE,59031.00,per Annum,1820,58869.21,0,0.00,8757.05
2022,69,HRA/DEPT OF SOCIAL SERVICES,2014-11-17T00:00:00.000,BROOKLYN,ELIGIBILITY SPECIALIST,ACTIVE,43410.00,per Annum,1435,32385.03,0,0.00,3301.99
2022,69,HRA/DEPT OF SOCIAL SERVICES,1999-02-16T00:00:00.000,BROOKLYN,COMPUTER SPECIALIST,ACTIVE,106023.00,per Annum,1820,116073.26,14,1099.36,6084.33
2022,69,HRA/DEPT OF SOCIAL SERVICES,2017-01-23T00:00:00.000,MANHATTAN,ADMINISTRATIVE STAFF ANALYST,ACTIVE,154905.00,per Annum,1820,154480.56,0,0.00,1000.00
2022,69,HRA/DEPT OF SOCIAL SERVICES,2022-02-07T00:00:00.000,BRONX,ADMINISTRATIVE DIRECTOR OF SOCIAL SERVICES,ACTIVE,58700.00,per Annum,665,20038.44,0,0.00,0.00
2022,69,HRA/DEPT OF SOCIAL SERVICES,2017-01-23T00:00:00.000,MANHATTAN,STAFF ANALYST,CEASED,80905.00,per Annum,0,11154.03,0,0.00,180.59
2022,69,HRA/DEPT OF SOCIAL SERVICES,2001-09-17T00:00:00.000,MANHATTAN,CASEWORKER,ACTIVE,47748.00,per Annum,1820,47617.18,28,1013.63,8765.30
2022,69,HRA/DEPT OF SOCIAL SERVICES,2014-10-14T00:00:00.000,MANHATTAN,CLERICAL ASSOCIATE,ACTIVE,41848.00,per Annum,1820,41733.38,100.25,3131.37,1820.97
2022,69,HRA/DEPT OF SOCIAL SERVICES,2019-01-22T00:00:00.000,QUEENS,JOB OPPORTUNITY SPECIALIST,ON LEAVE,48747.00,per Annum,1260,33655.50,73.75,2337.04,1878.72
2022,69,HRA/DEPT OF SOCIAL SERVICES,2008-03-24T00:00:00.000,BROOKLYN,PRINCIPAL ADMINISTRATIVE ASSOCIATE -  NON SUPVR,ACTIVE,67499.00,per Annum,1820,56122.50,607.25,24928.67,4495.36
2022,69,HRA/DEPT OF SOCIAL SERVICES,2010-07-26T00:00:00.000,BROOKLYN,JOB OPPORTUNITY SPECIALIST,ACTIVE,48747.00,per Annum,1820,48613.50,254,8575.37,4220.15
2022,69,HRA/DEPT OF SOCIAL SERVICES,2009-07-20T00:00:00.000,BRONX,ELIGIBILITY SPECIALIST,ACTIVE,46371.00,per Annum,1820,46243.86,0,0.00,5121.26
2022,69,HRA/DEPT OF SOCIAL SERVICES,1980-07-28T00:00:00.000,BROOKLYN,FRAUD INVESTIGATOR,CEASED,46641.00,per Annum,0,0.00,0,0.00,3091.13
2022,69,HRA/DEPT OF SOCIAL SERVICES,2013-12-23T00:00:00.000,MANHATTAN,CLERICAL ASSOCIATE,ACTIVE,41848.00,per Annum,1820,41733.38,0,0.00,631.63
2022,69,HRA/DEPT OF SOCIAL SERVICES,1997-07-28T00:00:00.000,QUEENS,ELIGIBILITY SPECIALIST,ACTIVE,45161.00,per Annum,1820,45037.21,1437.75,56714.21,9311.23
2022,69,HRA/DEPT OF SOCIAL SERVICES,1992-08-31T00:00:00.000,MANHATTAN,CLERICAL ASSOCIATE,ON SEPARATION LEAVE,42034.00,per Annum,1820,41918.76,2.75,71.02,5140.06
2022,69,HRA/DEPT OF SOCIAL SERVICES,2015-01-12T00:00:00.000,BROOKLYN,COMPUTER SPECIALIST,ACTIVE,107742.00,per Annum,1820,107446.82,0,0.00,5310.37
2022,69,HRA/DEPT OF SOCIAL SERVICES,2002-09-30T00:00:00.000,QUEENS,PRINCIPAL ADMINISTRATIVE ASSOCIATE -  NON SUPVR,ACTIVE,61066.00,per Annum,1820,60898.76,851.5,44176.25,6062.02
2022,69,HRA/DEPT OF SOCIAL SERVICES,2011-07-25T00:00:00.000,BROOKLYN,ELIGIBILITY SPECIALIST,ACTIVE,43456.00,per Annum,1820,43337.05,908.25,33144.74,5212.18
2022,69,HRA/DEPT OF SOCIAL SERVICES,2010-06-21T00:00:00.000,BROOKLYN,PRINCIPAL ADMINISTRATIVE ASSOCIATE -  NON SUPVR,ACTIVE,61015.00,per Annum,1820,55252.05,136.75,4559.69,870.35
2022,996,NYC HOUSING AUTHORITY,2022-02-07T00:00:00.000,MANHATTAN,COMMUNITY ASSOCIATE,ACTIVE,63794.00,per Annum,700,23245.45,8.75,322.99,0.00
2022,996,NYC HOUSING AUTHORITY,2008-11-12T00:00:00.000,QUEENS,HOUSING ASSISTANT,ACTIVE,63367.00,per Annum,1890,65624.03,51,1768.88,0.00
2022,996,NYC HOUSING AUTHORITY,2005-03-14T00:00:00.000,BRONX,CARETAKER,ACTIVE,46278.00,per Annum,2160,47926.35,59.25,2150.99,1765.02
2022,996,NYC HOUSING AUTHORITY,2021-09-15T00:00:00.000,BRONX,CARETAKER,ACTIVE,32950.00,per Annum,1601.15,26590.09,80.25,2024.86,669.78
2022,996,NYC HOUSING AUTHORITY,2009-10-19T00:00:00.000,MANHATTAN,CITY LABORER,ACTIVE,290.00,per Day,2160,78300.00,492,29951.59,2773.12
2022,996,NYC HOUSING AUTHORITY,2021-09-21T00:00:00.000,MANHATTAN,CARETAKER,ACTIVE,32950.00,per Annum,1523.43,29218.66,47,1292.08,179.50
2022,996,NYC HOUSING AUTHORITY,2021-07-06T00:00:00.000,QUEENS,CITY SEASONAL AIDE,CEASED,40317.00,per Annum,16,309.26,0,0.00,0.00
2022,996,NYC HOUSING AUTHORITY,1991-07-22T00:00:00.000,QUEENS,ADMINISTRATIVE STAFF ANALYST,CEASED,82909.00,per Annum,0,1230.20,0,0.00,128.72
2022,996,NYC HOUSING AUTHORITY,2020-11-18T00:00:00.000,BRONX,CITY PEST CONTROL AIDE,ACTIVE,32950.00,per Annum,1832.68,34004.87,0,0.00,62.75
2022,996,NYC HOUSING AUTHORITY,2014-03-19T00:00:00.000,BROOKLYN,CARETAKER,ACTIVE,46278.00,per Annum,433.37,22920.39,16,641.30,-3191.93
2022,996,NYC HOUSING AUTHORITY,2022-06-06T00:00:00.000,MANHATTAN,CITY SEASONAL AIDE,ACTIVE,40317.00,per Annum,80,2319.61,0,0.00,0.00
2022,996,NYC HOUSING AUTHORITY,2017-06-05T00:00:00.000,BRONX,CARETAKER,ACTIVE,46278.00,per Annum,2160,47926.35,424,14610.12,3706.28
2022,996,NYC HOUSING AUTHORITY,2019-04-15T00:00:00.000,BROOKLYN,CARETAKER,ACTIVE,38557.00,per Annum,2160,37289.09,62,1705.90,2911.69
2022,996,NYC HOUSING AUTHORITY,2014-03-03T00:00:00.000,BROOKLYN,SUPERVISING HOUSING GROUNDSKEEPER,ACTIVE,56899.00,per Annum,2160,58484.37,742.75,31865.90,4646.23
2022,996,NYC HOUSING AUTHORITY,2007-07-16T00:00:00.000,QUEENS,HEATING PLANT TECHNICIAN,ACTIVE,54119.00,per Annum,2160,56046.59,567.5,20262.30,891.14
2022,996,NYC HOUSING AUTHORITY,2012-09-17T00:00:00.000,QUEENS,PAINTER,ACTIVE,315.07,per Day,1890,99000.86,881,66382.75,1751.07
2022,996,NYC HOUSING AUTHORITY,2013-09-03T00:00:00.000,MANHATTAN,ELEVATOR MECHANIC,ACTIVE,472.72,per Day,2160,126130.27,209.5,21091.60,1041.12
2022,996,NYC HOUSING AUTHORITY,2021-02-10T00:00:00.000,BRONX,MAINTENANCE WORKER,ACTIVE,239.84,per Day,2160,64037.28,385.5,17107.54,2725.92
2022,996,NYC HOUSING AUTHORITY,2021-08-03T00:00:00.000,BRONX,CARETAKER,ACTIVE,32950.00,per Annum,1843.43,34532.73,16,410.30,0.00
2022,996,NYC HOUSING AUTHORITY,2022-05-31T00:00:00.000,BRONX,CITY SEASONAL AIDE,ACTIVE,40317.00,per Annum,148.57,2871.90,0,0.00,0.00
2022,996,NYC HOUSING AUTHORITY,2010-10-04T00:00:00.000,MANHATTAN,CITY SECURITY AIDE,ACTIVE,9341.00,Prorated Annual,540,9673.57,0,0.00,0.00
2022,996,NYC HOUSING AUTHORITY,2022-05-24T00:00:00.000,QUEENS,COMMUNITY SERVICE AIDE,ACTIVE,40317.00,Prorated Annual,158.85,3622.88,0,0.00,0.00
2022,996,NYC HOUSING AUTHORITY,2021-07-12T00:00:00.000,BROOKLYN,CITY SEASONAL AIDE,ACTIVE,40317.00,per Annum,2000,36688.58,0,0.00,0.00
2022,996,NYC HOUSING AUTHORITY,2006-09-11T00:00:00.000,QUEENS,CARPENTER,ACTIVE,375.06,per Day,1799,96393.08,241.5,18364.58,500.00
2022,996,NYC HOUSING AUTHORITY,2004-07-26T00:00:00.000,MANHATTAN,HEARING EXAMINER,ACTIVE,128812.00,per Annum,1890,133399.72,0,0.00,0.00
2022,996,NYC HOUSING AUTHORITY,2012-06-11T00:00:00.000,BRONX,MAINTENANCE WORKER,ACTIVE,249.28,per Day,2160,67305.60,239.25,11081.28,1558.80
2022,996,NYC HOUSING AUTHORITY,2017-02-27T00:00:00.000,MANHATTAN,CARETAKER,ACTIVE,46278.00,per Annum,2160,47926.35,682.5,25752.29,7424.78
2022,996,NYC HOUSING AUTHORITY,2021-08-04T00:00:00.000,BROOKLYN,CARETAKER,CEASED,32950.00,per Annum,984,12219.87,21.75,553.31,2104.58
2022,996,NYC HOUSING AUTHORITY,2020-09-03T00:00:00.000,BROOKLYN,COMMUNITY COORDINATOR,ACTIVE,65000.00,per Annum,1890,67315.05,0,0.00,24.75
2022,996,NYC HOUSING AUTHORITY,2001-05-14T00:00:00.000,BROOKLYN,CARETAKER,ACTIVE,46278.00,per Annum,2160,47926.35,100,3437.87,4888.81
2022,996,NYC HOUSING AUTHORITY,2003-01-27T00:00:00.000,BROOKLYN,HOUSING ASSISTANT,ACTIVE,63367.00,per Annum,1890,65624.03,0,0.00,1066.77
2022,996,NYC HOUSING AUTHORITY,2020-09-03T00:00:00.000,MANHATTAN,MASONS HELPER,ACTIVE,282.03,per Day,1890,76148.10,907,49728.39,2145.70
2022,996,NYC HOUSING AUTHORITY,2021-08-04T00:00:00.000,MANHATTAN,CARETAKER,ACTIVE,32950.00,per Annum,1829.72,33990.82,46.75,1205.47,179.50
2022,996,NYC HOUSING AUTHORITY,2021-07-06T00:00:00.000,MANHATTAN,CITY SEASONAL AIDE,CEASED,40317.00,per Annum,384,5257.83,0,0.00,154.64
2022,996,NYC HOUSING AUTHORITY,2019-08-19T00:00:00.000,MANHATTAN,CARETAKER,CEASED,32950.00,per Annum,0,0.00,0,0.00,276.16
2022,996,NYC HOUSING AUTHORITY,1987-11-02T00:00:00.000,MANHATTAN,COMMUNITY COORDINATOR,ACTIVE,72842.00,per Annum,1890,71882.77,0,0.00,1738.51
2022,996,NYC HOUSING AUTHORITY,2012-07-09T00:00:00.000,BROOKLYN,CARETAKER,ACTIVE,46278.00,per Annum,2160,47926.35,474.75,18057.88,5593.79
2022,996,NYC HOUSING AUTHORITY,2022-01-19T00:00:00.000,QUEENS,PLUMBER'S HELPER,ACTIVE,258.65,per Day,791,29227.49,299,22096.12,1108.50
2022,996,NYC HOUSING AUTHORITY,2021-07-06T00:00:00.000,BROOKLYN,CITY SEASONAL AIDE,CEASED,40317.00,per Annum,19.43,1459.49,0,0.00,0.00
2022,996,NYC HOUSING AUTHORITY,2020-12-09T00:00:00.000,QUEENS,CARETAKER,CEASED,32950.00,per Annum,1009.93,18876.96,0,0.00,560.83
2022,996,NYC HOUSING AUTHORITY,2020-02-03T00:00:00.000,BRONX,MAINTENANCE WORKER,ACTIVE,249.28,per Day,2160,65706.04,424,19201.65,643.85
2022,996,NYC HOUSING AUTHORITY,2019-08-12T00:00:00.000,BROOKLYN,CARETAKER,ACTIVE,38557.00,per Annum,2120,38091.33,286,7460.48,3398.27
2022,996,NYC HOUSING AUTHORITY,2019-12-09T00:00:00.000,MANHATTAN,HOUSING ASSISTANT,CEASED,42846.00,per Annum,0,0.00,0,0.00,2958.14
2022,996,NYC HOUSING AUTHORITY,2003-03-24T00:00:00.000,BRONX,HOUSING ASSISTANT,ACTIVE,63367.00,per Annum,1890,65624.03,824.75,39992.21,4027.57
2022,996,NYC HOUSING AUTHORITY,2019-04-15T00:00:00.000,BRONX,CARETAKER,ACTIVE,46278.00,per Annum,2160,37728.43,164.5,5222.01,3665.76
2022,996,NYC HOUSING AUTHORITY,1981-11-18T00:00:00.000,MANHATTAN,SECRETARY,ACTIVE,51473.00,per Annum,1890,53306.37,0,0.00,5334.40
2022,996,NYC HOUSING AUTHORITY,2003-03-03T00:00:00.000,BRONX,ASSISTANT RESIDENT BUILDING SUPT,ACTIVE,76064.00,per Annum,2000,76872.25,408.25,22279.72,2416.75
2022,996,NYC HOUSING AUTHORITY,2020-10-08T00:00:00.000,QUEENS,CARETAKER,ACTIVE,32950.00,per Annum,2160,34123.68,116.75,3016.09,1952.30
2022,996,NYC HOUSING AUTHORITY,2021-10-27T00:00:00.000,BROOKLYN,CITY SEASONAL AIDE,ACTIVE,40317.00,per Annum,1361.15,24791.03,0,0.00,0.00
2022,996,NYC HOUSING AUTHORITY,2021-04-29T00:00:00.000,MANHATTAN,CARETAKER,CEASED,32950.00,per Annum,1.15,-252.65,0,0.00,0.00
2022,996,NYC HOUSING AUTHORITY,1991-04-15T00:00:00.000,MANHATTAN,DEPUTY EXECUTIVE DIRECTOR,ACTIVE,225000.00,per Annum,1890,185291.67,0,0.00,0.00
2022,996,NYC HOUSING AUTHORITY,1994-06-06T00:00:00.000,BROOKLYN,SECRETARY,ACTIVE,41997.00,per Annum,1890,43492.68,0,0.00,5375.65
2022,996,NYC HOUSING AUTHORITY,2021-06-08T00:00:00.000,QUEENS,CITY SEASONAL AIDE,ON LEAVE,40317.00,per Annum,1594.28,24902.73,0,0.00,0.00
2022,996,NYC HOUSING AUTHORITY,2020-12-23T00:00:00.000,BROOKLYN,CARETAKER,CEASED,32950.00,per Annum,1280,17670.07,26.5,631.91,3503.75
2022,996,NYC HOUSING AUTHORITY,2009-12-14T00:00:00.000,BROOKLYN,SUPERVISING HOUSING GROUNDSKEEPER,ACTIVE,65449.00,per Annum,2160,67779.99,430.75,21926.13,1769.91
2022,996,NYC HOUSING AUTHORITY,1993-03-11T00:00:00.000,QUEENS,ASSISTANT ARCHITECT,ACTIVE,79310.00,per Annum,1890,82134.81,0,0.00,9121.68
2022,996,NYC HOUSING AUTHORITY,1978-04-24T00:00:00.000,QUEENS,HEATING PLANT TECHNICIAN,ACTIVE,54119.00,per Annum,2160,55839.01,54.25,2091.15,10840.40
2022,996,NYC HOUSING AUTHORITY,2014-07-21T00:00:00.000,MANHATTAN,PLASTERER,ACTIVE,386.16,per Day,2160,126015.90,608,65119.70,4740.39
2022,996,NYC HOUSING AUTHORITY,2019-11-06T00:00:00.000,QUEENS,INDUSTRIAL HYGIENIST,CEASED,67669.00,per Annum,1015,37634.94,0,0.00,624.59
2022,996,NYC HOUSING AUTHORITY,2006-09-18T00:00:00.000,MANHATTAN,ASSOCIATE STAFF ANALYST,ACTIVE,98258.00,per Annum,1890,115663.32,186.25,18836.71,4333.55
2022,996,NYC HOUSING AUTHORITY,2017-05-30T00:00:00.000,QUEENS,ELECTRICIANS HELPER,CEASED,265.23,per Day,0,0.00,0,0.00,1228.70
2022,996,NYC HOUSING AUTHORITY,2021-06-28T00:00:00.000,MANHATTAN,CITY SEASONAL AIDE,ACTIVE,40317.00,per Annum,2080,36427.63,0,0.00,500.00
2022,996,NYC HOUSING AUTHORITY,2019-05-07T00:00:00.000,BRONX,CARETAKER,ACTIVE,46278.00,per Annum,2160,42156.97,993,29817.02,4315.01
2022,996,NYC HOUSING AUTHORITY,2021-07-06T00:00:00.000,MANHATTAN,CITY SEASONAL AIDE,CEASED,40317.00,per Annum,32,1855.78,0,0.00,0.00
2022,996,NYC HOUSING AUTHORITY,2022-06-13T00:00:00.000,BRONX,CITY SEASONAL AIDE,ACTIVE,40317.00,per Annum,80,1546.41,0,0.00,0.00
2022,996,NYC HOUSING AUTHORITY,2022-06-16T00:00:00.000,QUEENS,CARPENTER,ACTIVE,375.06,per Day,49,2625.37,0,0.00,0.00
2022,996,NYC HOUSING AUTHORITY,1992-05-11T00:00:00.000,QUEENS,SUPERVISOR PAINTER,ACTIVE,360.08,per Day,1890,113138.20,991.5,96187.52,10904.23
2022,996,NYC HOUSING AUTHORITY,2000-07-31T00:00:00.000,RICHMOND,CLERICAL ASSOCIATE,ACTIVE,41907.00,per Annum,1890,43399.53,3,77.27,5834.40
2022,996,NYC HOUSING AUTHORITY,2010-11-01T00:00:00.000,BRONX,MAINTENANCE WORKER,ACTIVE,249.28,per Day,2160,67305.60,145.25,6750.04,693.60
2022,996,NYC HOUSING AUTHORITY,2013-06-10T00:00:00.000,QUEENS,MAINTENANCE WORKER,ACTIVE,249.28,per Day,2160,67305.60,744.25,34509.75,4605.55
2022,996,NYC HOUSING AUTHORITY,2014-11-24T00:00:00.000,BROOKLYN,CARETAKER,CEASED,46278.00,per Annum,488,10750.13,92.75,3275.22,1017.22
2022,996,NYC HOUSING AUTHORITY,1993-05-03T00:00:00.000,QUEENS,PLASTERER,CEASED,374.00,per Day,0,3369.69,0,64.80,1087.62
2022,996,NYC HOUSING AUTHORITY,2020-08-25T00:00:00.000,QUEENS,CITY PEST CONTROL AIDE,ACTIVE,32950.00,per Annum,1890,33609.13,0,0.00,268.00
2022,996,NYC HOUSING AUTHORITY,2021-11-23T00:00:00.000,BRONX,CARETAKER,ACTIVE,32950.00,per Annum,1203.43,18096.71,226.25,5775.77,669.79
2022,996,NYC HOUSING AUTHORITY,1997-11-03T00:00:00.000,MANHATTAN,COMPUTER SPECIALIST,ACTIVE,98297.00,per Annum,1890,101798.10,0,0.00,6305.59
2022,996,NYC HOUSING AUTHORITY,2005-02-28T00:00:00.000,BROOKLYN,CARETAKER,ACTIVE,46278.00,per Annum,2160,47926.35,833.25,29828.39,6852.82
2022,996,NYC HOUSING AUTHORITY,2002-10-28T00:00:00.000,BROOKLYN,SUPERVISOR CARPENTER,ACTIVE,397.60,per Day,1890,107352.00,785.25,66775.50,8003.60
2022,996,NYC HOUSING AUTHORITY,1979-08-13T00:00:00.000,MANHATTAN,*HOUSING CARETAKER,ACTIVE,46278.00,per Annum,2160,47926.35,100.75,3558.25,3070.73
2022,996,NYC HOUSING AUTHORITY,2021-08-09T00:00:00.000,MANHATTAN,CARETAKER,ACTIVE,32950.00,per Annum,1822.85,31982.49,23.25,631.07,500.00
2022,996,NYC HOUSING AUTHORITY,2013-01-22T00:00:00.000,MANHATTAN,PLASTERER,ACTIVE,386.16,per Day,2120,115240.25,569.75,64400.93,5798.50
2022,996,NYC HOUSING AUTHORITY,1998-04-06T00:00:00.000,BROOKLYN,CARETAKER,ACTIVE,46278.00,per Annum,2160,47704.47,26.5,952.11,4506.29
2022,996,NYC HOUSING AUTHORITY,2021-11-04T00:00:00.000,MANHATTAN,CARETAKER,ON LEAVE,32950.00,per Annum,976,13712.62,91.25,2332.60,189.36
2022,996,NYC HOUSING AUTHORITY,2019-06-24T00:00:00.000,MANHATTAN,CARETAKER,ACTIVE,46278.00,per Annum,2160,38879.33,760.5,21514.12,5180.58
2022,996,NYC HOUSING AUTHORITY,2021-05-06T00:00:00.000,BRONX,CARETAKER,CEASED,32950.00,per Annum,-56,-379.05,0,0.00,0.00
2022,996,NYC HOUSING AUTHORITY,2021-06-08T00:00:00.000,QUEENS,CITY SEASONAL AIDE,ACTIVE,40317.00,per Annum,2160,41144.17,0,0.00,500.00
2022,996,NYC HOUSING AUTHORITY,1987-12-14T00:00:00.000,BROOKLYN,SUPERVISOR PLASTERER,ACTIVE,396.40,per Day,2160,129340.14,984.25,107919.54,8167.30
2022,996,NYC HOUSING AUTHORITY,1997-01-29T00:00:00.000,MANHATTAN,COMPUTER SPECIALIST,CEASED,98567.00,per Annum,0,0.00,0,0.00,24429.21
2022,996,NYC HOUSING AUTHORITY,1989-06-05T00:00:00.000,QUEENS,SUPERVISING HOUSING GROUNDSKEEPER,ACTIVE,65449.00,per Annum,2160,67779.99,457.5,23512.20,4122.59
2022,996,NYC HOUSING AUTHORITY,2017-06-12T00:00:00.000,MANHATTAN,COMMUNITY COORDINATOR,ACTIVE,83981.00,per Annum,1890,86972.13,0,0.00,8.25
2022,996,NYC HOUSING AUTHORITY,1996-06-10T00:00:00.000,BROOKLYN,HOUSING ASSISTANT,ACTIVE,63367.00,per Annum,1890,65259.45,336.75,14826.09,3238.35
2022,996,NYC HOUSING AUTHORITY,2021-03-25T00:00:00.000,MANHATTAN,CARETAKER,CEASED,32950.00,per Annum,960,11840.63,112.75,2910.57,4005.95
2022,996,NYC HOUSING AUTHORITY,1983-08-27T00:00:00.000,MANHATTAN,HOUSING ASSISTANT,CEASED,63367.00,per Annum,0,0.00,0,0.00,3235.31
2022,996,NYC HOUSING AUTHORITY,2022-01-20T00:00:00.000,MANHATTAN,COMMUNITY ASSOCIATE,ACTIVE,45500.00,per Annum,769,18081.62,0,0.00,0.00
2022,996,NYC HOUSING AUTHORITY,2021-10-27T00:00:00.000,MANHATTAN,CARETAKER,ACTIVE,32950.00,per Annum,1384,17694.02,48.25,1236.82,110.46
2022,996,NYC HOUSING AUTHORITY,2021-07-06T00:00:00.000,QUEENS,CITY SEASONAL AIDE,CEASED,40317.00,per Annum,672,10882.93,0,0.00,0.00
2022,996,NYC HOUSING AUTHORITY,2016-12-05T00:00:00.000,MANHATTAN,ELEVATOR MECHANIC HELPER,ACTIVE,280.00,per Day,2167.25,76688.95,311.5,18324.75,3950.06
2022,996,NYC HOUSING AUTHORITY,2000-12-26T00:00:00.000,BROOKLYN,CARETAKER,ACTIVE,46278.00,per Annum,2160,41292.25,243,8990.88,1520.88
2022,996,NYC HOUSING AUTHORITY,2018-07-09T00:00:00.000,MANHATTAN,HOUSING ASSISTANT,CEASED,63367.00,per Annum,490,14443.22,0,0.00,1128.46
2022,996,NYC HOUSING AUTHORITY,2020-03-02T00:00:00.000,MANHATTAN,CARETAKER,ACTIVE,38557.00,per Annum,2160,35905.60,285,7227.04,4782.36
2022,996,NYC HOUSING AUTHORITY,2021-06-15T00:00:00.000,MANHATTAN,CITY SEASONAL AIDE,ACTIVE,40317.00,per Annum,1363.43,31546.84,0,0.00,0.00
2022,996,NYC HOUSING AUTHORITY,2017-08-07T00:00:00.000,RICHMOND,SUPERVISING HOUSING GROUNDSKEEPER,ACTIVE,50457.00,per Annum,2160,48407.22,189.5,7073.14,3679.32
2022,996,NYC HOUSING AUTHORITY,2017-11-13T00:00:00.000,MANHATTAN,SPECIAL ASSISTANT TO THE DEPUTY EXECUTIVE DIRECTOR,ACTIVE,120000.00,per Annum,1890,124273.98,0,0.00,0.00
2022,996,NYC HOUSING AUTHORITY,2021-07-13T00:00:00.000,MANHATTAN,HOUSING ASSISTANT,ACTIVE,44183.00,per Annum,1743,42137.25,9,217.66,500.00
2022,996,NYC HOUSING AUTHORITY,2019-10-28T00:00:00.000,MANHATTAN,ECONOMIST,ACTIVE,84862.00,per Annum,1890,87884.46,0,0.00,66.00
2022,996,NYC HOUSING AUTHORITY,2014-05-28T00:00:00.000,MANHATTAN,CARETAKER,ON LEAVE,46278.00,per Annum,2160,32195.11,147,5154.42,1381.21
2022,996,NYC HOUSING AUTHORITY,1988-05-16T00:00:00.000,MANHATTAN,SECRETARY,ACTIVE,54475.00,per Annum,1890,56415.16,0,0.00,5334.40
2022,996,NYC HOUSING AUTHORITY,2000-01-03T00:00:00.000,QUEENS,CONSTRUCTION PROJECT MANAGER,ACTIVE,78501.00,per Annum,1890,81296.99,12,617.27,8611.61
2022,996,NYC HOUSING AUTHORITY,2018-06-26T00:00:00.000,BRONX,CARETAKER,ACTIVE,46278.00,per Annum,1528,31451.04,248.75,8669.59,2540.97
2022,996,NYC HOUSING AUTHORITY,2010-11-29T00:00:00.000,MANHATTAN,CERTIFIED IT ADMINISTRATOR,ACTIVE,119001.00,per Annum,1890,123239.34,0,0.00,5577.22
2022,996,NYC HOUSING AUTHORITY,2019-04-16T00:00:00.000,QUEENS,MAINTENANCE WORKER,ACTIVE,249.28,per Day,2160,67305.60,232.25,10769.71,476.52
2022,996,NYC HOUSING AUTHORITY,2017-06-12T00:00:00.000,MANHATTAN,ELEVATOR MECHANIC HELPER,ACTIVE,280.00,per Day,2160,74865.26,457.5,27325.38,13847.60
2022,996,NYC HOUSING AUTHORITY,2017-08-21T00:00:00.000,BROOKLYN,CARETAKER,ACTIVE,46278.00,per Annum,2160,47926.35,336.5,12477.60,7086.97
2022,996,NYC HOUSING AUTHORITY,2010-06-07T00:00:00.000,MANHATTAN,CLERICAL ASSOCIATE,ACTIVE,39666.00,per Annum,1890,41078.88,0,0.00,1932.80
2022,996,NYC HOUSING AUTHORITY,2016-03-01T00:00:00.000,MANHATTAN,EMERGENCY SERVICE AIDE,ACTIVE,46278.00,per Annum,2160,45768.68,336.5,10401.86,2168.79
2022,996,NYC HOUSING AUTHORITY,1988-04-04T00:00:00.000,MANHATTAN,CARETAKER,ON LEAVE,46278.00,per Annum,2072.25,46151.30,477,18553.54,7255.51
2022,996,NYC HOUSING AUTHORITY,2010-10-12T00:00:00.000,MANHATTAN,QUALITY ASSURANCE SPECIALIST,ACTIVE,64406.00,per Annum,1890,66699.99,0,0.00,310.77
2022,996,NYC HOUSING AUTHORITY,2009-06-15T00:00:00.000,QUEENS,PLUMBER,ACTIVE,369.53,per Day,1890,99773.10,936,98822.94,739.06
2022,996,NYC HOUSING AUTHORITY,1999-01-19T00:00:00.000,BRONX,ASSISTANT HOUSING MANAGER,ACTIVE,77454.00,per Annum,1890,80212.68,463,25115.95,3650.86
2022,996,NYC HOUSING AUTHORITY,2021-06-07T00:00:00.000,BROOKLYN,CARETAKER,ACTIVE,32950.00,per Annum,2120,37353.43,22,520.77,672.60
2022,996,NYC HOUSING AUTHORITY,2020-02-03T00:00:00.000,MANHATTAN,HOUSING EXTERMINATOR,ACTIVE,47353.00,per Annum,2160,45381.95,542.25,16716.56,1109.00
2022,996,NYC HOUSING AUTHORITY,2021-12-30T00:00:00.000,BRONX,CARETAKER,CEASED,32950.00,per Annum,107.42,884.57,0,0.00,1263.84
2022,996,NYC HOUSING AUTHORITY,2014-10-06T00:00:00.000,BROOKLYN,CARETAKER,ACTIVE,46278.00,per Annum,2080,41325.56,85.75,3059.99,1726.67
2022,996,NYC HOUSING AUTHORITY,2017-11-20T00:00:00.000,BRONX,HOUSING ASSISTANT,ACTIVE,63367.00,per Annum,1890,65624.03,47.5,1855.59,0.00
2022,996,NYC HOUSING AUTHORITY,2019-01-28T00:00:00.000,QUEENS,CARETAKER,ACTIVE,46278.00,per Annum,2160,34897.71,99.75,3424.24,3538.83
2022,996,NYC HOUSING AUTHORITY,2018-04-16T00:00:00.000,QUEENS,MAINTENANCE WORKER,ACTIVE,249.28,per Day,2160,67305.60,431,20117.75,4382.13
2022,996,NYC HOUSING AUTHORITY,1993-07-26T00:00:00.000,BRONX,ASSISTANT RESIDENT BUILDING SUPT,ACTIVE,76064.00,per Annum,2095,80264.98,144.75,7958.73,3867.12
2022,996,NYC HOUSING AUTHORITY,2013-07-08T00:00:00.000,BRONX,CARETAKER,CEASED,46278.00,per Annum,0,-5325.15,0,0.00,5325.15
2022,996,NYC HOUSING AUTHORITY,2015-10-19T00:00:00.000,QUEENS,HOUSING ASSISTANT,ACTIVE,63367.00,per Annum,1890,65624.03,0,0.00,45.00
2022,996,NYC HOUSING AUTHORITY,1994-01-03T00:00:00.000,QUEENS,RESIDENT BUILDING SUPERINTENDENT,ACTIVE,93630.00,per Annum,1890,96964.83,1145.5,80862.57,3303.51
2022,996,NYC HOUSING AUTHORITY,2010-09-27T00:00:00.000,MANHATTAN,CERTIFIED IT ADMINISTRATOR,CEASED,119001.00,per Annum,1470,95852.82,485,42526.77,37154.29
2022,996,NYC HOUSING AUTHORITY,2001-01-08T00:00:00.000,MANHATTAN,ADMINISTRATIVE STAFF ANALYST,ACTIVE,84451.00,per Annum,1890,96708.57,6,290.87,5039.82
2022,996,NYC HOUSING AUTHORITY,2022-03-10T00:00:00.000,MANHATTAN,AGENCY ATTORNEY INTERNE,ACTIVE,72760.00,per Annum,539,21489.09,0,0.00,0.00
2022,996,NYC HOUSING AUTHORITY,2018-07-23T00:00:00.000,QUEENS,CARETAKER,ACTIVE,46278.00,per Annum,2160,47080.21,519,17291.01,4990.10
2022,996,NYC HOUSING AUTHORITY,2016-10-17T00:00:00.000,QUEENS,CARPENTER,ACTIVE,375.06,per Day,1890,101266.20,378,27982.29,0.00
2022,996,NYC HOUSING AUTHORITY,2015-11-30T00:00:00.000,QUEENS,HEATING PLANT TECHNICIAN,ACTIVE,54119.00,per Annum,2160,56046.59,487.25,17459.80,2357.38
2022,996,NYC HOUSING AUTHORITY,2009-03-09T00:00:00.000,QUEENS,ASBESTOS HANDLER SUPERVISOR,ACTIVE,89957.00,per Annum,2080,93161.07,1172,75739.53,452.37
2022,996,NYC HOUSING AUTHORITY,1991-05-06T00:00:00.000,BRONX,CARETAKER,ACTIVE,46278.00,per Annum,2160,47926.35,241.5,8918.20,2025.25
2022,996,NYC HOUSING AUTHORITY,1990-01-02T00:00:00.000,MANHATTAN,RESIDENT BUILDING SUPERINTENDENT,ACTIVE,87673.00,per Annum,1708,80641.41,429.25,26379.97,4462.56
2022,996,NYC HOUSING AUTHORITY,1997-05-05T00:00:00.000,BROOKLYN,SUPERVISING HOUSING GROUNDSKEEPER,CEASED,65449.00,per Annum,1786.97,55988.07,214.5,10995.41,19652.52
2022,996,NYC HOUSING AUTHORITY,2012-04-23T00:00:00.000,MANHATTAN,CARETAKER,ON SEPARATION LEAVE,46278.00,per Annum,2160,47926.35,79.5,2846.66,1390.94
2022,996,NYC HOUSING AUTHORITY,1996-11-15T00:00:00.000,MANHATTAN,SUPERVISOR ELECTRICIAN,ON LEAVE,474.04,per Day,1820,122671.22,200.25,20086.89,12884.34
2022,996,NYC HOUSING AUTHORITY,2021-06-28T00:00:00.000,MANHATTAN,CITY SEASONAL AIDE,ON LEAVE,40317.00,per Annum,80,1546.41,0,0.00,0.00
2022,996,NYC HOUSING AUTHORITY,2017-04-03T00:00:00.000,BROOKLYN,HOUSING ASSISTANT,ACTIVE,63367.00,per Annum,1890,56545.13,0,0.00,0.00
2022,996,NYC HOUSING AUTHORITY,2022-05-03T00:00:00.000,BRONX,MAINTENANCE WORKER,ACTIVE,239.84,per Day,312,9354.00,11.75,528.40,34.03
2022,996,NYC HOUSING AUTHORITY,2017-03-13T00:00:00.000,BRONX,CARETAKER,ACTIVE,46278.00,per Annum,2160,44670.33,200.75,7224.17,2985.32
2022,996,NYC HOUSING AUTHORITY,2012-08-20T00:00:00.000,BRONX,MAINTENANCE WORKER,CEASED,249.28,per Day,800,24928.00,55.25,2504.52,3424.52
2022,996,NYC HOUSING AUTHORITY,2012-09-04T00:00:00.000,MANHATTAN,CARETAKER,ACTIVE,46278.00,per Annum,1332.57,26727.09,232.5,8224.14,1975.42
2022,996,NYC HOUSING AUTHORITY,2018-12-03T00:00:00.000,BROOKLYN,CARETAKER,ACTIVE,46278.00,per Annum,2160,41644.93,149.5,5180.64,888.70
2022,996,NYC HOUSING AUTHORITY,2021-09-29T00:00:00.000,QUEENS,PLUMBER'S HELPER,ACTIVE,258.56,per Day,1351,49902.11,240,17729.80,0.00
2022,996,NYC HOUSING AUTHORITY,1989-01-23T00:00:00.000,BROOKLYN,MAINTENANCE WORKER,ACTIVE,249.28,per Day,2160,66557.76,329.25,15210.05,1760.17
2022,996,NYC HOUSING AUTHORITY,1998-11-09T00:00:00.000,BROOKLYN,SUPERVISOR OF HOUSING CARETAKER,ON LEAVE,65449.00,per Annum,2072,64406.43,296.25,14607.83,6021.48
2022,996,NYC HOUSING AUTHORITY,2017-01-30T00:00:00.000,BROOKLYN,HOUSING ASSISTANT,ACTIVE,63367.00,per Annum,1890,65624.03,41,1430.57,0.00
2022,996,NYC HOUSING AUTHORITY,2019-06-17T00:00:00.000,BRONX,CARETAKER,ON LEAVE,38557.00,per Annum,1273.5,23416.13,8,220.93,2233.50
2022,996,NYC HOUSING AUTHORITY,2001-07-02T00:00:00.000,BROOKLYN,HOUSING ASSISTANT,CEASED,63367.00,per Annum,350,7291.55,0,0.00,27721.11
2022,996,NYC HOUSING AUTHORITY,2000-02-07T00:00:00.000,BROOKLYN,CARETAKER,ACTIVE,46278.00,per Annum,2160,47926.35,533,20143.00,5184.93
2022,996,NYC HOUSING AUTHORITY,1994-05-09T00:00:00.000,QUEENS,ASSISTANT RESIDENT BUILDING SUPT,ACTIVE,76064.00,per Annum,2135.98,77605.72,0,0.00,1366.15
2022,996,NYC HOUSING AUTHORITY,1992-02-21T00:00:00.000,BRONX,SECRETARY,ACTIVE,41988.00,per Annum,1890,43483.50,28,735.30,5466.90
2022,996,NYC HOUSING AUTHORITY,2021-06-22T00:00:00.000,QUEENS,COMMUNITY SERVICE AIDE,ACTIVE,40317.00,Prorated Annual,2083.43,40477.37,0,0.00,500.00
2022,996,NYC HOUSING AUTHORITY,2019-08-05T00:00:00.000,QUEENS,CARETAKER,ACTIVE,38557.00,per Annum,2160,39116.14,114.5,3315.89,3404.39
2022,996,NYC HOUSING AUTHORITY,2010-08-09T00:00:00.000,MANHATTAN,PLASTERER,ACTIVE,386.16,per Day,2160,126015.90,790.25,86156.92,5555.80
2022,996,NYC HOUSING AUTHORITY,2022-02-16T00:00:00.000,BRONX,PAINTER,ACTIVE,292.53,per Day,631,27205.33,26.5,1661.18,0.00
2022,996,NYC HOUSING AUTHORITY,2007-04-16T00:00:00.000,MANHATTAN,ASSISTANT HOUSING MANAGER,ACTIVE,77454.00,per Annum,1890,76384.76,0,0.00,395.53
2022,996,NYC HOUSING AUTHORITY,2017-09-18T00:00:00.000,QUEENS,PAINTER,ACTIVE,315.07,per Day,1890,94566.95,368.75,28709.35,1309.27
2022,996,NYC HOUSING AUTHORITY,2009-08-10T00:00:00.000,MANHATTAN,ELEVATOR MECHANIC,ACTIVE,472.72,per Day,2160,130539.74,1165.5,112824.32,6326.45
2022,996,NYC HOUSING AUTHORITY,2001-05-07T00:00:00.000,MANHATTAN,ADMINISTRATIVE STAFF ANALYST,ACTIVE,101529.00,per Annum,1890,123516.53,0,0.00,3173.27
2022,996,NYC HOUSING AUTHORITY,2018-05-29T00:00:00.000,QUEENS,CITY SEASONAL AIDE,CEASED,21593.00,Prorated Annual,0,-823.51,0,0.00,823.51
2022,996,NYC HOUSING AUTHORITY,2007-04-16T00:00:00.000,MANHATTAN,COMPUTER SPECIALIST,ACTIVE,98177.00,per Annum,1890,101673.63,2,113.26,5485.47
2022,996,NYC HOUSING AUTHORITY,1994-08-22T00:00:00.000,BROOKLYN,HOUSING MANAGER,ACTIVE,89063.00,per Annum,1890,89302.70,17.25,841.24,1386.71
2022,996,NYC HOUSING AUTHORITY,2020-01-21T00:00:00.000,BRONX,CARETAKER,ACTIVE,38557.00,per Annum,2160,36520.06,269.25,7594.24,3885.41
2022,996,NYC HOUSING AUTHORITY,2019-04-29T00:00:00.000,MANHATTAN,CARETAKER,ACTIVE,46278.00,per Annum,2160,31706.95,74.25,2247.54,2913.46
2022,996,NYC HOUSING AUTHORITY,1986-05-01T00:00:00.000,MANHATTAN,ADMINISTRATIVE HOUSING SUPERINTENDENT,ACTIVE,117286.00,per Annum,1890,121463.29,0,0.00,500.00
2022,996,NYC HOUSING AUTHORITY,2000-07-31T00:00:00.000,BROOKLYN,HOUSING ASSISTANT,ACTIVE,63367.00,per Annum,1890,65624.03,364.5,14911.12,1352.86
2022,996,NYC HOUSING AUTHORITY,2021-06-14T00:00:00.000,BROOKLYN,CITY SEASONAL AIDE,CEASED,40317.00,per Annum,832,11936.33,0,0.00,500.00
2022,996,NYC HOUSING AUTHORITY,1991-10-07T00:00:00.000,MANHATTAN,CLERICAL ASSOCIATE,CEASED,44177.00,per Annum,1190,27111.36,0,0.00,16216.13
2022,996,NYC HOUSING AUTHORITY,2020-02-24T00:00:00.000,QUEENS,CONSTRUCTION PROJECT MANAGER,ACTIVE,91670.00,per Annum,1890,94934.97,0,0.00,273.81
2022,996,NYC HOUSING AUTHORITY,2021-02-04T00:00:00.000,MANHATTAN,CONTRACT SPECIALIST,ACTIVE,70000.00,per Annum,1890,59835.63,0,0.00,1157.46
2022,996,NYC HOUSING AUTHORITY,2017-10-02T00:00:00.000,QUEENS,PAINTER,ACTIVE,315.07,per Day,1890,97701.59,833.5,63917.83,1936.48
2022,996,NYC HOUSING AUTHORITY,2000-04-17T00:00:00.000,MANHATTAN,COMPUTER SYSTEMS MANAGER,ACTIVE,132642.00,per Annum,1890,137366.28,0,0.00,539.82
2022,996,NYC HOUSING AUTHORITY,2019-11-06T00:00:00.000,MANHATTAN,CARETAKER,ACTIVE,38557.00,per Annum,2160,37529.55,977.25,25786.62,5246.16
2022,996,NYC HOUSING AUTHORITY,2022-05-23T00:00:00.000,BROOKLYN,CITY SEASONAL AIDE,ON LEAVE,40317.00,per Annum,0,773.20,0,0.00,0.00
2022,996,NYC HOUSING AUTHORITY,2009-02-09T00:00:00.000,BRONX,CARPENTER,ACTIVE,375.06,per Day,1890,101266.20,345.5,27821.44,6322.20
2022,996,NYC HOUSING AUTHORITY,2021-04-08T00:00:00.000,MANHATTAN,CARETAKER,ACTIVE,32950.00,per Annum,2160,33286.39,105,2565.34,3177.98
2022,996,NYC HOUSING AUTHORITY,2013-04-01T00:00:00.000,MANHATTAN,MASONS HELPER,ACTIVE,282.03,per Day,1799,75301.77,342.5,18392.59,584.79
2022,996,NYC HOUSING AUTHORITY,2006-12-18T00:00:00.000,MANHATTAN,COMPUTER SYSTEMS MANAGER,ACTIVE,150000.00,per Annum,1890,155342.35,0,0.00,0.00
2022,996,NYC HOUSING AUTHORITY,2022-05-18T00:00:00.000,BROOKLYN,SECRETARY,ACTIVE,36390.00,per Annum,196,3908.18,0,0.00,0.00
2022,996,NYC HOUSING AUTHORITY,2019-11-18T00:00:00.000,QUEENS,STATISTICIAN,ACTIVE,85000.00,per Annum,1890,88027.30,23.5,1407.36,49.50
2022,996,NYC HOUSING AUTHORITY,2021-06-15T00:00:00.000,MANHATTAN,CARETAKER,CEASED,32950.00,per Annum,663,10217.38,9,215.02,379.15
2022,996,NYC HOUSING AUTHORITY,2007-06-04T00:00:00.000,BROOKLYN,MAINTENANCE WORKER,ACTIVE,249.28,per Day,2160,67305.60,631.25,29364.42,2506.46
2022,996,NYC HOUSING AUTHORITY,1994-11-14T00:00:00.000,BROOKLYN,BRICKLAYER,ACTIVE,380.94,per Day,1890,102853.80,1244.25,94119.89,3635.17
2022,996,NYC HOUSING AUTHORITY,2008-06-02T00:00:00.000,BROOKLYN,CARETAKER,ON LEAVE,46278.00,per Annum,1930,29354.84,8,310.29,2329.94
2022,996,NYC HOUSING AUTHORITY,2015-05-11T00:00:00.000,MANHATTAN,MAINTENANCE WORKER,ON LEAVE,249.28,per Day,14.07,2041.27,0,0.00,-270.73
2022,996,NYC HOUSING AUTHORITY,2004-11-22T00:00:00.000,MANHATTAN,BOOKKEEPER,CEASED,49870.00,per Annum,1470,38256.40,0,0.00,8910.18
2022,996,NYC HOUSING AUTHORITY,1985-06-10T00:00:00.000,MANHATTAN,COMPUTER SPECIALIST,ACTIVE,98567.00,per Annum,1890,102077.56,0,0.00,6719.43
2022,996,NYC HOUSING AUTHORITY,1989-02-15T00:00:00.000,QUEENS,MAINTENANCE WORKER,ACTIVE,249.28,per Day,2160,67056.32,615.25,28632.21,3993.05
2022,996,NYC HOUSING AUTHORITY,1989-06-07T00:00:00.000,BROOKLYN,ASSISTANT RESIDENT BUILDING SUPT,ON LEAVE,76064.00,per Annum,2000,72573.32,284.5,15819.87,9060.05
2022,996,NYC HOUSING AUTHORITY,2007-02-13T00:00:00.000,QUEENS,SUPERVISOR PAINTER,ACTIVE,360.08,per Day,1890,112749.70,537.25,46814.81,1025.28
2022,996,NYC HOUSING AUTHORITY,2018-04-16T00:00:00.000,BROOKLYN,CARETAKER,ACTIVE,46278.00,per Annum,2160,44025.80,238.5,7656.22,5608.03
2022,996,NYC HOUSING AUTHORITY,2010-10-18T00:00:00.000,BRONX,SUPERVISOR OF HOUSING CARETAKER,ACTIVE,49044.00,per Annum,2160,49835.97,378,13593.50,5018.47
2022,996,NYC HOUSING AUTHORITY,2019-08-26T00:00:00.000,QUEENS,CARPENTER,ACTIVE,375.06,per Day,1890,101266.20,200,15055.99,500.00
2022,996,NYC HOUSING AUTHORITY,2021-06-21T00:00:00.000,BROOKLYN,CARETAKER,ACTIVE,32950.00,per Annum,2040,37834.92,5.25,124.27,242.21
2022,996,NYC HOUSING AUTHORITY,2016-06-27T00:00:00.000,BRONX,BRICKLAYER,ACTIVE,380.94,per Day,1890,86039.10,878.25,50318.70,3038.70
2022,996,NYC HOUSING AUTHORITY,1995-03-27T00:00:00.000,MANHATTAN,HOUSING ASSISTANT,ACTIVE,63367.00,per Annum,1890,65624.03,23.75,934.10,1386.71
2022,996,NYC HOUSING AUTHORITY,2016-05-31T00:00:00.000,BRONX,PLUMBER,ACTIVE,369.53,per Day,1890,99773.10,1836.25,193871.33,10635.68
2022,996,NYC HOUSING AUTHORITY,2017-08-28T00:00:00.000,QUEENS,PAINTER,ACTIVE,315.07,per Day,1890,96950.82,721,52837.94,1233.22
2022,996,NYC HOUSING AUTHORITY,2020-06-29T00:00:00.000,MANHATTAN,DEPUTY EXECUTIVE DIRECTOR,ACTIVE,235000.00,per Annum,1890,180945.20,0,0.00,0.00
2022,996,NYC HOUSING AUTHORITY,2012-10-29T00:00:00.000,BROOKLYN,MAINTENANCE WORKER,ACTIVE,249.28,per Day,2123,68336.18,334.5,15531.37,-143.89
2022,996,NYC HOUSING AUTHORITY,2021-08-16T00:00:00.000,BRONX,CITY SEASONAL AIDE,CEASED,40317.00,per Annum,120,2319.61,0,0.00,0.00
2022,996,NYC HOUSING AUTHORITY,2020-01-13T00:00:00.000,BRONX,HOUSING ASSISTANT,ACTIVE,44183.00,per Annum,1890,40675.81,10,248.96,8.50
2022,996,NYC HOUSING AUTHORITY,2018-05-07T00:00:00.000,MANHATTAN,CARETAKER,ACTIVE,46278.00,per Annum,2160,45504.96,104.25,3614.95,3959.26
2022,996,NYC HOUSING AUTHORITY,2016-08-15T00:00:00.000,MANHATTAN,CARETAKER,ACTIVE,46278.00,per Annum,1720,38163.57,164.5,6165.05,3982.65
2022,996,NYC HOUSING AUTHORITY,2000-06-05T00:00:00.000,BROOKLYN,SUPERVISOR OF HOUSING CARETAKER,ACTIVE,65449.00,per Annum,2160,61154.48,778.5,35501.03,5010.34
2022,996,NYC HOUSING AUTHORITY,1996-06-10T00:00:00.000,BRONX,CARETAKER,ACTIVE,46278.00,per Annum,2160,47926.35,769.75,29012.58,6934.38
2022,996,NYC HOUSING AUTHORITY,2021-05-24T00:00:00.000,QUEENS,PAINTER,ACTIVE,315.07,per Day,1890,85407.00,240,16223.96,0.00
2022,996,NYC HOUSING AUTHORITY,2021-06-01T00:00:00.000,BRONX,CARETAKER,ACTIVE,32950.00,per Annum,2160,36975.26,148.5,3588.13,1234.66
2022,996,NYC HOUSING AUTHORITY,1998-08-24T00:00:00.000,QUEENS,PAINTER,ACTIVE,315.07,per Day,1890,99000.86,728.75,55749.06,1526.78
2022,996,NYC HOUSING AUTHORITY,2018-08-27T00:00:00.000,MANHATTAN,CARETAKER,ACTIVE,46278.00,per Annum,2192.85,42873.11,163.5,5431.39,4059.28
2022,996,NYC HOUSING AUTHORITY,2015-04-06T00:00:00.000,QUEENS,SECRETARY,ACTIVE,41848.00,per Annum,1887,43155.07,0,0.00,1012.63
2022,996,NYC HOUSING AUTHORITY,2021-06-30T00:00:00.000,BRONX,HOUSING ASSISTANT,CEASED,39098.00,per Annum,1596,32992.34,55.25,1316.10,169.50
2022,996,NYC HOUSING AUTHORITY,2021-04-28T00:00:00.000,BRONX,CARETAKER,ACTIVE,32950.00,per Annum,2160,33444.38,318.25,8303.87,2141.94
2022,996,NYC HOUSING AUTHORITY,2018-12-03T00:00:00.000,QUEENS,CARETAKER,ACTIVE,46278.00,per Annum,2144.07,43794.83,102.5,3621.12,4672.60
2022,996,NYC HOUSING AUTHORITY,1991-11-18T00:00:00.000,MANHATTAN,SUPERVISOR OF HOUSING STOCK WORKERS,CEASED,81437.00,per Annum,707,31548.43,0,0.00,2423.71
2022,996,NYC HOUSING AUTHORITY,2019-06-24T00:00:00.000,BRONX,HOUSING ASSISTANT,CEASED,42846.00,per Annum,0,0.00,0,0.00,1338.21
2022,996,NYC HOUSING AUTHORITY,2000-02-14T00:00:00.000,MANHATTAN,SECRETARY,ACTIVE,41934.00,per Annum,1890,43427.61,0,0.00,5334.40
2022,996,NYC HOUSING AUTHORITY,1988-03-28T00:00:00.000,MANHATTAN,COMPUTER SPECIALIST,ACTIVE,98532.00,per Annum,1890,102041.37,5.5,314.95,6305.59
2022,996,NYC HOUSING AUTHORITY,2020-10-14T00:00:00.000,QUEENS,MAINTENANCE WORKER,CEASED,239.84,per Day,1152,31389.30,57.5,2578.29,54.56
2022,996,NYC HOUSING AUTHORITY,2016-12-12T00:00:00.000,BROOKLYN,CARETAKER,ACTIVE,46278.00,per Annum,2160,47260.71,127,4397.87,5282.21
2022,996,NYC HOUSING AUTHORITY,2002-10-07T00:00:00.000,MANHATTAN,ADMINISTRATIVE STAFF ANALYST,ACTIVE,185890.00,per Annum,1890,192510.81,0,0.00,0.00
2022,996,NYC HOUSING AUTHORITY,2005-02-28T00:00:00.000,MANHATTAN,CARETAKER,ACTIVE,46278.00,per Annum,2160,47926.35,79.5,2908.48,4829.57
2022,996,NYC HOUSING AUTHORITY,2010-11-22T00:00:00.000,QUEENS,SECRETARY,ACTIVE,56000.00,per Annum,1890,57994.65,0,0.00,1929.31
2022,996,NYC HOUSING AUTHORITY,2022-03-08T00:00:00.000,MANHATTAN,HOUSING ASSISTANT,ACTIVE,39098.00,per Annum,553,11847.22,0,0.00,0.00
2022,996,NYC HOUSING AUTHORITY,2020-11-17T00:00:00.000,BROOKLYN,HOUSING ASSISTANT,CEASED,39098.00,per Annum,1085,20620.15,0,0.00,0.00
2022,996,NYC HOUSING AUTHORITY,2007-03-12T00:00:00.000,MANHATTAN,ROOFER,ACTIVE,319.55,per Day,1806,79773.42,3,136.96,98.76
2022,996,NYC HOUSING AUTHORITY,2014-03-24T00:00:00.000,MANHATTAN,SUPERVISING HOUSING GROUNDSKEEPER,ACTIVE,65449.00,per Annum,2160,62439.25,1115.5,48648.48,8578.88
2022,996,NYC HOUSING AUTHORITY,2019-07-29T00:00:00.000,BROOKLYN,CARETAKER,ACTIVE,38557.00,per Annum,1980,35896.07,96.5,2850.68,2737.20
2022,996,NYC HOUSING AUTHORITY,1990-04-02T00:00:00.000,BRONX,RESIDENT BUILDING SUPERINTENDENT,ACTIVE,82048.00,per Annum,2000,82560.29,628,36310.18,4183.69
2022,996,NYC HOUSING AUTHORITY,2019-08-26T00:00:00.000,MANHATTAN,CARETAKER,ACTIVE,38557.00,per Annum,2160,32740.22,126,3406.78,2563.38
2022,996,NYC HOUSING AUTHORITY,2017-10-30T00:00:00.000,RICHMOND,MAINTENANCE WORKER,ACTIVE,249.28,per Day,2160,67305.60,337.5,15661.93,3461.00
2022,996,NYC HOUSING AUTHORITY,2022-04-26T00:00:00.000,MANHATTAN,ASSOCIATE HOUSING DEVELOPMENT SPECIALIST,ACTIVE,97000.00,per Annum,308,16370.41,0,0.00,0.00
2022,996,NYC HOUSING AUTHORITY,2011-01-10T00:00:00.000,BROOKLYN,CARETAKER,ACTIVE,46278.00,per Annum,2160,47926.35,137,5117.35,6221.56
2022,996,NYC HOUSING AUTHORITY,2021-04-08T00:00:00.000,MANHATTAN,COMMUNITY ASSOCIATE,ACTIVE,46509.00,per Annum,1890,48165.57,0,0.00,0.00
2022,996,NYC HOUSING AUTHORITY,2011-03-07T00:00:00.000,BROOKLYN,MASONS HELPER,ON LEAVE,282.03,per Day,1536.5,62046.60,0,0.00,-1424.26
2022,996,NYC HOUSING AUTHORITY,1995-12-12T00:00:00.000,MANHATTAN,ELEVATOR MECHANIC,CEASED,436.48,per Day,0,3474.49,0,0.00,493.21
2022,996,NYC HOUSING AUTHORITY,2008-09-22T00:00:00.000,BROOKLYN,CARPENTER,ACTIVE,375.06,per Day,1736,92747.03,373.25,29281.48,3429.12
2022,996,NYC HOUSING AUTHORITY,2021-03-23T00:00:00.000,QUEENS,MAINTENANCE WORKER,CEASED,239.84,per Day,1466,43443.73,37.5,1675.17,2594.14
2022,996,NYC HOUSING AUTHORITY,2011-02-07T00:00:00.000,BROOKLYN,CARETAKER,ACTIVE,46278.00,per Annum,2160,47926.35,122.25,4434.73,4174.25
2022,996,NYC HOUSING AUTHORITY,2019-02-19T00:00:00.000,BRONX,CARETAKER,ACTIVE,46278.00,per Annum,2160,42616.80,408.5,13075.89,4843.46
2022,996,NYC HOUSING AUTHORITY,2021-06-07T00:00:00.000,BRONX,CARETAKER,ACTIVE,32950.00,per Annum,2160,32458.47,124.75,3227.16,638.08
2022,996,NYC HOUSING AUTHORITY,1998-07-27T00:00:00.000,QUEENS,ADMINISTRATIVE PROJECT MANAGER,ACTIVE,149000.00,per Annum,1890,134197.24,0,0.00,0.00
2022,996,NYC HOUSING AUTHORITY,2022-02-08T00:00:00.000,BRONX,PLUMBER'S HELPER,ACTIVE,258.65,per Day,693,25606.46,145.5,10752.45,0.00
2022,996,NYC HOUSING AUTHORITY,1996-11-04T00:00:00.000,MANHATTAN,ELEVATOR MECHANIC,ACTIVE,472.72,per Day,2160,130539.74,617,59463.31,1399.18
2022,56,POLICE DEPARTMENT,2016-06-16T00:00:00.000,BROOKLYN,SENIOR POLICE ADMINISTRATIVE AIDE,ACTIVE,50518.00,per Annum,1820,50379.68,0,0.00,35.92
2022,56,POLICE DEPARTMENT,2005-01-10T00:00:00.000,BRONX,SERGEANT-,ACTIVE,96281.00,per Annum,2080,99933.63,367.37,16165.59,24795.91
2022,56,POLICE DEPARTMENT,2015-07-08T00:00:00.000,MANHATTAN,POLICE OFFICER,ACTIVE,85292.00,per Annum,2080,85058.22,387.3,14267.11,20165.43
2022,56,POLICE DEPARTMENT,2015-03-31T00:00:00.000,MANHATTAN,TRAFFIC ENFORCEMENT AGENT,ACTIVE,43776.00,per Annum,1200,20983.64,0,0.00,356.79
2022,56,POLICE DEPARTMENT,2016-10-12T00:00:00.000,BROOKLYN,SCHOOL CROSSING GUARD,ACTIVE,15.45,per Hour,997.93,15418.07,0,0.00,1066.65
2022,56,POLICE DEPARTMENT,1998-12-20T00:00:00.000,MANHATTAN,SCHOOL SAFETY AGENT,CEASED,50207.00,per Annum,496,10645.79,0,0.00,113.64
2022,56,POLICE DEPARTMENT,2017-01-04T00:00:00.000,MANHATTAN,POLICE OFFICER,ACTIVE,63125.00,per Annum,2080,62809.15,670.2,19647.91,12686.85
2022,56,POLICE DEPARTMENT,2012-01-09T00:00:00.000,BROOKLYN,P.O. DA DET GR3,ACTIVE,103959.00,per Annum,2080,92934.22,473.83,29567.18,16042.38
2022,56,POLICE DEPARTMENT,2008-07-08T00:00:00.000,BROOKLYN,LIEUTENANT,ACTIVE,123376.00,per Annum,2080,134359.15,97.33,6526.77,23066.53
2022,56,POLICE DEPARTMENT,2015-01-07T00:00:00.000,BROOKLYN,POLICE OFFICER,ACTIVE,85292.00,per Annum,862.85,-701.16,0,0.00,41598.83
2022,56,POLICE DEPARTMENT,2007-01-10T00:00:00.000,QUEENS,SERGEANT-,ACTIVE,118056.00,per Annum,2080,128282.71,362.07,22880.01,22526.81
2022,56,POLICE DEPARTMENT,2014-01-08T00:00:00.000,BROOKLYN,POLICE OFFICER,ACTIVE,85292.00,per Annum,2080,85058.22,618,26057.80,20165.43
2022,56,POLICE DEPARTMENT,2019-09-13T00:00:00.000,RICHMOND,SCHOOL CROSSING GUARD,SEASONAL,15.45,per Hour,935.97,14460.70,0,0.00,844.77
2022,56,POLICE DEPARTMENT,2003-07-16T00:00:00.000,MANHATTAN,ASSOCIATE TRAFFIC ENFORCEMENT AGENT,ACTIVE,51378.00,per Annum,2080,51613.24,244,10361.29,9029.62
2022,56,POLICE DEPARTMENT,2009-02-02T00:00:00.000,BROOKLYN,TRAFFIC ENFORCEMENT AGENT,ACTIVE,47874.00,per Annum,2080,47251.85,30.75,1096.01,3561.48
2022,56,POLICE DEPARTMENT,2013-10-29T00:00:00.000,BRONX,SCHOOL SAFETY AGENT,ACTIVE,50207.00,per Annum,2080,50069.50,347,12515.62,1500.00
2022,56,POLICE DEPARTMENT,2006-07-10T00:00:00.000,QUEENS,SERGEANT-,ACTIVE,118056.00,per Annum,2080,132328.47,36.53,2422.27,30121.11
2022,56,POLICE DEPARTMENT,2014-12-09T00:00:00.000,QUEENS,POLICE ADMINISTRATIVE AIDE,ACTIVE,41848.00,per Annum,1820,41733.38,0,0.00,2378.65
2022,56,POLICE DEPARTMENT,2011-07-06T00:00:00.000,MANHATTAN,POLICE OFFICER,CEASED,85292.00,per Annum,85.72,3505.22,14.25,956.92,2443.21
2022,56,POLICE DEPARTMENT,2006-01-31T00:00:00.000,BROOKLYN,LIEUTENANT,ACTIVE,135511.00,per Annum,2080,132129.03,284.75,16686.82,22475.97
2022,56,POLICE DEPARTMENT,2006-07-10T00:00:00.000,MANHATTAN,LIEUTENANT,ACTIVE,123939.00,per Annum,2080,127560.27,325.33,22082.81,19253.53
2022,56,POLICE DEPARTMENT,2019-01-03T00:00:00.000,BRONX,POLICE OFFICER,ACTIVE,46000.00,per Annum,2080,45838.26,518.58,12965.87,4053.24
2022,56,POLICE DEPARTMENT,2015-07-08T00:00:00.000,BROOKLYN,POLICE OFFICER,ACTIVE,85292.00,per Annum,2080,85058.22,247.92,13358.80,17259.62
2022,56,POLICE DEPARTMENT,2014-12-22T00:00:00.000,BROOKLYN,TRAFFIC ENFORCEMENT AGENT,ACTIVE,43776.00,per Annum,2080,43252.91,107.75,3435.24,2022.75
2022,56,POLICE DEPARTMENT,2008-01-07T00:00:00.000,BRONX,SERGEANT-,ACTIVE,96281.00,per Annum,2080,96054.19,264.47,13357.61,20318.50
2022,56,POLICE DEPARTMENT,2013-07-09T00:00:00.000,MANHATTAN,POLICE OFFICER,ACTIVE,85292.00,per Annum,2080,85058.22,13.5,895.37,13620.50
2022,56,POLICE DEPARTMENT,2008-01-07T00:00:00.000,MANHATTAN,POLICE OFFICER,ACTIVE,85292.00,per Annum,2080,85058.22,523.88,28020.36,16879.01
2022,56,POLICE DEPARTMENT,2008-01-07T00:00:00.000,MANHATTAN,POLICE OFFICER,ACTIVE,85292.00,per Annum,2080,85058.22,473.65,20424.68,20868.31
2022,56,POLICE DEPARTMENT,2010-07-06T00:00:00.000,MANHATTAN,P.O. DA DET GR3,ACTIVE,103959.00,per Annum,2080,93087.65,639.83,35999.57,16318.27
2022,56,POLICE DEPARTMENT,2011-07-06T00:00:00.000,MANHATTAN,P.O. DA DET GR3,ACTIVE,104606.00,per Annum,2080,112720.13,868.45,47688.08,16474.35
2022,56,POLICE DEPARTMENT,2012-01-09T00:00:00.000,BRONX,P.O. DET SPEC,ACTIVE,103959.00,per Annum,2080,101628.51,450.83,28213.38,12629.49
2022,56,POLICE DEPARTMENT,2006-01-09T00:00:00.000,BRONX,POLICE OFFICER,ACTIVE,85292.00,per Annum,2080,85058.22,0,0.00,18901.93
2022,56,POLICE DEPARTMENT,2003-07-01T00:00:00.000,BROOKLYN,LIEUTENANT,ACTIVE,135511.00,per Annum,2080,132164.79,602.42,40010.57,18374.25
2022,56,POLICE DEPARTMENT,2012-02-10T00:00:00.000,BROOKLYN,SCHOOL SAFETY AGENT,ACTIVE,50207.00,per Annum,2080,48385.30,184,6627.95,1503.61
2022,56,POLICE DEPARTMENT,2017-04-12T00:00:00.000,BROOKLYN,POLICE OFFICER,ACTIVE,51000.00,per Annum,2080,49610.89,17,343.27,6125.62
2022,56,POLICE DEPARTMENT,2003-05-05T00:00:00.000,MANHATTAN,TRAFFIC ENFORCEMENT AGENT,ACTIVE,47874.00,per Annum,2080,46829.91,896.25,32069.78,4791.21
2022,56,POLICE DEPARTMENT,2021-09-20T00:00:00.000,QUEENS,MAINTENANCE WORKER,ACTIVE,249.28,per Day,1520,48609.60,251.75,11896.21,1207.24
2022,56,POLICE DEPARTMENT,1990-10-15T00:00:00.000,BROOKLYN,POLICE OFFICER,ACTIVE,85292.00,per Annum,2080,85058.22,116.28,4687.17,23439.73
2022,56,POLICE DEPARTMENT,2006-08-14T00:00:00.000,BROOKLYN,POLICE ADMINISTRATIVE AIDE,ACTIVE,44254.00,per Annum,1820,44132.66,0,0.00,4147.64
2022,56,POLICE DEPARTMENT,2017-01-04T00:00:00.000,MANHATTAN,POLICE OFFICER,ACTIVE,63125.00,per Annum,2080,62809.15,627.07,19245.08,10794.24
2022,56,POLICE DEPARTMENT,1987-10-25T00:00:00.000,QUEENS,PRINCIPAL ADMINISTRATIVE ASSOCIATE -  NON SUPVR,ACTIVE,56789.00,per Annum,1820,56633.46,244,10148.28,3937.71
2022,56,POLICE DEPARTMENT,2019-09-13T00:00:00.000,QUEENS,SCHOOL CROSSING GUARD,SEASONAL,15.45,per Hour,919.23,14202.23,1,15.45,844.77
2022,56,POLICE DEPARTMENT,2003-07-01T00:00:00.000,BROOKLYN,P.O. DA DET GR3,ACTIVE,105062.00,per Annum,2080,113336.55,518.5,29660.16,22772.57
2022,56,POLICE DEPARTMENT,2004-07-01T00:00:00.000,BRONX,POLICE OFFICER,ACTIVE,85292.00,per Annum,2080,85058.22,251.7,12774.49,20318.95
2022,56,POLICE DEPARTMENT,2016-06-08T00:00:00.000,BROOKLYN,POLICE COMMUNICATIONS TECHNICIAN,ACTIVE,53251.00,per Annum,1748.25,53394.33,66.58,2196.83,3895.42
2022,56,POLICE DEPARTMENT,2017-05-31T00:00:00.000,BROOKLYN,TRAFFIC ENFORCEMENT AGENT,ACTIVE,43334.00,per Annum,2080,42996.87,263.5,8273.32,1973.72
2022,56,POLICE DEPARTMENT,2009-01-14T00:00:00.000,MANHATTAN,LIEUTENANT,ACTIVE,135511.00,per Annum,2080,130740.71,64.83,4719.31,17561.95
2022,56,POLICE DEPARTMENT,2007-01-10T00:00:00.000,MANHATTAN,LIEUTENANT,ACTIVE,122892.00,per Annum,2080,135461.56,39.33,4143.85,20444.93
2022,56,POLICE DEPARTMENT,2016-01-06T00:00:00.000,BROOKLYN,POLICE OFFICER,ACTIVE,85292.00,per Annum,2080,84086.53,1017,40612.06,18285.71
2022,56,POLICE DEPARTMENT,2006-07-10T00:00:00.000,MANHATTAN,POLICE OFFICER,ACTIVE,85292.00,per Annum,2080,85058.22,816.4,30661.38,22715.13
2022,56,POLICE DEPARTMENT,2021-07-07T00:00:00.000,BRONX,POLICE OFFICER,ACTIVE,42500.00,per Annum,1920,40404.18,39.5,853.26,3775.23
2022,56,POLICE DEPARTMENT,1997-09-08T00:00:00.000,QUEENS,AUTO MECHANIC,ACTIVE,347.20,per Day,2074.28,79986.20,700,45775.21,1139.69
2022,56,POLICE DEPARTMENT,2010-07-06T00:00:00.000,BRONX,SERGEANT-,ACTIVE,118056.00,per Annum,2080,132456.44,175.78,13005.95,16184.17
2022,56,POLICE DEPARTMENT,2014-01-08T00:00:00.000,BRONX,POLICE OFFICER,ACTIVE,85292.00,per Annum,2080,85058.22,102.75,5702.88,13665.36
2022,56,POLICE DEPARTMENT,2002-07-22T00:00:00.000,QUEENS,POLICE OFFICER,ACTIVE,85292.00,per Annum,2080,85058.22,200.85,11459.43,21625.44
2022,56,POLICE DEPARTMENT,1998-12-20T00:00:00.000,MANHATTAN,SUPERVISOR OF SCHOOL SECURITY,CEASED,58975.00,per Annum,0,0.00,0,0.00,2897.00
2022,56,POLICE DEPARTMENT,2002-07-22T00:00:00.000,BROOKLYN,POLICE OFFICER,ACTIVE,85292.00,per Annum,2080,85058.22,587.4,26444.11,17354.48
2022,56,POLICE DEPARTMENT,2007-01-23T00:00:00.000,QUEENS,POLICE OFFICER,ACTIVE,85292.00,per Annum,2080,85058.22,266.4,11402.49,21788.01
2022,56,POLICE DEPARTMENT,1998-12-20T00:00:00.000,MANHATTAN,SCHOOL SAFETY AGENT,ACTIVE,50207.00,per Annum,2080,50069.50,867.5,35283.33,10586.85
2022,56,POLICE DEPARTMENT,2016-10-11T00:00:00.000,QUEENS,POLICE OFFICER,ACTIVE,85292.00,per Annum,2080,67142.46,116.92,3581.54,15996.54
2022,56,POLICE DEPARTMENT,2004-07-01T00:00:00.000,BRONX,LIEUTENANT,ACTIVE,122892.00,per Annum,2080,135702.51,677.25,48255.64,24622.67
2022,56,POLICE DEPARTMENT,2010-07-06T00:00:00.000,BROOKLYN,P.O. DA DET GR3,ACTIVE,105062.00,per Annum,2080,113334.74,284.63,21677.66,15667.24
2022,56,POLICE DEPARTMENT,2009-08-07T00:00:00.000,BRONX,SCHOOL CROSSING GUARD,ACTIVE,34626.00,per Annum,2080,34531.12,0,0.00,919.52
2022,56,POLICE DEPARTMENT,2018-01-10T00:00:00.000,QUEENS,POLICE OFFICER,ACTIVE,47000.00,per Annum,2080,46816.44,356.1,7841.80,7963.30
2022,56,POLICE DEPARTMENT,2005-07-11T00:00:00.000,BROOKLYN,P.O. DA DET GR3,ACTIVE,105062.00,per Annum,2080,113336.55,218.07,16808.54,19670.79
2022,56,POLICE DEPARTMENT,2011-07-06T00:00:00.000,MANHATTAN,P.O. DA DET GR3,ACTIVE,104606.00,per Annum,2080,112804.51,1116.5,65631.02,15915.50
2022,56,POLICE DEPARTMENT,2010-07-06T00:00:00.000,BRONX,P.O. DA DET GR3,ACTIVE,105062.00,per Annum,2080,113336.16,768.6,47010.95,15609.94
2022,56,POLICE DEPARTMENT,2007-07-09T00:00:00.000,MANHATTAN,SERGEANT-,ACTIVE,105606.00,per Annum,2080,113530.25,442.4,35741.01,12749.43
2022,56,POLICE DEPARTMENT,2010-02-16T00:00:00.000,MANHATTAN,*AGENCY ATTORNEY,ACTIVE,125681.00,per Annum,1820,117531.14,209.25,14472.97,2364.09
2022,56,POLICE DEPARTMENT,2021-10-04T00:00:00.000,MANHATTAN,STAFF ANALYST,ACTIVE,53797.00,per Annum,1295,38173.82,0,0.00,3.68
2022,56,POLICE DEPARTMENT,2018-07-02T00:00:00.000,RICHMOND,POLICE OFFICER,ACTIVE,47000.00,per Annum,2080,46334.20,538.75,10857.26,8111.53
2022,56,POLICE DEPARTMENT,1998-02-23T00:00:00.000,MANHATTAN,COMPUTER SPECIALIST,ACTIVE,94287.00,per Annum,1820,94028.74,0,0.00,6072.06
2022,56,POLICE DEPARTMENT,2021-12-29T00:00:00.000,QUEENS,POLICE CADET,ACTIVE,16.79,per Hour,366.5,6153.54,0,0.00,0.00
2022,56,POLICE DEPARTMENT,2015-01-05T00:00:00.000,MANHATTAN,INTELLIGENCE RESEARCH SPECIALIST-PD,ACTIVE,106599.00,per Annum,1820,106306.98,173.25,12486.17,1075.38
2022,56,POLICE DEPARTMENT,2022-04-13T00:00:00.000,QUEENS,POLICE OFFICER,ACTIVE,42500.00,per Annum,320,7801.38,0,0.00,175.49
2022,56,POLICE DEPARTMENT,2022-03-18T00:00:00.000,BROOKLYN,POLICE ADMINISTRATIVE AIDE,ACTIVE,36390.00,per Annum,462,9212.16,0,0.00,32.72
2022,56,POLICE DEPARTMENT,1997-09-19T00:00:00.000,MANHATTAN,SENIOR POLICE ADMINISTRATIVE AIDE,ACTIVE,57117.00,per Annum,1820,56960.53,0,0.00,6865.70
2022,56,POLICE DEPARTMENT,2016-07-13T00:00:00.000,BRONX,POLICE OFFICER,ACTIVE,85292.00,per Annum,2080,72486.83,800.92,24699.53,14741.14
2022,56,POLICE DEPARTMENT,2009-11-09T00:00:00.000,MANHATTAN,COMPUTER ASSOCIATE,ACTIVE,76587.00,per Annum,1820,76377.08,0,0.00,5274.37
2022,56,POLICE DEPARTMENT,2021-12-29T00:00:00.000,QUEENS,POLICE OFFICER,ACTIVE,42500.00,per Annum,880,20027.43,0,0.00,450.52
2022,56,POLICE DEPARTMENT,2018-01-10T00:00:00.000,BROOKLYN,POLICE OFFICER,ACTIVE,47000.00,per Annum,2080,46816.44,250.33,4669.43,8026.16
2022,56,POLICE DEPARTMENT,2003-07-01T00:00:00.000,QUEENS,SERGEANT-,ACTIVE,118056.00,per Annum,2080,132456.44,64.85,3919.40,31842.43
2022,56,POLICE DEPARTMENT,1998-06-30T00:00:00.000,MANHATTAN,SERGEANT-D/A SPECIAL ASSIGNMENT,CEASED,131564.00,per Annum,0,4265.00,0,1602.80,1736.63
2022,56,POLICE DEPARTMENT,1994-02-28T00:00:00.000,MANHATTAN,POLICE OFFICER D/A DETECTIVE 1ST GR,CEASED,131564.00,per Annum,0,4325.92,0,1094.53,737.28
2022,56,POLICE DEPARTMENT,2001-07-02T00:00:00.000,MANHATTAN,P.O. DA DET GR3,CEASED,102002.00,per Annum,0,3354.61,0,915.76,784.49
2022,56,POLICE DEPARTMENT,1995-04-02T00:00:00.000,BROOKLYN,POLICE COMMUNICATIONS TECHNICIAN,ACTIVE,53401.00,per Annum,1820,52459.84,501.67,20965.92,12813.75
2022,56,POLICE DEPARTMENT,2008-07-08T00:00:00.000,MANHATTAN,SERGEANT-,ACTIVE,118056.00,per Annum,2080,132456.44,218.43,14333.86,26431.14
2022,56,POLICE DEPARTMENT,1994-02-28T00:00:00.000,MANHATTAN,SERGEANT-,CEASED,111821.00,per Annum,0,56.60,0,0.00,26.28
2022,56,POLICE DEPARTMENT,2012-06-19T00:00:00.000,BROOKLYN,SCHOOL SAFETY AGENT,ACTIVE,50207.00,per Annum,2080,50069.50,261.5,9442.57,1644.91
2022,56,POLICE DEPARTMENT,2021-02-24T00:00:00.000,MANHATTAN,POLICE OFFICER,ACTIVE,42500.00,per Annum,1951.42,39763.46,200.33,3774.06,5689.25
2022,56,POLICE DEPARTMENT,2017-01-04T00:00:00.000,BRONX,POLICE OFFICER,ACTIVE,63125.00,per Annum,2080,62809.15,766.18,22008.72,11242.42
2022,56,POLICE DEPARTMENT,2016-01-06T00:00:00.000,BRONX,POLICE OFFICER,ACTIVE,85292.00,per Annum,2080,84086.53,782.73,28284.35,20493.21
2022,56,POLICE DEPARTMENT,2013-10-16T00:00:00.000,BROOKLYN,POLICE COMMUNICATIONS TECHNICIAN,ACTIVE,53251.00,per Annum,1820,53443.56,81,2912.43,7309.12
2022,56,POLICE DEPARTMENT,2015-07-08T00:00:00.000,QUEENS,POLICE OFFICER,ACTIVE,85292.00,per Annum,2080,85058.22,246.03,15196.08,13205.17
2022,56,POLICE DEPARTMENT,2019-10-01T00:00:00.000,QUEENS,SCHOOL SAFETY AGENT,ACTIVE,37136.00,per Annum,2080,36419.33,440.25,11579.27,1891.04
2022,56,POLICE DEPARTMENT,2008-12-30T00:00:00.000,MANHATTAN,SCHOOL SAFETY AGENT,ON LEAVE,50207.00,per Annum,875.75,11452.20,0,0.00,109.52
2022,56,POLICE DEPARTMENT,2013-01-09T00:00:00.000,BROOKLYN,SERGEANT-,ACTIVE,118056.00,per Annum,2080,130377.23,102,7065.07,18119.72
2022,56,POLICE DEPARTMENT,2017-04-12T00:00:00.000,QUEENS,POLICE OFFICER,ACTIVE,51000.00,per Annum,2080,49610.89,246.75,4974.30,9551.46
2022,56,POLICE DEPARTMENT,2016-01-06T00:00:00.000,MANHATTAN,POLICE OFFICER,ACTIVE,85292.00,per Annum,2080,84086.53,260.75,12423.03,20148.75
2022,56,POLICE DEPARTMENT,2016-01-06T00:00:00.000,MANHATTAN,POLICE OFFICER,ACTIVE,85292.00,per Annum,2080,84086.53,424.32,17453.80,16470.92
2022,56,POLICE DEPARTMENT,2017-09-25T00:00:00.000,MANHATTAN,TRAFFIC ENFORCEMENT AGENT,CEASED,42947.00,per Annum,208,4625.87,0,0.00,941.62
2022,56,POLICE DEPARTMENT,1999-07-06T00:00:00.000,MANHATTAN,SERGEANT-,ACTIVE,118056.00,per Annum,2080,130349.84,591.92,48492.53,24211.79
2022,56,POLICE DEPARTMENT,2017-04-12T00:00:00.000,MANHATTAN,POLICE OFFICER,ACTIVE,51000.00,per Annum,2080,49610.89,35.5,768.42,9292.88
2022,56,POLICE DEPARTMENT,2018-10-24T00:00:00.000,MANHATTAN,POLICE OFFICER,ACTIVE,47000.00,per Annum,2080,46027.32,581.5,10829.17,7082.11
2022,56,POLICE DEPARTMENT,2016-08-26T00:00:00.000,BROOKLYN,POLICE COMMUNICATIONS TECHNICIAN,ACTIVE,53251.00,per Annum,1820,53105.00,284.5,10289.02,8378.60
2022,56,POLICE DEPARTMENT,2019-01-03T00:00:00.000,BROOKLYN,POLICE OFFICER,ACTIVE,46000.00,per Annum,2080,45838.26,521.58,9968.11,7548.28
2022,56,POLICE DEPARTMENT,2019-01-03T00:00:00.000,BROOKLYN,POLICE OFFICER,ACTIVE,46000.00,per Annum,2080,45838.26,296.08,7330.23,3460.05
2022,56,POLICE DEPARTMENT,2020-07-31T00:00:00.000,BROOKLYN,POLICE COMMUNICATIONS TECHNICIAN,ACTIVE,40636.00,per Annum,1820,40377.83,172.08,4649.53,3821.26
2022,56,POLICE DEPARTMENT,2014-10-14T00:00:00.000,QUEENS,AUTO MECHANIC,ACTIVE,347.20,per Day,2080,92435.69,248,16586.27,2177.12
2022,56,POLICE DEPARTMENT,2014-07-09T00:00:00.000,MANHATTAN,POLICE OFFICER,ACTIVE,85292.00,per Annum,2080,85058.22,76.25,4932.68,14950.13
2022,56,POLICE DEPARTMENT,2018-10-24T00:00:00.000,QUEENS,POLICE OFFICER,ACTIVE,47000.00,per Annum,2080,46027.32,339.5,6921.34,7584.49
2022,56,POLICE DEPARTMENT,2017-04-12T00:00:00.000,QUEENS,POLICE OFFICER,ACTIVE,51000.00,per Annum,2080,49610.89,168.95,3400.33,9247.42
2022,56,POLICE DEPARTMENT,2001-07-02T00:00:00.000,BRONX,SERGEANT-,ACTIVE,118056.00,per Annum,2080,132456.44,398.75,26821.55,32441.18
2022,56,POLICE DEPARTMENT,2019-10-07T00:00:00.000,BROOKLYN,POLICE OFFICER,ACTIVE,46000.00,per Annum,2080,45076.74,512.42,9695.99,6441.39
2022,56,POLICE DEPARTMENT,2013-01-09T00:00:00.000,MANHATTAN,POLICE OFFICER,ACTIVE,85292.00,per Annum,2051.43,83889.84,229.75,12785.12,13135.75
2022,56,POLICE DEPARTMENT,2019-04-30T00:00:00.000,BROOKLYN,POLICE COMMUNICATIONS TECHNICIAN,ACTIVE,49742.00,per Annum,1678,42224.88,50.5,1734.84,8995.10
2022,56,POLICE DEPARTMENT,2020-11-02T00:00:00.000,BROOKLYN,POLICE OFFICER,ACTIVE,45000.00,per Annum,2080,42712.40,643.83,10972.54,6355.42
2022,56,POLICE DEPARTMENT,2007-07-09T00:00:00.000,MANHATTAN,P.O. DA DET GR3,ACTIVE,105062.00,per Annum,2080,113336.55,671.38,45720.74,14388.32
2022,56,POLICE DEPARTMENT,2020-02-03T00:00:00.000,MANHATTAN,CRIME ANALYST,ON LEAVE,54786.00,per Annum,1610,48331.74,2.5,74.97,0.00
2022,56,POLICE DEPARTMENT,2007-01-10T00:00:00.000,MANHATTAN,P.O. DA DET GR3,ACTIVE,104606.00,per Annum,2080,112716.38,642.75,40527.92,16302.90
2022,56,POLICE DEPARTMENT,2013-12-09T00:00:00.000,MANHATTAN,SCHOOL CROSSING GUARD,ACTIVE,34626.00,per Annum,2080,34531.12,0,0.00,674.25
2022,56,POLICE DEPARTMENT,2014-01-08T00:00:00.000,MANHATTAN,POLICE OFFICER,ACTIVE,85292.00,per Annum,2080,85058.22,343.25,20929.91,13517.38
2022,56,POLICE DEPARTMENT,2017-02-21T00:00:00.000,QUEENS,TRAFFIC ENFORCEMENT AGENT,ACTIVE,43334.00,per Annum,2080,42863.22,168.5,5216.98,1379.16
2022,56,POLICE DEPARTMENT,2017-07-05T00:00:00.000,RICHMOND,POLICE OFFICER,ACTIVE,51000.00,per Annum,2080,48679.41,232.92,4700.04,8687.43
2022,56,POLICE DEPARTMENT,2002-07-01T00:00:00.000,BROOKLYN,POLICE OFFICER D/A DETECTIVE 2ND GR,ACTIVE,118056.00,per Annum,2080,119744.55,778.75,53805.14,23147.56
2022,56,POLICE DEPARTMENT,2018-10-24T00:00:00.000,BRONX,POLICE OFFICER,ACTIVE,47000.00,per Annum,2080,46027.32,303.33,9741.45,3562.83
2022,56,POLICE DEPARTMENT,2006-01-31T00:00:00.000,MANHATTAN,POLICE OFFICER,ACTIVE,85292.00,per Annum,2080,85058.22,422.08,25026.05,17033.68
2022,56,POLICE DEPARTMENT,2008-07-08T00:00:00.000,QUEENS,SERGEANT-,ACTIVE,96477.00,per Annum,2080,106256.42,304.37,16821.19,14636.09
2022,56,POLICE DEPARTMENT,2012-01-09T00:00:00.000,MANHATTAN,POLICE OFFICER,ACTIVE,85292.00,per Annum,2080,85058.22,722.12,35662.47,15056.34
2022,56,POLICE DEPARTMENT,2013-07-09T00:00:00.000,MANHATTAN,POLICE OFFICER,ACTIVE,85292.00,per Annum,2080,85058.22,483,20109.29,19448.35
2022,56,POLICE DEPARTMENT,2020-01-06T00:00:00.000,BRONX,POLICE OFFICER,ACTIVE,45000.00,per Annum,2080,44767.19,537.75,9804.61,7536.85
2022,56,POLICE DEPARTMENT,2014-07-09T00:00:00.000,MANHATTAN,P.O. DA DET GR3,ACTIVE,103959.00,per Annum,2080,92678.51,51.12,2909.57,13659.81
2022,56,POLICE DEPARTMENT,1995-06-30T00:00:00.000,MANHATTAN,SERGEANT-D/A SUPERVISOR DETECTIVE SQUAD,CEASED,131564.00,per Annum,0,8179.96,0,4322.50,3619.36
2022,56,POLICE DEPARTMENT,2000-03-01T00:00:00.000,MANHATTAN,POLICE OFFICER,CEASED,85292.00,per Annum,0,0.00,0,0.00,18627.10
2022,56,POLICE DEPARTMENT,1996-07-18T00:00:00.000,MANHATTAN,POLICE OFFICER,CEASED,85292.00,per Annum,222.88,9114.22,0,0.00,23965.88
2022,56,POLICE DEPARTMENT,1998-08-31T00:00:00.000,MANHATTAN,LIEUTENANT D/A COMMANDER OF DETECTIVE SQUAD,CEASED,144726.00,per Annum,0,0.00,0,0.00,27419.49
2022,56,POLICE DEPARTMENT,1996-07-18T00:00:00.000,MANHATTAN,LIEUTENANT,CEASED,131564.00,per Annum,0,0.00,0,0.00,27776.02
2022,56,POLICE DEPARTMENT,2002-07-01T00:00:00.000,MANHATTAN,SERGEANT-,ACTIVE,118056.00,per Annum,2080,132456.44,596.42,42512.13,27214.09
2022,56,POLICE DEPARTMENT,1996-07-18T00:00:00.000,MANHATTAN,SERGEANT-,CEASED,118056.00,per Annum,234.32,27986.21,20.5,6078.91,36410.25
2022,56,POLICE DEPARTMENT,2018-10-24T00:00:00.000,BRONX,POLICE OFFICER,ACTIVE,47000.00,per Annum,2080,46027.32,595.85,12659.73,6503.58
2022,56,POLICE DEPARTMENT,2000-03-01T00:00:00.000,MANHATTAN,LIEUTENANT,CEASED,131564.00,per Annum,0,0.00,0,0.00,24469.69
2022,56,POLICE DEPARTMENT,2013-04-08T00:00:00.000,MANHATTAN,ADMINISTRATIVE PROJECT MANAGER,CEASED,241116.00,per Annum,980,129475.93,0,0.00,4619.10
2022,56,POLICE DEPARTMENT,2012-01-09T00:00:00.000,BROOKLYN,SERGEANT-,ACTIVE,118056.00,per Annum,2080,125994.25,440.23,30188.09,15126.39
2022,56,POLICE DEPARTMENT,2007-12-10T00:00:00.000,MANHATTAN,TRAFFIC ENFORCEMENT AGENT,ACTIVE,47874.00,per Annum,2080,46513.30,574.75,20521.17,3796.81
2022,56,POLICE DEPARTMENT,2012-07-11T00:00:00.000,MANHATTAN,SERGEANT-,ACTIVE,96017.00,per Annum,2080,88878.09,362.62,22838.64,12160.38
2022,56,POLICE DEPARTMENT,2008-01-07T00:00:00.000,BROOKLYN,LIEUTENANT,ACTIVE,135511.00,per Annum,2080,135139.68,696.75,58965.96,19339.70
2022,56,POLICE DEPARTMENT,2017-04-12T00:00:00.000,BROOKLYN,POLICE OFFICER,ACTIVE,51000.00,per Annum,2080,49610.89,158.78,5015.72,5468.17
2022,56,POLICE DEPARTMENT,1994-07-29T00:00:00.000,QUEENS,CRIMINALIST,ACTIVE,87061.00,per Annum,1820,86822.58,160.25,10652.68,9304.59
2022,56,POLICE DEPARTMENT,2022-04-13T00:00:00.000,QUEENS,POLICE OFFICER,ACTIVE,42500.00,per Annum,320,7801.38,0,0.00,175.49
2022,56,POLICE DEPARTMENT,2021-10-15T00:00:00.000,BROOKLYN,POLICE OFFICER,ACTIVE,42500.00,per Annum,1360,28760.33,87.67,1465.73,1309.42
2022,56,POLICE DEPARTMENT,2021-10-12T00:00:00.000,MANHATTAN,POLICE OFFICER,CEASED,42500.00,per Annum,208.58,5647.40,0,0.00,390.87
2022,56,POLICE DEPARTMENT,2005-07-11T00:00:00.000,RICHMOND,LIEUTENANT,ACTIVE,135511.00,per Annum,2080,135139.68,741.2,48238.01,20726.17
2022,56,POLICE DEPARTMENT,2017-07-05T00:00:00.000,BRONX,POLICE OFFICER,ACTIVE,51000.00,per Annum,2080,48679.41,618.75,11957.65,8187.43
2022,56,POLICE DEPARTMENT,2010-07-06T00:00:00.000,MANHATTAN,POLICE OFFICER,CEASED,85292.00,per Annum,1371.43,56082.49,201.58,8737.53,16273.08
2022,56,POLICE DEPARTMENT,2005-01-10T00:00:00.000,MANHATTAN,P.O. DET SPEC,ACTIVE,104392.00,per Annum,2080,109857.96,750.77,41398.30,20069.04
2022,56,POLICE DEPARTMENT,2005-07-11T00:00:00.000,MANHATTAN,SERGEANT-,CEASED,118056.00,per Annum,0,12817.80,0,2408.80,20490.26
2022,56,POLICE DEPARTMENT,2011-07-06T00:00:00.000,QUEENS,POLICE OFFICER,ACTIVE,85292.00,per Annum,2080,85058.22,284.77,16437.67,15720.86
2022,56,POLICE DEPARTMENT,2020-01-06T00:00:00.000,BROOKLYN,POLICE OFFICER,ACTIVE,45000.00,per Annum,2080,44767.19,413.13,8095.02,7813.27
2022,56,POLICE DEPARTMENT,1991-04-30T00:00:00.000,MANHATTAN,CAPTAIN DETAILED AS ASSISTANT CHIEF,ACTIVE,240511.00,per Annum,2080,239852.08,0,0.00,2764.50
2022,56,POLICE DEPARTMENT,2016-12-22T00:00:00.000,BROOKLYN,POLICE COMMUNICATIONS TECHNICIAN,ACTIVE,53251.00,per Annum,1820,52112.91,140.33,4699.67,9638.71
2022,56,POLICE DEPARTMENT,2014-03-21T00:00:00.000,BROOKLYN,SCHOOL CROSSING GUARD,SEASONAL,15.45,per Hour,907.08,14014.44,0,0.00,775.24
2022,56,POLICE DEPARTMENT,2006-12-21T00:00:00.000,QUEENS,ASSOCIATE TRAFFIC ENFORCEMENT AGENT,ACTIVE,51370.00,per Annum,2080,51601.90,641.75,24685.81,4066.59
2022,56,POLICE DEPARTMENT,2005-01-10T00:00:00.000,MANHATTAN,P.O. DA DET GR3,ACTIVE,105062.00,per Annum,2080,113336.55,191.1,16923.81,20133.03
2022,56,POLICE DEPARTMENT,2020-02-21T00:00:00.000,MANHATTAN,SCHOOL CROSSING GUARD,CEASED,15.45,per Hour,529.6,8182.34,0,0.00,180.40
2022,56,POLICE DEPARTMENT,2019-10-07T00:00:00.000,QUEENS,POLICE OFFICER,ACTIVE,46000.00,per Annum,2080,45076.74,271.33,5646.92,7458.44
2022,56,POLICE DEPARTMENT,2017-01-04T00:00:00.000,QUEENS,POLICE OFFICER,ACTIVE,63125.00,per Annum,2080,62809.15,779.08,22337.52,10411.69
2022,56,POLICE DEPARTMENT,2008-07-08T00:00:00.000,BRONX,SERGEANT-,ACTIVE,97894.00,per Annum,2080,107597.86,76.43,3528.41,24401.26
2022,56,POLICE DEPARTMENT,2002-07-22T00:00:00.000,QUEENS,POLICE OFFICER,ACTIVE,85292.00,per Annum,2080,85058.22,801.48,33115.79,16639.47
2022,56,POLICE DEPARTMENT,2002-07-22T00:00:00.000,MANHATTAN,POLICE OFFICER,ACTIVE,85292.00,per Annum,2080,85058.22,538.2,34124.22,17218.82
2022,56,POLICE DEPARTMENT,2002-07-22T00:00:00.000,BROOKLYN,POLICE OFFICER,ACTIVE,85292.00,per Annum,2080,85058.22,820,30817.24,22672.71
2022,56,POLICE DEPARTMENT,2002-07-01T00:00:00.000,MANHATTAN,SERGEANT-,ACTIVE,118056.00,per Annum,2080,132456.44,556.9,34413.37,38714.51
2022,56,POLICE DEPARTMENT,2002-07-22T00:00:00.000,MANHATTAN,POLICE OFFICER,ACTIVE,85292.00,per Annum,2080,85058.22,1062.75,40593.38,20715.88
2022,56,POLICE DEPARTMENT,2002-07-01T00:00:00.000,MANHATTAN,LIEUTENANT,ON SEPARATION LEAVE,135511.00,per Annum,2080,135139.68,0,0.00,17118.45
2022,56,POLICE DEPARTMENT,2006-01-09T00:00:00.000,MANHATTAN,SERGEANT-,ACTIVE,118056.00,per Annum,2080,132456.44,392.93,23182.26,31842.45
2022,56,POLICE DEPARTMENT,2017-04-12T00:00:00.000,MANHATTAN,POLICE OFFICER,ACTIVE,51000.00,per Annum,2080,49610.89,356.58,8053.94,8174.97
2022,56,POLICE DEPARTMENT,2021-07-09T00:00:00.000,MANHATTAN,POLICE OFFICER,ACTIVE,42500.00,per Annum,1920,40171.31,172.42,3231.25,4402.13
2022,56,POLICE DEPARTMENT,2004-07-01T00:00:00.000,QUEENS,POLICE OFFICER,ACTIVE,85292.00,per Annum,2080,85058.22,193.1,7874.62,19623.17
2022,56,POLICE DEPARTMENT,1982-05-07T00:00:00.000,MANHATTAN,SENIOR POLICE ADMINISTRATIVE AIDE,ACTIVE,54396.00,per Annum,1820,54246.92,0,0.00,10640.38
2022,56,POLICE DEPARTMENT,2007-03-26T00:00:00.000,QUEENS,TRAFFIC ENFORCEMENT AGENT,ACTIVE,48755.00,per Annum,2080,56523.47,422,19462.32,8521.27
2022,56,POLICE DEPARTMENT,1991-04-08T00:00:00.000,MANHATTAN,PRINCIPAL ADMINISTRATIVE ASSOCIATE -  NON SUPVR,ACTIVE,66704.00,per Annum,1820,65194.62,70,3101.41,2345.71
2022,56,POLICE DEPARTMENT,2016-01-06T00:00:00.000,BROOKLYN,POLICE OFFICER,ACTIVE,85292.00,per Annum,2080,84086.53,395.67,17889.55,13293.13
2022,56,POLICE DEPARTMENT,2019-09-16T00:00:00.000,BROOKLYN,TRAFFIC ENFORCEMENT AGENT,ACTIVE,42377.00,per Annum,2080,41051.82,111.5,3394.46,1963.66
2022,56,POLICE DEPARTMENT,1992-06-05T00:00:00.000,MANHATTAN,PRINCIPAL ADMINISTRATIVE ASSOCIATE -  NON SUPVR,ACTIVE,61066.00,per Annum,1820,60898.76,0,0.00,4568.87
2022,56,POLICE DEPARTMENT,2001-05-04T00:00:00.000,BROOKLYN,POLICE ADMINISTRATIVE AIDE,ACTIVE,46831.00,per Annum,1820,46702.76,0,0.00,6629.35
2022,56,POLICE DEPARTMENT,2007-08-27T00:00:00.000,MANHATTAN,CITY LABORER,ACTIVE,290.00,per Day,2080,75400.00,200,11563.78,0.00
2022,56,POLICE DEPARTMENT,1990-08-01T00:00:00.000,MANHATTAN,PRINCIPAL ADMINISTRATIVE ASSOCIATE -  NON SUPVR,ACTIVE,73027.00,per Annum,1820,72827.03,76.25,3319.47,5559.31
2022,56,POLICE DEPARTMENT,2005-01-10T00:00:00.000,MANHATTAN,SERGEANT-,ACTIVE,118056.00,per Annum,2080,132381.51,670.98,41166.13,28877.17
2022,56,POLICE DEPARTMENT,2001-01-22T00:00:00.000,MANHATTAN,SENIOR POLICE ADMINISTRATIVE AIDE,ACTIVE,50578.00,per Annum,1820,50439.48,0,0.00,6972.47
2022,56,POLICE DEPARTMENT,2013-07-09T00:00:00.000,MANHATTAN,P.O. DA DET GR3,ACTIVE,104174.00,per Annum,2080,108724.36,594.87,36040.17,13455.87
2022,56,POLICE DEPARTMENT,2016-09-12T00:00:00.000,QUEENS,AUTO MECHANIC,ACTIVE,347.20,per Day,2080,92480.45,4,265.83,1694.33
2022,56,POLICE DEPARTMENT,2004-02-23T00:00:00.000,QUEENS,CRIMINALIST ASSISTANT DIRECTOR OF LABORATORY,ACTIVE,131368.00,per Annum,1753,137839.84,0,0.00,2516.65
2022,56,POLICE DEPARTMENT,2016-04-06T00:00:00.000,MANHATTAN,POLICE OFFICER,ACTIVE,85292.00,per Annum,2080,78499.24,471.42,18045.91,16097.99
2022,56,POLICE DEPARTMENT,1995-11-01T00:00:00.000,BROOKLYN,SCHOOL CROSSING GUARD,SEASONAL,15.46,per Hour,790.18,12216.24,0,0.00,1702.44
2022,56,POLICE DEPARTMENT,2004-09-21T00:00:00.000,QUEENS,SCHOOL SAFETY AGENT,ACTIVE,50207.00,per Annum,2080,50037.81,245.25,9882.45,8436.01
2022,56,POLICE DEPARTMENT,2008-01-07T00:00:00.000,QUEENS,LIEUTENANT D/A COMMANDER OF DETECTIVE SQUAD,ACTIVE,136690.00,per Annum,2080,135931.03,664.92,44831.97,20266.63
2022,56,POLICE DEPARTMENT,2015-07-08T00:00:00.000,MANHATTAN,POLICE OFFICER,CEASED,85292.00,per Annum,2057.17,84124.27,121.83,5163.43,19483.78
2022,56,POLICE DEPARTMENT,2021-12-29T00:00:00.000,QUEENS,POLICE OFFICER,ACTIVE,42500.00,per Annum,880,20027.43,0,0.00,450.52
2022,56,POLICE DEPARTMENT,2016-07-13T00:00:00.000,MANHATTAN,POLICE OFFICER,ACTIVE,85292.00,per Annum,2080,72486.83,138.83,4577.13,17631.73
2022,56,POLICE DEPARTMENT,2007-01-10T00:00:00.000,RICHMOND,POLICE OFFICER,ACTIVE,85292.00,per Annum,2080,85058.22,364.67,15402.36,21231.17
2022,56,POLICE DEPARTMENT,2021-07-07T00:00:00.000,BROOKLYN,POLICE OFFICER,ACTIVE,42500.00,per Annum,1920,40404.18,210,3863.48,3086.86
2022,56,POLICE DEPARTMENT,2017-07-05T00:00:00.000,RICHMOND,POLICE OFFICER,ACTIVE,51000.00,per Annum,2080,48679.41,157.2,3637.85,7015.01
2022,56,POLICE DEPARTMENT,2002-07-01T00:00:00.000,MANHATTAN,POLICE OFFICER D/A DETECTIVE 2ND GR,ACTIVE,118056.00,per Annum,2080,127354.84,434.07,32881.36,21574.85
2022,56,POLICE DEPARTMENT,1993-08-30T00:00:00.000,BROOKLYN,POLICE OFFICER,ACTIVE,85292.00,per Annum,2080,85058.22,174.42,7452.18,23439.73
2022,56,POLICE DEPARTMENT,2015-02-23T00:00:00.000,QUEENS,CRIMINALIST,ACTIVE,106908.00,per Annum,1820,106615.08,91.75,5931.11,6776.84
2022,56,POLICE DEPARTMENT,2018-06-25T00:00:00.000,MANHATTAN,CRIMINALIST,CEASED,65934.00,per Annum,58,-433.77,0,0.00,433.77
2022,56,POLICE DEPARTMENT,2014-07-09T00:00:00.000,BROOKLYN,POLICE OFFICER,ACTIVE,85292.00,per Annum,2080,85058.22,241.33,14354.85,13768.03
2022,56,POLICE DEPARTMENT,2003-07-14T00:00:00.000,QUEENS,MOTOR VEHICLE OPERATOR,ACTIVE,49927.00,per Annum,1904,45577.09,418.5,16285.02,8077.06
2022,56,POLICE DEPARTMENT,2020-11-02T00:00:00.000,BROOKLYN,POLICE OFFICER,ACTIVE,45000.00,per Annum,2080,42712.40,259.17,4396.51,9287.24
2022,56,POLICE DEPARTMENT,2002-07-22T00:00:00.000,MANHATTAN,P.O. DET SPEC,CEASED,105062.00,per Annum,320,24681.39,19.67,1794.36,4748.77
2022,56,POLICE DEPARTMENT,2006-06-16T00:00:00.000,MANHATTAN,SERGEANT-,ACTIVE,118056.00,per Annum,2080,132110.58,305.48,28087.65,20507.36
2022,56,POLICE DEPARTMENT,2015-06-25T00:00:00.000,RICHMOND,SCHOOL SAFETY AGENT,ACTIVE,40590.00,per Annum,2080,40444.16,347.75,10140.39,1500.00
2022,56,POLICE DEPARTMENT,2000-03-01T00:00:00.000,MANHATTAN,P.O. DA DET GR3,ACTIVE,104174.00,per Annum,2080,104139.22,243.87,11122.19,26524.76
2022,56,POLICE DEPARTMENT,2006-01-09T00:00:00.000,MANHATTAN,P.O. DA DET GR3,ACTIVE,103959.00,per Annum,2080,111245.34,326.05,21721.57,19691.17
2022,56,POLICE DEPARTMENT,2015-10-07T00:00:00.000,BRONX,POLICE OFFICER,ACTIVE,85292.00,per Annum,2080,85058.22,127.53,4682.93,20165.43
2022,56,POLICE DEPARTMENT,2017-07-05T00:00:00.000,MANHATTAN,POLICE OFFICER,ACTIVE,51000.00,per Annum,2080,48679.41,707.42,14460.97,8187.43
2022,56,POLICE DEPARTMENT,2016-09-16T00:00:00.000,MANHATTAN,SCHOOL CROSSING GUARD,ACTIVE,34626.00,per Annum,2080,33601.45,0,0.00,697.08
2022,56,POLICE DEPARTMENT,2019-10-07T00:00:00.000,QUEENS,POLICE OFFICER,ACTIVE,46000.00,per Annum,2080,45076.74,558.72,10092.11,7734.98
2022,56,POLICE DEPARTMENT,2006-07-10T00:00:00.000,MANHATTAN,LIEUTENANT,ACTIVE,135511.00,per Annum,2080,135139.68,387.33,35899.07,18488.19
2022,56,POLICE DEPARTMENT,2003-07-01T00:00:00.000,BRONX,POLICE OFFICER,ACTIVE,85292.00,per Annum,2080,85058.22,139.75,6545.45,15662.86
2022,56,POLICE DEPARTMENT,2003-07-01T00:00:00.000,BRONX,SERGEANT-,ACTIVE,118056.00,per Annum,2080,130349.84,477.08,31745.79,17548.93
2022,56,POLICE DEPARTMENT,2014-07-09T00:00:00.000,BRONX,POLICE OFFICER,ACTIVE,85292.00,per Annum,2080,85058.22,231.48,12425.27,11127.71
2022,56,POLICE DEPARTMENT,2022-04-13T00:00:00.000,QUEENS,POLICE OFFICER,ACTIVE,42500.00,per Annum,320,7801.38,0,0.00,175.49
2022,56,POLICE DEPARTMENT,2004-01-20T00:00:00.000,MANHATTAN,POLICE OFFICER D/A DETECTIVE 2ND GR,ACTIVE,118056.00,per Annum,2080,122058.55,434.08,37171.73,21152.24
2022,56,POLICE DEPARTMENT,2006-07-10T00:00:00.000,BROOKLYN,SERGEANT-,ACTIVE,118056.00,per Annum,2080,131962.21,449,29877.94,31258.84
2022,56,POLICE DEPARTMENT,2014-01-08T00:00:00.000,MANHATTAN,SERGEANT-,ACTIVE,96281.00,per Annum,2080,99933.63,1116.27,49326.00,21104.88
2022,56,POLICE DEPARTMENT,2022-04-13T00:00:00.000,MANHATTAN,POLICE OFFICER,CEASED,42500.00,per Annum,0,1280.82,0,0.00,0.00
2022,56,POLICE DEPARTMENT,2012-07-11T00:00:00.000,BROOKLYN,P.O. DA DET GR3,ACTIVE,104606.00,per Annum,2080,112751.38,898.25,47398.07,15813.04
2022,56,POLICE DEPARTMENT,2014-01-08T00:00:00.000,MANHATTAN,POLICE OFFICER,CEASED,85292.00,per Annum,222.88,9114.22,0,0.00,3513.08
2022,56,POLICE DEPARTMENT,2021-07-07T00:00:00.000,MANHATTAN,POLICE OFFICER,ACTIVE,42500.00,per Annum,1920,40404.18,82.58,1910.53,4659.70
2022,56,POLICE DEPARTMENT,1999-09-17T00:00:00.000,QUEENS,POLICE ADMINISTRATIVE AIDE,ACTIVE,48541.00,per Annum,1820,48408.10,0,0.00,6890.42
2022,56,POLICE DEPARTMENT,2016-01-06T00:00:00.000,BROOKLYN,POLICE OFFICER,ACTIVE,85292.00,per Annum,2080,84086.53,469.33,18097.44,19625.33
2022,56,POLICE DEPARTMENT,2009-01-14T00:00:00.000,QUEENS,SERGEANT-,ACTIVE,96017.00,per Annum,2080,85058.22,506.25,22753.27,22031.45
2022,56,POLICE DEPARTMENT,2010-04-12T00:00:00.000,QUEENS,TRAFFIC ENFORCEMENT AGENT,ACTIVE,45164.00,per Annum,2080,45005.60,449.25,15256.98,3700.06
2022,56,POLICE DEPARTMENT,2017-03-06T00:00:00.000,BROOKLYN,SCHOOL SAFETY AGENT,ACTIVE,39438.00,per Annum,2080,39295.25,0,0.00,1575.55
2022,56,POLICE DEPARTMENT,2003-07-01T00:00:00.000,MANHATTAN,POLICE OFFICER,ACTIVE,85292.00,per Annum,2080,85058.22,456.75,28572.45,15719.91
2022,56,POLICE DEPARTMENT,1998-06-22T00:00:00.000,RICHMOND,SENIOR POLICE ADMINISTRATIVE AIDE,ACTIVE,57117.00,per Annum,1820,56960.53,0,0.00,7924.07
2022,56,POLICE DEPARTMENT,2011-07-06T00:00:00.000,QUEENS,POLICE OFFICER,ACTIVE,85292.00,per Annum,2080,85058.22,819.83,39931.65,17463.11
2022,56,POLICE DEPARTMENT,2005-07-11T00:00:00.000,QUEENS,POLICE OFFICER,ACTIVE,85292.00,per Annum,2080,85058.22,63.37,4337.83,16018.90
2022,56,POLICE DEPARTMENT,2013-07-09T00:00:00.000,BRONX,POLICE OFFICER,ACTIVE,85292.00,per Annum,2080,85058.22,287.92,12765.83,13155.58
2022,56,POLICE DEPARTMENT,1995-06-30T00:00:00.000,MANHATTAN,SERGEANT-,ACTIVE,118056.00,per Annum,2080,132456.44,421.62,37359.44,23318.92
2022,56,POLICE DEPARTMENT,2015-10-07T00:00:00.000,BROOKLYN,POLICE OFFICER,ACTIVE,85292.00,per Annum,2080,85058.22,446.33,16456.80,20165.43
2022,56,POLICE DEPARTMENT,2014-02-14T00:00:00.000,MANHATTAN,POLICE COMMUNICATIONS TECHNICIAN,CEASED,53251.00,per Annum,-100.33,-544.18,0,0.28,595.60
2022,56,POLICE DEPARTMENT,2012-07-11T00:00:00.000,BROOKLYN,SERGEANT-,ACTIVE,96281.00,per Annum,2080,96054.19,316.43,14235.53,17796.33
2022,56,POLICE DEPARTMENT,2015-06-25T00:00:00.000,MANHATTAN,SCHOOL SAFETY AGENT,ACTIVE,41741.00,per Annum,2080,41591.84,0,0.00,1500.00
2022,56,POLICE DEPARTMENT,2019-07-01T00:00:00.000,BRONX,POLICE OFFICER,ACTIVE,46000.00,per Annum,2080,45339.71,958.93,17527.34,8557.67
2022,56,POLICE DEPARTMENT,2017-10-18T00:00:00.000,MANHATTAN,POLICE OFFICER,ACTIVE,51000.00,per Annum,2080,47550.67,783.42,15128.69,6693.61
2022,56,POLICE DEPARTMENT,2004-09-21T00:00:00.000,QUEENS,SCHOOL SAFETY AGENT,ACTIVE,50207.00,per Annum,2080,50069.50,231.75,8447.95,2034.56
2022,56,POLICE DEPARTMENT,2012-02-28T00:00:00.000,MANHATTAN,TRAFFIC ENFORCEMENT AGENT,ACTIVE,44274.00,per Annum,2080,43442.94,308.5,10139.75,4021.79
2022,56,POLICE DEPARTMENT,2013-08-09T00:00:00.000,BROOKLYN,SCHOOL CROSSING GUARD,ACTIVE,34626.00,per Annum,2080,34531.12,0,0.00,751.03
2022,56,POLICE DEPARTMENT,2019-05-31T00:00:00.000,QUEENS,SCHOOL SAFETY AGENT,ACTIVE,37136.00,per Annum,2080,36999.46,42.27,1127.56,1576.48
