fiscal_year,payroll_number,agency_name,agency_start_date,work_location_borough,title_description,leave_status_as_of_june_30,base_salary,pay_basis,regular_hours,regular_gross_paid,ot_hours,total_ot_paid,total_other_pay
2025,67,ADMIN FOR CHILDREN'S SVCS,2011-06-20T00:00:00.000,MANHATTAN,CHILD WELFARE SPECIALIST SUPERVISOR,ACTIVE,101212.00,per Annum,1820,98084.78,0,0.00,4256.69
2025,67,ADMIN FOR CHILDREN'S SVCS,2011-10-24T00:00:00.000,MANHATTAN,CHILD PROTECTIVE SPECIALIST SUPERVISOR,ACTIVE,78315.00,per Annum,1820,104100.30,0,0.00,6024.08
2025,67,ADMIN FOR CHILDREN'S SVCS,2011-10-24T00:00:00.000,QUEENS,CHILD PROTECTIVE SPECIALIST,ACTIVE,70106.00,per Annum,1820,67939.88,135.25,6112.32,8074.92
2025,67,ADMIN FOR CHILDREN'S SVCS,2024-05-06T00:00:00.000,MANHATTAN,COMPUTER ASSOCIATE,ACTIVE,57790.00,per Annum,1750,54648.74,0,0.00,34.00
2025,67,ADMIN FOR CHILDREN'S SVCS,2020-01-24T00:00:00.000,MANHATTAN,CHILD AND FAMILY SPECIALIST,ACTIVE,97593.00,per Annum,1820,94577.64,0,0.00,0.00
2025,67,ADMIN FOR CHILDREN'S SVCS,2023-06-05T00:00:00.000,MANHATTAN,DIRECTOR OF PUBLIC INFORMATION,CEASED,130592.00,per Annum,70,4995.32,0,0.00,0.00
2025,67,ADMIN FOR CHILDREN'S SVCS,2012-10-22T00:00:00.000,BRONX,CHILD PROTECTIVE SPECIALIST SUPERVISOR,ACTIVE,78315.00,per Annum,1820,78700.93,178,8955.14,6900.25
2025,67,ADMIN FOR CHILDREN'S SVCS,2025-04-14T00:00:00.000,QUEENS,YOUTH DEVELOPMENT SPECIALIST,CEASED,51502.00,per Annum,105,2864.34,0,0.00,0.00
2025,67,ADMIN FOR CHILDREN'S SVCS,2016-04-25T00:00:00.000,MANHATTAN,SUPERVISOR I,ACTIVE,68422.00,per Annum,1820,66307.84,800.5,45169.31,5646.63
2025,67,ADMIN FOR CHILDREN'S SVCS,2014-05-05T00:00:00.000,MANHATTAN,ADMINISTRATIVE STAFF ANALYST,ACTIVE,177464.00,per Annum,1820,171387.78,0,0.00,2000.00
2025,67,ADMIN FOR CHILDREN'S SVCS,2023-02-27T00:00:00.000,QUEENS,CHILD PROTECTIVE SPECIALIST,ACTIVE,70106.00,per Annum,1820,65898.39,140.75,5404.44,1106.71
2025,67,ADMIN FOR CHILDREN'S SVCS,2014-02-10T00:00:00.000,MANHATTAN,CHILD PROTECTIVE SPECIALIST,ON LEAVE,70106.00,per Annum,-32,-6196.33,0,0.00,5576.61
2025,67,ADMIN FOR CHILDREN'S SVCS,2016-09-06T00:00:00.000,MANHATTAN,COMMUNITY COORDINATOR,ACTIVE,72298.00,per Annum,1820,85049.29,485,24265.83,919.74
2025,67,ADMIN FOR CHILDREN'S SVCS,2018-05-14T00:00:00.000,MANHATTAN,CITY RESEARCH SCIENTIST,ACTIVE,110120.00,per Annum,1820,106717.99,0,0.00,2687.23
2025,67,ADMIN FOR CHILDREN'S SVCS,2022-05-23T00:00:00.000,QUEENS,CHILD PROTECTIVE SPECIALIST,ACTIVE,68309.00,per Annum,1820,66198.79,249,11133.83,1007.22
2025,67,ADMIN FOR CHILDREN'S SVCS,2024-05-20T00:00:00.000,QUEENS,CHILD PROTECTIVE SPECIALIST,CEASED,57127.00,per Annum,-140,-4147.61,0,0.00,0.00
2025,67,ADMIN FOR CHILDREN'S SVCS,2014-08-04T00:00:00.000,BRONX,CHILD PROTECTIVE SPECIALIST,ACTIVE,70106.00,per Annum,1820,67939.88,128.75,5384.49,9156.96
2025,67,ADMIN FOR CHILDREN'S SVCS,2024-09-09T00:00:00.000,MANHATTAN,CHILD PROTECTIVE SPECIALIST,ACTIVE,64059.00,per Annum,1400,45253.79,214.75,8723.19,115.88
2025,67,ADMIN FOR CHILDREN'S SVCS,2016-06-27T00:00:00.000,MANHATTAN,COMMUNITY COORDINATOR,ACTIVE,72298.00,per Annum,1820,70064.11,0,0.00,493.42
2025,67,ADMIN FOR CHILDREN'S SVCS,2024-01-16T00:00:00.000,MANHATTAN,ADMINISTRATIVE MANAGEMENT AUDITOR,ACTIVE,158508.00,per Annum,1820,153081.16,0,0.00,0.00
2025,67,ADMIN FOR CHILDREN'S SVCS,2015-01-05T00:00:00.000,MANHATTAN,CHILD PROTECTIVE SPECIALIST,ACTIVE,70106.00,per Annum,1820,67939.88,351.7,19175.67,12482.71
2025,67,ADMIN FOR CHILDREN'S SVCS,2019-09-30T00:00:00.000,MANHATTAN,ADMINISTRATIVE BUSINESS PROMOTION COORDINATOR,ACTIVE,119749.00,per Annum,1820,116049.60,0,0.00,8.25
2025,67,ADMIN FOR CHILDREN'S SVCS,2018-02-05T00:00:00.000,MANHATTAN,CHILD PROTECTIVE SPECIALIST,ACTIVE,81347.00,per Annum,1820,78833.33,0,0.00,5067.80
2025,67,ADMIN FOR CHILDREN'S SVCS,2016-11-14T00:00:00.000,RICHMOND,CHILD PROTECTIVE SPECIALIST,ACTIVE,70106.00,per Annum,1820,67939.88,230,10999.36,10579.34
2025,67,ADMIN FOR CHILDREN'S SVCS,2017-10-16T00:00:00.000,BROOKLYN,CHILD PROTECTIVE SPECIALIST,ACTIVE,70106.00,per Annum,1820,67928.10,136,6328.28,9724.96
2025,67,ADMIN FOR CHILDREN'S SVCS,2016-10-11T00:00:00.000,MANHATTAN,PROGRAM EVALUATOR,ACTIVE,88793.00,per Annum,1820,86049.54,24.5,1214.47,14.30
2025,67,ADMIN FOR CHILDREN'S SVCS,2016-08-01T00:00:00.000,MANHATTAN,ADM MANAGER-NON-MGRL,ACTIVE,85190.00,per Annum,1820,83723.78,222.75,11425.83,278.59
2025,67,ADMIN FOR CHILDREN'S SVCS,2016-06-13T00:00:00.000,BRONX,CHILD PROTECTIVE SPECIALIST,ACTIVE,70106.00,per Annum,1820,56351.99,51.5,2087.88,7956.01
2025,67,ADMIN FOR CHILDREN'S SVCS,2021-12-20T00:00:00.000,MANHATTAN,YOUTH DEVELOPMENT SPECIALIST,ACTIVE,61446.00,per Annum,1569,48192.84,0,0.00,1409.59
2025,67,ADMIN FOR CHILDREN'S SVCS,2016-04-11T00:00:00.000,QUEENS,AGENCY ATTORNEY,ACTIVE,122365.00,per Annum,1820,117024.62,0,0.00,9141.09
2025,67,ADMIN FOR CHILDREN'S SVCS,2016-03-21T00:00:00.000,BROOKLYN,CHILD PROTECTIVE SPECIALIST,ACTIVE,70106.00,per Annum,1890,70628.88,49.5,2199.83,6743.23
2025,67,ADMIN FOR CHILDREN'S SVCS,2024-05-20T00:00:00.000,MANHATTAN,YOUTH DEVELOPMENT SPECIALIST,CEASED,51502.00,per Annum,0,-163.37,0,0.00,198.02
2025,67,ADMIN FOR CHILDREN'S SVCS,2023-08-28T00:00:00.000,BROOKLYN,CHILD PROTECTIVE SPECIALIST,ACTIVE,68309.00,per Annum,1680,57978.57,0,0.00,107.25
2025,67,ADMIN FOR CHILDREN'S SVCS,2023-09-25T00:00:00.000,MANHATTAN,CHILD WELFARE SPECIALIST,ACTIVE,64600.00,per Annum,1820,57985.99,288.25,11625.00,5705.59
2025,67,ADMIN FOR CHILDREN'S SVCS,2021-02-22T00:00:00.000,MANHATTAN,DIRECTOR OF HEADSTART PROGRAM,CEASED,200730.00,per Annum,1260,137294.04,0,0.00,500.00
2025,67,ADMIN FOR CHILDREN'S SVCS,2015-01-12T00:00:00.000,MANHATTAN,ADMINISTRATIVE STAFF ANALYST,ACTIVE,120872.00,per Annum,1820,120973.56,0,0.00,621.06
2025,67,ADMIN FOR CHILDREN'S SVCS,2016-09-19T00:00:00.000,MANHATTAN,ASSOCIATE STAFF ANALYST,ACTIVE,91394.00,per Annum,1820,90535.55,0,0.00,0.00
2025,67,ADMIN FOR CHILDREN'S SVCS,2016-06-27T00:00:00.000,MANHATTAN,CONGREG CARE SPEC - ACS,ACTIVE,49657.00,per Annum,1855,47015.72,450,15345.20,4646.17
2025,67,ADMIN FOR CHILDREN'S SVCS,1996-06-23T00:00:00.000,MANHATTAN,CHILD PROTECTIVE SPECIALIST SUPERVISOR,CEASED,99904.00,per Annum,163.43,9103.60,0,0.00,7185.10
2025,67,ADMIN FOR CHILDREN'S SVCS,1996-06-23T00:00:00.000,MANHATTAN,ADM MANAGER-NON-MGRL,ACTIVE,84731.00,per Annum,1820,83258.26,0,0.00,1847.49
2025,67,ADMIN FOR CHILDREN'S SVCS,1996-06-23T00:00:00.000,BRONX,CHILD WELFARE SPECIALIST,ACTIVE,65106.00,per Annum,1820,63071.67,0,0.00,5070.79
2025,67,ADMIN FOR CHILDREN'S SVCS,1996-06-23T00:00:00.000,MANHATTAN,CHILD WELFARE SPECIALIST SUPERVISOR,CEASED,82263.00,per Annum,532,24109.60,0,0.00,2994.07
2025,67,ADMIN FOR CHILDREN'S SVCS,2006-09-04T00:00:00.000,MANHATTAN,ADMINISTRATIVE DIRECTOR OF SOCIAL SERVICES,ACTIVE,108831.00,per Annum,1820,105445.95,354.75,25637.29,3494.68
2025,67,ADMIN FOR CHILDREN'S SVCS,2005-03-21T00:00:00.000,RICHMOND,CHILD PROTECTIVE SPECIALIST SUPERVISOR,ON LEAVE,100154.00,per Annum,1764,90661.43,218.5,14018.08,12100.13
2025,67,ADMIN FOR CHILDREN'S SVCS,2021-09-07T00:00:00.000,MANHATTAN,STAFF NURSE,ACTIVE,106301.00,per Annum,2080,105314.11,0,0.00,18177.69
2025,67,ADMIN FOR CHILDREN'S SVCS,1996-06-23T00:00:00.000,MANHATTAN,CHILD PROTECTIVE SPECIALIST SUPERVISOR,CEASED,97327.00,per Annum,952,50922.84,0,0.00,2640.10
2025,67,ADMIN FOR CHILDREN'S SVCS,1996-06-23T00:00:00.000,MANHATTAN,CHILD WELFARE SPECIALIST,ACTIVE,75996.00,per Annum,1820,73625.93,168.5,7613.36,5413.51
2025,67,ADMIN FOR CHILDREN'S SVCS,2011-07-04T00:00:00.000,BRONX,ADMINISTRATIVE STAFF ANALYST,CEASED,95569.00,per Annum,238,12452.37,0,0.00,2185.00
2025,67,ADMIN FOR CHILDREN'S SVCS,2011-07-04T00:00:00.000,BRONX,COMMUNITY COORDINATOR,ACTIVE,90772.00,per Annum,1820,87945.39,0,0.00,1530.01
2025,67,ADMIN FOR CHILDREN'S SVCS,2016-10-17T00:00:00.000,MANHATTAN,COMMUNITY COORDINATOR,ACTIVE,86878.00,per Annum,1820,84193.45,23,1339.85,0.00
2025,67,ADMIN FOR CHILDREN'S SVCS,1996-06-23T00:00:00.000,MANHATTAN,DIRECTOR OF FIELD OPERATIONS,ACTIVE,129151.00,per Annum,1820,126676.37,0,0.00,0.00
2025,67,ADMIN FOR CHILDREN'S SVCS,1996-06-23T00:00:00.000,MANHATTAN,ARCHITECT,ACTIVE,104917.00,per Annum,1820,101683.99,0,0.00,8666.33
2025,67,ADMIN FOR CHILDREN'S SVCS,2018-04-02T00:00:00.000,MANHATTAN,PROTECTION AGENT,CEASED,75193.00,per Annum,800.6,28980.04,0,9.45,24.75
2025,67,ADMIN FOR CHILDREN'S SVCS,2008-05-19T00:00:00.000,BRONX,CHILD PROTECTIVE SPECIALIST SUPERVISOR,ACTIVE,100076.00,per Annum,1820,96960.52,334.5,22428.66,9613.77
2025,67,ADMIN FOR CHILDREN'S SVCS,2012-10-09T00:00:00.000,BRONX,ADMINISTRATIVE DIRECTOR OF RESIDENTIAL CHILD CARE,ACTIVE,106918.00,per Annum,1820,103615.17,1389.25,112445.97,12543.49
2025,67,ADMIN FOR CHILDREN'S SVCS,2004-07-19T00:00:00.000,MANHATTAN,ADM MANAGER-NON-MGRL,ACTIVE,90193.00,per Annum,1820,88547.10,0,-0.08,3313.97
2025,67,ADMIN FOR CHILDREN'S SVCS,2006-06-19T00:00:00.000,MANHATTAN,CHILD PROTECTIVE SPECIALIST,CEASED,68027.00,per Annum,1295,48378.43,0,0.00,6481.76
2025,67,ADMIN FOR CHILDREN'S SVCS,1999-06-07T00:00:00.000,BRONX,COMMUNITY COORDINATOR,ACTIVE,79683.00,per Annum,1820,74530.59,52,2160.32,1497.01
2025,67,ADMIN FOR CHILDREN'S SVCS,2000-10-02T00:00:00.000,MANHATTAN,PRINCIPAL ADMINISTRATIVE ASSOCIATE -  NON SUPVR,ON LEAVE,61614.00,per Annum,1820,56786.42,0,0.00,4414.98
2025,67,ADMIN FOR CHILDREN'S SVCS,1996-06-23T00:00:00.000,QUEENS,CHILD WELFARE SPECIALIST,ACTIVE,64903.00,per Annum,1820,62875.43,423.75,19393.72,5117.74
2025,67,ADMIN FOR CHILDREN'S SVCS,2019-04-15T00:00:00.000,BRONX,PROTECTION AGENT,ACTIVE,77637.00,per Annum,2080,73507.78,0,0.00,0.00
2025,67,ADMIN FOR CHILDREN'S SVCS,2011-07-04T00:00:00.000,MANHATTAN,YOUTH DEVELOPMENT SPECIALIST,ON SEPARATION LEAVE,69892.00,per Annum,1820,70129.00,304,16267.01,16347.29
2025,67,ADMIN FOR CHILDREN'S SVCS,1996-06-23T00:00:00.000,BROOKLYN,CHILD PROTECTIVE SPECIALIST SUPERVISOR,ACTIVE,78454.00,per Annum,1820,76007.46,0,0.00,9120.44
2025,67,ADMIN FOR CHILDREN'S SVCS,1997-03-10T00:00:00.000,MANHATTAN,ADMINISTRATIVE DIRECTOR OF SOCIAL SERVICES,ACTIVE,98539.00,per Annum,1820,95494.37,0,0.00,699.41
2025,67,ADMIN FOR CHILDREN'S SVCS,1996-06-23T00:00:00.000,MANHATTAN,CHILD PROTECTIVE SPECIALIST SUPERVISOR,ACTIVE,110102.00,per Annum,1246,89444.59,0,0.00,10933.58
2025,67,ADMIN FOR CHILDREN'S SVCS,1997-04-28T00:00:00.000,BRONX,CHILD PROTECTIVE SPECIALIST SUPERVISOR,ACTIVE,100332.00,per Annum,1820,97209.97,0,0.00,9203.44
2025,67,ADMIN FOR CHILDREN'S SVCS,1997-05-12T00:00:00.000,MANHATTAN,ADMINISTRATIVE DIRECTOR OF SOCIAL SERVICES,ACTIVE,125259.00,per Annum,1820,125642.25,296,24091.63,1505.26
2025,67,ADMIN FOR CHILDREN'S SVCS,2009-06-15T00:00:00.000,MANHATTAN,COMMUNITY COORDINATOR,ACTIVE,93944.00,per Annum,1820,91041.53,0,0.00,1499.20
2025,67,ADMIN FOR CHILDREN'S SVCS,1997-06-30T00:00:00.000,QUEENS,CHILD PROTECTIVE SPECIALIST,CEASED,64076.00,per Annum,0,0.00,0,0.00,3826.97
2025,67,ADMIN FOR CHILDREN'S SVCS,1997-09-15T00:00:00.000,BRONX,CHILD PROTECTIVE SPECIALIST SUPERVISOR,ACTIVE,100229.00,per Annum,1820,97110.05,153.5,9528.30,9308.54
2025,67,ADMIN FOR CHILDREN'S SVCS,2006-09-04T00:00:00.000,MANHATTAN,ASSOCIATE STAFF ANALYST,CEASED,93134.00,per Annum,1400,70779.99,0,0.00,5343.80
2025,67,ADMIN FOR CHILDREN'S SVCS,2023-10-10T00:00:00.000,MANHATTAN,PRINCIPAL ADMINISTRATIVE ASSOCIATE -  NON SUPVR,ACTIVE,53370.00,per Annum,1820,52451.59,0,0.00,8.25
2025,67,ADMIN FOR CHILDREN'S SVCS,1998-06-01T00:00:00.000,MANHATTAN,DIRECTOR OF FIELD OPERATIONS,ON LEAVE,140106.00,per Annum,1629,121649.27,0,0.00,0.00
2025,67,ADMIN FOR CHILDREN'S SVCS,1999-04-26T00:00:00.000,BROOKLYN,DIRECTOR OF FIELD OPERATIONS,ACTIVE,140106.00,per Annum,1820,135851.02,0,0.00,0.00
2025,67,ADMIN FOR CHILDREN'S SVCS,2011-07-04T00:00:00.000,MANHATTAN,YOUTH DEVELOPMENT SPECIALIST,ACTIVE,69892.00,per Annum,1820,72507.47,328.5,17792.45,11132.72
2025,67,ADMIN FOR CHILDREN'S SVCS,2024-12-02T00:00:00.000,QUEENS,CHILD PROTECTIVE SPECIALIST,ACTIVE,58984.00,per Annum,980,30190.68,78.75,3139.33,43.16
2025,67,ADMIN FOR CHILDREN'S SVCS,1999-09-13T00:00:00.000,QUEENS,CHILD PROTECTIVE SPECIALIST SUPERVISOR,ACTIVE,100278.00,per Annum,1820,97157.01,522.5,37109.47,8232.81
2025,67,ADMIN FOR CHILDREN'S SVCS,2011-07-04T00:00:00.000,MANHATTAN,YOUTH DEVELOPMENT SPECIALIST,ACTIVE,69892.00,per Annum,1820,64477.46,519.25,27454.94,10310.34
2025,67,ADMIN FOR CHILDREN'S SVCS,2019-06-10T00:00:00.000,MANHATTAN,ADM MANAGER-NON-MGRL,ACTIVE,88507.00,per Annum,1820,86969.19,0,0.00,1847.49
2025,67,ADMIN FOR CHILDREN'S SVCS,2011-07-04T00:00:00.000,MANHATTAN,SUPERVISING SPECIAL OFFICER,ON LEAVE,62910.00,per Annum,488,14287.03,0,0.00,117.00
2025,67,ADMIN FOR CHILDREN'S SVCS,2000-07-10T00:00:00.000,MANHATTAN,ADMINISTRATIVE DIRECTOR OF SOCIAL SERVICES,ACTIVE,114495.00,per Annum,1820,110935.16,0,0.00,1497.01
2025,67,ADMIN FOR CHILDREN'S SVCS,2011-07-04T00:00:00.000,BROOKLYN,YOUTH DEVELOPMENT SPECIALIST,ACTIVE,69892.00,per Annum,980,15369.81,79.75,3223.73,1337.91
2025,67,ADMIN FOR CHILDREN'S SVCS,2001-01-08T00:00:00.000,RICHMOND,CHILD PROTECTIVE SPECIALIST,ACTIVE,70264.00,per Annum,1820,68070.52,312,16346.39,15813.52
2025,67,ADMIN FOR CHILDREN'S SVCS,2002-06-17T00:00:00.000,MANHATTAN,CHILD WELFARE SPECIALIST SUPERVISOR,ACTIVE,102026.00,per Annum,1820,98851.13,1.25,83.84,5054.29
2025,67,ADMIN FOR CHILDREN'S SVCS,2001-07-23T00:00:00.000,BROOKLYN,CHILD PROTECTIVE SPECIALIST SUPERVISOR,ACTIVE,100229.00,per Annum,1820,97110.05,53.5,2991.23,9127.43
2025,67,ADMIN FOR CHILDREN'S SVCS,2019-11-18T00:00:00.000,MANHATTAN,PROGRAM EVALUATOR,ACTIVE,89184.00,per Annum,1820,86428.81,0,0.00,0.00
2025,67,ADMIN FOR CHILDREN'S SVCS,2001-08-27T00:00:00.000,MANHATTAN,CHILD WELFARE SPECIALIST SUPERVISOR,ACTIVE,94406.00,per Annum,1820,91466.65,385.75,26704.59,5372.41
2025,67,ADMIN FOR CHILDREN'S SVCS,2001-09-10T00:00:00.000,BRONX,CHILD PROTECTIVE SPECIALIST SUPERVISOR,ACTIVE,100182.00,per Annum,1820,97063.95,84.75,4931.11,7638.68
2025,67,ADMIN FOR CHILDREN'S SVCS,2013-01-07T00:00:00.000,MANHATTAN,CHILD WELFARE SPECIALIST,ACTIVE,70719.00,per Annum,1820,68534.13,686,35089.77,4913.33
2025,67,ADMIN FOR CHILDREN'S SVCS,2002-08-12T00:00:00.000,BRONX,CHILD PROTECTIVE SPECIALIST SUPERVISOR,ACTIVE,78472.00,per Annum,1820,94404.87,388.5,29320.23,9627.23
2025,67,ADMIN FOR CHILDREN'S SVCS,2002-08-26T00:00:00.000,MANHATTAN,AGENCY ATTORNEY,ACTIVE,122365.00,per Annum,1820,119343.47,201.75,16796.40,22486.08
2025,67,ADMIN FOR CHILDREN'S SVCS,2011-07-04T00:00:00.000,BROOKLYN,ADMINISTRATIVE DIRECTOR OF RESIDENTIAL CHILD CARE,ACTIVE,84965.00,per Annum,1589,78236.95,155.25,8994.20,1939.34
2025,67,ADMIN FOR CHILDREN'S SVCS,2022-03-28T00:00:00.000,MANHATTAN,STAFF ANALYST,ACTIVE,89160.00,per Annum,1820,88307.40,134.25,8629.89,2597.33
2025,67,ADMIN FOR CHILDREN'S SVCS,2023-07-10T00:00:00.000,MANHATTAN,PRINCIPAL ADMINISTRATIVE ASSOCIATE -  NON SUPVR,ACTIVE,75660.00,per Annum,1820,74343.31,0,0.00,4717.08
2025,67,ADMIN FOR CHILDREN'S SVCS,2004-11-01T00:00:00.000,MANHATTAN,DIRECTOR OF FIELD OPERATIONS,ACTIVE,119985.00,per Annum,1820,114277.78,0,0.00,528.00
2025,67,ADMIN FOR CHILDREN'S SVCS,2004-03-01T00:00:00.000,BRONX,CHILD PROTECTIVE SPECIALIST,ACTIVE,70106.00,per Annum,1820,67939.88,0,0.00,4264.94
2025,67,ADMIN FOR CHILDREN'S SVCS,2004-04-05T00:00:00.000,MANHATTAN,ADMINISTRATIVE DIRECTOR OF SOCIAL SERVICES,ACTIVE,97472.00,per Annum,1820,94460.75,0,0.00,757.41
2025,67,ADMIN FOR CHILDREN'S SVCS,2008-04-14T00:00:00.000,BROOKLYN,CHILD PROTECTIVE SPECIALIST,ACTIVE,70132.00,per Annum,1820,67941.30,0,0.00,7607.57
2025,67,ADMIN FOR CHILDREN'S SVCS,2023-01-02T00:00:00.000,MANHATTAN,ADMINISTRATIVE STAFF ANALYST,ACTIVE,209155.00,per Annum,1820,201993.35,0,0.00,0.00
2025,67,ADMIN FOR CHILDREN'S SVCS,2004-11-01T00:00:00.000,MANHATTAN,ADMINISTRATIVE DIRECTOR OF SOCIAL SERVICES,ACTIVE,104637.00,per Annum,1820,101403.87,0,0.00,699.41
2025,67,ADMIN FOR CHILDREN'S SVCS,2005-03-07T00:00:00.000,MANHATTAN,ADMINISTRATIVE DIRECTOR OF SOCIAL SERVICES,ACTIVE,139335.00,per Annum,1820,131593.44,0,0.00,699.41
2025,67,ADMIN FOR CHILDREN'S SVCS,2018-09-10T00:00:00.000,MANHATTAN,CONGREG CARE SPEC - ACS,ACTIVE,49657.00,per Annum,1820,48122.83,394.25,13561.78,4464.93
2025,67,ADMIN FOR CHILDREN'S SVCS,2019-07-22T00:00:00.000,BROOKLYN,CHILD PROTECTIVE SPECIALIST,ACTIVE,70106.00,per Annum,1820,67939.88,34.75,1333.53,9174.35
2025,67,ADMIN FOR CHILDREN'S SVCS,2014-09-29T00:00:00.000,MANHATTAN,SUPERVISOR I,ACTIVE,68422.00,per Annum,1820,66307.84,82.25,3730.20,4787.70
2025,67,ADMIN FOR CHILDREN'S SVCS,2022-10-24T00:00:00.000,MANHATTAN,STAFF ANALYST,ACTIVE,69631.00,per Annum,1820,65802.69,55.25,2201.13,33.88
2025,67,ADMIN FOR CHILDREN'S SVCS,2017-02-06T00:00:00.000,RICHMOND,CHILD PROTECTIVE SPECIALIST,ACTIVE,70106.00,per Annum,1820,67939.88,285.25,12829.55,6879.46
2025,67,ADMIN FOR CHILDREN'S SVCS,2005-07-25T00:00:00.000,MANHATTAN,ADMINISTRATIVE STAFF ANALYST,ACTIVE,101236.00,per Annum,1820,100267.71,0,0.00,2662.37
2025,67,ADMIN FOR CHILDREN'S SVCS,2005-08-01T00:00:00.000,BRONX,CHILD WELFARE SPECIALIST,ACTIVE,68412.00,per Annum,1820,66275.39,44,1716.90,5062.54
2025,67,ADMIN FOR CHILDREN'S SVCS,2024-04-15T00:00:00.000,BROOKLYN,YOUTH DEVELOPMENT SPECIALIST,ACTIVE,57310.00,per Annum,1875.85,51736.57,1093.5,43537.13,7172.19
2025,67,ADMIN FOR CHILDREN'S SVCS,2008-02-11T00:00:00.000,RICHMOND,CHILD PROTECTIVE SPECIALIST,ACTIVE,70132.00,per Annum,1820,67941.30,293.75,14876.93,10057.76
2025,67,ADMIN FOR CHILDREN'S SVCS,2011-07-04T00:00:00.000,BRONX,SUPERVISING SPECIAL OFFICER,ACTIVE,72277.00,per Annum,2000,69638.58,438.75,22438.91,3798.89
2025,67,ADMIN FOR CHILDREN'S SVCS,2024-12-09T00:00:00.000,MANHATTAN,YOUTH DEVELOPMENT SPECIALIST,CEASED,51502.00,per Annum,126.75,2948.94,0,0.00,0.00
2025,67,ADMIN FOR CHILDREN'S SVCS,2006-11-20T00:00:00.000,QUEENS,CHILD PROTECTIVE SPECIALIST SUPERVISOR,ACTIVE,100127.00,per Annum,1820,97010.92,339.5,22565.40,9155.34
2025,67,ADMIN FOR CHILDREN'S SVCS,2006-12-11T00:00:00.000,BROOKLYN,CHILD PROTECTIVE SPECIALIST SUPERVISOR,ACTIVE,100127.00,per Annum,1820,97010.92,0,0.00,7582.82
2025,67,ADMIN FOR CHILDREN'S SVCS,2025-04-14T00:00:00.000,QUEENS,YOUTH DEVELOPMENT SPECIALIST,CEASED,53341.00,per Annum,7.25,211.88,0,0.00,0.00
2025,67,ADMIN FOR CHILDREN'S SVCS,2007-01-22T00:00:00.000,BRONX,CHILD PROTECTIVE SPECIALIST SUPERVISOR,ACTIVE,100101.00,per Annum,1680,89284.96,66.75,4858.97,9412.53
2025,67,ADMIN FOR CHILDREN'S SVCS,2017-04-10T00:00:00.000,BRONX,CHILD PROTECTIVE SPECIALIST,CEASED,67899.00,per Annum,175,6616.61,0,0.00,2796.75
2025,67,ADMIN FOR CHILDREN'S SVCS,2007-08-13T00:00:00.000,MANHATTAN,CHILD WELFARE SPECIALIST SUPERVISOR,ACTIVE,94326.00,per Annum,1820,91389.60,209.5,14313.71,5863.25
2025,67,ADMIN FOR CHILDREN'S SVCS,2007-09-24T00:00:00.000,MANHATTAN,MOTOR VEHICLE OPERATOR,ACTIVE,58071.00,per Annum,2080,56254.58,509.5,21731.01,8824.65
2025,67,ADMIN FOR CHILDREN'S SVCS,2023-10-16T00:00:00.000,BROOKLYN,COMMUNITY COORDINATOR,ACTIVE,78081.00,per Annum,1750,69006.87,0,0.00,66.50
2025,67,ADMIN FOR CHILDREN'S SVCS,2008-01-14T00:00:00.000,BROOKLYN,CHILD PROTECTIVE SPECIALIST,ACTIVE,70156.00,per Annum,1820,67966.61,71.5,2939.82,7732.36
2025,67,ADMIN FOR CHILDREN'S SVCS,2022-02-28T00:00:00.000,BRONX,CHILD PROTECTIVE SPECIALIST,ACTIVE,70106.00,per Annum,1820,67939.88,166.75,6808.44,905.09
2025,67,ADMIN FOR CHILDREN'S SVCS,2008-05-27T00:00:00.000,MANHATTAN,AGENCY ATTORNEY,ACTIVE,133373.00,per Annum,1820,130080.16,0,0.00,19288.68
2025,67,ADMIN FOR CHILDREN'S SVCS,2023-09-11T00:00:00.000,BROOKLYN,COMMUNITY COORDINATOR,ACTIVE,72298.00,per Annum,1820,69771.97,31.75,1515.32,295.36
2025,67,ADMIN FOR CHILDREN'S SVCS,2008-09-08T00:00:00.000,BRONX,DIRECTOR OF FIELD OPERATIONS,ACTIVE,128299.00,per Annum,1574.25,109107.37,0,0.00,0.00
2025,67,ADMIN FOR CHILDREN'S SVCS,2025-05-19T00:00:00.000,MANHATTAN,CHILD PROTECTIVE SPECIALIST,ACTIVE,58984.00,per Annum,140,4484.10,0,0.00,0.00
2025,67,ADMIN FOR CHILDREN'S SVCS,2009-03-23T00:00:00.000,MANHATTAN,COMMUNITY COORDINATOR,ACTIVE,75537.00,per Annum,1820,73202.94,50,2033.08,1560.98
2025,67,ADMIN FOR CHILDREN'S SVCS,2018-11-26T00:00:00.000,MANHATTAN,SPECIAL OFFICER,CEASED,39436.00,per Annum,0,37.78,0,0.00,1503.87
2025,67,ADMIN FOR CHILDREN'S SVCS,2009-08-10T00:00:00.000,BRONX,CHILD PROTECTIVE SPECIALIST,CEASED,65921.00,per Annum,0,0.00,0,0.00,1059.25
2025,67,ADMIN FOR CHILDREN'S SVCS,2023-01-09T00:00:00.000,BRONX,CHILD PROTECTIVE SPECIALIST,ACTIVE,64059.00,per Annum,1820,61090.74,348.25,14240.23,1113.14
2025,67,ADMIN FOR CHILDREN'S SVCS,2025-01-06T00:00:00.000,BRONX,COMMUNITY ASSOCIATE,ACTIVE,51227.00,per Annum,805,21898.53,0,0.00,0.00
2025,67,ADMIN FOR CHILDREN'S SVCS,2010-08-23T00:00:00.000,QUEENS,DIRECTOR OF FIELD OPERATIONS,ACTIVE,128299.00,per Annum,1820,126015.12,0,0.00,0.00
2025,67,ADMIN FOR CHILDREN'S SVCS,2017-10-16T00:00:00.000,MANHATTAN,CHILD PROTECTIVE SPECIALIST,ACTIVE,70106.00,per Annum,1820,67419.02,22.25,1007.26,5954.86
2025,67,ADMIN FOR CHILDREN'S SVCS,2018-10-29T00:00:00.000,MANHATTAN,CHILD PROTECTIVE SPECIALIST,ACTIVE,70106.00,per Annum,1400,52207.92,0,0.00,4520.45
2025,67,ADMIN FOR CHILDREN'S SVCS,2018-10-29T00:00:00.000,BRONX,CHILD PROTECTIVE SPECIALIST,ACTIVE,70106.00,per Annum,1820,67939.88,392,18318.43,5384.66
2025,67,ADMIN FOR CHILDREN'S SVCS,2018-11-05T00:00:00.000,MANHATTAN,COMMUNITY COORDINATOR,ACTIVE,72300.00,per Annum,1820,70066.01,285,13799.97,31.86
2025,67,ADMIN FOR CHILDREN'S SVCS,2018-11-05T00:00:00.000,BRONX,YOUTH DEVELOPMENT SPECIALIST,ACTIVE,68537.00,per Annum,1820,68173.50,388,19370.76,13970.35
2025,67,ADMIN FOR CHILDREN'S SVCS,2018-10-29T00:00:00.000,BROOKLYN,CHILD PROTECTIVE SPECIALIST,ACTIVE,70106.00,per Annum,882,38084.69,0,0.00,3998.04
2025,67,ADMIN FOR CHILDREN'S SVCS,2018-12-17T00:00:00.000,BROOKLYN,YOUTH DEVELOPMENT SPECIALIST,ACTIVE,68537.00,per Annum,1820,68192.98,710.5,37100.46,8405.09
2025,67,ADMIN FOR CHILDREN'S SVCS,2018-12-17T00:00:00.000,MANHATTAN,ASSOCIATE YOUTH DEVELOPMENT SPECIALIST,ACTIVE,81537.00,per Annum,1750,73774.57,319.75,19493.28,6211.60
2025,67,ADMIN FOR CHILDREN'S SVCS,2019-02-04T00:00:00.000,MANHATTAN,CHILD PROTECTIVE SPECIALIST,CEASED,64001.00,per Annum,0,0.00,0,0.00,478.37
2025,67,ADMIN FOR CHILDREN'S SVCS,2019-02-04T00:00:00.000,BROOKLYN,CHILD PROTECTIVE SPECIALIST,ON LEAVE,70106.00,per Annum,0,0.00,0,0.00,5296.25
2025,67,ADMIN FOR CHILDREN'S SVCS,2019-02-04T00:00:00.000,BRONX,CHILD PROTECTIVE SPECIALIST,ACTIVE,70106.00,per Annum,1820,73083.11,410.28,22246.88,5865.92
2025,67,ADMIN FOR CHILDREN'S SVCS,2019-02-25T00:00:00.000,MANHATTAN,ASSOCIATE YOUTH DEVELOPMENT SPECIALIST,ON LEAVE,81537.00,per Annum,1260,56596.76,98.5,6006.60,9389.81
2025,67,ADMIN FOR CHILDREN'S SVCS,2019-04-29T00:00:00.000,QUEENS,CHILD PROTECTIVE SPECIALIST,ACTIVE,70106.00,per Annum,1820,67939.88,151.5,6542.17,5322.26
2025,67,ADMIN FOR CHILDREN'S SVCS,2024-06-24T00:00:00.000,BROOKLYN,YOUTH DEVELOPMENT SPECIALIST,ACTIVE,53176.00,per Annum,1785,52059.19,527,20759.06,7351.59
2025,67,ADMIN FOR CHILDREN'S SVCS,2019-05-20T00:00:00.000,BROOKLYN,ADMINISTRATIVE DIRECTOR OF RESIDENTIAL CHILD CARE,ACTIVE,118849.00,per Annum,1820,114876.90,0,0.00,289.50
2025,67,ADMIN FOR CHILDREN'S SVCS,2019-05-20T00:00:00.000,MANHATTAN,YOUTH DEVELOPMENT SPECIALIST,ACTIVE,68537.00,per Annum,1820,67771.46,1080,58355.38,7593.93
2025,67,ADMIN FOR CHILDREN'S SVCS,2021-06-07T00:00:00.000,BRONX,SUPERVISING SPECIAL OFFICER,ACTIVE,62864.00,per Annum,2160,71456.24,460.5,23736.12,7682.27
2025,67,ADMIN FOR CHILDREN'S SVCS,2019-07-26T00:00:00.000,MANHATTAN,COMMUNITY ASSOCIATE,CEASED,49616.00,per Annum,-56,425.11,0,0.00,-1535.95
2025,67,ADMIN FOR CHILDREN'S SVCS,2019-07-22T00:00:00.000,MANHATTAN,CHILD PROTECTIVE SPECIALIST,ACTIVE,70106.00,per Annum,1750,65342.65,105.5,5048.12,11534.46
2025,67,ADMIN FOR CHILDREN'S SVCS,2019-07-22T00:00:00.000,MANHATTAN,CHILD PROTECTIVE SPECIALIST,CEASED,65921.00,per Annum,0,0.00,0,0.00,1400.94
2025,67,ADMIN FOR CHILDREN'S SVCS,2019-07-22T00:00:00.000,BROOKLYN,CHILD PROTECTIVE SPECIALIST,ACTIVE,70106.00,per Annum,1820,67939.88,0,0.00,6972.91
2025,67,ADMIN FOR CHILDREN'S SVCS,2019-07-22T00:00:00.000,BRONX,CHILD PROTECTIVE SPECIALIST,ACTIVE,70106.00,per Annum,1820,67939.88,45.5,2074.05,11714.74
2025,67,ADMIN FOR CHILDREN'S SVCS,2019-09-23T00:00:00.000,BRONX,CHILD PROTECTIVE SPECIALIST,ACTIVE,70106.00,per Annum,1820,65898.39,299.5,12910.48,1897.86
2025,67,ADMIN FOR CHILDREN'S SVCS,2019-09-30T00:00:00.000,MANHATTAN,ADMINISTRATIVE DIRECTOR OF SOCIAL SERVICES,ACTIVE,131133.00,per Annum,1820,126733.63,0,0.00,0.00
2025,67,ADMIN FOR CHILDREN'S SVCS,2019-11-12T00:00:00.000,MANHATTAN,COMMUNITY COORDINATOR,ACTIVE,72298.00,per Annum,1820,70064.11,190.5,7594.10,1422.83
2025,67,ADMIN FOR CHILDREN'S SVCS,2019-11-12T00:00:00.000,RICHMOND,CHILD PROTECTIVE SPECIALIST,ACTIVE,70106.00,per Annum,1820,67939.88,50.5,2476.38,5289.43
2025,67,ADMIN FOR CHILDREN'S SVCS,2019-11-25T00:00:00.000,BROOKLYN,YOUTH DEVELOPMENT SPECIALIST,CEASED,64090.00,per Annum,-70,-4114.53,-45.25,-1789.00,-319.61
2025,67,ADMIN FOR CHILDREN'S SVCS,2019-12-09T00:00:00.000,BRONX,SUPERVISING SPECIAL OFFICER,ACTIVE,62864.00,per Annum,2000,58242.81,467.25,20349.83,2261.05
2025,67,ADMIN FOR CHILDREN'S SVCS,2019-12-23T00:00:00.000,BRONX,CHILD PROTECTIVE SPECIALIST,ACTIVE,70106.00,per Annum,1325,46919.05,69.5,3062.00,3342.05
2025,67,ADMIN FOR CHILDREN'S SVCS,2020-02-18T00:00:00.000,MANHATTAN,STAFF ANALYST,ACTIVE,88943.00,per Annum,1820,88107.48,0,0.00,0.00
2025,67,ADMIN FOR CHILDREN'S SVCS,2020-12-07T00:00:00.000,BRONX,YOUTH DEVELOPMENT SPECIALIST,ACTIVE,66173.00,per Annum,1890,54244.83,227,9609.23,4326.86
2025,67,ADMIN FOR CHILDREN'S SVCS,2024-03-11T00:00:00.000,BRONX,SPECIAL OFFICER,ACTIVE,39206.00,per Annum,2080,37679.32,362,10064.37,8819.81
2025,67,ADMIN FOR CHILDREN'S SVCS,2021-03-15T00:00:00.000,BROOKLYN,YOUTH DEVELOPMENT SPECIALIST,ON LEAVE,64994.00,per Annum,770,27344.35,113.25,5353.63,409.18
2025,67,ADMIN FOR CHILDREN'S SVCS,2021-08-23T00:00:00.000,MANHATTAN,CHILD PROTECTIVE SPECIALIST,ACTIVE,70106.00,per Annum,1820,67939.88,5.25,202.25,5356.96
2025,67,ADMIN FOR CHILDREN'S SVCS,2021-08-23T00:00:00.000,MANHATTAN,CHILD PROTECTIVE SPECIALIST,ON LEAVE,70106.00,per Annum,735,27451.41,0,0.00,5079.23
2025,67,ADMIN FOR CHILDREN'S SVCS,2021-08-23T00:00:00.000,MANHATTAN,CHILD PROTECTIVE SPECIALIST,ACTIVE,70106.00,per Annum,1820,67939.88,102.75,4266.32,4068.78
2025,67,ADMIN FOR CHILDREN'S SVCS,2025-05-19T00:00:00.000,QUEENS,CHILD PROTECTIVE SPECIALIST,ACTIVE,58984.00,per Annum,140,4484.10,9.25,367.23,0.00
2025,67,ADMIN FOR CHILDREN'S SVCS,2022-05-09T00:00:00.000,BROOKLYN,SUPERVISING SPECIAL OFFICER,ACTIVE,62864.00,per Annum,2080,60583.80,749.25,33298.63,7830.92
2025,67,ADMIN FOR CHILDREN'S SVCS,2022-05-09T00:00:00.000,BRONX,SUPERVISING SPECIAL OFFICER,ACTIVE,62864.00,per Annum,2080,49715.12,194.75,7542.25,5509.88
2025,67,ADMIN FOR CHILDREN'S SVCS,2022-06-27T00:00:00.000,BROOKLYN,YOUTH DEVELOPMENT SPECIALIST,ACTIVE,61446.00,per Annum,1820,61306.94,764.75,34553.98,5147.41
2025,67,ADMIN FOR CHILDREN'S SVCS,2023-05-22T00:00:00.000,BRONX,CHILD PROTECTIVE SPECIALIST,ACTIVE,68309.00,per Annum,1820,64399.31,100.5,4433.11,1050.83
2025,67,ADMIN FOR CHILDREN'S SVCS,2022-08-05T00:00:00.000,MANHATTAN,COMMUNITY ASSOCIATE,ON LEAVE,51227.00,per Annum,1855,49730.59,659,23841.29,2825.94
2025,67,ADMIN FOR CHILDREN'S SVCS,2024-02-26T00:00:00.000,MANHATTAN,CITY RESEARCH SCIENTIST,ACTIVE,112883.00,per Annum,1820,109395.58,0,0.00,0.00
2025,67,ADMIN FOR CHILDREN'S SVCS,2022-08-29T00:00:00.000,BRONX,CHILD PROTECTIVE SPECIALIST,ACTIVE,70106.00,per Annum,1820,67584.38,150.75,6476.27,3773.30
2025,67,ADMIN FOR CHILDREN'S SVCS,2022-08-29T00:00:00.000,BROOKLYN,CHILD PROTECTIVE SPECIALIST,ACTIVE,70106.00,per Annum,1820,67584.38,64,2680.60,3822.07
2025,67,ADMIN FOR CHILDREN'S SVCS,2024-08-26T00:00:00.000,BROOKLYN,YOUTH DEVELOPMENT SPECIALIST,CEASED,51502.00,per Annum,700,17522.77,133.75,4738.17,692.39
2025,67,ADMIN FOR CHILDREN'S SVCS,2022-09-12T00:00:00.000,MANHATTAN,AGENCY ATTORNEY,ON SEPARATION LEAVE,97172.00,per Annum,1820,105748.20,221,14823.84,2998.43
2025,67,ADMIN FOR CHILDREN'S SVCS,2024-09-09T00:00:00.000,QUEENS,CHILD PROTECTIVE SPECIALIST,ACTIVE,64059.00,per Annum,1400,45253.79,209.5,8938.70,162.57
2025,67,ADMIN FOR CHILDREN'S SVCS,2023-02-27T00:00:00.000,RICHMOND,CHILD PROTECTIVE SPECIALIST,ACTIVE,70106.00,per Annum,1820,64709.84,84,3694.51,1252.54
2025,67,ADMIN FOR CHILDREN'S SVCS,2024-12-09T00:00:00.000,BROOKLYN,YOUTH DEVELOPMENT SPECIALIST,ACTIVE,53176.00,per Annum,945,26829.28,250,9693.03,706.55
2025,67,ADMIN FOR CHILDREN'S SVCS,2023-04-24T00:00:00.000,MANHATTAN,ADMINISTRATIVE ACCOUNTANT,ACTIVE,109264.00,per Annum,1820,104273.42,0,0.00,24.75
2025,67,ADMIN FOR CHILDREN'S SVCS,2023-05-22T00:00:00.000,QUEENS,CHILD PROTECTIVE SPECIALIST,CEASED,62043.00,per Annum,70,2476.91,28.5,1132.65,3477.12
2025,67,ADMIN FOR CHILDREN'S SVCS,2023-05-22T00:00:00.000,MANHATTAN,CHILD PROTECTIVE SPECIALIST,ACTIVE,68309.00,per Annum,1820,64399.31,0,0.00,1060.95
2025,67,ADMIN FOR CHILDREN'S SVCS,2023-05-22T00:00:00.000,QUEENS,CHILD PROTECTIVE SPECIALIST,CEASED,62043.00,per Annum,385,12093.31,30.75,1116.54,3294.87
2025,67,ADMIN FOR CHILDREN'S SVCS,2023-08-14T00:00:00.000,BRONX,SPECIAL OFFICER,ACTIVE,40502.00,per Annum,2080,36505.87,538.25,14971.33,7912.87
2025,67,ADMIN FOR CHILDREN'S SVCS,2023-09-25T00:00:00.000,MANHATTAN,STAFF NURSE,ACTIVE,106301.00,per Annum,2080,105314.11,0,0.00,4795.62
2025,67,ADMIN FOR CHILDREN'S SVCS,2023-09-25T00:00:00.000,BROOKLYN,CHILD WELFARE SPECIALIST,ACTIVE,64600.00,per Annum,1820,59476.11,13,424.54,0.00
2025,67,ADMIN FOR CHILDREN'S SVCS,2023-09-25T00:00:00.000,BRONX,YOUTH DEVELOPMENT SPECIALIST,CEASED,50001.00,per Annum,0,-2692.20,0,0.00,2586.20
2025,67,ADMIN FOR CHILDREN'S SVCS,2024-11-04T00:00:00.000,MANHATTAN,YOUTH APPRENTICE,ACTIVE,16.50,per Hour,423,6926.63,0,0.00,0.00
2025,67,ADMIN FOR CHILDREN'S SVCS,2024-10-21T00:00:00.000,QUEENS,COMMUNITY ASSOCIATE,CEASED,49615.00,per Annum,1085,28477.57,0,0.00,0.00
2025,67,ADMIN FOR CHILDREN'S SVCS,2024-09-16T00:00:00.000,QUEENS,AGENCY ATTORNEY INTERNE,ACTIVE,83388.00,per Annum,1365,60499.26,0,0.00,0.00
2025,67,ADMIN FOR CHILDREN'S SVCS,2023-11-20T00:00:00.000,BRONX,CHILD PROTECTIVE SPECIALIST,ACTIVE,64059.00,per Annum,1540,49428.85,64.75,2335.13,28.08
2025,67,ADMIN FOR CHILDREN'S SVCS,2023-11-20T00:00:00.000,RICHMOND,CHILD PROTECTIVE SPECIALIST,ACTIVE,64059.00,per Annum,1820,62194.30,359.75,15206.22,148.60
2025,67,ADMIN FOR CHILDREN'S SVCS,2024-02-26T00:00:00.000,QUEENS,CHILD PROTECTIVE SPECIALIST,CEASED,62043.00,per Annum,1680,56193.18,308.25,12688.99,3149.92
2025,67,ADMIN FOR CHILDREN'S SVCS,2023-12-04T00:00:00.000,BROOKLYN,SPECIAL OFFICER,ACTIVE,40502.00,per Annum,2080,38357.74,367,10563.55,8234.88
2025,67,ADMIN FOR CHILDREN'S SVCS,2023-12-18T00:00:00.000,MANHATTAN,EXEC ASST TO THE DEPUTY COMMISSIONER,ACTIVE,155746.00,per Annum,1820,150413.86,0,0.00,0.00
2025,67,ADMIN FOR CHILDREN'S SVCS,2024-02-26T00:00:00.000,MANHATTAN,CHILD PROTECTIVE SPECIALIST,ACTIVE,64059.00,per Annum,1820,53548.83,198,7144.39,54.48
2025,67,ADMIN FOR CHILDREN'S SVCS,2024-04-25T00:00:00.000,MANHATTAN,COMMUNITY COORDINATOR,ACTIVE,74654.00,per Annum,1820,71151.88,0,0.00,0.00
2025,67,ADMIN FOR CHILDREN'S SVCS,2024-05-20T00:00:00.000,QUEENS,CHILD PROTECTIVE SPECIALIST,ACTIVE,64059.00,per Annum,1890,62297.63,281.75,11880.80,48.27
2025,67,ADMIN FOR CHILDREN'S SVCS,2024-05-20T00:00:00.000,MANHATTAN,CHILD PROTECTIVE SPECIALIST,CEASED,64059.00,per Annum,1750,56699.58,98,3876.55,1723.10
2025,67,ADMIN FOR CHILDREN'S SVCS,2024-05-20T00:00:00.000,BROOKLYN,CHILD PROTECTIVE SPECIALIST,ACTIVE,64059.00,per Annum,1820,59362.53,98.25,3561.96,190.75
2025,67,ADMIN FOR CHILDREN'S SVCS,2024-06-03T00:00:00.000,MANHATTAN,SUMMER COLLEGE INTERN,CEASED,19.70,per Hour,89.25,1800.03,0,0.00,0.00
2025,67,ADMIN FOR CHILDREN'S SVCS,2024-06-03T00:00:00.000,MANHATTAN,SUMMER COLLEGE INTERN,CEASED,19.70,per Hour,39.82,830.60,0,0.00,137.90
2025,67,ADMIN FOR CHILDREN'S SVCS,2024-06-10T00:00:00.000,MANHATTAN,SUMMER COLLEGE INTERN,CEASED,19.70,per Hour,314.5,6195.66,0,0.00,275.80
2025,67,ADMIN FOR CHILDREN'S SVCS,2024-08-26T00:00:00.000,BROOKLYN,YOUTH DEVELOPMENT SPECIALIST,ACTIVE,53176.00,per Annum,1470,41578.09,483.75,18752.69,6313.37
2025,67,ADMIN FOR CHILDREN'S SVCS,2024-08-26T00:00:00.000,BROOKLYN,YOUTH DEVELOPMENT SPECIALIST,CEASED,51502.00,per Annum,840,23220.45,231,9248.95,6660.58
2025,67,ADMIN FOR CHILDREN'S SVCS,2025-06-02T00:00:00.000,MANHATTAN,SUMMER GRADUATE INTERN,ACTIVE,26.23,per Hour,35,918.05,0,0.00,0.00
2025,67,ADMIN FOR CHILDREN'S SVCS,2025-06-02T00:00:00.000,MANHATTAN,SUMMER COLLEGE INTERN,ACTIVE,19.00,per Hour,35,665.00,0,0.00,0.00
2025,67,ADMIN FOR CHILDREN'S SVCS,2025-06-02T00:00:00.000,MANHATTAN,SUMMER COLLEGE INTERN,ACTIVE,19.00,per Hour,35,665.00,0,0.00,0.00
2025,67,ADMIN FOR CHILDREN'S SVCS,2025-05-19T00:00:00.000,QUEENS,CHILD PROTECTIVE SPECIALIST,ACTIVE,58984.00,per Annum,140,4257.86,0,0.00,0.00
2025,67,ADMIN FOR CHILDREN'S SVCS,2025-05-19T00:00:00.000,QUEENS,CHILD PROTECTIVE SPECIALIST,ACTIVE,58984.00,per Annum,140,4484.10,0,0.00,0.00
2025,67,ADMIN FOR CHILDREN'S SVCS,2025-05-19T00:00:00.000,QUEENS,CHILD PROTECTIVE SPECIALIST,ACTIVE,58984.00,per Annum,140,4484.10,0,0.00,0.00
2025,67,ADMIN FOR CHILDREN'S SVCS,2025-04-14T00:00:00.000,BRONX,YOUTH DEVELOPMENT SPECIALIST,ACTIVE,53176.00,per Annum,315,8980.10,14,563.92,45.80
2025,67,ADMIN FOR CHILDREN'S SVCS,2025-02-24T00:00:00.000,QUEENS,CHILD PROTECTIVE SPECIALIST,CEASED,57127.00,per Annum,420,12982.68,5.75,191.52,20.41
2025,67,ADMIN FOR CHILDREN'S SVCS,2025-02-10T00:00:00.000,BRONX,YOUTH DEVELOPMENT SPECIALIST,ACTIVE,53176.00,per Annum,630,18493.59,284,12326.31,929.28
2025,67,ADMIN FOR CHILDREN'S SVCS,2025-02-10T00:00:00.000,BRONX,SPECIAL OFFICER,ACTIVE,39206.00,per Annum,720,13281.74,121,3371.25,211.83
2025,67,ADMIN FOR CHILDREN'S SVCS,2024-12-09T00:00:00.000,BROOKLYN,YOUTH DEVELOPMENT SPECIALIST,CEASED,51502.00,per Annum,315,9171.54,0,0.00,707.44
2025,67,ADMIN FOR CHILDREN'S SVCS,2024-12-02T00:00:00.000,QUEENS,CHILD PROTECTIVE SPECIALIST,ACTIVE,58984.00,per Annum,980,30778.14,55,1882.06,52.69
2025,67,ADMIN FOR CHILDREN'S SVCS,2024-12-02T00:00:00.000,BROOKLYN,CHILD PROTECTIVE SPECIALIST,ACTIVE,58984.00,per Annum,980,14653.61,7,242.32,0.00
2025,67,ADMIN FOR CHILDREN'S SVCS,2025-05-19T00:00:00.000,MANHATTAN,CHILD PROTECTIVE SPECIALIST,ACTIVE,58984.00,per Annum,140,4457.17,0,0.00,0.00
2025,67,ADMIN FOR CHILDREN'S SVCS,2017-04-10T00:00:00.000,MANHATTAN,CHILD PROTECTIVE SPECIALIST,ON LEAVE,70106.00,per Annum,0,0.00,0,0.00,1469.28
2025,67,ADMIN FOR CHILDREN'S SVCS,2024-02-26T00:00:00.000,BROOKLYN,CHILD PROTECTIVE SPECIALIST,ACTIVE,64059.00,per Annum,1820,60664.51,133,5400.90,291.14
2025,67,ADMIN FOR CHILDREN'S SVCS,2018-10-29T00:00:00.000,MANHATTAN,CHILD PROTECTIVE SPECIALIST,CEASED,65921.00,per Annum,0,0.00,0,0.00,2528.53
2025,67,ADMIN FOR CHILDREN'S SVCS,2017-11-13T00:00:00.000,BRONX,CHILD PROTECTIVE SPECIALIST,CEASED,64001.00,per Annum,0,0.00,0,0.00,922.57
2025,67,ADMIN FOR CHILDREN'S SVCS,2018-02-05T00:00:00.000,MANHATTAN,CHILD PROTECTIVE SPECIALIST,ACTIVE,70106.00,per Annum,1820,67939.88,150.75,7884.31,8053.73
2025,67,ADMIN FOR CHILDREN'S SVCS,2018-02-05T00:00:00.000,BROOKLYN,CHILD PROTECTIVE SPECIALIST,ACTIVE,70106.00,per Annum,1820,67939.88,0,0.00,5067.80
2025,67,ADMIN FOR CHILDREN'S SVCS,2018-02-05T00:00:00.000,BROOKLYN,CHILD PROTECTIVE SPECIALIST,ON LEAVE,70106.00,per Annum,0,7.56,0,0.00,5808.79
2025,67,ADMIN FOR CHILDREN'S SVCS,2019-04-29T00:00:00.000,MANHATTAN,CHILD PROTECTIVE SPECIALIST,CEASED,65921.00,per Annum,0,0.00,0,0.00,1469.29
2025,67,ADMIN FOR CHILDREN'S SVCS,2018-03-19T00:00:00.000,MANHATTAN,COMMUNITY ASSOCIATE,ACTIVE,63916.00,per Annum,1820,61941.13,431,18806.65,268.47
2025,67,ADMIN FOR CHILDREN'S SVCS,2018-04-23T00:00:00.000,BROOKLYN,CHILD PROTECTIVE SPECIALIST,ACTIVE,70106.00,per Annum,1820,67939.88,74.75,3084.98,5783.40
2025,67,ADMIN FOR CHILDREN'S SVCS,2024-04-15T00:00:00.000,BRONX,YOUTH DEVELOPMENT SPECIALIST,CEASED,51502.00,per Annum,630,9664.58,141.5,5476.96,3448.03
2025,67,ADMIN FOR CHILDREN'S SVCS,2018-08-06T00:00:00.000,BROOKLYN,ASSOCIATE YOUTH DEVELOPMENT SPECIALIST,ACTIVE,81537.00,per Annum,1820,81829.08,1122,69821.62,16546.49
2025,67,ADMIN FOR CHILDREN'S SVCS,2018-08-06T00:00:00.000,BRONX,ASSOCIATE YOUTH DEVELOPMENT SPECIALIST,ACTIVE,81537.00,per Annum,1820,81527.01,832.5,52012.85,6538.23
2025,67,ADMIN FOR CHILDREN'S SVCS,2018-08-06T00:00:00.000,MANHATTAN,CHILD PROTECTIVE SPECIALIST,ACTIVE,70106.00,per Annum,1820,65335.53,0,0.00,2226.04
2025,67,ADMIN FOR CHILDREN'S SVCS,2018-08-06T00:00:00.000,MANHATTAN,CHILD PROTECTIVE SPECIALIST,ACTIVE,70106.00,per Annum,1820,65930.85,174.5,7854.92,2838.92
2025,67,ADMIN FOR CHILDREN'S SVCS,2018-09-04T00:00:00.000,MANHATTAN,STAFF ANALYST,ACTIVE,76525.00,per Annum,1820,75806.32,0,0.00,0.00
2025,67,ADMIN FOR CHILDREN'S SVCS,1997-09-15T00:00:00.000,MANHATTAN,DIRECTOR OF FIELD OPERATIONS,ACTIVE,136065.00,per Annum,1820,131500.49,0,0.00,0.00
2025,67,ADMIN FOR CHILDREN'S SVCS,1996-06-23T00:00:00.000,MANHATTAN,CHILD WELFARE SPECIALIST,ACTIVE,64894.00,per Annum,1820,61699.47,0,0.00,4960.54
2025,67,ADMIN FOR CHILDREN'S SVCS,1997-02-02T00:00:00.000,MANHATTAN,ASSOCIATE STAFF ANALYST,ACTIVE,94984.00,per Annum,1820,93682.07,0,0.00,6920.46
2025,67,ADMIN FOR CHILDREN'S SVCS,1996-06-23T00:00:00.000,BRONX,CHILD PROTECTIVE SPECIALIST SUPERVISOR,ACTIVE,100305.00,per Annum,1820,97184.11,0,0.00,5054.29
2025,67,ADMIN FOR CHILDREN'S SVCS,2011-06-20T00:00:00.000,QUEENS,PRINCIPAL ADMINISTRATIVE ASSOCIATE -  NON SUPVR,ACTIVE,61695.00,per Annum,1820,60618.76,0,0.00,4706.33
2025,67,ADMIN FOR CHILDREN'S SVCS,1996-06-23T00:00:00.000,MANHATTAN,DEPUTY COMMISSIONER,CEASED,213910.00,per Annum,0,0.00,0,0.00,83634.38
2025,67,ADMIN FOR CHILDREN'S SVCS,1998-09-21T00:00:00.000,MANHATTAN,ADMINISTRATIVE STAFF ANALYST,ACTIVE,135234.00,per Annum,1820,133943.02,0,0.00,3185.41
2025,67,ADMIN FOR CHILDREN'S SVCS,1999-02-22T00:00:00.000,MANHATTAN,ADMINISTRATIVE DIRECTOR OF SOCIAL SERVICES,ACTIVE,129490.00,per Annum,1820,125466.92,0,0.00,1497.01
2025,67,ADMIN FOR CHILDREN'S SVCS,2019-10-15T00:00:00.000,QUEENS,PROTECTION AGENT,ACTIVE,77637.00,per Annum,2080,75238.24,0,0.00,0.00
2025,67,ADMIN FOR CHILDREN'S SVCS,1996-06-23T00:00:00.000,BRONX,CHILD WELFARE SPECIALIST,ACTIVE,65106.00,per Annum,1820,63071.67,69.75,2584.10,5054.29
2025,67,ADMIN FOR CHILDREN'S SVCS,1996-06-23T00:00:00.000,MANHATTAN,SUPERVISOR I,ACTIVE,68692.00,per Annum,1820,66547.71,25.25,1095.76,5059.14
2025,67,ADMIN FOR CHILDREN'S SVCS,2008-06-09T00:00:00.000,MANHATTAN,CHILD PROTECTIVE SPECIALIST SUPERVISOR,ACTIVE,96630.00,per Annum,1820,93644.24,0,0.00,1464.22
2025,72,DEPARTMENT OF CORRECTION,2017-06-19T00:00:00.000,QUEENS,CORRECTION OFFICER,ACTIVE,105146.00,per Annum,2080,112975.49,827.4,66248.85,14055.23
2025,72,DEPARTMENT OF CORRECTION,2017-06-19T00:00:00.000,QUEENS,CORRECTION OFFICER,ACTIVE,105146.00,per Annum,1674.28,84931.81,593.2,48621.77,9076.20
2025,72,DEPARTMENT OF CORRECTION,2017-06-19T00:00:00.000,QUEENS,CORRECTION OFFICER,ACTIVE,105146.00,per Annum,2080,113505.68,814.4,71067.85,12295.44
2025,72,DEPARTMENT OF CORRECTION,2017-06-19T00:00:00.000,QUEENS,CORRECTION OFFICER,CEASED,98155.00,per Annum,0,0.00,0,0.00,1360.10
2025,72,DEPARTMENT OF CORRECTION,2017-06-19T00:00:00.000,QUEENS,CORRECTION OFFICER,ACTIVE,105146.00,per Annum,2080,112730.36,589.65,53574.08,18149.07
2025,72,DEPARTMENT OF CORRECTION,2017-06-19T00:00:00.000,QUEENS,CORRECTION OFFICER,CEASED,98155.00,per Annum,0,3667.61,0,34.42,102.47
2025,72,DEPARTMENT OF CORRECTION,2017-06-19T00:00:00.000,QUEENS,CORRECTION OFFICER,ACTIVE,105146.00,per Annum,2080,111600.94,342.7,31520.67,15420.74
2025,72,DEPARTMENT OF CORRECTION,2017-06-19T00:00:00.000,QUEENS,CORRECTION OFFICER,ACTIVE,105146.00,per Annum,2080,112617.50,709.4,60437.83,10619.17
2025,72,DEPARTMENT OF CORRECTION,2017-06-19T00:00:00.000,MANHATTAN,CORRECTION OFFICER,CEASED,44333.00,per Annum,0,0.00,0,0.00,162.17
2025,72,DEPARTMENT OF CORRECTION,2017-06-19T00:00:00.000,MANHATTAN,CORRECTION OFFICER,CEASED,49459.00,per Annum,0,0.00,0,0.00,75.00
2025,72,DEPARTMENT OF CORRECTION,2017-05-22T00:00:00.000,QUEENS,*COOK,ACTIVE,46600.00,per Annum,2080,44835.37,286.75,10755.68,8251.10
2025,72,DEPARTMENT OF CORRECTION,2017-01-30T00:00:00.000,QUEENS,LEGAL COORDINATOR,ACTIVE,61376.00,per Annum,1820,60319.45,1052.25,51620.11,5096.82
2025,72,DEPARTMENT OF CORRECTION,2018-01-08T00:00:00.000,QUEENS,CORRECTION OFFICER,ACTIVE,105146.00,per Annum,2080,112753.07,890.22,83923.08,22719.58
2025,72,DEPARTMENT OF CORRECTION,2016-12-19T00:00:00.000,QUEENS,CORRECTION OFFICER,ACTIVE,105146.00,per Annum,2080,113914.60,157.48,13732.20,12819.13
2025,72,DEPARTMENT OF CORRECTION,2016-12-19T00:00:00.000,QUEENS,CORRECTION OFFICER,CEASED,98155.00,per Annum,0,5516.36,0,0.00,221.49
2025,72,DEPARTMENT OF CORRECTION,2016-12-19T00:00:00.000,QUEENS,CORRECTION OFFICER,ACTIVE,105146.00,per Annum,2080,113945.33,786.25,65896.18,15899.46
2025,72,DEPARTMENT OF CORRECTION,2016-12-19T00:00:00.000,QUEENS,CORRECTION OFFICER,CEASED,95065.00,per Annum,0,1640.83,0,1038.42,125.90
2025,72,DEPARTMENT OF CORRECTION,2016-12-19T00:00:00.000,BRONX,CORRECTION OFFICER,ACTIVE,105146.00,per Annum,2080,104461.25,680.7,57420.18,16621.27
2025,72,DEPARTMENT OF CORRECTION,2016-12-19T00:00:00.000,QUEENS,CORRECTION OFFICER,CEASED,98155.00,per Annum,0,5423.54,0,3180.26,2512.97
2025,72,DEPARTMENT OF CORRECTION,2016-12-19T00:00:00.000,QUEENS,CORRECTION OFFICER,CEASED,98155.00,per Annum,0,5608.07,0,1841.25,-9075.22
2025,72,DEPARTMENT OF CORRECTION,2016-12-19T00:00:00.000,QUEENS,CORRECTION OFFICER,ACTIVE,105146.00,per Annum,2080,112982.82,800.4,74183.13,17432.06
2025,72,DEPARTMENT OF CORRECTION,2016-12-19T00:00:00.000,QUEENS,CORRECTION OFFICER,ACTIVE,105146.00,per Annum,2080,113538.52,278.27,27346.43,13399.18
2025,72,DEPARTMENT OF CORRECTION,2016-12-19T00:00:00.000,QUEENS,CORRECTION OFFICER,ACTIVE,105146.00,per Annum,2080,113895.49,1142.2,94788.69,13501.33
2025,72,DEPARTMENT OF CORRECTION,2016-12-19T00:00:00.000,BRONX,CORRECTION OFFICER,ACTIVE,105146.00,per Annum,2080,113904.15,1006.75,85441.93,32923.53
2025,72,DEPARTMENT OF CORRECTION,2016-12-19T00:00:00.000,BRONX,CORRECTION OFFICER,ACTIVE,105146.00,per Annum,2080,113368.27,322.77,29139.18,29410.47
2025,72,DEPARTMENT OF CORRECTION,2016-12-19T00:00:00.000,QUEENS,CORRECTION OFFICER,ACTIVE,105146.00,per Annum,2080,109409.16,558.18,46040.64,12024.31
2025,72,DEPARTMENT OF CORRECTION,2016-07-11T00:00:00.000,QUEENS,PRINCIPAL ADMINISTRATIVE ASSOCIATE -  NON SUPVR,ACTIVE,74166.00,per Annum,1820,72889.44,43.25,1788.39,2988.69
2025,72,DEPARTMENT OF CORRECTION,2016-06-27T00:00:00.000,QUEENS,CORRECTION OFFICER,ACTIVE,105146.00,per Annum,2080,109280.99,395.97,38382.33,18487.49
2025,72,DEPARTMENT OF CORRECTION,2016-06-27T00:00:00.000,QUEENS,CORRECTION OFFICER,ACTIVE,105146.00,per Annum,2080,114068.06,656.48,63375.00,17692.07
2025,72,DEPARTMENT OF CORRECTION,2016-06-27T00:00:00.000,QUEENS,CORRECTION OFFICER,ACTIVE,105146.00,per Annum,2080,114194.63,1329.92,113958.51,12007.74
2025,72,DEPARTMENT OF CORRECTION,2016-12-19T00:00:00.000,QUEENS,CORRECTION OFFICER,CEASED,53344.00,per Annum,0,0.00,0,0.00,83.45
2025,72,DEPARTMENT OF CORRECTION,2016-06-27T00:00:00.000,QUEENS,CORRECTION OFFICER,ACTIVE,105146.00,per Annum,2080,114194.63,837.08,70180.46,13164.93
2025,72,DEPARTMENT OF CORRECTION,2016-06-27T00:00:00.000,QUEENS,CORRECTION OFFICER,ACTIVE,105146.00,per Annum,2080,114177.39,643,61992.07,19445.75
2025,72,DEPARTMENT OF CORRECTION,2016-06-27T00:00:00.000,QUEENS,CORRECTION OFFICER,ACTIVE,105146.00,per Annum,2080,113317.88,950.75,89861.14,17327.59
2025,72,DEPARTMENT OF CORRECTION,2016-01-14T00:00:00.000,QUEENS,CORRECTION OFFICER,ACTIVE,105146.00,per Annum,2080,112614.11,281.25,30023.65,17220.85
2025,72,DEPARTMENT OF CORRECTION,2016-01-14T00:00:00.000,QUEENS,CORRECTION OFFICER,ACTIVE,105146.00,per Annum,2080,113932.62,396.2,38870.66,17526.25
2025,72,DEPARTMENT OF CORRECTION,2016-01-14T00:00:00.000,QUEENS,CORRECTION OFFICER,ACTIVE,105146.00,per Annum,2017.15,108033.70,740.08,63494.25,8926.94
2025,72,DEPARTMENT OF CORRECTION,2022-07-05T00:00:00.000,QUEENS,IT INFRASTRUCTURE ENGINEER,ACTIVE,153353.00,per Annum,1820,148615.15,177.5,17498.79,1235.68
2025,72,DEPARTMENT OF CORRECTION,2019-07-01T00:00:00.000,QUEENS,COMMUNITY COORDINATOR,ACTIVE,86405.00,per Annum,1820,80513.90,0,0.00,0.00
2025,72,DEPARTMENT OF CORRECTION,2017-06-19T00:00:00.000,QUEENS,CORRECTION OFFICER,CEASED,53344.00,per Annum,0,0.00,0,0.00,103.01
2025,72,DEPARTMENT OF CORRECTION,2015-08-06T00:00:00.000,QUEENS,CORRECTION OFFICER,CEASED,92073.00,per Annum,0,0.00,0,0.00,652.94
2025,72,DEPARTMENT OF CORRECTION,2015-08-06T00:00:00.000,QUEENS,CORRECTION OFFICER,ACTIVE,105146.00,per Annum,2080,113765.28,1335.72,110416.04,16711.18
2025,72,DEPARTMENT OF CORRECTION,2015-08-06T00:00:00.000,QUEENS,CORRECTION OFFICER,ACTIVE,105146.00,per Annum,800,47968.97,71.25,7818.88,2488.10
2025,72,DEPARTMENT OF CORRECTION,2015-08-06T00:00:00.000,QUEENS,CORRECTION OFFICER,ACTIVE,105146.00,per Annum,2080,114142.90,145.75,17006.55,19747.60
2025,72,DEPARTMENT OF CORRECTION,2015-08-06T00:00:00.000,QUEENS,CORRECTION OFFICER,CEASED,98155.00,per Annum,0,1867.28,0,127.44,384.86
2025,72,DEPARTMENT OF CORRECTION,2015-08-06T00:00:00.000,QUEENS,CORRECTION OFFICER,ACTIVE,105146.00,per Annum,1952,107960.00,201.25,17460.15,11943.95
2025,72,DEPARTMENT OF CORRECTION,2015-03-05T00:00:00.000,QUEENS,CORRECTION OFFICER,ACTIVE,105146.00,per Annum,2080,114194.63,752.9,67117.69,13487.71
2025,72,DEPARTMENT OF CORRECTION,2015-03-05T00:00:00.000,QUEENS,CORRECTION OFFICER,CEASED,95065.00,per Annum,0,0.00,0,0.00,750.42
2025,72,DEPARTMENT OF CORRECTION,2015-03-05T00:00:00.000,QUEENS,CORRECTION OFFICER,ACTIVE,105146.00,per Annum,2080,114217.38,142.75,11338.91,12575.35
2025,72,DEPARTMENT OF CORRECTION,2017-10-09T00:00:00.000,QUEENS,CHAPLAIN,ACTIVE,69413.00,per Annum,1820,67268.36,0,82.87,5376.86
2025,72,DEPARTMENT OF CORRECTION,2024-02-20T00:00:00.000,QUEENS,ASSOCIATE CORRECTIONAL COUNSELOR,ACTIVE,59358.00,per Annum,1820,54535.33,0,0.00,0.00
2025,72,DEPARTMENT OF CORRECTION,2017-08-14T00:00:00.000,QUEENS,CASHIER,ACTIVE,48631.00,per Annum,1820,47128.38,866.5,32247.02,7359.23
2025,72,DEPARTMENT OF CORRECTION,2017-06-26T00:00:00.000,QUEENS,LOCKSMITH,ACTIVE,296.24,per Day,2080,89044.57,374.5,18916.57,3000.00
2025,72,DEPARTMENT OF CORRECTION,2017-06-19T00:00:00.000,QUEENS,CORRECTION OFFICER,ACTIVE,105146.00,per Annum,2080,113481.24,959.63,88726.14,19847.24
2025,72,DEPARTMENT OF CORRECTION,2017-06-19T00:00:00.000,QUEENS,CORRECTION OFFICER,ACTIVE,105146.00,per Annum,2080,113232.60,0,768.48,11013.24
2025,72,DEPARTMENT OF CORRECTION,2013-09-26T00:00:00.000,QUEENS,CORRECTION OFFICER,ACTIVE,105146.00,per Annum,2080,111797.95,442.5,34906.73,12256.22
2025,72,DEPARTMENT OF CORRECTION,2013-09-26T00:00:00.000,QUEENS,CORRECTION OFFICER,ACTIVE,105146.00,per Annum,2080,114194.63,1343.78,111039.63,16466.16
2025,72,DEPARTMENT OF CORRECTION,2013-05-16T00:00:00.000,QUEENS,CORRECTION OFFICER,CEASED,101590.00,per Annum,1400,78500.77,0,4163.34,29503.12
2025,72,DEPARTMENT OF CORRECTION,2015-01-26T00:00:00.000,QUEENS,ADMINISTRATIVE STAFF ANALYST,ACTIVE,104945.00,per Annum,1820,103942.55,0,0.00,0.00
2025,72,DEPARTMENT OF CORRECTION,2014-10-30T00:00:00.000,QUEENS,CORRECTION OFFICER,ACTIVE,105146.00,per Annum,2080,108543.37,566.37,52425.66,18161.27
2025,72,DEPARTMENT OF CORRECTION,2014-10-30T00:00:00.000,QUEENS,CORRECTION OFFICER,CEASED,92073.00,per Annum,0,0.00,0,0.00,739.48
2025,72,DEPARTMENT OF CORRECTION,2016-12-19T00:00:00.000,QUEENS,CORRECTION OFFICER,ACTIVE,105146.00,per Annum,2080,113573.53,885.35,75018.83,13723.49
2025,72,DEPARTMENT OF CORRECTION,2018-01-08T00:00:00.000,QUEENS,CORRECTION OFFICER,ACTIVE,105146.00,per Annum,2080,108670.70,586.68,56176.77,22454.80
2025,72,DEPARTMENT OF CORRECTION,2013-09-26T00:00:00.000,QUEENS,CORRECTION OFFICER,CEASED,58883.00,per Annum,0,0.00,0,0.00,381.55
2025,72,DEPARTMENT OF CORRECTION,2013-09-26T00:00:00.000,QUEENS,CORRECTION OFFICER,ACTIVE,105146.00,per Annum,1640,80465.04,367.12,29431.86,9472.46
2025,72,DEPARTMENT OF CORRECTION,2013-09-26T00:00:00.000,QUEENS,CORRECTION OFFICER,ACTIVE,105146.00,per Annum,2080,114070.83,860.02,72917.59,14374.73
2025,72,DEPARTMENT OF CORRECTION,2013-09-26T00:00:00.000,QUEENS,CORRECTION OFFICER,ACTIVE,105146.00,per Annum,2080,112503.51,846.97,77453.79,17797.06
2025,72,DEPARTMENT OF CORRECTION,2025-05-30T00:00:00.000,QUEENS,CORRECTION OFFICER,ACTIVE,54652.00,per Annum,91.43,2395.70,0,0.00,0.00
2025,72,DEPARTMENT OF CORRECTION,2025-05-30T00:00:00.000,QUEENS,CORRECTION OFFICER,ACTIVE,54652.00,per Annum,91.43,2395.70,0,0.00,0.00
2025,72,DEPARTMENT OF CORRECTION,2025-05-12T00:00:00.000,QUEENS,LICENSED BARBER,ACTIVE,40903.00,per Annum,175,3063.65,0,0.00,60.87
2025,72,DEPARTMENT OF CORRECTION,2025-02-24T00:00:00.000,QUEENS,INVESTIGATOR,CEASED,65467.00,per Annum,70,2511.06,0,0.00,0.00
2025,72,DEPARTMENT OF CORRECTION,2024-12-30T00:00:00.000,QUEENS,COLLEGE AIDE,ACTIVE,16.50,per Hour,339,5593.50,0,0.00,0.00
2025,72,DEPARTMENT OF CORRECTION,2024-12-19T00:00:00.000,BRONX,CORRECTION OFFICER,ACTIVE,54652.00,per Annum,1017.15,26287.66,52.5,2152.03,39.95
2025,72,DEPARTMENT OF CORRECTION,2024-12-19T00:00:00.000,QUEENS,CORRECTION OFFICER,ACTIVE,54652.00,per Annum,1017.15,26287.66,55.5,2201.80,39.95
2025,72,DEPARTMENT OF CORRECTION,2024-12-19T00:00:00.000,QUEENS,CORRECTION OFFICER,ACTIVE,54652.00,per Annum,1017.15,26253.48,47.5,1950.48,39.95
2025,72,DEPARTMENT OF CORRECTION,2024-12-19T00:00:00.000,QUEENS,CORRECTION OFFICER,ACTIVE,54652.00,per Annum,1017.15,26282.17,113.98,4643.36,39.95
2025,72,DEPARTMENT OF CORRECTION,2024-11-18T00:00:00.000,QUEENS,FITNESS INSTRUCTOR,ACTIVE,29.38,per Hour,783.35,22244.84,0,0.00,0.00
2025,72,DEPARTMENT OF CORRECTION,2024-07-18T00:00:00.000,QUEENS,CORRECTION OFFICER,CEASED,54652.00,per Annum,1777.28,45084.83,463.05,17802.59,2803.20
2025,72,DEPARTMENT OF CORRECTION,2024-07-18T00:00:00.000,QUEENS,CORRECTION OFFICER,CEASED,54652.00,per Annum,1647.05,38981.70,395.9,15243.26,1715.15
2025,72,DEPARTMENT OF CORRECTION,2024-06-17T00:00:00.000,MANHATTAN,DIETITIAN,ACTIVE,71417.00,per Annum,1820,69122.75,0,0.00,500.00
2025,72,DEPARTMENT OF CORRECTION,2023-10-19T00:00:00.000,QUEENS,CORRECTION OFFICER,ACTIVE,59629.00,per Annum,2080,53065.71,969.92,40765.59,5468.15
2025,72,DEPARTMENT OF CORRECTION,2023-10-19T00:00:00.000,QUEENS,CORRECTION OFFICER,ACTIVE,59629.00,per Annum,2080,49101.22,800.67,34007.52,5220.50
2025,72,DEPARTMENT OF CORRECTION,2023-10-16T00:00:00.000,QUEENS,INVESTIGATOR,ACTIVE,67595.00,per Annum,1820,64776.83,37.25,1439.59,1764.88
2025,72,DEPARTMENT OF CORRECTION,2023-07-31T00:00:00.000,QUEENS,CASHIER,ACTIVE,46504.00,per Annum,1820,45067.00,303.75,9721.38,1037.42
2025,72,DEPARTMENT OF CORRECTION,2023-07-20T00:00:00.000,BRONX,CORRECTION OFFICER,CEASED,52804.00,per Annum,992.45,25007.17,313.15,13351.15,3600.90
2025,72,DEPARTMENT OF CORRECTION,2023-07-20T00:00:00.000,QUEENS,CORRECTION OFFICER,CEASED,52804.00,per Annum,52.37,4200.17,0,307.06,-291.73
2025,72,DEPARTMENT OF CORRECTION,2024-07-18T00:00:00.000,QUEENS,CORRECTION OFFICER,CEASED,52804.00,per Annum,161.15,4056.39,0,0.00,0.00
2025,72,DEPARTMENT OF CORRECTION,2022-11-07T00:00:00.000,QUEENS,HIGH PRESSURE PLANT TENDER,ACTIVE,339.49,per Day,2080,92392.36,1723,115302.40,20512.76
2025,72,DEPARTMENT OF CORRECTION,2022-06-23T00:00:00.000,QUEENS,CORRECTION OFFICER,CEASED,51018.00,per Annum,0,1527.38,0,740.33,54.14
2025,72,DEPARTMENT OF CORRECTION,2022-06-23T00:00:00.000,QUEENS,CORRECTION OFFICER,CEASED,49412.00,per Annum,0,874.27,0,80.62,8.18
2025,72,DEPARTMENT OF CORRECTION,2022-05-31T00:00:00.000,QUEENS,COMMUNITY COORDINATOR,ACTIVE,72298.00,per Annum,1735.12,66429.05,0,0.00,11.50
2025,72,DEPARTMENT OF CORRECTION,2019-02-11T00:00:00.000,QUEENS,CORRECTION OFFICER,CEASED,45330.00,per Annum,0,0.00,0,0.00,75.00
2025,72,DEPARTMENT OF CORRECTION,2019-02-11T00:00:00.000,QUEENS,CORRECTION OFFICER,ON LEAVE,105146.00,per Annum,0,0.00,0,0.00,656.08
2025,72,DEPARTMENT OF CORRECTION,2018-09-17T00:00:00.000,BRONX,CLERICAL ASSOCIATE MOST MAYORAL AG,ACTIVE,53479.00,per Annum,1820,51827.17,0,0.00,2086.86
2025,72,DEPARTMENT OF CORRECTION,2018-07-23T00:00:00.000,QUEENS,CORRECTION OFFICER,ACTIVE,105146.00,per Annum,2080,110761.99,430.75,38117.51,16240.57
2025,72,DEPARTMENT OF CORRECTION,2018-07-23T00:00:00.000,QUEENS,CORRECTION OFFICER,ACTIVE,105146.00,per Annum,2080,111337.47,1030.37,92555.86,21878.00
2025,72,DEPARTMENT OF CORRECTION,2018-07-23T00:00:00.000,QUEENS,CORRECTION OFFICER,ACTIVE,105146.00,per Annum,2080,106377.25,495.73,38799.52,9895.47
2025,72,DEPARTMENT OF CORRECTION,2024-02-20T00:00:00.000,QUEENS,ADMINISTRATIVE CONSTRUCTION PROJECT MANAGER,ACTIVE,110430.00,per Annum,1820,106649.08,0,0.00,0.00
2025,72,DEPARTMENT OF CORRECTION,2018-01-08T00:00:00.000,BRONX,CORRECTION OFFICER,ACTIVE,105146.00,per Annum,2080,112753.07,466.57,42092.60,15859.09
2025,72,DEPARTMENT OF CORRECTION,2018-01-08T00:00:00.000,QUEENS,CORRECTION OFFICER,ACTIVE,105146.00,per Annum,2080,112728.41,1183.03,111799.97,22252.29
2025,72,DEPARTMENT OF CORRECTION,2018-01-08T00:00:00.000,QUEENS,CORRECTION OFFICER,CEASED,69380.00,per Annum,0,0.11,0,0.00,0.20
2025,72,DEPARTMENT OF CORRECTION,2018-01-08T00:00:00.000,QUEENS,CORRECTION OFFICER,CEASED,54678.00,per Annum,0,0.00,0,0.00,1108.90
2025,72,DEPARTMENT OF CORRECTION,2018-01-08T00:00:00.000,QUEENS,CORRECTION OFFICER,ACTIVE,105146.00,per Annum,2080,96141.93,565.93,50590.09,17699.28
2025,72,DEPARTMENT OF CORRECTION,2018-01-08T00:00:00.000,QUEENS,CORRECTION OFFICER,ACTIVE,105146.00,per Annum,2080,109700.15,561,53121.15,22113.52
2025,72,DEPARTMENT OF CORRECTION,2018-01-08T00:00:00.000,QUEENS,CORRECTION OFFICER,ACTIVE,105146.00,per Annum,312,15728.92,30.67,2421.79,972.98
2025,72,DEPARTMENT OF CORRECTION,2018-01-08T00:00:00.000,QUEENS,CORRECTION OFFICER,ACTIVE,105146.00,per Annum,2080,112207.75,1045.38,86578.88,12562.75
2025,72,DEPARTMENT OF CORRECTION,2018-01-08T00:00:00.000,QUEENS,CORRECTION OFFICER,CEASED,105146.00,per Annum,1760,95155.12,260.25,22492.23,24326.65
2025,72,DEPARTMENT OF CORRECTION,2017-10-30T00:00:00.000,QUEENS,RECREATION SUPERVISOR,ACTIVE,68875.00,per Annum,1820,66746.92,189,8476.12,1946.01
2025,72,DEPARTMENT OF CORRECTION,2014-05-08T00:00:00.000,QUEENS,CORRECTION OFFICER,CEASED,95065.00,per Annum,0,1149.05,0,319.31,14.98
2025,72,DEPARTMENT OF CORRECTION,1987-12-30T00:00:00.000,MANHATTAN,WARDEN,ACTIVE,246581.00,per Annum,2080,238137.86,0,0.00,0.00
2025,72,DEPARTMENT OF CORRECTION,2013-05-16T00:00:00.000,QUEENS,CORRECTION OFFICER,ACTIVE,105146.00,per Annum,2080,114157.97,810.5,67823.08,13121.98
2025,72,DEPARTMENT OF CORRECTION,1989-06-05T00:00:00.000,QUEENS,PLUMBER,ACTIVE,434.98,per Day,1820,110987.45,341.5,42441.62,0.00
2025,72,DEPARTMENT OF CORRECTION,2008-11-20T00:00:00.000,QUEENS,CORRECTION OFFICER,CEASED,89391.00,per Annum,0,0.00,0,0.00,75.00
2025,72,DEPARTMENT OF CORRECTION,2000-06-01T00:00:00.000,QUEENS,CAPTAIN,CEASED,111821.00,per Annum,0,0.00,0,0.00,490.39
2025,72,DEPARTMENT OF CORRECTION,2000-05-15T00:00:00.000,QUEENS,OILER,ACTIVE,555.52,per Day,2080,140457.03,1334.5,136612.75,22577.65
2025,72,DEPARTMENT OF CORRECTION,2012-09-06T00:00:00.000,QUEENS,CORRECTION OFFICER,ACTIVE,105146.00,per Annum,2080,103171.15,711.5,66833.46,20349.62
2025,72,DEPARTMENT OF CORRECTION,1999-04-01T00:00:00.000,QUEENS,CORRECTION OFFICER,CEASED,87211.00,per Annum,0,0.00,0,0.00,358.60
2025,72,DEPARTMENT OF CORRECTION,2010-07-12T00:00:00.000,QUEENS,PROGRAM SPECIALIST  CORRECTION,ACTIVE,95393.00,per Annum,1820,92445.53,0,0.00,717.85
2025,72,DEPARTMENT OF CORRECTION,2001-12-20T00:00:00.000,QUEENS,CORRECTION OFFICER,CEASED,95065.00,per Annum,0,1739.43,0,0.00,31.22
2025,72,DEPARTMENT OF CORRECTION,2008-01-17T00:00:00.000,MANHATTAN,CORRECTION OFFICER,ACTIVE,105146.00,per Annum,2080,114194.63,1450.48,126264.46,12661.14
2025,72,DEPARTMENT OF CORRECTION,1999-04-01T00:00:00.000,BRONX,CAPTAIN,CEASED,109360.00,per Annum,0,0.00,0,0.00,480.69
2025,72,DEPARTMENT OF CORRECTION,2008-06-29T00:00:00.000,QUEENS,MOTOR VEHICLE OPERATOR,ACTIVE,58288.00,per Annum,2080,55447.67,895.75,38659.72,20169.39
2025,72,DEPARTMENT OF CORRECTION,2002-06-06T00:00:00.000,QUEENS,CORRECTION OFFICER,CEASED,101590.00,per Annum,0,11165.77,0,6703.96,2238.03
2025,72,DEPARTMENT OF CORRECTION,2007-08-30T00:00:00.000,QUEENS,CAPTAIN,ACTIVE,130260.00,per Annum,2080,127873.55,1627.5,159516.91,15844.48
2025,72,DEPARTMENT OF CORRECTION,2009-08-27T00:00:00.000,QUEENS,CAPTAIN,ACTIVE,130260.00,per Annum,2080,127699.04,314,30743.19,22609.80
2025,72,DEPARTMENT OF CORRECTION,1996-07-01T00:00:00.000,QUEENS,CORRECTION OFFICER,CEASED,89391.00,per Annum,0,0.00,0,0.00,754.97
2025,72,DEPARTMENT OF CORRECTION,2004-05-03T00:00:00.000,QUEENS,CIVIL ENGINEER,CEASED,104598.00,per Annum,0,-327.01,0,0.00,-56576.77
2025,72,DEPARTMENT OF CORRECTION,2004-12-16T00:00:00.000,QUEENS,CORRECTION OFFICER,CEASED,89391.00,per Annum,0,0.00,0,0.00,797.21
2025,72,DEPARTMENT OF CORRECTION,2013-01-03T00:00:00.000,QUEENS,CORRECTION OFFICER,CEASED,101590.00,per Annum,464,34413.27,0,369.29,4543.56
2025,72,DEPARTMENT OF CORRECTION,2004-12-16T00:00:00.000,BROOKLYN,CORRECTION OFFICER,CEASED,101590.00,per Annum,1144,63903.46,3.37,782.95,7519.63
2025,72,DEPARTMENT OF CORRECTION,2004-02-12T00:00:00.000,MANHATTAN,CORRECTION OFFICER,CEASED,101590.00,per Annum,-8,10793.51,0,3788.09,-1363.92
2025,72,DEPARTMENT OF CORRECTION,2009-08-27T00:00:00.000,BROOKLYN,CORRECTION OFFICER,ACTIVE,105146.00,per Annum,2080,114133.53,836.25,72836.06,19487.28
2025,72,DEPARTMENT OF CORRECTION,2011-05-26T00:00:00.000,MANHATTAN,CORRECTION OFFICER,ACTIVE,105146.00,per Annum,2080,112008.72,728.83,61472.26,11690.44
2025,72,DEPARTMENT OF CORRECTION,2005-11-03T00:00:00.000,MANHATTAN,CORRECTION OFFICER,CEASED,95065.00,per Annum,0,2049.27,0,320.02,67.93
2025,72,DEPARTMENT OF CORRECTION,2011-05-26T00:00:00.000,BROOKLYN,CORRECTION OFFICER,ACTIVE,105146.00,per Annum,2080,114194.63,237.73,22308.11,21148.84
2025,72,DEPARTMENT OF CORRECTION,2016-12-19T00:00:00.000,QUEENS,CORRECTION OFFICER,ACTIVE,105146.00,per Annum,2080,113515.68,1229.13,109339.42,19432.86
2025,72,DEPARTMENT OF CORRECTION,2016-06-27T00:00:00.000,BRONX,CORRECTION OFFICER,ACTIVE,105146.00,per Annum,2080,114194.63,24,2644.89,10786.09
2025,72,DEPARTMENT OF CORRECTION,2006-02-23T00:00:00.000,QUEENS,CORRECTION OFFICER,CEASED,98155.00,per Annum,0,8137.29,0,1224.04,663.58
2025,72,DEPARTMENT OF CORRECTION,2006-02-23T00:00:00.000,QUEENS,CORRECTION OFFICER,ACTIVE,105146.00,per Annum,2080,114194.63,950,93415.34,19627.42
2025,72,DEPARTMENT OF CORRECTION,2006-02-23T00:00:00.000,QUEENS,CAPTAIN,CEASED,85856.00,per Annum,0,0.00,0,0.00,75.00
2025,72,DEPARTMENT OF CORRECTION,2009-08-27T00:00:00.000,MANHATTAN,CORRECTION OFFICER,ACTIVE,105146.00,per Annum,2080,114169.87,758.33,68794.52,17271.85
2025,72,DEPARTMENT OF CORRECTION,2006-06-29T00:00:00.000,QUEENS,CORRECTION OFFICER,ACTIVE,105146.00,per Annum,2080,114182.41,1177.5,103682.91,12668.51
2025,72,DEPARTMENT OF CORRECTION,2006-06-29T00:00:00.000,BRONX,CAPTAIN,ACTIVE,130260.00,per Annum,2080,127873.55,1003.75,106106.68,22341.49
2025,72,DEPARTMENT OF CORRECTION,2006-06-29T00:00:00.000,QUEENS,CORRECTION OFFICER,ACTIVE,105146.00,per Annum,2080,100453.38,894.52,70935.86,26773.25
2025,72,DEPARTMENT OF CORRECTION,2006-06-29T00:00:00.000,QUEENS,CORRECTION OFFICER,CEASED,101590.00,per Annum,216,22321.63,0,5763.17,17843.93
2025,72,DEPARTMENT OF CORRECTION,2006-07-10T00:00:00.000,QUEENS,CORRECTION OFFICER,ACTIVE,105146.00,per Annum,2080,108804.10,918.88,77740.18,12893.50
2025,72,DEPARTMENT OF CORRECTION,2014-10-30T00:00:00.000,QUEENS,CAPTAIN,ACTIVE,130260.00,per Annum,2080,127873.55,857,82499.37,17624.58
2025,72,DEPARTMENT OF CORRECTION,2006-11-09T00:00:00.000,BRONX,CORRECTION OFFICER,CEASED,98155.00,per Annum,0,12203.90,0,2927.30,537.95
2025,72,DEPARTMENT OF CORRECTION,2006-11-09T00:00:00.000,QUEENS,CAPTAIN,ACTIVE,103677.00,per Annum,2080,112290.14,809,72789.12,16199.38
2025,72,DEPARTMENT OF CORRECTION,2007-02-26T00:00:00.000,QUEENS,PRINCIPAL ADMINISTRATIVE ASSOCIATE -  NON SUPVR,ACTIVE,61406.00,per Annum,1820,60331.30,13.25,570.52,4813.41
2025,72,DEPARTMENT OF CORRECTION,2007-03-08T00:00:00.000,QUEENS,CORRECTION OFFICER,ACTIVE,105146.00,per Annum,2080,123891.51,717.12,63464.27,20424.78
2025,72,DEPARTMENT OF CORRECTION,2007-04-12T00:00:00.000,BRONX,CORRECTION OFFICER,ACTIVE,105146.00,per Annum,2080,114194.63,831.78,71602.60,15062.23
2025,72,DEPARTMENT OF CORRECTION,2007-04-12T00:00:00.000,QUEENS,CAPTAIN,ACTIVE,130260.00,per Annum,2080,100366.46,1010.5,107683.32,21456.44
2025,72,DEPARTMENT OF CORRECTION,2009-08-27T00:00:00.000,QUEENS,CORRECTION OFFICER,ACTIVE,105146.00,per Annum,2080,114194.63,1358.8,123140.72,18013.90
2025,72,DEPARTMENT OF CORRECTION,2016-01-14T00:00:00.000,BRONX,CORRECTION OFFICER,CEASED,53344.00,per Annum,0,0.00,0,0.00,75.00
2025,72,DEPARTMENT OF CORRECTION,2007-11-01T00:00:00.000,QUEENS,CAPTAIN,ACTIVE,130260.00,per Annum,2080,127338.52,632.25,67421.04,22343.12
2025,72,DEPARTMENT OF CORRECTION,2007-11-01T00:00:00.000,QUEENS,CORRECTION OFFICER,CEASED,105146.00,per Annum,1480,83595.72,379.98,32542.72,28067.72
2025,72,DEPARTMENT OF CORRECTION,2008-01-17T00:00:00.000,QUEENS,WARDEN-ASSISTANT DEPUTY WARDEN TED < 11/1/92,ACTIVE,144462.00,per Annum,2080,147676.80,863.75,104266.93,31424.72
2025,72,DEPARTMENT OF CORRECTION,2008-01-17T00:00:00.000,QUEENS,CORRECTION OFFICER,ACTIVE,105146.00,per Annum,2080,95292.33,0,0.00,12248.38
2025,72,DEPARTMENT OF CORRECTION,2008-01-17T00:00:00.000,MANHATTAN,CORRECTION OFFICER,ACTIVE,105146.00,per Annum,2080,108282.44,632.03,58801.85,20624.57
2025,72,DEPARTMENT OF CORRECTION,2008-02-19T00:00:00.000,QUEENS,ELECTRICIAN,ACTIVE,480.97,per Day,1820,122378.21,1619.5,163032.93,7354.78
2025,72,DEPARTMENT OF CORRECTION,2011-05-26T00:00:00.000,QUEENS,CORRECTION OFFICER,ACTIVE,105146.00,per Annum,2080,112310.31,578.88,50679.78,14448.86
2025,72,DEPARTMENT OF CORRECTION,2008-06-26T00:00:00.000,QUEENS,CORRECTION OFFICER,ACTIVE,105146.00,per Annum,2080,111227.28,899.75,55470.95,35632.18
2025,72,DEPARTMENT OF CORRECTION,2008-06-26T00:00:00.000,QUEENS,CORRECTION OFFICER,ACTIVE,105146.00,per Annum,2080,114194.63,1219.93,107228.38,15903.60
2025,72,DEPARTMENT OF CORRECTION,2013-01-03T00:00:00.000,QUEENS,CORRECTION OFFICER,ACTIVE,105146.00,per Annum,2080,113458.47,575,49118.01,16278.49
2025,72,DEPARTMENT OF CORRECTION,2008-06-26T00:00:00.000,QUEENS,WARDEN-ASSISTANT DEPUTY WARDEN TED < 11/1/92,ACTIVE,127664.00,per Annum,2080,130057.22,1343.25,137960.41,20259.78
2025,72,DEPARTMENT OF CORRECTION,2008-08-07T00:00:00.000,QUEENS,CORRECTION OFFICER,ON SEPARATION LEAVE,105146.00,per Annum,2080,114194.63,693.95,62406.79,14953.44
2025,72,DEPARTMENT OF CORRECTION,2008-11-10T00:00:00.000,QUEENS,PRINCIPAL ADMINISTRATIVE ASSOCIATE -  NON SUPVR,ACTIVE,72914.00,per Annum,1820,69561.20,74.5,3400.68,4722.02
2025,72,DEPARTMENT OF CORRECTION,2008-11-20T00:00:00.000,BRONX,CORRECTION OFFICER,CEASED,98155.00,per Annum,0,4330.45,0,0.00,17.27
2025,72,DEPARTMENT OF CORRECTION,2008-11-20T00:00:00.000,MANHATTAN,CORRECTION OFFICER,ACTIVE,105146.00,per Annum,2080,114169.87,648.68,54059.34,13717.96
2025,72,DEPARTMENT OF CORRECTION,2015-07-19T00:00:00.000,QUEENS,PROGRAM SPECIALIST  CORRECTION,ACTIVE,97313.00,per Annum,1820,94280.74,66,4049.56,676.19
2025,72,DEPARTMENT OF CORRECTION,2009-02-02T00:00:00.000,QUEENS,STATIONARY ENGINEER,ACTIVE,591.20,per Day,2080,149477.76,985.75,108662.65,26424.55
2025,72,DEPARTMENT OF CORRECTION,2013-09-03T00:00:00.000,QUEENS,EXECUTIVE AGENCY COUNSEL,ACTIVE,172835.00,per Annum,1820,166917.58,0,0.00,1000.00
2025,72,DEPARTMENT OF CORRECTION,2016-03-07T00:00:00.000,QUEENS,ASSOCIATE CORRECTIONAL COUNSELOR,ACTIVE,77148.00,per Annum,1820,74478.90,0,0.00,860.62
2025,72,DEPARTMENT OF CORRECTION,2013-05-16T00:00:00.000,QUEENS,CAPTAIN,ACTIVE,130260.00,per Annum,2080,125762.36,1372.75,144894.59,22420.83
2025,72,DEPARTMENT OF CORRECTION,2009-08-27T00:00:00.000,QUEENS,CAPTAIN,ACTIVE,130260.00,per Annum,2080,125565.91,378.5,37361.88,15765.03
2025,72,DEPARTMENT OF CORRECTION,2009-12-07T00:00:00.000,MANHATTAN,FOOD SERVICE MANAGER,ACTIVE,70707.00,per Annum,1820,68017.49,157.75,7482.41,12411.52
2025,72,DEPARTMENT OF CORRECTION,2009-12-07T00:00:00.000,MANHATTAN,FOOD SERVICE MANAGER,ACTIVE,70849.00,per Annum,1820,68251.41,115.75,5345.55,10653.58
2025,72,DEPARTMENT OF CORRECTION,2016-01-14T00:00:00.000,QUEENS,CAPTAIN,ACTIVE,103677.00,per Annum,2080,109492.39,603.75,51287.74,13530.46
2025,72,DEPARTMENT OF CORRECTION,2010-12-16T00:00:00.000,MANHATTAN,CORRECTION OFFICER,ACTIVE,105146.00,per Annum,2080,114182.41,482.37,40595.67,14124.20
2025,72,DEPARTMENT OF CORRECTION,2010-12-16T00:00:00.000,BRONX,CORRECTION OFFICER,CEASED,92073.00,per Annum,0,0.00,0,0.00,75.00
2025,72,DEPARTMENT OF CORRECTION,2011-01-18T00:00:00.000,QUEENS,COMPUTER OPERATIONS MANAGER,ACTIVE,207781.00,per Annum,1820,200666.99,0,0.00,651.00
2025,72,DEPARTMENT OF CORRECTION,2011-05-26T00:00:00.000,QUEENS,CORRECTION OFFICER,ACTIVE,105146.00,per Annum,2080,114145.35,561.68,49154.59,13176.32
2025,72,DEPARTMENT OF CORRECTION,2016-03-07T00:00:00.000,QUEENS,PROGRAM SPECIALIST  CORRECTION,ACTIVE,82391.00,per Annum,1820,79845.93,841.5,50290.14,6132.28
2025,72,DEPARTMENT OF CORRECTION,2016-06-27T00:00:00.000,QUEENS,CORRECTION OFFICER,ON LEAVE,105146.00,per Annum,1977.15,54977.78,0,3643.19,10404.10
2025,72,DEPARTMENT OF CORRECTION,2011-08-25T00:00:00.000,QUEENS,CORRECTION OFFICER,CEASED,95065.00,per Annum,0,0.00,0,0.00,729.58
2025,72,DEPARTMENT OF CORRECTION,2011-12-22T00:00:00.000,QUEENS,CORRECTION OFFICER,ON LEAVE,105146.00,per Annum,1529.13,71017.02,0,544.64,10592.63
2025,72,DEPARTMENT OF CORRECTION,2011-12-22T00:00:00.000,QUEENS,CORRECTION OFFICER,ACTIVE,105146.00,per Annum,2080,111977.45,838.18,71716.41,14342.54
2025,72,DEPARTMENT OF CORRECTION,2017-06-19T00:00:00.000,QUEENS,CORRECTION OFFICER,CEASED,44333.00,per Annum,0,0.00,0,0.00,76.82
2025,72,DEPARTMENT OF CORRECTION,2012-04-26T00:00:00.000,QUEENS,CORRECTION OFFICER,CEASED,85292.00,per Annum,0,0.00,0,0.00,75.00
2025,72,DEPARTMENT OF CORRECTION,2012-04-26T00:00:00.000,BRONX,CORRECTION OFFICER,ON SEPARATION LEAVE,105146.00,per Annum,2080,113674.73,0,2629.30,11627.33
2025,72,DEPARTMENT OF CORRECTION,2012-04-26T00:00:00.000,QUEENS,CORRECTION OFFICER,ACTIVE,105146.00,per Annum,2080,82726.57,292.47,25221.63,11282.28
2025,72,DEPARTMENT OF CORRECTION,2012-04-26T00:00:00.000,QUEENS,CORRECTION OFFICER,CEASED,98155.00,per Annum,0,3048.82,0,1197.55,34.04
2025,72,DEPARTMENT OF CORRECTION,2016-06-27T00:00:00.000,QUEENS,CORRECTION OFFICER,CEASED,98155.00,per Annum,0,0.00,0,0.00,-8903.73
2025,72,DEPARTMENT OF CORRECTION,2023-12-05T00:00:00.000,QUEENS,ASSISTANT COMMISSIONER,ACTIVE,161802.00,per Annum,1820,156262.16,0,0.00,0.00
2025,72,DEPARTMENT OF CORRECTION,2012-09-06T00:00:00.000,QUEENS,CORRECTION OFFICER,ACTIVE,105146.00,per Annum,2080,107680.74,202.08,20272.68,16068.34
2025,72,DEPARTMENT OF CORRECTION,2012-09-06T00:00:00.000,QUEENS,CORRECTION OFFICER,ACTIVE,105146.00,per Annum,2080,114138.71,0,4595.65,18359.86
2025,72,DEPARTMENT OF CORRECTION,2012-09-06T00:00:00.000,QUEENS,CORRECTION OFFICER,ON LEAVE,105146.00,per Annum,2080,80202.69,0,0.00,12087.27
2025,72,DEPARTMENT OF CORRECTION,2012-09-06T00:00:00.000,QUEENS,CORRECTION OFFICER,CEASED,105146.00,per Annum,2053.58,112800.89,8,1277.23,26322.15
2025,72,DEPARTMENT OF CORRECTION,2017-06-19T00:00:00.000,QUEENS,STAFF ANALYST,ACTIVE,88943.00,per Annum,1702,79203.95,220.5,11217.40,0.00
2025,72,DEPARTMENT OF CORRECTION,2023-05-22T00:00:00.000,QUEENS,INVESTIGATOR,ACTIVE,67595.00,per Annum,1820,12926.52,0,0.00,376.51
2025,72,DEPARTMENT OF CORRECTION,2022-01-03T00:00:00.000,QUEENS,MANAGEMENT AUDITOR,ACTIVE,74855.00,per Annum,1820,72542.43,219.75,10926.30,265.85
2025,72,DEPARTMENT OF CORRECTION,2013-01-03T00:00:00.000,QUEENS,CORRECTION OFFICER,ACTIVE,105146.00,per Annum,2080,113134.19,645,61859.36,20825.86
2025,72,DEPARTMENT OF CORRECTION,2013-01-03T00:00:00.000,QUEENS,CORRECTION OFFICER,ACTIVE,105146.00,per Annum,2080,114194.63,545.75,47008.09,11618.09
2025,72,DEPARTMENT OF CORRECTION,2013-01-03T00:00:00.000,BRONX,CORRECTION OFFICER,ACTIVE,105146.00,per Annum,2160,118955.67,231.75,24066.38,15266.05
2025,72,DEPARTMENT OF CORRECTION,2013-01-03T00:00:00.000,QUEENS,CORRECTION OFFICER,CEASED,101590.00,per Annum,1286.92,74451.73,161.27,16259.87,8305.65
2025,72,DEPARTMENT OF CORRECTION,2015-08-06T00:00:00.000,MANHATTAN,CORRECTION OFFICER,CEASED,46962.00,per Annum,0,0.00,0,0.00,75.00
2025,72,DEPARTMENT OF CORRECTION,2004-08-12T00:00:00.000,MANHATTAN,CORRECTION OFFICER,CEASED,101590.00,per Annum,448,33658.79,0,3735.75,22084.20
2025,72,DEPARTMENT OF CORRECTION,2004-02-12T00:00:00.000,QUEENS,CORRECTION OFFICER,CEASED,101590.00,per Annum,0,13158.91,0,4593.18,977.46
2025,72,DEPARTMENT OF CORRECTION,2005-06-09T00:00:00.000,QUEENS,CORRECTION OFFICER,CEASED,101590.00,per Annum,408,25615.38,16.08,1253.52,4413.38
2025,72,DEPARTMENT OF CORRECTION,2017-06-19T00:00:00.000,QUEENS,CORRECTION OFFICER,CEASED,98155.00,per Annum,0,0.00,0,0.00,1144.38
2025,72,DEPARTMENT OF CORRECTION,2016-12-22T00:00:00.000,QUEENS,CORRECTION OFFICER,ACTIVE,105146.00,per Annum,2080,113944.51,594.48,51506.28,10898.92
2025,72,DEPARTMENT OF CORRECTION,2001-12-20T00:00:00.000,QUEENS,CORRECTION OFFICER,CEASED,87211.00,per Annum,0,0.00,0,0.00,312.70
2025,72,DEPARTMENT OF CORRECTION,2001-12-20T00:00:00.000,QUEENS,CAPTAIN,CEASED,125855.00,per Annum,80,4812.40,0,0.00,28032.43
2025,72,DEPARTMENT OF CORRECTION,2005-11-03T00:00:00.000,QUEENS,CORRECTION OFFICER,ACTIVE,105146.00,per Annum,2080,112901.36,627.88,56104.06,13639.01
2025,72,DEPARTMENT OF CORRECTION,2002-06-06T00:00:00.000,QUEENS,CORRECTION OFFICER,CEASED,95065.00,per Annum,0,0.00,0,0.00,1165.15
2025,72,DEPARTMENT OF CORRECTION,2002-06-06T00:00:00.000,BRONX,CORRECTION OFFICER,CEASED,95065.00,per Annum,0,1704.99,0,0.00,20.19
2025,72,DEPARTMENT OF CORRECTION,2004-02-12T00:00:00.000,QUEENS,CAPTAIN,ACTIVE,130260.00,per Annum,2080,123743.71,1575.5,171328.00,25977.51
2025,72,DEPARTMENT OF CORRECTION,2011-05-26T00:00:00.000,QUEENS,CORRECTION OFFICER,ACTIVE,105146.00,per Annum,2080,114165.35,594.85,50105.83,15227.83
2025,72,DEPARTMENT OF CORRECTION,2004-02-12T00:00:00.000,QUEENS,CORRECTION OFFICER,CEASED,98155.00,per Annum,0,9066.08,0,860.17,84.96
2025,72,DEPARTMENT OF CORRECTION,2004-02-12T00:00:00.000,MANHATTAN,CORRECTION OFFICER,CEASED,101590.00,per Annum,632,42366.64,0,1806.98,7981.75
2025,72,DEPARTMENT OF CORRECTION,2004-03-04T00:00:00.000,QUEENS,CORRECTION OFFICER,ACTIVE,105146.00,per Annum,2080,111344.38,1399.75,131638.92,26275.06
2025,72,DEPARTMENT OF CORRECTION,2004-03-04T00:00:00.000,QUEENS,CORRECTION OFFICER,CEASED,101590.00,per Annum,448,33671.01,0,4860.45,5298.94
2025,72,DEPARTMENT OF CORRECTION,2004-08-12T00:00:00.000,QUEENS,CORRECTION OFFICER,ACTIVE,105146.00,per Annum,2080,114194.63,1045.82,92354.31,18249.28
2025,72,DEPARTMENT OF CORRECTION,2004-12-16T00:00:00.000,BRONX,CORRECTION OFFICER,CEASED,95065.00,per Annum,0,0.00,0,0.00,354.14
2025,72,DEPARTMENT OF CORRECTION,2004-12-06T00:00:00.000,QUEENS,CORRECTION OFFICER,ACTIVE,105146.00,per Annum,2080,111591.25,884.15,75707.12,16745.97
2025,72,DEPARTMENT OF CORRECTION,2004-12-16T00:00:00.000,QUEENS,CORRECTION OFFICER,ACTIVE,105146.00,per Annum,2080,114194.63,689.12,65355.93,19329.38
2025,72,DEPARTMENT OF CORRECTION,2006-06-29T00:00:00.000,QUEENS,CORRECTION OFFICER,ACTIVE,105146.00,per Annum,2080,114178.34,527,49766.05,13068.10
2025,72,DEPARTMENT OF CORRECTION,2005-01-13T00:00:00.000,BROOKLYN,CORRECTION OFFICER,CEASED,105146.00,per Annum,1656,92807.23,261,23831.20,31950.07
2025,72,DEPARTMENT OF CORRECTION,2007-08-30T00:00:00.000,QUEENS,CORRECTION OFFICER,CEASED,98155.00,per Annum,0,5506.70,0,0.00,176.19
2025,72,DEPARTMENT OF CORRECTION,2005-06-02T00:00:00.000,QUEENS,CORRECTION OFFICER,CEASED,105146.00,per Annum,2008,110564.89,679.52,60112.70,35863.54
2025,72,DEPARTMENT OF CORRECTION,2005-06-02T00:00:00.000,QUEENS,WARDEN-ASSISTANT DEPUTY WARDEN TED < 11/1/92,ACTIVE,144462.00,per Annum,2080,147658.82,1742.97,207020.30,30801.09
2025,72,DEPARTMENT OF CORRECTION,2005-06-02T00:00:00.000,QUEENS,CAPTAIN,ACTIVE,130260.00,per Annum,2080,127873.55,1365.5,135711.21,20583.67
2025,72,DEPARTMENT OF CORRECTION,2005-06-02T00:00:00.000,QUEENS,CORRECTION OFFICER,CEASED,98155.00,per Annum,0,3665.12,0,0.00,14.65
2025,72,DEPARTMENT OF CORRECTION,2005-06-09T00:00:00.000,QUEENS,CORRECTION OFFICER,ON SEPARATION LEAVE,105146.00,per Annum,2080,114194.63,229.75,22072.74,15686.46
2025,72,DEPARTMENT OF CORRECTION,2005-06-09T00:00:00.000,MANHATTAN,CORRECTION OFFICER,ACTIVE,105146.00,per Annum,2080,114170.19,1589.93,149548.67,22703.25
2025,72,DEPARTMENT OF CORRECTION,2018-07-23T00:00:00.000,QUEENS,CORRECTION OFFICER,ACTIVE,67196.00,per Annum,1874.28,63315.05,656.82,35112.39,8079.13
2025,72,DEPARTMENT OF CORRECTION,2007-08-30T00:00:00.000,QUEENS,CORRECTION OFFICER,ACTIVE,105146.00,per Annum,2080,114194.63,832.45,71670.66,15111.43
2025,72,DEPARTMENT OF CORRECTION,2008-02-28T00:00:00.000,QUEENS,CORRECTION OFFICER,ACTIVE,105146.00,per Annum,2080,114182.41,1315.95,124456.44,22336.33
2025,72,DEPARTMENT OF CORRECTION,2005-11-03T00:00:00.000,BROOKLYN,CAPTAIN,ACTIVE,130260.00,per Annum,2080,127873.55,259.5,25790.94,17441.65
2025,72,DEPARTMENT OF CORRECTION,2008-01-17T00:00:00.000,MANHATTAN,CORRECTION OFFICER,ACTIVE,105146.00,per Annum,2080,114194.63,691.98,60034.18,16419.95
2025,72,DEPARTMENT OF CORRECTION,2012-04-26T00:00:00.000,QUEENS,CORRECTION OFFICER,ACTIVE,105146.00,per Annum,2080,113730.52,562.7,49016.51,16518.69
2025,72,DEPARTMENT OF CORRECTION,2016-12-19T00:00:00.000,QUEENS,CORRECTION OFFICER,ACTIVE,105146.00,per Annum,2080,101365.33,147.35,15136.03,14416.19
2025,72,DEPARTMENT OF CORRECTION,2017-01-30T00:00:00.000,MANHATTAN,CORRECTIONAL STANDARDS REVIEW SPECIALIST,ACTIVE,81924.00,per Annum,1820,79392.61,0,0.00,624.90
2025,72,DEPARTMENT OF CORRECTION,2012-09-06T00:00:00.000,QUEENS,CORRECTION OFFICER,CEASED,98155.00,per Annum,0,8251.37,0,531.44,17114.55
2025,72,DEPARTMENT OF CORRECTION,2017-06-19T00:00:00.000,QUEENS,CORRECTION OFFICER,ACTIVE,105146.00,per Annum,2080,110122.24,702.55,64683.19,17938.36
2025,72,DEPARTMENT OF CORRECTION,2025-05-30T00:00:00.000,QUEENS,CORRECTION OFFICER,ACTIVE,54652.00,per Annum,80,2096.24,0,0.00,0.00
2025,72,DEPARTMENT OF CORRECTION,2025-06-09T00:00:00.000,QUEENS,IT AUTOMATION AND MONITORING ENGINEER,ACTIVE,79568.00,per Annum,35,1525.96,0,0.00,0.00
2025,72,DEPARTMENT OF CORRECTION,2025-05-27T00:00:00.000,QUEENS,SUMMER GRADUATE INTERN,ACTIVE,19.00,per Hour,55,1045.00,0,0.00,133.00
2025,72,DEPARTMENT OF CORRECTION,2016-12-19T00:00:00.000,QUEENS,CORRECTION OFFICER,CEASED,60355.00,per Annum,0,0.00,0,0.00,722.57
2025,836,DEPARTMENT OF FINANCE,2015-12-14T00:00:00.000,QUEENS,DEPUTY CITY SHERIFF - NON-SPVR,ACTIVE,104210.00,per Annum,2080,101130.42,907,68291.84,4295.32
2025,836,DEPARTMENT OF FINANCE,2019-06-17T00:00:00.000,MANHATTAN,CITY TAX AUDITOR,ACTIVE,74929.00,per Annum,517.58,20540.23,0,0.00,1626.47
2025,836,DEPARTMENT OF FINANCE,2012-04-23T00:00:00.000,BRONX,CITY ASSESSOR,ACTIVE,136101.00,per Annum,1820,126261.66,110.5,10145.33,4262.58
2025,836,DEPARTMENT OF FINANCE,2017-03-27T00:00:00.000,MANHATTAN,PRINCIPAL ADMINISTRATIVE ASSOCIATE -  NON SUPVR,ACTIVE,75971.00,per Annum,1820,69333.41,0,0.00,2858.84
2025,836,DEPARTMENT OF FINANCE,2019-04-15T00:00:00.000,MANHATTAN,PRINCIPAL ADMINISTRATIVE ASSOCIATE -  NON SUPVR,ACTIVE,61376.00,per Annum,1820,60319.45,0,0.00,2858.84
2025,836,DEPARTMENT OF FINANCE,2024-06-17T00:00:00.000,MANHATTAN,PRINCIPAL ADMINISTRATIVE ASSOCIATE -  NON SUPVR,ACTIVE,75971.00,per Annum,1820,74663.24,0,0.00,0.00
2025,836,DEPARTMENT OF FINANCE,2015-05-26T00:00:00.000,MANHATTAN,CITY TAX AUDITOR,ACTIVE,75545.00,per Annum,1820,73221.62,0,0.00,6622.31
2025,836,DEPARTMENT OF FINANCE,2016-04-18T00:00:00.000,BRONX,DEPUTY CITY SHERIFF - NON-SPVR,ACTIVE,92073.00,per Annum,2080,91810.48,283.75,19765.60,5987.99
2025,836,DEPARTMENT OF FINANCE,2025-02-24T00:00:00.000,QUEENS,DEPUTY CITY SHERIFF - NON-SPVR,ACTIVE,36577.00,per Annum,640,11223.60,0.5,13.14,473.03
2025,836,DEPARTMENT OF FINANCE,2015-09-08T00:00:00.000,MANHATTAN,CITY TAX AUDITOR,ACTIVE,75545.00,per Annum,1820,73221.62,0,0.00,6622.31
2025,836,DEPARTMENT OF FINANCE,2015-09-08T00:00:00.000,MANHATTAN,AGENCY ATTORNEY,ACTIVE,120827.00,per Annum,1820,110450.18,0,0.00,10517.62
2025,836,DEPARTMENT OF FINANCE,2019-03-18T00:00:00.000,BROOKLYN,DEPUTY CITY SHERIFF - NON-SPVR,ACTIVE,92073.00,per Annum,2080,85716.17,522.75,33824.67,7853.97
2025,836,DEPARTMENT OF FINANCE,2022-11-28T00:00:00.000,MANHATTAN,COMPUTER SYSTEMS MANAGER,ACTIVE,138236.00,per Annum,1820,133965.45,0,0.00,0.00
2025,836,DEPARTMENT OF FINANCE,2019-07-08T00:00:00.000,QUEENS,DEPUTY CITY SHERIFF - NON-SPVR,ACTIVE,92073.00,per Annum,2080,78307.97,648,38298.35,5422.91
2025,836,DEPARTMENT OF FINANCE,2023-04-10T00:00:00.000,QUEENS,DEPUTY CITY SHERIFF - NON-SPVR,CEASED,47654.00,per Annum,408,9316.52,51.25,1754.48,10968.68
2025,836,DEPARTMENT OF FINANCE,2017-02-13T00:00:00.000,MANHATTAN,CITY TAX AUDITOR,ACTIVE,88746.00,per Annum,1820,86015.25,0,0.00,6411.33
2025,836,DEPARTMENT OF FINANCE,2019-09-09T00:00:00.000,BRONX,CITY ASSESSOR,ACTIVE,81877.00,per Annum,1820,79305.13,113.5,6450.15,1857.89
2025,836,DEPARTMENT OF FINANCE,2025-03-17T00:00:00.000,MANHATTAN,MANAGEMENT AUDITOR,ACTIVE,103157.00,per Annum,455,25086.97,0,0.00,1664.53
2025,836,DEPARTMENT OF FINANCE,2019-08-26T00:00:00.000,MANHATTAN,ADMINISTRATIVE PROCUREMENT ANALYST-NON-MGRL,ACTIVE,106690.00,per Annum,1820,104234.74,449,34838.42,941.68
2025,836,DEPARTMENT OF FINANCE,2016-08-29T00:00:00.000,MANHATTAN,PRINCIPAL ADMINISTRATIVE ASSOCIATE -  NON SUPVR,ACTIVE,61467.00,per Annum,1820,60394.90,0,0.00,4706.33
2025,836,DEPARTMENT OF FINANCE,2004-06-07T00:00:00.000,MANHATTAN,COMPUTER SPECIALIST,ACTIVE,124218.00,per Annum,1820,120357.83,0,0.00,6350.72
2025,836,DEPARTMENT OF FINANCE,2011-03-07T00:00:00.000,MANHATTAN,ADM MANAGER-NON-MGRL,ACTIVE,101405.00,per Annum,1820,91576.78,74,4737.71,3441.29
2025,836,DEPARTMENT OF FINANCE,2017-05-22T00:00:00.000,MANHATTAN,AGENCY ATTORNEY,ACTIVE,106404.00,per Annum,1820,103777.10,0,0.00,9998.00
2025,836,DEPARTMENT OF FINANCE,2004-03-22T00:00:00.000,MANHATTAN,CLERICAL ASSOCIATE MOST MAYORAL AG,ACTIVE,48095.00,per Annum,1820,46586.69,0,0.00,797.60
2025,836,DEPARTMENT OF FINANCE,2004-03-15T00:00:00.000,BRONX,PRINCIPAL ADMINISTRATIVE ASSOCIATE -  NON SUPVR,ACTIVE,69281.00,per Annum,1820,68074.13,0,0.00,1847.49
2025,836,DEPARTMENT OF FINANCE,2004-03-15T00:00:00.000,MANHATTAN,CLERICAL AIDE,ACTIVE,46639.00,per Annum,1820,45175.88,0,0.00,3090.05
2025,836,DEPARTMENT OF FINANCE,2004-03-15T00:00:00.000,BROOKLYN,CLERICAL ASSOCIATE MOST MAYORAL AG,ACTIVE,48068.00,per Annum,1820,46560.63,0,0.00,797.60
2025,836,DEPARTMENT OF FINANCE,2004-03-15T00:00:00.000,MANHATTAN,COMPUTER SYSTEMS MANAGER,ACTIVE,190205.00,per Annum,1820,183692.71,0,0.00,0.00
2025,836,DEPARTMENT OF FINANCE,2004-03-08T00:00:00.000,BROOKLYN,CLERICAL ASSOCIATE MOST MAYORAL AG,ACTIVE,58015.00,per Annum,1820,56200.52,0,0.00,5696.52
2025,836,DEPARTMENT OF FINANCE,2004-03-01T00:00:00.000,MANHATTAN,CLERICAL ASSOCIATE MOST MAYORAL AG,ACTIVE,48760.00,per Annum,1820,47231.05,0,0.00,5696.52
2025,836,DEPARTMENT OF FINANCE,2004-03-01T00:00:00.000,MANHATTAN,CLERICAL ASSOCIATE MOST MAYORAL AG,ACTIVE,48760.00,per Annum,1820,47231.05,0,0.00,5696.52
2025,836,DEPARTMENT OF FINANCE,2016-04-18T00:00:00.000,BROOKLYN,DEPUTY CITY SHERIFF - NON-SPVR,ACTIVE,92073.00,per Annum,2080,91810.48,1280.75,89015.31,5527.30
2025,836,DEPARTMENT OF FINANCE,2003-11-17T00:00:00.000,MANHATTAN,ADMIN CONTRACT SPECIALIST,ACTIVE,111488.00,per Annum,1820,107671.03,0,0.00,0.00
2025,836,DEPARTMENT OF FINANCE,2025-02-24T00:00:00.000,QUEENS,DEPUTY CITY SHERIFF - NON-SPVR,ACTIVE,36577.00,per Annum,640,11223.60,0,0.00,446.73
2025,836,DEPARTMENT OF FINANCE,2016-07-11T00:00:00.000,MANHATTAN,PRINCIPAL ADMINISTRATIVE ASSOCIATE -  NON SUPVR,ACTIVE,68832.00,per Annum,1820,67632.88,0,0.00,4706.33
2025,836,DEPARTMENT OF FINANCE,2018-09-17T00:00:00.000,MANHATTAN,ADMINISTRATIVE STAFF ANALYST,ACTIVE,123807.00,per Annum,1820,122623.27,129.5,8991.46,3202.54
2025,836,DEPARTMENT OF FINANCE,2002-10-07T00:00:00.000,MANHATTAN,CLERICAL AIDE,ACTIVE,47900.00,per Annum,1820,46397.60,2.5,70.38,4179.58
2025,836,DEPARTMENT OF FINANCE,2002-09-16T00:00:00.000,MANHATTAN,PRINCIPAL ADMINISTRATIVE ASSOCIATE -  NON SUPVR,ACTIVE,83007.00,per Annum,1820,80543.94,0,0.00,4706.33
2025,836,DEPARTMENT OF FINANCE,2014-01-26T00:00:00.000,MANHATTAN,ADMINISTRATIVE STAFF ANALYST,ACTIVE,112322.00,per Annum,1820,111234.80,0,0.00,4926.96
2025,836,DEPARTMENT OF FINANCE,2024-10-15T00:00:00.000,QUEENS,CLERICAL ASSOCIATE MOST MAYORAL AG,ACTIVE,42288.00,per Annum,1127,23919.95,0,0.00,0.00
2025,836,DEPARTMENT OF FINANCE,2015-04-12T00:00:00.000,MANHATTAN,ADM MANAGER-NON-MGRL,ACTIVE,89757.00,per Annum,1820,88197.87,0,0.00,1847.49
2025,836,DEPARTMENT OF FINANCE,2015-07-06T00:00:00.000,BRONX,CITY ASSESSOR,ACTIVE,93708.00,per Annum,1820,90812.48,82.25,5283.37,3253.57
2025,836,DEPARTMENT OF FINANCE,2023-05-01T00:00:00.000,MANHATTAN,ADMIN COMMUNITY RELATIONS SPECIALIST,ACTIVE,125088.00,per Annum,1820,123906.80,0,0.00,997.24
2025,836,DEPARTMENT OF FINANCE,2015-02-02T00:00:00.000,MANHATTAN,CITY TAX AUDITOR,ACTIVE,88950.00,per Annum,1820,86212.28,0,0.00,6622.31
2025,836,DEPARTMENT OF FINANCE,2007-10-29T00:00:00.000,MANHATTAN,COMPUTER SYSTEMS MANAGER,ACTIVE,216220.00,per Annum,1820,208816.80,0,0.00,0.00
2025,836,DEPARTMENT OF FINANCE,2024-06-02T00:00:00.000,MANHATTAN,PRINCIPAL ADMINISTRATIVE ASSOCIATE -  NON SUPVR,ACTIVE,68672.00,per Annum,1820,67489.99,0,0.00,850.25
2025,836,DEPARTMENT OF FINANCE,2019-08-19T00:00:00.000,MANHATTAN,CITY TAX AUDITOR,ACTIVE,74929.00,per Annum,1820,72617.60,0,0.00,5186.97
2025,836,DEPARTMENT OF FINANCE,2023-06-05T00:00:00.000,BRONX,PRINCIPAL ADMINISTRATIVE ASSOCIATE -  NON SUPVR,ACTIVE,76112.00,per Annum,1820,74787.54,10,442.74,4706.33
2025,836,DEPARTMENT OF FINANCE,2022-04-12T00:00:00.000,MANHATTAN,HEARING OFFICER,ACTIVE,63.37,per Hour,1138.47,70944.61,0,0.00,0.00
2025,836,DEPARTMENT OF FINANCE,2016-08-22T00:00:00.000,MANHATTAN,CITY TAX AUDITOR,CEASED,73041.00,per Annum,152.05,6209.89,0,0.00,529.42
2025,836,DEPARTMENT OF FINANCE,2025-05-12T00:00:00.000,MANHATTAN,EXECUTIVE AGENCY COUNSEL,ACTIVE,165200.00,per Annum,175,15342.47,0,0.00,0.00
2025,836,DEPARTMENT OF FINANCE,2016-09-06T00:00:00.000,QUEENS,DEPUTY CITY SHERIFF - NON-SPVR,ACTIVE,92073.00,per Annum,2080,91810.48,1028.25,71652.90,9076.02
2025,836,DEPARTMENT OF FINANCE,2019-08-26T00:00:00.000,MANHATTAN,LABOR RELATIONS ANALYST,ACTIVE,92615.00,per Annum,1820,89444.22,0,0.00,0.00
2025,836,DEPARTMENT OF FINANCE,2016-10-03T00:00:00.000,MANHATTAN,ADMINISTRATIVE TAX AUDITOR,ACTIVE,134225.00,per Annum,1820,111307.47,681.25,55580.65,7275.83
2025,836,DEPARTMENT OF FINANCE,2016-11-07T00:00:00.000,MANHATTAN,ADMINISTRATIVE SPACE ANALYST,ACTIVE,103589.00,per Annum,1820,94952.01,0,0.00,111.59
2025,836,DEPARTMENT OF FINANCE,2025-02-24T00:00:00.000,QUEENS,DEPUTY CITY SHERIFF - NON-SPVR,ACTIVE,36577.00,per Annum,640,11192.91,0,0.00,394.18
2025,836,DEPARTMENT OF FINANCE,2017-02-13T00:00:00.000,MANHATTAN,CITY TAX AUDITOR,ACTIVE,88950.00,per Annum,1820,86212.28,0,0.00,6411.33
2025,836,DEPARTMENT OF FINANCE,2017-02-27T00:00:00.000,QUEENS,CLERICAL ASSOCIATE MOST MAYORAL AG,ACTIVE,48631.00,per Annum,1820,47128.38,0,0.00,1138.13
2025,836,DEPARTMENT OF FINANCE,2017-02-27T00:00:00.000,QUEENS,CLERICAL ASSOCIATE MOST MAYORAL AG,ACTIVE,48631.00,per Annum,1820,47128.38,0,0.00,1105.13
2025,836,DEPARTMENT OF FINANCE,2019-09-09T00:00:00.000,BROOKLYN,CITY ASSESSOR,ACTIVE,81877.00,per Annum,1820,75711.66,3.25,142.60,933.58
2025,836,DEPARTMENT OF FINANCE,2017-05-01T00:00:00.000,MANHATTAN,COMPUTER SPECIALIST,ACTIVE,128581.00,per Annum,1820,124608.77,0,0.00,5553.12
2025,836,DEPARTMENT OF FINANCE,2022-05-16T00:00:00.000,BRONX,DEPUTY CITY SHERIFF - NON-SPVR,ACTIVE,58718.00,per Annum,2080,55959.49,100.5,4184.71,1501.32
2025,836,DEPARTMENT OF FINANCE,2017-08-14T00:00:00.000,MANHATTAN,ADMINISTRATIVE STAFF ANALYST,ACTIVE,113195.00,per Annum,1820,120763.17,0,0.00,0.00
2025,836,DEPARTMENT OF FINANCE,2024-09-16T00:00:00.000,MANHATTAN,BUSINESS RESEARCH & DATA ANALYTICS SPECIALIST,ACTIVE,100904.00,per Annum,1365,71595.77,0,0.00,615.99
2025,836,DEPARTMENT OF FINANCE,2019-09-09T00:00:00.000,QUEENS,ASSISTANT CITY ASSESSOR,ACTIVE,59089.00,per Annum,1820,49799.96,0,0.00,667.68
2025,836,DEPARTMENT OF FINANCE,2017-10-30T00:00:00.000,BROOKLYN,PRINCIPAL ADMINISTRATIVE ASSOCIATE -  NON SUPVR,ACTIVE,61376.00,per Annum,1820,60230.33,0,0.00,16.50
2025,836,DEPARTMENT OF FINANCE,2018-01-02T00:00:00.000,MANHATTAN,CITY TAX AUDITOR,ACTIVE,75206.00,per Annum,1820,72893.21,0,0.00,6356.19
2025,836,DEPARTMENT OF FINANCE,2018-01-02T00:00:00.000,MANHATTAN,CITY TAX AUDITOR,ACTIVE,75128.00,per Annum,1820,72817.34,0,0.00,6356.19
2025,836,DEPARTMENT OF FINANCE,2018-01-02T00:00:00.000,MANHATTAN,CITY TAX AUDITOR,ON LEAVE,75128.00,per Annum,875,35010.31,0,0.00,3050.01
2025,836,DEPARTMENT OF FINANCE,2018-01-02T00:00:00.000,MANHATTAN,CITY TAX AUDITOR,ACTIVE,88746.00,per Annum,1820,86015.25,0,0.00,6356.19
2025,836,DEPARTMENT OF FINANCE,2018-01-16T00:00:00.000,MANHATTAN,CITY TAX AUDITOR,ACTIVE,88746.00,per Annum,1820,86015.25,0,0.00,6356.19
2025,836,DEPARTMENT OF FINANCE,2025-02-24T00:00:00.000,QUEENS,DEPUTY CITY SHERIFF - NON-SPVR,ACTIVE,36577.00,per Annum,640,11223.60,0,0.00,402.93
2025,836,DEPARTMENT OF FINANCE,2023-11-20T00:00:00.000,MANHATTAN,IT PROJECT SPECIALIST,ACTIVE,127617.00,per Annum,1820,123674.12,8,676.51,17.00
2025,836,DEPARTMENT OF FINANCE,2023-07-03T00:00:00.000,MANHATTAN,PROCUREMENT ANALYST,ACTIVE,94412.00,per Annum,1820,92244.35,130,8450.21,1123.82
2025,836,DEPARTMENT OF FINANCE,2024-05-06T00:00:00.000,MANHATTAN,CITY TAX AUDITOR,ACTIVE,53824.00,per Annum,1820,51274.80,0,0.00,0.00
2025,836,DEPARTMENT OF FINANCE,2018-10-03T00:00:00.000,MANHATTAN,COMPUTER SYSTEMS MANAGER,ACTIVE,125680.00,per Annum,1820,121797.11,0,0.00,0.00
2025,836,DEPARTMENT OF FINANCE,2018-12-24T00:00:00.000,BROOKLYN,CITY ASSESSOR,ACTIVE,108678.00,per Annum,1820,105320.05,108,7780.67,266.77
2025,836,DEPARTMENT OF FINANCE,2018-12-24T00:00:00.000,MANHATTAN,ECONOMIST,ACTIVE,89828.00,per Annum,1820,79159.48,44.5,2617.38,804.29
2025,836,DEPARTMENT OF FINANCE,2018-12-24T00:00:00.000,QUEENS,CITY ASSESSOR,ACTIVE,81877.00,per Annum,1820,72963.89,5.5,240.40,252.37
2025,836,DEPARTMENT OF FINANCE,2018-12-24T00:00:00.000,QUEENS,CITY ASSESSOR,ACTIVE,81877.00,per Annum,1820,79347.50,0,0.00,70.00
2025,836,DEPARTMENT OF FINANCE,2019-03-04T00:00:00.000,RICHMOND,PRINCIPAL ADMINISTRATIVE ASSOCIATE -  NON SUPVR,ACTIVE,61376.00,per Annum,805,27072.72,0,0.00,513.70
2025,836,DEPARTMENT OF FINANCE,2019-05-06T00:00:00.000,BROOKLYN,DEPUTY CITY SHERIFF - NON-SPVR,ACTIVE,92073.00,per Annum,2080,82503.76,494.5,31749.80,4318.80
2025,836,DEPARTMENT OF FINANCE,2019-07-08T00:00:00.000,MANHATTAN,PRINCIPAL ADMINISTRATIVE ASSOCIATE -  NON SUPVR,ACTIVE,68672.00,per Annum,1820,67489.99,0,0.00,0.00
2025,836,DEPARTMENT OF FINANCE,2023-11-13T00:00:00.000,MANHATTAN,AGENCY ATTORNEY,ACTIVE,106404.00,per Annum,1820,103689.40,0,0.00,3957.29
2025,836,DEPARTMENT OF FINANCE,2019-09-09T00:00:00.000,BROOKLYN,CITY ASSESSOR,ACTIVE,81877.00,per Annum,1820,79347.50,0,0.00,0.00
2025,836,DEPARTMENT OF FINANCE,2024-05-13T00:00:00.000,MANHATTAN,CITY TAX AUDITOR,CEASED,58799.00,per Annum,770,24899.98,0,0.00,4623.57
2025,836,DEPARTMENT OF FINANCE,2025-02-24T00:00:00.000,QUEENS,DEPUTY CITY SHERIFF - NON-SPVR,ACTIVE,36577.00,per Annum,640,11223.60,0,0.00,394.18
2025,836,DEPARTMENT OF FINANCE,2025-02-24T00:00:00.000,QUEENS,DEPUTY CITY SHERIFF - NON-SPVR,ACTIVE,36577.00,per Annum,640,11223.60,0.5,13.14,350.38
2025,836,DEPARTMENT OF FINANCE,2024-09-16T00:00:00.000,MANHATTAN,COLLEGE AIDE - ASSIGNMENT LEVELS II AND III,CEASED,23.32,per Hour,517.25,13023.26,0,0.00,360.22
2025,836,DEPARTMENT OF FINANCE,2021-05-17T00:00:00.000,QUEENS,DEPUTY CITY SHERIFF - NON-SPVR,CEASED,58718.00,per Annum,400,11254.40,164.25,6928.45,508.31
2025,836,DEPARTMENT OF FINANCE,2024-12-16T00:00:00.000,BROOKLYN,CLERICAL ASSOCIATE MOST MAYORAL AG,ACTIVE,48631.00,per Annum,910,23386.18,0,0.00,0.00
2025,836,DEPARTMENT OF FINANCE,2023-03-27T00:00:00.000,MANHATTAN,CITY TAX AUDITOR,ACTIVE,74855.00,per Annum,1820,52663.17,0,0.00,0.00
2025,836,DEPARTMENT OF FINANCE,2023-04-10T00:00:00.000,MANHATTAN,ADMINISTRATIVE STAFF ANALYST,CEASED,175696.00,per Annum,70,6720.61,0,0.00,0.00
2025,836,DEPARTMENT OF FINANCE,2014-09-22T00:00:00.000,MANHATTAN,ADMINISTRATIVE STAFF ANALYST,ACTIVE,149760.00,per Annum,1820,148341.54,0,0.00,1829.68
2025,836,DEPARTMENT OF FINANCE,2013-02-19T00:00:00.000,MANHATTAN,DEPUTY CITY SHERIFF - NON-SPVR,ACTIVE,92073.00,per Annum,2080,91810.48,309,22099.91,8884.65
2025,836,DEPARTMENT OF FINANCE,2014-11-24T00:00:00.000,MANHATTAN,PRINCIPAL ADMINISTRATIVE ASSOCIATE -  NON SUPVR,ACTIVE,70433.00,per Annum,1820,69206.10,0,0.00,1847.49
2025,836,DEPARTMENT OF FINANCE,2016-03-07T00:00:00.000,MANHATTAN,COMPUTER SYSTEMS MANAGER,ACTIVE,156840.00,per Annum,1820,151469.86,0,0.00,0.00
2025,836,DEPARTMENT OF FINANCE,2012-08-06T00:00:00.000,MANHATTAN,COMPUTER SYSTEMS MANAGER,ACTIVE,171831.00,per Annum,1820,165947.37,0,0.00,0.00
2025,836,DEPARTMENT OF FINANCE,2009-08-11T00:00:00.000,MANHATTAN,COMPUTER SYSTEMS MANAGER,ACTIVE,158501.00,per Annum,1820,153604.04,122.25,11130.66,340.93
2025,836,DEPARTMENT OF FINANCE,2022-06-21T00:00:00.000,MANHATTAN,CLERICAL ASSOCIATE MOST MAYORAL AG,CEASED,51539.00,per Annum,1610,45547.67,0,0.00,1155.60
2025,836,DEPARTMENT OF FINANCE,2010-05-17T00:00:00.000,MANHATTAN,ADMINISTRATIVE TAX AUDITOR,ACTIVE,129659.00,per Annum,1820,125653.34,0,0.00,1266.12
2025,836,DEPARTMENT OF FINANCE,2025-02-24T00:00:00.000,QUEENS,DEPUTY CITY SHERIFF - NON-SPVR,ACTIVE,36577.00,per Annum,640,11223.60,0,0.00,394.18
2025,836,DEPARTMENT OF FINANCE,2010-05-17T00:00:00.000,MANHATTAN,ADMINISTRATIVE TAX AUDITOR,ACTIVE,129434.00,per Annum,1820,125435.20,0,0.00,266.12
2025,836,DEPARTMENT OF FINANCE,2010-06-28T00:00:00.000,MANHATTAN,COMPUTER SYSTEMS MANAGER,ACTIVE,172080.00,per Annum,1820,166762.92,7,319.28,90.75
2025,836,DEPARTMENT OF FINANCE,2019-10-28T00:00:00.000,BROOKLYN,CLERICAL ASSOCIATE MOST MAYORAL AG,ACTIVE,48631.00,per Annum,1820,44747.06,0,0.00,0.00
2025,836,DEPARTMENT OF FINANCE,2017-10-30T00:00:00.000,BRONX,PRINCIPAL ADMINISTRATIVE ASSOCIATE -  NON SUPVR,ACTIVE,61376.00,per Annum,1820,60319.45,0,0.00,0.00
2025,836,DEPARTMENT OF FINANCE,2011-03-07T00:00:00.000,MANHATTAN,PRINCIPAL ADMINISTRATIVE ASSOCIATE -  NON SUPVR,ACTIVE,68672.00,per Annum,1820,67489.99,42.5,1679.41,1855.01
2025,836,DEPARTMENT OF FINANCE,2011-05-16T00:00:00.000,MANHATTAN,ADMINISTRATIVE TAX AUDITOR,ACTIVE,129434.00,per Annum,1820,94388.61,0,0.00,16033.13
2025,836,DEPARTMENT OF FINANCE,2023-08-09T00:00:00.000,MANHATTAN,HEARING OFFICER,ACTIVE,63.37,per Hour,1484.42,92602.21,0,0.00,0.00
2025,836,DEPARTMENT OF FINANCE,2011-07-05T00:00:00.000,MANHATTAN,ADMINISTRATIVE TAX AUDITOR,ACTIVE,129434.00,per Annum,1820,125435.20,0,0.00,266.12
2025,836,DEPARTMENT OF FINANCE,2011-07-05T00:00:00.000,MANHATTAN,CITY TAX AUDITOR,ACTIVE,95378.00,per Annum,1820,92442.06,0,0.00,9804.80
2025,836,DEPARTMENT OF FINANCE,2011-08-08T00:00:00.000,MANHATTAN,COMPUTER SYSTEMS MANAGER,ACTIVE,147285.00,per Annum,1820,142734.64,0,0.00,8.25
2025,836,DEPARTMENT OF FINANCE,2023-03-06T00:00:00.000,MANHATTAN,ADMINISTRATIVE STAFF ANALYST,ACTIVE,107346.00,per Annum,1820,106329.15,0,0.00,2331.31
2025,836,DEPARTMENT OF FINANCE,2011-10-31T00:00:00.000,MANHATTAN,CERTIFIED IT ADMINISTRATOR,ACTIVE,150106.00,per Annum,1820,145468.25,23,2086.86,5854.23
2025,836,DEPARTMENT OF FINANCE,2013-09-09T00:00:00.000,QUEENS,ASSOCIATE FRAUD INVESTIGATOR,ACTIVE,88793.00,per Annum,1820,86049.54,0.75,57.62,8203.69
2025,836,DEPARTMENT OF FINANCE,2019-07-08T00:00:00.000,BROOKLYN,DEPUTY CITY SHERIFF - NON-SPVR,ACTIVE,92073.00,per Annum,2080,78307.97,559.5,34500.75,4102.08
2025,836,DEPARTMENT OF FINANCE,2012-06-11T00:00:00.000,MANHATTAN,COMPUTER SYSTEMS MANAGER,ACTIVE,178056.00,per Annum,1820,171959.20,0,0.00,0.00
2025,836,DEPARTMENT OF FINANCE,2012-07-30T00:00:00.000,MANHATTAN,COMPUTER ASSOCIATE,ACTIVE,77782.00,per Annum,1820,75379.11,12,531.33,5553.12
2025,836,DEPARTMENT OF FINANCE,2024-05-27T00:00:00.000,MANHATTAN,PRINCIPAL ADMINISTRATIVE ASSOCIATE -  NON SUPVR,ACTIVE,68672.00,per Annum,1820,67208.22,0,0.00,854.96
2025,836,DEPARTMENT OF FINANCE,2023-08-21T00:00:00.000,MANHATTAN,COUNSEL,ACTIVE,249231.00,per Annum,1820,240697.53,0,0.00,1000.00
2025,836,DEPARTMENT OF FINANCE,2015-10-13T00:00:00.000,MANHATTAN,CITY TAX AUDITOR,ON LEAVE,82683.00,per Annum,1708,56388.57,0,0.00,4656.04
2025,836,DEPARTMENT OF FINANCE,2021-12-20T00:00:00.000,MANHATTAN,ADMINISTRATIVE STAFF ANALYST,ACTIVE,141363.00,per Annum,1820,140029.25,0,0.00,923.10
2025,836,DEPARTMENT OF FINANCE,2014-09-15T00:00:00.000,MANHATTAN,PRINCIPAL ADMINISTRATIVE ASSOCIATE -  NON SUPVR,ACTIVE,68672.00,per Annum,1820,67489.99,425.5,20081.98,3374.43
2025,836,DEPARTMENT OF FINANCE,2013-03-25T00:00:00.000,MANHATTAN,CITY TAX AUDITOR,ACTIVE,81985.00,per Annum,1820,79462.23,0,0.00,7282.60
2025,836,DEPARTMENT OF FINANCE,2018-01-22T00:00:00.000,MANHATTAN,COMMUNITY COORDINATOR,ACTIVE,85354.00,per Annum,1820,82716.65,99.75,5972.63,1033.50
2025,836,DEPARTMENT OF FINANCE,2013-07-24T00:00:00.000,MANHATTAN,ECONOMIST,ACTIVE,85529.00,per Annum,1820,82895.44,27.25,1323.39,5914.61
2025,836,DEPARTMENT OF FINANCE,2013-09-09T00:00:00.000,MANHATTAN,EXECUTIVE AGENCY COUNSEL,ACTIVE,144165.00,per Annum,1820,139228.87,0,0.00,1625.00
2025,836,DEPARTMENT OF FINANCE,2015-04-20T00:00:00.000,MANHATTAN,ADMINISTRATIVE STAFF ANALYST,ACTIVE,130857.00,per Annum,1820,129628.01,0,0.00,248.01
2025,836,DEPARTMENT OF FINANCE,2013-12-16T00:00:00.000,QUEENS,DEPUTY CITY SHERIFF - NON-SPVR,CEASED,92073.00,per Annum,1133.42,50023.85,0,0.00,3765.37
2025,836,DEPARTMENT OF FINANCE,2013-12-11T00:00:00.000,MANHATTAN,HEARING OFFICER,ACTIVE,63.37,per Hour,1741.75,108562.22,0,0.00,0.00
2025,836,DEPARTMENT OF FINANCE,2014-01-27T00:00:00.000,MANHATTAN,COMPUTER SYSTEMS MANAGER,ACTIVE,167215.00,per Annum,1820,158322.07,34.75,3102.54,53.07
2025,836,DEPARTMENT OF FINANCE,2019-11-18T00:00:00.000,MANHATTAN,CITY TAX AUDITOR,ACTIVE,74929.00,per Annum,1820,72617.60,0,0.00,4181.28
2025,836,DEPARTMENT OF FINANCE,2023-02-27T00:00:00.000,MANHATTAN,ACCOUNTANT,CEASED,100285.00,per Annum,665,36708.99,0,0.00,6197.70
2025,836,DEPARTMENT OF FINANCE,2019-04-15T00:00:00.000,MANHATTAN,PRINCIPAL ADMINISTRATIVE ASSOCIATE -  NON SUPVR,ACTIVE,75971.00,per Annum,1820,74663.24,0,0.00,2858.84
2025,836,DEPARTMENT OF FINANCE,2015-06-08T00:00:00.000,MANHATTAN,CLERICAL ASSOCIATE MOST MAYORAL AG,ACTIVE,53479.00,per Annum,1820,51827.17,0,0.00,2089.34
2025,836,DEPARTMENT OF FINANCE,2015-12-07T00:00:00.000,BROOKLYN,CITY ASSESSOR,ACTIVE,81877.00,per Annum,1820,56649.50,0,0.00,2234.41
2025,836,DEPARTMENT OF FINANCE,2025-02-18T00:00:00.000,MANHATTAN,ADMINISTRATIVE STAFF ANALYST,ACTIVE,154875.00,per Annum,595,48904.07,0,0.00,0.00
2025,836,DEPARTMENT OF FINANCE,2022-04-04T00:00:00.000,MANHATTAN,ACCOUNTANT,ACTIVE,88909.00,per Annum,1652,77354.16,0,0.00,5705.06
2025,836,DEPARTMENT OF FINANCE,2022-05-16T00:00:00.000,MANHATTAN,DEPUTY CITY SHERIFF - NON-SPVR,ACTIVE,58718.00,per Annum,2080,55959.49,565.5,22604.00,2959.95
2025,836,DEPARTMENT OF FINANCE,2019-09-09T00:00:00.000,BROOKLYN,CITY ASSESSOR,ACTIVE,81877.00,per Annum,1820,72963.89,0,0.00,0.00
2025,836,DEPARTMENT OF FINANCE,2015-04-13T00:00:00.000,MANHATTAN,ADMINISTRATIVE STAFF ANALYST,ACTIVE,131476.00,per Annum,1820,130241.34,0,0.00,158.36
2025,836,DEPARTMENT OF FINANCE,2025-06-02T00:00:00.000,MANHATTAN,SUMMER GRADUATE INTERN,ACTIVE,26.23,per Hour,35,918.05,0,0.00,0.00
2025,836,DEPARTMENT OF FINANCE,2025-04-07T00:00:00.000,MANHATTAN,HEARING OFFICER,ACTIVE,63.37,per Hour,182.15,11542.84,0,0.00,0.00
2025,836,DEPARTMENT OF FINANCE,2025-02-24T00:00:00.000,QUEENS,DEPUTY CITY SHERIFF - NON-SPVR,ACTIVE,36577.00,per Annum,640,11223.60,0,0.00,394.18
2025,836,DEPARTMENT OF FINANCE,2025-02-24T00:00:00.000,QUEENS,DEPUTY CITY SHERIFF - NON-SPVR,ACTIVE,36577.00,per Annum,640,11083.30,0,0.00,394.18
2025,836,DEPARTMENT OF FINANCE,2025-02-24T00:00:00.000,QUEENS,DEPUTY CITY SHERIFF - NON-SPVR,ACTIVE,36577.00,per Annum,640,11219.51,0,0.00,402.93
2025,836,DEPARTMENT OF FINANCE,2025-02-03T00:00:00.000,MANHATTAN,HEARING OFFICER,ACTIVE,63.37,per Hour,289.82,18365.69,0,0.00,0.00
2025,836,DEPARTMENT OF FINANCE,2024-12-09T00:00:00.000,BROOKLYN,CLERICAL ASSOCIATE MOST MAYORAL AG,ACTIVE,42288.00,per Annum,945,20229.32,11.5,325.06,24.75
2025,836,DEPARTMENT OF FINANCE,2024-10-15T00:00:00.000,MANHATTAN,YOUTH APPRENTICE,ACTIVE,16.50,per Hour,273.78,4470.30,0,0.00,0.00
2025,836,DEPARTMENT OF FINANCE,2024-06-10T00:00:00.000,MANHATTAN,CITY TAX AUDITOR,ON LEAVE,52792.00,per Annum,1533,42831.09,0,0.00,0.00
2025,836,DEPARTMENT OF FINANCE,2024-06-03T00:00:00.000,MANHATTAN,CITY TAX AUDITOR,ACTIVE,53792.00,per Annum,1820,51167.84,0,0.00,0.00
2025,836,DEPARTMENT OF FINANCE,2024-09-16T00:00:00.000,MANHATTAN,COLLEGE AIDE,CEASED,19.30,per Hour,501,11980.08,0,0.00,180.11
2025,836,DEPARTMENT OF FINANCE,2024-06-03T00:00:00.000,MANHATTAN,SUMMER GRADUATE INTERN,CEASED,25.73,per Hour,336,8645.28,0,0.00,360.22
2025,836,DEPARTMENT OF FINANCE,2024-09-16T00:00:00.000,MANHATTAN,COLLEGE AIDE,ACTIVE,21.40,per Hour,1154,25572.85,0,0.00,360.22
2025,836,DEPARTMENT OF FINANCE,2025-07-01T00:00:00.000,MANHATTAN,COLLEGE AIDE,CEASED,21.40,per Hour,845.75,19388.37,0,0.00,360.22
2025,836,DEPARTMENT OF FINANCE,2024-09-16T00:00:00.000,MANHATTAN,COLLEGE AIDE,ACTIVE,21.40,per Hour,1070.5,23646.08,0,0.00,360.22
2025,836,DEPARTMENT OF FINANCE,2024-06-03T00:00:00.000,MANHATTAN,SUMMER COLLEGE INTERN,CEASED,18.50,per Hour,289.25,5351.17,0,0.00,259.00
2025,836,DEPARTMENT OF FINANCE,2024-05-28T00:00:00.000,MANHATTAN,SUMMER GRADUATE INTERN,CEASED,25.73,per Hour,267.25,6938.86,0,0.00,360.22
2025,836,DEPARTMENT OF FINANCE,2024-05-13T00:00:00.000,MANHATTAN,IT PROJECT SPECIALIST,ACTIVE,164839.00,per Annum,1820,159745.77,0,0.00,0.00
2025,836,DEPARTMENT OF FINANCE,2024-03-11T00:00:00.000,MANHATTAN,BUSINESS RESEARCH & DATA ANALYTICS SPECIALIST,ACTIVE,93568.00,per Annum,1820,92377.87,0,0.00,0.00
2025,836,DEPARTMENT OF FINANCE,2024-01-29T00:00:00.000,MANHATTAN,CITY TAX AUDITOR,ACTIVE,53824.00,per Annum,1820,50169.90,0,0.00,0.00
2025,836,DEPARTMENT OF FINANCE,2023-12-27T00:00:00.000,MANHATTAN,CLERICAL ASSOCIATE MOST MAYORAL AG,ACTIVE,42287.00,per Annum,1820,37350.19,0,0.00,0.00
2025,836,DEPARTMENT OF FINANCE,2023-10-23T00:00:00.000,MANHATTAN,CITY TAX AUDITOR,CEASED,51129.00,per Annum,35,867.35,0,0.00,0.00
2025,836,DEPARTMENT OF FINANCE,2023-10-16T00:00:00.000,MANHATTAN,CITY TAX AUDITOR,CEASED,51129.00,per Annum,0,74.00,0,0.00,0.00
2025,836,DEPARTMENT OF FINANCE,2023-10-02T00:00:00.000,MANHATTAN,CITY TAX AUDITOR,ACTIVE,53824.00,per Annum,1820,51866.64,0,0.00,0.00
2025,836,DEPARTMENT OF FINANCE,2023-06-26T00:00:00.000,MANHATTAN,CITY TAX AUDITOR,CEASED,52129.00,per Annum,525,15050.93,0,0.00,1539.38
2025,836,DEPARTMENT OF FINANCE,2023-05-30T00:00:00.000,RICHMOND,CLERICAL ASSOCIATE MOST MAYORAL AG,ACTIVE,48631.00,per Annum,1820,47128.38,15,451.15,0.00
2025,836,DEPARTMENT OF FINANCE,2023-05-15T00:00:00.000,MANHATTAN,CLERICAL ASSOCIATE MOST MAYORAL AG,CEASED,48836.00,per Annum,1680,45031.94,0,0.00,2284.33
2025,836,DEPARTMENT OF FINANCE,2025-02-24T00:00:00.000,QUEENS,DEPUTY CITY SHERIFF - NON-SPVR,CEASED,36577.00,per Annum,32,561.12,0,0.00,0.00
2025,836,DEPARTMENT OF FINANCE,2023-03-27T00:00:00.000,MANHATTAN,CITY TAX AUDITOR,ACTIVE,74855.00,per Annum,1820,57664.69,0,0.00,0.00
2025,836,DEPARTMENT OF FINANCE,2023-03-27T00:00:00.000,MANHATTAN,CITY TAX AUDITOR,ACTIVE,74855.00,per Annum,1820,57664.69,0,0.00,0.00
2025,836,DEPARTMENT OF FINANCE,2023-07-31T00:00:00.000,MANHATTAN,PRINCIPAL ADMINISTRATIVE ASSOCIATE -  NON SUPVR,CEASED,68672.00,per Annum,1680,57020.70,13,545.02,8.75
2025,836,DEPARTMENT OF FINANCE,2025-02-24T00:00:00.000,QUEENS,DEPUTY CITY SHERIFF - NON-SPVR,ACTIVE,36577.00,per Annum,640,11223.63,0,0.00,394.18
2025,836,DEPARTMENT OF FINANCE,2025-02-24T00:00:00.000,QUEENS,DEPUTY CITY SHERIFF - NON-SPVR,ACTIVE,36577.00,per Annum,640,11223.60,0,0.00,402.93
2025,836,DEPARTMENT OF FINANCE,2023-03-07T00:00:00.000,MANHATTAN,BUSINESS RESEARCH & DATA ANALYTICS SPECIALIST,ACTIVE,100904.00,per Annum,1820,92970.31,0,0.00,194.96
2025,836,DEPARTMENT OF FINANCE,2025-02-24T00:00:00.000,QUEENS,DEPUTY CITY SHERIFF - NON-SPVR,ACTIVE,36577.00,per Annum,640,11083.30,0,0.00,490.53
2025,836,DEPARTMENT OF FINANCE,2023-10-16T00:00:00.000,MANHATTAN,CITY TAX AUDITOR,ACTIVE,61742.00,per Annum,1820,60396.92,0,0.00,0.00
2025,836,DEPARTMENT OF FINANCE,2025-02-24T00:00:00.000,QUEENS,DEPUTY CITY SHERIFF - NON-SPVR,ACTIVE,36577.00,per Annum,640,11223.60,0,0.00,446.73
2025,836,DEPARTMENT OF FINANCE,2018-12-24T00:00:00.000,QUEENS,CITY ASSESSOR,ACTIVE,81877.00,per Annum,1820,75711.66,37,1684.93,550.18
2025,836,DEPARTMENT OF FINANCE,1984-04-09T00:00:00.000,MANHATTAN,PRINCIPAL ADMINISTRATIVE ASSOCIATE -  NON SUPVR,ACTIVE,62089.00,per Annum,1820,61005.80,0,0.00,4706.33
2025,836,DEPARTMENT OF FINANCE,1984-12-27T00:00:00.000,MANHATTAN,CITY TAX AUDITOR,ACTIVE,85595.00,per Annum,1820,82966.85,0,1.85,9955.61
2025,836,DEPARTMENT OF FINANCE,1984-09-17T00:00:00.000,MANHATTAN,ADM MANAGER-NON-MGRL,ACTIVE,85936.00,per Annum,1820,84442.62,0,0.00,3313.97
2025,836,DEPARTMENT OF FINANCE,1983-02-01T00:00:00.000,MANHATTAN,ADM MANAGER-NON-MGRL,ON SEPARATION LEAVE,99842.00,per Annum,1820,98109.21,0,0.00,3313.97
2025,836,DEPARTMENT OF FINANCE,2016-04-11T00:00:00.000,MANHATTAN,PRINCIPAL ADMINISTRATIVE ASSOCIATE -  NON SUPVR,ACTIVE,68877.00,per Annum,1820,67677.23,0,0.00,4731.08
2025,836,DEPARTMENT OF FINANCE,1985-06-24T00:00:00.000,MANHATTAN,ADMINISTRATIVE TAX AUDITOR,ACTIVE,151384.00,per Annum,1820,146200.79,0,0.00,750.00
2025,836,DEPARTMENT OF FINANCE,1985-11-04T00:00:00.000,MANHATTAN,CITY ASSESSOR,ACTIVE,136101.00,per Annum,1820,131895.98,24,2014.70,7163.93
2025,836,DEPARTMENT OF FINANCE,1995-07-09T00:00:00.000,MANHATTAN,COMPUTER SYSTEMS MANAGER,ACTIVE,179362.00,per Annum,1820,173220.57,0,0.00,0.00
2025,836,DEPARTMENT OF FINANCE,1986-02-27T00:00:00.000,MANHATTAN,CITY TAX AUDITOR,ACTIVE,96718.00,per Annum,1820,93746.50,0,0.00,16844.13
2025,836,DEPARTMENT OF FINANCE,2023-01-23T00:00:00.000,QUEENS,DEPUTY CITY SHERIFF - NON-SPVR,ACTIVE,52535.00,per Annum,2080,51904.28,898,33456.37,2315.64
2025,836,DEPARTMENT OF FINANCE,2016-12-11T00:00:00.000,MANHATTAN,PRINCIPAL ADMINISTRATIVE ASSOCIATE -  NON SUPVR,ACTIVE,76032.00,per Annum,1820,74708.79,0,0.00,4706.33
2025,836,DEPARTMENT OF FINANCE,2016-09-19T00:00:00.000,MANHATTAN,COMPUTER SPECIALIST,ACTIVE,112346.00,per Annum,1820,108875.16,271.75,19699.97,5692.29
2025,836,DEPARTMENT OF FINANCE,2018-06-11T00:00:00.000,MANHATTAN,ADMINISTRATIVE MANAGEMENT AUDITOR,ACTIVE,118407.00,per Annum,1820,108871.23,0,0.00,266.12
2025,836,DEPARTMENT OF FINANCE,2000-09-25T00:00:00.000,MANHATTAN,COMPUTER SYSTEMS MANAGER,ACTIVE,172955.00,per Annum,1820,167033.27,0,0.00,626.88
2025,836,DEPARTMENT OF FINANCE,2000-01-24T00:00:00.000,MANHATTAN,ADM MANAGER-NON-MGRL,ACTIVE,105090.00,per Annum,1820,101201.54,169.5,10994.06,3700.78
2025,836,DEPARTMENT OF FINANCE,2024-12-09T00:00:00.000,MANHATTAN,ASSISTANT CITY ASSESSOR,CEASED,59089.00,per Annum,980,29955.01,0,0.00,-1089.29
2025,836,DEPARTMENT OF FINANCE,2019-03-18T00:00:00.000,MANHATTAN,PROCUREMENT ANALYST,ACTIVE,73540.00,per Annum,1820,66234.55,0,0.00,275.90
2025,836,DEPARTMENT OF FINANCE,1999-04-26T00:00:00.000,MANHATTAN,CITY LABORER,ACTIVE,331.92,per Day,2080,65304.37,31,1685.63,0.00
2025,836,DEPARTMENT OF FINANCE,2006-06-05T00:00:00.000,QUEENS,CITY TAX AUDITOR,ON LEAVE,75333.00,per Annum,1750,45090.97,137.25,6655.36,4865.07
2025,836,DEPARTMENT OF FINANCE,1998-11-23T00:00:00.000,BRONX,PRINCIPAL ADMINISTRATIVE ASSOCIATE -  NON SUPVR,ACTIVE,66826.00,per Annum,1820,65661.21,0,0.00,1847.49
2025,836,DEPARTMENT OF FINANCE,2024-07-15T00:00:00.000,MANHATTAN,HEARING OFFICER,CEASED,61.52,per Hour,147.4,9068.05,0,0.00,0.00
2025,836,DEPARTMENT OF FINANCE,2014-06-16T00:00:00.000,MANHATTAN,TELECOMMUNICATIONS ASSOCIATE,ACTIVE,68826.00,per Annum,1820,66676.65,138.75,6494.15,6567.85
2025,836,DEPARTMENT OF FINANCE,2004-10-19T00:00:00.000,MANHATTAN,HEARING OFFICER,CEASED,63.37,per Hour,832.67,51617.43,0,0.00,0.00
2025,836,DEPARTMENT OF FINANCE,1998-09-08T00:00:00.000,MANHATTAN,CLERICAL ASSOCIATE MOST MAYORAL AG,ACTIVE,64826.00,per Annum,1820,62800.37,127.75,5011.46,5883.81
2025,836,DEPARTMENT OF FINANCE,1997-11-19T00:00:00.000,MANHATTAN,HEARING OFFICER,ACTIVE,63.37,per Hour,1984.55,123710.22,0,0.00,0.00
2025,836,DEPARTMENT OF FINANCE,2004-02-25T00:00:00.000,QUEENS,CITY ASSESSOR,ACTIVE,93708.00,per Annum,1820,90812.48,20.75,1159.21,4429.66
2025,836,DEPARTMENT OF FINANCE,2014-11-03T00:00:00.000,QUEENS,DEPUTY CITY SHERIFF - NON-SPVR,ON SEPARATION LEAVE,92073.00,per Annum,2080,91810.48,320,22305.69,5817.55
2025,836,DEPARTMENT OF FINANCE,2001-06-28T00:00:00.000,MANHATTAN,HEARING OFFICER,ACTIVE,63.37,per Hour,868.33,54084.77,0,0.00,0.00
2025,836,DEPARTMENT OF FINANCE,2006-06-21T00:00:00.000,MANHATTAN,ADMINISTRATIVE STAFF ANALYST,ACTIVE,124271.00,per Annum,1820,123082.86,0,0.00,3185.41
2025,836,DEPARTMENT OF FINANCE,2020-01-21T00:00:00.000,MANHATTAN,INVESTIGATOR,ON LEAVE,55437.00,per Annum,1540,35505.74,0,0.00,1085.85
2025,836,DEPARTMENT OF FINANCE,1999-10-11T00:00:00.000,MANHATTAN,EXECUTIVE AGENCY COUNSEL,ACTIVE,216247.00,per Annum,1820,208842.80,0,0.00,0.00
2025,836,DEPARTMENT OF FINANCE,1995-05-22T00:00:00.000,MANHATTAN,COMPUTER ASSOCIATE,ACTIVE,90445.00,per Annum,1820,87628.21,2,102.83,6358.43
2025,836,DEPARTMENT OF FINANCE,2025-04-21T00:00:00.000,MANHATTAN,PRINCIPAL ADMINISTRATIVE ASSOCIATE -  NON SUPVR,ACTIVE,59715.00,per Annum,280,9161.76,0,0.00,0.00
2025,836,DEPARTMENT OF FINANCE,2024-07-15T00:00:00.000,MANHATTAN,HEARING OFFICER,CEASED,61.52,per Hour,42.38,2607.42,0,0.00,0.00
2025,836,DEPARTMENT OF FINANCE,2025-02-24T00:00:00.000,QUEENS,PRINCIPAL ADMINISTRATIVE ASSOCIATE -  NON SUPVR,ACTIVE,75971.00,per Annum,560,23311.68,97.75,5526.91,1256.34
2025,836,DEPARTMENT OF FINANCE,2012-07-09T00:00:00.000,MANHATTAN,ADMINISTRATIVE STAFF ANALYST,ACTIVE,132400.00,per Annum,1820,131135.76,0,0.00,3185.41
2025,836,DEPARTMENT OF FINANCE,1994-05-12T00:00:00.000,MANHATTAN,COMPUTER ASSOCIATE,ACTIVE,86281.00,per Annum,1820,84781.68,0,0.00,1847.49
2025,836,DEPARTMENT OF FINANCE,1993-09-13T00:00:00.000,MANHATTAN,ADM MANAGER-NON-MGRL,ACTIVE,84665.00,per Annum,1820,83102.62,123.75,7428.75,3384.63
2025,836,DEPARTMENT OF FINANCE,1995-03-13T00:00:00.000,MANHATTAN,CITY TAX AUDITOR,ACTIVE,90289.00,per Annum,1820,87515.67,0,0.00,9955.61
2025,836,DEPARTMENT OF FINANCE,1994-07-01T00:00:00.000,MANHATTAN,ADMINISTRATIVE MANAGER,ACTIVE,156351.00,per Annum,1820,150998.02,0,0.00,0.00
2025,836,DEPARTMENT OF FINANCE,1994-07-01T00:00:00.000,BRONX,CASHIER,ACTIVE,55259.00,per Annum,1820,53530.72,13,520.12,6838.26
2025,836,DEPARTMENT OF FINANCE,2025-06-02T00:00:00.000,MANHATTAN,HEARING OFFICER,ACTIVE,63.37,per Hour,21,1330.77,0,0.00,0.00
2025,836,DEPARTMENT OF FINANCE,1999-08-09T00:00:00.000,MANHATTAN,COMPUTER SYSTEMS MANAGER,ACTIVE,140257.00,per Annum,1820,135923.57,0,0.00,0.00
2025,836,DEPARTMENT OF FINANCE,1990-07-30T00:00:00.000,MANHATTAN,CITY TAX AUDITOR,ACTIVE,89479.00,per Annum,1820,86730.20,0,0.00,9955.61
2025,836,DEPARTMENT OF FINANCE,2019-07-01T00:00:00.000,MANHATTAN,COMPUTER SYSTEMS MANAGER,ACTIVE,162301.00,per Annum,1820,156743.64,0,0.00,1000.00
2025,836,DEPARTMENT OF FINANCE,1990-06-04T00:00:00.000,MANHATTAN,COMPUTER SYSTEMS MANAGER,ACTIVE,165030.00,per Annum,1820,159379.21,0,0.00,0.00
2025,836,DEPARTMENT OF FINANCE,1990-05-21T00:00:00.000,BROOKLYN,CLERICAL ASSOCIATE MOST MAYORAL AG,ACTIVE,49026.00,per Annum,1820,47489.30,0,0.00,5696.52
2025,836,DEPARTMENT OF FINANCE,2024-01-03T00:00:00.000,MANHATTAN,HEARING OFFICER,ACTIVE,63.37,per Hour,471.35,29516.35,0,0.00,0.00
2025,836,DEPARTMENT OF FINANCE,1994-07-01T00:00:00.000,MANHATTAN,PRINCIPAL ADMINISTRATIVE ASSOCIATE -  NON SUPVR,ACTIVE,69795.00,per Annum,1820,68579.34,0,0.00,4706.33
2025,836,DEPARTMENT OF FINANCE,1995-07-10T00:00:00.000,MANHATTAN,ADM MANAGER-NON-MGRL,ACTIVE,95637.00,per Annum,1820,93027.43,94.25,5785.06,3436.26
2025,836,DEPARTMENT OF FINANCE,1989-08-21T00:00:00.000,MANHATTAN,CITY TAX AUDITOR,ACTIVE,78380.00,per Annum,1820,75974.74,0,0.00,9955.61
2025,836,DEPARTMENT OF FINANCE,1989-06-19T00:00:00.000,MANHATTAN,CITY TAX AUDITOR,ACTIVE,76597.00,per Annum,1820,74246.69,6,299.40,9955.61
2025,836,DEPARTMENT OF FINANCE,1989-01-31T00:00:00.000,MANHATTAN,COMPUTER SYSTEMS MANAGER,ACTIVE,140079.00,per Annum,1820,135751.39,35.25,3027.25,0.00
2025,836,DEPARTMENT OF FINANCE,1994-10-03T00:00:00.000,MANHATTAN,ADM MANAGER-NON-MGRL,CEASED,95667.00,per Annum,1106,56577.45,0,0.00,1446.21
2025,836,DEPARTMENT OF FINANCE,1988-11-14T00:00:00.000,MANHATTAN,PUBLIC RECORDS AIDE,CEASED,51237.00,per Annum,56,2155.33,0,0.00,313.12
2025,836,DEPARTMENT OF FINANCE,1995-07-09T00:00:00.000,QUEENS,PRINCIPAL ADMINISTRATIVE ASSOCIATE -  NON SUPVR,ACTIVE,61467.00,per Annum,1820,60394.90,349.5,14105.81,1899.45
2025,836,DEPARTMENT OF FINANCE,1994-07-01T00:00:00.000,MANHATTAN,ADM MANAGER-NON-MGRL,ACTIVE,110833.00,per Annum,1820,108911.06,0,0.00,3396.47
2025,836,DEPARTMENT OF FINANCE,1988-03-07T00:00:00.000,MANHATTAN,PRINCIPAL ADMINISTRATIVE ASSOCIATE -  NON SUPVR,CEASED,92110.00,per Annum,624.63,31515.34,0,0.00,1595.85
2025,836,DEPARTMENT OF FINANCE,1987-12-07T00:00:00.000,MANHATTAN,CITY TAX AUDITOR,CEASED,93674.00,per Annum,1307.12,67254.04,0,0.00,12075.36
2025,836,DEPARTMENT OF FINANCE,1987-06-29T00:00:00.000,MANHATTAN,ADMINISTRATIVE TAX AUDITOR,ACTIVE,216242.00,per Annum,1820,209355.35,0,0.00,0.00
2025,836,DEPARTMENT OF FINANCE,1987-06-08T00:00:00.000,MANHATTAN,ADMINISTRATIVE TAX AUDITOR,CEASED,162074.00,per Annum,1155,102554.39,0,0.00,30156.47
2025,836,DEPARTMENT OF FINANCE,2008-02-15T00:00:00.000,MANHATTAN,*ATTORNEY AT LAW,ACTIVE,121130.00,per Annum,1820,118139.15,0,0.00,22437.08
2025,836,DEPARTMENT OF FINANCE,1997-02-03T00:00:00.000,MANHATTAN,HEARING OFFICER,ACTIVE,63.37,per Hour,672.88,41888.53,0,0.00,0.00
2025,836,DEPARTMENT OF FINANCE,2012-07-16T00:00:00.000,MANHATTAN,HEARING OFFICER,CEASED,61.52,per Hour,615.45,37862.61,0,0.00,0.00
2025,836,DEPARTMENT OF FINANCE,2022-11-28T00:00:00.000,QUEENS,ASSISTANT COMMISSIONER,ACTIVE,216255.00,per Annum,1820,203192.95,0,0.00,0.00
2025,836,DEPARTMENT OF FINANCE,1987-03-02T00:00:00.000,MANHATTAN,CITY TAX AUDITOR,ACTIVE,99869.00,per Annum,1820,96799.28,0,0.00,16844.13
2025,836,DEPARTMENT OF FINANCE,1986-12-15T00:00:00.000,MANHATTAN,CITY TAX AUDITOR,CEASED,96718.00,per Annum,1820,93746.50,0,0.00,16844.13
2025,836,DEPARTMENT OF FINANCE,1997-12-08T00:00:00.000,MANHATTAN,ASSOCIATE STAFF ANALYST,ON SEPARATION LEAVE,112877.00,per Annum,1820,111771.22,0,0.00,6947.18
2025,836,DEPARTMENT OF FINANCE,1986-08-04T00:00:00.000,MANHATTAN,CITY REGISTER,ACTIVE,216255.00,per Annum,1820,208850.60,0,0.00,0.00
2025,836,DEPARTMENT OF FINANCE,1994-07-01T00:00:00.000,BROOKLYN,CLERICAL ASSOCIATE MOST MAYORAL AG,CEASED,59002.00,per Annum,177.98,5847.41,0,0.00,563.08
2025,836,DEPARTMENT OF FINANCE,1986-05-05T00:00:00.000,QUEENS,CITY ASSESSOR,ACTIVE,120996.00,per Annum,1820,116807.75,99.25,8936.04,7055.55
2025,827,DEPARTMENT OF SANITATION,2015-01-05T00:00:00.000,MANHATTAN,AUTO MECHANIC,ACTIVE,403.44,per Day,2080,102367.49,167,12813.15,11741.26
2025,827,DEPARTMENT OF SANITATION,2023-08-14T00:00:00.000,BROOKLYN,CLERICAL ASSOCIATE MOST MAYORAL AG,ACTIVE,42287.00,per Annum,1820,40980.68,114,3073.92,1371.86
2025,827,DEPARTMENT OF SANITATION,2009-11-30T00:00:00.000,RICHMOND,AUTO MECHANIC,ACTIVE,403.44,per Day,2080,102367.49,289.5,21679.46,4513.42
2025,827,DEPARTMENT OF SANITATION,2013-08-19T00:00:00.000,BROOKLYN,SANITATION WORKER,ACTIVE,92093.00,per Annum,2080,61252.75,243.5,22345.47,19346.58
2025,827,DEPARTMENT OF SANITATION,2023-10-23T00:00:00.000,BROOKLYN,SANITATION WORKER,ACTIVE,49751.00,per Annum,2080,47775.74,165,7814.76,8260.47
2025,827,DEPARTMENT OF SANITATION,2008-08-11T00:00:00.000,QUEENS,SUPERVISOR,ACTIVE,123700.00,per Annum,2080,122624.22,378,36571.00,13237.51
2025,827,DEPARTMENT OF SANITATION,2013-10-14T00:00:00.000,QUEENS,SUPERVISOR,ACTIVE,123700.00,per Annum,2080,122386.45,501.5,46655.49,16925.15
2025,827,DEPARTMENT OF SANITATION,2023-06-05T00:00:00.000,BRONX,SANITATION WORKER,ACTIVE,49751.00,per Annum,2080,48203.78,66.5,3851.52,1661.21
2025,827,DEPARTMENT OF SANITATION,2008-07-07T00:00:00.000,BROOKLYN,SANITATION WORKER,ACTIVE,92093.00,per Annum,2080,72512.45,271,24519.26,14832.06
2025,827,DEPARTMENT OF SANITATION,2008-07-07T00:00:00.000,QUEENS,SUPERVISOR,ACTIVE,123700.00,per Annum,2080,121148.29,426,40186.25,14039.19
2025,827,DEPARTMENT OF SANITATION,2008-07-07T00:00:00.000,RICHMOND,SANITATION WORKER,ACTIVE,92093.00,per Annum,2080,90137.93,194,18840.48,14294.23
2025,827,DEPARTMENT OF SANITATION,2021-12-20T00:00:00.000,BROOKLYN,SANITATION WORKER,ACTIVE,59761.00,per Annum,2080,51805.86,307,15135.52,15034.23
2025,827,DEPARTMENT OF SANITATION,2018-04-02T00:00:00.000,MANHATTAN,PROCUREMENT ANALYST,ACTIVE,65976.00,per Annum,1820,71679.22,0,4.00,515.68
2025,827,DEPARTMENT OF SANITATION,2015-12-21T00:00:00.000,MANHATTAN,PRINCIPAL ADMINISTRATIVE ASSOCIATE -  NON SUPVR,ACTIVE,75571.00,per Annum,1820,74255.96,0,0.00,4706.33
2025,827,DEPARTMENT OF SANITATION,2008-01-14T00:00:00.000,QUEENS,METAL WORK MECHANIC,ACTIVE,117379.00,per Annum,2080,115941.23,60,5121.71,2723.21
2025,827,DEPARTMENT OF SANITATION,2007-11-07T00:00:00.000,RICHMOND,SANITATION WORKER,ACTIVE,92093.00,per Annum,2080,87800.94,258,23655.04,32457.13
2025,827,DEPARTMENT OF SANITATION,2007-10-09T00:00:00.000,BROOKLYN,SUPERVISOR,ACTIVE,123700.00,per Annum,2080,121693.44,1195,114804.82,29819.13
2025,827,DEPARTMENT OF SANITATION,2007-10-09T00:00:00.000,MANHATTAN,SANITATION WORKER,ACTIVE,92093.00,per Annum,2080,90137.93,244,23127.31,26034.19
2025,827,DEPARTMENT OF SANITATION,2007-09-24T00:00:00.000,MANHATTAN,COMPUTER SYSTEMS MANAGER,ACTIVE,174763.00,per Annum,1820,168779.23,0,0.00,0.00
2025,827,DEPARTMENT OF SANITATION,2007-09-10T00:00:00.000,MANHATTAN,SANITATION WORKER,ACTIVE,92093.00,per Annum,2080,87338.99,358,32956.57,24281.15
2025,827,DEPARTMENT OF SANITATION,2007-05-21T00:00:00.000,BROOKLYN,SANITATION WORKER,ACTIVE,92093.00,per Annum,1988.57,80804.08,249,23930.56,25172.53
2025,827,DEPARTMENT OF SANITATION,2007-03-26T00:00:00.000,MANHATTAN,CLERICAL ASSOCIATE MOST MAYORAL AG,ACTIVE,46945.00,per Annum,1870,45456.59,1.75,48.71,5760.41
2025,827,DEPARTMENT OF SANITATION,2010-10-12T00:00:00.000,RICHMOND,SANITATION ENFORCEMENT AGENT,CEASED,39061.00,per Annum,0,0.00,0,0.00,325.23
2025,827,DEPARTMENT OF SANITATION,2007-09-10T00:00:00.000,MANHATTAN,SUPERVISOR,ACTIVE,123700.00,per Annum,2080,120337.57,527,52951.44,13784.82
2025,827,DEPARTMENT OF SANITATION,2006-11-13T00:00:00.000,MANHATTAN,SANITATION WORKER,ACTIVE,92093.00,per Annum,2080,90137.93,433,38481.60,33097.72
2025,827,DEPARTMENT OF SANITATION,2006-10-23T00:00:00.000,BROOKLYN,AUTO MECHANIC,CEASED,390.72,per Day,1120,55074.06,8,698.86,1523.61
2025,827,DEPARTMENT OF SANITATION,2006-10-16T00:00:00.000,QUEENS,SUPERVISOR,ACTIVE,114201.00,per Annum,2080,105530.64,363,31179.77,12218.31
2025,827,DEPARTMENT OF SANITATION,2006-09-18T00:00:00.000,BROOKLYN,SUPERVISOR,ACTIVE,123700.00,per Annum,2080,122066.83,612,57563.70,22633.69
2025,827,DEPARTMENT OF SANITATION,2006-08-14T00:00:00.000,QUEENS,AUTO MECHANIC,ACTIVE,403.44,per Day,2080,102367.49,24,1758.24,3170.33
2025,827,DEPARTMENT OF SANITATION,2006-08-21T00:00:00.000,BRONX,SANITATION WORKER,ACTIVE,92093.00,per Annum,2080,89785.08,335.83,30218.20,14946.45
2025,827,DEPARTMENT OF SANITATION,2006-08-21T00:00:00.000,MANHATTAN,SANITATION WORKER,ACTIVE,92093.00,per Annum,2080,90137.93,466,42646.05,41898.09
2025,827,DEPARTMENT OF SANITATION,2013-10-14T00:00:00.000,MANHATTAN,SANITATION WORKER,ACTIVE,92093.00,per Annum,2080,88774.25,321.5,29846.34,5913.23
2025,827,DEPARTMENT OF SANITATION,2015-08-10T00:00:00.000,BROOKLYN,SANITATION WORKER,ACTIVE,92093.00,per Annum,1964.57,84493.08,342.5,29784.56,24627.74
2025,827,DEPARTMENT OF SANITATION,2015-08-10T00:00:00.000,MANHATTAN,SANITATION WORKER,ACTIVE,92093.00,per Annum,2080,79631.02,325.75,30075.73,19655.17
2025,827,DEPARTMENT OF SANITATION,2018-08-13T00:00:00.000,BROOKLYN,SANITATION WORKER,ACTIVE,92093.00,per Annum,2080,89079.38,232,22650.35,25332.80
2025,827,DEPARTMENT OF SANITATION,2021-10-04T00:00:00.000,BRONX,SUPERVISOR,ACTIVE,99142.00,per Annum,2040,78801.40,270,16912.85,12303.87
2025,827,DEPARTMENT OF SANITATION,2021-10-04T00:00:00.000,QUEENS,SANITATION WORKER,ON LEAVE,53187.00,per Annum,128,3002.74,11,590.66,580.94
2025,827,DEPARTMENT OF SANITATION,2021-10-04T00:00:00.000,QUEENS,SANITATION WORKER,ACTIVE,59761.00,per Annum,1920,48316.65,204.5,10612.08,7904.67
2025,827,DEPARTMENT OF SANITATION,2021-11-29T00:00:00.000,BROOKLYN,SANITATION WORKER,ACTIVE,59761.00,per Annum,2080,52507.34,87,4221.45,1757.82
2025,827,DEPARTMENT OF SANITATION,2021-12-20T00:00:00.000,BROOKLYN,SANITATION WORKER,ACTIVE,59761.00,per Annum,2080,49869.95,319,16544.48,22563.80
2025,827,DEPARTMENT OF SANITATION,2021-12-20T00:00:00.000,BRONX,SANITATION WORKER,ACTIVE,59761.00,per Annum,2080,52111.53,355,18315.72,16856.28
2025,827,DEPARTMENT OF SANITATION,2022-02-22T00:00:00.000,BROOKLYN,AUTO MECHANIC,CEASED,348.00,per Day,1064,46618.88,144,9873.58,5065.55
2025,827,DEPARTMENT OF SANITATION,2022-03-15T00:00:00.000,BROOKLYN,ELECTRICIAN,ACTIVE,403.44,per Day,2080,94028.17,224,15243.93,7740.71
2025,827,DEPARTMENT OF SANITATION,2022-07-11T00:00:00.000,BRONX,SANITATION WORKER,ACTIVE,53187.00,per Annum,2080,50227.73,218,10539.32,5021.51
2025,827,DEPARTMENT OF SANITATION,2022-07-11T00:00:00.000,BRONX,SANITATION WORKER,ACTIVE,53187.00,per Annum,2080,45552.23,74,4182.89,14416.81
2025,827,DEPARTMENT OF SANITATION,2022-07-11T00:00:00.000,BROOKLYN,SANITATION WORKER,ACTIVE,53187.00,per Annum,2080,49042.15,63,3447.51,9523.72
2025,827,DEPARTMENT OF SANITATION,2022-07-11T00:00:00.000,QUEENS,SANITATION WORKER,ACTIVE,53187.00,per Annum,2080,49616.39,147,7638.91,7023.43
2025,827,DEPARTMENT OF SANITATION,2022-10-24T00:00:00.000,BROOKLYN,SANITATION WORKER,ACTIVE,53187.00,per Annum,2080,46280.12,269,12986.08,15309.81
2025,827,DEPARTMENT OF SANITATION,2023-06-05T00:00:00.000,BROOKLYN,SANITATION WORKER,ACTIVE,49751.00,per Annum,2080,48013.16,244,11774.83,17878.27
2025,827,DEPARTMENT OF SANITATION,2023-06-05T00:00:00.000,QUEENS,SANITATION WORKER,ACTIVE,49751.00,per Annum,2080,48023.80,138,6576.45,16703.28
2025,827,DEPARTMENT OF SANITATION,2023-06-05T00:00:00.000,QUEENS,SANITATION WORKER,ACTIVE,49751.00,per Annum,2080,48203.78,116,5382.93,2495.76
2025,827,DEPARTMENT OF SANITATION,2023-06-05T00:00:00.000,MANHATTAN,SANITATION WORKER,ACTIVE,49751.00,per Annum,2080,48203.78,284.17,13678.66,20081.92
2025,827,DEPARTMENT OF SANITATION,2023-06-20T00:00:00.000,QUEENS,COLLEGE AIDE,ACTIVE,18.80,per Hour,910,16896.65,0,0.00,0.00
2025,827,DEPARTMENT OF SANITATION,2023-07-10T00:00:00.000,BROOKLYN,SANITATION WORKER,ACTIVE,49751.00,per Annum,2080,48094.74,117.75,5773.64,3875.94
2025,827,DEPARTMENT OF SANITATION,2025-01-06T00:00:00.000,BROOKLYN,JOB TRAINING PARTICIPANT,CEASED,18.54,per Hour,387.17,7178.07,0,0.00,0.00
2025,827,DEPARTMENT OF SANITATION,2023-08-28T00:00:00.000,MANHATTAN,AUTO MECHANIC,ACTIVE,346.56,per Day,2080,87945.63,346.5,22210.67,6978.16
2025,827,DEPARTMENT OF SANITATION,2023-09-18T00:00:00.000,MANHATTAN,SANITATION WORKER,ACTIVE,49751.00,per Annum,2080,47606.63,95.25,4911.44,10803.33
2025,827,DEPARTMENT OF SANITATION,2023-10-23T00:00:00.000,MANHATTAN,SANITATION WORKER,ACTIVE,49751.00,per Annum,2080,47775.74,157,7781.66,12744.13
2025,827,DEPARTMENT OF SANITATION,2023-10-23T00:00:00.000,MANHATTAN,AUTO MECHANIC,ACTIVE,346.56,per Day,2080,87945.63,417,26934.02,7014.97
2025,827,DEPARTMENT OF SANITATION,2023-10-23T00:00:00.000,QUEENS,SANITATION WORKER,ACTIVE,49751.00,per Annum,2080,47585.12,196,9623.04,11207.29
2025,827,DEPARTMENT OF SANITATION,2023-09-18T00:00:00.000,MANHATTAN,SANITATION WORKER,ACTIVE,49751.00,per Annum,2080,47887.24,79.17,3989.29,7391.92
2025,827,DEPARTMENT OF SANITATION,2023-09-18T00:00:00.000,MANHATTAN,SANITATION WORKER,ACTIVE,49751.00,per Annum,2080,47516.64,105.5,5170.29,11435.64
2025,827,DEPARTMENT OF SANITATION,2023-09-18T00:00:00.000,BROOKLYN,SANITATION WORKER,ACTIVE,49751.00,per Annum,2080,47887.24,180,8498.45,13429.43
2025,827,DEPARTMENT OF SANITATION,2015-07-13T00:00:00.000,BROOKLYN,SUPERVISOR,ACTIVE,107662.00,per Annum,2080,104277.08,197,16299.22,15569.37
2025,827,DEPARTMENT OF SANITATION,2017-08-14T00:00:00.000,BRONX,SANITATION WORKER,ACTIVE,92093.00,per Annum,2080,90137.93,180,15241.16,7525.95
2025,827,DEPARTMENT OF SANITATION,2014-09-15T00:00:00.000,BROOKLYN,SANITATION WORKER,ACTIVE,92093.00,per Annum,2080,80849.59,271,24924.47,18678.46
2025,827,DEPARTMENT OF SANITATION,2022-08-15T00:00:00.000,BROOKLYN,SANITATION WORKER,ACTIVE,53187.00,per Annum,2080,49714.41,75.5,3832.37,1706.64
2025,827,DEPARTMENT OF SANITATION,2014-07-21T00:00:00.000,BROOKLYN,SANITATION WORKER,ACTIVE,92093.00,per Annum,2080,90137.93,302,27513.71,32222.43
2025,827,DEPARTMENT OF SANITATION,2014-07-21T00:00:00.000,MANHATTAN,SANITATION WORKER,ACTIVE,92093.00,per Annum,2080,88665.16,289.25,26274.78,23718.94
2025,827,DEPARTMENT OF SANITATION,2014-07-21T00:00:00.000,RICHMOND,SANITATION WORKER,ACTIVE,92093.00,per Annum,2080,90137.93,273,25033.32,13586.17
2025,827,DEPARTMENT OF SANITATION,2017-07-10T00:00:00.000,QUEENS,SANITATION WORKER,ACTIVE,92093.00,per Annum,2080,90137.93,306,27737.75,5531.74
2025,827,DEPARTMENT OF SANITATION,2014-06-30T00:00:00.000,MANHATTAN,METAL WORK MECHANIC,ACTIVE,117379.00,per Annum,2080,115505.18,515.5,43799.07,3486.16
2025,827,DEPARTMENT OF SANITATION,2023-07-10T00:00:00.000,BRONX,SANITATION WORKER,ACTIVE,49751.00,per Annum,2080,48094.74,158,7361.85,6754.64
2025,827,DEPARTMENT OF SANITATION,2021-07-12T00:00:00.000,QUEENS,SANITATION WORKER,ACTIVE,59761.00,per Annum,2080,54145.64,122,7476.24,19164.86
2025,827,DEPARTMENT OF SANITATION,2014-05-12T00:00:00.000,RICHMOND,AUTO MECHANIC,ACTIVE,403.44,per Day,2080,102367.49,43.5,3208.79,3286.30
2025,827,DEPARTMENT OF SANITATION,2024-11-04T00:00:00.000,MANHATTAN,JOB TRAINING PARTICIPANT,CEASED,18.54,per Hour,681.33,12631.92,0,0.00,0.00
2025,827,DEPARTMENT OF SANITATION,2014-04-07T00:00:00.000,MANHATTAN,CLERICAL ASSOCIATE MOST MAYORAL AG,ACTIVE,48631.00,per Annum,1820,46257.34,417,15570.71,5820.53
2025,827,DEPARTMENT OF SANITATION,2015-07-13T00:00:00.000,BROOKLYN,CITY ATTENDANT,ACTIVE,43421.00,per Annum,2080,40930.39,24,740.54,1027.53
2025,827,DEPARTMENT OF SANITATION,2013-11-11T00:00:00.000,BROOKLYN,SANITATION WORKER,ACTIVE,92093.00,per Annum,2080,88220.15,20,2510.37,14082.83
2025,827,DEPARTMENT OF SANITATION,2013-11-11T00:00:00.000,QUEENS,SANITATION WORKER,ACTIVE,92093.00,per Annum,2080,89035.27,66,6152.26,10102.05
2025,827,DEPARTMENT OF SANITATION,2013-10-14T00:00:00.000,QUEENS,SANITATION WORKER,ACTIVE,92093.00,per Annum,2080,90137.93,279,23294.62,26908.93
2025,827,DEPARTMENT OF SANITATION,2013-10-14T00:00:00.000,BROOKLYN,SANITATION WORKER,ACTIVE,92093.00,per Annum,2080,89444.16,174,16850.47,14490.62
2025,827,DEPARTMENT OF SANITATION,2013-07-29T00:00:00.000,MANHATTAN,ADMINISTRATIVE STAFF ANALYST,ACTIVE,163286.00,per Annum,1820,161740.38,0,0.00,1829.68
2025,827,DEPARTMENT OF SANITATION,2005-12-05T00:00:00.000,BROOKLYN,SANITATION WORKER,ACTIVE,92093.00,per Annum,2080,89103.24,460,40439.00,28154.66
2025,827,DEPARTMENT OF SANITATION,2016-05-02T00:00:00.000,MANHATTAN,ADMINISTRATIVE STAFF ANALYST,ACTIVE,128551.00,per Annum,1820,127331.50,0,0.00,1829.68
2025,827,DEPARTMENT OF SANITATION,2011-10-11T00:00:00.000,BRONX,SANITATION WORKER,ACTIVE,92093.00,per Annum,2080,89785.08,213,19310.99,32135.49
2025,827,DEPARTMENT OF SANITATION,2004-11-15T00:00:00.000,MANHATTAN,SUPERVISOR,CEASED,119517.00,per Annum,1648,97883.18,0,73.33,34580.63
2025,827,DEPARTMENT OF SANITATION,2014-10-13T00:00:00.000,QUEENS,SANITATION WORKER,ACTIVE,92093.00,per Annum,2080,89444.16,269,24129.68,20428.54
2025,827,DEPARTMENT OF SANITATION,2004-11-15T00:00:00.000,BROOKLYN,SANITATION WORKER,ACTIVE,92093.00,per Annum,2080,90137.93,586,51401.63,33739.47
2025,827,DEPARTMENT OF SANITATION,2005-12-05T00:00:00.000,QUEENS,SANITATION WORKER,ACTIVE,92093.00,per Annum,2080,89444.16,116.5,11813.19,23539.01
2025,827,DEPARTMENT OF SANITATION,2005-11-14T00:00:00.000,QUEENS,SUPERVISOR,ACTIVE,123700.00,per Annum,2080,122341.40,201,20515.63,13226.10
2025,827,DEPARTMENT OF SANITATION,2005-11-14T00:00:00.000,BRONX,SANITATION WORKER,ACTIVE,92093.00,per Annum,2080,89091.31,276.5,25433.65,7835.89
2025,827,DEPARTMENT OF SANITATION,2005-10-17T00:00:00.000,RICHMOND,SANITATION WORKER,ACTIVE,92093.00,per Annum,2080,89444.16,309.5,28462.89,28130.51
2025,827,DEPARTMENT OF SANITATION,2005-10-17T00:00:00.000,QUEENS,SANITATION WORKER,ACTIVE,92093.00,per Annum,2080,90137.93,366,32937.21,32546.47
2025,827,DEPARTMENT OF SANITATION,2005-09-12T00:00:00.000,BROOKLYN,SANITATION WORKER,ACTIVE,92093.00,per Annum,2080,90137.93,412,35951.71,30553.40
2025,827,DEPARTMENT OF SANITATION,2005-08-29T00:00:00.000,QUEENS,CARPENTER,ACTIVE,398.86,per Day,1820,103703.60,443,41794.84,4558.40
2025,827,DEPARTMENT OF SANITATION,2005-08-01T00:00:00.000,MANHATTAN,SECRETARY,ACTIVE,54788.00,per Annum,1820,53072.50,0,0.00,5696.53
2025,827,DEPARTMENT OF SANITATION,2005-07-25T00:00:00.000,QUEENS,CARPENTER,ACTIVE,398.86,per Day,1820,103703.60,366,34415.92,5014.24
2025,827,DEPARTMENT OF SANITATION,2005-07-18T00:00:00.000,RICHMOND,SUPERVISOR,ACTIVE,123700.00,per Annum,2080,120780.00,518.5,50213.90,28866.62
2025,827,DEPARTMENT OF SANITATION,2013-10-14T00:00:00.000,BRONX,SANITATION WORKER,ACTIVE,92093.00,per Annum,2080,90137.93,366.33,31844.79,11948.64
2025,827,DEPARTMENT OF SANITATION,2014-09-15T00:00:00.000,MANHATTAN,SANITATION WORKER,ACTIVE,92093.00,per Annum,2080,87571.45,351.25,31601.45,23930.18
2025,827,DEPARTMENT OF SANITATION,2015-10-12T00:00:00.000,MANHATTAN,COMMUNITY COORDINATOR,ACTIVE,72298.00,per Annum,1820,70064.11,35.25,1756.40,722.91
2025,827,DEPARTMENT OF SANITATION,2012-09-24T00:00:00.000,QUEENS,SANITATION WORKER,ACTIVE,92093.00,per Annum,2080,89103.24,137,12031.46,6733.61
2025,827,DEPARTMENT OF SANITATION,2024-08-26T00:00:00.000,BRONX,SANITATION WORKER,ACTIVE,48619.00,per Annum,1720,37432.80,67,3125.36,2327.34
2025,827,DEPARTMENT OF SANITATION,2019-10-21T00:00:00.000,MANHATTAN,SANITATION ENFORCEMENT AGENT,CEASED,32986.00,per Annum,0,1881.20,0,27.59,10.12
2025,827,DEPARTMENT OF SANITATION,2025-02-10T00:00:00.000,BROOKLYN,JOB TRAINING PARTICIPANT,CEASED,18.54,per Hour,56,1038.24,0,0.00,0.00
2025,827,DEPARTMENT OF SANITATION,2024-10-28T00:00:00.000,QUEENS,SANITATION WORKER,ACTIVE,48619.00,per Annum,1360,29518.63,189,8248.51,9557.11
2025,827,DEPARTMENT OF SANITATION,2024-10-28T00:00:00.000,QUEENS,SANITATION WORKER,ACTIVE,48619.00,per Annum,1360,29518.63,146.5,6128.21,4321.28
2025,827,DEPARTMENT OF SANITATION,2024-10-28T00:00:00.000,BROOKLYN,SANITATION WORKER,ACTIVE,48619.00,per Annum,1360,29432.77,73,3322.74,5442.04
2025,827,DEPARTMENT OF SANITATION,2024-09-30T00:00:00.000,BRONX,SANITATION WORKER,ACTIVE,48619.00,per Annum,1520,32690.02,73,3700.89,5510.24
2025,827,DEPARTMENT OF SANITATION,2024-09-30T00:00:00.000,MANHATTAN,SANITATION WORKER,ACTIVE,48619.00,per Annum,1520,33138.46,124,5666.79,3356.08
2025,827,DEPARTMENT OF SANITATION,2016-08-22T00:00:00.000,QUEENS,SANITATION WORKER,ACTIVE,92093.00,per Annum,2080,88762.32,283,25880.66,19123.33
2025,827,DEPARTMENT OF SANITATION,2011-10-11T00:00:00.000,MANHATTAN,SANITATION WORKER,ACTIVE,92093.00,per Annum,2080,89797.01,307.5,27981.53,24446.46
2025,827,DEPARTMENT OF SANITATION,2014-09-15T00:00:00.000,MANHATTAN,SUPERVISOR,ACTIVE,99142.00,per Annum,2040,91437.56,361,29860.60,14220.86
2025,827,DEPARTMENT OF SANITATION,2024-08-26T00:00:00.000,BROOKLYN,SANITATION WORKER,ACTIVE,48619.00,per Annum,1720,37619.08,146.25,6487.86,9666.75
2025,827,DEPARTMENT OF SANITATION,2024-08-26T00:00:00.000,MANHATTAN,SANITATION WORKER,ACTIVE,48619.00,per Annum,1720,37619.08,136,6376.63,5812.84
2025,827,DEPARTMENT OF SANITATION,2024-08-26T00:00:00.000,BROOKLYN,SANITATION WORKER,ACTIVE,48619.00,per Annum,1720,37619.08,173,7600.04,8584.27
2025,827,DEPARTMENT OF SANITATION,2024-07-08T00:00:00.000,QUEENS,JOB TRAINING PARTICIPANT,CEASED,18.54,per Hour,832,14980.32,0,0.00,0.00
2025,827,DEPARTMENT OF SANITATION,2024-07-01T00:00:00.000,RICHMOND,JOB TRAINING PARTICIPANT,CEASED,18.54,per Hour,963.42,17861.79,0,0.00,0.00
2025,827,DEPARTMENT OF SANITATION,2025-02-10T00:00:00.000,QUEENS,JOB TRAINING PARTICIPANT,ACTIVE,19.14,per Hour,1672,31042.08,0,0.00,0.00
2025,827,DEPARTMENT OF SANITATION,2023-11-13T00:00:00.000,MANHATTAN,AUTO MECHANIC,ACTIVE,346.56,per Day,2080,87945.63,548,35318.91,8205.48
2025,827,DEPARTMENT OF SANITATION,2016-07-18T00:00:00.000,RICHMOND,SANITATION WORKER,ACTIVE,92093.00,per Annum,2080,88421.40,168,16085.90,24298.69
2025,827,DEPARTMENT OF SANITATION,2023-08-14T00:00:00.000,MANHATTAN,SANITATION WORKER,ACTIVE,49751.00,per Annum,2080,47986.34,268.67,12991.73,21137.73
2025,827,DEPARTMENT OF SANITATION,2018-10-29T00:00:00.000,BRONX,SANITATION WORKER,ACTIVE,92093.00,per Annum,2040,80380.33,103.5,10101.81,10645.38
2025,827,DEPARTMENT OF SANITATION,2018-10-29T00:00:00.000,BROOKLYN,SANITATION WORKER,ACTIVE,92093.00,per Annum,2080,82371.79,273.5,25218.23,22346.15
2025,827,DEPARTMENT OF SANITATION,2021-07-12T00:00:00.000,BROOKLYN,SANITATION WORKER,ACTIVE,59761.00,per Annum,2080,52073.62,79.25,4804.71,6633.54
2025,827,DEPARTMENT OF SANITATION,2022-10-24T00:00:00.000,BROOKLYN,SANITATION WORKER,ACTIVE,53187.00,per Annum,2080,48890.75,40.75,2130.42,2493.85
2025,827,DEPARTMENT OF SANITATION,2019-03-18T00:00:00.000,MANHATTAN,AUTO MECHANIC,ACTIVE,403.44,per Day,2088,102668.95,287,21472.69,10092.41
2025,827,DEPARTMENT OF SANITATION,2019-04-22T00:00:00.000,BROOKLYN,SUPERVISOR,ACTIVE,99142.00,per Annum,2040,91425.72,366,26587.71,11096.13
2025,827,DEPARTMENT OF SANITATION,2019-04-22T00:00:00.000,BROOKLYN,SANITATION WORKER,ACTIVE,92093.00,per Annum,2080,84736.08,472.75,38673.85,25609.60
2025,827,DEPARTMENT OF SANITATION,2023-09-18T00:00:00.000,QUEENS,SANITATION WORKER,ACTIVE,49751.00,per Annum,2080,47887.24,126.5,5755.10,1419.13
2025,827,DEPARTMENT OF SANITATION,2019-07-15T00:00:00.000,MANHATTAN,SUPERVISOR,ACTIVE,99142.00,per Annum,2040,88994.97,125.5,9729.20,4699.46
2025,827,DEPARTMENT OF SANITATION,2019-07-15T00:00:00.000,BRONX,SANITATION WORKER,ACTIVE,92093.00,per Annum,1904,73586.93,224.75,17995.25,22066.55
2025,827,DEPARTMENT OF SANITATION,2019-07-15T00:00:00.000,QUEENS,SANITATION WORKER,ACTIVE,92093.00,per Annum,2080,81493.89,263,22127.39,23073.70
2025,827,DEPARTMENT OF SANITATION,2019-07-15T00:00:00.000,BROOKLYN,SANITATION WORKER,ACTIVE,92093.00,per Annum,2080,74376.64,268,21953.93,19196.37
2025,827,DEPARTMENT OF SANITATION,2019-07-15T00:00:00.000,BROOKLYN,SANITATION WORKER,ACTIVE,92093.00,per Annum,2080,79800.44,70,7268.38,16823.47
2025,827,DEPARTMENT OF SANITATION,2021-07-12T00:00:00.000,BROOKLYN,SANITATION WORKER,ACTIVE,59761.00,per Annum,2080,53103.92,118,6582.21,15343.26
2025,827,DEPARTMENT OF SANITATION,2019-09-23T00:00:00.000,BRONX,SANITATION WORKER,ACTIVE,92093.00,per Annum,2080,76971.89,283,23160.32,26674.74
2025,827,DEPARTMENT OF SANITATION,2019-09-23T00:00:00.000,BROOKLYN,SANITATION WORKER,ACTIVE,92093.00,per Annum,2080,78578.52,468,36174.29,32132.14
2025,827,DEPARTMENT OF SANITATION,2019-09-23T00:00:00.000,QUEENS,SANITATION WORKER,ACTIVE,92093.00,per Annum,2080,78004.54,220.25,17623.46,23467.45
2025,827,DEPARTMENT OF SANITATION,2019-09-23T00:00:00.000,BRONX,SANITATION WORKER,ACTIVE,92093.00,per Annum,2080,78578.52,479.5,35873.02,6482.42
2025,827,DEPARTMENT OF SANITATION,2024-11-04T00:00:00.000,MANHATTAN,JOB TRAINING PARTICIPANT,CEASED,18.54,per Hour,1032,19133.28,0,0.00,0.00
2025,827,DEPARTMENT OF SANITATION,2020-01-13T00:00:00.000,QUEENS,STAFF ANALYST,ACTIVE,69631.00,per Annum,1820,68977.07,0,0.00,0.00
2025,827,DEPARTMENT OF SANITATION,2021-07-12T00:00:00.000,BROOKLYN,SUPERVISOR,ACTIVE,99142.00,per Annum,2040,90632.48,158,11656.34,10394.60
2025,827,DEPARTMENT OF SANITATION,2021-07-12T00:00:00.000,BRONX,SANITATION WORKER,CEASED,46556.00,per Annum,0,-120.50,0,111.63,1186.97
2025,827,DEPARTMENT OF SANITATION,2021-07-26T00:00:00.000,QUEENS,SANITATION WORKER,ACTIVE,59761.00,per Annum,2080,54917.18,362,19186.90,26457.81
2025,827,DEPARTMENT OF SANITATION,2021-07-26T00:00:00.000,BRONX,SANITATION WORKER,ACTIVE,59761.00,per Annum,2080,54033.38,207,11577.33,21616.49
2025,827,DEPARTMENT OF SANITATION,2021-07-26T00:00:00.000,QUEENS,SUPERVISOR,ACTIVE,99142.00,per Annum,2040,90999.89,288,21046.86,10140.38
2025,827,DEPARTMENT OF SANITATION,2021-07-26T00:00:00.000,BRONX,SANITATION WORKER,ACTIVE,59761.00,per Annum,2080,54720.29,300,16404.58,22516.79
2025,827,DEPARTMENT OF SANITATION,2021-08-09T00:00:00.000,BROOKLYN,SANITATION WORKER,ACTIVE,59761.00,per Annum,2080,54210.82,54,2879.23,1801.96
2025,827,DEPARTMENT OF SANITATION,2021-08-09T00:00:00.000,QUEENS,SANITATION WORKER,ACTIVE,59761.00,per Annum,2080,54010.47,194,10467.60,14393.40
2025,827,DEPARTMENT OF SANITATION,2021-08-23T00:00:00.000,BROOKLYN,SANITATION WORKER,ACTIVE,59761.00,per Annum,2080,53987.56,87,5219.21,21543.36
2025,827,DEPARTMENT OF SANITATION,2021-08-23T00:00:00.000,QUEENS,SANITATION WORKER,ACTIVE,59761.00,per Annum,2080,54019.64,166.33,9507.25,3166.00
2025,827,DEPARTMENT OF SANITATION,2021-08-23T00:00:00.000,BRONX,SANITATION WORKER,ACTIVE,59761.00,per Annum,2080,53636.85,68,4253.91,13306.15
2025,827,DEPARTMENT OF SANITATION,2021-08-30T00:00:00.000,MANHATTAN,COMMUNITY COORDINATOR,CEASED,70022.00,per Annum,105,3506.11,0,0.00,0.00
2025,827,DEPARTMENT OF SANITATION,2021-09-13T00:00:00.000,QUEENS,SANITATION WORKER,ACTIVE,59761.00,per Annum,2080,52411.32,302,15703.82,23713.33
2025,827,DEPARTMENT OF SANITATION,2021-09-13T00:00:00.000,MANHATTAN,SANITATION WORKER,ACTIVE,59761.00,per Annum,2080,53498.90,95.25,4931.18,5965.73
2025,827,DEPARTMENT OF SANITATION,2001-01-29T00:00:00.000,MANHATTAN,AUTO MECHANIC,ACTIVE,403.44,per Day,2080,102367.49,436,32641.93,9596.80
2025,827,DEPARTMENT OF SANITATION,2001-04-16T00:00:00.000,QUEENS,SUPERVISOR,ACTIVE,123700.00,per Annum,2080,122638.16,622,61525.87,23568.94
2025,827,DEPARTMENT OF SANITATION,2001-04-16T00:00:00.000,BROOKLYN,SUPERVISOR,ACTIVE,123700.00,per Annum,2080,91820.21,126.5,12528.97,16550.48
2025,827,DEPARTMENT OF SANITATION,2001-08-27T00:00:00.000,MANHATTAN,SANITATION WORKER,ACTIVE,92093.00,per Annum,2032,83152.90,345,32764.28,27061.93
2025,827,DEPARTMENT OF SANITATION,2004-11-15T00:00:00.000,RICHMOND,SANITATION WORKER,CEASED,92093.00,per Annum,1608,69320.37,134,12296.09,33480.64
2025,827,DEPARTMENT OF SANITATION,2004-10-25T00:00:00.000,MANHATTAN,SUPERVISOR,ACTIVE,123700.00,per Annum,2080,122638.16,291,29302.49,24843.70
2025,827,DEPARTMENT OF SANITATION,2004-10-25T00:00:00.000,QUEENS,GENERAL SUPERINTENDENT,CEASED,145280.00,per Annum,1328,96692.57,482,56249.93,38477.40
2025,827,DEPARTMENT OF SANITATION,2004-10-25T00:00:00.000,QUEENS,SUPERVISOR,CEASED,119517.00,per Annum,1832,107954.38,12,1260.54,14179.32
2025,827,DEPARTMENT OF SANITATION,2004-10-25T00:00:00.000,BROOKLYN,SANITATION WORKER,ACTIVE,92093.00,per Annum,2080,87703.77,65,6535.90,14279.60
2025,827,DEPARTMENT OF SANITATION,2004-09-13T00:00:00.000,BROOKLYN,SANITATION WORKER,CEASED,88979.00,per Annum,576,24546.64,0,358.13,20071.95
2025,827,DEPARTMENT OF SANITATION,2004-08-16T00:00:00.000,MANHATTAN,GENERAL SUPERINTENDENT,CEASED,145280.00,per Annum,440,34839.21,24,3813.33,32342.81
2025,827,DEPARTMENT OF SANITATION,2004-08-16T00:00:00.000,MANHATTAN,SANITATION WORKER,CEASED,92093.00,per Annum,1096,46653.35,240,21243.26,15109.62
2025,827,DEPARTMENT OF SANITATION,2004-08-16T00:00:00.000,BRONX,SANITATION WORKER,CEASED,88979.00,per Annum,568,24205.38,0,44.67,17864.45
2025,827,DEPARTMENT OF SANITATION,2004-08-16T00:00:00.000,MANHATTAN,SANITATION WORKER,CEASED,88979.00,per Annum,560,23182.28,86,7964.56,19916.54
2025,827,DEPARTMENT OF SANITATION,2004-05-24T00:00:00.000,QUEENS,SANITATION WORKER,CEASED,88979.00,per Annum,232,9887.94,16,1453.94,16246.14
2025,827,DEPARTMENT OF SANITATION,2004-05-24T00:00:00.000,BROOKLYN,SANITATION WORKER,ACTIVE,92093.00,per Annum,2080,88421.40,263,23957.77,7048.16
2025,827,DEPARTMENT OF SANITATION,2004-05-24T00:00:00.000,MANHATTAN,SANITATION WORKER,ACTIVE,92093.00,per Annum,2080,89444.16,582.25,52251.51,44111.10
2025,827,DEPARTMENT OF SANITATION,2004-05-03T00:00:00.000,QUEENS,SANITATION WORKER,CEASED,88979.00,per Annum,568,24205.38,0,90.88,17455.03
2025,827,DEPARTMENT OF SANITATION,2004-03-22T00:00:00.000,MANHATTAN,GENERAL SUPERINTENDENT,ACTIVE,209759.00,per Annum,2080,205294.40,0,0.00,22012.52
2025,827,DEPARTMENT OF SANITATION,2004-03-22T00:00:00.000,QUEENS,SANITATION WORKER,CEASED,88979.00,per Annum,408,15682.48,0,136.32,1602.99
2025,827,DEPARTMENT OF SANITATION,2004-03-22T00:00:00.000,QUEENS,SANITATION WORKER,ACTIVE,92093.00,per Annum,2080,86796.93,251,23233.30,26598.59
2025,827,DEPARTMENT OF SANITATION,2022-01-03T00:00:00.000,MANHATTAN,ADMINISTRATIVE STAFF ANALYST,ACTIVE,129423.00,per Annum,1820,122839.34,0,0.00,4937.87
2025,827,DEPARTMENT OF SANITATION,2004-02-24T00:00:00.000,MANHATTAN,SUPERVISING COMPUTER SERVICE TECHNICIAN,CEASED,96554.00,per Annum,1120,59406.92,0,0.00,3902.17
2025,827,DEPARTMENT OF SANITATION,2018-09-17T00:00:00.000,BROOKLYN,SANITATION WORKER,ACTIVE,92093.00,per Annum,2080,88750.39,214,19790.93,21139.58
2025,827,DEPARTMENT OF SANITATION,1986-04-21T00:00:00.000,MANHATTAN,SUPERVISOR,ACTIVE,123700.00,per Annum,2080,122638.16,0,0.00,25816.01
2025,827,DEPARTMENT OF SANITATION,2000-01-03T00:00:00.000,MANHATTAN,ADMINISTRATIVE ACCOUNTANT,CEASED,82666.00,per Annum,910,41348.63,13.75,709.23,133.02
2025,827,DEPARTMENT OF SANITATION,2018-05-29T00:00:00.000,MANHATTAN,COMPUTER SYSTEMS MANAGER,ACTIVE,183104.00,per Annum,1820,176834.18,0,0.00,0.00
2025,827,DEPARTMENT OF SANITATION,2018-07-09T00:00:00.000,BROOKLYN,SANITATION WORKER,ACTIVE,92093.00,per Annum,2080,88092.41,366,32918.31,23608.60
2025,827,DEPARTMENT OF SANITATION,2018-06-04T00:00:00.000,BROOKLYN,AUTO MECHANIC,CEASED,368.32,per Day,0,3683.20,0,0.00,0.00
2025,827,DEPARTMENT OF SANITATION,2018-02-20T00:00:00.000,QUEENS,AUTO MECHANIC,ACTIVE,403.44,per Day,2080,102367.49,296.5,21992.62,6809.73
2025,827,DEPARTMENT OF SANITATION,2022-07-11T00:00:00.000,MANHATTAN,SANITATION WORKER,ACTIVE,53187.00,per Annum,2080,48863.45,168,8902.60,8593.79
2025,827,DEPARTMENT OF SANITATION,2017-09-11T00:00:00.000,BROOKLYN,SANITATION WORKER,ACTIVE,92093.00,per Annum,2080,90137.93,195,18781.24,10341.39
2025,827,DEPARTMENT OF SANITATION,2017-08-28T00:00:00.000,QUEENS,SANITATION ENFORCEMENT AGENT,CEASED,35849.00,per Annum,0,0.00,0,0.00,253.46
2025,827,DEPARTMENT OF SANITATION,2017-08-14T00:00:00.000,QUEENS,SANITATION WORKER,ACTIVE,92093.00,per Annum,2080,90607.03,412.08,37189.20,34809.56
2025,827,DEPARTMENT OF SANITATION,2017-08-14T00:00:00.000,BRONX,SANITATION WORKER,ACTIVE,92093.00,per Annum,2080,78531.34,184,17241.90,11080.29
2025,827,DEPARTMENT OF SANITATION,2017-07-10T00:00:00.000,BRONX,SANITATION WORKER,ACTIVE,92093.00,per Annum,2080,87539.60,263,24316.34,20505.53
2025,827,DEPARTMENT OF SANITATION,2017-07-10T00:00:00.000,BRONX,SANITATION WORKER,ACTIVE,92093.00,per Annum,2080,88738.46,307,28208.81,28833.40
2025,827,DEPARTMENT OF SANITATION,2017-07-10T00:00:00.000,BRONX,SANITATION WORKER,ACTIVE,92093.00,per Annum,2080,90137.93,72,6870.34,27060.47
2025,827,DEPARTMENT OF SANITATION,2022-07-11T00:00:00.000,QUEENS,SANITATION WORKER,ACTIVE,53187.00,per Annum,2080,50043.56,265,13293.02,21081.45
2025,827,DEPARTMENT OF SANITATION,2016-09-19T00:00:00.000,QUEENS,SANITATION WORKER,ACTIVE,92093.00,per Annum,2080,87872.74,178,16087.64,24043.95
2025,827,DEPARTMENT OF SANITATION,2016-09-19T00:00:00.000,BROOKLYN,SANITATION WORKER,ACTIVE,92093.00,per Annum,2080,89456.09,213,19167.51,21886.11
2025,827,DEPARTMENT OF SANITATION,2022-11-28T00:00:00.000,QUEENS,SANITATION WORKER,ACTIVE,53187.00,per Annum,2080,48360.77,439,20874.58,23410.41
2025,827,DEPARTMENT OF SANITATION,2016-08-22T00:00:00.000,BROOKLYN,SANITATION WORKER,ACTIVE,92093.00,per Annum,2080,86328.16,326,29792.25,34459.31
2025,827,DEPARTMENT OF SANITATION,2016-08-22T00:00:00.000,QUEENS,SUPERVISOR,ACTIVE,100133.00,per Annum,2080,98405.05,139,10702.41,10734.35
2025,827,DEPARTMENT OF SANITATION,2016-08-22T00:00:00.000,BROOKLYN,SUPERVISOR,ACTIVE,114201.00,per Annum,2080,107584.65,598.5,49441.42,15953.39
2025,827,DEPARTMENT OF SANITATION,2016-08-22T00:00:00.000,BRONX,SANITATION WORKER,ACTIVE,92093.00,per Annum,2080,82386.16,65,6498.43,4856.86
2025,827,DEPARTMENT OF SANITATION,2024-04-15T00:00:00.000,MANHATTAN,JOB TRAINING PARTICIPANT,CEASED,18.54,per Hour,56,1059.71,0,0.00,0.00
2025,827,DEPARTMENT OF SANITATION,2021-07-26T00:00:00.000,RICHMOND,SANITATION WORKER,ACTIVE,59761.00,per Annum,2080,54462.70,206,11368.22,18211.92
2025,827,DEPARTMENT OF SANITATION,2020-03-30T00:00:00.000,QUEENS,MACHINIST,ACTIVE,403.44,per Day,1428.57,70551.72,338.5,25310.71,2718.98
2025,827,DEPARTMENT OF SANITATION,2016-02-22T00:00:00.000,MANHATTAN,AUTO MECHANIC,ACTIVE,403.44,per Day,2080,102367.49,394.5,30953.25,14258.90
2025,827,DEPARTMENT OF SANITATION,2016-01-04T00:00:00.000,MANHATTAN,CERTIFIED IT DEVELOPER,ACTIVE,172297.00,per Annum,1820,166974.15,270.5,21769.03,6385.33
2025,827,DEPARTMENT OF SANITATION,2017-08-27T00:00:00.000,BRONX,SANITATION ENFORCEMENT AGENT,CEASED,39960.00,per Annum,0,9583.15,0,389.82,2291.67
2025,827,DEPARTMENT OF SANITATION,2015-10-05T00:00:00.000,BROOKLYN,SANITATION WORKER,ACTIVE,92093.00,per Annum,2080,90137.93,136,13185.57,12552.78
2025,827,DEPARTMENT OF SANITATION,2015-10-05T00:00:00.000,BROOKLYN,SANITATION WORKER,ACTIVE,92093.00,per Annum,2080,88234.85,271,24693.46,23837.62
2025,827,DEPARTMENT OF SANITATION,1999-11-22T00:00:00.000,MANHATTAN,GENERAL SUPERINTENDENT,ACTIVE,209759.00,per Annum,2080,205294.40,0,0.00,25743.67
2025,827,DEPARTMENT OF SANITATION,1999-11-08T00:00:00.000,MANHATTAN,AUTO MECHANIC,ACTIVE,403.44,per Day,2080,102367.49,637.5,49709.00,12067.43
2025,827,DEPARTMENT OF SANITATION,2004-09-13T00:00:00.000,MANHATTAN,SANITATION WORKER,CEASED,92093.00,per Annum,1096,45715.82,0,447.47,19537.36
2025,827,DEPARTMENT OF SANITATION,2008-07-07T00:00:00.000,BRONX,SUPERVISOR,ACTIVE,123700.00,per Annum,2080,117253.92,244.5,23356.58,28274.55
2025,827,DEPARTMENT OF SANITATION,2001-09-17T00:00:00.000,MANHATTAN,SUPERVISOR,ACTIVE,123700.00,per Annum,2080,122637.95,24,3453.57,16458.57
2025,827,DEPARTMENT OF SANITATION,2005-07-18T00:00:00.000,RICHMOND,SANITATION WORKER,ACTIVE,92093.00,per Annum,2080,89785.08,460.25,38506.82,6998.44
2025,827,DEPARTMENT OF SANITATION,1995-09-11T00:00:00.000,BROOKLYN,SANITATION WORKER,ACTIVE,92093.00,per Annum,2080,88750.39,487,43163.96,16104.24
2025,827,DEPARTMENT OF SANITATION,1995-08-14T00:00:00.000,BROOKLYN,SANITATION WORKER,ACTIVE,92093.00,per Annum,2080,87751.49,388,35154.88,27673.39
2025,827,DEPARTMENT OF SANITATION,2015-03-16T00:00:00.000,MANHATTAN,ADMINISTRATIVE MANAGEMENT AUDITOR,ACTIVE,113405.00,per Annum,1820,109900.94,0,0.00,307.37
2025,827,DEPARTMENT OF SANITATION,2000-03-20T00:00:00.000,QUEENS,SANITATION WORKER,ACTIVE,92093.00,per Annum,2080,89797.01,326,29948.50,36862.46
2025,827,DEPARTMENT OF SANITATION,2011-11-14T00:00:00.000,RICHMOND,SANITATION WORKER,ACTIVE,92093.00,per Annum,2080,89582.52,59,5988.08,17771.76
2025,827,DEPARTMENT OF SANITATION,1993-08-09T00:00:00.000,BROOKLYN,SANITATION WORKER,ACTIVE,92093.00,per Annum,2080,90137.93,192,18577.18,7959.69
2025,827,DEPARTMENT OF SANITATION,2013-11-11T00:00:00.000,MANHATTAN,SANITATION WORKER,ACTIVE,92093.00,per Annum,2080,89797.01,380.5,34412.31,13008.45
2025,827,DEPARTMENT OF SANITATION,1992-07-20T00:00:00.000,BROOKLYN,ASSOCIATE SANITATION ENFORCEMENT AGENT,ACTIVE,51439.00,per Annum,1840,46704.96,181,6570.90,3511.86
2025,827,DEPARTMENT OF SANITATION,1995-08-28T00:00:00.000,MANHATTAN,SANITATION WORKER,ACTIVE,92093.00,per Annum,2080,90137.93,514.5,45205.22,35490.80
2025,827,DEPARTMENT OF SANITATION,2013-08-19T00:00:00.000,QUEENS,GENERAL SUPERINTENDENT,ACTIVE,150365.00,per Annum,2080,140369.78,185,20985.34,12105.91
2025,827,DEPARTMENT OF SANITATION,2024-04-15T00:00:00.000,BRONX,JOB TRAINING PARTICIPANT,CEASED,18.54,per Hour,237.25,4422.11,0,0.00,0.00
2025,827,DEPARTMENT OF SANITATION,2018-07-09T00:00:00.000,BROOKLYN,SANITATION WORKER,ACTIVE,92093.00,per Annum,2080,77040.04,80,8330.74,14258.33
2025,827,DEPARTMENT OF SANITATION,2012-09-24T00:00:00.000,QUEENS,SANITATION WORKER,ACTIVE,92093.00,per Annum,2080,87362.85,246,23203.18,8194.60
2025,827,DEPARTMENT OF SANITATION,2011-09-12T00:00:00.000,QUEENS,SUPERVISOR,ACTIVE,123700.00,per Annum,2080,122515.74,256,23617.01,11513.34
2025,827,DEPARTMENT OF SANITATION,2017-01-09T00:00:00.000,MANHATTAN,ADMINISTRATIVE STAFF ANALYST,ACTIVE,95133.00,per Annum,1820,94230.78,0,0.00,1331.31
2025,827,DEPARTMENT OF SANITATION,2018-08-13T00:00:00.000,MANHATTAN,SANITATION WORKER,ACTIVE,92093.00,per Annum,2080,88902.10,73,7812.34,7073.40
2025,827,DEPARTMENT OF SANITATION,2013-10-14T00:00:00.000,BROOKLYN,SANITATION WORKER,ACTIVE,92093.00,per Annum,2080,89157.79,460,40056.48,32817.84
2025,827,DEPARTMENT OF SANITATION,2004-10-04T00:00:00.000,BRONX,SUPERVISOR,CEASED,115755.00,per Annum,0,697.13,0,0.00,39.38
2025,827,DEPARTMENT OF SANITATION,2012-08-27T00:00:00.000,QUEENS,AUTO MECHANIC,ACTIVE,403.44,per Day,2080,102367.49,20,1465.20,3038.32
2025,827,DEPARTMENT OF SANITATION,2012-08-27T00:00:00.000,QUEENS,SANITATION WORKER,ACTIVE,92093.00,per Annum,2080,89103.24,292,27133.97,24022.54
2025,827,DEPARTMENT OF SANITATION,2012-07-30T00:00:00.000,RICHMOND,SANITATION WORKER,ACTIVE,92093.00,per Annum,2080,86645.22,293,27173.03,24399.86
2025,827,DEPARTMENT OF SANITATION,2012-07-30T00:00:00.000,RICHMOND,SANITATION WORKER,ACTIVE,92093.00,per Annum,2080,88239.01,242,21800.72,23401.36
2025,827,DEPARTMENT OF SANITATION,2011-10-11T00:00:00.000,QUEENS,GENERAL SUPERINTENDENT,ACTIVE,124623.00,per Annum,2080,122523.33,411.5,39612.54,16711.51
2025,827,DEPARTMENT OF SANITATION,2011-09-12T00:00:00.000,QUEENS,SANITATION WORKER,ACTIVE,92093.00,per Annum,2080,89026.96,192,17827.65,22056.31
2025,827,DEPARTMENT OF SANITATION,2013-09-16T00:00:00.000,RICHMOND,SUPERVISOR,ACTIVE,123700.00,per Annum,2080,111568.06,24,2220.00,18141.55
2025,827,DEPARTMENT OF SANITATION,2013-08-19T00:00:00.000,QUEENS,SANITATION WORKER,ACTIVE,92093.00,per Annum,2080,89785.08,203,19011.07,6263.90
2025,827,DEPARTMENT OF SANITATION,2013-08-19T00:00:00.000,BRONX,SANITATION WORKER,ACTIVE,92093.00,per Annum,2080,87778.97,318,29432.83,27081.22
2025,827,DEPARTMENT OF SANITATION,2013-08-19T00:00:00.000,MANHATTAN,SANITATION WORKER,ACTIVE,92093.00,per Annum,2080,86352.02,116,11533.89,13574.12
2025,827,DEPARTMENT OF SANITATION,2013-08-19T00:00:00.000,BROOKLYN,SANITATION WORKER,ACTIVE,92093.00,per Annum,2080,87668.62,220,20419.08,27396.24
2025,827,DEPARTMENT OF SANITATION,2023-10-23T00:00:00.000,MANHATTAN,SANITATION WORKER,ACTIVE,49751.00,per Annum,2080,47775.74,270,12507.87,6957.64
2025,827,DEPARTMENT OF SANITATION,2012-11-19T00:00:00.000,BROOKLYN,AUTO MECHANIC,ACTIVE,403.44,per Day,2080,101195.33,306.75,22861.14,3090.66
2025,827,DEPARTMENT OF SANITATION,2012-10-22T00:00:00.000,BRONX,SANITATION WORKER,ACTIVE,92093.00,per Annum,2080,89091.31,122,11826.81,28245.05
2025,827,DEPARTMENT OF SANITATION,2012-10-22T00:00:00.000,BRONX,SUPERVISOR,ACTIVE,123700.00,per Annum,2080,122638.16,555,52273.87,11191.12
2025,841,DEPARTMENT OF TRANSPORTATION,2015-12-07T00:00:00.000,RICHMOND,ADMINISTRATIVE PROJECT MANAGER,ACTIVE,197797.00,per Annum,1820,186786.35,0,0.00,708.00
2025,841,DEPARTMENT OF TRANSPORTATION,1995-04-10T00:00:00.000,RICHMOND,CHIEF MARINE ENGINEER,ACTIVE,174606.00,per Annum,2080,173843.93,832,99405.11,11653.28
2025,841,DEPARTMENT OF TRANSPORTATION,2005-05-08T00:00:00.000,MANHATTAN,PRINCIPAL ADMINISTRATIVE ASSOCIATE -  NON SUPVR,ACTIVE,100988.00,per Annum,1820,95380.45,0,0.00,4706.33
2025,841,DEPARTMENT OF TRANSPORTATION,2014-04-14T00:00:00.000,QUEENS,HIGHWAY REPAIRER,ACTIVE,442.32,per Day,2080,112427.98,182,15332.97,15903.56
2025,841,DEPARTMENT OF TRANSPORTATION,2005-03-20T00:00:00.000,QUEENS,AUTO  MACHINIST,ACTIVE,403.44,per Day,2080,102367.49,318.5,23686.59,2695.36
2025,841,DEPARTMENT OF TRANSPORTATION,2004-06-27T00:00:00.000,MANHATTAN,CLERICAL ASSOCIATE MOST MAYORAL AG,ACTIVE,53749.00,per Annum,1820,52066.03,26,828.09,5728.48
2025,841,DEPARTMENT OF TRANSPORTATION,2018-10-22T00:00:00.000,MANHATTAN,ADMINISTRATIVE STAFF ANALYST,ACTIVE,127521.00,per Annum,1820,123065.40,4.75,331.55,35.22
2025,841,DEPARTMENT OF TRANSPORTATION,1998-02-27T00:00:00.000,RICHMOND,CAPTAIN,CEASED,174607.00,per Annum,400,32881.99,0,0.00,5022.94
2025,841,DEPARTMENT OF TRANSPORTATION,1993-05-24T00:00:00.000,RICHMOND,HIGHWAY REPAIRER,CEASED,428.40,per Day,80,4284.00,0,0.00,0.00
2025,841,DEPARTMENT OF TRANSPORTATION,1992-11-09T00:00:00.000,QUEENS,ADM MANAGER-NON-MGRL,ACTIVE,85968.00,per Annum,1820,84473.95,0,0.00,3313.97
2025,841,DEPARTMENT OF TRANSPORTATION,2012-04-09T00:00:00.000,BROOKLYN,HIGHWAY REPAIRER,ACTIVE,442.32,per Day,1688,93350.80,412.25,33639.03,3027.74
2025,841,DEPARTMENT OF TRANSPORTATION,2022-03-29T00:00:00.000,MANHATTAN,STOCK WORKER,ACTIVE,46930.00,per Annum,1820,45227.76,118.5,3682.40,578.68
2025,841,DEPARTMENT OF TRANSPORTATION,1990-10-29T00:00:00.000,MANHATTAN,SUPERVISOR HIGHWAY REPAIRER,ACTIVE,464.48,per Day,2080,117393.85,473.75,42075.18,8492.37
2025,841,DEPARTMENT OF TRANSPORTATION,1990-10-22T00:00:00.000,RICHMOND,DEPUTY DIRECTOR,ACTIVE,200094.00,per Annum,1820,193243.26,0,0.00,0.00
2025,841,DEPARTMENT OF TRANSPORTATION,1990-10-15T00:00:00.000,MANHATTAN,CONSTRUCTION PROJECT MANAGER,ACTIVE,91023.00,per Annum,1820,88210.84,4,213.64,9986.38
2025,841,DEPARTMENT OF TRANSPORTATION,1990-10-01T00:00:00.000,QUEENS,AREA SUPERVISOR,ACTIVE,126348.00,per Annum,2080,122422.10,649,59672.97,8592.55
2025,841,DEPARTMENT OF TRANSPORTATION,1990-02-13T00:00:00.000,MANHATTAN,TRANSPORTATION SPECIALIST,ACTIVE,115500.00,per Annum,1820,111939.14,0,0.00,8666.33
2025,841,DEPARTMENT OF TRANSPORTATION,1990-07-16T00:00:00.000,MANHATTAN,ADM MANAGER-NON-MGRL,ACTIVE,85968.00,per Annum,1820,84473.95,0,0.00,3313.97
2025,841,DEPARTMENT OF TRANSPORTATION,1989-05-08T00:00:00.000,QUEENS,SUPERVISOR OF TRAFFIC DEVICE MAINTAINERS LEVEL 1 ONLY,ACTIVE,76308.00,per Annum,2080,72532.95,339,21328.12,14858.33
2025,841,DEPARTMENT OF TRANSPORTATION,1986-10-14T00:00:00.000,RICHMOND,SUPERVISOR OF TRAFFIC DEVICE MAINTAINERS,ACTIVE,95180.00,per Annum,1820,94253.77,594.5,46248.58,16551.89
2025,841,DEPARTMENT OF TRANSPORTATION,1999-09-26T00:00:00.000,BROOKLYN,ASSOCIATE STAFF ANALYST,ACTIVE,114185.00,per Annum,1820,113066.95,225,18447.63,7932.08
2025,841,DEPARTMENT OF TRANSPORTATION,1986-07-07T00:00:00.000,BROOKLYN,WELDER,CEASED,564.48,per Day,0,3548.50,0,508.25,0.00
2025,841,DEPARTMENT OF TRANSPORTATION,1995-08-09T00:00:00.000,MANHATTAN,CITY TAX AUDITOR,ACTIVE,65951.00,per Annum,1820,63928.75,36,1760.28,9222.74
2025,841,DEPARTMENT OF TRANSPORTATION,1985-02-25T00:00:00.000,MANHATTAN,ADM MANAGER-NON-MGRL,ACTIVE,160914.00,per Annum,1820,157465.52,0,0.00,3338.72
2025,841,DEPARTMENT OF TRANSPORTATION,1985-02-11T00:00:00.000,QUEENS,SUPERVISOR OF TRAFFIC DEVICE MAINTAINERS LEVEL 1 ONLY,ACTIVE,83213.00,per Annum,2080,80178.49,1339.25,90205.06,14994.60
2025,841,DEPARTMENT OF TRANSPORTATION,2016-03-14T00:00:00.000,BROOKLYN,HIGHWAY REPAIRER,ACTIVE,442.32,per Day,2080,112427.98,280,24356.35,15664.01
2025,841,DEPARTMENT OF TRANSPORTATION,1984-01-16T00:00:00.000,BROOKLYN,AREA SUPERVISOR,CEASED,122214.00,per Annum,1136,66756.54,166,15240.67,5554.04
2025,841,DEPARTMENT OF TRANSPORTATION,1967-10-30T00:00:00.000,MANHATTAN,ADM MANAGER-NON-MGRL,ACTIVE,106748.00,per Annum,1820,104896.33,1.25,72.15,3324.07
2025,841,DEPARTMENT OF TRANSPORTATION,1989-05-01T00:00:00.000,MANHATTAN,ADMINISTRATIVE PROJECT MANAGER,CEASED,149644.00,per Annum,1750,139281.09,0,32.37,296.14
2025,841,DEPARTMENT OF TRANSPORTATION,1988-08-08T00:00:00.000,RICHMOND,ADMINISTRATIVE SUPERINTENDENT OF HIGHWAY OPERATIONS,ACTIVE,214986.00,per Annum,1820,207625.10,0,0.00,0.00
2025,841,DEPARTMENT OF TRANSPORTATION,2016-06-08T00:00:00.000,QUEENS,ADMIN COMMUNITY RELATIONS SPECIALIST,ACTIVE,78590.00,per Annum,1820,74030.02,12.5,559.20,68.50
2025,841,DEPARTMENT OF TRANSPORTATION,1988-06-27T00:00:00.000,BROOKLYN,HIGHWAY REPAIRER,ACTIVE,442.32,per Day,2080,112427.98,353,28731.91,5399.65
2025,841,DEPARTMENT OF TRANSPORTATION,1988-02-16T00:00:00.000,MANHATTAN,ADMINISTRATIVE PROJECT MANAGER,ACTIVE,160622.00,per Annum,1820,155122.44,0,0.00,0.00
2025,841,DEPARTMENT OF TRANSPORTATION,1987-11-16T00:00:00.000,MANHATTAN,ADM MANAGER-NON-MGRL,ACTIVE,99194.00,per Annum,1820,97472.42,0,0.00,3503.72
2025,841,DEPARTMENT OF TRANSPORTATION,2025-06-02T00:00:00.000,MANHATTAN,COLLEGE AIDE,ACTIVE,21.40,per Hour,35,749.00,0,0.00,0.00
2025,841,DEPARTMENT OF TRANSPORTATION,2025-04-21T00:00:00.000,QUEENS,ASSISTANT CITY HIGHWAY REPAIRER,ACTIVE,26.42,per Hour,272,7020.24,2,79.26,211.36
2025,841,DEPARTMENT OF TRANSPORTATION,2007-11-05T00:00:00.000,MANHATTAN,ADMINISTRATIVE ENGINEER,ACTIVE,208412.00,per Annum,1820,201276.35,0,0.00,0.00
2025,841,DEPARTMENT OF TRANSPORTATION,1997-05-18T00:00:00.000,BRONX,HIGHWAY REPAIRER,ACTIVE,442.32,per Day,2080,112427.98,316.25,25614.67,2739.23
2025,841,DEPARTMENT OF TRANSPORTATION,2019-05-06T00:00:00.000,MANHATTAN,CIVIL ENGINEER,ACTIVE,130563.00,per Annum,1820,126528.84,0,0.00,663.81
2025,841,DEPARTMENT OF TRANSPORTATION,2017-05-01T00:00:00.000,RICHMOND,DECKHAND,ACTIVE,66690.00,per Annum,1664,76344.03,63.5,9323.29,12351.59
2025,841,DEPARTMENT OF TRANSPORTATION,2019-07-22T00:00:00.000,MANHATTAN,BRIDGE OPERATOR,ACTIVE,53357.00,per Annum,2080,51421.71,894,38371.60,9009.28
2025,841,DEPARTMENT OF TRANSPORTATION,2019-07-22T00:00:00.000,QUEENS,SUPERVISOR OF ELECTRICAL INSTALLATIONS & MAINTENANCE,ACTIVE,82381.00,per Annum,1820,79835.84,999.5,61496.59,2476.27
2025,841,DEPARTMENT OF TRANSPORTATION,2019-08-19T00:00:00.000,BRONX,ASSISTANT CITY HIGHWAY REPAIRER,ACTIVE,63438.00,per Annum,2056,60721.99,152.5,6823.77,1649.56
2025,841,DEPARTMENT OF TRANSPORTATION,2019-08-26T00:00:00.000,QUEENS,CUSTOMER INFORMATION REPRESENTATIVE MA L 1549,ACTIVE,62774.00,per Annum,1820,60802.06,297.25,12174.93,5132.73
2025,841,DEPARTMENT OF TRANSPORTATION,2019-09-30T00:00:00.000,RICHMOND,ASSISTANT CITY HIGHWAY REPAIRER,ACTIVE,63438.00,per Annum,2088,61562.81,12.5,560.56,1987.26
2025,841,DEPARTMENT OF TRANSPORTATION,2021-06-28T00:00:00.000,QUEENS,ASSISTANT CITY HIGHWAY REPAIRER,ACTIVE,30.39,per Hour,1455.83,42968.54,152,6814.13,6674.48
2025,841,DEPARTMENT OF TRANSPORTATION,2019-10-28T00:00:00.000,MANHATTAN,ADMINISTRATIVE ENGINEER,ACTIVE,175525.00,per Annum,1820,169386.95,9.75,873.95,10.55
2025,841,DEPARTMENT OF TRANSPORTATION,2019-11-04T00:00:00.000,BROOKLYN,ASSISTANT CITY HIGHWAY REPAIRER,ACTIVE,30.39,per Hour,1488,43922.89,297.5,13350.43,3559.02
2025,841,DEPARTMENT OF TRANSPORTATION,2019-11-18T00:00:00.000,MANHATTAN,CLERICAL ASSOCIATE MOST MAYORAL AG,ACTIVE,53479.00,per Annum,1820,51827.17,212.25,7498.81,2232.92
2025,841,DEPARTMENT OF TRANSPORTATION,2023-07-10T00:00:00.000,MANHATTAN,CLERICAL ASSOCIATE MOST MAYORAL AG,ACTIVE,46504.00,per Annum,1820,43083.61,0,0.00,335.88
2025,841,DEPARTMENT OF TRANSPORTATION,2021-02-18T00:00:00.000,RICHMOND,MARINE OILER,ACTIVE,73400.00,per Annum,1664,80099.42,993,79344.39,12153.65
2025,841,DEPARTMENT OF TRANSPORTATION,2021-05-24T00:00:00.000,BRONX,ASSISTANT CITY HIGHWAY REPAIRER,ACTIVE,30.39,per Hour,1030.5,30458.66,24,1014.25,3573.04
2025,841,DEPARTMENT OF TRANSPORTATION,2021-05-24T00:00:00.000,BROOKLYN,ASSISTANT CITY HIGHWAY REPAIRER,ACTIVE,30.39,per Hour,1496,44158.32,174.25,8463.65,9140.21
2025,841,DEPARTMENT OF TRANSPORTATION,2021-06-07T00:00:00.000,BROOKLYN,ASSISTANT CITY HIGHWAY REPAIRER,ACTIVE,30.39,per Hour,1496,44158.32,0,0.00,6419.15
2025,841,DEPARTMENT OF TRANSPORTATION,2021-07-06T00:00:00.000,RICHMOND,ASSISTANT CITY HIGHWAY REPAIRER,ACTIVE,30.39,per Hour,1495.5,44143.61,10,455.85,9629.25
2025,841,DEPARTMENT OF TRANSPORTATION,2021-07-19T00:00:00.000,RICHMOND,DECKHAND,ACTIVE,66690.00,per Annum,1664,75665.18,22,8014.88,12516.23
2025,841,DEPARTMENT OF TRANSPORTATION,2021-08-02T00:00:00.000,RICHMOND,DECKHAND,ACTIVE,66690.00,per Annum,1664,75624.94,181,17774.88,15266.83
2025,841,DEPARTMENT OF TRANSPORTATION,2017-05-15T00:00:00.000,QUEENS,CITY PLANNER,ACTIVE,99761.00,per Annum,1820,96678.94,536,38823.70,2739.86
2025,841,DEPARTMENT OF TRANSPORTATION,2019-08-19T00:00:00.000,BROOKLYN,ASSISTANT CITY HIGHWAY REPAIRER,ACTIVE,63438.00,per Annum,1736,61897.92,54,2490.26,6095.33
2025,841,DEPARTMENT OF TRANSPORTATION,2019-07-29T00:00:00.000,QUEENS,ASSISTANT CITY HIGHWAY REPAIRER,ACTIVE,30.39,per Hour,1479.75,43665.54,222,9809.48,3656.26
2025,841,DEPARTMENT OF TRANSPORTATION,2021-06-11T00:00:00.000,BROOKLYN,ASSISTANT CITY HIGHWAY REPAIRER,ACTIVE,30.39,per Hour,1144,34289.68,185.25,8283.90,6949.60
2025,841,DEPARTMENT OF TRANSPORTATION,2017-07-17T00:00:00.000,QUEENS,ASSISTANT CITY HIGHWAY REPAIRER,ACTIVE,63438.00,per Annum,2080,61477.88,206.25,9189.95,4471.92
2025,841,DEPARTMENT OF TRANSPORTATION,2017-07-17T00:00:00.000,BROOKLYN,ASSISTANT CITY HIGHWAY REPAIRER,ACTIVE,63438.00,per Annum,2080,61477.88,359.5,16977.71,5807.16
2025,841,DEPARTMENT OF TRANSPORTATION,2017-07-17T00:00:00.000,RICHMOND,ASSISTANT CITY HIGHWAY REPAIRER,ACTIVE,63438.00,per Annum,2080,61477.88,6,265.65,1357.70
2025,841,DEPARTMENT OF TRANSPORTATION,2017-07-17T00:00:00.000,BROOKLYN,ASSISTANT CITY HIGHWAY REPAIRER,ACTIVE,63438.00,per Annum,1816,53603.12,231.25,10516.05,2638.86
2025,841,DEPARTMENT OF TRANSPORTATION,2017-07-17T00:00:00.000,BROOKLYN,ASSISTANT CITY HIGHWAY REPAIRER,ACTIVE,63438.00,per Annum,2080,61477.88,104,4649.09,636.25
2025,841,DEPARTMENT OF TRANSPORTATION,2022-09-19T00:00:00.000,MANHATTAN,CLERICAL ASSOCIATE MOST MAYORAL AG,ACTIVE,53479.00,per Annum,1820,51827.17,275.75,9900.22,910.50
2025,841,DEPARTMENT OF TRANSPORTATION,2017-09-18T00:00:00.000,QUEENS,SUPERVISOR ELECTRICIAN,ACTIVE,518.00,per Day,1820,131792.08,692.5,75189.71,8007.52
2025,841,DEPARTMENT OF TRANSPORTATION,2023-05-08T00:00:00.000,QUEENS,SUPERVISOR OF ELECTRICAL INSTALLATIONS & MAINTENANCE,ACTIVE,76279.00,per Annum,1820,73922.40,905,50397.66,592.09
2025,841,DEPARTMENT OF TRANSPORTATION,2019-03-18T00:00:00.000,QUEENS,ASSISTANT CITY HIGHWAY REPAIRER,ACTIVE,63438.00,per Annum,2080,61477.88,271,12939.55,8913.44
2025,841,DEPARTMENT OF TRANSPORTATION,2019-03-18T00:00:00.000,BRONX,ASSISTANT CITY HIGHWAY REPAIRER,ACTIVE,63438.00,per Annum,2104,62145.83,18,798.43,3946.60
2025,841,DEPARTMENT OF TRANSPORTATION,2023-10-23T00:00:00.000,MANHATTAN,IT SECURITY SPECIALIST,ACTIVE,138252.00,per Annum,1820,133980.35,0,0.00,826.61
2025,841,DEPARTMENT OF TRANSPORTATION,2018-06-11T00:00:00.000,MANHATTAN,CERTIFIED IT ADMINISTRATOR,ACTIVE,114090.00,per Annum,1820,110565.32,16.25,1102.97,4102.54
2025,841,DEPARTMENT OF TRANSPORTATION,2023-05-15T00:00:00.000,QUEENS,TRANSPORTATION SPECIALIST,ACTIVE,99761.00,per Annum,1820,94483.98,611.75,44027.30,1882.07
2025,841,DEPARTMENT OF TRANSPORTATION,2018-06-18T00:00:00.000,QUEENS,CEMENT MASON,CEASED,391.30,per Day,686,41175.44,0,0.00,0.00
2025,841,DEPARTMENT OF TRANSPORTATION,2018-07-02T00:00:00.000,RICHMOND,DECKHAND,ON LEAVE,66690.00,per Annum,1408,6119.40,21.5,2336.29,11105.39
2025,841,DEPARTMENT OF TRANSPORTATION,2022-07-10T00:00:00.000,MANHATTAN,COMMUNITY COORDINATOR,ACTIVE,79761.00,per Annum,1820,77296.31,30.75,1410.82,45.43
2025,841,DEPARTMENT OF TRANSPORTATION,2019-09-09T00:00:00.000,MANHATTAN,APPRENTICE INSPECTOR,CEASED,55051.00,per Annum,0,1823.66,0,98.53,27.31
2025,841,DEPARTMENT OF TRANSPORTATION,2018-07-16T00:00:00.000,QUEENS,ASSISTANT CITY HIGHWAY REPAIRER,CEASED,61441.00,per Annum,1200,35445.41,143,6415.80,7623.28
2025,841,DEPARTMENT OF TRANSPORTATION,2019-09-30T00:00:00.000,RICHMOND,PRINCIPAL ADMINISTRATIVE ASSOCIATE -  NON SUPVR,ACTIVE,81323.00,per Annum,1820,73082.97,713.5,39871.34,4954.11
2025,841,DEPARTMENT OF TRANSPORTATION,2025-03-17T00:00:00.000,QUEENS,ASSISTANT CITY HIGHWAY REPAIRER,ACTIVE,26.42,per Hour,472,12138.24,8,317.06,362.20
2025,841,DEPARTMENT OF TRANSPORTATION,2021-12-27T00:00:00.000,MANHATTAN,BRIDGE OPERATOR,ACTIVE,53357.00,per Annum,2080,56600.01,173,8044.14,9148.89
2025,841,DEPARTMENT OF TRANSPORTATION,2017-03-06T00:00:00.000,BROOKLYN,BRIDGE REPAIRER AND RIVETER,ACTIVE,439.60,per Day,2080,114296.00,173.25,33217.53,666.34
2025,841,DEPARTMENT OF TRANSPORTATION,2017-04-03T00:00:00.000,QUEENS,TRAFFIC DEVICE MAINTAINER,ACTIVE,77911.00,per Annum,2080,75504.31,428,23699.09,5779.51
2025,841,DEPARTMENT OF TRANSPORTATION,2014-07-14T00:00:00.000,BROOKLYN,MOTOR GRADER OPERATOR,ACTIVE,560.33,per Day,2080,145685.80,124,47819.94,59711.10
2025,841,DEPARTMENT OF TRANSPORTATION,2014-08-04T00:00:00.000,RICHMOND,CLERICAL ASSOCIATE MOST MAYORAL AG,CEASED,55438.00,per Annum,420,12844.78,0,0.00,483.82
2025,841,DEPARTMENT OF TRANSPORTATION,2014-10-20T00:00:00.000,MANHATTAN,BRIDGE OPERATOR,ACTIVE,61031.00,per Annum,2080,58817.14,282.75,13523.69,14535.83
2025,841,DEPARTMENT OF TRANSPORTATION,2019-08-19T00:00:00.000,MANHATTAN,ASSOCIATE PROJECT MANAGER,ACTIVE,101497.00,per Annum,1820,98361.05,0,0.00,5907.67
2025,841,DEPARTMENT OF TRANSPORTATION,2015-05-11T00:00:00.000,QUEENS,HIGHWAYS AND SEWERS INSPECTOR,ACTIVE,71182.00,per Annum,1768,64965.28,373,20376.23,5124.82
2025,841,DEPARTMENT OF TRANSPORTATION,2015-06-29T00:00:00.000,MANHATTAN,HIGHWAY REPAIRER,ON LEAVE,442.32,per Day,856,45841.81,77,6716.47,6017.76
2025,841,DEPARTMENT OF TRANSPORTATION,2015-06-29T00:00:00.000,RICHMOND,HIGHWAY REPAIRER,ACTIVE,442.32,per Day,2080,112427.98,135.5,11174.28,1881.23
2025,841,DEPARTMENT OF TRANSPORTATION,2015-07-06T00:00:00.000,RICHMOND,HIGHWAY REPAIRER,ACTIVE,442.32,per Day,2080,112427.98,132,10662.96,6599.64
2025,841,DEPARTMENT OF TRANSPORTATION,2015-09-21T00:00:00.000,MANHATTAN,CYBER SECURITY ANALYST,ACTIVE,74210.00,per Annum,1750,67299.88,7.25,285.21,49.50
2025,841,DEPARTMENT OF TRANSPORTATION,2015-09-21T00:00:00.000,MANHATTAN,CITY RESEARCH SCIENTIST,ACTIVE,110218.00,per Annum,1820,106815.56,0,0.00,3168.11
2025,841,DEPARTMENT OF TRANSPORTATION,2015-09-28T00:00:00.000,QUEENS,CITY PARKING EQUIPMENT SERVICE WORKER,ACTIVE,53174.00,per Annum,2080,51481.49,40,1511.49,2055.84
2025,841,DEPARTMENT OF TRANSPORTATION,2015-11-30T00:00:00.000,BROOKLYN,ASSOCIATE INSPECTOR,ACTIVE,79769.00,per Annum,2080,68317.94,8.5,411.14,4399.53
2025,841,DEPARTMENT OF TRANSPORTATION,2015-12-07T00:00:00.000,MANHATTAN,ASSISTANT CIVIL ENGINEER,ACTIVE,90659.00,per Annum,1820,87722.35,0,0.00,2612.02
2025,841,DEPARTMENT OF TRANSPORTATION,2015-12-07T00:00:00.000,RICHMOND,MARINE ENGINEER,CEASED,78345.00,per Annum,0,0.00,0,0.00,18762.40
2025,841,DEPARTMENT OF TRANSPORTATION,2016-02-22T00:00:00.000,QUEENS,TRANSPORTATION SPECIALIST,ACTIVE,99761.00,per Annum,1820,95038.59,539.25,36993.05,4061.06
2025,841,DEPARTMENT OF TRANSPORTATION,2016-02-22T00:00:00.000,QUEENS,ADMINISTRATIVE QUALITY ASSURANCE SPECIALIST,ACTIVE,87190.00,per Annum,1820,85187.95,34.5,1676.79,6.95
2025,841,DEPARTMENT OF TRANSPORTATION,2021-11-29T00:00:00.000,MANHATTAN,IT AUTOMATION AND MONITORING ENGINEER,ACTIVE,150615.00,per Annum,1750,140138.98,0,0.00,257.32
2025,841,DEPARTMENT OF TRANSPORTATION,2016-03-14T00:00:00.000,RICHMOND,HIGHWAY REPAIRER,ACTIVE,442.32,per Day,2080,112427.98,118.5,9727.91,4672.36
2025,841,DEPARTMENT OF TRANSPORTATION,2016-03-14T00:00:00.000,QUEENS,HIGHWAY REPAIRER,ACTIVE,442.32,per Day,2080,112427.98,492.5,40197.20,4366.94
2025,841,DEPARTMENT OF TRANSPORTATION,2016-03-14T00:00:00.000,QUEENS,HIGHWAY REPAIRER,ACTIVE,442.32,per Day,2080,112427.98,176,14540.30,1739.73
2025,841,DEPARTMENT OF TRANSPORTATION,2016-05-02T00:00:00.000,QUEENS,TRAFFIC DEVICE MAINTAINER,ACTIVE,77911.00,per Annum,2080,75504.31,0,6.33,1760.49
2025,841,DEPARTMENT OF TRANSPORTATION,2016-05-02T00:00:00.000,QUEENS,SUPERVISOR OF ELECTRICAL INSTALLATIONS & MAINTENANCE,ACTIVE,76279.00,per Annum,1435,58337.14,97,2453.36,7041.33
2025,841,DEPARTMENT OF TRANSPORTATION,2017-11-20T00:00:00.000,MANHATTAN,CITY PLANNER,ACTIVE,113885.00,per Annum,1820,109460.32,16.75,1070.49,559.24
2025,841,DEPARTMENT OF TRANSPORTATION,2016-07-11T00:00:00.000,BROOKLYN,BRIDGE PAINTER,ACTIVE,444.71,per Day,1820,114237.10,165.25,17728.66,1016.48
2025,841,DEPARTMENT OF TRANSPORTATION,2016-08-22T00:00:00.000,BROOKLYN,ADMINISTRATIVE CITY PLANNER,ACTIVE,98413.00,per Annum,1820,95372.25,191,12662.18,623.50
2025,841,DEPARTMENT OF TRANSPORTATION,2016-08-29T00:00:00.000,RICHMOND,MATE,ACTIVE,120489.00,per Annum,2080,119963.19,517,43321.28,12060.46
2025,841,DEPARTMENT OF TRANSPORTATION,2017-03-13T00:00:00.000,QUEENS,ASSOCIATE PROJECT MANAGER,ACTIVE,99761.00,per Annum,1820,94766.37,0,0.00,4949.74
2025,841,DEPARTMENT OF TRANSPORTATION,2019-03-10T00:00:00.000,BROOKLYN,HIGHWAYS AND SEWERS INSPECTOR,ACTIVE,60101.00,per Annum,2080,61731.58,314,14232.68,7239.09
2025,841,DEPARTMENT OF TRANSPORTATION,2016-09-12T00:00:00.000,BROOKLYN,ASSISTANT CITY HIGHWAY REPAIRER,ACTIVE,63438.00,per Annum,2080,61477.88,322.5,14411.77,2782.07
2025,841,DEPARTMENT OF TRANSPORTATION,2016-09-19T00:00:00.000,QUEENS,HIGHWAY REPAIRER,ACTIVE,442.32,per Day,2080,86160.27,180,13296.23,7328.01
2025,841,DEPARTMENT OF TRANSPORTATION,2016-10-10T00:00:00.000,MANHATTAN,HIGHWAYS AND SEWERS INSPECTOR,ACTIVE,60101.00,per Annum,2080,62019.42,0,20.13,4573.14
2025,841,DEPARTMENT OF TRANSPORTATION,2022-07-11T00:00:00.000,MANHATTAN,IT PROJECT SPECIALIST,ACTIVE,136923.00,per Annum,1820,132692.70,36.75,3285.03,1535.26
2025,841,DEPARTMENT OF TRANSPORTATION,2022-05-23T00:00:00.000,RICHMOND,DECKHAND,ACTIVE,66690.00,per Annum,1416,63942.58,333.5,25897.70,10450.36
2025,841,DEPARTMENT OF TRANSPORTATION,2019-09-09T00:00:00.000,BROOKLYN,PRINCIPAL ADMINISTRATIVE ASSOCIATE -  NON SUPVR,ACTIVE,72240.00,per Annum,1820,70996.65,408.5,19443.14,600.20
2025,841,DEPARTMENT OF TRANSPORTATION,2023-10-23T00:00:00.000,MANHATTAN,ASSISTANT CIVIL ENGINEER,ACTIVE,91126.00,per Annum,1820,88311.00,47.75,2561.85,14.96
2025,841,DEPARTMENT OF TRANSPORTATION,2013-08-12T00:00:00.000,MANHATTAN,ADMINISTRATIVE STAFF ANALYST,ACTIVE,157362.00,per Annum,1820,154609.36,0,0.00,1178.85
2025,841,DEPARTMENT OF TRANSPORTATION,2013-09-03T00:00:00.000,QUEENS,TRAFFIC DEVICE MAINTAINER,ACTIVE,77911.00,per Annum,2080,75504.31,322,18833.26,7544.88
2025,841,DEPARTMENT OF TRANSPORTATION,2013-11-18T00:00:00.000,QUEENS,ADM MANAGER-NON-MGRL,ACTIVE,79496.00,per Annum,1820,78127.90,56.25,2402.04,2688.40
2025,841,DEPARTMENT OF TRANSPORTATION,2017-09-18T00:00:00.000,MANHATTAN,ADM MANAGER-NON-MGRL,ACTIVE,101299.00,per Annum,1820,99555.60,0,0.00,1066.42
2025,841,DEPARTMENT OF TRANSPORTATION,2016-03-14T00:00:00.000,BROOKLYN,HIGHWAY REPAIRER,ACTIVE,442.32,per Day,2080,108447.10,409.5,33356.31,5884.11
2025,841,DEPARTMENT OF TRANSPORTATION,2014-04-14T00:00:00.000,RICHMOND,HIGHWAY REPAIRER,ACTIVE,442.32,per Day,2080,108004.78,228,19115.89,4390.43
2025,841,DEPARTMENT OF TRANSPORTATION,2014-04-14T00:00:00.000,QUEENS,GASOLINE ROLLER ENGINEER-L15,ACTIVE,623.66,per Day,2080,177381.43,0,42185.88,65604.27
2025,841,DEPARTMENT OF TRANSPORTATION,2014-05-12T00:00:00.000,RICHMOND,BOILER MAKER,ACTIVE,533.52,per Day,2080,136303.20,873,86333.26,7601.64
2025,841,DEPARTMENT OF TRANSPORTATION,2006-04-10T00:00:00.000,RICHMOND,DECKHAND,ACTIVE,66690.00,per Annum,1664,76344.05,426.25,36013.00,10786.60
2025,841,DEPARTMENT OF TRANSPORTATION,2006-03-13T00:00:00.000,RICHMOND,CHIEF MARINE ENGINEER,ACTIVE,174606.00,per Annum,2110,176284.04,134,16029.12,3392.44
2025,841,DEPARTMENT OF TRANSPORTATION,2006-02-05T00:00:00.000,RICHMOND,HIGHWAY REPAIRER,ACTIVE,442.32,per Day,2080,112427.98,244.5,20181.53,3129.98
2025,841,DEPARTMENT OF TRANSPORTATION,2005-10-16T00:00:00.000,QUEENS,CITY PLANNER,ACTIVE,110655.00,per Annum,1820,107241.73,559.25,46089.97,7919.68
2025,841,DEPARTMENT OF TRANSPORTATION,2005-06-12T00:00:00.000,RICHMOND,RIGGER,ACTIVE,442.80,per Day,2080,128443.95,1182.25,110038.80,10217.76
2025,841,DEPARTMENT OF TRANSPORTATION,2005-06-08T00:00:00.000,MANHATTAN,PRINCIPAL ADMINISTRATIVE ASSOCIATE -  NON SUPVR,ACTIVE,71784.00,per Annum,1820,70534.00,0,0.00,4706.33
2025,841,DEPARTMENT OF TRANSPORTATION,2019-08-19T00:00:00.000,MANHATTAN,ASSISTANT CITY HIGHWAY REPAIRER,ACTIVE,63438.00,per Annum,2096,61866.36,141.5,6417.80,5474.24
2025,841,DEPARTMENT OF TRANSPORTATION,2011-05-02T00:00:00.000,RICHMOND,HIGHWAY REPAIRER,ACTIVE,442.32,per Day,2080,112427.98,160,13698.37,17778.26
2025,841,DEPARTMENT OF TRANSPORTATION,2024-04-08T00:00:00.000,MANHATTAN,ASSISTANT CITY HIGHWAY REPAIRER,CEASED,25.59,per Hour,371.5,9559.82,26.5,936.67,605.31
2025,841,DEPARTMENT OF TRANSPORTATION,2022-12-12T00:00:00.000,QUEENS,STAFF ANALYST,ACTIVE,69631.00,per Annum,1820,68977.07,0,0.00,2341.30
2025,841,DEPARTMENT OF TRANSPORTATION,2015-11-09T00:00:00.000,QUEENS,BRICKLAYER,ACTIVE,442.61,per Day,1820,108162.18,495,39864.40,0.00
2025,841,DEPARTMENT OF TRANSPORTATION,2023-05-01T00:00:00.000,BROOKLYN,ASSISTANT CITY HIGHWAY REPAIRER,ACTIVE,26.42,per Hour,1496,38394.90,0,8.44,5043.40
2025,841,DEPARTMENT OF TRANSPORTATION,2024-04-15T00:00:00.000,BROOKLYN,ADMINISTRATIVE ARCHITECT,ACTIVE,151593.00,per Annum,1820,146402.25,0,0.00,0.00
2025,841,DEPARTMENT OF TRANSPORTATION,2007-02-05T00:00:00.000,MANHATTAN,ADMINISTRATIVE ENGINEER,ACTIVE,189059.00,per Annum,1820,182585.76,0,0.00,0.00
2025,841,DEPARTMENT OF TRANSPORTATION,2005-03-13T00:00:00.000,QUEENS,GASOLINE ROLLER ENGINEER-L15,ACTIVE,673.55,per Day,2080,206057.75,8.5,124468.93,36247.96
2025,841,DEPARTMENT OF TRANSPORTATION,2007-10-01T00:00:00.000,MANHATTAN,ADM MANAGER-NON-MGRL,ACTIVE,115179.00,per Annum,1820,113182.03,0,0.00,1847.49
2025,841,DEPARTMENT OF TRANSPORTATION,2004-03-07T00:00:00.000,MANHATTAN,COMPUTER SYSTEMS MANAGER,ACTIVE,218061.00,per Annum,1820,210594.73,0,0.00,0.00
2025,841,DEPARTMENT OF TRANSPORTATION,2024-07-15T00:00:00.000,MANHATTAN,PRINCIPAL ADMINISTRATIVE ASSOCIATE -  NON SUPVR,ACTIVE,37.60,per Hour,1569.22,58196.22,0,0.00,4257.68
2025,841,DEPARTMENT OF TRANSPORTATION,2014-04-21T00:00:00.000,MANHATTAN,SUPERVISOR PLUMBER,ACTIVE,455.49,per Day,1820,117988.49,829.5,107508.10,4717.59
2025,841,DEPARTMENT OF TRANSPORTATION,2017-10-16T00:00:00.000,MANHATTAN,ELECTRICIAN,ACTIVE,480.97,per Day,1820,122378.21,849.75,85422.25,1400.91
2025,841,DEPARTMENT OF TRANSPORTATION,2003-03-09T00:00:00.000,QUEENS,AUTO MECHANIC,ACTIVE,403.44,per Day,2080,102367.49,310.5,23115.23,2165.61
2025,841,DEPARTMENT OF TRANSPORTATION,2002-10-27T00:00:00.000,QUEENS,TRANSPORTATION SPECIALIST,CEASED,100173.00,per Annum,210,11685.50,0,0.00,814.38
2025,841,DEPARTMENT OF TRANSPORTATION,2002-10-15T00:00:00.000,QUEENS,TRANSPORTATION SPECIALIST,ACTIVE,126064.00,per Annum,1820,122169.14,30.5,2326.19,8177.24
2025,841,DEPARTMENT OF TRANSPORTATION,2002-09-29T00:00:00.000,MANHATTAN,ADMINISTRATIVE ENGINEER,ACTIVE,150038.00,per Annum,1820,145402.26,366.5,35112.36,606.38
2025,841,DEPARTMENT OF TRANSPORTATION,2008-05-19T00:00:00.000,QUEENS,HIGHWAY REPAIRER,ACTIVE,442.32,per Day,2080,112427.98,253.25,20704.77,1770.72
2025,841,DEPARTMENT OF TRANSPORTATION,2002-06-16T00:00:00.000,MANHATTAN,TELECOMMUNICATIONS MANAGER,ACTIVE,141827.00,per Annum,1829.25,134357.91,30.5,2561.05,3805.92
2025,841,DEPARTMENT OF TRANSPORTATION,2001-11-13T00:00:00.000,QUEENS,TRANSPORTATION SPECIALIST,ACTIVE,108087.00,per Annum,1820,104697.30,0,0.00,7045.10
2025,841,DEPARTMENT OF TRANSPORTATION,2001-09-23T00:00:00.000,RICHMOND,MARINE OILER,ACTIVE,73400.00,per Annum,1664,80099.42,984,76436.22,12899.19
2025,841,DEPARTMENT OF TRANSPORTATION,2023-02-27T00:00:00.000,MANHATTAN,ADMIN CONSTRUCTION PROJECT MANAGER,ACTIVE,166656.00,per Annum,1820,161237.13,0,0.00,139.19
2025,841,DEPARTMENT OF TRANSPORTATION,2001-04-08T00:00:00.000,BROOKLYN,HIGHWAY REPAIRER,ACTIVE,442.32,per Day,2080,112427.98,111,9126.66,1310.71
2025,841,DEPARTMENT OF TRANSPORTATION,2000-06-25T00:00:00.000,RICHMOND,HIGHWAY REPAIRER,ACTIVE,442.32,per Day,2080,112427.98,365.5,29771.29,3088.04
2025,841,DEPARTMENT OF TRANSPORTATION,2019-12-09T00:00:00.000,MANHATTAN,PRINCIPAL ADMINISTRATIVE ASSOCIATE -  NON SUPVR,ON LEAVE,85936.00,per Annum,1540,71257.90,0,0.00,3973.85
2025,841,DEPARTMENT OF TRANSPORTATION,1999-08-22T00:00:00.000,BROOKLYN,SUPERVISOR BRIDGE PAINTER,ACTIVE,508.20,per Day,1820,130549.50,142.75,17412.47,145.20
2025,841,DEPARTMENT OF TRANSPORTATION,2000-04-16T00:00:00.000,QUEENS,PRINCIPAL ADMINISTRATIVE ASSOCIATE -  NON SUPVR,ACTIVE,78856.00,per Annum,1820,77484.28,441.5,23833.60,5309.15
2025,841,DEPARTMENT OF TRANSPORTATION,1998-12-20T00:00:00.000,MANHATTAN,ADMINISTRATIVE PROCUREMENT ANALYST-NON-MGRL,ACTIVE,73419.00,per Annum,1820,65905.94,0,0.00,299.22
2025,841,DEPARTMENT OF TRANSPORTATION,2004-09-12T00:00:00.000,MANHATTAN,MANAGEMENT AUDITOR,ACTIVE,97033.00,per Annum,1820,94051.81,112,6380.50,9859.91
2025,841,DEPARTMENT OF TRANSPORTATION,2012-01-30T00:00:00.000,QUEENS,ELECTRICIAN,ACTIVE,480.97,per Day,1820,122378.21,619.75,62470.96,52109.94
2025,841,DEPARTMENT OF TRANSPORTATION,1997-09-15T00:00:00.000,QUEENS,TRANSPORTATION SPECIALIST,ACTIVE,105826.00,per Annum,1820,102564.67,20.5,1353.01,17584.30
2025,841,DEPARTMENT OF TRANSPORTATION,2001-09-04T00:00:00.000,MANHATTAN,ADMINISTRATIVE TRANSPORTATION COORDINATOR,ACTIVE,131161.00,per Annum,1820,126669.70,0,0.00,684.54
2025,841,DEPARTMENT OF TRANSPORTATION,2022-04-04T00:00:00.000,MANHATTAN,CITY PLANNER,ACTIVE,87144.00,per Annum,1820,84451.64,0,0.00,607.58
2025,841,DEPARTMENT OF TRANSPORTATION,2022-05-09T00:00:00.000,QUEENS,ADMINISTRATIVE SUPERINTENDENT OF HIGHWAY OPERATIONS,ACTIVE,142351.00,per Annum,1820,137476.69,0,0.00,0.00
2025,841,DEPARTMENT OF TRANSPORTATION,2022-05-16T00:00:00.000,BROOKLYN,ASSISTANT CITY HIGHWAY REPAIRER,ACTIVE,30.39,per Hour,1496,44158.32,45,2025.53,15610.69
2025,841,DEPARTMENT OF TRANSPORTATION,2022-06-06T00:00:00.000,BROOKLYN,ASSISTANT CITY HIGHWAY REPAIRER,ACTIVE,30.39,per Hour,1496,44211.84,343.5,15573.55,12806.58
2025,841,DEPARTMENT OF TRANSPORTATION,2022-06-06T00:00:00.000,BROOKLYN,BRIDGE PAINTER,ACTIVE,444.71,per Day,1820,114237.10,157.5,16752.26,1324.88
2025,841,DEPARTMENT OF TRANSPORTATION,2022-07-25T00:00:00.000,BRONX,TRAFFIC DEVICE MAINTAINER,ACTIVE,71831.00,per Annum,2080,64892.31,373.75,18523.28,6317.56
2025,841,DEPARTMENT OF TRANSPORTATION,2022-09-12T00:00:00.000,MANHATTAN,CLERICAL ASSOCIATE MOST MAYORAL AG,ACTIVE,53479.00,per Annum,1820,50084.81,48.5,1381.90,1903.97
2025,841,DEPARTMENT OF TRANSPORTATION,2025-03-17T00:00:00.000,BROOKLYN,ASSISTANT CITY HIGHWAY REPAIRER,ACTIVE,26.42,per Hour,472,12138.24,0,0.00,227.86
2025,841,DEPARTMENT OF TRANSPORTATION,2025-03-17T00:00:00.000,BROOKLYN,ASSISTANT CITY HIGHWAY REPAIRER,ACTIVE,26.42,per Hour,471.5,12125.45,10,396.30,1298.58
2025,841,DEPARTMENT OF TRANSPORTATION,2025-03-17T00:00:00.000,QUEENS,ASSISTANT CITY HIGHWAY REPAIRER,ACTIVE,26.42,per Hour,472,12138.24,8,315.86,362.20
2025,841,DEPARTMENT OF TRANSPORTATION,2025-03-17T00:00:00.000,QUEENS,ASSISTANT CITY HIGHWAY REPAIRER,ACTIVE,26.42,per Hour,462.25,11888.74,9,364.62,365.16
2025,841,DEPARTMENT OF TRANSPORTATION,2025-03-17T00:00:00.000,QUEENS,ASSISTANT CITY HIGHWAY REPAIRER,ACTIVE,26.42,per Hour,470.23,12092.62,2,79.28,389.43
2025,841,DEPARTMENT OF TRANSPORTATION,2025-03-17T00:00:00.000,QUEENS,ASSISTANT CITY HIGHWAY REPAIRER,ACTIVE,26.42,per Hour,464,11933.52,12.5,493.10,584.83
2025,841,DEPARTMENT OF TRANSPORTATION,2025-03-10T00:00:00.000,RICHMOND,DECKHAND,ACTIVE,57991.00,per Annum,448,15552.45,96.5,4920.56,562.28
2025,841,DEPARTMENT OF TRANSPORTATION,2025-01-27T00:00:00.000,MANHATTAN,COMMUNITY COORDINATOR,ACTIVE,74340.00,per Annum,700,27744.63,0,0.00,24.75
2025,841,DEPARTMENT OF TRANSPORTATION,2024-12-16T00:00:00.000,MANHATTAN,ASSISTANT CIVIL ENGINEER,ACTIVE,76279.00,per Annum,910,36918.80,0,0.00,0.00
2025,841,DEPARTMENT OF TRANSPORTATION,2024-10-07T00:00:00.000,MANHATTAN,COMMUNITY COORDINATOR,ACTIVE,82600.00,per Annum,1260,52920.49,146,7550.78,75.53
2025,841,DEPARTMENT OF TRANSPORTATION,2024-08-12T00:00:00.000,RICHMOND,RIGGER,ACTIVE,442.80,per Day,1760,97416.00,1061,92046.99,5645.70
2025,841,DEPARTMENT OF TRANSPORTATION,2024-06-24T00:00:00.000,MANHATTAN,COLLEGE AIDE - ASSIGNMENT LEVELS II AND III,ACTIVE,22.43,per Hour,1193.75,25968.01,0,0.00,0.00
2025,841,DEPARTMENT OF TRANSPORTATION,2024-06-10T00:00:00.000,QUEENS,ASSISTANT CITY HIGHWAY REPAIRER,ACTIVE,26.42,per Hour,1495.77,38336.43,148.4,5795.46,10440.03
2025,841,DEPARTMENT OF TRANSPORTATION,2025-05-13T00:00:00.000,MANHATTAN,COLLEGE AIDE - ASSIGNMENT LEVELS II AND III,ACTIVE,21.72,per Hour,327.18,7129.70,0,0.00,0.00
2025,841,DEPARTMENT OF TRANSPORTATION,2024-05-06T00:00:00.000,QUEENS,ASSISTANT CITY HIGHWAY REPAIRER,ACTIVE,26.42,per Hour,1407,36118.42,152.5,5665.50,5278.28
2025,841,DEPARTMENT OF TRANSPORTATION,2024-04-08T00:00:00.000,QUEENS,ASSISTANT CITY HIGHWAY REPAIRER,ACTIVE,26.42,per Hour,1496,38395.52,46,1783.14,8934.53
2025,841,DEPARTMENT OF TRANSPORTATION,2024-02-26T00:00:00.000,RICHMOND,MARINE ENGINEER,ACTIVE,103194.00,per Annum,2080,102743.65,274.5,19609.81,2306.08
2025,841,DEPARTMENT OF TRANSPORTATION,2024-01-22T00:00:00.000,MANHATTAN,COMMUNITY COORDINATOR,ACTIVE,72298.00,per Annum,1820,70064.11,0,0.00,83.50
2025,841,DEPARTMENT OF TRANSPORTATION,2025-02-03T00:00:00.000,RICHMOND,DECKHAND,ACTIVE,57991.00,per Annum,1216,43947.12,478.75,25165.82,5811.60
2025,841,DEPARTMENT OF TRANSPORTATION,2023-11-27T00:00:00.000,RICHMOND,DOCKBUILDER,ACTIVE,441.92,per Day,2080,118648.00,285.5,24015.73,6588.16
2025,841,DEPARTMENT OF TRANSPORTATION,2023-10-30T00:00:00.000,QUEENS,CEMENT MASON,ACTIVE,391.30,per Day,1820,100831.60,386.75,42513.53,0.00
2025,841,DEPARTMENT OF TRANSPORTATION,2023-09-11T00:00:00.000,RICHMOND,COMMUNITY ASSOCIATE,ACTIVE,51227.00,per Annum,1820,49644.70,34,1113.40,43.55
2025,841,DEPARTMENT OF TRANSPORTATION,2023-08-28T00:00:00.000,QUEENS,CEMENT MASON,ACTIVE,391.30,per Day,1820,100831.60,381.5,41945.94,503.10
2025,841,DEPARTMENT OF TRANSPORTATION,2023-08-21T00:00:00.000,MANHATTAN,NEW YORK CITY PUBLIC SERVICE FELLOW,ACTIVE,53862.00,per Annum,1820,55505.97,6.5,195.05,170.22
2025,841,DEPARTMENT OF TRANSPORTATION,2023-08-14T00:00:00.000,MANHATTAN,CIVIL ENGINEERING INTERN,ACTIVE,68709.00,per Annum,1820,66585.96,126.25,4614.34,134.15
2025,841,DEPARTMENT OF TRANSPORTATION,2023-07-31T00:00:00.000,QUEENS,CLERICAL ASSOCIATE MOST MAYORAL AG,ACTIVE,46504.00,per Annum,1820,41231.46,356.25,11501.60,996.55
2025,841,DEPARTMENT OF TRANSPORTATION,2023-07-17T00:00:00.000,MANHATTAN,CLERICAL ASSOCIATE MOST MAYORAL AG,ACTIVE,46504.00,per Annum,1820,39695.61,48,1231.79,302.43
2025,841,DEPARTMENT OF TRANSPORTATION,2023-05-30T00:00:00.000,BROOKLYN,ASSISTANT CITY HIGHWAY REPAIRER,ACTIVE,26.42,per Hour,1016,26113.20,7,275.64,4160.38
2025,841,DEPARTMENT OF TRANSPORTATION,2023-05-30T00:00:00.000,BROOKLYN,ASSISTANT CITY HIGHWAY REPAIRER,ACTIVE,26.42,per Hour,1496,38396.40,9,345.47,4476.32
2025,841,DEPARTMENT OF TRANSPORTATION,2023-05-30T00:00:00.000,BROOKLYN,ASSISTANT CITY HIGHWAY REPAIRER,ACTIVE,26.42,per Hour,1496,38396.40,11.5,446.77,11650.17
2025,841,DEPARTMENT OF TRANSPORTATION,2023-05-30T00:00:00.000,QUEENS,TRAFFIC DEVICE MAINTAINER,ACTIVE,62462.00,per Annum,2080,60654.77,314,14066.37,2061.23
2025,841,DEPARTMENT OF TRANSPORTATION,2023-05-15T00:00:00.000,BROOKLYN,BRIDGE REPAIRER AND RIVETER,ACTIVE,439.60,per Day,2080,114296.00,215,37180.81,822.94
2025,841,DEPARTMENT OF TRANSPORTATION,2023-05-01T00:00:00.000,QUEENS,ASSISTANT CITY HIGHWAY REPAIRER,ACTIVE,30.39,per Hour,1496,39204.48,46,1869.31,11495.42
2025,841,DEPARTMENT OF TRANSPORTATION,2023-05-03T00:00:00.000,RICHMOND,DECKHAND,ACTIVE,57991.00,per Annum,1664,62484.86,157,14690.61,11622.56
2025,841,DEPARTMENT OF TRANSPORTATION,2023-04-24T00:00:00.000,MANHATTAN,TRAFFIC DEVICE MAINTAINER,ACTIVE,71831.00,per Annum,2080,60409.96,84,3700.67,4595.87
2025,841,DEPARTMENT OF TRANSPORTATION,2023-04-03T00:00:00.000,MANHATTAN,APPRENTICE INSPECTOR,ACTIVE,48747.00,per Annum,2080,42744.92,24,845.10,3500.00
2025,841,DEPARTMENT OF TRANSPORTATION,2025-03-17T00:00:00.000,BROOKLYN,ASSISTANT CITY HIGHWAY REPAIRER,ACTIVE,26.42,per Hour,472,12138.24,0,0.00,389.98
2025,841,DEPARTMENT OF TRANSPORTATION,2023-02-13T00:00:00.000,MANHATTAN,CLERICAL ASSOCIATE MOST MAYORAL AG,ACTIVE,53479.00,per Annum,1820,47309.54,10,246.55,16.50
2025,841,DEPARTMENT OF TRANSPORTATION,2023-01-17T00:00:00.000,QUEENS,COLLEGE AIDE,ACTIVE,18.80,per Hour,801.75,15188.65,0,0.00,0.00
2025,841,DEPARTMENT OF TRANSPORTATION,2023-01-09T00:00:00.000,MANHATTAN,CYBER SECURITY ANALYST,ACTIVE,107726.00,per Annum,1820,95497.18,53.5,2898.56,49.50
2025,841,DEPARTMENT OF TRANSPORTATION,2011-01-30T00:00:00.000,QUEENS,CLERICAL ASSOCIATE MOST MAYORAL AG,ACTIVE,53479.00,per Annum,1820,53919.26,307.25,11654.65,6983.33
2025,841,DEPARTMENT OF TRANSPORTATION,2007-08-27T00:00:00.000,MANHATTAN,COMPUTER SYSTEMS MANAGER,ACTIVE,265119.00,per Annum,1820,256041.79,0,0.00,0.00
2025,841,DEPARTMENT OF TRANSPORTATION,2008-12-01T00:00:00.000,QUEENS,SUPERVISOR ELECTRICIAN,ACTIVE,518.00,per Day,1820,131792.08,802.25,86952.62,8114.94
2025,841,DEPARTMENT OF TRANSPORTATION,2007-05-07T00:00:00.000,MANHATTAN,TRANSPORTATION SPECIALIST,ACTIVE,92430.00,per Annum,1820,89574.61,538,35716.96,4962.44
2025,841,DEPARTMENT OF TRANSPORTATION,2007-12-24T00:00:00.000,QUEENS,INVESTIGATOR,ACTIVE,55437.00,per Annum,1372,35488.68,6.5,203.32,3974.85
2025,841,DEPARTMENT OF TRANSPORTATION,2008-03-17T00:00:00.000,RICHMOND,HIGHWAY REPAIRER,ACTIVE,442.32,per Day,2080,112427.98,206.5,16905.46,2807.84
2025,841,DEPARTMENT OF TRANSPORTATION,2018-06-18T00:00:00.000,BROOKLYN,GASOLINE ROLLER ENGINEER-L15,ACTIVE,77.96,per Hour,1496,136979.20,0,27957.71,33166.50
2025,841,DEPARTMENT OF TRANSPORTATION,2008-05-19T00:00:00.000,MANHATTAN,SUPERVISOR HIGHWAY REPAIRER,ACTIVE,464.48,per Day,2080,118195.13,449,40031.72,9947.31
2025,841,DEPARTMENT OF TRANSPORTATION,2015-04-27T00:00:00.000,QUEENS,HIGHWAY REPAIRER,ACTIVE,442.32,per Day,2080,100680.22,141.5,12221.92,12946.79
2025,841,DEPARTMENT OF TRANSPORTATION,2021-06-28T00:00:00.000,BROOKLYN,ASSISTANT CITY HIGHWAY REPAIRER,ACTIVE,30.39,per Hour,1495.67,44148.52,33,1474.42,11439.60
2025,841,DEPARTMENT OF TRANSPORTATION,2008-08-25T00:00:00.000,MANHATTAN,BRIDGE OPERATOR,ACTIVE,53372.00,per Annum,2080,51423.78,462,20557.63,16265.21
2025,841,DEPARTMENT OF TRANSPORTATION,2017-10-23T00:00:00.000,MANHATTAN,CLERICAL ASSOCIATE MOST MAYORAL AG,CEASED,54446.00,per Annum,0,0.00,0,0.00,3426.05
2025,841,DEPARTMENT OF TRANSPORTATION,2008-10-06T00:00:00.000,MANHATTAN,ADMINISTRATIVE ENGINEER,ACTIVE,140165.00,per Annum,1820,135761.83,318,27938.47,2979.64
2025,841,DEPARTMENT OF TRANSPORTATION,2008-10-27T00:00:00.000,MANHATTAN,SUPERVISOR HIGHWAY REPAIRER,ACTIVE,464.48,per Day,2080,118363.82,577,50827.82,10133.36
2025,841,DEPARTMENT OF TRANSPORTATION,2015-02-16T00:00:00.000,MANHATTAN,TRANSPORTATION SPECIALIST,ACTIVE,76279.00,per Annum,1820,73922.40,431.75,22771.67,4691.24
2025,841,DEPARTMENT OF TRANSPORTATION,2009-06-15T00:00:00.000,QUEENS,ASSISTANT CIVIL ENGINEER,ACTIVE,86500.00,per Annum,1820,83827.18,461.75,27878.66,5832.77
2025,841,DEPARTMENT OF TRANSPORTATION,2010-04-05T00:00:00.000,RICHMOND,DECKHAND,ACTIVE,66690.00,per Annum,1664,75860.42,330.25,26140.61,15615.39
2025,841,DEPARTMENT OF TRANSPORTATION,2021-06-14T00:00:00.000,QUEENS,GASOLINE ROLLER ENGINEER-L15,ACTIVE,77.96,per Hour,1492,135509.40,0,27084.64,29151.20
2025,841,DEPARTMENT OF TRANSPORTATION,2022-03-28T00:00:00.000,MANHATTAN,GRAPHIC ARTIST,ACTIVE,90694.00,per Annum,1820,82366.31,156.25,8605.14,2577.27
2025,841,DEPARTMENT OF TRANSPORTATION,2010-07-19T00:00:00.000,BROOKLYN,BRIDGE REPAIRER AND RIVETER,ACTIVE,439.60,per Day,2080,114296.00,240.75,88318.95,884.89
2025,841,DEPARTMENT OF TRANSPORTATION,2016-09-19T00:00:00.000,BROOKLYN,HIGHWAY REPAIRER,ACTIVE,442.32,per Day,2080,99032.27,159.5,11276.12,5518.01
2025,841,DEPARTMENT OF TRANSPORTATION,2011-05-02T00:00:00.000,QUEENS,HIGHWAY REPAIRER,ACTIVE,442.32,per Day,2080,112427.98,360.25,31166.74,23971.00
2025,841,DEPARTMENT OF TRANSPORTATION,2012-02-21T00:00:00.000,BROOKLYN,BRIDGE PAINTER,ACTIVE,444.71,per Day,1820,114237.10,133.5,14739.33,0.00
2025,841,DEPARTMENT OF TRANSPORTATION,2012-03-19T00:00:00.000,BROOKLYN,HIGHWAY REPAIRER,ON LEAVE,442.32,per Day,1936,104467.10,87,7125.42,1842.25
2025,841,DEPARTMENT OF TRANSPORTATION,2012-03-19T00:00:00.000,QUEENS,HIGHWAY REPAIRER,ACTIVE,442.32,per Day,2080,112427.98,314.5,26618.22,7262.97
2025,841,DEPARTMENT OF TRANSPORTATION,2012-04-09T00:00:00.000,MANHATTAN,HIGHWAY REPAIRER,ACTIVE,442.32,per Day,2080,112427.98,136.25,11735.46,14037.30
2025,841,DEPARTMENT OF TRANSPORTATION,2016-08-01T00:00:00.000,BROOKLYN,HIGHWAYS AND SEWERS INSPECTOR,ACTIVE,71182.00,per Annum,2080,70586.91,671.75,37106.89,11042.56
2025,841,DEPARTMENT OF TRANSPORTATION,2013-01-22T00:00:00.000,RICHMOND,MARINE OILER,ACTIVE,73400.00,per Annum,1664,79951.77,447,38931.09,12009.19
2025,841,DEPARTMENT OF TRANSPORTATION,2017-02-27T00:00:00.000,MANHATTAN,STAFF ANALYST,ACTIVE,80856.00,per Annum,1820,80096.68,53.5,2815.80,65.25
2025,841,DEPARTMENT OF TRANSPORTATION,2013-02-25T00:00:00.000,RICHMOND,ASSISTANT CAPTAIN,ACTIVE,133769.00,per Annum,2080,136980.42,220.5,20977.24,9600.50
2025,841,DEPARTMENT OF TRANSPORTATION,2007-01-02T00:00:00.000,QUEENS,TRANSPORTATION SPECIALIST,ACTIVE,76279.00,per Annum,2075,49994.96,295.75,11900.49,6832.75
2025,841,DEPARTMENT OF TRANSPORTATION,2007-03-05T00:00:00.000,MANHATTAN,ADMINISTRATIVE ENGINEER,ACTIVE,149165.00,per Annum,1820,144556.78,0,0.00,2714.22
2025,841,DEPARTMENT OF TRANSPORTATION,2007-03-19T00:00:00.000,QUEENS,ADMINISTRATIVE ENGINEER,ACTIVE,134584.00,per Annum,1820,131501.88,565.5,53192.18,715.28
2025,841,DEPARTMENT OF TRANSPORTATION,2007-04-09T00:00:00.000,MANHATTAN,SUPERVISOR HIGHWAY REPAIRER,ACTIVE,464.48,per Day,2080,116985.60,420.5,37164.01,5743.78
2025,841,DEPARTMENT OF TRANSPORTATION,2007-04-09T00:00:00.000,MANHATTAN,HIGHWAY REPAIRER,ACTIVE,442.32,per Day,2080,112427.98,362,31574.78,16029.85
2025,841,DEPARTMENT OF TRANSPORTATION,2007-04-09T00:00:00.000,BROOKLYN,SUPERVISOR HIGHWAY REPAIRER,ACTIVE,464.48,per Day,2080,118363.82,723,63535.70,11700.84
2025,841,DEPARTMENT OF TRANSPORTATION,2007-03-12T00:00:00.000,BROOKLYN,SUPERVISOR HIGHWAY REPAIRER,ACTIVE,464.48,per Day,2080,117267.33,242.5,21473.22,4638.75
2025,868,DEPT OF CITYWIDE ADMIN SVCS,2017-07-10T00:00:00.000,MANHATTAN,APPRAISER,ACTIVE,143561.00,per Annum,1820,139125.50,0,0.00,3790.84
2025,868,DEPT OF CITYWIDE ADMIN SVCS,2024-05-20T00:00:00.000,MANHATTAN,COMPUTER SPECIALIST,ACTIVE,132170.00,per Annum,1820,128086.70,0,0.00,5553.12
2025,868,DEPT OF CITYWIDE ADMIN SVCS,2021-08-15T00:00:00.000,RICHMOND,CITY CUSTODIAL ASSISTANT,ACTIVE,42898.00,per Annum,2080,41572.87,521.75,15727.47,903.52
2025,868,DEPT OF CITYWIDE ADMIN SVCS,2018-02-19T00:00:00.000,MANHATTAN,ADM MANAGER-NON-MGRL,ACTIVE,90595.00,per Annum,1820,89035.50,62.25,3983.73,2201.57
2025,868,DEPT OF CITYWIDE ADMIN SVCS,2022-03-28T00:00:00.000,MANHATTAN,EXECUTIVE PROGRAM SPECIALIST,ACTIVE,118466.00,per Annum,1820,114409.74,0,0.00,0.00
2025,868,DEPT OF CITYWIDE ADMIN SVCS,2017-01-09T00:00:00.000,MANHATTAN,ADMINISTRATIVE STAFF ANALYST,ACTIVE,100533.00,per Annum,1820,99928.19,0,0.00,2357.80
2025,868,DEPT OF CITYWIDE ADMIN SVCS,2024-12-02T00:00:00.000,MANHATTAN,COMMUNITY COORDINATOR,ACTIVE,79527.00,per Annum,980,40611.75,36.5,1765.38,84.81
2025,868,DEPT OF CITYWIDE ADMIN SVCS,2015-10-19T00:00:00.000,RICHMOND,CITY CUSTODIAL ASSISTANT,ACTIVE,42898.00,per Annum,2080,41572.87,289.25,8731.01,1025.50
2025,868,DEPT OF CITYWIDE ADMIN SVCS,2016-02-22T00:00:00.000,QUEENS,OILER,ACTIVE,555.52,per Day,2080,140457.03,214.75,21989.78,9099.10
2025,868,DEPT OF CITYWIDE ADMIN SVCS,2018-09-03T00:00:00.000,MANHATTAN,AGENCY ATTORNEY,ACTIVE,146052.00,per Annum,1820,142446.18,0,0.00,10498.36
2025,868,DEPT OF CITYWIDE ADMIN SVCS,2019-07-22T00:00:00.000,MANHATTAN,STAFF ANALYST,ACTIVE,69631.00,per Annum,1820,68977.07,36.75,1729.34,38.72
2025,868,DEPT OF CITYWIDE ADMIN SVCS,2016-03-21T00:00:00.000,MANHATTAN,ADMINISTRATIVE QUALITY ASSURANCE SPECIALIST,ACTIVE,119697.00,per Annum,1820,116949.29,0,0.00,124.25
2025,868,DEPT OF CITYWIDE ADMIN SVCS,2019-03-18T00:00:00.000,MANHATTAN,CITY PLANNER,ACTIVE,98750.00,per Annum,1820,95699.38,0,0.00,3439.64
2025,868,DEPT OF CITYWIDE ADMIN SVCS,2016-04-18T00:00:00.000,MANHATTAN,ADMIN CONSTRUCTION PROJECT MANAGER,ACTIVE,124441.00,per Annum,1820,120596.33,0,0.00,193.23
2025,868,DEPT OF CITYWIDE ADMIN SVCS,2016-05-02T00:00:00.000,MANHATTAN,ADMINISTRATIVE ARCHITECT,ACTIVE,143634.00,per Annum,1820,138716.22,0,0.00,0.00
2025,868,DEPT OF CITYWIDE ADMIN SVCS,2018-02-19T00:00:00.000,MANHATTAN,SPECIAL OFFICER,CEASED,54862.00,per Annum,960,22574.41,99.75,3451.64,669.57
2025,868,DEPT OF CITYWIDE ADMIN SVCS,2016-06-13T00:00:00.000,MANHATTAN,DIRECTOR OF STORES,CEASED,130138.00,per Annum,770,49901.30,0,0.00,1571.57
2025,868,DEPT OF CITYWIDE ADMIN SVCS,2016-06-27T00:00:00.000,BRONX,OILER,ACTIVE,555.52,per Day,2080,140457.03,389,39252.39,14529.05
2025,868,DEPT OF CITYWIDE ADMIN SVCS,2022-04-25T00:00:00.000,MANHATTAN,RESEARCH PROJECTS COORD,ACTIVE,80107.00,per Annum,1820,77363.65,0,0.00,0.00
2025,868,DEPT OF CITYWIDE ADMIN SVCS,2016-08-08T00:00:00.000,BROOKLYN,CUSTODIAN,ACTIVE,43611.00,per Annum,2080,42029.57,54.5,1624.19,0.00
2025,868,DEPT OF CITYWIDE ADMIN SVCS,2019-11-25T00:00:00.000,MANHATTAN,SUPERVISING SPECIAL OFFICER,ACTIVE,62864.00,per Annum,2062.85,56704.81,21,920.76,1500.00
2025,868,DEPT OF CITYWIDE ADMIN SVCS,2024-01-29T00:00:00.000,MANHATTAN,SPECIAL OFFICER,ACTIVE,40392.00,per Annum,2080,38673.88,104,2837.34,1813.96
2025,868,DEPT OF CITYWIDE ADMIN SVCS,2016-10-03T00:00:00.000,MANHATTAN,CITY CUSTODIAL ASSISTANT,ACTIVE,43717.00,per Annum,2080,42366.43,1095.75,33573.83,620.85
2025,868,DEPT OF CITYWIDE ADMIN SVCS,2016-10-03T00:00:00.000,MANHATTAN,ADMINISTRATIVE GRAPHIC ARTIST,ACTIVE,162692.00,per Annum,1820,157121.63,0,0.00,0.00
2025,868,DEPT OF CITYWIDE ADMIN SVCS,2022-12-05T00:00:00.000,MANHATTAN,CITY RESEARCH SCIENTIST,CEASED,95069.00,per Annum,173.25,9173.07,0,0.00,18.37
2025,868,DEPT OF CITYWIDE ADMIN SVCS,2016-10-31T00:00:00.000,BROOKLYN,CITY CUSTODIAL ASSISTANT,ACTIVE,42898.00,per Annum,2080,41010.13,1091,32729.00,592.32
2025,868,DEPT OF CITYWIDE ADMIN SVCS,2019-10-28T00:00:00.000,RICHMOND,STAFF ANALYST,ACTIVE,69631.00,per Annum,1820,68977.07,315.75,15095.27,50.48
2025,868,DEPT OF CITYWIDE ADMIN SVCS,2024-11-04T00:00:00.000,MANHATTAN,NEW YORK CITY PUBLIC SERVICE FELLOW,ACTIVE,48956.00,per Annum,1120,29098.56,0,0.00,0.00
2025,868,DEPT OF CITYWIDE ADMIN SVCS,2017-05-15T00:00:00.000,BRONX,ELEVATOR MECHANIC,ON LEAVE,516.80,per Day,1040,55653.46,95.75,9323.78,487.12
2025,868,DEPT OF CITYWIDE ADMIN SVCS,2017-05-15T00:00:00.000,MANHATTAN,SPECIAL OFFICER,ACTIVE,56508.00,per Annum,2080,54458.39,625,24559.46,1815.30
2025,868,DEPT OF CITYWIDE ADMIN SVCS,2017-05-30T00:00:00.000,BRONX,CITY SECURITY AIDE,ACTIVE,46815.00,per Annum,2080,45368.31,1526.75,51017.53,6115.79
2025,868,DEPT OF CITYWIDE ADMIN SVCS,2024-04-08T00:00:00.000,QUEENS,CITY CUSTODIAL ASSISTANT,CEASED,38712.00,per Annum,1280,23291.24,0,0.00,1832.81
2025,868,DEPT OF CITYWIDE ADMIN SVCS,2018-01-22T00:00:00.000,BROOKLYN,CUSTODIAN,ACTIVE,43611.00,per Annum,2080,42029.57,433,13084.19,243.34
2025,868,DEPT OF CITYWIDE ADMIN SVCS,2018-03-19T00:00:00.000,BRONX,COMPUTER SPECIALIST,ACTIVE,102405.00,per Annum,1820,99241.47,217,18012.57,10515.46
2025,868,DEPT OF CITYWIDE ADMIN SVCS,2018-04-30T00:00:00.000,QUEENS,CUSTODIAN,ACTIVE,43611.00,per Annum,2080,42029.57,1267.25,38362.98,2344.38
2025,868,DEPT OF CITYWIDE ADMIN SVCS,2019-11-25T00:00:00.000,MANHATTAN,SPECIAL OFFICER,ACTIVE,56508.00,per Annum,2080,51543.50,121,4480.69,1540.28
2025,868,DEPT OF CITYWIDE ADMIN SVCS,2018-05-29T00:00:00.000,MANHATTAN,COMPUTER SYSTEMS MANAGER,ACTIVE,159105.00,per Annum,1820,154189.43,23,1995.51,98.62
2025,868,DEPT OF CITYWIDE ADMIN SVCS,2021-08-16T00:00:00.000,MANHATTAN,CLERICAL ASSOCIATE MOST MAYORAL AG,ACTIVE,51130.00,per Annum,1820,49550.76,129.75,3890.46,201.34
2025,868,DEPT OF CITYWIDE ADMIN SVCS,2023-10-10T00:00:00.000,MANHATTAN,CONSTRUCTION PROJECT MANAGER,ACTIVE,90551.00,per Annum,1820,87606.95,0,0.00,1214.14
2025,868,DEPT OF CITYWIDE ADMIN SVCS,2014-02-27T00:00:00.000,BROOKLYN,STATIONARY ENGINEER,ACTIVE,591.20,per Day,2080,149477.76,1113.25,118540.54,18586.43
2025,868,DEPT OF CITYWIDE ADMIN SVCS,2006-07-10T00:00:00.000,MANHATTAN,PRINCIPAL ADMINISTRATIVE ASSOCIATE -  NON SUPVR,CEASED,79911.00,per Annum,966.75,41159.62,0,0.00,975.52
2025,868,DEPT OF CITYWIDE ADMIN SVCS,2018-08-20T00:00:00.000,MANHATTAN,ADMINISTRATIVE COMMUNITY RELATIONS SPECIALIST,ACTIVE,174312.00,per Annum,1820,168343.53,0,0.00,0.00
2025,868,DEPT OF CITYWIDE ADMIN SVCS,2016-11-27T00:00:00.000,MANHATTAN,ADM MANAGER-NON-MGRL,ACTIVE,109126.00,per Annum,1820,107233.06,0,0.00,1847.49
2025,868,DEPT OF CITYWIDE ADMIN SVCS,2007-05-14T00:00:00.000,BROOKLYN,CITY CUSTODIAL ASSISTANT,ACTIVE,42949.00,per Annum,2080,41599.65,0,0.00,4436.10
2025,868,DEPT OF CITYWIDE ADMIN SVCS,2022-10-11T00:00:00.000,MANHATTAN,ADMINISTRATIVE CITY PLANNER,ACTIVE,142937.00,per Annum,1820,138043.16,0,0.00,0.00
2025,868,DEPT OF CITYWIDE ADMIN SVCS,2015-07-13T00:00:00.000,MANHATTAN,ADM MANAGER-NON-MGRL,ACTIVE,123099.00,per Annum,1820,116999.10,0,0.00,2316.73
2025,868,DEPT OF CITYWIDE ADMIN SVCS,2015-07-13T00:00:00.000,BROOKLYN,CITY CUSTODIAL ASSISTANT,ACTIVE,42898.00,per Annum,2080,41572.87,32,955.13,0.00
2025,868,DEPT OF CITYWIDE ADMIN SVCS,2006-11-15T00:00:00.000,QUEENS,CUSTODIAN,ACTIVE,43675.00,per Annum,2080,31210.74,182.25,5222.76,418.46
2025,868,DEPT OF CITYWIDE ADMIN SVCS,2007-01-02T00:00:00.000,MANHATTAN,ADM MANAGER-NON-MGRL,ACTIVE,110073.00,per Annum,1820,108164.16,0,0.00,1847.49
2025,868,DEPT OF CITYWIDE ADMIN SVCS,2007-01-02T00:00:00.000,QUEENS,CUSTODIAN,ACTIVE,62503.00,per Annum,2080,59458.15,484.75,20793.79,557.85
2025,868,DEPT OF CITYWIDE ADMIN SVCS,2007-04-23T00:00:00.000,MANHATTAN,CUSTODIAN,ACTIVE,60515.00,per Annum,2080,58303.61,544.75,23311.96,4555.18
2025,868,DEPT OF CITYWIDE ADMIN SVCS,2020-02-17T00:00:00.000,MANHATTAN,CERTIFIED IT DEVELOPER,ACTIVE,151123.00,per Annum,1820,146431.59,0,0.00,6350.72
2025,868,DEPT OF CITYWIDE ADMIN SVCS,2009-08-17T00:00:00.000,MANHATTAN,ADMINISTRATIVE ACCOUNTANT,ACTIVE,116409.00,per Annum,1820,112812.75,0,0.00,266.12
2025,868,DEPT OF CITYWIDE ADMIN SVCS,2007-07-30T00:00:00.000,BROOKLYN,ADMINISTRATIVE STAFF ANALYST,ACTIVE,104063.00,per Annum,1820,103068.15,103.75,6537.47,2695.88
2025,868,DEPT OF CITYWIDE ADMIN SVCS,2015-11-02T00:00:00.000,BRONX,CITY CUSTODIAL ASSISTANT,ACTIVE,42899.00,per Annum,2080,41573.90,642.5,19218.61,990.66
2025,868,DEPT OF CITYWIDE ADMIN SVCS,2018-02-20T00:00:00.000,MANHATTAN,SPECIAL OFFICER,CEASED,53264.00,per Annum,425.32,10855.48,100.75,3842.42,0.00
2025,868,DEPT OF CITYWIDE ADMIN SVCS,2008-02-04T00:00:00.000,BRONX,CITY CUSTODIAL ASSISTANT,ACTIVE,42924.00,per Annum,2080,41375.10,188.75,6276.16,6741.44
2025,868,DEPT OF CITYWIDE ADMIN SVCS,2008-02-19T00:00:00.000,BRONX,CITY CUSTODIAL ASSISTANT,ACTIVE,42949.00,per Annum,2080,41599.65,16.25,544.71,6452.88
2025,868,DEPT OF CITYWIDE ADMIN SVCS,2008-07-28T00:00:00.000,BROOKLYN,CUSTODIAN,ACTIVE,65226.00,per Annum,2080,61900.99,164.5,7637.52,1158.76
2025,868,DEPT OF CITYWIDE ADMIN SVCS,2008-07-28T00:00:00.000,MANHATTAN,STATIONARY ENGINEER,ACTIVE,591.20,per Day,1992,142978.08,761.5,81992.36,13694.13
2025,868,DEPT OF CITYWIDE ADMIN SVCS,2010-06-07T00:00:00.000,MANHATTAN,SECRETARY TO THE DEPUTY COMMISSIONER,ACTIVE,106648.00,per Annum,1820,102720.25,0,0.00,692.79
2025,868,DEPT OF CITYWIDE ADMIN SVCS,2008-09-29T00:00:00.000,MANHATTAN,CITY CUSTODIAL ASSISTANT,ACTIVE,42949.00,per Annum,2080,36598.64,0,0.00,3462.32
2025,868,DEPT OF CITYWIDE ADMIN SVCS,2023-12-04T00:00:00.000,MANHATTAN,COMPUTER SPECIALIST,ACTIVE,142450.00,per Annum,1820,140115.09,0,0.00,6350.72
2025,868,DEPT OF CITYWIDE ADMIN SVCS,2018-12-10T00:00:00.000,MANHATTAN,ASSOCIATE QUALITY ASSURANCE SPECIALIST,ACTIVE,96329.00,per Annum,1820,94075.11,0,0.00,0.00
2025,868,DEPT OF CITYWIDE ADMIN SVCS,2009-03-30T00:00:00.000,QUEENS,CITY CUSTODIAL ASSISTANT,ACTIVE,42924.00,per Annum,2080,41574.30,1421.75,48383.33,7773.88
2025,868,DEPT OF CITYWIDE ADMIN SVCS,2014-09-22T00:00:00.000,MANHATTAN,ASSISTANT CIVIL ENGINEER,ACTIVE,109837.00,per Annum,1820,106443.82,0,0.00,6251.23
2025,868,DEPT OF CITYWIDE ADMIN SVCS,2019-05-27T00:00:00.000,MANHATTAN,STATIONARY ENGINEER,ACTIVE,591.20,per Day,2080,149477.76,900,96882.65,33404.82
2025,868,DEPT OF CITYWIDE ADMIN SVCS,2009-11-09T00:00:00.000,BROOKLYN,CITY CUSTODIAL ASSISTANT,ACTIVE,42924.00,per Annum,2080,41569.32,181,5901.20,4189.01
2025,868,DEPT OF CITYWIDE ADMIN SVCS,2009-11-09T00:00:00.000,BROOKLYN,CUSTODIAN,ACTIVE,44078.00,per Annum,2080,42616.08,295.25,9118.41,3132.16
2025,868,DEPT OF CITYWIDE ADMIN SVCS,2009-11-23T00:00:00.000,QUEENS,CUSTODIAN,ACTIVE,43611.00,per Annum,2080,42029.57,695,21114.28,3287.80
2025,868,DEPT OF CITYWIDE ADMIN SVCS,2010-03-01T00:00:00.000,QUEENS,CITY CUSTODIAL ASSISTANT,ACTIVE,42898.00,per Annum,2080,41572.87,61.5,2068.64,6391.68
2025,868,DEPT OF CITYWIDE ADMIN SVCS,2022-05-23T00:00:00.000,MANHATTAN,STAFF ANALYST,ON LEAVE,70141.00,per Annum,1120,41502.70,0,0.00,-2942.41
2025,868,DEPT OF CITYWIDE ADMIN SVCS,2018-06-18T00:00:00.000,MANHATTAN,ADMINISTRATIVE BUSINESS PROMOTION COORDINATOR,CEASED,123871.00,per Annum,420,28493.40,0,0.00,0.00
2025,868,DEPT OF CITYWIDE ADMIN SVCS,2010-07-19T00:00:00.000,MANHATTAN,SENIOR STATIONARY ENGINEER,ACTIVE,701.68,per Day,2080,177404.73,956.5,121796.37,0.00
2025,868,DEPT OF CITYWIDE ADMIN SVCS,2023-09-25T00:00:00.000,BROOKLYN,CITY CUSTODIAL ASSISTANT,ACTIVE,39970.00,per Annum,2080,40271.83,372.25,10838.88,66.68
2025,868,DEPT OF CITYWIDE ADMIN SVCS,2017-11-13T00:00:00.000,MANHATTAN,ADMINISTRATIVE STAFF ANALYST,ACTIVE,146865.00,per Annum,1820,141836.38,0,0.00,0.00
2025,868,DEPT OF CITYWIDE ADMIN SVCS,2018-09-17T00:00:00.000,MANHATTAN,ADMINISTRATIVE STAFF ANALYST,ACTIVE,125519.00,per Annum,1820,124331.37,0,0.00,1331.31
2025,868,DEPT OF CITYWIDE ADMIN SVCS,2022-07-25T00:00:00.000,MANHATTAN,CITY CUSTODIAL ASSISTANT,ACTIVE,42898.00,per Annum,2080,40638.88,586.25,17420.38,1489.94
2025,868,DEPT OF CITYWIDE ADMIN SVCS,2016-05-16T00:00:00.000,MANHATTAN,ASSOCIATE STAFF ANALYST,ACTIVE,91394.00,per Annum,1820,85356.08,21.5,1106.78,16.50
2025,868,DEPT OF CITYWIDE ADMIN SVCS,2013-04-22T00:00:00.000,BRONX,CITY CUSTODIAL ASSISTANT,ACTIVE,42898.00,per Annum,2080,41572.87,0,41.67,7664.52
2025,868,DEPT OF CITYWIDE ADMIN SVCS,2013-03-25T00:00:00.000,MANHATTAN,CONSTRUCTION PROJECT MANAGER,CEASED,90925.00,per Annum,1201.1,59988.05,0,0.00,4883.53
2025,868,DEPT OF CITYWIDE ADMIN SVCS,2012-05-21T00:00:00.000,BROOKLYN,MAINTENANCE WORKER,ACTIVE,280.48,per Day,2080,71180.79,493,25517.91,357.42
2025,868,DEPT OF CITYWIDE ADMIN SVCS,2012-05-21T00:00:00.000,QUEENS,CITY CUSTODIAL ASSISTANT,ACTIVE,42898.00,per Annum,2080,41572.87,401.75,13075.75,4414.84
2025,868,DEPT OF CITYWIDE ADMIN SVCS,2012-05-21T00:00:00.000,BROOKLYN,CITY CUSTODIAL ASSISTANT,ACTIVE,42898.00,per Annum,2080,41468.29,0,0.00,3166.37
2025,868,DEPT OF CITYWIDE ADMIN SVCS,2016-03-07T00:00:00.000,MANHATTAN,STATIONARY ENGINEER,ACTIVE,591.20,per Day,2080,149477.76,1030,109865.07,17643.83
2025,868,DEPT OF CITYWIDE ADMIN SVCS,2016-10-03T00:00:00.000,MANHATTAN,ADMINISTRATIVE ENGINEER,ACTIVE,186759.00,per Annum,1820,180364.06,0,0.00,1500.00
2025,868,DEPT OF CITYWIDE ADMIN SVCS,2019-11-25T00:00:00.000,MANHATTAN,SPECIAL OFFICER,ACTIVE,56508.00,per Annum,2080,54458.39,183.25,7130.94,1815.30
2025,868,DEPT OF CITYWIDE ADMIN SVCS,2018-08-20T00:00:00.000,MANHATTAN,CITY CUSTODIAL ASSISTANT,ACTIVE,42898.00,per Annum,2080,41572.87,654.5,19573.63,225.56
2025,868,DEPT OF CITYWIDE ADMIN SVCS,2018-10-01T00:00:00.000,MANHATTAN,OILER,ACTIVE,555.52,per Day,2080,139347.10,65,6581.96,9837.18
2025,868,DEPT OF CITYWIDE ADMIN SVCS,2022-06-06T00:00:00.000,MANHATTAN,QUALITY ASSURANCE SPECIALIST,ACTIVE,64651.00,per Annum,1820,63166.75,95.25,3305.45,1940.93
2025,868,DEPT OF CITYWIDE ADMIN SVCS,2025-05-12T00:00:00.000,MANHATTAN,NEW YORK CITY PUBLIC SERVICE FELLOW,ACTIVE,48956.00,per Annum,175,4546.65,0,0.00,0.00
2025,868,DEPT OF CITYWIDE ADMIN SVCS,2019-01-22T00:00:00.000,MANHATTAN,CITY SECURITY AIDE,ACTIVE,46815.00,per Annum,2080,45368.31,629,21573.25,4889.55
2025,868,DEPT OF CITYWIDE ADMIN SVCS,2023-12-18T00:00:00.000,MANHATTAN,DIRECTOR OF PUBLIC RELATIONS,ACTIVE,116982.00,per Annum,1820,112976.78,0,0.00,-1500.00
2025,868,DEPT OF CITYWIDE ADMIN SVCS,2022-04-25T00:00:00.000,MANHATTAN,RESEARCH PROJECTS COORD,CEASED,108209.00,per Annum,0,0.00,0,0.00,3428.31
2025,868,DEPT OF CITYWIDE ADMIN SVCS,2024-07-08T00:00:00.000,MANHATTAN,STAFF ANALYST,ACTIVE,76594.00,per Annum,1820,75486.38,0,0.00,0.00
2025,868,DEPT OF CITYWIDE ADMIN SVCS,2019-11-12T00:00:00.000,MANHATTAN,ADMIN CONSTRUCTION PROJECT MANAGER,CEASED,102421.00,per Annum,0,32.72,0,0.00,0.00
2025,868,DEPT OF CITYWIDE ADMIN SVCS,2019-12-23T00:00:00.000,MANHATTAN,ASSISTANT LANDSCAPE ARCHITECT,ACTIVE,87914.00,per Annum,1820,85198.01,62.25,3322.88,1391.73
2025,868,DEPT OF CITYWIDE ADMIN SVCS,2020-01-06T00:00:00.000,MANHATTAN,PROCUREMENT ANALYST,ACTIVE,77672.00,per Annum,1820,75889.06,305.5,15583.07,1305.29
2025,868,DEPT OF CITYWIDE ADMIN SVCS,2023-02-21T00:00:00.000,MANHATTAN,COMMUNITY ASSOCIATE,ACTIVE,51227.00,per Annum,1820,51514.08,2,54.31,8.65
2025,868,DEPT OF CITYWIDE ADMIN SVCS,2020-02-03T00:00:00.000,MANHATTAN,CONSTRUCTION PROJECT MANAGER,ACTIVE,121440.00,per Annum,1820,94921.51,0,0.00,1605.50
2025,868,DEPT OF CITYWIDE ADMIN SVCS,2014-06-30T00:00:00.000,MANHATTAN,ADMINISTRATIVE STAFF ANALYST,ACTIVE,125325.00,per Annum,1820,124148.07,37,3180.35,1536.68
2025,868,DEPT OF CITYWIDE ADMIN SVCS,2017-05-01T00:00:00.000,BROOKLYN,SENIOR STATIONARY ENGINEER,ACTIVE,701.68,per Day,2080,177404.73,1360,174383.25,2038.56
2025,868,DEPT OF CITYWIDE ADMIN SVCS,2014-07-14T00:00:00.000,MANHATTAN,CHAUFFEUR-ATTENDANT,ACTIVE,71205.00,per Annum,2080,68767.21,529,26208.36,136.24
2025,868,DEPT OF CITYWIDE ADMIN SVCS,2018-12-23T00:00:00.000,QUEENS,CITY CUSTODIAL ASSISTANT,ACTIVE,42898.00,per Annum,2080,41572.87,180.5,5401.43,0.00
2025,868,DEPT OF CITYWIDE ADMIN SVCS,2025-05-19T00:00:00.000,MANHATTAN,SPECIAL OFFICER,ACTIVE,40393.00,per Annum,160,3098.64,0,0.00,0.00
2025,868,DEPT OF CITYWIDE ADMIN SVCS,2014-10-06T00:00:00.000,BROOKLYN,CITY CUSTODIAL ASSISTANT,ACTIVE,42898.00,per Annum,2080,41572.87,233,7270.09,2227.93
2025,868,DEPT OF CITYWIDE ADMIN SVCS,2014-10-06T00:00:00.000,MANHATTAN,CITY CUSTODIAL ASSISTANT,ACTIVE,42898.00,per Annum,2080,41572.87,958.25,29722.72,2469.08
2025,868,DEPT OF CITYWIDE ADMIN SVCS,2017-12-11T00:00:00.000,RICHMOND,PRINCIPAL ADMINISTRATIVE ASSOCIATE -  NON SUPVR,ACTIVE,61376.00,per Annum,1820,60319.45,400,17983.79,3283.68
2025,868,DEPT OF CITYWIDE ADMIN SVCS,2014-10-20T00:00:00.000,MANHATTAN,ADMIN COMMUNITY RELATIONS SPECIALIST,ACTIVE,82983.00,per Annum,1820,82203.61,0,0.00,326.06
2025,868,DEPT OF CITYWIDE ADMIN SVCS,2015-01-12T00:00:00.000,MANHATTAN,ADMINISTRATIVE STAFF ANALYST,ACTIVE,128509.00,per Annum,1820,127301.98,0,0.00,563.31
2025,868,DEPT OF CITYWIDE ADMIN SVCS,2015-02-17T00:00:00.000,MANHATTAN,ADMINISTRATIVE STAFF ANALYST,ACTIVE,102773.00,per Annum,1820,101807.87,26.75,1518.25,431.63
2025,868,DEPT OF CITYWIDE ADMIN SVCS,2016-10-31T00:00:00.000,MANHATTAN,CITY CUSTODIAL ASSISTANT,ACTIVE,42898.00,per Annum,2080,41572.87,256.17,7785.82,971.05
2025,868,DEPT OF CITYWIDE ADMIN SVCS,2018-07-23T00:00:00.000,MANHATTAN,COMMUNITY COORDINATOR,ACTIVE,82600.00,per Annum,1820,77107.78,0,15.35,8.25
2025,868,DEPT OF CITYWIDE ADMIN SVCS,2015-06-29T00:00:00.000,BROOKLYN,CITY CUSTODIAL ASSISTANT,ACTIVE,42898.00,per Annum,2080,42047.80,371.5,11256.27,201.47
2025,868,DEPT OF CITYWIDE ADMIN SVCS,2015-07-13T00:00:00.000,MANHATTAN,COMPUTER SYSTEMS MANAGER,ACTIVE,188258.00,per Annum,1820,181812.08,0,0.00,999.92
2025,868,DEPT OF CITYWIDE ADMIN SVCS,2021-08-15T00:00:00.000,MANHATTAN,CUSTODIAN,ACTIVE,43611.00,per Annum,2080,42029.57,726.75,21985.66,1475.69
2025,868,DEPT OF CITYWIDE ADMIN SVCS,2024-01-29T00:00:00.000,MANHATTAN,ADMINISTRATIVE REAL PROPERTY MANAGER,ACTIVE,116982.00,per Annum,1820,112976.78,0,0.00,0.00
2025,868,DEPT OF CITYWIDE ADMIN SVCS,2024-06-03T00:00:00.000,MANHATTAN,SUMMER COLLEGE INTERN,CEASED,18.00,per Hour,252,4536.00,0,0.00,252.00
2025,868,DEPT OF CITYWIDE ADMIN SVCS,2021-08-02T00:00:00.000,MANHATTAN,CONFIDENTIAL STRATEGY PLANNER,ACTIVE,90680.00,per Annum,1820,89828.42,0,0.00,0.00
2025,868,DEPT OF CITYWIDE ADMIN SVCS,2021-08-09T00:00:00.000,QUEENS,CITY CUSTODIAL ASSISTANT,ACTIVE,42898.00,per Annum,2080,41572.87,1148.5,34349.18,1552.15
2025,868,DEPT OF CITYWIDE ADMIN SVCS,2021-08-16T00:00:00.000,BROOKLYN,CITY CUSTODIAL ASSISTANT,ACTIVE,42898.00,per Annum,2080,43867.78,148.75,4728.86,0.00
2025,868,DEPT OF CITYWIDE ADMIN SVCS,2021-09-27T00:00:00.000,MANHATTAN,EXECUTIVE AGENCY COUNSEL,ACTIVE,121491.00,per Annum,1820,117331.29,0,0.00,-3000.00
2025,868,DEPT OF CITYWIDE ADMIN SVCS,2021-12-05T00:00:00.000,BROOKLYN,CITY CUSTODIAL ASSISTANT,ACTIVE,42898.00,per Annum,2080,41570.88,0,0.00,0.00
2025,868,DEPT OF CITYWIDE ADMIN SVCS,2022-01-18T00:00:00.000,MANHATTAN,ARCHITECT,ACTIVE,120428.00,per Annum,1820,116707.03,0,0.00,419.75
2025,868,DEPT OF CITYWIDE ADMIN SVCS,2023-07-17T00:00:00.000,BROOKLYN,CHAUFFEUR-ATTENDANT,ACTIVE,63811.00,per Annum,2080,61625.80,866.5,38470.85,377.38
2025,868,DEPT OF CITYWIDE ADMIN SVCS,2023-01-30T00:00:00.000,BRONX,CITY CUSTODIAL ASSISTANT,ACTIVE,42898.00,per Annum,1777.15,28569.68,0,0.00,-21.34
2025,868,DEPT OF CITYWIDE ADMIN SVCS,2023-06-05T00:00:00.000,MANHATTAN,COMMUNITY COORDINATOR,ACTIVE,72298.00,per Annum,1820,70064.11,0,0.00,0.00
2025,868,DEPT OF CITYWIDE ADMIN SVCS,2022-07-18T00:00:00.000,MANHATTAN,COMMUNITY COORDINATOR,ACTIVE,72298.00,per Annum,1820,69249.16,174.75,6710.85,45.56
2025,868,DEPT OF CITYWIDE ADMIN SVCS,2022-07-18T00:00:00.000,MANHATTAN,CYBER SECURITY ANALYST,ACTIVE,80670.00,per Annum,1820,78177.98,117.5,6280.16,0.00
2025,868,DEPT OF CITYWIDE ADMIN SVCS,2022-07-25T00:00:00.000,BRONX,CITY CUSTODIAL ASSISTANT,ON LEAVE,42898.00,per Annum,552,2118.64,0,0.00,1.70
2025,868,DEPT OF CITYWIDE ADMIN SVCS,2022-08-01T00:00:00.000,MANHATTAN,ASSOCIATE PROJECT MANAGER,ACTIVE,120428.00,per Annum,1820,115361.40,0,0.00,190.19
2025,868,DEPT OF CITYWIDE ADMIN SVCS,2022-08-15T00:00:00.000,MANHATTAN,NEW YORK CITY FELLOW,CEASED,36.21,per Hour,385,13940.85,0,0.00,0.00
2025,868,DEPT OF CITYWIDE ADMIN SVCS,2022-09-06T00:00:00.000,MANHATTAN,ASSISTANT COMMISSIONER,ACTIVE,197163.00,per Annum,1820,190412.44,0,0.00,0.00
2025,868,DEPT OF CITYWIDE ADMIN SVCS,2022-09-26T00:00:00.000,MANHATTAN,CONFIDENTIAL STRATEGY PLANNER,ACTIVE,90680.00,per Annum,1820,88047.89,0,0.00,0.00
2025,868,DEPT OF CITYWIDE ADMIN SVCS,2023-03-13T00:00:00.000,MANHATTAN,COMMUNITY COORDINATOR,ACTIVE,72298.00,per Annum,1820,68723.09,0,0.00,16.50
2025,868,DEPT OF CITYWIDE ADMIN SVCS,2025-06-02T00:00:00.000,MANHATTAN,STAFF ANALYST TRAINEE,ACTIVE,47441.00,per Annum,70,1819.65,0,0.00,0.00
2025,868,DEPT OF CITYWIDE ADMIN SVCS,2022-10-24T00:00:00.000,MANHATTAN,ADMINISTRATIVE CONSTRUCTION PROJECT MANAGER,ACTIVE,109538.00,per Annum,1820,105787.54,0,0.00,0.00
2025,868,DEPT OF CITYWIDE ADMIN SVCS,2023-04-24T00:00:00.000,MANHATTAN,CITY CUSTODIAL ASSISTANT,ACTIVE,42898.00,per Annum,2080,37722.79,284.75,8025.06,0.00
2025,868,DEPT OF CITYWIDE ADMIN SVCS,2022-11-29T00:00:00.000,MANHATTAN,COLLEGE AIDE,ACTIVE,18.50,per Hour,1031.5,17700.30,0,0.00,0.00
2025,868,DEPT OF CITYWIDE ADMIN SVCS,2023-01-17T00:00:00.000,BROOKLYN,CARPENTER,ACTIVE,398.86,per Day,1820,102507.02,498,41054.19,797.72
2025,868,DEPT OF CITYWIDE ADMIN SVCS,2023-03-13T00:00:00.000,MANHATTAN,CITY RESEARCH SCIENTIST,CEASED,93479.00,per Annum,1034.5,49907.84,0,0.00,147.18
2025,868,DEPT OF CITYWIDE ADMIN SVCS,2023-03-13T00:00:00.000,MANHATTAN,EXECUTIVE AGENCY COUNSEL,CEASED,148526.00,per Annum,1051,84966.22,0,0.00,0.00
2025,868,DEPT OF CITYWIDE ADMIN SVCS,2023-08-14T00:00:00.000,QUEENS,CITY CUSTODIAL ASSISTANT,ACTIVE,39970.00,per Annum,2080,38735.16,318.75,8871.73,404.08
2025,868,DEPT OF CITYWIDE ADMIN SVCS,2023-04-24T00:00:00.000,MANHATTAN,ADMINISTRATIVE SPACE ANALYST,ACTIVE,190618.00,per Annum,1820,184091.51,0,0.00,0.00
2025,868,DEPT OF CITYWIDE ADMIN SVCS,2023-04-24T00:00:00.000,BROOKLYN,CITY CUSTODIAL ASSISTANT,ACTIVE,42898.00,per Annum,2080,38810.15,69,1922.13,24.75
2025,868,DEPT OF CITYWIDE ADMIN SVCS,2023-05-08T00:00:00.000,MANHATTAN,RESEARCH PROJECTS COORD,ACTIVE,86662.00,per Annum,1820,83694.71,0,0.00,0.00
2025,868,DEPT OF CITYWIDE ADMIN SVCS,2023-06-05T00:00:00.000,MANHATTAN,CITY RESEARCH SCIENTIST,ACTIVE,100904.00,per Annum,1820,65076.89,0,0.00,131.59
2025,868,DEPT OF CITYWIDE ADMIN SVCS,2025-05-18T00:00:00.000,MANHATTAN,SPECIAL OFFICER,ACTIVE,40393.00,per Annum,160,3098.64,0,0.00,0.00
2025,868,DEPT OF CITYWIDE ADMIN SVCS,2023-06-20T00:00:00.000,BRONX,CITY CUSTODIAL ASSISTANT,CEASED,38712.00,per Annum,560,10305.78,0,0.00,0.00
2025,868,DEPT OF CITYWIDE ADMIN SVCS,2023-07-03T00:00:00.000,MANHATTAN,STATIONARY ENGINEER,CEASED,591.20,per Day,1560,111052.71,24,3829.00,27268.50
2025,868,DEPT OF CITYWIDE ADMIN SVCS,2023-07-05T00:00:00.000,MANHATTAN,CITY CHIEF DECARBONIZATION OFFICER,ACTIVE,261469.00,per Annum,1820,226991.31,0,0.00,0.00
2025,868,DEPT OF CITYWIDE ADMIN SVCS,2023-07-17T00:00:00.000,MANHATTAN,COMMUNITY COORDINATOR,ACTIVE,79761.00,per Annum,1687,74448.08,49.25,2171.09,33.00
2025,868,DEPT OF CITYWIDE ADMIN SVCS,2023-07-31T00:00:00.000,MANHATTAN,COMMUNITY COORDINATOR,ACTIVE,72298.00,per Annum,1820,70064.11,0,0.00,0.00
2025,868,DEPT OF CITYWIDE ADMIN SVCS,2023-08-14T00:00:00.000,MANHATTAN,NEW YORK CITY FELLOW,CEASED,31.19,per Hour,1049.87,32745.34,0,0.00,0.00
2025,868,DEPT OF CITYWIDE ADMIN SVCS,2023-09-05T00:00:00.000,MANHATTAN,NEW YORK CITY URBAN FELLOW,CEASED,25.80,per Hour,357,9210.60,0,0.00,0.00
2025,868,DEPT OF CITYWIDE ADMIN SVCS,2023-09-05T00:00:00.000,MANHATTAN,NEW YORK CITY URBAN FELLOW,CEASED,25.80,per Hour,28,722.40,0,0.00,0.00
2025,868,DEPT OF CITYWIDE ADMIN SVCS,2023-09-05T00:00:00.000,MANHATTAN,NEW YORK CITY URBAN FELLOW,CEASED,25.80,per Hour,417.2,10763.76,0,0.00,0.00
2025,868,DEPT OF CITYWIDE ADMIN SVCS,2023-09-25T00:00:00.000,MANHATTAN,COMMUNITY COORDINATOR,ACTIVE,62868.00,per Annum,1820,60925.55,0,0.00,0.00
2025,868,DEPT OF CITYWIDE ADMIN SVCS,2023-10-02T00:00:00.000,MANHATTAN,YOUTH APPRENTICE,ACTIVE,16.75,per Hour,610.77,10264.53,0,0.00,0.00
2025,868,DEPT OF CITYWIDE ADMIN SVCS,2024-10-21T00:00:00.000,MANHATTAN,MAYORAL PROGRAM COORDINATOR,ACTIVE,66080.00,per Annum,1844,62129.65,0,0.00,0.00
2025,868,DEPT OF CITYWIDE ADMIN SVCS,2023-11-06T00:00:00.000,MANHATTAN,COLLEGE AIDE,CEASED,17.00,per Hour,570.5,9698.50,0,0.00,0.00
2025,868,DEPT OF CITYWIDE ADMIN SVCS,2025-03-24T00:00:00.000,MANHATTAN,ELECTRICIAN,CEASED,480.97,per Day,921.67,62325.16,588,59687.14,0.00
2025,868,DEPT OF CITYWIDE ADMIN SVCS,2024-01-02T00:00:00.000,MANHATTAN,MAYORAL PROGRAM COORDINATOR,ACTIVE,32.47,per Hour,1191.93,37486.30,0,0.00,0.00
2025,868,DEPT OF CITYWIDE ADMIN SVCS,2024-01-16T00:00:00.000,MANHATTAN,ADMINISTRATIVE SUPERVISOR OF BUILDING MAINTENANCE,CEASED,116390.00,per Annum,1015,62936.57,0,0.00,0.00
2025,868,DEPT OF CITYWIDE ADMIN SVCS,2024-01-29T00:00:00.000,MANHATTAN,SPECIAL OFFICER,CEASED,39216.00,per Annum,832,15244.84,195.25,5360.96,3014.51
2025,868,DEPT OF CITYWIDE ADMIN SVCS,2025-03-10T00:00:00.000,MANHATTAN,COMMUNITY COORDINATOR,ACTIVE,82600.00,per Annum,490,21621.90,0,0.00,0.00
2025,868,DEPT OF CITYWIDE ADMIN SVCS,2024-03-25T00:00:00.000,MANHATTAN,COMMUNITY COORDINATOR,ACTIVE,72298.00,per Annum,1820,70064.11,0,0.00,190.25
2025,868,DEPT OF CITYWIDE ADMIN SVCS,2024-04-22T00:00:00.000,MANHATTAN,IT PROJECT SPECIALIST,ACTIVE,106348.00,per Annum,1820,103061.70,0,0.00,0.00
2025,868,DEPT OF CITYWIDE ADMIN SVCS,2024-05-20T00:00:00.000,QUEENS,STOCK WORKER,ACTIVE,41531.00,per Annum,1820,40016.31,28,735.35,0.00
2025,868,DEPT OF CITYWIDE ADMIN SVCS,2024-06-03T00:00:00.000,QUEENS,STOCK WORKER,ACTIVE,41531.00,per Annum,1820,39788.59,20.5,543.24,0.00
2025,868,DEPT OF CITYWIDE ADMIN SVCS,2024-06-03T00:00:00.000,MANHATTAN,RESEARCH PROJECTS COORD,ACTIVE,136290.00,per Annum,1820,131623.45,0,0.00,300.00
2025,868,DEPT OF CITYWIDE ADMIN SVCS,2024-09-03T00:00:00.000,MANHATTAN,NEW YORK CITY URBAN FELLOW,ACTIVE,29.04,per Hour,1253,36387.12,0,0.00,0.00
2025,868,DEPT OF CITYWIDE ADMIN SVCS,2024-09-09T00:00:00.000,MANHATTAN,CITY CUSTODIAL ASSISTANT,ACTIVE,39970.00,per Annum,1600,29756.46,351,9773.05,577.05
2025,868,DEPT OF CITYWIDE ADMIN SVCS,2024-09-23T00:00:00.000,MANHATTAN,TESTS AND MEASUREMENT SPECIALIST,ACTIVE,70011.00,per Annum,1330,49678.95,0,0.00,0.00
2025,868,DEPT OF CITYWIDE ADMIN SVCS,2024-10-28T00:00:00.000,MANHATTAN,YOUTH APPRENTICE,ACTIVE,16.50,per Hour,384,6286.04,0,0.00,0.00
2025,868,DEPT OF CITYWIDE ADMIN SVCS,2024-12-16T00:00:00.000,MANHATTAN,COLLEGE AIDE,ACTIVE,19.50,per Hour,548.25,10652.40,0,0.00,0.00
2025,868,DEPT OF CITYWIDE ADMIN SVCS,2025-01-27T00:00:00.000,BROOKLYN,CITY CUSTODIAL ASSISTANT,ACTIVE,39970.00,per Annum,800,14736.38,28.25,796.26,8.25
2025,868,DEPT OF CITYWIDE ADMIN SVCS,2025-01-27T00:00:00.000,QUEENS,CITY CUSTODIAL ASSISTANT,ACTIVE,39970.00,per Annum,800,14898.78,101.75,2827.26,0.00
2025,868,DEPT OF CITYWIDE ADMIN SVCS,2025-04-21T00:00:00.000,MANHATTAN,NEW YORK CITY PUBLIC SERVICE FELLOW,ACTIVE,48956.00,per Annum,280,6365.29,0,0.00,0.00
2025,868,DEPT OF CITYWIDE ADMIN SVCS,2025-05-19T00:00:00.000,MANHATTAN,SPECIAL OFFICER,ACTIVE,40393.00,per Annum,160,3098.64,0,0.00,0.00
2025,868,DEPT OF CITYWIDE ADMIN SVCS,2025-06-02T00:00:00.000,MANHATTAN,HIGH PRESSURE PLANT TENDER,ACTIVE,320.80,per Day,80,3208.00,0,0.00,5.52
2025,868,DEPT OF CITYWIDE ADMIN SVCS,2001-04-01T00:00:00.000,QUEENS,COMMUNITY ASSOCIATE,ACTIVE,61351.00,per Annum,1820,59433.26,264.5,10139.93,2114.36
2025,868,DEPT OF CITYWIDE ADMIN SVCS,2015-11-02T00:00:00.000,BROOKLYN,PLASTERER,ACTIVE,392.70,per Day,1820,100999.28,1080.5,96716.22,271.65
2025,868,DEPT OF CITYWIDE ADMIN SVCS,2017-10-16T00:00:00.000,MANHATTAN,CLERICAL ASSOCIATE MOST MAYORAL AG,ACTIVE,48632.00,per Annum,1820,47216.63,42.75,1147.25,85.72
2025,868,DEPT OF CITYWIDE ADMIN SVCS,2017-08-14T00:00:00.000,BROOKLYN,CARPENTER,ACTIVE,398.86,per Day,1820,103703.60,377,32257.81,1823.36
2025,868,DEPT OF CITYWIDE ADMIN SVCS,2023-06-20T00:00:00.000,MANHATTAN,ADMINISTRATIVE REAL PROPERTY MANAGER,ACTIVE,111665.00,per Annum,1820,107841.58,0,0.00,0.00
2025,868,DEPT OF CITYWIDE ADMIN SVCS,2007-12-31T00:00:00.000,MANHATTAN,ELEVATOR MECHANIC,ACTIVE,516.80,per Day,2080,126651.20,693.5,64863.17,2192.04
2025,868,DEPT OF CITYWIDE ADMIN SVCS,2021-09-27T00:00:00.000,BRONX,STATIONARY ENGINEER,ACTIVE,591.20,per Day,2080,149477.76,912,102480.65,29904.25
2025,868,DEPT OF CITYWIDE ADMIN SVCS,2008-02-18T00:00:00.000,MANHATTAN,CLERICAL ASSOCIATE MOST MAYORAL AG,ACTIVE,68895.00,per Annum,1820,66765.95,0,0.00,4898.92
2025,868,DEPT OF CITYWIDE ADMIN SVCS,2014-09-08T00:00:00.000,MANHATTAN,ADMINISTRATIVE STAFF ANALYST,ACTIVE,124923.00,per Annum,1820,123732.38,85.5,7413.09,2690.06
2025,868,DEPT OF CITYWIDE ADMIN SVCS,2001-04-15T00:00:00.000,MANHATTAN,PRINCIPAL ADMINISTRATIVE ASSOCIATE -  NON SUPVR,ACTIVE,78853.00,per Annum,1820,77481.30,0,0.00,4706.33
2025,868,DEPT OF CITYWIDE ADMIN SVCS,2002-10-06T00:00:00.000,MANHATTAN,CUSTODIAN,ACTIVE,43611.00,per Annum,2080,42029.57,111.75,3355.53,1077.32
2025,868,DEPT OF CITYWIDE ADMIN SVCS,2001-04-01T00:00:00.000,QUEENS,MAINTENANCE WORKER,ACTIVE,280.48,per Day,2080,75242.60,575,32416.47,463.76
2025,868,DEPT OF CITYWIDE ADMIN SVCS,2001-04-01T00:00:00.000,BROOKLYN,STATIONARY ENGINEER,ACTIVE,591.20,per Day,2080,149477.76,895,99439.45,36057.39
2025,868,DEPT OF CITYWIDE ADMIN SVCS,2001-04-08T00:00:00.000,BRONX,CITY CUSTODIAL ASSISTANT,ACTIVE,43096.00,per Annum,2080,41741.82,17,563.65,6095.41
2025,868,DEPT OF CITYWIDE ADMIN SVCS,2001-05-09T00:00:00.000,BROOKLYN,CITY CUSTODIAL ASSISTANT,ACTIVE,43096.00,per Annum,2080,41741.82,546.5,18125.55,4426.27
2025,868,DEPT OF CITYWIDE ADMIN SVCS,2001-05-09T00:00:00.000,MANHATTAN,CITY CUSTODIAL ASSISTANT,ACTIVE,43096.00,per Annum,2080,41741.82,876,29958.08,6455.32
2025,868,DEPT OF CITYWIDE ADMIN SVCS,2003-01-05T00:00:00.000,MANHATTAN,CITY CUSTODIAL ASSISTANT,ACTIVE,43079.00,per Annum,2080,41725.90,359.5,11941.26,4567.10
2025,868,DEPT OF CITYWIDE ADMIN SVCS,2024-09-23T00:00:00.000,MANHATTAN,PRINCIPAL ADMINISTRATIVE ASSOCIATE -  NON SUPVR,ACTIVE,68672.00,per Annum,1330,49596.51,0,0.00,1348.60
2025,868,DEPT OF CITYWIDE ADMIN SVCS,2001-10-28T00:00:00.000,MANHATTAN,ADMINISTRATIVE STAFF ANALYST,ON SEPARATION LEAVE,193724.00,per Annum,1820,191892.49,0,0.00,1829.68
2025,868,DEPT OF CITYWIDE ADMIN SVCS,2017-07-24T00:00:00.000,MANHATTAN,ADMINISTRATIVE INVESTIGATOR,ACTIVE,111736.00,per Annum,1820,107910.46,0,0.00,0.00
2025,868,DEPT OF CITYWIDE ADMIN SVCS,2002-04-07T00:00:00.000,MANHATTAN,CUSTODIAN,ACTIVE,58367.00,per Annum,2080,56232.83,568.5,23236.61,2780.24
2025,868,DEPT OF CITYWIDE ADMIN SVCS,2002-04-07T00:00:00.000,MANHATTAN,CUSTODIAN,ACTIVE,43716.00,per Annum,2080,42113.78,22.25,678.99,745.34
2025,868,DEPT OF CITYWIDE ADMIN SVCS,2002-06-02T00:00:00.000,MANHATTAN,ELEVATOR MECHANIC,ACTIVE,516.80,per Day,2080,126651.20,544.5,51033.42,1217.80
2025,868,DEPT OF CITYWIDE ADMIN SVCS,2021-12-20T00:00:00.000,MANHATTAN,ADMINISTRATIVE STAFF ANALYST,ACTIVE,151070.00,per Annum,1820,155985.04,0,0.00,0.00
2025,868,DEPT OF CITYWIDE ADMIN SVCS,2002-08-11T00:00:00.000,MANHATTAN,PRINCIPAL ADMINISTRATIVE ASSOCIATE -  NON SUPVR,ACTIVE,66855.00,per Annum,1820,65690.08,0,0.00,2258.05
2025,868,DEPT OF CITYWIDE ADMIN SVCS,2002-08-18T00:00:00.000,BRONX,CITY CUSTODIAL ASSISTANT,ACTIVE,43027.00,per Annum,2080,41674.76,36.75,1250.93,5975.12
2025,868,DEPT OF CITYWIDE ADMIN SVCS,2014-05-12T00:00:00.000,MANHATTAN,SUPERVISING SPECIAL OFFICER,ACTIVE,83158.00,per Annum,1989.73,57664.50,214,10096.05,4498.77
2025,868,DEPT OF CITYWIDE ADMIN SVCS,2009-08-03T00:00:00.000,MANHATTAN,PLUMBER,ACTIVE,434.98,per Day,1820,112676.69,462.75,57298.27,3231.28
2025,868,DEPT OF CITYWIDE ADMIN SVCS,2013-11-18T00:00:00.000,BRONX,CUSTODIAN,CEASED,41108.00,per Annum,160,3148.88,183.25,5411.56,6889.85
2025,868,DEPT OF CITYWIDE ADMIN SVCS,2003-12-08T00:00:00.000,QUEENS,SUPERVISOR OF STOCK WORKERS,ACTIVE,59434.00,per Annum,1820,57261.32,267,10627.49,641.70
2025,868,DEPT OF CITYWIDE ADMIN SVCS,2011-06-27T00:00:00.000,BRONX,CLERICAL ASSOCIATE MOST MAYORAL AG,CEASED,46090.00,per Annum,163,4189.70,0,0.00,516.32
2025,868,DEPT OF CITYWIDE ADMIN SVCS,2018-12-24T00:00:00.000,BROOKLYN,CUSTODIAN,ACTIVE,44078.00,per Annum,2080,42548.68,661.25,20244.64,24.75
2025,868,DEPT OF CITYWIDE ADMIN SVCS,2006-04-24T00:00:00.000,MANHATTAN,CLERICAL ASSOCIATE MOST MAYORAL AG,ACTIVE,68356.00,per Annum,1820,66221.43,0,0.00,7005.23
2025,868,DEPT OF CITYWIDE ADMIN SVCS,2005-02-06T00:00:00.000,MANHATTAN,MAINTENANCE WORKER,ACTIVE,280.48,per Day,2080,71767.98,1248.5,64649.64,5188.54
2025,868,DEPT OF CITYWIDE ADMIN SVCS,2005-03-13T00:00:00.000,RICHMOND,CUSTODIAN,ACTIVE,63857.00,per Annum,2080,51773.53,0,0.00,419.79
2025,868,DEPT OF CITYWIDE ADMIN SVCS,2012-01-22T00:00:00.000,MANHATTAN,ADM MANAGER-NON-MGRL,ACTIVE,139178.00,per Annum,1820,136767.97,0,0.00,3372.58
2025,868,DEPT OF CITYWIDE ADMIN SVCS,2005-03-27T00:00:00.000,BROOKLYN,STATIONARY ENGINEER,ACTIVE,591.20,per Day,2080,149477.76,590,62638.74,19946.64
2025,868,DEPT OF CITYWIDE ADMIN SVCS,2019-06-24T00:00:00.000,MANHATTAN,ADMINISTRATIVE SPACE ANALYST,ACTIVE,120471.00,per Annum,1820,116749.01,142,11125.14,1065.98
2025,868,DEPT OF CITYWIDE ADMIN SVCS,2025-01-13T00:00:00.000,BROOKLYN,CITY CUSTODIAL ASSISTANT,ACTIVE,39970.00,per Annum,880,16214.11,0,0.00,468.66
2025,868,DEPT OF CITYWIDE ADMIN SVCS,2020-01-06T00:00:00.000,MANHATTAN,STAFF ANALYST,ACTIVE,69631.00,per Annum,1820,68977.07,58.75,2725.01,259.17
2025,868,DEPT OF CITYWIDE ADMIN SVCS,2017-08-21T00:00:00.000,MANHATTAN,ARCHITECT,ACTIVE,112554.00,per Annum,1820,109078.89,0,0.00,4010.27
2025,868,DEPT OF CITYWIDE ADMIN SVCS,2005-07-24T00:00:00.000,MANHATTAN,ADMIN TESTS & MEAS SPEC,ACTIVE,162761.00,per Annum,1820,157188.43,0,0.00,0.00
2025,868,DEPT OF CITYWIDE ADMIN SVCS,2015-08-10T00:00:00.000,MANHATTAN,ADMIN COMMUNITY RELATIONS SPECIALIST,ACTIVE,99955.00,per Annum,1820,99012.90,0,0.00,556.88
2025,868,DEPT OF CITYWIDE ADMIN SVCS,2005-12-19T00:00:00.000,QUEENS,CUSTODIAN,ACTIVE,43675.00,per Annum,2080,42073.95,0,0.00,498.63
2025,868,DEPT OF CITYWIDE ADMIN SVCS,2005-12-22T00:00:00.000,MANHATTAN,SUPERVISOR OF RADIO AND TELEVISION OPERATORS,ACTIVE,106348.00,per Annum,1820,96322.53,184,11986.45,8584.17
2025,868,DEPT OF CITYWIDE ADMIN SVCS,2010-02-01T00:00:00.000,MANHATTAN,STEAM FITTER'S HELPER,ACTIVE,352.87,per Day,1820,103214.73,754.5,85703.87,8752.41
2025,868,DEPT OF CITYWIDE ADMIN SVCS,2005-05-31T00:00:00.000,MANHATTAN,CUSTODIAN,ACTIVE,43675.00,per Annum,2080,42073.95,0,0.00,1718.18
2025,868,DEPT OF CITYWIDE ADMIN SVCS,1996-06-23T00:00:00.000,QUEENS,HIGH PRESSURE PLANT TENDER,CEASED,358.16,per Day,0,7665.53,0,376.92,3869.43
2025,868,DEPT OF CITYWIDE ADMIN SVCS,2003-07-17T00:00:00.000,MANHATTAN,SPECIAL EXAMINER,ACTIVE,32.32,per Hour,732.5,22927.25,0,0.00,1324.70
2025,868,DEPT OF CITYWIDE ADMIN SVCS,2023-10-10T00:00:00.000,MANHATTAN,CLERICAL ASSOCIATE MOST MAYORAL AG,CEASED,67018.00,per Annum,1820,59002.27,0,0.00,6365.91
2025,868,DEPT OF CITYWIDE ADMIN SVCS,2017-08-06T00:00:00.000,BRONX,COMMUNITY ASSOCIATE,ACTIVE,62418.00,per Annum,1820,60489.41,287,10659.60,707.66
2025,868,DEPT OF CITYWIDE ADMIN SVCS,1996-06-23T00:00:00.000,MANHATTAN,CONFIDENTIAL STRATEGY PLANNER,ACTIVE,90737.00,per Annum,1820,89879.53,0,0.00,5265.72
2025,868,DEPT OF CITYWIDE ADMIN SVCS,1996-06-23T00:00:00.000,MANHATTAN,LANDSCAPE ARCHITECT,ACTIVE,125229.00,per Annum,1820,121367.79,0,0.00,8666.31
2025,868,DEPT OF CITYWIDE ADMIN SVCS,2015-07-27T00:00:00.000,MANHATTAN,ADMINISTRATIVE STAFF ANALYST,CEASED,138523.00,per Annum,490,36265.06,0,0.00,246.24
2025,868,DEPT OF CITYWIDE ADMIN SVCS,2017-09-18T00:00:00.000,MANHATTAN,COMPUTER SYSTEMS MANAGER,ACTIVE,174770.00,per Annum,1820,168907.48,0,0.00,0.00
2025,868,DEPT OF CITYWIDE ADMIN SVCS,2016-06-13T00:00:00.000,MANHATTAN,CITY CUSTODIAL ASSISTANT,ACTIVE,42898.00,per Annum,2080,42070.64,153.75,4775.28,4293.37
2025,868,DEPT OF CITYWIDE ADMIN SVCS,1996-06-23T00:00:00.000,MANHATTAN,ADM MANAGER-NON-MGRL,ACTIVE,96953.00,per Annum,1820,98561.00,0,0.00,3313.97
2025,868,DEPT OF CITYWIDE ADMIN SVCS,1996-06-23T00:00:00.000,MANHATTAN,SECRETARY,ACTIVE,58739.00,per Annum,1820,56901.82,0,0.00,5696.52
2025,868,DEPT OF CITYWIDE ADMIN SVCS,2008-08-18T00:00:00.000,QUEENS,CUSTODIAN,ACTIVE,43642.00,per Annum,2080,42042.21,777.75,23987.49,915.35
2025,868,DEPT OF CITYWIDE ADMIN SVCS,1993-02-28T00:00:00.000,BROOKLYN,CHAUFFEUR-ATTENDANT,ACTIVE,89906.00,per Annum,2080,86827.63,331.25,20721.15,187.66
2025,868,DEPT OF CITYWIDE ADMIN SVCS,2007-09-16T00:00:00.000,MANHATTAN,ADM MANAGER-NON-MGRL,ACTIVE,85968.00,per Annum,1820,84439.66,21.75,1085.18,3145.84
2025,868,DEPT OF CITYWIDE ADMIN SVCS,1996-06-23T00:00:00.000,MANHATTAN,ADMINISTRATIVE BUSINESS PROMOTION COORDINATOR,ACTIVE,135719.00,per Annum,1820,131526.18,0,0.00,251.78
2025,868,DEPT OF CITYWIDE ADMIN SVCS,2019-03-03T00:00:00.000,RICHMOND,COMMUNITY ASSOCIATE,ACTIVE,59978.00,per Annum,1820,58102.63,136.25,5037.40,1497.01
2025,868,DEPT OF CITYWIDE ADMIN SVCS,2024-09-23T00:00:00.000,MANHATTAN,COMPUTER SPECIALIST,ACTIVE,102405.00,per Annum,1330,72457.16,0,0.00,0.00
2025,868,DEPT OF CITYWIDE ADMIN SVCS,1996-06-23T00:00:00.000,MANHATTAN,ADMINISTRATIVE STAFF ANALYST,ACTIVE,149924.00,per Annum,1820,149496.43,0,0.00,404.12
2025,868,DEPT OF CITYWIDE ADMIN SVCS,1996-06-23T00:00:00.000,QUEENS,SENIOR STATIONARY ENGINEER,ACTIVE,701.68,per Day,2080,177404.73,451.75,57714.17,0.00
2025,868,DEPT OF CITYWIDE ADMIN SVCS,1996-06-23T00:00:00.000,MANHATTAN,COMMUNITY ASSISTANT,CEASED,44396.00,per Annum,1798.5,42478.45,0,0.00,1502.87
2025,868,DEPT OF CITYWIDE ADMIN SVCS,2007-09-17T00:00:00.000,BROOKLYN,COMMUNITY ASSISTANT,ACTIVE,43511.00,per Annum,1820,42144.08,462.75,14419.83,1533.29
2025,868,DEPT OF CITYWIDE ADMIN SVCS,1996-06-23T00:00:00.000,MANHATTAN,COMMUNITY ASSOCIATE,ACTIVE,68509.00,per Annum,1820,63535.31,0,0.00,1433.38
2025,826,DEPT OF ENVIRONMENT PROTECTION,2023-07-03T00:00:00.000,WESTCHESTER,WATERSHED MAINTAINER,CEASED,44838.00,per Annum,48,171.14,0,0.00,0.00
2025,826,DEPT OF ENVIRONMENT PROTECTION,2023-06-26T00:00:00.000,BROOKLYN,APPRENTICE,ACTIVE,67526.00,per Annum,2080,52554.97,83.75,3289.95,1570.17
2025,826,DEPT OF ENVIRONMENT PROTECTION,2023-05-22T00:00:00.000,QUEENS,CLERICAL ASSOCIATE MOST MAYORAL AG,ACTIVE,53479.00,per Annum,1820,52426.93,0,0.00,0.00
2025,826,DEPT OF ENVIRONMENT PROTECTION,2023-06-12T00:00:00.000,BRONX,WATER USE INSPECTOR,ACTIVE,43012.00,per Annum,1820,39713.35,453.5,13329.45,496.13
2025,826,DEPT OF ENVIRONMENT PROTECTION,2023-06-12T00:00:00.000,BROOKLYN,CITY PARK WORKER,ACTIVE,46395.00,per Annum,2080,39208.36,108.75,3077.18,12.32
2025,826,DEPT OF ENVIRONMENT PROTECTION,2023-05-22T00:00:00.000,RICHMOND,WATERSHED MAINTAINER,ACTIVE,56945.00,per Annum,2080,48403.01,268,9554.29,5912.57
2025,826,DEPT OF ENVIRONMENT PROTECTION,2023-05-08T00:00:00.000,QUEENS,ASSOCIATE CHEMIST,ACTIVE,70727.00,per Annum,1820,69577.39,561,27718.00,4679.07
2025,826,DEPT OF ENVIRONMENT PROTECTION,2023-03-27T00:00:00.000,MANHATTAN,CONSTRUCTION LABORER,ACTIVE,409.36,per Day,2080,59832.26,193,7561.28,6278.92
2025,826,DEPT OF ENVIRONMENT PROTECTION,2023-03-06T00:00:00.000,QUEENS,ASSISTANT MECHANICAL ENGINEER,ACTIVE,76279.00,per Annum,1820,73922.40,0,0.00,190.19
2025,826,DEPT OF ENVIRONMENT PROTECTION,2023-08-21T00:00:00.000,QUEENS,NEW YORK CITY PUBLIC SERVICE FELLOW,ACTIVE,48956.00,per Annum,1820,47279.83,3.5,90.83,0.00
2025,826,DEPT OF ENVIRONMENT PROTECTION,2023-02-13T00:00:00.000,QUEENS,CITY RESEARCH SCIENTIST,ACTIVE,81991.00,per Annum,1820,79457.58,0,0.00,190.19
2025,826,DEPT OF ENVIRONMENT PROTECTION,2023-02-13T00:00:00.000,QUEENS,PLUMBER,ACTIVE,434.98,per Day,1820,112712.89,54.5,6773.26,0.00
2025,826,DEPT OF ENVIRONMENT PROTECTION,2023-02-13T00:00:00.000,BRONX,APPRENTICE,ACTIVE,67521.00,per Annum,2080,58651.00,112,4837.96,940.11
2025,826,DEPT OF ENVIRONMENT PROTECTION,2023-01-30T00:00:00.000,QUEENS,MECHANICAL ENGINEERING INTERN,CEASED,66703.00,per Annum,1276,46741.18,0,0.00,133.21
2025,826,DEPT OF ENVIRONMENT PROTECTION,2022-10-24T00:00:00.000,QUEENS,CLERICAL ASSOCIATE MOST MAYORAL AG,ACTIVE,29.27,per Hour,1736,45459.84,372.25,12188.16,2225.78
2025,826,DEPT OF ENVIRONMENT PROTECTION,2022-09-12T00:00:00.000,QUEENS,CITY SEASONAL AIDE,ACTIVE,19.14,per Hour,1664.63,30929.86,0,0.00,1431.78
2025,826,DEPT OF ENVIRONMENT PROTECTION,2022-08-29T00:00:00.000,BROOKLYN,SEWAGE TREATMENT WORKER,ACTIVE,404.96,per Day,2096,97236.73,155.5,11826.21,7559.74
2025,826,DEPT OF ENVIRONMENT PROTECTION,2022-06-21T00:00:00.000,QUEENS,COMMUNITY COORDINATOR,ACTIVE,72298.00,per Annum,1820,70064.11,0,0.00,0.00
2025,826,DEPT OF ENVIRONMENT PROTECTION,2022-06-06T00:00:00.000,QUEENS,COLLEGE AIDE,CEASED,16.50,per Hour,41.77,807.38,0,0.00,0.00
2025,826,DEPT OF ENVIRONMENT PROTECTION,2022-06-06T00:00:00.000,QUEENS,CITY SEASONAL AIDE,CEASED,18.54,per Hour,238.98,4449.77,0,0.00,0.00
2025,826,DEPT OF ENVIRONMENT PROTECTION,2022-05-31T00:00:00.000,QUEENS,CONSTRUCTION LABORER,ACTIVE,409.36,per Day,2080,77905.01,162.5,8700.74,9960.85
2025,826,DEPT OF ENVIRONMENT PROTECTION,2023-06-12T00:00:00.000,BROOKLYN,CITY PARK WORKER,ACTIVE,46395.00,per Annum,2080,39097.48,18.75,534.91,8.25
2025,826,DEPT OF ENVIRONMENT PROTECTION,2022-04-18T00:00:00.000,MANHATTAN,SEWAGE TREATMENT WORKER,CEASED,381.76,per Day,-16,-1862.20,-8,-882.57,68.50
2025,826,DEPT OF ENVIRONMENT PROTECTION,2022-04-18T00:00:00.000,QUEENS,SEWAGE TREATMENT WORKER,ACTIVE,404.96,per Day,2080,104525.21,126,8870.54,13606.26
2025,826,DEPT OF ENVIRONMENT PROTECTION,2022-04-04T00:00:00.000,QUEENS,CONSTRUCTION LABORER,ACTIVE,409.36,per Day,2080,63727.43,136.5,6377.67,3882.94
2025,826,DEPT OF ENVIRONMENT PROTECTION,2022-03-28T00:00:00.000,MANHATTAN,MATE,ACTIVE,75365.00,per Annum,2140,65627.96,602.75,33521.68,8971.70
2025,826,DEPT OF ENVIRONMENT PROTECTION,2022-02-07T00:00:00.000,QUEENS,ASSISTANT MECHANICAL ENGINEER,ACTIVE,76279.00,per Annum,1820,73922.40,0,0.00,419.75
2025,826,DEPT OF ENVIRONMENT PROTECTION,2021-12-27T00:00:00.000,QUEENS,CLERICAL ASSOCIATE MOST MAYORAL AG,ACTIVE,53479.00,per Annum,1820,50833.82,0,0.00,0.00
2025,826,DEPT OF ENVIRONMENT PROTECTION,2021-12-06T00:00:00.000,QUEENS,WATER USE INSPECTOR,ACTIVE,59500.00,per Annum,1820,49315.50,807,28618.82,1095.02
2025,826,DEPT OF ENVIRONMENT PROTECTION,2021-08-09T00:00:00.000,ULSTER,WATERSHED MAINTAINER,ACTIVE,63346.00,per Annum,2080,61065.05,1,41.85,0.00
2025,826,DEPT OF ENVIRONMENT PROTECTION,2021-06-07T00:00:00.000,QUEENS,COMMUNITY ASSOCIATE,ACTIVE,24.39,per Hour,1735.18,41077.02,163.75,4415.79,2070.46
2025,826,DEPT OF ENVIRONMENT PROTECTION,2023-02-06T00:00:00.000,BROOKLYN,APPRENTICE,ACTIVE,58711.00,per Annum,2040,43334.54,33.5,1243.88,1804.34
2025,826,DEPT OF ENVIRONMENT PROTECTION,2023-06-26T00:00:00.000,MANHATTAN,ASSOCIATE CHEMIST,ACTIVE,80235.00,per Annum,1820,78098.66,239.75,12316.41,4705.93
2025,826,DEPT OF ENVIRONMENT PROTECTION,2021-03-01T00:00:00.000,MANHATTAN,GEOLOGIST,ACTIVE,76279.00,per Annum,1820,73922.40,0,0.00,618.18
2025,826,DEPT OF ENVIRONMENT PROTECTION,2020-03-23T00:00:00.000,QUEENS,COMMUNITY COORDINATOR,ACTIVE,87900.00,per Annum,1820,85184.20,391.25,15234.13,7980.48
2025,826,DEPT OF ENVIRONMENT PROTECTION,1989-06-26T00:00:00.000,BROOKLYN,CONSTRUCTION LABORER,ACTIVE,409.36,per Day,2080,100224.89,109.25,8130.11,12534.20
2025,826,DEPT OF ENVIRONMENT PROTECTION,1986-06-16T00:00:00.000,QUEENS,ADMINISTRATIVE ENGINEER,CEASED,151469.00,per Annum,0,0.00,0,0.00,151554.74
2025,826,DEPT OF ENVIRONMENT PROTECTION,2021-10-12T00:00:00.000,BROOKLYN,OILER,ACTIVE,555.52,per Day,2080,140623.03,478,48399.10,498.00
2025,826,DEPT OF ENVIRONMENT PROTECTION,1989-02-27T00:00:00.000,QUEENS,ADM MANAGER-NON-MGRL,ACTIVE,79526.00,per Annum,1820,77953.99,0,0.00,1847.49
2025,826,DEPT OF ENVIRONMENT PROTECTION,1989-08-27T00:00:00.000,QUEENS,ADM MANAGER-NON-MGRL,ACTIVE,157703.00,per Annum,1820,154974.38,0,0.00,3313.97
2025,826,DEPT OF ENVIRONMENT PROTECTION,1986-09-08T00:00:00.000,WESTCHESTER,ASSOCIATE PROJECT MANAGER,ACTIVE,131903.00,per Annum,1820,128010.90,53.75,4878.07,10535.26
2025,826,DEPT OF ENVIRONMENT PROTECTION,1986-09-22T00:00:00.000,QUEENS,ADM MANAGER-NON-MGRL,ACTIVE,147885.00,per Annum,1820,145325.41,50.5,4638.41,3373.72
2025,826,DEPT OF ENVIRONMENT PROTECTION,1988-11-07T00:00:00.000,QUEENS,COMPUTER ASSOCIATE,ACTIVE,122410.00,per Annum,1820,118628.09,0,0.00,5961.60
2025,826,DEPT OF ENVIRONMENT PROTECTION,1988-12-19T00:00:00.000,BROOKLYN,SENIOR SEWAGE TREATMENT WORKER,ON SEPARATION LEAVE,446.16,per Day,2080,115159.21,191,13180.84,15771.13
2025,826,DEPT OF ENVIRONMENT PROTECTION,1987-02-17T00:00:00.000,QUEENS,ADM MANAGER-NON-MGRL,ON SEPARATION LEAVE,160852.00,per Annum,1820,158069.07,0,0.00,1847.49
2025,826,DEPT OF ENVIRONMENT PROTECTION,1992-09-08T00:00:00.000,QUEENS,ADMINISTRATIVE STAFF ANALYST,ACTIVE,210410.00,per Annum,1820,203205.86,0,0.00,0.00
2025,826,DEPT OF ENVIRONMENT PROTECTION,2003-03-03T00:00:00.000,QUEENS,ADM MANAGER-NON-MGRL,ACTIVE,124178.00,per Annum,1820,122026.24,0,0.00,3313.97
2025,826,DEPT OF ENVIRONMENT PROTECTION,2024-07-22T00:00:00.000,QUEENS,CITY RESEARCH SCIENTIST,ACTIVE,74536.00,per Annum,1645,63625.65,18.75,791.19,94.72
2025,826,DEPT OF ENVIRONMENT PROTECTION,2024-06-24T00:00:00.000,QUEENS,SUMMER COLLEGE INTERN,CEASED,16.00,per Hour,237.25,3796.00,0,0.00,0.00
2025,826,DEPT OF ENVIRONMENT PROTECTION,2024-06-03T00:00:00.000,MANHATTAN,SUMMER COLLEGE INTERN,CEASED,16.00,per Hour,301,4816.00,0,0.00,224.00
2025,826,DEPT OF ENVIRONMENT PROTECTION,2024-05-28T00:00:00.000,ULSTER,SCIENTIST,ACTIVE,61510.00,per Annum,1820,59603.09,0,0.00,115.50
2025,826,DEPT OF ENVIRONMENT PROTECTION,2024-04-01T00:00:00.000,ULSTER,ENVIRONMENTAL POLICE OFFICER,CEASED,50686.00,per Annum,360,6593.71,0,0.00,291.80
2025,826,DEPT OF ENVIRONMENT PROTECTION,2024-03-25T00:00:00.000,QUEENS,CLERICAL ASSOCIATE MOST MAYORAL AG,ACTIVE,53479.00,per Annum,1820,51827.17,134,4867.87,489.04
2025,826,DEPT OF ENVIRONMENT PROTECTION,2024-03-25T00:00:00.000,QUEENS,COMMUNITY COORDINATOR,ACTIVE,62868.00,per Annum,1820,60925.55,0,0.00,0.00
2025,826,DEPT OF ENVIRONMENT PROTECTION,2024-03-18T00:00:00.000,QUEENS,PROCUREMENT ANALYST,ACTIVE,57370.00,per Annum,1820,54557.38,0,0.00,0.00
2025,826,DEPT OF ENVIRONMENT PROTECTION,2024-01-29T00:00:00.000,QUEENS,STAFF ANALYST TRAINEE,ACTIVE,51232.00,per Annum,1820,48418.23,0,0.00,8.25
2025,826,DEPT OF ENVIRONMENT PROTECTION,2023-12-11T00:00:00.000,WESTCHESTER,SCIENTIST,ACTIVE,61510.00,per Annum,1820,59609.72,0.5,16.30,4.89
2025,826,DEPT OF ENVIRONMENT PROTECTION,2023-12-11T00:00:00.000,WESTCHESTER,COMPUTER SPECIALIST,ACTIVE,114090.00,per Annum,1820,107939.66,0,0.00,0.00
2025,826,DEPT OF ENVIRONMENT PROTECTION,2023-08-28T00:00:00.000,QUEENS,ENVIRONMENTAL ENGINEERING INTERN,ACTIVE,68709.00,per Annum,1820,66585.96,4,148.48,158.90
2025,826,DEPT OF ENVIRONMENT PROTECTION,2023-08-14T00:00:00.000,BROOKLYN,CITY PARK WORKER,ACTIVE,40344.00,per Annum,2152,39097.03,273.75,7706.04,0.00
2025,826,DEPT OF ENVIRONMENT PROTECTION,2023-08-14T00:00:00.000,BROOKLYN,CITY PARK WORKER,ACTIVE,40344.00,per Annum,2029.68,36340.79,26,692.57,753.20
2025,826,DEPT OF ENVIRONMENT PROTECTION,2023-07-24T00:00:00.000,QUEENS,CIVIL ENGINEERING INTERN,ACTIVE,68709.00,per Annum,1680,61377.32,681.75,33167.00,131.27
2025,826,DEPT OF ENVIRONMENT PROTECTION,2009-10-19T00:00:00.000,MANHATTAN,ELECTRICIAN,ACTIVE,480.97,per Day,1820,122448.21,536,54252.28,0.00
2025,826,DEPT OF ENVIRONMENT PROTECTION,2013-11-04T00:00:00.000,QUEENS,ADMINISTRATIVE STAFF ANALYST,ACTIVE,176748.00,per Annum,1820,175076.13,209.25,23556.87,3449.06
2025,826,DEPT OF ENVIRONMENT PROTECTION,2007-02-05T00:00:00.000,QUEENS,ADMINISTRATIVE PROJECT MANAGER,ACTIVE,95081.00,per Annum,1820,92143.20,17.25,877.64,262.69
2025,826,DEPT OF ENVIRONMENT PROTECTION,2009-02-02T00:00:00.000,BROOKLYN,AIR POLLUTION INSPECTOR,ON SEPARATION LEAVE,62477.00,per Annum,1820,60522.69,144.5,6596.47,9437.69
2025,826,DEPT OF ENVIRONMENT PROTECTION,2007-04-16T00:00:00.000,QUEENS,PRINCIPAL ADMINISTRATIVE ASSOCIATE -  NON SUPVR,ACTIVE,79578.00,per Annum,1820,78193.87,357.75,18725.01,1855.74
2025,826,DEPT OF ENVIRONMENT PROTECTION,2007-05-14T00:00:00.000,ULSTER,PROCUREMENT ANALYST,CEASED,75419.00,per Annum,70,2883.80,0,0.00,11.50
2025,826,DEPT OF ENVIRONMENT PROTECTION,2007-06-25T00:00:00.000,BROOKLYN,SENIOR SEWAGE TREATMENT WORKER,ACTIVE,446.16,per Day,2080,115159.21,573.75,46237.99,17311.51
2025,826,DEPT OF ENVIRONMENT PROTECTION,2008-11-24T00:00:00.000,QUEENS,STATIONARY ENGINEER,ACTIVE,583.36,per Day,1960,137089.60,291.5,31665.51,1312.56
2025,826,DEPT OF ENVIRONMENT PROTECTION,2007-09-24T00:00:00.000,RICHMOND,SEWAGE TREATMENT WORKER,ACTIVE,404.96,per Day,2080,104525.21,336.5,24610.83,12732.35
2025,826,DEPT OF ENVIRONMENT PROTECTION,2008-01-07T00:00:00.000,WESTCHESTER,ASSOCIATE PUBLIC HEALTH SANITARIAN,ACTIVE,101509.00,per Annum,2080,98350.72,0,0.00,28245.82
2025,826,DEPT OF ENVIRONMENT PROTECTION,2017-04-24T00:00:00.000,QUEENS,CONSTRUCTION LABORER,ACTIVE,409.36,per Day,1800,70363.27,3,223.02,396.48
2025,826,DEPT OF ENVIRONMENT PROTECTION,2023-12-11T00:00:00.000,SULLIVAN,ADMINISTRATIVE COMMUNITY RELATIONS SPECIALIST,ACTIVE,198721.00,per Annum,1820,191907.96,0,0.00,1000.00
2025,826,DEPT OF ENVIRONMENT PROTECTION,2018-02-05T00:00:00.000,QUEENS,SEWAGE TREATMENT WORKER,ACTIVE,404.96,per Day,2080,104525.21,673,51393.81,20866.37
2025,826,DEPT OF ENVIRONMENT PROTECTION,2008-04-07T00:00:00.000,QUEENS,CITY RESEARCH SCIENTIST,ACTIVE,113347.00,per Annum,1820,109850.22,0,0.00,7879.52
2025,826,DEPT OF ENVIRONMENT PROTECTION,2012-10-09T00:00:00.000,BRONX,SUPERVISOR,ACTIVE,104609.00,per Annum,2080,101309.61,80.5,6087.02,7945.80
2025,826,DEPT OF ENVIRONMENT PROTECTION,2009-08-24T00:00:00.000,RICHMOND,STATIONARY ENGINEER,ACTIVE,583.36,per Day,2080,151673.60,147.5,16366.90,4602.54
2025,826,DEPT OF ENVIRONMENT PROTECTION,2008-07-21T00:00:00.000,QUEENS,ADMINISTRATIVE PROJECT MANAGER,ACTIVE,209933.00,per Annum,1820,202745.18,0,0.00,0.00
2025,826,DEPT OF ENVIRONMENT PROTECTION,2008-07-28T00:00:00.000,BROOKLYN,SUPERVISOR ELECTRICIAN,ACTIVE,518.00,per Day,1820,132145.64,1131.5,123231.81,2586.24
2025,826,DEPT OF ENVIRONMENT PROTECTION,2019-03-04T00:00:00.000,QUEENS,SEWAGE TREATMENT WORKER,ACTIVE,404.96,per Day,2080,104525.21,169,12498.03,15354.23
2025,826,DEPT OF ENVIRONMENT PROTECTION,2009-01-05T00:00:00.000,QUEENS,ASSISTANT CIVIL ENGINEER,ACTIVE,76279.00,per Annum,1820,73922.40,2,89.60,7999.28
2025,826,DEPT OF ENVIRONMENT PROTECTION,2009-09-14T00:00:00.000,WESTCHESTER,ENVIRONMENTAL POLICE OFFICER,ACTIVE,80391.00,per Annum,2340,78235.89,560.75,22364.85,10662.16
2025,826,DEPT OF ENVIRONMENT PROTECTION,2013-12-23T00:00:00.000,BROOKLYN,CONSTRUCTION LABORER,ACTIVE,409.36,per Day,2080,103793.21,176,13490.22,17882.93
2025,826,DEPT OF ENVIRONMENT PROTECTION,2003-04-28T00:00:00.000,QUEENS,CONSTRUCTION LABORER,ACTIVE,409.36,per Day,2080,103793.21,545,40771.30,10340.68
2025,826,DEPT OF ENVIRONMENT PROTECTION,2003-03-10T00:00:00.000,RICHMOND,CONSTRUCTION LABORER,ACTIVE,409.36,per Day,2080,103793.21,642,48144.10,8820.77
2025,826,DEPT OF ENVIRONMENT PROTECTION,2005-07-18T00:00:00.000,QUEENS,COMPUTER SPECIALIST,ACTIVE,109518.00,per Annum,1820,106134.67,0,0.00,5657.12
2025,826,DEPT OF ENVIRONMENT PROTECTION,2016-03-14T00:00:00.000,QUEENS,PRINCIPAL ADMINISTRATIVE ASSOCIATE -  NON SUPVR,ACTIVE,85007.00,per Annum,1820,83529.47,0,0.00,4706.33
2025,826,DEPT OF ENVIRONMENT PROTECTION,2004-12-20T00:00:00.000,WESTCHESTER,COMPUTER SPECIALIST,ACTIVE,114167.00,per Annum,1820,110617.16,0,0.00,6384.72
2025,826,DEPT OF ENVIRONMENT PROTECTION,2008-08-18T00:00:00.000,QUEENS,CITY RESEARCH SCIENTIST,ACTIVE,101003.00,per Annum,1820,97887.91,53.5,4012.65,11125.63
2025,826,DEPT OF ENVIRONMENT PROTECTION,2009-01-25T00:00:00.000,RICHMOND,ADM MANAGER-NON-MGRL,ACTIVE,79496.00,per Annum,1820,78041.49,163.75,7298.71,1453.05
2025,826,DEPT OF ENVIRONMENT PROTECTION,2023-03-06T00:00:00.000,QUEENS,WATERSHED MAINTAINER,ACTIVE,56945.00,per Annum,2080,49920.67,206,7494.60,0.00
2025,826,DEPT OF ENVIRONMENT PROTECTION,2011-02-07T00:00:00.000,BROOKLYN,SENIOR STATIONARY ENGINEER,ACTIVE,671.60,per Day,2080,174616.00,373.25,46603.29,62.96
2025,826,DEPT OF ENVIRONMENT PROTECTION,2014-01-13T00:00:00.000,BROOKLYN,ASSOCIATE CHEMIST,ACTIVE,80438.00,per Annum,1820,77955.41,274,15446.03,8288.06
2025,826,DEPT OF ENVIRONMENT PROTECTION,2007-09-17T00:00:00.000,QUEENS,COMPUTER SPECIALIST,ACTIVE,123284.00,per Annum,1820,119452.33,0,0.00,6350.72
2025,826,DEPT OF ENVIRONMENT PROTECTION,2014-07-07T00:00:00.000,BRONX,SEWAGE TREATMENT WORKER,ACTIVE,404.96,per Day,2080,104525.21,0,0.00,0.00
2025,826,DEPT OF ENVIRONMENT PROTECTION,2008-10-14T00:00:00.000,QUEENS,ADMINISTRATIVE PROJECT MANAGER,ACTIVE,158441.00,per Annum,1820,153546.15,15.25,1282.52,473.14
2025,826,DEPT OF ENVIRONMENT PROTECTION,2004-05-17T00:00:00.000,QUEENS,PRINCIPAL ADMINISTRATIVE ASSOCIATE -  NON SUPVR,ACTIVE,83200.00,per Annum,1820,81753.71,51.75,2376.61,1900.25
2025,826,DEPT OF ENVIRONMENT PROTECTION,2003-12-29T00:00:00.000,QUEENS,ADMINISTRATIVE CITY PLANNER,ACTIVE,151204.00,per Annum,1820,137831.28,0,0.00,331.37
2025,826,DEPT OF ENVIRONMENT PROTECTION,2003-08-18T00:00:00.000,QUEENS,MACHINIST,ACTIVE,403.44,per Day,2080,98915.91,0,0.00,977.86
2025,826,DEPT OF ENVIRONMENT PROTECTION,2003-07-14T00:00:00.000,ULSTER,ASSOCIATE PROJECT MANAGER,ACTIVE,100735.00,per Annum,1820,97630.65,0,0.00,10963.64
2025,826,DEPT OF ENVIRONMENT PROTECTION,2016-01-27T00:00:00.000,QUEENS,PRINCIPAL ADMINISTRATIVE ASSOCIATE -  NON SUPVR,ACTIVE,71858.00,per Annum,1820,70621.19,18.25,763.72,76.37
2025,826,DEPT OF ENVIRONMENT PROTECTION,2005-10-17T00:00:00.000,QUEENS,PRINCIPAL ADMINISTRATIVE ASSOCIATE -  NON SUPVR,ACTIVE,71702.00,per Annum,1820,70453.24,47.5,2048.67,4718.98
2025,826,DEPT OF ENVIRONMENT PROTECTION,2005-11-07T00:00:00.000,QUEENS,ADMINISTRATIVE ENGINEER,ACTIVE,156639.00,per Annum,1820,151275.40,0,0.00,0.00
2025,826,DEPT OF ENVIRONMENT PROTECTION,2023-01-23T00:00:00.000,BROOKLYN,GARDENER,ACTIVE,58015.00,per Annum,2080,51349.61,105.5,3748.26,0.42
2025,826,DEPT OF ENVIRONMENT PROTECTION,2006-05-01T00:00:00.000,QUEENS,MACHINIST'S HELPER,ACTIVE,380.88,per Day,2080,96645.01,26.5,1844.30,469.70
2025,826,DEPT OF ENVIRONMENT PROTECTION,2006-08-14T00:00:00.000,QUEENS,CONSTRUCTION LABORER,ACTIVE,409.36,per Day,1948.57,91233.29,11.5,859.74,1567.58
2025,826,DEPT OF ENVIRONMENT PROTECTION,2019-08-26T00:00:00.000,QUEENS,CLERICAL ASSOCIATE MOST MAYORAL AG,ACTIVE,29.27,per Hour,1734,49269.24,0,0.00,2393.65
2025,826,DEPT OF ENVIRONMENT PROTECTION,1997-01-07T00:00:00.000,BRONX,OILER,ACTIVE,555.52,per Day,2080,140623.03,560,56622.70,502.98
2025,826,DEPT OF ENVIRONMENT PROTECTION,1996-12-16T00:00:00.000,QUEENS,SENIOR SEWAGE TREATMENT WORKER,ACTIVE,446.16,per Day,2080,115159.21,190,16139.99,20792.00
2025,826,DEPT OF ENVIRONMENT PROTECTION,1996-12-09T00:00:00.000,QUEENS,SEWAGE TREATMENT WORKER,ACTIVE,404.96,per Day,2080,104525.21,86,5702.42,12732.46
2025,826,DEPT OF ENVIRONMENT PROTECTION,1996-12-09T00:00:00.000,ULSTER,ASSOCIATE PROJECT MANAGER,ACTIVE,101268.00,per Annum,1820,98146.46,55.75,3784.08,10858.30
2025,826,DEPT OF ENVIRONMENT PROTECTION,1996-10-02T00:00:00.000,QUEENS,ADM MANAGER-NON-MGRL,ACTIVE,123558.00,per Annum,1820,121416.81,1.75,120.14,1880.49
2025,826,DEPT OF ENVIRONMENT PROTECTION,2008-07-21T00:00:00.000,QUEENS,COMPUTER SPECIALIST,ACTIVE,135529.00,per Annum,1820,131341.85,190.75,17614.10,5951.19
2025,826,DEPT OF ENVIRONMENT PROTECTION,1997-01-27T00:00:00.000,QUEENS,ADMINISTRATIVE STAFF ANALYST,ACTIVE,134537.00,per Annum,1820,131891.77,0,0.00,3174.39
2025,826,DEPT OF ENVIRONMENT PROTECTION,1996-05-30T00:00:00.000,QUEENS,CITY LABORER,ACTIVE,331.92,per Day,2080,70932.18,120.25,6637.15,435.00
2025,826,DEPT OF ENVIRONMENT PROTECTION,1998-03-09T00:00:00.000,BROOKLYN,PRINCIPAL ADMINISTRATIVE ASSOCIATE -  NON SUPVR,ACTIVE,68970.00,per Annum,1820,67768.37,419.75,20131.02,4719.63
2025,826,DEPT OF ENVIRONMENT PROTECTION,1995-11-27T00:00:00.000,SULLIVAN,INSTRUMENTAL SPECIALIST,ACTIVE,89366.00,per Annum,1820,86582.65,67.5,3780.96,6309.51
2025,826,DEPT OF ENVIRONMENT PROTECTION,1996-12-02T00:00:00.000,QUEENS,ADMINISTRATIVE PROCUREMENT ANALYST-NON-MGRL,ACTIVE,92944.00,per Annum,1820,86400.08,282.5,17126.62,419.72
2025,826,DEPT OF ENVIRONMENT PROTECTION,1996-12-02T00:00:00.000,QUEENS,ADMINISTRATIVE PROCUREMENT ANALYST-NON-MGRL,ACTIVE,107190.00,per Annum,1820,104722.92,0,0.00,299.22
2025,826,DEPT OF ENVIRONMENT PROTECTION,1994-12-05T00:00:00.000,ULSTER,ASSOCIATE CHEMIST,ACTIVE,105790.00,per Annum,1820,102529.08,101.5,7024.71,8901.74
2025,826,DEPT OF ENVIRONMENT PROTECTION,2016-06-06T00:00:00.000,BROOKLYN,SEWAGE TREATMENT WORKER,ON LEAVE,404.96,per Day,1856,73103.77,328,24079.43,7161.03
2025,826,DEPT OF ENVIRONMENT PROTECTION,1993-01-11T00:00:00.000,QUEENS,SENIOR STATIONARY ENGINEER,CEASED,671.60,per Day,80,6716.00,0,0.00,0.00
2025,826,DEPT OF ENVIRONMENT PROTECTION,1992-10-19T00:00:00.000,BROOKLYN,SENIOR SEWAGE TREATMENT WORKER,CEASED,446.16,per Day,1780,98420.06,0,0.00,0.00
2025,826,DEPT OF ENVIRONMENT PROTECTION,1992-09-28T00:00:00.000,ULSTER,ASSOCIATE PROJECT MANAGER,ACTIVE,121655.00,per Annum,1820,117904.31,0,0.00,10535.26
2025,826,DEPT OF ENVIRONMENT PROTECTION,1992-06-15T00:00:00.000,ULSTER,CITY RESEARCH SCIENTIST,ACTIVE,127627.00,per Annum,1820,123691.92,178,14738.91,9646.94
2025,826,DEPT OF ENVIRONMENT PROTECTION,1992-01-06T00:00:00.000,BROOKLYN,SENIOR SEWAGE TREATMENT WORKER,ACTIVE,446.16,per Day,2080,115159.21,486,41865.64,25355.26
2025,826,DEPT OF ENVIRONMENT PROTECTION,1991-09-09T00:00:00.000,MANHATTAN,SENIOR SEWAGE TREATMENT WORKER,ACTIVE,446.16,per Day,2080,115159.21,308,26257.11,25079.68
2025,826,DEPT OF ENVIRONMENT PROTECTION,1990-08-13T00:00:00.000,QUEENS,PRINCIPAL ADMINISTRATIVE ASSOCIATE -  NON SUPVR,ACTIVE,69094.00,per Annum,1820,67890.17,3,120.11,4706.33
2025,826,DEPT OF ENVIRONMENT PROTECTION,2016-02-08T00:00:00.000,QUEENS,ADMINISTRATIVE ENGINEER,ACTIVE,139450.00,per Annum,1820,135141.98,0,0.00,74.86
2025,826,DEPT OF ENVIRONMENT PROTECTION,2003-03-10T00:00:00.000,QUEENS,ADM MANAGER-NON-MGRL,ACTIVE,106848.00,per Annum,1820,104994.60,282.25,20139.70,3445.97
2025,826,DEPT OF ENVIRONMENT PROTECTION,2013-02-25T00:00:00.000,QUEENS,CLERICAL ASSOCIATE MOST MAYORAL AG,ACTIVE,64708.00,per Annum,1820,62708.61,0,0.00,2246.70
2025,826,DEPT OF ENVIRONMENT PROTECTION,2002-07-15T00:00:00.000,BRONX,SUPERVISOR,ACTIVE,112143.00,per Annum,2080,108655.93,417.75,34249.64,12640.73
2025,826,DEPT OF ENVIRONMENT PROTECTION,2002-09-30T00:00:00.000,QUEENS,SEWAGE TREATMENT WORKER,ACTIVE,404.96,per Day,2080,104525.21,367,27506.90,7029.45
2025,826,DEPT OF ENVIRONMENT PROTECTION,2002-10-07T00:00:00.000,DELAWARE,ENVIRONMENTAL POLICE OFFICER,ACTIVE,96210.00,per Annum,2340,93630.62,195.95,12236.58,14080.64
2025,826,DEPT OF ENVIRONMENT PROTECTION,2016-06-13T00:00:00.000,SULLIVAN,AUTO MECHANIC,ACTIVE,403.44,per Day,2080,102057.83,316,23239.72,888.69
2025,826,DEPT OF ENVIRONMENT PROTECTION,2024-08-05T00:00:00.000,WESTCHESTER,ASSOCIATE CHEMIST,ACTIVE,61502.00,per Annum,1575,51512.29,12.75,542.02,151.82
2025,826,DEPT OF ENVIRONMENT PROTECTION,2024-10-07T00:00:00.000,QUEENS,ASSOCIATE CHEMIST,ACTIVE,69769.00,per Annum,1260,46419.32,457.5,11588.92,8.25
2025,826,DEPT OF ENVIRONMENT PROTECTION,2024-10-28T00:00:00.000,WESTCHESTER,WATERSHED MAINTAINER,ACTIVE,47684.00,per Annum,1320,29187.59,139,4731.98,1400.62
2025,826,DEPT OF ENVIRONMENT PROTECTION,2019-04-22T00:00:00.000,MANHATTAN,ELECTRICIAN,ACTIVE,480.97,per Day,1820,122448.21,396.25,39930.02,0.00
2025,826,DEPT OF ENVIRONMENT PROTECTION,2008-12-08T00:00:00.000,MANHATTAN,ADMINISTRATIVE ENGINEER,ACTIVE,159452.00,per Annum,1820,154525.70,0,0.00,194.46
2025,826,DEPT OF ENVIRONMENT PROTECTION,2000-01-18T00:00:00.000,MANHATTAN,CAPTAIN,ACTIVE,94070.00,per Annum,2080,93801.61,241.75,16526.90,7707.61
2025,826,DEPT OF ENVIRONMENT PROTECTION,2011-04-25T00:00:00.000,BROOKLYN,CONSTRUCTION LABORER,ACTIVE,409.36,per Day,2080,91647.09,58.25,4364.20,0.00
2025,826,DEPT OF ENVIRONMENT PROTECTION,2005-03-28T00:00:00.000,QUEENS,AGENCY ATTORNEY,ACTIVE,117044.00,per Annum,1820,120575.28,0,0.00,18135.36
2025,826,DEPT OF ENVIRONMENT PROTECTION,2002-01-14T00:00:00.000,WESTCHESTER,ENVIRONMENTAL POLICE OFFICER,ACTIVE,85995.00,per Annum,2340,83298.69,17,977.31,14948.63
2025,826,DEPT OF ENVIRONMENT PROTECTION,2002-03-25T00:00:00.000,BRONX,SENIOR SEWAGE TREATMENT WORKER,ACTIVE,446.16,per Day,2080,115159.21,130,10860.01,13978.46
2025,826,DEPT OF ENVIRONMENT PROTECTION,2002-05-13T00:00:00.000,WESTCHESTER,CLERICAL ASSOCIATE MOST MAYORAL AG,ACTIVE,32087.00,Prorated Annual,1106,29615.59,0,0.00,2168.32
2025,826,DEPT OF ENVIRONMENT PROTECTION,2025-02-10T00:00:00.000,WESTCHESTER,WATERSHED MAINTAINER,ACTIVE,47684.00,per Annum,720,16024.86,36.25,1310.11,972.95
2025,826,DEPT OF ENVIRONMENT PROTECTION,2025-02-24T00:00:00.000,QUEENS,CITY RESEARCH SCIENTIST,ACTIVE,98160.00,per Annum,560,29341.48,0,0.00,8.25
2025,826,DEPT OF ENVIRONMENT PROTECTION,2025-03-10T00:00:00.000,BROOKLYN,ASSOCIATE LABORATORY MICROBIOLOGIST,ACTIVE,71990.00,per Annum,490,19144.98,0,0.00,10.75
2025,826,DEPT OF ENVIRONMENT PROTECTION,2025-05-12T00:00:00.000,WESTCHESTER,WATERSHED MAINTAINER,ACTIVE,47684.00,per Annum,200,4510.76,0,0.00,0.00
2025,826,DEPT OF ENVIRONMENT PROTECTION,2025-06-02T00:00:00.000,QUEENS,SUMMER GRADUATE INTERN,ACTIVE,17.43,per Hour,35,610.05,0,0.00,0.00
2025,826,DEPT OF ENVIRONMENT PROTECTION,2025-06-02T00:00:00.000,BRONX,SUMMER COLLEGE INTERN,ACTIVE,16.50,per Hour,35,577.50,0,0.00,0.00
2025,826,DEPT OF ENVIRONMENT PROTECTION,2025-06-02T00:00:00.000,QUEENS,SUMMER COLLEGE INTERN,ACTIVE,17.43,per Hour,35,610.05,0,0.00,0.00
2025,826,DEPT OF ENVIRONMENT PROTECTION,1999-07-19T00:00:00.000,RICHMOND,CONSTRUCTION LABORER,ACTIVE,409.36,per Day,2080,103793.21,118.5,8852.76,11147.16
2025,826,DEPT OF ENVIRONMENT PROTECTION,2003-04-08T00:00:00.000,BROOKLYN,SUPERVISOR,ACTIVE,112143.00,per Annum,2080,108525.77,119.75,9787.65,13862.92
2025,826,DEPT OF ENVIRONMENT PROTECTION,1998-10-19T00:00:00.000,QUEENS,ADM MANAGER-NON-MGRL,ACTIVE,119505.00,per Annum,1820,117433.54,38.25,2611.69,2339.25
2025,826,DEPT OF ENVIRONMENT PROTECTION,1999-12-13T00:00:00.000,ULSTER,ASSOCIATE PROJECT MANAGER,CEASED,97843.00,per Annum,1120,46012.53,0,0.00,5182.49
2025,826,DEPT OF ENVIRONMENT PROTECTION,1997-10-14T00:00:00.000,BROOKLYN,ASSOCIATE WATER USE INPECTOR,ACTIVE,67877.00,per Annum,1757,52726.62,0,0.00,5922.85
2025,826,DEPT OF ENVIRONMENT PROTECTION,2022-05-23T00:00:00.000,BROOKLYN,CITY PARK WORKER,ACTIVE,46395.00,per Annum,2062.85,43269.65,38.5,1173.32,0.00
2025,826,DEPT OF ENVIRONMENT PROTECTION,2023-10-09T00:00:00.000,QUEENS,ADMINISTRATIVE ENGINEER,CEASED,171486.00,per Annum,1295,121665.08,0,0.00,0.00
2025,826,DEPT OF ENVIRONMENT PROTECTION,2002-12-16T00:00:00.000,QUEENS,ADMINISTRATIVE PUBLIC HEALTH SANITARIAN,ACTIVE,209933.00,per Annum,1820,202745.18,0,0.00,0.00
2025,826,DEPT OF ENVIRONMENT PROTECTION,2023-10-16T00:00:00.000,QUEENS,PRINCIPAL ADMINISTRATIVE ASSOCIATE -  NON SUPVR,CEASED,73758.00,per Annum,700,25453.35,0,0.00,0.00
2025,826,DEPT OF ENVIRONMENT PROTECTION,2016-03-28T00:00:00.000,QUEENS,CITY PLANNER,ACTIVE,73929.00,per Annum,1883,61872.94,0,0.00,3396.46
2025,826,DEPT OF ENVIRONMENT PROTECTION,2016-06-13T00:00:00.000,MANHATTAN,DISTRICT SUPERVISOR,CEASED,110594.00,per Annum,0,-1.52,0,0.00,-6.96
2025,826,DEPT OF ENVIRONMENT PROTECTION,2018-10-22T00:00:00.000,QUEENS,PRINCIPAL ADMINISTRATIVE ASSOCIATE -  NON SUPVR,ACTIVE,61376.00,per Annum,1820,56907.59,0,0.00,196.50
2025,826,DEPT OF ENVIRONMENT PROTECTION,2016-07-11T00:00:00.000,BROOKLYN,SUPERVISOR,ACTIVE,112014.00,per Annum,2080,108553.04,227,17727.45,17750.15
2025,826,DEPT OF ENVIRONMENT PROTECTION,2016-07-11T00:00:00.000,QUEENS,ENGINEERING TECHNICIAN,ACTIVE,82423.00,per Annum,1820,79876.78,496,27759.43,2733.98
2025,826,DEPT OF ENVIRONMENT PROTECTION,2023-11-20T00:00:00.000,QUEENS,STAFF ANALYST,ACTIVE,75201.00,per Annum,1820,74494.72,0,0.00,99.00
2025,826,DEPT OF ENVIRONMENT PROTECTION,2016-09-06T00:00:00.000,BROOKLYN,SEWAGE TREATMENT WORKER,ACTIVE,404.96,per Day,2080,104525.21,705,53281.27,27709.11
2025,826,DEPT OF ENVIRONMENT PROTECTION,2016-09-26T00:00:00.000,QUEENS,ADMINISTRATIVE ENGINEER,ACTIVE,171419.00,per Annum,1820,166569.47,0,0.00,1126.89
2025,826,DEPT OF ENVIRONMENT PROTECTION,2021-09-27T00:00:00.000,WESTCHESTER,ADMINISTRATIVE STAFF ANALYST,ACTIVE,95051.00,per Annum,1820,94226.25,3.25,169.09,8.25
2025,826,DEPT OF ENVIRONMENT PROTECTION,2024-11-12T00:00:00.000,QUEENS,PROGRAM PRODUCER,ACTIVE,103250.00,per Annum,1078,59246.60,0,0.00,8.25
2025,826,DEPT OF ENVIRONMENT PROTECTION,2017-02-27T00:00:00.000,BROOKLYN,ELECTRICIAN,ACTIVE,480.97,per Day,1820,122448.21,449.25,45353.24,0.00
2025,826,DEPT OF ENVIRONMENT PROTECTION,2018-08-27T00:00:00.000,QUEENS,ASSISTANT CIVIL ENGINEER,ACTIVE,83906.00,per Annum,1820,81313.68,2.5,113.87,2087.65
2025,826,DEPT OF ENVIRONMENT PROTECTION,2020-02-24T00:00:00.000,QUEENS,CLERICAL ASSOCIATE MOST MAYORAL AG,ACTIVE,64710.00,per Annum,1820,58767.76,89.5,3898.82,522.16
2025,826,DEPT OF ENVIRONMENT PROTECTION,2017-06-26T00:00:00.000,OTHER,ADMINISTRATIVE PROJECT MANAGER,ACTIVE,145260.00,per Annum,1820,140697.22,0,0.00,220.75
2025,826,DEPT OF ENVIRONMENT PROTECTION,2017-08-14T00:00:00.000,BROOKLYN,PLUMBER'S HELPER,ACTIVE,304.36,per Day,1820,78865.63,56,4869.76,695.68
2025,826,DEPT OF ENVIRONMENT PROTECTION,2019-12-23T00:00:00.000,QUEENS,PUBLIC HEALTH SANITARIAN,ACTIVE,76301.00,per Annum,2080,69087.80,2,175.13,4905.29
2025,826,DEPT OF ENVIRONMENT PROTECTION,2017-09-25T00:00:00.000,QUEENS,CEMENT MASON,ACTIVE,391.30,per Day,1820,100893.20,207,22920.84,18079.08
2025,826,DEPT OF ENVIRONMENT PROTECTION,2017-10-10T00:00:00.000,ULSTER,ASSOCIATE PROJECT MANAGER,ACTIVE,90600.00,per Annum,1820,87803.32,0,0.00,2790.15
2025,826,DEPT OF ENVIRONMENT PROTECTION,2017-10-23T00:00:00.000,QUEENS,ASSISTANT CIVIL ENGINEER,ACTIVE,76279.00,per Annum,1820,73922.40,0,0.00,2222.44
2025,826,DEPT OF ENVIRONMENT PROTECTION,2017-11-13T00:00:00.000,BROOKLYN,ASSOCIATE AIR POLLUTION INSPR,ACTIVE,69760.00,per Annum,1820,67604.65,839,44076.96,8780.47
2025,826,DEPT OF ENVIRONMENT PROTECTION,2017-11-13T00:00:00.000,BROOKLYN,CONSTRUCTION LABORER,ACTIVE,409.36,per Day,2080,103793.21,248.75,18610.77,21832.33
2025,826,DEPT OF ENVIRONMENT PROTECTION,2017-11-27T00:00:00.000,WESTCHESTER,ENVIRONMENTAL POLICE OFFICER,ACTIVE,85995.00,per Annum,2340,83359.32,18.17,995.04,6258.82
2025,826,DEPT OF ENVIRONMENT PROTECTION,2017-12-11T00:00:00.000,ULSTER,ASSOCIATE PROJECT MANAGER,ACTIVE,90600.00,per Annum,1820,81734.12,0,0.00,2596.55
2025,826,DEPT OF ENVIRONMENT PROTECTION,2018-02-05T00:00:00.000,BROOKLYN,SEWAGE TREATMENT WORKER,ACTIVE,404.96,per Day,2040,81571.85,345.5,24569.44,10710.62
2025,826,DEPT OF ENVIRONMENT PROTECTION,2018-08-27T00:00:00.000,QUEENS,ENVIRONMENTAL ENGINEER,ACTIVE,90600.00,per Annum,1820,87803.32,0,0.00,3026.03
2025,826,DEPT OF ENVIRONMENT PROTECTION,2022-08-29T00:00:00.000,MANHATTAN,ELECTRICIAN,ACTIVE,480.97,per Day,1820,122448.21,471,47496.71,0.00
2025,826,DEPT OF ENVIRONMENT PROTECTION,2018-09-24T00:00:00.000,ULSTER,ASSISTANT ELECTRICAL ENGINEER,ACTIVE,83907.00,per Annum,1820,81451.92,26.25,1309.45,2467.82
2025,826,DEPT OF ENVIRONMENT PROTECTION,2024-10-08T00:00:00.000,QUEENS,CITY RESEARCH SCIENTIST,ACTIVE,87743.00,per Annum,1253,57672.66,0,0.00,365.49
2025,826,DEPT OF ENVIRONMENT PROTECTION,2019-02-25T00:00:00.000,QUEENS,ASSOCIATE PROJECT MANAGER,ACTIVE,99528.00,per Annum,1820,96452.81,335.75,22042.55,4337.87
2025,826,DEPT OF ENVIRONMENT PROTECTION,2019-02-25T00:00:00.000,BRONX,ENVIRONMENTAL ENGINEER,ACTIVE,90551.00,per Annum,1820,87753.49,25.5,1257.81,41006.92
2025,826,DEPT OF ENVIRONMENT PROTECTION,2019-03-04T00:00:00.000,BROOKLYN,SEWAGE TREATMENT WORKER,ACTIVE,404.96,per Day,2080,104120.25,284,22630.97,23175.49
2025,826,DEPT OF ENVIRONMENT PROTECTION,2019-03-04T00:00:00.000,MANHATTAN,SEWAGE TREATMENT WORKER,ACTIVE,404.96,per Day,2080,104120.25,145.5,9752.27,24498.42
2025,826,DEPT OF ENVIRONMENT PROTECTION,2019-03-25T00:00:00.000,SULLIVAN,LABORATORY MICROBIOLOGIST,ACTIVE,68713.00,per Annum,1288,47362.85,0,0.00,280.13
2025,826,DEPT OF ENVIRONMENT PROTECTION,2019-06-24T00:00:00.000,QUEENS,CIVIL ENGINEER,ACTIVE,104267.00,per Annum,1820,82793.58,164,8393.47,8069.99
2025,826,DEPT OF ENVIRONMENT PROTECTION,2019-04-22T00:00:00.000,QUEENS,PRINCIPAL ADMINISTRATIVE ASSOCIATE -  NON SUPVR,ACTIVE,61376.00,per Annum,1820,60319.45,0,0.00,42.25
2025,826,DEPT OF ENVIRONMENT PROTECTION,2019-10-28T00:00:00.000,QUEENS,ENGINEERING TECHNICIAN,CEASED,61580.00,per Annum,0,0.00,0,0.00,-187.12
2025,826,DEPT OF ENVIRONMENT PROTECTION,2019-09-09T00:00:00.000,BROOKLYN,ASSOCIATE AIR POLLUTION INSPR,ACTIVE,78149.00,per Annum,1820,70423.89,994,53600.98,2886.75
2025,826,DEPT OF ENVIRONMENT PROTECTION,2019-09-09T00:00:00.000,WESTCHESTER,TELECOMMUNICATIONS ASSOCIATE,ACTIVE,113625.00,per Annum,1820,110114.07,0,0.00,567.38
2025,826,DEPT OF ENVIRONMENT PROTECTION,2019-09-23T00:00:00.000,QUEENS,ASSOCIATE CHEMIST,ACTIVE,95184.00,per Annum,1820,92243.35,69.75,5086.77,1815.09
2025,826,DEPT OF ENVIRONMENT PROTECTION,2019-11-12T00:00:00.000,QUEENS,EXECUTIVE AGENCY COUNSEL,ACTIVE,151963.00,per Annum,1820,146760.24,0,0.00,375.00
2025,826,DEPT OF ENVIRONMENT PROTECTION,2019-11-12T00:00:00.000,BROOKLYN,CLERICAL ASSOCIATE MOST MAYORAL AG,ACTIVE,53479.00,per Annum,1820,51827.17,110.75,3506.27,5108.16
2025,826,DEPT OF ENVIRONMENT PROTECTION,2025-03-10T00:00:00.000,QUEENS,STAFF ANALYST TRAINEE,ACTIVE,54557.00,per Annum,490,14594.90,0,0.00,0.00
2025,826,DEPT OF ENVIRONMENT PROTECTION,2020-02-10T00:00:00.000,BROOKLYN,ENVIRONMENTAL ENGINEER,ACTIVE,90551.00,per Annum,1820,88097.84,0,-4.74,981.86
2025,826,DEPT OF ENVIRONMENT PROTECTION,2013-07-08T00:00:00.000,QUEENS,ELECTRICIAN,ACTIVE,480.97,per Day,1820,122448.21,360.75,36488.44,0.00
2025,826,DEPT OF ENVIRONMENT PROTECTION,2013-02-11T00:00:00.000,BRONX,ELECTRICIAN,ACTIVE,480.97,per Day,1820,122448.21,579.25,58411.61,0.00
2025,826,DEPT OF ENVIRONMENT PROTECTION,2016-04-25T00:00:00.000,QUEENS,ADMINISTRATIVE PUBLIC INFORMATION SPECIALIST NM FORMER M1/M2,ACTIVE,181774.00,per Annum,1820,175181.65,0,0.00,429.00
2025,826,DEPT OF ENVIRONMENT PROTECTION,2009-09-14T00:00:00.000,SULLIVAN,ENVIRONMENTAL POLICE OFFICER,ACTIVE,80391.00,per Annum,2340,78235.89,19.5,1059.14,32653.20
2025,826,DEPT OF ENVIRONMENT PROTECTION,2022-08-05T00:00:00.000,BROOKLYN,ASSOCIATE PARK SERVICE WORKER,ACTIVE,60715.00,per Annum,1400,36395.37,106.5,4464.90,0.00
2025,826,DEPT OF ENVIRONMENT PROTECTION,2019-11-25T00:00:00.000,BRONX,CLERICAL ASSOCIATE MOST MAYORAL AG,ACTIVE,53479.00,per Annum,1820,51827.17,922,36782.89,4358.05
2025,826,DEPT OF ENVIRONMENT PROTECTION,2024-04-08T00:00:00.000,QUEENS,COMPUTER ASSOCIATE,ACTIVE,89003.00,per Annum,1820,86252.76,168.25,8001.68,457.73
2025,826,DEPT OF ENVIRONMENT PROTECTION,2025-04-21T00:00:00.000,QUEENS,ADMINISTRATIVE STAFF ANALYST,ACTIVE,117604.00,per Annum,910,57849.87,0,0.00,911.67
2025,826,DEPT OF ENVIRONMENT PROTECTION,2022-11-28T00:00:00.000,BROOKLYN,CLERICAL ASSOCIATE MOST MAYORAL AG,ACTIVE,48631.00,per Annum,1820,44341.37,496,16275.04,24.75
2025,826,DEPT OF ENVIRONMENT PROTECTION,2022-05-23T00:00:00.000,QUEENS,CLERICAL ASSOCIATE MOST MAYORAL AG,ACTIVE,29.27,per Hour,1736,49448.44,20,568.84,2392.88
2025,826,DEPT OF ENVIRONMENT PROTECTION,2015-11-09T00:00:00.000,QUEENS,MECHANICAL ENGINEER,ACTIVE,128010.00,per Annum,1820,120798.10,0,0.00,4073.86
2025,826,DEPT OF ENVIRONMENT PROTECTION,2011-07-05T00:00:00.000,MANHATTAN,SENIOR STATIONARY ENGINEER,ACTIVE,671.60,per Day,2080,174616.00,149.75,18563.44,0.00
2025,826,DEPT OF ENVIRONMENT PROTECTION,2023-09-11T00:00:00.000,ULSTER,PROCUREMENT ANALYST,ACTIVE,65976.00,per Annum,1820,60775.83,25,946.59,508.25
2025,826,DEPT OF ENVIRONMENT PROTECTION,2011-10-11T00:00:00.000,WESTCHESTER,ADMINISTRATIVE ENGINEER,ACTIVE,151963.00,per Annum,1820,146760.24,0,0.00,1852.96
2025,826,DEPT OF ENVIRONMENT PROTECTION,2012-01-09T00:00:00.000,WESTCHESTER,WATERSHED MAINTAINER,CEASED,60017.00,per Annum,-64.5,-1855.83,0,0.00,0.00
2025,826,DEPT OF ENVIRONMENT PROTECTION,2012-02-27T00:00:00.000,BROOKLYN,SCIENTIST,ACTIVE,70737.00,per Annum,1820,62995.23,41.75,2793.53,11947.33
2025,826,DEPT OF ENVIRONMENT PROTECTION,2017-06-26T00:00:00.000,QUEENS,ELECTRICIAN,ACTIVE,480.97,per Day,1820,122448.21,25,2528.69,756.91
2025,826,DEPT OF ENVIRONMENT PROTECTION,2016-02-08T00:00:00.000,WESTCHESTER,STATIONARY ENGINEER,CEASED,548.48,per Day,-32,-19995.42,0,-295.26,-722.56
2025,826,DEPT OF ENVIRONMENT PROTECTION,2018-04-30T00:00:00.000,QUEENS,SEWAGE TREATMENT WORKER,ACTIVE,404.96,per Day,2080,104525.21,276,20578.55,20695.73
2025,826,DEPT OF ENVIRONMENT PROTECTION,2023-03-27T00:00:00.000,WESTCHESTER,STATIONARY ENGINEER,ACTIVE,583.36,per Day,2080,151673.60,54.75,6980.29,32793.04
2025,826,DEPT OF ENVIRONMENT PROTECTION,2022-04-18T00:00:00.000,BROOKLYN,SEWAGE TREATMENT WORKER,ACTIVE,404.96,per Day,2080,104525.21,314.25,22588.90,15536.88
2025,826,DEPT OF ENVIRONMENT PROTECTION,2012-10-22T00:00:00.000,QUEENS,ADMINISTRATIVE ENGINEER,ACTIVE,231234.00,per Annum,1820,217273.27,0,0.00,85.00
2025,826,DEPT OF ENVIRONMENT PROTECTION,2012-11-05T00:00:00.000,QUEENS,STATIONARY ENGINEER,ACTIVE,583.36,per Day,2080,151673.60,33,3870.99,40306.77
2025,826,DEPT OF ENVIRONMENT PROTECTION,2015-11-09T00:00:00.000,QUEENS,CIVIL ENGINEER,CEASED,90551.00,per Annum,1820,83672.51,85.25,4076.14,12170.46
2025,826,DEPT OF ENVIRONMENT PROTECTION,2015-10-26T00:00:00.000,BRONX,SUPERVISOR,ACTIVE,112014.00,per Annum,2080,108553.04,525,41141.46,10575.03
2025,826,DEPT OF ENVIRONMENT PROTECTION,2015-10-26T00:00:00.000,MANHATTAN,SUPERVISOR,ACTIVE,112014.00,per Annum,2080,108553.04,350,27409.78,7422.59
2025,826,DEPT OF ENVIRONMENT PROTECTION,2015-09-28T00:00:00.000,QUEENS,CLERICAL ASSOCIATE MOST MAYORAL AG,ACTIVE,29.27,per Hour,1736,49325.89,30.5,1084.40,3862.06
2025,826,DEPT OF ENVIRONMENT PROTECTION,2015-09-28T00:00:00.000,QUEENS,PRINCIPAL ADMINISTRATIVE ASSOCIATE -  NON SUPVR,ACTIVE,73978.00,per Annum,1820,67404.05,89,4140.18,478.85
2025,826,DEPT OF ENVIRONMENT PROTECTION,2015-09-08T00:00:00.000,MANHATTAN,SEWAGE TREATMENT WORKER,ACTIVE,404.96,per Day,2080,104525.21,444,35153.57,22776.37
2025,826,DEPT OF ENVIRONMENT PROTECTION,2015-09-08T00:00:00.000,QUEENS,SEWAGE TREATMENT WORKER,ACTIVE,404.96,per Day,2080,104525.21,20,1513.83,16929.10
2025,826,DEPT OF ENVIRONMENT PROTECTION,2018-04-30T00:00:00.000,MANHATTAN,SEWAGE TREATMENT WORKER,ACTIVE,404.96,per Day,2080,104525.21,552.25,42907.36,21907.72
2025,826,DEPT OF ENVIRONMENT PROTECTION,2022-04-18T00:00:00.000,BROOKLYN,SEWAGE TREATMENT WORKER,ACTIVE,404.96,per Day,2080,104525.21,93,6836.41,8871.03
2025,826,DEPT OF ENVIRONMENT PROTECTION,2022-12-12T00:00:00.000,QUEENS,QUALITY ASSURANCE SPECIALIST,ACTIVE,64651.00,per Annum,1820,63166.75,0,0.00,0.00
2025,826,DEPT OF ENVIRONMENT PROTECTION,2015-06-22T00:00:00.000,RICHMOND,WATERSHED MAINTAINER,ACTIVE,69745.00,per Annum,952,31057.86,138.5,6792.34,88.72
2025,826,DEPT OF ENVIRONMENT PROTECTION,2022-07-25T00:00:00.000,QUEENS,CIVIL ENGINEER,ACTIVE,127922.00,per Annum,1820,123972.03,87.25,6113.09,3254.98
2025,826,DEPT OF ENVIRONMENT PROTECTION,2015-03-09T00:00:00.000,BRONX,ASSOCIATE WATER USE INPECTOR,ACTIVE,78079.00,per Annum,1820,68394.44,340,16686.75,346.50
2025,826,DEPT OF ENVIRONMENT PROTECTION,2015-09-08T00:00:00.000,QUEENS,SENIOR SEWAGE TREATMENT WORKER,ACTIVE,446.16,per Day,2080,115159.21,0,0.00,4610.50
2025,826,DEPT OF ENVIRONMENT PROTECTION,2015-01-12T00:00:00.000,QUEENS,AIR POLLUTION INSPECTOR,ACTIVE,62451.00,per Annum,1834,59249.77,1,35.05,4667.75
2025,826,DEPT OF ENVIRONMENT PROTECTION,2014-09-22T00:00:00.000,QUEENS,CERTIFIED IT ADMINISTRATOR,ACTIVE,142744.00,per Annum,1820,138334.00,42,3837.28,5732.95
2025,826,DEPT OF ENVIRONMENT PROTECTION,2022-07-25T00:00:00.000,QUEENS,CLERICAL ASSOCIATE MOST MAYORAL AG,ACTIVE,66565.00,per Annum,1820,64508.65,4,145.72,2104.88
2025,826,DEPT OF ENVIRONMENT PROTECTION,2014-06-23T00:00:00.000,OTHER,SUPERVISOR,ACTIVE,94785.00,per Annum,2080,91112.64,0,0.00,3777.45
2025,826,DEPT OF ENVIRONMENT PROTECTION,2023-06-26T00:00:00.000,MANHATTAN,ELECTRICIANS HELPER,ACTIVE,305.20,per Day,1820,77698.46,452.5,28991.52,0.00
2025,826,DEPT OF ENVIRONMENT PROTECTION,2013-09-30T00:00:00.000,WESTCHESTER,ASSOCIATE PROJECT MANAGER,ACTIVE,99910.00,per Annum,1820,96825.58,0,0.00,5896.25
2025,826,DEPT OF ENVIRONMENT PROTECTION,2013-09-09T00:00:00.000,BRONX,CUSTODIAN,ACTIVE,43611.00,per Annum,2144,41681.86,0,0.00,0.00
2025,816,DEPT OF HEALTH/MENTAL HYGIENE,2019-02-11T00:00:00.000,QUEENS,MOTOR VEHICLE OPERATOR,ACTIVE,27.32,per Hour,1984,52614.00,47.5,1917.69,8638.29
2025,816,DEPT OF HEALTH/MENTAL HYGIENE,2010-09-20T00:00:00.000,QUEENS,HEALTH SERVICES MANAGER NON MANAGERIAL LEVEL II,CEASED,137023.00,per Annum,1760,131227.79,0,0.00,482.19
2025,816,DEPT OF HEALTH/MENTAL HYGIENE,2016-03-14T00:00:00.000,MANHATTAN,ASSOCIATE QUALITY ASSURANCE SPECIALIST,ACTIVE,86734.00,per Annum,1820,88319.83,136.75,8767.05,334.41
2025,816,DEPT OF HEALTH/MENTAL HYGIENE,2023-11-27T00:00:00.000,BROOKLYN,COMMUNITY COORDINATOR,ACTIVE,81488.00,per Annum,1820,78970.30,3,129.60,0.00
2025,816,DEPT OF HEALTH/MENTAL HYGIENE,2016-05-16T00:00:00.000,BRONX,SUPERVISING PUBLIC HEALTH ADVISER,ACTIVE,72525.00,per Annum,1820,65502.33,19.5,687.35,2901.77
2025,816,DEPT OF HEALTH/MENTAL HYGIENE,2016-05-02T00:00:00.000,MANHATTAN,CRIMINALIST,ACTIVE,113759.00,per Annum,1820,110246.79,167,12131.68,7227.66
2025,816,DEPT OF HEALTH/MENTAL HYGIENE,2017-02-27T00:00:00.000,QUEENS,SPECIAL OFFICER,CEASED,53264.00,per Annum,533.67,13622.40,81.75,3128.10,0.00
2025,816,DEPT OF HEALTH/MENTAL HYGIENE,2016-04-04T00:00:00.000,QUEENS,ADMINISTRATIVE ACCOUNTANT,ACTIVE,118697.00,per Annum,1820,114904.94,8,502.83,38.54
2025,816,DEPT OF HEALTH/MENTAL HYGIENE,2016-02-22T00:00:00.000,QUEENS,PUBLIC HEALTH NURSE,CEASED,40.70,per Hour,1012.28,41950.16,3.75,155.06,16892.40
2025,816,DEPT OF HEALTH/MENTAL HYGIENE,2016-01-04T00:00:00.000,QUEENS,HEALTH SERVICES MANAGER NON MANAGERIAL LEVEL II,CEASED,121847.00,per Annum,0,-1066.21,0,0.00,0.00
2025,816,DEPT OF HEALTH/MENTAL HYGIENE,2020-02-10T00:00:00.000,MANHATTAN,COMMUNITY COORDINATOR,ACTIVE,77236.00,per Annum,1820,74849.83,24.25,1386.99,20.53
2025,816,DEPT OF HEALTH/MENTAL HYGIENE,2015-11-30T00:00:00.000,QUEENS,EXTERMINATOR,ACTIVE,69126.00,per Annum,1820,66186.29,15.5,668.76,13.74
2025,816,DEPT OF HEALTH/MENTAL HYGIENE,2017-04-24T00:00:00.000,QUEENS,PRINCIPAL ADMINISTRATIVE ASSOCIATE -  NON SUPVR,ACTIVE,61376.00,per Annum,1820,54556.22,0,0.00,0.00
2025,816,DEPT OF HEALTH/MENTAL HYGIENE,2015-09-08T00:00:00.000,QUEENS,PUBLIC HEALTH NURSE,ACTIVE,40.70,per Hour,1479.25,61639.18,10,655.05,25341.20
2025,816,DEPT OF HEALTH/MENTAL HYGIENE,2024-11-18T00:00:00.000,QUEENS,PUBLIC HEALTH NURSE,ACTIVE,40.70,per Hour,767,30856.16,82,3473.55,10984.89
2025,816,DEPT OF HEALTH/MENTAL HYGIENE,2017-01-30T00:00:00.000,QUEENS,SPECIAL CONSULTANT,ACTIVE,80362.00,per Annum,1820,77878.81,0,0.00,3678.75
2025,816,DEPT OF HEALTH/MENTAL HYGIENE,2016-09-19T00:00:00.000,QUEENS,CITY RESEARCH SCIENTIST,ACTIVE,112932.00,per Annum,1820,109445.18,0,0.00,3070.60
2025,816,DEPT OF HEALTH/MENTAL HYGIENE,2016-08-01T00:00:00.000,BROOKLYN,FORENSIC MORTUARY TECHNICIAN,CEASED,58603.00,per Annum,0,-805.28,0,-268.96,-253.86
2025,816,DEPT OF HEALTH/MENTAL HYGIENE,2015-03-30T00:00:00.000,BROOKLYN,CITY RESEARCH SCIENTIST,ACTIVE,112883.00,per Annum,1820,109337.18,0,0.00,2387.40
2025,816,DEPT OF HEALTH/MENTAL HYGIENE,2022-07-25T00:00:00.000,QUEENS,COMPUTER SPECIALIST,ACTIVE,127830.00,per Annum,1820,123814.09,0,0.00,0.00
2025,816,DEPT OF HEALTH/MENTAL HYGIENE,2021-05-03T00:00:00.000,MANHATTAN,PRINCIPAL ADMINISTRATIVE ASSOCIATE -  NON SUPVR,ACTIVE,82400.00,per Annum,1820,76024.47,0,0.00,0.00
2025,816,DEPT OF HEALTH/MENTAL HYGIENE,2014-11-03T00:00:00.000,QUEENS,CITY RESEARCH SCIENTIST,ACTIVE,122103.00,per Annum,1820,117231.94,0,0.00,1768.24
2025,816,DEPT OF HEALTH/MENTAL HYGIENE,2014-10-20T00:00:00.000,QUEENS,CITY RESEARCH SCIENTIST,ACTIVE,126150.00,per Annum,1820,122095.54,0,0.00,4155.92
2025,816,DEPT OF HEALTH/MENTAL HYGIENE,2018-08-20T00:00:00.000,QUEENS,DIR OF HEALTHCARE FACILITIES AND PROVIDER READINESS,ACTIVE,134144.00,per Annum,1820,126549.93,0,0.00,0.00
2025,816,DEPT OF HEALTH/MENTAL HYGIENE,2014-04-28T00:00:00.000,MANHATTAN,CUSTOMER INFORMATION REPRESENTATIVE MA L 1549,CEASED,62313.00,per Annum,1317.92,45096.12,420,20385.37,6935.69
2025,816,DEPT OF HEALTH/MENTAL HYGIENE,2014-01-27T00:00:00.000,QUEENS,PUBLIC HEALTH NURSE,ACTIVE,40.70,per Hour,1470,60498.56,138,6389.89,22110.05
2025,816,DEPT OF HEALTH/MENTAL HYGIENE,2014-11-03T00:00:00.000,MANHATTAN,PUBLIC HEALTH SANITARIAN,ON LEAVE,72668.00,per Annum,1691,57171.42,0,0.00,6443.08
2025,816,DEPT OF HEALTH/MENTAL HYGIENE,2013-07-22T00:00:00.000,QUEENS,ADMINISTRATIVE STAFF ANALYST,ACTIVE,125582.00,per Annum,1820,124402.39,0,0.00,0.00
2025,816,DEPT OF HEALTH/MENTAL HYGIENE,2015-05-11T00:00:00.000,QUEENS,PUBLIC HEALTH ADVISER,ACTIVE,34.97,per Hour,1575,53475.94,0,0.00,4938.77
2025,816,DEPT OF HEALTH/MENTAL HYGIENE,2023-06-20T00:00:00.000,QUEENS,CYBER SECURITY ANALYST,ACTIVE,106348.00,per Annum,1820,103006.66,0,0.00,0.00
2025,816,DEPT OF HEALTH/MENTAL HYGIENE,2018-05-21T00:00:00.000,MANHATTAN,CRIMINALIST,ACTIVE,64029.00,per Annum,1820,60624.68,0,0.00,2618.67
2025,816,DEPT OF HEALTH/MENTAL HYGIENE,2012-06-11T00:00:00.000,QUEENS,CITY RESEARCH SCIENTIST,ACTIVE,128209.00,per Annum,1610,95103.15,0,0.00,4732.25
2025,816,DEPT OF HEALTH/MENTAL HYGIENE,2023-11-06T00:00:00.000,BROOKLYN,CLERICAL ASSOCIATE MOST MAYORAL AG,ACTIVE,54769.00,per Annum,1820,53076.74,0,0.00,491.82
2025,816,DEPT OF HEALTH/MENTAL HYGIENE,2017-05-30T00:00:00.000,QUEENS,PUBLIC HEALTH EDUCATOR,ACTIVE,68178.00,per Annum,1820,65705.00,0,0.00,0.00
2025,816,DEPT OF HEALTH/MENTAL HYGIENE,2014-07-07T00:00:00.000,QUEENS,SCIENTIST,ACTIVE,90700.00,per Annum,1820,87900.38,0,0.00,4996.47
2025,816,DEPT OF HEALTH/MENTAL HYGIENE,2018-11-13T00:00:00.000,BROOKLYN,CLERICAL ASSOCIATE MOST MAYORAL AG,ON LEAVE,52294.00,per Annum,420,12076.85,0,0.00,380.73
2025,816,DEPT OF HEALTH/MENTAL HYGIENE,2025-05-26T00:00:00.000,MANHATTAN,MANAGEMENT AUDITOR TRAINEE,ACTIVE,58799.00,per Annum,105,3382.95,0,0.00,0.00
2025,816,DEPT OF HEALTH/MENTAL HYGIENE,2023-09-11T00:00:00.000,QUEENS,COMMUNITY COORDINATOR,ACTIVE,79761.00,per Annum,1820,77296.31,0,0.00,256.25
2025,816,DEPT OF HEALTH/MENTAL HYGIENE,2011-09-26T00:00:00.000,QUEENS,PUBLIC HEALTH NURSE,ACTIVE,97908.00,per Annum,1820,94882.87,33,1929.10,12688.80
2025,816,DEPT OF HEALTH/MENTAL HYGIENE,2011-08-29T00:00:00.000,BRONX,JR PHNURSE,ACTIVE,40.36,per Hour,1676.5,72273.45,48.5,3216.96,31095.00
2025,816,DEPT OF HEALTH/MENTAL HYGIENE,2011-08-29T00:00:00.000,BROOKLYN,PUBLIC HEALTH NURSE,ACTIVE,40.70,per Hour,1379,56576.77,0,0.00,26328.67
2025,816,DEPT OF HEALTH/MENTAL HYGIENE,2014-05-19T00:00:00.000,QUEENS,CITY RESEARCH SCIENTIST,ACTIVE,126150.00,per Annum,1820,123033.75,0,0.00,5025.34
2025,816,DEPT OF HEALTH/MENTAL HYGIENE,2010-10-12T00:00:00.000,QUEENS,PUBLIC HEALTH NURSE,ACTIVE,40.70,per Hour,1533,63406.40,316.5,17893.12,29061.13
2025,816,DEPT OF HEALTH/MENTAL HYGIENE,2006-03-13T00:00:00.000,BRONX,SUPERVISING PUBLIC HEALTH ADVISER,ACTIVE,72601.00,per Annum,1820,70297.90,0,0.00,5632.91
2025,816,DEPT OF HEALTH/MENTAL HYGIENE,2006-03-16T00:00:00.000,QUEENS,PUBLIC HEALTH NURSE,ACTIVE,50.27,per Hour,1421,60620.84,1,54.92,27022.00
2025,816,DEPT OF HEALTH/MENTAL HYGIENE,2006-10-10T00:00:00.000,QUEENS,ADMINISTRATIVE STAFF ANALYST,ACTIVE,142597.00,per Annum,1820,141245.57,0,0.00,2671.18
2025,816,DEPT OF HEALTH/MENTAL HYGIENE,2022-09-19T00:00:00.000,QUEENS,PUBLIC HEALTH ADVISER,ACTIVE,69828.00,per Annum,1820,67670.65,0,0.00,1500.00
2025,816,DEPT OF HEALTH/MENTAL HYGIENE,2016-10-31T00:00:00.000,BROOKLYN,PUBLIC HEALTH EDUCATOR,ACTIVE,68176.00,per Annum,1820,65702.93,0,0.00,0.00
2025,816,DEPT OF HEALTH/MENTAL HYGIENE,2007-03-19T00:00:00.000,MANHATTAN,CRIMINALIST,ACTIVE,119436.00,per Annum,1820,115661.00,68.25,5445.36,15755.19
2025,816,DEPT OF HEALTH/MENTAL HYGIENE,2007-04-16T00:00:00.000,QUEENS,PUBLIC HEALTH ADVISER,ACTIVE,28.61,per Hour,1365.75,37908.62,4,119.08,5024.16
2025,816,DEPT OF HEALTH/MENTAL HYGIENE,2010-10-12T00:00:00.000,BROOKLYN,PUBLIC HEALTH NURSE,ACTIVE,40.70,per Hour,1645,70378.06,49.5,2365.49,29969.11
2025,816,DEPT OF HEALTH/MENTAL HYGIENE,2021-09-27T00:00:00.000,BROOKLYN,PRINCIPAL ADMINISTRATIVE ASSOCIATE -  NON SUPVR,ACTIVE,61406.00,per Annum,1820,60334.57,0,0.00,1046.74
2025,816,DEPT OF HEALTH/MENTAL HYGIENE,2004-06-21T00:00:00.000,MANHATTAN,CRIMINALIST,ACTIVE,114304.00,per Annum,1820,110758.28,678.75,59000.15,13881.46
2025,816,DEPT OF HEALTH/MENTAL HYGIENE,2004-04-26T00:00:00.000,MANHATTAN,ASSOCIATE PUBLIC HEALTH SANITARIAN,ACTIVE,80899.00,per Annum,2080,78376.71,14.75,960.19,12025.67
2025,816,DEPT OF HEALTH/MENTAL HYGIENE,2004-03-08T00:00:00.000,BROOKLYN,PUBLIC HEALTH ADVISER,ACTIVE,52377.00,per Annum,1820,50736.13,0,0.00,5528.89
2025,816,DEPT OF HEALTH/MENTAL HYGIENE,2023-07-17T00:00:00.000,MANHATTAN,CONSULTANT,ACTIVE,77211.00,per Annum,1820,74825.81,0,0.00,580.27
2025,816,DEPT OF HEALTH/MENTAL HYGIENE,2015-08-24T00:00:00.000,QUEENS,SUPERVISING PUBLIC HEALTH ADVISER,ACTIVE,81488.00,per Annum,1820,78970.30,126.25,7293.44,3910.87
2025,816,DEPT OF HEALTH/MENTAL HYGIENE,2023-01-09T00:00:00.000,BRONX,COMMUNITY COORDINATOR,ACTIVE,72298.00,per Annum,1820,64934.52,0,0.00,143.00
2025,816,DEPT OF HEALTH/MENTAL HYGIENE,2016-09-12T00:00:00.000,BRONX,PUBLIC HEALTH NURSE,ACTIVE,40.70,per Hour,1421,57437.20,4,174.72,23816.72
2025,816,DEPT OF HEALTH/MENTAL HYGIENE,2012-01-23T00:00:00.000,BROOKLYN,ASSOCIATE PUBLIC HEALTH SANITARIAN,ACTIVE,80768.00,per Annum,2080,71538.39,0,0.00,9230.92
2025,816,DEPT OF HEALTH/MENTAL HYGIENE,2018-02-26T00:00:00.000,BRONX,JR PHNURSE,CEASED,37.95,per Hour,0,0.00,0,0.00,5450.19
2025,816,DEPT OF HEALTH/MENTAL HYGIENE,2009-04-27T00:00:00.000,MANHATTAN,PRINCIPAL ADMINISTRATIVE ASSOCIATE -  NON SUPVR,ACTIVE,68733.00,per Annum,1820,67535.53,43.5,1777.53,2108.32
2025,816,DEPT OF HEALTH/MENTAL HYGIENE,2022-10-11T00:00:00.000,BRONX,CONSULTANT,ACTIVE,88793.00,per Annum,1820,82953.18,0,28.55,1412.41
2025,816,DEPT OF HEALTH/MENTAL HYGIENE,2005-06-06T00:00:00.000,MANHATTAN,CRIMINALIST,ACTIVE,114330.00,per Annum,1820,110783.36,33.5,2203.53,11885.46
2025,816,DEPT OF HEALTH/MENTAL HYGIENE,2016-02-22T00:00:00.000,BROOKLYN,ADMIN COMMUNITY RELATIONS SPECIALIST,ACTIVE,78590.00,per Annum,1820,77851.85,0,0.00,0.00
2025,816,DEPT OF HEALTH/MENTAL HYGIENE,2005-04-11T00:00:00.000,QUEENS,ARCHITECT,ACTIVE,130056.00,per Annum,1820,126037.64,0,0.00,4890.27
2025,816,DEPT OF HEALTH/MENTAL HYGIENE,2005-12-12T00:00:00.000,QUEENS,COMMUNITY COORDINATOR,ACTIVE,78853.00,per Annum,1820,75597.53,146.75,7548.12,13.48
2025,816,DEPT OF HEALTH/MENTAL HYGIENE,2023-01-23T00:00:00.000,QUEENS,COMMUNITY COORDINATOR,ACTIVE,76727.00,per Annum,1820,74383.30,0,0.00,33.00
2025,816,DEPT OF HEALTH/MENTAL HYGIENE,2018-04-09T00:00:00.000,MANHATTAN,FORENSIC MORTUARY TECHNICIAN,ACTIVE,83800.00,per Annum,1820,77803.76,1631.5,99437.64,6324.87
2025,816,DEPT OF HEALTH/MENTAL HYGIENE,2023-10-02T00:00:00.000,QUEENS,PRINCIPAL ADMINISTRATIVE ASSOCIATE -  NON SUPVR,ACTIVE,68672.00,per Annum,1820,67489.99,0,0.00,24.75
2025,816,DEPT OF HEALTH/MENTAL HYGIENE,2007-10-01T00:00:00.000,BROOKLYN,*ASSIST COORDINATING MANAGER,CEASED,61660.00,per Annum,1600.93,51409.47,49.75,1933.48,4017.92
2025,816,DEPT OF HEALTH/MENTAL HYGIENE,2005-08-22T00:00:00.000,MANHATTAN,CRIMINALIST ASSISTANT DIRECTOR OF LABORATORY,ACTIVE,157087.00,per Annum,1820,150721.88,0,0.00,0.00
2025,816,DEPT OF HEALTH/MENTAL HYGIENE,2007-10-01T00:00:00.000,BROOKLYN,*SR MANAGEMENT CONSULTANT,ACTIVE,103529.00,per Annum,1820,102556.82,0,0.00,0.00
2025,816,DEPT OF HEALTH/MENTAL HYGIENE,2008-03-31T00:00:00.000,QUEENS,CITY CLINICIAN,CEASED,81.40,per Hour,0,10796.42,0,329.20,193.20
2025,816,DEPT OF HEALTH/MENTAL HYGIENE,2022-07-11T00:00:00.000,MANHATTAN,CRIMINALIST,ACTIVE,64029.00,per Annum,1820,62051.19,4.75,162.22,1334.79
2025,816,DEPT OF HEALTH/MENTAL HYGIENE,2008-09-22T00:00:00.000,QUEENS,CITY RESEARCH SCIENTIST,ACTIVE,125820.00,per Annum,1820,121935.65,0,0.00,5094.77
2025,816,DEPT OF HEALTH/MENTAL HYGIENE,2008-10-14T00:00:00.000,QUEENS,ADMINISTRATIVE STAFF ANALYST,ACTIVE,177498.00,per Annum,1820,175830.82,27,2810.31,7657.50
2025,816,DEPT OF HEALTH/MENTAL HYGIENE,2009-01-26T00:00:00.000,QUEENS,HEALTH SERVICES MANAGER NON MANAGERIAL LEVEL I,ACTIVE,142767.00,per Annum,1820,141426.07,0,0.00,567.13
2025,816,DEPT OF HEALTH/MENTAL HYGIENE,2025-04-20T00:00:00.000,MANHATTAN,CITY RESEARCH SCIENTIST,ACTIVE,129327.00,per Annum,280,19440.43,0,0.00,0.00
2025,816,DEPT OF HEALTH/MENTAL HYGIENE,2019-08-12T00:00:00.000,MANHATTAN,STATIONARY ENGINEER,ACTIVE,591.20,per Day,2080,149477.76,1001.25,111861.41,18072.76
2025,816,DEPT OF HEALTH/MENTAL HYGIENE,2023-10-02T00:00:00.000,BROOKLYN,PUBLIC HEALTH ADVISER,CEASED,51500.00,per Annum,928.5,26168.85,0,0.00,0.00
2025,816,DEPT OF HEALTH/MENTAL HYGIENE,2015-03-30T00:00:00.000,MANHATTAN,CITY RESEARCH SCIENTIST,ACTIVE,149312.00,per Annum,1820,137697.25,3,248.40,1802.77
2025,816,DEPT OF HEALTH/MENTAL HYGIENE,2022-05-09T00:00:00.000,MANHATTAN,COMMUNITY ASSOCIATE,ACTIVE,51227.00,per Annum,1820,48502.90,0,0.00,0.00
2025,816,DEPT OF HEALTH/MENTAL HYGIENE,2024-09-09T00:00:00.000,QUEENS,PUBLIC HEALTH EMERGENCY PREPAREDNESS SPECIALIST,ACTIVE,83990.00,per Annum,1400,62402.40,0,0.00,0.00
2025,816,DEPT OF HEALTH/MENTAL HYGIENE,2022-01-24T00:00:00.000,BRONX,PUBLIC HEALTH SANITARIAN,ACTIVE,72668.00,per Annum,2080,70385.74,0,0.00,2415.66
2025,816,DEPT OF HEALTH/MENTAL HYGIENE,2022-09-19T00:00:00.000,RICHMOND,PUBLIC HEALTH NURSE,CEASED,39.42,per Hour,450.25,18657.55,7,306.23,12003.08
2025,816,DEPT OF HEALTH/MENTAL HYGIENE,2022-11-07T00:00:00.000,MANHATTAN,EVIDENCE AND PROPERTY CONTROL SPECIALIST,ACTIVE,57790.00,per Annum,1820,55694.25,1,30.71,189.79
2025,816,DEPT OF HEALTH/MENTAL HYGIENE,2022-11-14T00:00:00.000,MANHATTAN,PUBLIC HEALTH ADVISER,ACTIVE,67113.00,per Annum,1820,61449.77,0,0.00,724.51
2025,816,DEPT OF HEALTH/MENTAL HYGIENE,2022-11-28T00:00:00.000,QUEENS,COMMUNITY COORDINATOR,ACTIVE,72298.00,per Annum,1820,70064.11,0,0.00,1500.00
2025,816,DEPT OF HEALTH/MENTAL HYGIENE,2022-12-12T00:00:00.000,MANHATTAN,COLLEGE AIDE,ACTIVE,16.75,per Hour,968.5,16812.03,0,0.00,0.00
2025,816,DEPT OF HEALTH/MENTAL HYGIENE,2023-01-03T00:00:00.000,BROOKLYN,COMMUNITY COORDINATOR,CEASED,74263.00,per Annum,350,14357.97,0,0.00,16.50
2025,816,DEPT OF HEALTH/MENTAL HYGIENE,2023-01-03T00:00:00.000,QUEENS,CITY RESEARCH SCIENTIST,ACTIVE,100904.00,per Annum,1232.75,59561.04,0,0.00,5401.73
2025,816,DEPT OF HEALTH/MENTAL HYGIENE,2023-01-17T00:00:00.000,QUEENS,COMMUNITY ASSISTANT,ACTIVE,46006.00,per Annum,2080,44560.84,3.75,120.04,0.00
2025,816,DEPT OF HEALTH/MENTAL HYGIENE,2023-11-06T00:00:00.000,QUEENS,PUBLIC HEALTH ADVISER,ACTIVE,63902.00,per Annum,1820,61928.11,0,0.00,291.80
2025,816,DEPT OF HEALTH/MENTAL HYGIENE,2021-09-20T00:00:00.000,MANHATTAN,CITY RESEARCH SCIENTIST,ACTIVE,100440.00,per Annum,1540,79219.90,0,0.00,401.96
2025,816,DEPT OF HEALTH/MENTAL HYGIENE,2023-01-17T00:00:00.000,QUEENS,CITY RESEARCH SCIENTIST,ACTIVE,81991.00,per Annum,1820,79457.58,0,0.00,41.25
2025,816,DEPT OF HEALTH/MENTAL HYGIENE,2022-10-11T00:00:00.000,QUEENS,CUSTOMER INFORMATION REPRESENTATIVE MA L 1549,ACTIVE,60932.00,per Annum,1554.02,46995.70,0,0.00,0.00
2025,816,DEPT OF HEALTH/MENTAL HYGIENE,2023-01-03T00:00:00.000,BROOKLYN,COLLEGE AIDE,ACTIVE,16.75,per Hour,1078,17994.90,0,0.00,0.00
2025,816,DEPT OF HEALTH/MENTAL HYGIENE,2020-11-09T00:00:00.000,RICHMOND,PUBLIC HEALTH NURSE,ACTIVE,40.70,per Hour,1459.5,60256.51,86,3603.44,20473.52
2025,816,DEPT OF HEALTH/MENTAL HYGIENE,2020-11-09T00:00:00.000,MANHATTAN,JR PHNURSE,ON LEAVE,40.36,per Hour,279,12612.01,0,0.00,21978.50
2025,816,DEPT OF HEALTH/MENTAL HYGIENE,2023-01-30T00:00:00.000,BROOKLYN,LABORATORY ASSOCIATE,ACTIVE,59161.00,per Annum,1610,42155.34,0,0.00,4500.00
2025,816,DEPT OF HEALTH/MENTAL HYGIENE,2020-08-24T00:00:00.000,QUEENS,CITY MEDICAL SPECIALIST,CEASED,95.51,per Hour,283.58,52257.22,0,0.00,17501.58
2025,816,DEPT OF HEALTH/MENTAL HYGIENE,2020-07-01T00:00:00.000,BROOKLYN,CITY MEDICAL EXAMINER,ACTIVE,268931.00,per Annum,2080,280491.17,324,41123.11,14490.16
2025,816,DEPT OF HEALTH/MENTAL HYGIENE,2020-05-26T00:00:00.000,MANHATTAN,ASSOCIATE LABORATORY MICROBIOLOGIST,ACTIVE,82962.00,per Annum,1820,85088.12,0,0.00,3000.00
2025,816,DEPT OF HEALTH/MENTAL HYGIENE,2020-03-09T00:00:00.000,QUEENS,CITY RESEARCH SCIENTIST,ACTIVE,100904.00,per Annum,1820,97757.70,0,0.00,771.60
2025,816,DEPT OF HEALTH/MENTAL HYGIENE,2020-02-24T00:00:00.000,QUEENS,PUBLIC HEALTH NURSE,ACTIVE,40.70,per Hour,1666,70591.66,14.5,865.58,29212.21
2025,816,DEPT OF HEALTH/MENTAL HYGIENE,2020-02-10T00:00:00.000,MANHATTAN,PUBLIC HEALTH NURSE,ACTIVE,97908.00,per Annum,1820,87234.19,0,0.00,8974.18
2025,816,DEPT OF HEALTH/MENTAL HYGIENE,2019-03-11T00:00:00.000,MANHATTAN,FAMILY PUB HEALTH NURSE,ACTIVE,103169.00,per Annum,1281,70314.88,0,0.00,7640.16
2025,816,DEPT OF HEALTH/MENTAL HYGIENE,2019-04-01T00:00:00.000,QUEENS,ADMINISTRATIVE ACCOUNTANT,ACTIVE,114188.00,per Annum,1820,110601.21,0,0.00,0.00
2025,816,DEPT OF HEALTH/MENTAL HYGIENE,2020-01-06T00:00:00.000,QUEENS,CITY RESEARCH SCIENTIST,ACTIVE,100904.00,per Annum,1820,99317.26,0,0.00,800.25
2025,816,DEPT OF HEALTH/MENTAL HYGIENE,2020-01-06T00:00:00.000,QUEENS,CITY RESEARCH SCIENTIST,ACTIVE,107882.00,per Annum,1820,103704.63,0,0.00,808.00
2025,816,DEPT OF HEALTH/MENTAL HYGIENE,2019-09-30T00:00:00.000,QUEENS,CITY RESEARCH SCIENTIST,ACTIVE,100904.00,per Annum,1820,97786.57,0,0.00,0.00
2025,816,DEPT OF HEALTH/MENTAL HYGIENE,2019-09-16T00:00:00.000,QUEENS,PRINCIPAL ADMINISTRATIVE ASSOCIATE -  NON SUPVR,ACTIVE,33.60,per Hour,1736,57458.40,0,0.00,3377.09
2025,816,DEPT OF HEALTH/MENTAL HYGIENE,2024-02-26T00:00:00.000,MANHATTAN,COMMUNITY ASSISTANT,ACTIVE,22.33,per Hour,744.03,16142.46,176.25,4023.36,1176.97
2025,816,DEPT OF HEALTH/MENTAL HYGIENE,2019-08-19T00:00:00.000,MANHATTAN,CRIMINALIST,ACTIVE,100544.00,per Annum,1820,97437.30,35.25,2443.49,3865.02
2025,816,DEPT OF HEALTH/MENTAL HYGIENE,2019-08-12T00:00:00.000,QUEENS,PUBLIC HEALTH ADVISER,ACTIVE,63019.00,per Annum,1820,61071.69,0,0.00,2277.00
2025,816,DEPT OF HEALTH/MENTAL HYGIENE,2019-08-05T00:00:00.000,MANHATTAN,PUBLIC HEALTH NURSE,ON LEAVE,97908.00,per Annum,1680,87439.67,0,0.00,8171.36
2025,816,DEPT OF HEALTH/MENTAL HYGIENE,2019-07-22T00:00:00.000,MANHATTAN,CUSTOMER INFORMATION REPRESENTATIVE MA L 1549,ACTIVE,51573.00,per Annum,1820,49979.96,21,608.58,5640.84
2025,816,DEPT OF HEALTH/MENTAL HYGIENE,2019-07-01T00:00:00.000,QUEENS,CITY RESEARCH SCIENTIST,ACTIVE,52.07,per Hour,1736,87742.44,0,0.00,4669.49
2025,816,DEPT OF HEALTH/MENTAL HYGIENE,2019-06-24T00:00:00.000,QUEENS,CITY RESEARCH SCIENTIST,CEASED,39.78,per Hour,0,876.96,0,0.00,0.00
2025,816,DEPT OF HEALTH/MENTAL HYGIENE,2022-09-19T00:00:00.000,QUEENS,ECONOMIST,ACTIVE,78579.00,per Annum,1820,74322.81,0,0.00,0.00
2025,816,DEPT OF HEALTH/MENTAL HYGIENE,2022-08-22T00:00:00.000,MANHATTAN,CRIMINALIST,CEASED,62014.00,per Annum,910,31018.50,23.25,911.60,145.22
2025,816,DEPT OF HEALTH/MENTAL HYGIENE,2022-08-08T00:00:00.000,QUEENS,CITY RESEARCH SCIENTIST,ACTIVE,81991.00,per Annum,1820,79415.15,0,0.00,324.14
2025,816,DEPT OF HEALTH/MENTAL HYGIENE,2022-07-05T00:00:00.000,MANHATTAN,CITY RESEARCH SCIENTIST,ACTIVE,100904.00,per Annum,1820,97786.57,0,0.00,218.98
2025,816,DEPT OF HEALTH/MENTAL HYGIENE,1989-05-22T00:00:00.000,MANHATTAN,SUPERVISING PUBLIC HEALTH ADVISER,ACTIVE,72971.00,per Annum,1820,70694.04,54,2275.38,6243.38
2025,816,DEPT OF HEALTH/MENTAL HYGIENE,1985-01-14T00:00:00.000,BROOKLYN,SENIOR MEDICAL SPECIALIST,CEASED,92.73,per Hour,-70,16383.48,0,0.00,6383.02
2025,816,DEPT OF HEALTH/MENTAL HYGIENE,2002-07-01T00:00:00.000,MANHATTAN,CLERICAL ASSOCIATE MOST MAYORAL AG,ACTIVE,53980.00,per Annum,1820,52290.07,0,0.00,5696.52
2025,816,DEPT OF HEALTH/MENTAL HYGIENE,2016-10-31T00:00:00.000,BROOKLYN,PUBLIC HEALTH ASSISTANT,ACTIVE,23.48,per Hour,1679,38268.67,0,0.00,4073.35
2025,816,DEPT OF HEALTH/MENTAL HYGIENE,1988-04-24T00:00:00.000,MANHATTAN,MAINTENANCE WORKER,ACTIVE,280.48,per Day,2080,71767.98,2459.75,127159.18,8764.36
2025,816,DEPT OF HEALTH/MENTAL HYGIENE,1997-03-24T00:00:00.000,QUEENS,CLERICAL ASSOCIATE MOST MAYORAL AG,ACTIVE,57459.00,per Annum,1820,55661.07,0,0.00,5696.52
2025,816,DEPT OF HEALTH/MENTAL HYGIENE,2011-05-16T00:00:00.000,QUEENS,DIRECTOR,ACTIVE,135551.00,per Annum,1820,131105.56,0,0.00,0.00
2025,816,DEPT OF HEALTH/MENTAL HYGIENE,1989-05-01T00:00:00.000,MANHATTAN,HEALTH SERVICES MANAGER,ACTIVE,154330.00,per Annum,1820,149045.64,0,0.00,0.00
2025,816,DEPT OF HEALTH/MENTAL HYGIENE,2011-05-16T00:00:00.000,QUEENS,SUPERVISOR II SOCIAL WORK,ACTIVE,88793.00,per Annum,1820,80800.66,0,0.00,3340.49
2025,816,DEPT OF HEALTH/MENTAL HYGIENE,1989-05-10T00:00:00.000,MANHATTAN,SUPERVISING COMPUTER SERVICE TECHNICIAN,ACTIVE,82391.00,per Annum,1820,79822.71,0,0.00,6350.72
2025,816,DEPT OF HEALTH/MENTAL HYGIENE,2014-04-07T00:00:00.000,QUEENS,PRINCIPAL ADMINISTRATIVE ASSOCIATE -  NON SUPVR,ACTIVE,63654.00,per Annum,1820,61027.37,1.75,120.86,5319.80
2025,816,DEPT OF HEALTH/MENTAL HYGIENE,1989-07-31T00:00:00.000,MANHATTAN,ASSOCIATE PUBLIC HEALTH SANITARIAN,ACTIVE,105854.00,per Annum,2080,102561.24,0,0.00,13571.41
2025,816,DEPT OF HEALTH/MENTAL HYGIENE,2002-07-01T00:00:00.000,QUEENS,SPEC CONSULTANT,CEASED,51.60,per Hour,112.35,5893.02,0,0.00,49.43
2025,816,DEPT OF HEALTH/MENTAL HYGIENE,1989-09-12T00:00:00.000,QUEENS,HEALTH SERVICES MANAGER NON MANAGERIAL LEVEL II,ACTIVE,147389.00,per Annum,1820,145994.86,0,0.00,1495.87
2025,816,DEPT OF HEALTH/MENTAL HYGIENE,1995-05-08T00:00:00.000,QUEENS,PRINCIPAL ADMINISTRATIVE ASSOCIATE -  NON SUPVR,ACTIVE,68733.00,per Annum,1820,67535.53,16.25,726.87,1847.49
2025,816,DEPT OF HEALTH/MENTAL HYGIENE,1990-06-04T00:00:00.000,BRONX,HEALTH SERVICES MANAGER NON MANAGERIAL LEVEL I,ACTIVE,106557.00,per Annum,1820,105556.16,0,0.00,0.00
2025,816,DEPT OF HEALTH/MENTAL HYGIENE,1992-04-20T00:00:00.000,MANHATTAN,ASSOCIATE PUBLIC HEALTH SANITARIAN,ACTIVE,90037.00,per Annum,2080,87232.94,0,0.00,12323.88
2025,816,DEPT OF HEALTH/MENTAL HYGIENE,2016-05-23T00:00:00.000,QUEENS,CITY RESEARCH SCIENTIST,ACTIVE,135434.00,per Annum,1820,131252.38,0,0.00,3168.71
2025,816,DEPT OF HEALTH/MENTAL HYGIENE,2016-06-06T00:00:00.000,QUEENS,SPEC CONSULTANT,ACTIVE,95392.00,per Annum,1820,92444.52,58,3672.33,3473.37
2025,816,DEPT OF HEALTH/MENTAL HYGIENE,2016-07-11T00:00:00.000,MANHATTAN,CRIMINALIST,ACTIVE,113759.00,per Annum,1820,110246.79,98,6954.40,6135.01
2025,816,DEPT OF HEALTH/MENTAL HYGIENE,2016-08-15T00:00:00.000,QUEENS,CITY RESEARCH SCIENTIST,ACTIVE,161229.00,per Annum,1820,156166.86,0,0.00,2974.64
2025,816,DEPT OF HEALTH/MENTAL HYGIENE,2016-08-22T00:00:00.000,MANHATTAN,PUBLIC HEALTH ASSISTANT,ACTIVE,23.48,per Hour,1645,37495.52,16,378.52,3879.36
2025,816,DEPT OF HEALTH/MENTAL HYGIENE,2016-09-12T00:00:00.000,BROOKLYN,PUBLIC HEALTH NURSE,CEASED,38.26,per Hour,0,0.00,0,0.00,855.07
2025,816,DEPT OF HEALTH/MENTAL HYGIENE,2022-10-24T00:00:00.000,MANHATTAN,ASSOCIATE CONTRACT SPECIALIST,CEASED,77910.00,per Annum,569,22608.58,0,0.00,0.00
2025,816,DEPT OF HEALTH/MENTAL HYGIENE,2016-10-17T00:00:00.000,QUEENS,ASSOCIATE PUBLIC HEALTH SANITARIAN,ACTIVE,84414.00,per Annum,2080,81762.25,8.5,545.54,7577.44
2025,816,DEPT OF HEALTH/MENTAL HYGIENE,2020-11-09T00:00:00.000,MANHATTAN,JR PHNURSE,ACTIVE,40.36,per Hour,1490,61055.12,195.75,9826.16,17890.71
2025,816,DEPT OF HEALTH/MENTAL HYGIENE,2017-01-09T00:00:00.000,QUEENS,CITY RESEARCH SCIENTIST,CEASED,97775.00,per Annum,255.33,13834.34,0,0.00,945.98
2025,816,DEPT OF HEALTH/MENTAL HYGIENE,2017-01-30T00:00:00.000,QUEENS,CITY RESEARCH SCIENTIST,ACTIVE,126000.00,per Annum,1820,116531.55,0,0.00,2967.69
2025,816,DEPT OF HEALTH/MENTAL HYGIENE,2017-03-27T00:00:00.000,QUEENS,COMPUTER SPECIALIST,ACTIVE,64.74,per Hour,1734.3,108984.73,0,0.00,5839.66
2025,816,DEPT OF HEALTH/MENTAL HYGIENE,2017-04-24T00:00:00.000,QUEENS,CITY RESEARCH SCIENTIST,ACTIVE,119655.00,per Annum,1820,115958.54,0,0.00,2830.07
2025,816,DEPT OF HEALTH/MENTAL HYGIENE,2017-09-11T00:00:00.000,QUEENS,CITY MEDICAL SPECIALIST,ACTIVE,95.51,per Hour,1494,164940.00,2.75,614.43,11340.90
2025,816,DEPT OF HEALTH/MENTAL HYGIENE,2017-09-11T00:00:00.000,MANHATTAN,PUBLIC HEALTH NURSE,ACTIVE,40.70,per Hour,1691.5,71101.07,355,20216.96,27075.65
2025,816,DEPT OF HEALTH/MENTAL HYGIENE,2017-09-11T00:00:00.000,QUEENS,JR PHNURSE,ACTIVE,40.36,per Hour,1351,56606.40,7,346.26,19429.85
2025,816,DEPT OF HEALTH/MENTAL HYGIENE,2017-09-11T00:00:00.000,BROOKLYN,JR PHNURSE,CEASED,37.95,per Hour,0,0.00,0,0.00,258.06
2025,816,DEPT OF HEALTH/MENTAL HYGIENE,2017-09-25T00:00:00.000,QUEENS,COMMUNITY COORDINATOR,CEASED,79777.00,per Annum,0,6388.51,0,0.00,0.00
2025,816,DEPT OF HEALTH/MENTAL HYGIENE,2017-10-02T00:00:00.000,QUEENS,COMPUTER SYSTEMS MANAGER,ACTIVE,174448.00,per Annum,1820,178411.45,0,0.00,2000.00
2025,816,DEPT OF HEALTH/MENTAL HYGIENE,2022-02-28T00:00:00.000,MANHATTAN,MANAGEMENT AUDITOR,CEASED,86675.00,per Annum,1820,83997.25,33.5,1696.37,0.00
2025,816,DEPT OF HEALTH/MENTAL HYGIENE,2017-12-18T00:00:00.000,MANHATTAN,INSTITUTIONAL AIDE,ACTIVE,49847.00,per Annum,2080,48306.98,1272.75,45074.58,3424.54
2025,816,DEPT OF HEALTH/MENTAL HYGIENE,2025-05-19T00:00:00.000,MANHATTAN,CITY RESEARCH SCIENTIST,ACTIVE,122034.00,per Annum,140,9361.52,0,0.00,0.00
2025,816,DEPT OF HEALTH/MENTAL HYGIENE,2019-09-30T00:00:00.000,MANHATTAN,CITY RESEARCH SCIENTIST,ACTIVE,113711.00,per Annum,1820,110139.22,0,0.00,1181.63
2025,816,DEPT OF HEALTH/MENTAL HYGIENE,2018-02-26T00:00:00.000,MANHATTAN,JR PHNURSE,ACTIVE,40.36,per Hour,922,36992.74,61,2651.42,16445.16
2025,816,DEPT OF HEALTH/MENTAL HYGIENE,2018-02-26T00:00:00.000,MANHATTAN,PUBLIC HEALTH NURSE,ACTIVE,40.70,per Hour,1009.5,40811.63,2,87.37,19711.12
2025,816,DEPT OF HEALTH/MENTAL HYGIENE,2018-04-16T00:00:00.000,QUEENS,DIRECTOR OF PUBLIC RELATIONS,ACTIVE,173795.00,per Annum,1820,167843.86,0,0.00,0.00
2025,816,DEPT OF HEALTH/MENTAL HYGIENE,2018-06-11T00:00:00.000,QUEENS,SPECIAL ASSISTANT TO COMMISSIONER,ACTIVE,208631.00,per Annum,1820,208244.19,0,0.00,1000.00
2025,816,DEPT OF HEALTH/MENTAL HYGIENE,2018-08-06T00:00:00.000,QUEENS,CITY RESEARCH SCIENTIST,ACTIVE,106782.00,per Annum,1820,103427.71,0,0.00,1831.99
2025,816,DEPT OF HEALTH/MENTAL HYGIENE,2018-09-04T00:00:00.000,QUEENS,HEALTH SERVICES MANAGER NON MANAGERIAL LEVEL I,ACTIVE,106968.00,per Annum,1820,105963.19,0,0.00,24.75
2025,816,DEPT OF HEALTH/MENTAL HYGIENE,2018-11-05T00:00:00.000,MANHATTAN,CITY MEDICAL EXAMINER,CEASED,268931.00,per Annum,1697.83,258600.35,0,0.00,20599.92
2025,816,DEPT OF HEALTH/MENTAL HYGIENE,2018-11-05T00:00:00.000,MANHATTAN,PUBLIC HEALTH SANITARIAN,ACTIVE,72668.00,per Annum,2080,70423.33,0,0.00,5226.67
2025,816,DEPT OF HEALTH/MENTAL HYGIENE,2019-01-07T00:00:00.000,QUEENS,CITY RESEARCH SCIENTIST,ACTIVE,100904.00,per Annum,1820,97786.57,0,0.00,2866.25
2025,816,DEPT OF HEALTH/MENTAL HYGIENE,2019-02-04T00:00:00.000,QUEENS,PUBLIC HEALTH NURSE,ACTIVE,40.70,per Hour,1519,62288.64,227,10956.48,24299.10
2025,816,DEPT OF HEALTH/MENTAL HYGIENE,2019-02-11T00:00:00.000,QUEENS,CITY RESEARCH SCIENTIST,ACTIVE,113968.00,per Annum,1820,105087.61,0,0.00,2543.57
2025,816,DEPT OF HEALTH/MENTAL HYGIENE,2019-02-04T00:00:00.000,BROOKLYN,PRINCIPAL ADMINISTRATIVE ASSOCIATE -  NON SUPVR,CEASED,62144.00,per Annum,0,0.00,0,0.00,38.58
2025,816,DEPT OF HEALTH/MENTAL HYGIENE,2000-11-06T00:00:00.000,MANHATTAN,EVIDENCE AND PROPERTY CONTROL SPECIALIST,ACTIVE,93733.00,per Annum,1820,90316.27,364.5,21043.18,5200.59
2025,816,DEPT OF HEALTH/MENTAL HYGIENE,2001-04-26T00:00:00.000,QUEENS,SUPERVISING PUBLIC HEALTH ADVISER,ACTIVE,78179.00,per Annum,1820,75741.11,22,1282.58,6128.04
2025,816,DEPT OF HEALTH/MENTAL HYGIENE,2002-04-15T00:00:00.000,MANHATTAN,CRIMINALIST,ACTIVE,101330.00,per Annum,1820,98184.82,190.5,12847.80,15000.18
2025,816,DEPT OF HEALTH/MENTAL HYGIENE,2002-05-08T00:00:00.000,QUEENS,SUPERVISING SPECIAL OFFICER,ACTIVE,72246.00,per Annum,1280,43334.29,198.75,10181.53,5588.14
2025,816,DEPT OF HEALTH/MENTAL HYGIENE,2002-06-03T00:00:00.000,MANHATTAN,ASSOCIATE PUBLIC HEALTH SANITARIAN,ACTIVE,92693.00,per Annum,2080,89839.34,629,16298.15,18394.51
2025,816,DEPT OF HEALTH/MENTAL HYGIENE,2002-09-23T00:00:00.000,QUEENS,HEALTH SERVICES MANAGER NON MANAGERIAL LEVEL I,ACTIVE,117823.00,per Annum,1820,116709.85,19,1236.61,1504.12
2025,816,DEPT OF HEALTH/MENTAL HYGIENE,2002-10-07T00:00:00.000,QUEENS,PUBLIC HEALTH SANITARIAN,ACTIVE,72827.00,per Annum,2080,70515.88,191.75,11335.09,11695.79
2025,816,DEPT OF HEALTH/MENTAL HYGIENE,2016-05-16T00:00:00.000,BROOKLYN,SUPERVISING PUBLIC HEALTH ADVISER,ACTIVE,72601.00,per Annum,1820,70335.88,0,0.00,5591.44
2025,816,DEPT OF HEALTH/MENTAL HYGIENE,2003-01-13T00:00:00.000,MANHATTAN,CRIMINALIST DIRECTOR OF LABORATORY,ACTIVE,249669.00,per Annum,1820,241120.25,0,0.00,1000.00
2025,816,DEPT OF HEALTH/MENTAL HYGIENE,2003-01-27T00:00:00.000,MANHATTAN,SUPERVISING PUBLIC HEALTH ADVISER,ACTIVE,72627.00,per Annum,1820,70411.16,0,0.00,6091.89
2025,816,DEPT OF HEALTH/MENTAL HYGIENE,2004-03-15T00:00:00.000,QUEENS,SCIENTIST,ACTIVE,80567.00,per Annum,1820,78080.41,0,35.60,5741.39
2025,816,DEPT OF HEALTH/MENTAL HYGIENE,2023-02-13T00:00:00.000,QUEENS,SOCIAL WORKER,ACTIVE,76677.00,per Annum,1820,67423.00,0,0.00,2347.51
2025,816,DEPT OF HEALTH/MENTAL HYGIENE,2023-02-27T00:00:00.000,MANHATTAN,NURSE PRACTICIONER,CEASED,68.53,per Hour,548.57,37719.27,0,0.00,1000.00
2025,816,DEPT OF HEALTH/MENTAL HYGIENE,2023-02-27T00:00:00.000,MANHATTAN,PUBLIC HEALTH NURSE,ACTIVE,40.70,per Hour,1268.98,51165.17,0,0.00,27378.60
2025,816,DEPT OF HEALTH/MENTAL HYGIENE,2023-03-20T00:00:00.000,BRONX,COMMUNITY COORDINATOR,CEASED,70022.00,per Annum,1588,46851.75,17,881.49,2424.74
2025,816,DEPT OF HEALTH/MENTAL HYGIENE,2023-04-10T00:00:00.000,QUEENS,CITY RESEARCH SCIENTIST,ACTIVE,100904.00,per Annum,1820,97786.57,0,0.00,182.06
2025,816,DEPT OF HEALTH/MENTAL HYGIENE,2023-04-17T00:00:00.000,QUEENS,STRATEGIC INITIATIVE SPECIALIST,CEASED,141559.00,per Annum,546,43744.46,0,0.00,0.00
2025,816,DEPT OF HEALTH/MENTAL HYGIENE,2023-04-17T00:00:00.000,QUEENS,CITY MEDICAL SPECIALIST,ACTIVE,95.51,per Hour,1757,180740.98,0,243.60,21938.97
2025,816,DEPT OF HEALTH/MENTAL HYGIENE,2023-05-08T00:00:00.000,MANHATTAN,INVESTIGATOR,ACTIVE,54769.00,per Annum,1820,53076.74,0,0.00,1192.95
2025,816,DEPT OF HEALTH/MENTAL HYGIENE,2023-06-12T00:00:00.000,MANHATTAN,CRIMINALIST,ACTIVE,64029.00,per Annum,1820,62013.15,4.25,144.26,116.87
2025,816,DEPT OF HEALTH/MENTAL HYGIENE,2023-06-28T00:00:00.000,QUEENS,COLLEGE AIDE,ACTIVE,18.30,per Hour,196,3586.80,0,0.00,0.00
2025,816,DEPT OF HEALTH/MENTAL HYGIENE,2023-07-17T00:00:00.000,QUEENS,PUBLIC HEALTH ADVISER,ACTIVE,58491.00,per Annum,1820,56684.04,0,0.00,1986.85
2025,816,DEPT OF HEALTH/MENTAL HYGIENE,2023-09-05T00:00:00.000,QUEENS,STOCK WORKER,ACTIVE,29.04,per Hour,1733.25,48579.43,0,0.00,1203.28
2025,816,DEPT OF HEALTH/MENTAL HYGIENE,2023-10-02T00:00:00.000,MANHATTAN,COMMUNITY ASSOCIATE,ACTIVE,54769.00,per Annum,1820,53076.74,0,0.00,0.00
2025,816,DEPT OF HEALTH/MENTAL HYGIENE,2023-11-27T00:00:00.000,QUEENS,CITY RESEARCH SCIENTIST,ACTIVE,115309.00,per Annum,1820,111746.08,0,0.00,135.75
2025,816,DEPT OF HEALTH/MENTAL HYGIENE,2024-03-04T00:00:00.000,QUEENS,COLLEGE AIDE,CEASED,18.30,per Hour,87.68,1604.62,0,0.00,0.00
2025,816,DEPT OF HEALTH/MENTAL HYGIENE,2025-03-03T00:00:00.000,MANHATTAN,PUBLIC HEALTH SANITARIAN,ACTIVE,53132.00,per Annum,600,14895.18,0,0.00,0.00
2025,816,DEPT OF HEALTH/MENTAL HYGIENE,2024-03-18T00:00:00.000,MANHATTAN,PUBLIC HEALTH SANITARIAN,ACTIVE,53132.00,per Annum,2080,48527.68,0,0.00,95.29
2025,816,DEPT OF HEALTH/MENTAL HYGIENE,2024-03-04T00:00:00.000,QUEENS,COLLEGE AIDE,CEASED,19.90,per Hour,531,10566.91,0,0.00,0.00
2025,816,DEPT OF HEALTH/MENTAL HYGIENE,2024-04-01T00:00:00.000,QUEENS,CITY RESEARCH SCIENTIST,ACTIVE,112883.00,per Annum,1820,109337.18,0,0.00,80.53
2025,816,DEPT OF HEALTH/MENTAL HYGIENE,2024-05-20T00:00:00.000,QUEENS,CITY RESEARCH SCIENTIST,ACTIVE,81991.00,per Annum,1820,72480.68,0,0.00,0.00
2025,816,DEPT OF HEALTH/MENTAL HYGIENE,2024-06-12T00:00:00.000,QUEENS,COLLEGE AIDE,CEASED,16.50,per Hour,298.87,4931.34,0,0.00,0.00
2025,816,DEPT OF HEALTH/MENTAL HYGIENE,2024-06-12T00:00:00.000,QUEENS,COLLEGE AIDE,CEASED,17.30,per Hour,337,5830.12,0,0.00,0.00
2025,816,DEPT OF HEALTH/MENTAL HYGIENE,2024-06-17T00:00:00.000,MANHATTAN,COLLEGE AIDE,CEASED,16.50,per Hour,294,4851.00,0,0.00,0.00
2025,816,DEPT OF HEALTH/MENTAL HYGIENE,2024-06-24T00:00:00.000,BRONX,PUBLIC HEALTH SANITARIAN,CEASED,51460.00,per Annum,1480,36241.44,0,0.00,0.00
2025,816,DEPT OF HEALTH/MENTAL HYGIENE,2024-07-22T00:00:00.000,MANHATTAN,CONFIDENTIAL STRATEGY PLANNER,ACTIVE,84087.00,per Annum,1645,75478.04,0,0.00,0.00
2025,816,DEPT OF HEALTH/MENTAL HYGIENE,2024-09-16T00:00:00.000,MANHATTAN,CRIMINALIST,ACTIVE,64029.00,per Annum,1365,44208.33,37.5,1366.23,583.54
2025,816,DEPT OF HEALTH/MENTAL HYGIENE,2024-09-23T00:00:00.000,MANHATTAN,INVESTIGATOR,ACTIVE,53822.00,per Annum,1330,38082.00,0,0.00,0.00
2025,816,DEPT OF HEALTH/MENTAL HYGIENE,2000-12-12T00:00:00.000,BROOKLYN,ADMIN COMMUNITY RELATIONS SPECIALIST,ACTIVE,78778.00,per Annum,1820,78028.31,0,0.00,1495.87
2025,816,DEPT OF HEALTH/MENTAL HYGIENE,2000-10-30T00:00:00.000,MANHATTAN,ADM MANAGER-NON-MGRL,ACTIVE,94219.00,per Annum,1820,92597.39,0,0.00,2316.73
2025,816,DEPT OF HEALTH/MENTAL HYGIENE,2000-07-03T00:00:00.000,QUEENS,PUBLIC HEALTH ADVISER,ACTIVE,63019.00,per Annum,1820,61071.69,44,1994.90,4570.30
2025,816,DEPT OF HEALTH/MENTAL HYGIENE,2000-05-30T00:00:00.000,MANHATTAN,ASSOCIATE LABORATORY MICROBIOLOGIST,ACTIVE,98881.00,per Annum,1820,104394.48,0,0.00,7711.42
2025,816,DEPT OF HEALTH/MENTAL HYGIENE,2000-06-05T00:00:00.000,BROOKLYN,JR PHNURSE,ON SEPARATION LEAVE,40.36,per Hour,1578.5,69380.33,1,49.76,44713.34
2025,816,DEPT OF HEALTH/MENTAL HYGIENE,2006-03-27T00:00:00.000,QUEENS,DIRECTOR OF INTERAGENCY PLANNING,ACTIVE,145034.00,per Annum,1820,140068.34,0,0.00,500.00
2025,816,DEPT OF HEALTH/MENTAL HYGIENE,2017-12-11T00:00:00.000,QUEENS,PRINCIPAL ADMINISTRATIVE ASSOCIATE -  NON SUPVR,CEASED,94158.00,per Annum,993.5,53386.90,0,0.00,2520.55
2025,816,DEPT OF HEALTH/MENTAL HYGIENE,2000-12-04T00:00:00.000,QUEENS,SUPERVISING PUBLIC HEALTH ADVISER,ACTIVE,72684.00,per Annum,1820,70415.95,0,0.00,6091.89
2025,816,DEPT OF HEALTH/MENTAL HYGIENE,2008-01-07T00:00:00.000,MANHATTAN,CRIMINALIST,ACTIVE,119535.00,per Annum,1820,73655.86,149.25,8860.23,53655.28
2025,816,DEPT OF HEALTH/MENTAL HYGIENE,2001-10-09T00:00:00.000,MANHATTAN,SECRETARY,ACTIVE,71160.00,per Annum,1820,68402.87,0,0.00,5652.27
2025,816,DEPT OF HEALTH/MENTAL HYGIENE,2002-07-01T00:00:00.000,QUEENS,ADMINISTRATIVE ACCOUNTANT,ACTIVE,113759.00,per Annum,1820,110185.35,0,0.00,2347.94
2025,816,DEPT OF HEALTH/MENTAL HYGIENE,1997-12-22T00:00:00.000,QUEENS,COMPUTER SERVICE TECHNICIAN,ON LEAVE,75993.00,per Annum,770,31169.63,0,0.00,2682.82
2025,816,DEPT OF HEALTH/MENTAL HYGIENE,1997-03-06T00:00:00.000,QUEENS,CITY RESEARCH SCIENTIST,ACTIVE,109480.00,per Annum,1820,106049.10,0,0.00,8661.79
2025,816,DEPT OF HEALTH/MENTAL HYGIENE,1996-12-22T00:00:00.000,MANHATTAN,HEALTH SERVICES MANAGER NON MANAGERIAL LEVEL I,ACTIVE,103083.00,per Annum,1820,102105.09,0,0.00,1495.87
2025,816,DEPT OF HEALTH/MENTAL HYGIENE,2001-02-19T00:00:00.000,MANHATTAN,ADM MANAGER-NON-MGRL,ACTIVE,78590.00,per Annum,1820,77221.98,0,0.00,2571.51
2025,816,DEPT OF HEALTH/MENTAL HYGIENE,2010-05-03T00:00:00.000,BROOKLYN,PUBLIC HEALTH ADVISER,ACTIVE,69828.00,per Annum,1820,67670.65,2.5,100.82,3676.87
2025,816,DEPT OF HEALTH/MENTAL HYGIENE,1996-05-19T00:00:00.000,QUEENS,PRINCIPAL ADMINISTRATIVE ASSOCIATE -  NON SUPVR,ACTIVE,79857.00,per Annum,1820,77429.58,0,0.00,4706.33
2025,816,DEPT OF HEALTH/MENTAL HYGIENE,1996-06-09T00:00:00.000,QUEENS,ADM MANAGER-NON-MGRL,CEASED,82931.00,per Annum,274.95,12484.58,0,0.00,277.04
2025,816,DEPT OF HEALTH/MENTAL HYGIENE,2017-04-10T00:00:00.000,QUEENS,HEALTH SERVICES MANAGER NON MANAGERIAL LEVEL I,ACTIVE,95481.00,per Annum,1820,94584.13,0,0.00,1772.03
2025,816,DEPT OF HEALTH/MENTAL HYGIENE,1995-02-14T00:00:00.000,QUEENS,PUBLIC HEALTH ADVISER,ACTIVE,63323.00,per Annum,1820,61344.44,0,0.00,5780.96
2025,816,DEPT OF HEALTH/MENTAL HYGIENE,1995-01-09T00:00:00.000,BROOKLYN,ADMIN COMMUNITY RELATIONS SPECIALIST,ACTIVE,78778.00,per Annum,1820,78028.31,35.5,1801.53,1545.87
2025,816,DEPT OF HEALTH/MENTAL HYGIENE,1994-08-22T00:00:00.000,QUEENS,HEALTH SERVICES MANAGER NON MANAGERIAL LEVEL I,CEASED,100064.00,per Annum,1651.2,89842.72,0,0.00,1357.15
2025,816,DEPT OF HEALTH/MENTAL HYGIENE,1994-02-22T00:00:00.000,MANHATTAN,ASSOCIATE PUBLIC HEALTH SANITARIAN,ON SEPARATION LEAVE,108392.00,per Annum,2080,105020.67,0,0.00,12954.17
2025,816,DEPT OF HEALTH/MENTAL HYGIENE,1993-11-01T00:00:00.000,MANHATTAN,SUPERVISING PUBLIC HEALTH ADVISER,ACTIVE,72601.00,per Annum,1820,74600.53,0,0.00,6219.39
2025,816,DEPT OF HEALTH/MENTAL HYGIENE,1993-08-23T00:00:00.000,QUEENS,PUBLIC HEALTH ADVISER,ACTIVE,28.75,per Hour,1736,48422.50,0,0.00,7984.90
2025,816,DEPT OF HEALTH/MENTAL HYGIENE,1997-09-15T00:00:00.000,BROOKLYN,PUBLIC HEALTH NURSE,ACTIVE,97908.00,per Annum,1820,94882.87,16,1254.02,26359.46
2025,816,DEPT OF HEALTH/MENTAL HYGIENE,2001-04-26T00:00:00.000,BROOKLYN,PUBLIC HEALTH ADVISER,ACTIVE,68236.00,per Annum,1820,66105.30,36.25,1897.36,5846.96
2025,816,DEPT OF HEALTH/MENTAL HYGIENE,2025-05-19T00:00:00.000,MANHATTAN,COMMUNITY ASSISTANT,ACTIVE,42092.00,per Annum,160,3228.98,0,0.00,0.00
2025,816,DEPT OF HEALTH/MENTAL HYGIENE,2025-05-19T00:00:00.000,BRONX,PUBLIC HEALTH SANITARIAN,ACTIVE,51460.00,per Annum,160,2763.34,0,0.00,33.18
2025,816,DEPT OF HEALTH/MENTAL HYGIENE,2025-05-05T00:00:00.000,MANHATTAN,PUBLIC HEALTH SANITARIAN,ACTIVE,53132.00,per Annum,240,6013.04,0,0.00,0.00
2025,816,DEPT OF HEALTH/MENTAL HYGIENE,2025-03-24T00:00:00.000,QUEENS,SUPERVISOR OF STOCK WORKERS,ACTIVE,66950.00,per Annum,420,13597.99,0,0.00,0.00
2025,816,DEPT OF HEALTH/MENTAL HYGIENE,2025-03-12T00:00:00.000,QUEENS,COLLEGE AIDE,ACTIVE,19.30,per Hour,125.88,2429.57,0,0.00,0.00
2025,816,DEPT OF HEALTH/MENTAL HYGIENE,2025-01-13T00:00:00.000,QUEENS,COLLEGE AIDE,CEASED,20.90,per Hour,316,6604.45,0,0.00,0.00
2025,816,DEPT OF HEALTH/MENTAL HYGIENE,2024-12-09T00:00:00.000,QUEENS,PUBLIC HEALTH ADVISER,ACTIVE,54799.00,per Annum,945,27576.73,0,0.00,0.00
2025,816,DEPT OF HEALTH/MENTAL HYGIENE,2024-11-12T00:00:00.000,MANHATTAN,LABORATORY ASSOCIATE,ACTIVE,28.00,per Hour,966,26496.98,11.5,314.62,19.82
2025,816,DEPT OF HEALTH/MENTAL HYGIENE,2024-10-21T00:00:00.000,MANHATTAN,LABORATORY ASSOCIATE,ACTIVE,55187.00,per Annum,1190,34809.27,0,0.00,0.00
2025,71,DEPT. OF HOMELESS SERVICES,2014-09-01T00:00:00.000,BROOKLYN,SPECIAL OFFICER,ACTIVE,56508.00,per Annum,2080,54458.39,212.5,8490.73,6286.39
2025,71,DEPT. OF HOMELESS SERVICES,2018-01-16T00:00:00.000,BROOKLYN,COMMUNITY ASSISTANT,ACTIVE,43460.00,per Annum,1950,42117.33,461.5,15275.70,3258.31
2025,71,DEPT. OF HOMELESS SERVICES,2002-03-04T00:00:00.000,MANHATTAN,SUPERVISING SPECIAL OFFICER,ACTIVE,62985.00,per Annum,937.15,26074.06,17,772.96,3357.08
2025,71,DEPT. OF HOMELESS SERVICES,2016-07-18T00:00:00.000,MANHATTAN,COMMUNITY COORDINATOR,ACTIVE,72480.00,per Annum,1820,70217.92,166.75,8711.48,1830.28
2025,71,DEPT. OF HOMELESS SERVICES,2002-07-01T00:00:00.000,MANHATTAN,SPECIAL OFFICER,ACTIVE,56612.00,per Annum,2080,54542.39,612.75,24749.81,7658.08
2025,71,DEPT. OF HOMELESS SERVICES,2014-01-27T00:00:00.000,MANHATTAN,ADMINISTRATIVE DIRECTOR OF SOCIAL SERVICES,ACTIVE,89772.00,per Annum,1820,84852.05,8.25,588.92,567.06
2025,71,DEPT. OF HOMELESS SERVICES,2017-01-17T00:00:00.000,MANHATTAN,ADMINISTRATIVE STAFF ANALYST,ACTIVE,95454.00,per Annum,1820,94525.22,9,604.46,5301.51
2025,71,DEPT. OF HOMELESS SERVICES,2008-07-07T00:00:00.000,BRONX,FRAUD INVESTIGATOR,ACTIVE,55973.00,per Annum,1820,54224.28,0,0.00,7571.37
2025,71,DEPT. OF HOMELESS SERVICES,2015-12-28T00:00:00.000,MANHATTAN,SUPERVISOR I,ACTIVE,68422.00,per Annum,1820,66307.84,99,4218.32,4092.36
2025,71,DEPT. OF HOMELESS SERVICES,2003-02-18T00:00:00.000,MANHATTAN,ADMINISTRATIVE DIRECTOR OF SOCIAL SERVICES,ACTIVE,119696.00,per Annum,1820,108786.00,0,0.00,0.00
2025,71,DEPT. OF HOMELESS SERVICES,2024-01-02T00:00:00.000,MANHATTAN,SPECIAL OFFICER,CEASED,39206.00,per Annum,1520,13530.26,220.75,5992.04,1578.74
2025,71,DEPT. OF HOMELESS SERVICES,2023-01-09T00:00:00.000,BRONX,ADMINISTRATIVE DIRECTOR OF SOCIAL SERVICES,ACTIVE,179721.00,per Annum,1820,173567.63,0,0.00,0.00
2025,71,DEPT. OF HOMELESS SERVICES,2018-08-06T00:00:00.000,MANHATTAN,SPECIAL OFFICER,CEASED,53264.00,per Annum,182.85,4687.23,1.25,48.66,404.13
2025,71,DEPT. OF HOMELESS SERVICES,2019-12-16T00:00:00.000,MANHATTAN,ADMINISTRATIVE DIRECTOR OF SOCIAL SERVICES,ACTIVE,179721.00,per Annum,1820,173567.63,0,0.00,290.67
2025,71,DEPT. OF HOMELESS SERVICES,2015-03-30T00:00:00.000,MANHATTAN,SPECIAL OFFICER,ACTIVE,56508.00,per Annum,2080,54458.39,1177.25,47554.12,8476.02
2025,71,DEPT. OF HOMELESS SERVICES,2018-04-30T00:00:00.000,MANHATTAN,COMMUNITY COORDINATOR,ACTIVE,72298.00,per Annum,1820,70064.11,505.5,25002.15,5184.32
2025,71,DEPT. OF HOMELESS SERVICES,2016-03-14T00:00:00.000,MANHATTAN,COMMUNITY COORDINATOR,ACTIVE,72298.00,per Annum,1820,70064.11,555,28906.32,2221.55
2025,71,DEPT. OF HOMELESS SERVICES,2015-12-14T00:00:00.000,BRONX,COMMUNITY ASSOCIATE,ACTIVE,51227.00,per Annum,1820,48937.85,204.75,7026.21,5168.73
2025,71,DEPT. OF HOMELESS SERVICES,2004-08-16T00:00:00.000,MANHATTAN,ADMINISTRATIVE DIRECTOR OF SOCIAL SERVICES,ACTIVE,209176.00,per Annum,1820,202014.16,0,0.00,0.00
2025,71,DEPT. OF HOMELESS SERVICES,2004-10-25T00:00:00.000,MANHATTAN,ASSISTANT SUPERINTENDENT OF WELFARE SHELTERS,ACTIVE,80491.00,per Annum,1820,77970.20,369.5,20565.64,6673.92
2025,71,DEPT. OF HOMELESS SERVICES,2005-01-10T00:00:00.000,BRONX,ADMINISTRATIVE DIRECTOR OF SOCIAL SERVICES,ACTIVE,119696.00,per Annum,1820,106697.72,198.5,5726.89,1023.39
2025,71,DEPT. OF HOMELESS SERVICES,2005-01-10T00:00:00.000,MANHATTAN,ADMINISTRATIVE DIRECTOR OF SOCIAL SERVICES,ACTIVE,179721.00,per Annum,1820,173567.63,0,0.00,0.00
2025,71,DEPT. OF HOMELESS SERVICES,2005-01-09T00:00:00.000,BROOKLYN,ADM MANAGER-NON-MGRL,ACTIVE,82342.00,per Annum,1820,80910.49,59.25,2762.10,3433.58
2025,71,DEPT. OF HOMELESS SERVICES,2015-06-08T00:00:00.000,BRONX,MOTOR VEHICLE OPERATOR,ACTIVE,58020.00,per Annum,2080,56227.80,966.5,40892.70,17149.28
2025,71,DEPT. OF HOMELESS SERVICES,2005-05-23T00:00:00.000,BRONX,ASSOCIATE FRAUD INVESTIGATOR,ACTIVE,80464.00,per Annum,1820,77955.57,287.5,16256.53,6062.91
2025,71,DEPT. OF HOMELESS SERVICES,2018-08-20T00:00:00.000,BRONX,FRAUD INVESTIGATOR,ACTIVE,68289.00,per Annum,1820,62088.24,1079.75,57002.05,10092.33
2025,71,DEPT. OF HOMELESS SERVICES,2019-04-01T00:00:00.000,BROOKLYN,SPECIAL OFFICER,ACTIVE,56508.00,per Annum,1762.28,14805.48,202.25,6993.05,924.90
2025,71,DEPT. OF HOMELESS SERVICES,2005-06-13T00:00:00.000,BRONX,ADMINISTRATIVE DIRECTOR OF SOCIAL SERVICES,ACTIVE,145261.00,per Annum,1820,140287.75,0,0.00,0.00
2025,71,DEPT. OF HOMELESS SERVICES,2016-11-28T00:00:00.000,MANHATTAN,MOTOR VEHICLE OPERATOR,ACTIVE,58020.00,per Annum,2080,56227.80,93.25,3860.55,14510.55
2025,71,DEPT. OF HOMELESS SERVICES,2016-02-01T00:00:00.000,BROOKLYN,SPECIAL OFFICER,ACTIVE,56508.00,per Annum,2080,54458.39,1052.5,42940.95,9337.44
2025,71,DEPT. OF HOMELESS SERVICES,2016-10-11T00:00:00.000,MANHATTAN,COMMUNITY COORDINATOR,ACTIVE,72298.00,per Annum,1820,70064.11,2,76.66,344.94
2025,71,DEPT. OF HOMELESS SERVICES,2016-12-19T00:00:00.000,MANHATTAN,ASSISTANT SUPERINTENDENT OF WELFARE SHELTERS,ACTIVE,80362.00,per Annum,1820,77878.81,282.25,15278.64,5839.86
2025,71,DEPT. OF HOMELESS SERVICES,2016-04-11T00:00:00.000,MANHATTAN,COMMUNITY COORDINATOR,ACTIVE,72298.00,per Annum,1820,70064.11,334.5,16108.01,2467.49
2025,71,DEPT. OF HOMELESS SERVICES,2015-07-27T00:00:00.000,BROOKLYN,SPECIAL OFFICER,ACTIVE,56508.00,per Annum,2027.43,52670.15,360.25,14375.15,6179.21
2025,71,DEPT. OF HOMELESS SERVICES,2018-05-21T00:00:00.000,BROOKLYN,SPECIAL OFFICER,ACTIVE,56508.00,per Annum,2080,54458.39,688.75,27724.15,8493.04
2025,71,DEPT. OF HOMELESS SERVICES,2015-10-26T00:00:00.000,BROOKLYN,SPECIAL OFFICER,ACTIVE,56508.00,per Annum,2067.42,54127.58,1273.5,50710.23,4098.71
2025,71,DEPT. OF HOMELESS SERVICES,2019-02-19T00:00:00.000,MANHATTAN,CASEWORKER,ACTIVE,55437.00,per Annum,1820,51760.72,244.75,10121.34,10026.19
2025,71,DEPT. OF HOMELESS SERVICES,2005-08-22T00:00:00.000,BRONX,COMMUNITY ASSOCIATE,ACTIVE,51331.00,per Annum,1820,49722.66,1049.83,42840.54,7555.17
2025,71,DEPT. OF HOMELESS SERVICES,2005-09-12T00:00:00.000,BRONX,FRAUD INVESTIGATOR,ACTIVE,68364.00,per Annum,1820,66304.09,1451.25,85375.32,11878.61
2025,71,DEPT. OF HOMELESS SERVICES,2023-11-27T00:00:00.000,MANHATTAN,CASEWORKER,ACTIVE,48206.00,per Annum,1820,46716.99,25.25,688.63,3723.61
2025,71,DEPT. OF HOMELESS SERVICES,2017-06-12T00:00:00.000,BROOKLYN,COMMUNITY ASSISTANT,ACTIVE,43460.00,per Annum,1646.57,10962.04,13,328.02,1755.82
2025,71,DEPT. OF HOMELESS SERVICES,2018-08-13T00:00:00.000,MANHATTAN,STAFF ANALYST,ACTIVE,90720.00,per Annum,1820,89837.24,0,0.00,4691.34
2025,71,DEPT. OF HOMELESS SERVICES,2006-04-10T00:00:00.000,BROOKLYN,OILER,ACTIVE,555.52,per Day,2080,131011.77,12,1227.49,27419.16
2025,71,DEPT. OF HOMELESS SERVICES,2013-10-14T00:00:00.000,BROOKLYN,SUPERVISING SPECIAL OFFICER,ACTIVE,62864.00,per Annum,2080,60583.80,672.75,29301.59,7520.52
2025,71,DEPT. OF HOMELESS SERVICES,2024-01-08T00:00:00.000,MANHATTAN,INSPECTOR,CEASED,62313.00,per Annum,880,23092.77,51.75,2242.39,268.24
2025,71,DEPT. OF HOMELESS SERVICES,2007-04-02T00:00:00.000,MANHATTAN,ASSOCIATE FRAUD INVESTIGATOR,ACTIVE,80389.00,per Annum,1820,77880.28,271.25,15684.48,10360.09
2025,71,DEPT. OF HOMELESS SERVICES,2013-10-14T00:00:00.000,MANHATTAN,SUPERVISING SPECIAL OFFICER,CEASED,61033.00,per Annum,545.15,8681.89,7.25,308.62,7461.01
2025,71,DEPT. OF HOMELESS SERVICES,2024-07-01T00:00:00.000,MANHATTAN,SPECIAL OFFICER,CEASED,38064.00,per Annum,1640,29497.81,305.5,8665.75,4395.39
2025,71,DEPT. OF HOMELESS SERVICES,2024-03-11T00:00:00.000,BROOKLYN,CARPENTER,ACTIVE,375.06,per Day,1820,97515.60,325,24673.61,857.28
2025,71,DEPT. OF HOMELESS SERVICES,2018-03-19T00:00:00.000,BRONX,SPECIAL OFFICER,ACTIVE,56508.00,per Annum,2080,54458.39,223,9207.60,9290.03
2025,71,DEPT. OF HOMELESS SERVICES,2024-11-04T00:00:00.000,MANHATTAN,COMMUNITY ASSOCIATE,ACTIVE,44545.00,per Annum,1120,25031.61,1.5,35.42,2333.92
2025,71,DEPT. OF HOMELESS SERVICES,2018-08-06T00:00:00.000,BROOKLYN,COMMUNITY ASSISTANT,ACTIVE,43460.00,per Annum,1950,42117.33,331,10123.54,6882.20
2025,71,DEPT. OF HOMELESS SERVICES,2014-04-21T00:00:00.000,MANHATTAN,COMMUNITY ASSOCIATE,ACTIVE,51227.00,per Annum,1799,48965.01,66.25,2117.12,6088.22
2025,71,DEPT. OF HOMELESS SERVICES,2025-06-09T00:00:00.000,MANHATTAN,SPECIAL OFFICER,ACTIVE,39206.00,per Annum,40,751.90,0,0.00,0.00
2025,71,DEPT. OF HOMELESS SERVICES,2025-06-09T00:00:00.000,MANHATTAN,SPECIAL OFFICER,ACTIVE,39206.00,per Annum,40,751.90,0,0.00,0.00
2025,71,DEPT. OF HOMELESS SERVICES,2025-06-02T00:00:00.000,MANHATTAN,SPECIAL OFFICER,ACTIVE,39206.00,per Annum,80,1499.72,0,0.00,35.33
2025,71,DEPT. OF HOMELESS SERVICES,2025-05-27T00:00:00.000,MANHATTAN,SPECIAL OFFICER,CEASED,39206.00,per Annum,112,1940.91,0,0.00,33.32
2025,71,DEPT. OF HOMELESS SERVICES,2025-05-27T00:00:00.000,MANHATTAN,SPECIAL OFFICER,ACTIVE,39206.00,per Annum,112,2105.39,1,18.78,35.33
2025,71,DEPT. OF HOMELESS SERVICES,2025-04-28T00:00:00.000,MANHATTAN,SPECIAL OFFICER,ACTIVE,39206.00,per Annum,280,5263.27,30,844.95,35.33
2025,71,DEPT. OF HOMELESS SERVICES,2025-03-03T00:00:00.000,MANHATTAN,CASEWORKER,ACTIVE,48206.00,per Annum,525,11980.51,0,0.00,29.16
2025,71,DEPT. OF HOMELESS SERVICES,2025-02-18T00:00:00.000,MANHATTAN,SPECIAL OFFICER,ACTIVE,39206.00,per Annum,672,12124.04,64.75,1874.37,669.33
2025,71,DEPT. OF HOMELESS SERVICES,2024-12-23T00:00:00.000,MANHATTAN,COMMUNITY ASSOCIATE,ACTIVE,44545.00,per Annum,875,20596.35,10.5,271.56,0.00
2025,71,DEPT. OF HOMELESS SERVICES,2024-11-04T00:00:00.000,MANHATTAN,CASEWORKER,ACTIVE,48206.00,per Annum,1120,28715.43,0,0.00,0.00
2025,71,DEPT. OF HOMELESS SERVICES,2024-10-21T00:00:00.000,MANHATTAN,CASEWORKER,ACTIVE,48206.00,per Annum,1190,30526.90,133.5,4852.63,315.88
2025,71,DEPT. OF HOMELESS SERVICES,2024-10-21T00:00:00.000,BROOKLYN,COMMUNITY ASSISTANT,CEASED,38712.00,per Annum,160,965.20,0,0.00,0.00
2025,71,DEPT. OF HOMELESS SERVICES,2024-09-30T00:00:00.000,MANHATTAN,SPECIAL OFFICER,ACTIVE,39206.00,per Annum,1480,27157.13,51.08,1468.16,2628.80
2025,71,DEPT. OF HOMELESS SERVICES,2024-09-03T00:00:00.000,MANHATTAN,CASEWORKER,ACTIVE,48206.00,per Annum,1428,36615.65,155.25,5132.41,1748.24
2025,71,DEPT. OF HOMELESS SERVICES,2024-09-03T00:00:00.000,MANHATTAN,CASEWORKER,CEASED,46689.00,per Annum,378,8359.25,0,0.00,0.00
2025,71,DEPT. OF HOMELESS SERVICES,2024-06-17T00:00:00.000,MANHATTAN,SPECIAL OFFICER,ACTIVE,39206.00,per Annum,2080,37642.12,416,11666.88,5298.35
2025,71,DEPT. OF HOMELESS SERVICES,2024-06-17T00:00:00.000,MANHATTAN,SPECIAL OFFICER,CEASED,36955.00,per Annum,120,1768.23,2.5,44.25,0.00
2025,71,DEPT. OF HOMELESS SERVICES,2024-10-15T00:00:00.000,MANHATTAN,YOUTH APPRENTICE,ACTIVE,16.50,per Hour,251.3,4112.17,0,0.00,0.00
2025,71,DEPT. OF HOMELESS SERVICES,2024-04-01T00:00:00.000,MANHATTAN,COMMUNITY ASSOCIATE,ACTIVE,44546.00,per Annum,1820,42904.00,141.5,3848.17,2611.85
2025,71,DEPT. OF HOMELESS SERVICES,2024-03-25T00:00:00.000,MANHATTAN,SPECIAL OFFICER,CEASED,38064.00,per Annum,1280,17470.59,45,1224.47,2951.88
2025,71,DEPT. OF HOMELESS SERVICES,2024-03-25T00:00:00.000,MANHATTAN,SPECIAL OFFICER,CEASED,39206.00,per Annum,2017.2,36603.35,501.75,14031.98,4687.64
2025,71,DEPT. OF HOMELESS SERVICES,2024-05-12T00:00:00.000,MANHATTAN,CASEWORKER,ACTIVE,48206.00,per Annum,1820,46713.15,16.75,429.71,1525.02
2025,71,DEPT. OF HOMELESS SERVICES,2024-02-26T00:00:00.000,MANHATTAN,SPECIAL OFFICER,ON LEAVE,39206.00,per Annum,2040,36554.61,92.33,2551.28,5164.13
2025,71,DEPT. OF HOMELESS SERVICES,2024-02-20T00:00:00.000,MANHATTAN,COMMUNITY ASSOCIATE,ACTIVE,44546.00,per Annum,1820,43169.95,49.25,1361.36,4095.08
2025,71,DEPT. OF HOMELESS SERVICES,2024-02-20T00:00:00.000,MANHATTAN,COMMUNITY ASSOCIATE,ACTIVE,44546.00,per Annum,1820,43169.95,412.5,12524.23,3984.21
2025,71,DEPT. OF HOMELESS SERVICES,2024-02-12T00:00:00.000,MANHATTAN,COMMUNITY ASSOCIATE,ACTIVE,44546.00,per Annum,1820,43004.92,0,0.00,279.92
2025,71,DEPT. OF HOMELESS SERVICES,2024-02-12T00:00:00.000,MANHATTAN,COMMUNITY COORDINATOR,ACTIVE,62868.00,per Annum,1820,60925.55,585.5,25915.20,2524.83
2025,71,DEPT. OF HOMELESS SERVICES,2024-01-16T00:00:00.000,BROOKLYN,PLUMBER,ACTIVE,434.98,per Day,1820,112676.69,391.5,48583.22,1597.54
2025,71,DEPT. OF HOMELESS SERVICES,2024-01-18T00:00:00.000,MANHATTAN,CITY RESEARCH SCIENTIST,ACTIVE,81991.00,per Annum,1820,75173.73,0,0.00,48.13
2025,71,DEPT. OF HOMELESS SERVICES,2023-12-04T00:00:00.000,MANHATTAN,SPECIAL OFFICER,CEASED,38064.00,per Annum,656,11498.22,265.25,7187.24,1163.13
2025,71,DEPT. OF HOMELESS SERVICES,2023-12-04T00:00:00.000,MANHATTAN,SPECIAL OFFICER,ACTIVE,40502.00,per Annum,2080,38317.23,562.5,15893.19,5573.33
2025,71,DEPT. OF HOMELESS SERVICES,2023-11-06T00:00:00.000,QUEENS,STAFF ANALYST,CEASED,68262.00,per Annum,227.92,8517.22,0,0.00,0.00
2025,71,DEPT. OF HOMELESS SERVICES,2023-10-23T00:00:00.000,MANHATTAN,SPECIAL OFFICER,CEASED,36955.00,per Annum,424,5541.64,85.25,1943.53,497.64
2025,71,DEPT. OF HOMELESS SERVICES,2023-10-10T00:00:00.000,MANHATTAN,SPECIAL OFFICER,ACTIVE,40502.00,per Annum,2080,38074.63,597.75,16978.20,6122.86
2025,71,DEPT. OF HOMELESS SERVICES,2023-09-25T00:00:00.000,MANHATTAN,SPECIAL OFFICER,CEASED,38061.00,per Annum,880,13391.49,122,3232.27,1835.05
2025,71,DEPT. OF HOMELESS SERVICES,2023-07-24T00:00:00.000,BROOKLYN,CASEWORKER,ACTIVE,48206.00,per Annum,1820,46716.99,65,1951.56,4749.86
2025,71,DEPT. OF HOMELESS SERVICES,2023-06-20T00:00:00.000,MANHATTAN,SPECIAL OFFICER,CEASED,38177.00,per Annum,320,4198.34,13.5,284.33,2116.64
2025,71,DEPT. OF HOMELESS SERVICES,2023-06-12T00:00:00.000,BROOKLYN,PLUMBER,ACTIVE,434.98,per Day,1820,112676.69,195.5,24255.11,0.00
2025,71,DEPT. OF HOMELESS SERVICES,2024-04-01T00:00:00.000,MANHATTAN,COMMUNITY ASSOCIATE,ACTIVE,44546.00,per Annum,1820,38180.17,2,47.22,5544.62
2025,71,DEPT. OF HOMELESS SERVICES,2023-02-06T00:00:00.000,MANHATTAN,COMMUNITY COORDINATOR,ACTIVE,72349.00,per Annum,1575,55564.12,0,0.00,0.00
2025,71,DEPT. OF HOMELESS SERVICES,2023-08-14T00:00:00.000,MANHATTAN,SPECIAL OFFICER,ACTIVE,40502.00,per Annum,2080,38357.74,625.25,18298.05,7105.30
2025,71,DEPT. OF HOMELESS SERVICES,2023-09-04T00:00:00.000,MANHATTAN,SPECIAL OFFICER,CEASED,40502.00,per Annum,2000,37120.90,812.5,23677.71,5228.12
2025,71,DEPT. OF HOMELESS SERVICES,2022-11-07T00:00:00.000,BROOKLYN,ELECTRICIAN,ACTIVE,480.97,per Day,1820,122378.21,350,35246.93,0.00
2025,71,DEPT. OF HOMELESS SERVICES,2022-03-14T00:00:00.000,MANHATTAN,ASSOCIATE STAFF ANALYST,CEASED,91394.00,per Annum,1400,69502.43,0,0.00,8.75
2025,71,DEPT. OF HOMELESS SERVICES,2022-02-21T00:00:00.000,MANHATTAN,SPECIAL OFFICER,CEASED,38177.00,per Annum,0,0.00,0,0.00,578.49
2025,71,DEPT. OF HOMELESS SERVICES,2022-02-21T00:00:00.000,MANHATTAN,SPECIAL OFFICER,ACTIVE,41797.00,per Annum,1388.57,27182.94,411.75,12270.79,2428.49
2025,71,DEPT. OF HOMELESS SERVICES,2023-03-13T00:00:00.000,MANHATTAN,CASEWORKER,ACTIVE,55437.00,per Annum,1820,53724.23,11,369.70,6328.66
2025,71,DEPT. OF HOMELESS SERVICES,2021-09-27T00:00:00.000,MANHATTAN,COMMUNITY COORDINATOR,ACTIVE,72298.00,per Annum,1820,70064.11,750.25,38393.08,1261.24
2025,71,DEPT. OF HOMELESS SERVICES,2022-09-12T00:00:00.000,MANHATTAN,CLERICAL ASSOCIATE MOST MAYORAL AG,ACTIVE,48631.00,per Annum,1820,45637.50,0,0.00,0.00
2025,71,DEPT. OF HOMELESS SERVICES,2024-07-01T00:00:00.000,BRONX,SPECIAL OFFICER,ACTIVE,39206.00,per Annum,1560,25841.62,201,5341.58,2994.90
2025,71,DEPT. OF HOMELESS SERVICES,2021-07-12T00:00:00.000,MANHATTAN,CITY RESEARCH SCIENTIST,ACTIVE,126000.00,per Annum,1820,122107.29,60.25,4661.76,5341.87
2025,71,DEPT. OF HOMELESS SERVICES,2021-06-01T00:00:00.000,MANHATTAN,COMMUNITY COORDINATOR,ACTIVE,72298.00,per Annum,1820,69680.42,3,116.11,6065.26
2025,71,DEPT. OF HOMELESS SERVICES,2021-06-01T00:00:00.000,MANHATTAN,COMMUNITY COORDINATOR,ACTIVE,72298.00,per Annum,1820,70064.11,65.75,2767.09,956.03
2025,71,DEPT. OF HOMELESS SERVICES,2022-07-25T00:00:00.000,MANHATTAN,SPECIAL OFFICER,CEASED,38177.00,per Annum,-24,0.15,0,0.00,-3.52
2025,71,DEPT. OF HOMELESS SERVICES,2023-04-10T00:00:00.000,MANHATTAN,COMMUNITY COORDINATOR,ACTIVE,72298.00,per Annum,1820,53281.96,22.75,891.48,8.25
2025,71,DEPT. OF HOMELESS SERVICES,2025-04-21T00:00:00.000,MANHATTAN,SPECIAL OFFICER,ACTIVE,39206.00,per Annum,320,5175.66,14,405.82,335.74
2025,71,DEPT. OF HOMELESS SERVICES,2020-02-03T00:00:00.000,BROOKLYN,MAINTENANCE WORKER,CEASED,264.40,per Day,0,5.49,0,0.00,0.00
2025,71,DEPT. OF HOMELESS SERVICES,2019-12-09T00:00:00.000,BROOKLYN,CONSTRUCTION PROJECT MANAGER,ACTIVE,96305.00,per Annum,1820,93329.90,0,0.00,2500.07
2025,71,DEPT. OF HOMELESS SERVICES,2023-06-20T00:00:00.000,MANHATTAN,SPECIAL OFFICER,ACTIVE,40502.00,per Annum,2080,38982.71,781.75,22595.37,5139.44
2025,71,DEPT. OF HOMELESS SERVICES,2019-10-15T00:00:00.000,MANHATTAN,COMMUNITY ASSISTANT,ACTIVE,43460.00,per Annum,1950,42117.33,367.25,11548.76,4796.79
2025,71,DEPT. OF HOMELESS SERVICES,2019-09-30T00:00:00.000,BROOKLYN,CARPENTER,ACTIVE,398.86,per Day,1820,103703.60,201,16210.83,911.68
2025,71,DEPT. OF HOMELESS SERVICES,2019-05-28T00:00:00.000,MANHATTAN,SUPERVISOR I,ACTIVE,68422.00,per Annum,1820,66307.84,11.75,446.97,8520.72
2025,71,DEPT. OF HOMELESS SERVICES,2025-03-10T00:00:00.000,MANHATTAN,EXEC ASST TO THE DEPUTY COMMISSIONER,ACTIVE,179721.00,per Annum,490,46735.01,0,0.00,0.00
2025,71,DEPT. OF HOMELESS SERVICES,2023-10-10T00:00:00.000,MANHATTAN,SPECIAL OFFICER,ACTIVE,40502.00,per Annum,2080,38357.74,863.5,24561.13,6712.18
2025,71,DEPT. OF HOMELESS SERVICES,2019-01-22T00:00:00.000,MANHATTAN,COMMUNITY COORDINATOR,ACTIVE,72298.00,per Annum,1820,70064.11,0,0.00,0.00
2025,71,DEPT. OF HOMELESS SERVICES,2022-11-14T00:00:00.000,BROOKLYN,COMMUNITY ASSOCIATE,ACTIVE,51227.00,per Annum,1822.5,46802.48,1073.75,39250.18,5330.62
2025,71,DEPT. OF HOMELESS SERVICES,2019-01-22T00:00:00.000,BROOKLYN,COMMUNITY ASSISTANT,ACTIVE,43460.00,per Annum,1912.5,41312.29,435.25,14201.33,6066.16
2025,71,DEPT. OF HOMELESS SERVICES,2000-01-24T00:00:00.000,BRONX,FRAUD INVESTIGATOR,ACTIVE,68503.00,per Annum,1820,66364.58,3,117.03,5931.13
2025,71,DEPT. OF HOMELESS SERVICES,2018-11-19T00:00:00.000,MANHATTAN,COMMUNITY COORDINATOR,ACTIVE,72457.00,per Annum,1820,70195.80,13,509.82,1497.01
2025,71,DEPT. OF HOMELESS SERVICES,2004-04-12T00:00:00.000,MANHATTAN,ADM MANAGER-NON-MGRL,ACTIVE,86891.00,per Annum,1820,85381.03,0,0.00,3313.97
2025,71,DEPT. OF HOMELESS SERVICES,2004-03-01T00:00:00.000,MANHATTAN,ADMINISTRATIVE DIRECTOR OF SOCIAL SERVICES,ACTIVE,126710.00,per Annum,1820,122372.11,0,0.00,0.00
2025,71,DEPT. OF HOMELESS SERVICES,2015-09-21T00:00:00.000,MANHATTAN,SOCIAL WORKER,CEASED,70471.00,per Annum,64.47,2599.40,0,0.00,234.10
2025,71,DEPT. OF HOMELESS SERVICES,1993-09-05T00:00:00.000,BROOKLYN,SUPERVISOR II,ACTIVE,80949.00,per Annum,1820,78425.71,129.5,6037.77,8430.73
2025,71,DEPT. OF HOMELESS SERVICES,1993-09-05T00:00:00.000,MANHATTAN,COMMUNITY ASSISTANT,ACTIVE,46272.00,per Annum,1950,44819.61,108,3605.33,7933.65
2025,71,DEPT. OF HOMELESS SERVICES,1993-09-05T00:00:00.000,MANHATTAN,COMMUNITY ASSISTANT,ACTIVE,46272.00,per Annum,1950,44819.61,162,5229.02,4206.58
2025,71,DEPT. OF HOMELESS SERVICES,2017-09-17T00:00:00.000,MANHATTAN,SUPERVISOR II,CEASED,77856.00,per Annum,994,39818.55,1,45.84,6728.25
2025,71,DEPT. OF HOMELESS SERVICES,1993-09-05T00:00:00.000,BRONX,COMMUNITY ASSISTANT,ACTIVE,46193.00,per Annum,1950,44743.65,323.75,11320.85,9032.41
2025,71,DEPT. OF HOMELESS SERVICES,1993-09-05T00:00:00.000,MANHATTAN,COMMUNITY COORDINATOR,ACTIVE,80866.00,per Annum,1820,78344.87,150.25,8477.82,11225.34
2025,71,DEPT. OF HOMELESS SERVICES,1993-09-05T00:00:00.000,BROOKLYN,COMMUNITY ASSISTANT,CEASED,44714.00,per Annum,1442.15,33049.33,93,3308.23,2838.26
2025,71,DEPT. OF HOMELESS SERVICES,1993-09-05T00:00:00.000,BROOKLYN,COMMUNITY ASSISTANT,ACTIVE,46193.00,per Annum,1950,44743.65,2155.5,79673.74,9615.20
2025,71,DEPT. OF HOMELESS SERVICES,1993-09-05T00:00:00.000,MANHATTAN,ADMINISTRATIVE DIRECTOR OF SOCIAL SERVICES,ACTIVE,119696.00,per Annum,1820,90561.59,39,2300.93,5310.22
2025,71,DEPT. OF HOMELESS SERVICES,1993-09-05T00:00:00.000,MANHATTAN,COMMUNITY COORDINATOR,ACTIVE,72457.00,per Annum,1820,70195.80,356.5,18338.50,3115.95
2025,71,DEPT. OF HOMELESS SERVICES,1993-09-05T00:00:00.000,MANHATTAN,SUPERVISOR I,ACTIVE,68498.00,per Annum,1820,66359.66,245.75,11250.84,9561.62
2025,71,DEPT. OF HOMELESS SERVICES,1993-09-05T00:00:00.000,MANHATTAN,ADMIN COMMUNITY RELATIONS SPECIALIST,ACTIVE,87134.00,per Annum,1820,86305.80,188.75,11708.45,10068.10
2025,71,DEPT. OF HOMELESS SERVICES,2018-09-04T00:00:00.000,QUEENS,COMMUNITY ASSISTANT,CEASED,42092.00,per Annum,953.38,20588.53,64.5,2032.17,1919.75
2025,71,DEPT. OF HOMELESS SERVICES,2018-07-09T00:00:00.000,MANHATTAN,ASSOCIATE FRAUD INVESTIGATOR,ACTIVE,80362.00,per Annum,1820,77186.35,175,10272.24,13126.55
2025,71,DEPT. OF HOMELESS SERVICES,2018-04-30T00:00:00.000,BRONX,ASSOCIATE FRAUD INVESTIGATOR,ACTIVE,80362.00,per Annum,1820,77878.81,246.25,14094.65,3536.26
2025,71,DEPT. OF HOMELESS SERVICES,2018-03-19T00:00:00.000,BRONX,FRAUD INVESTIGATOR,ACTIVE,68263.00,per Annum,1820,66017.87,0,0.00,7753.26
2025,71,DEPT. OF HOMELESS SERVICES,2024-06-03T00:00:00.000,BROOKLYN,CASEWORKER,CEASED,46689.00,per Annum,910,22910.74,4,102.24,1494.22
2025,71,DEPT. OF HOMELESS SERVICES,2018-01-08T00:00:00.000,BRONX,FRAUD INVESTIGATOR,ACTIVE,55437.00,per Annum,1820,53724.23,376.75,14579.31,4355.80
2025,71,DEPT. OF HOMELESS SERVICES,2017-10-02T00:00:00.000,BROOKLYN,STOCK WORKER,ACTIVE,42547.00,per Annum,1820,41004.13,6.5,174.66,57.75
2025,71,DEPT. OF HOMELESS SERVICES,2017-09-11T00:00:00.000,MANHATTAN,SPECIAL OFFICER,ACTIVE,56508.00,per Annum,2080,54458.39,1192.25,49714.66,7286.98
2025,71,DEPT. OF HOMELESS SERVICES,2017-07-10T00:00:00.000,MANHATTAN,COMMUNITY COORDINATOR,ACTIVE,72298.00,per Annum,1820,62557.78,184.75,9658.81,6421.95
2025,71,DEPT. OF HOMELESS SERVICES,2017-06-26T00:00:00.000,BROOKLYN,COMMUNITY COORDINATOR,ACTIVE,72298.00,per Annum,1820,69728.39,300.5,15105.28,1466.50
2025,71,DEPT. OF HOMELESS SERVICES,2023-01-03T00:00:00.000,BRONX,SOCIAL WORKER,CEASED,69991.00,per Annum,1785,66418.81,60,2541.64,10388.79
2025,71,DEPT. OF HOMELESS SERVICES,2019-11-12T00:00:00.000,MANHATTAN,COMMUNITY COORDINATOR,ACTIVE,72298.00,per Annum,1820,70064.11,53.75,2384.33,7054.83
2025,71,DEPT. OF HOMELESS SERVICES,2017-03-13T00:00:00.000,BROOKLYN,SPECIAL OFFICER,ACTIVE,56508.00,per Annum,2080,54458.39,794,32254.89,7337.67
2025,71,DEPT. OF HOMELESS SERVICES,2017-01-03T00:00:00.000,BROOKLYN,COMMUNITY COORDINATOR,ACTIVE,72298.00,per Annum,1820,70064.11,150.25,7272.39,1322.79
2025,71,DEPT. OF HOMELESS SERVICES,2016-12-05T00:00:00.000,BRONX,COMMUNITY COORDINATOR,ACTIVE,72298.00,per Annum,1820,70064.11,671.75,36676.03,2794.52
2025,71,DEPT. OF HOMELESS SERVICES,2016-11-28T00:00:00.000,BROOKLYN,COMMUNITY COORDINATOR,ACTIVE,72298.00,per Annum,1820,70064.11,6,249.13,402.43
2025,71,DEPT. OF HOMELESS SERVICES,2016-11-21T00:00:00.000,MANHATTAN,ADMINISTRATIVE DIRECTOR OF SOCIAL SERVICES,CEASED,140690.00,per Annum,980,75532.82,0,0.00,0.00
2025,71,DEPT. OF HOMELESS SERVICES,2016-10-31T00:00:00.000,BROOKLYN,ARCHITECT,CEASED,104267.00,per Annum,0,0.00,0,0.00,668.79
2025,71,DEPT. OF HOMELESS SERVICES,2017-05-26T00:00:00.000,MANHATTAN,COMMUNITY ASSOCIATE,ACTIVE,51227.00,per Annum,1820,49644.70,355,12974.52,4845.64
2025,71,DEPT. OF HOMELESS SERVICES,2023-06-26T00:00:00.000,MANHATTAN,ASSOCIATE STAFF ANALYST,ACTIVE,97425.00,per Annum,1820,96509.88,61,4239.35,8.00
2025,71,DEPT. OF HOMELESS SERVICES,2016-10-03T00:00:00.000,MANHATTAN,SUPERVISOR I,ACTIVE,68422.00,per Annum,1820,57468.70,109.25,4757.46,19884.27
2025,71,DEPT. OF HOMELESS SERVICES,2016-09-19T00:00:00.000,BRONX,SUPERINTENDENT OF ADULT INSTITUTIONS,ACTIVE,88793.00,per Annum,1820,86049.54,256,17003.87,11307.76
2025,71,DEPT. OF HOMELESS SERVICES,2018-02-20T00:00:00.000,MANHATTAN,CASEWORKER,ON SEPARATION LEAVE,55437.00,per Annum,1820,53724.23,0,3.48,10974.06
2025,71,DEPT. OF HOMELESS SERVICES,2019-09-23T00:00:00.000,MANHATTAN,COMMUNITY COORDINATOR,ACTIVE,72298.00,per Annum,1820,70064.11,155.25,7104.73,2164.30
2025,71,DEPT. OF HOMELESS SERVICES,2016-05-23T00:00:00.000,BROOKLYN,SPECIAL OFFICER,ACTIVE,56508.00,per Annum,2080,54458.39,229.62,9621.86,6422.25
2025,71,DEPT. OF HOMELESS SERVICES,2017-03-13T00:00:00.000,MANHATTAN,SUPERVISING SPECIAL OFFICER,ACTIVE,62864.00,per Annum,2080,60583.80,177.5,7576.25,5187.77
2025,71,DEPT. OF HOMELESS SERVICES,2016-04-11T00:00:00.000,BROOKLYN,OILER,ACTIVE,555.52,per Day,2080,140457.03,420,42334.21,4676.63
2025,71,DEPT. OF HOMELESS SERVICES,2016-03-28T00:00:00.000,MANHATTAN,COMMUNITY COORDINATOR,ACTIVE,72298.00,per Annum,1820,70064.11,494.75,23902.41,1106.91
2025,71,DEPT. OF HOMELESS SERVICES,2024-03-25T00:00:00.000,MANHATTAN,SPECIAL OFFICER,CEASED,38064.00,per Annum,1360,22724.56,114,3114.04,2562.92
2025,71,DEPT. OF HOMELESS SERVICES,2020-09-14T00:00:00.000,BROOKLYN,COMMUNITY ASSISTANT,ACTIVE,43460.00,per Annum,1860.07,40181.36,517.5,16476.75,6886.48
2025,71,DEPT. OF HOMELESS SERVICES,2016-02-01T00:00:00.000,MANHATTAN,SUPERVISING SPECIAL OFFICER,ACTIVE,62864.00,per Annum,2080,60124.89,758.5,33147.69,6395.01
2025,71,DEPT. OF HOMELESS SERVICES,2017-02-06T00:00:00.000,BROOKLYN,COMMUNITY COORDINATOR,ACTIVE,72298.00,per Annum,1820,70064.11,0,0.00,16.50
2025,71,DEPT. OF HOMELESS SERVICES,2016-01-18T00:00:00.000,MANHATTAN,ADMINISTRATIVE DIRECTOR OF SOCIAL SERVICES,ACTIVE,145261.00,per Annum,1820,140287.75,0,0.00,0.00
2025,71,DEPT. OF HOMELESS SERVICES,2021-11-12T00:00:00.000,MANHATTAN,ADMINISTRATIVE STAFF ANALYST,ACTIVE,104245.00,per Annum,1540,85785.71,0,0.00,0.00
2025,71,DEPT. OF HOMELESS SERVICES,2021-08-17T00:00:00.000,BRONX,SUPERVISING SPECIAL OFFICER,ACTIVE,62864.00,per Annum,2080,60583.80,672.25,29585.09,8001.44
2025,71,DEPT. OF HOMELESS SERVICES,2015-10-26T00:00:00.000,BRONX,SUPERVISING SPECIAL OFFICER,ACTIVE,62864.00,per Annum,2080,60583.80,656,28812.41,4658.76
2025,71,DEPT. OF HOMELESS SERVICES,2024-07-08T00:00:00.000,MANHATTAN,ADMINISTRATIVE STAFF ANALYST,ACTIVE,95051.00,per Annum,1715,73373.88,0,0.00,33.00
2025,71,DEPT. OF HOMELESS SERVICES,2016-10-17T00:00:00.000,BROOKLYN,SPECIAL OFFICER,ACTIVE,56508.00,per Annum,1880,49334.31,171.5,6893.53,3747.32
2025,71,DEPT. OF HOMELESS SERVICES,2015-08-10T00:00:00.000,BROOKLYN,ADMINISTRATIVE SUPERVISOR OF BUILDING MAINTENANCE,ACTIVE,93627.00,per Annum,1820,90421.45,0,0.00,0.00
2025,71,DEPT. OF HOMELESS SERVICES,2015-07-27T00:00:00.000,BROOKLYN,SPECIAL OFFICER,CEASED,53264.00,per Annum,304,7161.70,16.75,652.01,726.84
2025,71,DEPT. OF HOMELESS SERVICES,2015-04-06T00:00:00.000,MANHATTAN,COMMUNITY COORDINATOR,ACTIVE,72298.00,per Annum,1215,46742.17,0,0.00,201.21
2025,71,DEPT. OF HOMELESS SERVICES,2016-02-22T00:00:00.000,MANHATTAN,COMMUNITY COORDINATOR,ACTIVE,72298.00,per Annum,1820,70064.11,0,0.00,6618.52
2025,71,DEPT. OF HOMELESS SERVICES,2023-11-06T00:00:00.000,MANHATTAN,EXECUTIVE AGENCY COUNSEL,ACTIVE,209176.00,per Annum,1820,202014.16,0,0.00,500.00
2025,71,DEPT. OF HOMELESS SERVICES,2014-09-01T00:00:00.000,BROOKLYN,SPECIAL OFFICER,ACTIVE,56508.00,per Annum,2080,54254.09,504,20839.16,8222.86
2025,71,DEPT. OF HOMELESS SERVICES,2022-07-25T00:00:00.000,MANHATTAN,SPECIAL OFFICER,ACTIVE,41797.00,per Annum,2080,39606.53,242.25,7263.80,5974.78
2025,71,DEPT. OF HOMELESS SERVICES,2014-04-07T00:00:00.000,BROOKLYN,SUPERVISOR OF MECHANICS,ACTIVE,594.80,per Day,2080,150676.69,389.5,41088.74,1080.15
2025,71,DEPT. OF HOMELESS SERVICES,2015-07-20T00:00:00.000,MANHATTAN,CITY LABORER,ON LEAVE,331.92,per Day,424,14722.64,224,12227.16,0.00
2025,71,DEPT. OF HOMELESS SERVICES,2024-09-30T00:00:00.000,MANHATTAN,SPECIAL OFFICER,ACTIVE,39206.00,per Annum,1480,27157.13,70.5,2039.55,3851.35
2025,71,DEPT. OF HOMELESS SERVICES,2013-12-09T00:00:00.000,MANHATTAN,ADMIN COMMUNITY RELATIONS SPECIALIST,ACTIVE,80000.00,per Annum,1820,76254.12,169.5,8979.88,3426.24
2025,71,DEPT. OF HOMELESS SERVICES,2013-11-18T00:00:00.000,MANHATTAN,SUPERVISING SPECIAL OFFICER,ACTIVE,62864.00,per Annum,1600,46953.71,252.75,11354.46,7120.20
2025,71,DEPT. OF HOMELESS SERVICES,2013-11-18T00:00:00.000,MANHATTAN,SUPERVISING SPECIAL OFFICER,ACTIVE,62864.00,per Annum,2080,60583.80,510.75,22069.70,8227.13
2025,71,DEPT. OF HOMELESS SERVICES,2013-08-19T00:00:00.000,MANHATTAN,ADMINISTRATIVE DIRECTOR OF SOCIAL SERVICES,ACTIVE,69339.00,per Annum,1820,67196.40,213.5,10189.17,191.15
2025,71,DEPT. OF HOMELESS SERVICES,2015-10-19T00:00:00.000,QUEENS,ASSISTANT SUPERINTENDENT OF WELFARE SHELTERS,ACTIVE,80362.00,per Annum,1820,77878.81,352.25,19004.31,2487.39
2025,71,DEPT. OF HOMELESS SERVICES,2019-11-04T00:00:00.000,MANHATTAN,COMMUNITY COORDINATOR,ACTIVE,72298.00,per Annum,1820,70064.11,4,154.44,406.32
2025,71,DEPT. OF HOMELESS SERVICES,2013-06-10T00:00:00.000,MANHATTAN,HOUSEKEEPER,ACTIVE,48894.00,per Annum,1820,47120.67,721.25,25872.62,2576.37
2025,71,DEPT. OF HOMELESS SERVICES,2019-11-12T00:00:00.000,MANHATTAN,COMMUNITY COORDINATOR,ACTIVE,72298.00,per Annum,1820,70064.11,149.75,7816.54,1682.11
2025,71,DEPT. OF HOMELESS SERVICES,2021-09-13T00:00:00.000,MANHATTAN,COMMUNITY COORDINATOR,ACTIVE,39.42,per Hour,1719.18,65786.12,46,2152.62,3244.57
2025,71,DEPT. OF HOMELESS SERVICES,2025-04-21T00:00:00.000,MANHATTAN,COMMUNITY COORDINATOR,ACTIVE,72298.00,per Annum,1260,48577.87,58.75,2745.11,5868.40
2025,71,DEPT. OF HOMELESS SERVICES,2016-07-25T00:00:00.000,MANHATTAN,ADMINISTRATIVE DIRECTOR OF SOCIAL SERVICES,ACTIVE,145261.00,per Annum,1820,140287.75,0,0.00,0.00
2025,71,DEPT. OF HOMELESS SERVICES,2016-06-27T00:00:00.000,MANHATTAN,SPECIAL OFFICER,ACTIVE,56508.00,per Annum,2080,54458.39,647.25,25733.72,5332.97
2025,71,DEPT. OF HOMELESS SERVICES,2021-07-12T00:00:00.000,MANHATTAN,COMMUNITY COORDINATOR,ACTIVE,72298.00,per Annum,1820,70064.11,0,0.00,3641.16
2025,71,DEPT. OF HOMELESS SERVICES,2019-04-08T00:00:00.000,BROOKLYN,CONSTRUCTION PROJECT MANAGER,ACTIVE,96305.00,per Annum,1820,93329.90,0,0.00,3071.20
2025,71,DEPT. OF HOMELESS SERVICES,2016-05-01T00:00:00.000,BRONX,SPECIAL OFFICER,ON LEAVE,56508.00,per Annum,1240,32150.72,120.25,4905.15,3866.99
2025,71,DEPT. OF HOMELESS SERVICES,2016-05-09T00:00:00.000,BROOKLYN,ASSOCIATE PROJECT MANAGER,CEASED,112078.00,per Annum,70,4412.03,0,0.00,118.67
2025,71,DEPT. OF HOMELESS SERVICES,2012-02-13T00:00:00.000,MANHATTAN,ADM MANAGER-NON-MGRL,ACTIVE,82217.00,per Annum,1820,80801.75,38.75,2124.72,2374.65
2025,71,DEPT. OF HOMELESS SERVICES,2016-10-10T00:00:00.000,MANHATTAN,ADMINISTRATIVE STAFF ANALYST,ACTIVE,106629.00,per Annum,1820,105621.63,0,0.00,947.85
2025,71,DEPT. OF HOMELESS SERVICES,2016-06-27T00:00:00.000,MANHATTAN,COMMUNITY COORDINATOR,ACTIVE,72298.00,per Annum,1820,70064.11,93.25,4666.20,6406.11
2025,71,DEPT. OF HOMELESS SERVICES,2022-11-14T00:00:00.000,MANHATTAN,SPECIAL OFFICER,ACTIVE,41797.00,per Annum,1809.15,33882.93,673.25,19026.66,5415.29
2025,71,DEPT. OF HOMELESS SERVICES,2011-02-07T00:00:00.000,MANHATTAN,ADMINISTRATIVE DIRECTOR OF SOCIAL SERVICES,ACTIVE,119696.00,per Annum,1820,102580.75,0,0.00,1855.68
2025,71,DEPT. OF HOMELESS SERVICES,2022-02-20T00:00:00.000,BROOKLYN,SPECIAL OFFICER,CEASED,40580.00,per Annum,1280,24499.68,341,10174.74,4915.43
2025,71,DEPT. OF HOMELESS SERVICES,2019-04-02T00:00:00.000,BROOKLYN,SUPERVISOR I,ACTIVE,68475.00,per Annum,1820,66359.77,9.75,367.99,4070.54
2025,71,DEPT. OF HOMELESS SERVICES,2023-05-15T00:00:00.000,MANHATTAN,CASEWORKER,ACTIVE,55437.00,per Annum,1820,53724.23,385.75,15920.07,8264.50
2025,71,DEPT. OF HOMELESS SERVICES,2018-05-21T00:00:00.000,BROOKLYN,SPECIAL OFFICER,ON LEAVE,41797.00,per Annum,960,1900.57,8.5,223.14,358.70
2025,71,DEPT. OF HOMELESS SERVICES,2023-04-10T00:00:00.000,MANHATTAN,ADMINISTRATIVE STAFF ANALYST,ACTIVE,95051.00,per Annum,1820,94158.33,0,0.00,8.25
2025,71,DEPT. OF HOMELESS SERVICES,2024-07-15T00:00:00.000,MANHATTAN,SPECIAL OFFICER,ACTIVE,39206.00,per Annum,1920,33952.36,450.5,12684.92,5239.35
2025,71,DEPT. OF HOMELESS SERVICES,2016-03-07T00:00:00.000,BROOKLYN,SPECIAL OFFICER,ACTIVE,56508.00,per Annum,2080,53610.36,742.25,30285.45,10096.88
2025,71,DEPT. OF HOMELESS SERVICES,2022-02-21T00:00:00.000,MANHATTAN,SPECIAL OFFICER,ACTIVE,41797.00,per Annum,2080,40231.30,687,20644.20,5308.09
2025,71,DEPT. OF HOMELESS SERVICES,2009-11-02T00:00:00.000,BROOKLYN,CARPENTER,CEASED,398.86,per Day,403.75,22880.54,0,0.00,0.00
2025,71,DEPT. OF HOMELESS SERVICES,2023-01-17T00:00:00.000,MANHATTAN,ADMIN COMMUNITY RELATIONS SPECIALIST,ACTIVE,78590.00,per Annum,1820,77550.41,220.25,12284.93,9385.48
2025,71,DEPT. OF HOMELESS SERVICES,2025-05-01T00:00:00.000,MANHATTAN,SPECIAL OFFICER,CEASED,39206.00,per Annum,96,1176.62,6,115.31,15.71
2025,71,DEPT. OF HOMELESS SERVICES,2015-08-31T00:00:00.000,MANHATTAN,ADMINISTRATIVE DIRECTOR OF SOCIAL SERVICES,ACTIVE,145261.00,per Annum,1820,104064.14,31,1813.16,549.77
2025,71,DEPT. OF HOMELESS SERVICES,2014-04-21T00:00:00.000,MANHATTAN,SUPERVISING SPECIAL OFFICER,ACTIVE,83173.00,per Annum,2080,73536.83,598.75,32294.02,6715.19
2025,71,DEPT. OF HOMELESS SERVICES,2013-11-18T00:00:00.000,BROOKLYN,SUPERVISING SPECIAL OFFICER,ACTIVE,72246.00,per Annum,2080,69625.94,478.75,24101.30,8295.78
2025,71,DEPT. OF HOMELESS SERVICES,2019-01-07T00:00:00.000,BRONX,SPECIAL OFFICER,CEASED,41838.00,per Annum,880,10198.64,70.25,1855.06,930.48
2025,71,DEPT. OF HOMELESS SERVICES,2008-09-29T00:00:00.000,MANHATTAN,ADMIN COMMUNITY RELATIONS SPECIALIST,ACTIVE,82400.00,per Annum,1820,81626.12,93,5354.42,7348.32
2025,71,DEPT. OF HOMELESS SERVICES,2008-09-08T00:00:00.000,MANHATTAN,COMMUNITY COORDINATOR,ACTIVE,72324.00,per Annum,1820,70065.54,369.5,18296.68,3969.71
2025,71,DEPT. OF HOMELESS SERVICES,2008-07-28T00:00:00.000,MANHATTAN,SPECIAL OFFICER,CEASED,54862.00,per Annum,720,3364.97,12,462.22,1075.32
2025,71,DEPT. OF HOMELESS SERVICES,2008-07-28T00:00:00.000,BRONX,SPECIAL OFFICER,ON SEPARATION LEAVE,56508.00,per Annum,2080,54254.09,42.75,1577.79,6229.99
2025,71,DEPT. OF HOMELESS SERVICES,2025-05-27T00:00:00.000,MANHATTAN,SPECIAL OFFICER,CEASED,39206.00,per Annum,75.43,1417.93,4,75.99,20.69
2025,71,DEPT. OF HOMELESS SERVICES,2004-10-25T00:00:00.000,MANHATTAN,SUPERVISING SPECIAL OFFICER,ACTIVE,72325.00,per Annum,2080,69669.03,152.75,7748.04,9479.26
2025,71,DEPT. OF HOMELESS SERVICES,2003-04-14T00:00:00.000,BROOKLYN,ADMINISTRATIVE DIRECTOR OF SOCIAL SERVICES,ACTIVE,95756.00,per Annum,1820,92477.56,0,0.00,0.00
2025,71,DEPT. OF HOMELESS SERVICES,2004-06-21T00:00:00.000,MANHATTAN,ADMINISTRATIVE DIRECTOR OF SOCIAL SERVICES,ACTIVE,145377.00,per Annum,1820,140399.52,0,0.00,135.79
2025,71,DEPT. OF HOMELESS SERVICES,1993-09-05T00:00:00.000,BROOKLYN,ASSISTANT SUPERINTENDENT OF WELFARE SHELTERS,ACTIVE,80756.00,per Annum,1820,78238.69,162.5,7784.23,11266.53
2025,71,DEPT. OF HOMELESS SERVICES,2005-05-09T00:00:00.000,BRONX,SUPERINTENDENT OF ADULT INSTITUTIONS,ACTIVE,88895.00,per Annum,1820,86126.32,63.5,3757.13,3680.23
2025,71,DEPT. OF HOMELESS SERVICES,2000-08-07T00:00:00.000,BRONX,ASSOCIATE FRAUD INVESTIGATOR,ACTIVE,88819.00,per Annum,1820,79612.19,225.5,13600.47,15016.98
2025,71,DEPT. OF HOMELESS SERVICES,2000-08-21T00:00:00.000,BROOKLYN,CONSTRUCTION PROJECT MANAGER,ACTIVE,107462.00,per Annum,1820,104146.80,0,0.00,9142.73
2025,71,DEPT. OF HOMELESS SERVICES,2021-05-03T00:00:00.000,MANHATTAN,ADMINISTRATIVE DIRECTOR OF SOCIAL SERVICES,ACTIVE,179721.00,per Annum,1820,157158.65,0,0.00,643.79
2025,71,DEPT. OF HOMELESS SERVICES,2025-02-03T00:00:00.000,MANHATTAN,ADMINISTRATIVE DIRECTOR OF SOCIAL SERVICES,ACTIVE,159066.00,per Annum,665,56136.55,0,0.00,0.00
2025,71,DEPT. OF HOMELESS SERVICES,2022-03-28T00:00:00.000,MANHATTAN,COMMUNITY ASSISTANT,ACTIVE,43486.00,per Annum,1950,42118.75,577,18341.73,4440.80
2025,71,DEPT. OF HOMELESS SERVICES,2024-01-29T00:00:00.000,MANHATTAN,COMMUNITY COORDINATOR,ACTIVE,62868.00,per Annum,1820,55427.96,46.5,1828.85,43.58
2025,71,DEPT. OF HOMELESS SERVICES,2005-05-09T00:00:00.000,BRONX,ASSOCIATE FRAUD INVESTIGATOR,ACTIVE,80464.00,per Annum,1820,77955.57,481.25,29774.43,8790.46
2025,71,DEPT. OF HOMELESS SERVICES,2013-04-08T00:00:00.000,MANHATTAN,SUPERINTENDENT OF ADULT INSTITUTIONS,ACTIVE,88793.00,per Annum,1820,86656.06,203.5,12601.15,3766.89
2025,71,DEPT. OF HOMELESS SERVICES,2006-06-05T00:00:00.000,BRONX,SUPERVISING SPECIAL OFFICER,ACTIVE,62926.00,per Annum,2080,60627.27,762.25,33709.40,8438.29
2025,71,DEPT. OF HOMELESS SERVICES,1998-11-17T00:00:00.000,MANHATTAN,ADMINISTRATIVE DIRECTOR OF SOCIAL SERVICES,ACTIVE,124520.00,per Annum,1820,120672.32,0,0.00,1913.91
2025,71,DEPT. OF HOMELESS SERVICES,2023-04-03T00:00:00.000,MANHATTAN,PRINCIPAL ADMINISTRATIVE ASSOCIATE -  NON SUPVR,ACTIVE,68672.00,per Annum,1820,67489.99,107,5550.91,4402.81
2025,71,DEPT. OF HOMELESS SERVICES,2002-09-16T00:00:00.000,BRONX,FRAUD INVESTIGATOR,ACTIVE,55596.00,per Annum,1820,53856.12,858,38388.70,7517.46
2025,71,DEPT. OF HOMELESS SERVICES,2015-07-06T00:00:00.000,MANHATTAN,COMMUNITY COORDINATOR,ACTIVE,72555.00,per Annum,1820,70022.26,0,0.00,1491.28
2025,71,DEPT. OF HOMELESS SERVICES,2025-04-14T00:00:00.000,MANHATTAN,ADMINISTRATIVE DIRECTOR OF SOCIAL SERVICES,ACTIVE,179721.00,per Annum,280,30043.93,0,0.00,-2755.27
2025,71,DEPT. OF HOMELESS SERVICES,2016-05-16T00:00:00.000,MANHATTAN,PRINCIPAL ADMINISTRATIVE ASSOCIATE -  NON SUPVR,ACTIVE,91986.00,per Annum,1820,90388.49,43,2444.42,4843.57
2025,71,DEPT. OF HOMELESS SERVICES,2017-08-07T00:00:00.000,MANHATTAN,COMMUNITY COORDINATOR,ACTIVE,72298.00,per Annum,1820,66319.98,132,6305.07,7730.98
2025,71,DEPT. OF HOMELESS SERVICES,2000-10-11T00:00:00.000,BRONX,ASSOCIATE FRAUD INVESTIGATOR,ACTIVE,80580.00,per Annum,1820,78067.59,430.75,27792.16,8996.40
2025,71,DEPT. OF HOMELESS SERVICES,2000-10-23T00:00:00.000,BROOKLYN,ADMINISTRATIVE DIRECTOR OF SOCIAL SERVICES,ACTIVE,119696.00,per Annum,1820,115597.28,0,0.00,0.00
2025,71,DEPT. OF HOMELESS SERVICES,2000-12-12T00:00:00.000,BROOKLYN,COMMUNITY COORDINATOR,ACTIVE,72498.00,per Annum,1820,68197.49,267.5,13056.97,3521.96
2025,846,DEPT OF PARKS & RECREATION,2023-05-19T00:00:00.000,QUEENS,PLAYGROUND ASSOCIATE,CEASED,19.95,per Hour,245,4928.35,13.75,298.03,344.14
2025,846,DEPT OF PARKS & RECREATION,2025-05-04T00:00:00.000,BRONX,CITY PARK WORKER,ACTIVE,22.22,per Hour,290.75,6005.86,2,66.18,748.75
2025,846,DEPT OF PARKS & RECREATION,2023-05-21T00:00:00.000,BROOKLYN,CITY PARK WORKER,CEASED,21.52,per Hour,222.73,4838.58,0,0.00,1233.75
2025,846,DEPT OF PARKS & RECREATION,2001-03-21T00:00:00.000,BRONX,ADMIN COMMUNITY RELATIONS SPECIALIST,ACTIVE,116152.00,per Annum,1820,114173.44,0,0.00,1484.35
2025,846,DEPT OF PARKS & RECREATION,2001-02-19T00:00:00.000,BROOKLYN,PARK SUPERVISOR,ACTIVE,100209.00,per Annum,2080,97090.96,30,2217.46,17460.15
2025,846,DEPT OF PARKS & RECREATION,2003-09-17T00:00:00.000,MANHATTAN,CITY PARK WORKER,ACTIVE,46497.00,per Annum,2080,54349.96,46.5,2814.99,9404.69
2025,846,DEPT OF PARKS & RECREATION,2003-05-30T00:00:00.000,MANHATTAN,CITY SEASONAL AIDE,ACTIVE,21.05,per Hour,504,10271.52,0,0.00,1655.79
2025,846,DEPT OF PARKS & RECREATION,2003-06-26T00:00:00.000,MANHATTAN,CLERICAL ASSOCIATE MOST MAYORAL AG,ACTIVE,63528.00,per Annum,1820,61542.70,0,0.00,7029.97
2025,846,DEPT OF PARKS & RECREATION,2023-09-15T00:00:00.000,BROOKLYN,CITY SEASONAL AIDE,SEASONAL,19.14,per Hour,96,1818.72,0,0.00,0.00
2025,846,DEPT OF PARKS & RECREATION,2003-12-24T00:00:00.000,MANHATTAN,CITY SEASONAL AIDE,ACTIVE,21.10,per Hour,728,14963.52,9,280.80,3921.39
2025,846,DEPT OF PARKS & RECREATION,2013-04-15T00:00:00.000,MANHATTAN,MAINTENANCE WORKER,CEASED,272.32,per Day,408,13897.48,0,0.00,4504.24
2025,846,DEPT OF PARKS & RECREATION,2004-07-09T00:00:00.000,MANHATTAN,PARK SUPERVISOR,ACTIVE,84469.00,per Annum,2080,65136.00,37,2313.84,14821.24
2025,846,DEPT OF PARKS & RECREATION,2023-08-07T00:00:00.000,MANHATTAN,CITY SEASONAL AIDE,SEASONAL,19.14,per Hour,110.73,2095.89,0,0.00,318.78
2025,846,DEPT OF PARKS & RECREATION,2021-05-13T00:00:00.000,BRONX,PARK SUPERVISOR,ACTIVE,84469.00,per Annum,2080,59277.07,121.25,5429.86,4323.73
2025,846,DEPT OF PARKS & RECREATION,2025-05-28T00:00:00.000,BROOKLYN,JOB TRAINING PARTICIPANT,ACTIVE,19.14,per Hour,72,1378.08,0,0.00,0.00
2025,846,DEPT OF PARKS & RECREATION,2024-09-12T00:00:00.000,MANHATTAN,JOB TRAINING PARTICIPANT,CEASED,18.54,per Hour,801.97,14868.54,3.25,60.26,61.18
2025,846,DEPT OF PARKS & RECREATION,2015-07-20T00:00:00.000,QUEENS,ADM MANAGER-NON-MGRL,ACTIVE,119865.00,per Annum,1820,117787.65,157,10887.34,3793.33
2025,846,DEPT OF PARKS & RECREATION,2024-03-15T00:00:00.000,BROOKLYN,JOB TRAINING PARTICIPANT,CEASED,18.54,per Hour,553.33,10288.77,0,0.00,106.80
2025,846,DEPT OF PARKS & RECREATION,2025-02-11T00:00:00.000,MANHATTAN,JOB TRAINING PARTICIPANT,CEASED,18.54,per Hour,142.45,2641.03,0,0.00,0.00
2025,846,DEPT OF PARKS & RECREATION,2006-04-30T00:00:00.000,RICHMOND,RECREATION SUPERVISOR,ACTIVE,87412.00,per Annum,1820,84711.74,9,479.91,9961.81
2025,846,DEPT OF PARKS & RECREATION,2024-06-10T00:00:00.000,BRONX,JOB TRAINING PARTICIPANT,CEASED,18.54,per Hour,1000.68,18552.68,19.5,463.53,50.28
2025,846,DEPT OF PARKS & RECREATION,2008-11-03T00:00:00.000,QUEENS,COMMUNITY COORDINATOR,ACTIVE,88302.00,per Annum,1442,65728.23,86,5255.17,1212.46
2025,846,DEPT OF PARKS & RECREATION,2005-08-29T00:00:00.000,QUEENS,GARDENER,ACTIVE,58015.00,per Annum,2080,56222.63,17.75,764.51,3330.92
2025,846,DEPT OF PARKS & RECREATION,2023-01-30T00:00:00.000,QUEENS,ASSISTANT LANDSCAPE ARCHITECT,ACTIVE,76279.00,per Annum,1820,73531.10,0,0.00,228.48
2025,846,DEPT OF PARKS & RECREATION,2022-03-01T00:00:00.000,BRONX,CITY PARK WORKER,ACTIVE,22.22,per Hour,847,18328.24,21,679.20,1881.45
2025,846,DEPT OF PARKS & RECREATION,2022-05-11T00:00:00.000,MANHATTAN,CITY PARK WORKER,ACTIVE,46395.00,per Annum,2080,44789.51,18,587.35,1021.37
2025,846,DEPT OF PARKS & RECREATION,2022-07-05T00:00:00.000,BROOKLYN,LIFEGUARD,SEASONAL,22.72,per Hour,480,10560.00,31.25,1031.25,4125.84
2025,846,DEPT OF PARKS & RECREATION,2022-07-11T00:00:00.000,MANHATTAN,CITY SEASONAL AIDE,ACTIVE,20.64,per Hour,523.72,10544.26,0,0.00,494.16
2025,846,DEPT OF PARKS & RECREATION,2022-08-15T00:00:00.000,MANHATTAN,URBAN PARK RANGER,ACTIVE,56991.00,per Annum,2080,57781.46,10.5,422.43,3904.38
2025,846,DEPT OF PARKS & RECREATION,2022-08-26T00:00:00.000,MANHATTAN,CLERICAL ASSOCIATE MOST MAYORAL AG,CEASED,20.23,per Hour,522.02,10560.42,87.5,1893.26,1188.10
2025,846,DEPT OF PARKS & RECREATION,2024-05-20T00:00:00.000,QUEENS,JOB TRAINING PARTICIPANT,CEASED,18.54,per Hour,844.25,15674.04,13.5,368.50,0.00
2025,846,DEPT OF PARKS & RECREATION,2022-09-29T00:00:00.000,MANHATTAN,CITY SEASONAL AIDE,ACTIVE,20.64,per Hour,551.93,10516.93,43,959.66,4963.52
2025,846,DEPT OF PARKS & RECREATION,2023-01-30T00:00:00.000,MANHATTAN,COMMUNITY COORDINATOR,ACTIVE,72298.00,per Annum,1920,63152.19,0,4.81,1900.01
2025,846,DEPT OF PARKS & RECREATION,2023-03-27T00:00:00.000,MANHATTAN,ROOFER,ACTIVE,371.35,per Day,1820,95515.60,136.5,9027.95,986.24
2025,846,DEPT OF PARKS & RECREATION,2023-03-15T00:00:00.000,BROOKLYN,CITY SEASONAL AIDE,ACTIVE,20.64,per Hour,1946.88,36852.04,0,0.00,96.32
2025,846,DEPT OF PARKS & RECREATION,2021-10-12T00:00:00.000,MANHATTAN,URBAN PARK RANGER,CEASED,52154.00,per Annum,0,1830.72,0,17.92,37.54
2025,846,DEPT OF PARKS & RECREATION,2021-09-27T00:00:00.000,BROOKLYN,PARK SUPERVISOR,ACTIVE,84469.00,per Annum,2080,65028.05,120,6869.68,5448.50
2025,846,DEPT OF PARKS & RECREATION,2021-09-16T00:00:00.000,MANHATTAN,CITY SEASONAL AIDE,ACTIVE,20.64,per Hour,511.35,10296.86,0.5,10.00,164.76
2025,846,DEPT OF PARKS & RECREATION,2024-03-20T00:00:00.000,BRONX,JOB TRAINING PARTICIPANT,CEASED,18.54,per Hour,611.68,11379.22,12.5,305.92,108.36
2025,846,DEPT OF PARKS & RECREATION,2022-02-28T00:00:00.000,MANHATTAN,URBAN PARK RANGER,CEASED,55331.00,per Annum,0,2096.87,0,1108.10,827.95
2025,846,DEPT OF PARKS & RECREATION,2021-07-05T00:00:00.000,BRONX,CITY SEASONAL AIDE,SEASONAL,21.74,per Hour,486.5,10245.69,13,310.64,1927.02
2025,846,DEPT OF PARKS & RECREATION,2021-07-01T00:00:00.000,BROOKLYN,RECREATION SPECIALIST,ACTIVE,52875.00,per Annum,1822.33,49642.34,22,664.80,3464.10
2025,846,DEPT OF PARKS & RECREATION,2024-05-21T00:00:00.000,BROOKLYN,JOB TRAINING PARTICIPANT,CEASED,18.54,per Hour,558,10345.32,0,0.00,0.00
2025,846,DEPT OF PARKS & RECREATION,2024-06-10T00:00:00.000,MANHATTAN,ASSOCIATE URBAN PARK RANGER,ACTIVE,66467.00,per Annum,2080,57196.31,0,0.00,1578.30
2025,846,DEPT OF PARKS & RECREATION,2023-06-30T00:00:00.000,BROOKLYN,LIFEGUARD,SEASONAL,22.72,per Hour,394.5,8679.00,18.25,602.25,3803.17
2025,846,DEPT OF PARKS & RECREATION,2025-04-01T00:00:00.000,MANHATTAN,JOB TRAINING PARTICIPANT,ACTIVE,19.14,per Hour,367.72,6865.47,0,0.00,0.00
2025,846,DEPT OF PARKS & RECREATION,2021-04-18T00:00:00.000,BRONX,GARDENER,ACTIVE,58015.00,per Annum,2080,55031.44,0,0.00,871.17
2025,846,DEPT OF PARKS & RECREATION,2021-04-12T00:00:00.000,BROOKLYN,ASSOCIATE PARK SERVICE WORKER,ACTIVE,60715.00,per Annum,1720,43248.70,48.25,1990.50,4310.96
2025,846,DEPT OF PARKS & RECREATION,2021-06-07T00:00:00.000,RICHMOND,ASSOCIATE PARK SERVICE WORKER,ACTIVE,60715.00,per Annum,2080,45236.49,3.5,112.98,1301.29
2025,846,DEPT OF PARKS & RECREATION,2024-07-01T00:00:00.000,RICHMOND,PLAYGROUND ASSOCIATE,CEASED,19.95,per Hour,220,4389.00,0,0.00,287.61
2025,846,DEPT OF PARKS & RECREATION,2021-06-11T00:00:00.000,BROOKLYN,LIFEGUARD,ACTIVE,22.72,per Hour,622.5,13746.84,61,2030.28,7246.16
2025,846,DEPT OF PARKS & RECREATION,2021-07-01T00:00:00.000,MANHATTAN,RECREATION SUPERVISOR,ACTIVE,68875.00,per Annum,1812.58,51277.88,15,467.28,2930.19
2025,846,DEPT OF PARKS & RECREATION,2021-06-20T00:00:00.000,BROOKLYN,CITY SEASONAL AIDE,ACTIVE,20.64,per Hour,508.75,10173.01,14.5,435.32,723.32
2025,846,DEPT OF PARKS & RECREATION,2024-08-06T00:00:00.000,BRONX,JOB TRAINING PARTICIPANT,CEASED,18.54,per Hour,1014.63,18811.32,0,0.00,106.80
2025,846,DEPT OF PARKS & RECREATION,2006-01-18T00:00:00.000,MANHATTAN,ADMINISTRATIVE PARKS & RECREATION MANAGER,ACTIVE,135281.00,per Annum,1820,130649.33,0,0.00,0.00
2025,846,DEPT OF PARKS & RECREATION,2014-03-13T00:00:00.000,MANHATTAN,CITY PARK WORKER,ACTIVE,46395.00,per Annum,2080,44961.86,143.25,4869.70,4561.22
2025,846,DEPT OF PARKS & RECREATION,2024-09-25T00:00:00.000,BROOKLYN,JOB TRAINING PARTICIPANT,CEASED,18.54,per Hour,672.08,12460.43,0,0.00,103.46
2025,846,DEPT OF PARKS & RECREATION,2006-10-16T00:00:00.000,RICHMOND,PARK SUPERVISOR,ACTIVE,87941.00,per Annum,2080,85201.81,253.25,16458.84,26813.38
2025,846,DEPT OF PARKS & RECREATION,2006-12-14T00:00:00.000,MANHATTAN,CITY SEASONAL AIDE,ACTIVE,21.03,per Hour,2076.43,42391.38,25.25,771.53,656.84
2025,846,DEPT OF PARKS & RECREATION,2007-03-19T00:00:00.000,BRONX,MAINTENANCE WORKER,ACTIVE,280.48,per Day,2080,69044.78,53.5,2812.95,5662.24
2025,846,DEPT OF PARKS & RECREATION,2007-03-20T00:00:00.000,MANHATTAN,MACHINIST,ACTIVE,403.44,per Day,2080,102367.49,8,586.08,2682.59
2025,846,DEPT OF PARKS & RECREATION,2007-03-26T00:00:00.000,BROOKLYN,CITY PARK WORKER,ACTIVE,46446.00,per Annum,2080,44988.64,2,71.91,8916.55
2025,846,DEPT OF PARKS & RECREATION,2025-02-21T00:00:00.000,BRONX,JOB TRAINING PARTICIPANT,ACTIVE,19.14,per Hour,588.5,10953.99,14,396.54,55.12
2025,846,DEPT OF PARKS & RECREATION,2007-04-02T00:00:00.000,RICHMOND,MAINTENANCE WORKER,ACTIVE,280.48,per Day,2048,70648.03,0,0.00,1020.00
2025,846,DEPT OF PARKS & RECREATION,2007-04-09T00:00:00.000,RICHMOND,CITY PARK WORKER,ACTIVE,60766.00,per Annum,2080,58866.14,139.75,6543.26,10385.33
2025,846,DEPT OF PARKS & RECREATION,2007-05-07T00:00:00.000,MANHATTAN,PRINCIPAL ADMINISTRATIVE ASSOCIATE -  NON SUPVR,ACTIVE,89364.00,per Annum,1820,87811.48,0,0.00,4706.33
2025,846,DEPT OF PARKS & RECREATION,2012-04-27T00:00:00.000,BROOKLYN,CITY SEASONAL AIDE,ACTIVE,21.77,per Hour,520.75,10975.53,0,0.00,1733.36
2025,846,DEPT OF PARKS & RECREATION,2015-06-19T00:00:00.000,BRONX,CITY SEASONAL AIDE,ACTIVE,21.04,per Hour,855.75,17532.43,19,593.48,8925.53
2025,846,DEPT OF PARKS & RECREATION,2007-09-12T00:00:00.000,QUEENS,PARK SUPERVISOR,ACTIVE,100159.00,per Annum,2080,97041.99,96.5,7142.52,28760.41
2025,846,DEPT OF PARKS & RECREATION,2023-08-21T00:00:00.000,MANHATTAN,URBAN PARK RANGER,CEASED,56991.00,per Annum,1280,35946.54,38.75,1718.88,6566.27
2025,846,DEPT OF PARKS & RECREATION,2007-11-05T00:00:00.000,BROOKLYN,PARK SUPERVISOR,ACTIVE,85638.00,per Annum,2080,82377.44,47.75,2995.38,21742.76
2025,846,DEPT OF PARKS & RECREATION,2007-12-03T00:00:00.000,BRONX,PARK SUPERVISOR,ACTIVE,85638.00,per Annum,2080,83963.55,66.25,4257.57,15813.34
2025,846,DEPT OF PARKS & RECREATION,2022-02-28T00:00:00.000,MANHATTAN,COMMISSIONER OF PARKS & RECREATION,CEASED,286627.00,per Annum,1750,285048.82,0,0.00,0.00
2025,846,DEPT OF PARKS & RECREATION,2008-03-11T00:00:00.000,BRONX,RECREATION SUPERVISOR,ACTIVE,68875.00,per Annum,1820,66746.92,3,116.69,5974.46
2025,846,DEPT OF PARKS & RECREATION,2008-05-18T00:00:00.000,QUEENS,ADMINISTRATIVE STAFF ANALYST,ACTIVE,95173.00,per Annum,1820,94261.60,0,0.00,2670.65
2025,846,DEPT OF PARKS & RECREATION,2024-10-02T00:00:00.000,BROOKLYN,JOB TRAINING PARTICIPANT,CEASED,18.54,per Hour,485.6,9003.03,0,0.00,53.40
2025,846,DEPT OF PARKS & RECREATION,2014-08-18T00:00:00.000,MANHATTAN,GARDENER,CEASED,58015.00,per Annum,1573.53,35255.31,0.45,17.72,1574.95
2025,846,DEPT OF PARKS & RECREATION,2021-06-09T00:00:00.000,BROOKLYN,PARK SUPERVISOR,ACTIVE,84469.00,per Annum,2080,50579.55,15,486.67,2659.60
2025,846,DEPT OF PARKS & RECREATION,2023-08-08T00:00:00.000,MANHATTAN,CITY PARK WORKER,ON LEAVE,46395.00,per Annum,1848.72,38138.28,26,834.98,1358.26
2025,846,DEPT OF PARKS & RECREATION,2025-02-11T00:00:00.000,MANHATTAN,JOB TRAINING PARTICIPANT,ACTIVE,19.14,per Hour,629,11700.06,7.5,208.58,55.12
2025,846,DEPT OF PARKS & RECREATION,2015-06-18T00:00:00.000,BROOKLYN,CITY PARK WORKER,CEASED,58804.00,per Annum,1040,27565.91,8.25,241.58,392.53
2025,846,DEPT OF PARKS & RECREATION,2010-03-29T00:00:00.000,QUEENS,PARK SUPERVISOR,ACTIVE,100108.00,per Annum,2080,97015.20,32,2356.04,19784.89
2025,846,DEPT OF PARKS & RECREATION,2024-05-14T00:00:00.000,BRONX,JOB TRAINING PARTICIPANT,CEASED,18.54,per Hour,985.07,18263.16,134.75,3603.29,53.40
2025,846,DEPT OF PARKS & RECREATION,2025-01-15T00:00:00.000,BRONX,CITY PARK WORKER,ACTIVE,22.22,per Hour,828.53,16008.15,0,0.00,53.40
2025,846,DEPT OF PARKS & RECREATION,2019-08-26T00:00:00.000,MANHATTAN,CEMENT MASON,ACTIVE,391.30,per Day,1820,100831.60,238,26328.56,15608.92
2025,846,DEPT OF PARKS & RECREATION,2019-09-03T00:00:00.000,QUEENS,COMMUNITY COORDINATOR,ACTIVE,72298.00,per Annum,1708,65657.72,0,0.00,0.00
2025,846,DEPT OF PARKS & RECREATION,2025-04-10T00:00:00.000,QUEENS,CITY PARK WORKER,ACTIVE,22.22,per Hour,1188,25653.78,16,516.48,1672.94
2025,846,DEPT OF PARKS & RECREATION,2024-07-15T00:00:00.000,BRONX,JOB TRAINING PARTICIPANT,CEASED,18.54,per Hour,96.75,1793.75,0,0.00,0.00
2025,846,DEPT OF PARKS & RECREATION,2019-10-28T00:00:00.000,MANHATTAN,COMMUNITY COORDINATOR,ACTIVE,77438.00,per Annum,1820,77189.57,8,886.51,5759.26
2025,846,DEPT OF PARKS & RECREATION,2024-04-15T00:00:00.000,QUEENS,ADMINISTRATIVE ENGINEER,ACTIVE,151013.00,per Annum,1820,132286.24,83.75,6962.54,156.53
2025,846,DEPT OF PARKS & RECREATION,2024-05-24T00:00:00.000,MANHATTAN,JOB TRAINING PARTICIPANT,CEASED,18.54,per Hour,617.42,11446.95,0,0.00,106.80
2025,846,DEPT OF PARKS & RECREATION,2024-06-10T00:00:00.000,BROOKLYN,JOB TRAINING PARTICIPANT,CEASED,18.54,per Hour,826.25,15318.68,0,0.00,106.80
2025,846,DEPT OF PARKS & RECREATION,2020-01-20T00:00:00.000,MANHATTAN,URBAN PARK RANGER,CEASED,52154.00,per Annum,0,732.44,0,45.58,20.73
2025,846,DEPT OF PARKS & RECREATION,2024-07-08T00:00:00.000,QUEENS,JOB TRAINING PARTICIPANT,CEASED,18.54,per Hour,322.28,5975.15,0,0.00,52.39
2025,846,DEPT OF PARKS & RECREATION,2024-04-24T00:00:00.000,MANHATTAN,JOB TRAINING PARTICIPANT,CEASED,18.54,per Hour,632.68,11773.21,21,549.88,0.00
2025,846,DEPT OF PARKS & RECREATION,2025-01-27T00:00:00.000,BRONX,JOB TRAINING PARTICIPANT,ACTIVE,19.14,per Hour,690.17,12840.57,4,95.38,0.00
2025,846,DEPT OF PARKS & RECREATION,2025-04-24T00:00:00.000,BRONX,JOB TRAINING PARTICIPANT,ACTIVE,19.14,per Hour,250.25,4678.04,13.5,378.59,55.12
2025,846,DEPT OF PARKS & RECREATION,2025-04-22T00:00:00.000,BRONX,JOB TRAINING PARTICIPANT,ACTIVE,19.14,per Hour,248.98,4648.63,0,0.00,49.96
2025,846,DEPT OF PARKS & RECREATION,2025-04-17T00:00:00.000,QUEENS,JOB TRAINING PARTICIPANT,ACTIVE,19.14,per Hour,288,5382.72,4.5,125.15,0.00
2025,846,DEPT OF PARKS & RECREATION,2025-03-26T00:00:00.000,MANHATTAN,JOB TRAINING PARTICIPANT,ACTIVE,19.14,per Hour,392,7315.68,0,0.00,0.00
2025,846,DEPT OF PARKS & RECREATION,2025-03-10T00:00:00.000,QUEENS,CITY PARK WORKER,ACTIVE,22.22,per Hour,479.67,8926.62,22.25,615.69,55.12
2025,846,DEPT OF PARKS & RECREATION,2025-03-04T00:00:00.000,BROOKLYN,JOB TRAINING PARTICIPANT,ACTIVE,19.14,per Hour,515.25,9591.14,46,1077.67,55.12
2025,846,DEPT OF PARKS & RECREATION,2025-02-24T00:00:00.000,QUEENS,CITY SEASONAL AIDE,ACTIVE,19.14,per Hour,584,10865.76,0,0.00,55.12
2025,846,DEPT OF PARKS & RECREATION,2025-02-07T00:00:00.000,BROOKLYN,JOB TRAINING PARTICIPANT,ACTIVE,19.14,per Hour,656,12205.44,0,0.00,0.00
2025,846,DEPT OF PARKS & RECREATION,2024-12-17T00:00:00.000,BROOKLYN,JOB TRAINING PARTICIPANT,CEASED,18.54,per Hour,239.6,4442.21,0,0.00,0.00
2025,846,DEPT OF PARKS & RECREATION,2024-12-17T00:00:00.000,MANHATTAN,CITY SEASONAL AIDE,ACTIVE,19.14,per Hour,994.68,18484.64,9.5,254.94,252.40
2025,846,DEPT OF PARKS & RECREATION,2024-12-02T00:00:00.000,BROOKLYN,JOB TRAINING PARTICIPANT,CEASED,18.54,per Hour,438.2,8124.23,3.5,97.34,0.00
2025,846,DEPT OF PARKS & RECREATION,2024-11-20T00:00:00.000,BRONX,JOB TRAINING PARTICIPANT,CEASED,18.54,per Hour,395,7323.34,0,0.00,0.00
2025,846,DEPT OF PARKS & RECREATION,2024-11-06T00:00:00.000,QUEENS,JOB TRAINING PARTICIPANT,CEASED,18.54,per Hour,962,17835.53,0,0.00,0.00
2025,846,DEPT OF PARKS & RECREATION,2024-10-18T00:00:00.000,QUEENS,JOB TRAINING PARTICIPANT,CEASED,18.54,per Hour,988.1,18319.40,0,0.00,53.40
2025,846,DEPT OF PARKS & RECREATION,2024-10-16T00:00:00.000,QUEENS,JOB TRAINING PARTICIPANT,CEASED,18.54,per Hour,854.83,15848.79,0,0.00,0.00
2025,846,DEPT OF PARKS & RECREATION,2024-10-10T00:00:00.000,QUEENS,CITY PARK WORKER,ACTIVE,22.22,per Hour,1170,22169.74,80.5,2466.81,167.99
2025,846,DEPT OF PARKS & RECREATION,2024-09-30T00:00:00.000,MANHATTAN,URBAN PARK RANGER,ACTIVE,27.30,per Hour,1405.83,38252.63,0,0.00,1012.75
2025,846,DEPT OF PARKS & RECREATION,2024-09-30T00:00:00.000,BROOKLYN,CITY PARK WORKER,ACTIVE,60715.00,per Annum,1480,33585.92,40.5,1483.25,1109.72
2025,846,DEPT OF PARKS & RECREATION,2023-05-05T00:00:00.000,BROOKLYN,CITY SEASONAL AIDE,SEASONAL,19.14,per Hour,103.25,1957.46,0,0.00,664.97
2025,846,DEPT OF PARKS & RECREATION,2024-05-09T00:00:00.000,QUEENS,JOB TRAINING PARTICIPANT,CEASED,18.54,per Hour,0,8.64,0,0.00,0.00
2025,846,DEPT OF PARKS & RECREATION,2024-08-20T00:00:00.000,QUEENS,RECREATION SPECIALIST,ACTIVE,45986.00,per Annum,1264,30901.67,27.75,802.48,275.45
2025,846,DEPT OF PARKS & RECREATION,2024-08-09T00:00:00.000,QUEENS,LIFEGUARD,SEASONAL,22.72,per Hour,131.42,2891.17,1,33.00,1152.00
2025,846,DEPT OF PARKS & RECREATION,2024-07-29T00:00:00.000,MANHATTAN,CITY SEASONAL AIDE,ACTIVE,21.75,per Hour,252.5,4681.35,11,305.91,0.00
2025,846,DEPT OF PARKS & RECREATION,2024-07-15T00:00:00.000,QUEENS,CITY SEASONAL AIDE,SEASONAL,19.14,per Hour,234.5,4347.63,0,0.00,0.00
2025,846,DEPT OF PARKS & RECREATION,2024-07-15T00:00:00.000,MANHATTAN,URBAN PARK RANGER,CEASED,55331.00,per Annum,400,7552.68,0,0.00,107.99
2025,846,DEPT OF PARKS & RECREATION,2024-07-03T00:00:00.000,BROOKLYN,LIFEGUARD,ACTIVE,22.72,per Hour,347.25,7660.56,24,792.00,2298.88
2025,846,DEPT OF PARKS & RECREATION,2024-07-09T00:00:00.000,QUEENS,RECREATION SPECIALIST,ACTIVE,25.17,per Hour,316.25,6957.50,28.5,940.50,1911.00
2025,846,DEPT OF PARKS & RECREATION,2025-04-10T00:00:00.000,MANHATTAN,CITY PARK WORKER,ACTIVE,22.22,per Hour,1224,23744.64,10.5,194.67,283.79
2025,846,DEPT OF PARKS & RECREATION,2025-04-10T00:00:00.000,MANHATTAN,CITY PARK WORKER,ACTIVE,22.22,per Hour,1323.33,25610.12,21,648.95,283.69
2025,846,DEPT OF PARKS & RECREATION,2024-07-08T00:00:00.000,QUEENS,JOB TRAINING PARTICIPANT,CEASED,18.54,per Hour,72,1334.88,0,0.00,0.00
2025,846,DEPT OF PARKS & RECREATION,2024-07-08T00:00:00.000,MANHATTAN,JOB TRAINING PARTICIPANT,CEASED,18.54,per Hour,716.5,13283.91,0,0.00,0.00
2025,846,DEPT OF PARKS & RECREATION,2024-07-08T00:00:00.000,MANHATTAN,TELEPHONE SERVICE TECHNICIAN,ACTIVE,69178.00,per Annum,1715,62783.55,110,5317.45,8.25
2025,846,DEPT OF PARKS & RECREATION,2024-06-25T00:00:00.000,MANHATTAN,PLAYGROUND ASSOCIATE,ACTIVE,20.60,per Hour,340.88,6800.62,29,670.83,349.13
2025,846,DEPT OF PARKS & RECREATION,2024-06-20T00:00:00.000,RICHMOND,LIFEGUARD,ACTIVE,22.72,per Hour,440,9708.80,49.25,1625.25,3528.00
2025,846,DEPT OF PARKS & RECREATION,2024-06-20T00:00:00.000,BRONX,JOB TRAINING PARTICIPANT,CEASED,18.54,per Hour,997.35,18490.87,0,0.00,106.80
2025,846,DEPT OF PARKS & RECREATION,2024-06-20T00:00:00.000,QUEENS,JOB TRAINING PARTICIPANT,CEASED,18.54,per Hour,997.13,18486.86,0,0.00,0.00
2025,846,DEPT OF PARKS & RECREATION,2024-06-10T00:00:00.000,MANHATTAN,ASSOCIATE PARK SERVICE WORKER,CEASED,24.49,per Hour,431.28,9705.34,0,0.00,734.70
2025,846,DEPT OF PARKS & RECREATION,2024-06-06T00:00:00.000,QUEENS,CITY SEASONAL AIDE,CEASED,18.54,per Hour,160,2966.40,0,0.00,259.56
2025,846,DEPT OF PARKS & RECREATION,2024-06-10T00:00:00.000,MANHATTAN,JOB TRAINING PARTICIPANT,CEASED,18.54,per Hour,966.52,17919.23,4,74.16,53.40
2025,846,DEPT OF PARKS & RECREATION,2024-06-10T00:00:00.000,BRONX,JOB TRAINING PARTICIPANT,CEASED,18.54,per Hour,280.5,5200.47,2,37.08,0.00
2025,846,DEPT OF PARKS & RECREATION,2024-06-03T00:00:00.000,BROOKLYN,JOB TRAINING PARTICIPANT,CEASED,18.54,per Hour,299.07,5544.70,0,0.00,0.00
2025,846,DEPT OF PARKS & RECREATION,2024-05-30T00:00:00.000,QUEENS,CITY PARK WORKER,ACTIVE,22.22,per Hour,1216,23077.44,44,1445.52,142.28
2025,846,DEPT OF PARKS & RECREATION,2024-05-24T00:00:00.000,BRONX,JOB TRAINING PARTICIPANT,CEASED,18.00,per Hour,470.87,8475.60,0,0.00,51.84
2025,846,DEPT OF PARKS & RECREATION,2024-05-24T00:00:00.000,BRONX,JOB TRAINING PARTICIPANT,CEASED,18.54,per Hour,1008.75,18702.26,2.75,50.99,106.80
2025,846,DEPT OF PARKS & RECREATION,2024-05-24T00:00:00.000,BRONX,JOB TRAINING PARTICIPANT,CEASED,18.54,per Hour,120,2224.80,0,0.00,0.00
2025,846,DEPT OF PARKS & RECREATION,2024-05-28T00:00:00.000,MANHATTAN,CITY PARK WORKER,CEASED,21.52,per Hour,368.53,7971.17,11,269.00,1321.04
2025,846,DEPT OF PARKS & RECREATION,2024-05-28T00:00:00.000,BRONX,CITY SEASONAL AIDE,SEASONAL,19.14,per Hour,312,5818.50,0,0.00,83.40
2025,846,DEPT OF PARKS & RECREATION,2024-05-20T00:00:00.000,MANHATTAN,CITY SEASONAL AIDE,ACTIVE,19.14,per Hour,1015.9,18921.21,0,0.00,1523.28
2025,846,DEPT OF PARKS & RECREATION,2024-05-13T00:00:00.000,BROOKLYN,COMMUNITY COORDINATOR,ACTIVE,34.41,per Hour,504,18422.32,0,0.00,2546.73
2025,846,DEPT OF PARKS & RECREATION,2024-05-13T00:00:00.000,QUEENS,JOB TRAINING PARTICIPANT,CEASED,18.54,per Hour,-40,-720.00,0,0.00,0.00
2025,846,DEPT OF PARKS & RECREATION,2024-05-02T00:00:00.000,MANHATTAN,JOB TRAINING PARTICIPANT,CEASED,18.54,per Hour,312,5793.12,0,0.00,0.00
2025,846,DEPT OF PARKS & RECREATION,2014-01-02T00:00:00.000,QUEENS,ADMINISTRATIVE PARKS & RECREATION MANAGER,ACTIVE,115777.00,per Annum,1820,111813.15,0,0.00,0.00
2025,846,DEPT OF PARKS & RECREATION,2016-11-10T00:00:00.000,RICHMOND,CITY PARK WORKER,ACTIVE,46395.00,per Annum,2080,44961.86,19.5,632.19,1739.74
2025,846,DEPT OF PARKS & RECREATION,2022-11-03T00:00:00.000,BROOKLYN,CITY PARK WORKER,ACTIVE,46395.00,per Annum,2080,44850.21,62.5,2003.95,1567.25
2025,846,DEPT OF PARKS & RECREATION,2013-02-06T00:00:00.000,MANHATTAN,PRINCIPAL ADMINISTRATIVE ASSOCIATE -  NON SUPVR,ACTIVE,83000.00,per Annum,1820,81571.54,39,1870.96,3936.60
2025,846,DEPT OF PARKS & RECREATION,2013-02-04T00:00:00.000,QUEENS,ADM MANAGER-NON-MGRL,ACTIVE,85842.00,per Annum,1820,84364.60,2.5,122.62,2338.81
2025,846,DEPT OF PARKS & RECREATION,2021-06-23T00:00:00.000,MANHATTAN,ASSOCIATE URBAN PARK RANGER,ACTIVE,66467.00,per Annum,2080,66044.03,501.5,23887.66,6057.05
2025,846,DEPT OF PARKS & RECREATION,2013-01-14T00:00:00.000,MANHATTAN,SUPERVISOR ELECTRICIAN,ACTIVE,518.00,per Day,1820,128739.73,453.5,49005.06,5033.54
2025,846,DEPT OF PARKS & RECREATION,2013-05-01T00:00:00.000,MANHATTAN,PARK SUPERVISOR,ACTIVE,85612.00,per Annum,2080,82919.59,85.5,5254.71,21082.53
2025,846,DEPT OF PARKS & RECREATION,2012-11-19T00:00:00.000,QUEENS,CITY PLANNER,ACTIVE,107978.00,per Annum,1820,104647.09,8.75,534.15,5410.87
2025,846,DEPT OF PARKS & RECREATION,2013-10-25T00:00:00.000,BROOKLYN,CITY SEASONAL AIDE,ACTIVE,21.03,per Hour,2062,42097.68,1,20.37,4099.09
2025,846,DEPT OF PARKS & RECREATION,2012-06-25T00:00:00.000,QUEENS,LIFEGUARD,ACTIVE,22.72,per Hour,245.75,5406.50,0,0.00,2042.98
2025,846,DEPT OF PARKS & RECREATION,2025-04-28T00:00:00.000,MANHATTAN,COMMUNITY COORDINATOR,ACTIVE,34.41,per Hour,810.13,30201.10,15,737.15,1154.11
2025,846,DEPT OF PARKS & RECREATION,2012-07-16T00:00:00.000,MANHATTAN,ASSOCIATE URBAN DESIGNER,ACTIVE,104361.00,per Annum,1820,101142.04,0,0.00,6714.19
2025,846,DEPT OF PARKS & RECREATION,2023-06-19T00:00:00.000,MANHATTAN,STATIONARY ENGINEER,ACTIVE,591.20,per Day,2080,149477.76,561.5,60001.85,31646.13
2025,846,DEPT OF PARKS & RECREATION,2016-04-27T00:00:00.000,MANHATTAN,COMMUNITY COORDINATOR,ACTIVE,72298.00,per Annum,1820,69041.70,452.75,23521.71,1861.76
2025,846,DEPT OF PARKS & RECREATION,2015-03-16T00:00:00.000,QUEENS,ASSISTANT CIVIL ENGINEER,ACTIVE,78647.00,per Annum,1820,76216.79,0,0.00,2756.97
2025,846,DEPT OF PARKS & RECREATION,2025-05-21T00:00:00.000,QUEENS,JOB TRAINING PARTICIPANT,ACTIVE,19.14,per Hour,104,1966.56,8,229.68,0.00
2025,846,DEPT OF PARKS & RECREATION,2011-06-30T00:00:00.000,QUEENS,ADMINISTRATIVE PARKS & RECREATION MANAGER,ACTIVE,104868.00,per Annum,1820,101458.19,48.5,3099.27,1302.27
2025,846,DEPT OF PARKS & RECREATION,2022-09-08T00:00:00.000,RICHMOND,ADMINISTRATIVE PARKS & RECREATION MANAGER,ACTIVE,127770.00,per Annum,1820,123395.10,0,0.00,0.00
2025,846,DEPT OF PARKS & RECREATION,2022-12-14T00:00:00.000,MANHATTAN,CITY PARK WORKER,ACTIVE,46395.00,per Annum,2111.68,45229.50,10.25,330.87,949.15
2025,846,DEPT OF PARKS & RECREATION,2010-07-29T00:00:00.000,BRONX,LIFEGUARD,ACTIVE,22.72,per Hour,2064,45465.60,71.25,2496.60,19934.23
2025,846,DEPT OF PARKS & RECREATION,2010-07-09T00:00:00.000,QUEENS,LIFEGUARD,SEASONAL,22.72,per Hour,360,7920.00,4,140.16,4092.02
2025,846,DEPT OF PARKS & RECREATION,2024-04-10T00:00:00.000,QUEENS,CITY PARK WORKER,CEASED,20.89,per Hour,0,0.00,0,0.00,218.69
2025,846,DEPT OF PARKS & RECREATION,2024-04-02T00:00:00.000,BRONX,JOB TRAINING PARTICIPANT,CEASED,18.54,per Hour,310.5,5799.88,0,0.00,53.40
2025,846,DEPT OF PARKS & RECREATION,2024-03-28T00:00:00.000,RICHMOND,CITY PARK WORKER,ACTIVE,46395.00,per Annum,2114.12,43911.09,60,1681.06,1007.73
2025,846,DEPT OF PARKS & RECREATION,2024-03-04T00:00:00.000,QUEENS,JOB TRAINING PARTICIPANT,CEASED,18.54,per Hour,592,11014.56,14,389.35,0.00
2025,846,DEPT OF PARKS & RECREATION,2024-02-23T00:00:00.000,BRONX,JOB TRAINING PARTICIPANT,CEASED,18.54,per Hour,-16,-288.00,0,0.00,0.00
2025,846,DEPT OF PARKS & RECREATION,2024-02-08T00:00:00.000,MANHATTAN,JOB TRAINING PARTICIPANT,CEASED,18.54,per Hour,221.27,4133.42,1.25,23.18,0.00
2025,846,DEPT OF PARKS & RECREATION,2024-05-15T00:00:00.000,BRONX,JOB TRAINING PARTICIPANT,CEASED,18.54,per Hour,261.8,4853.78,8,148.32,53.40
2025,846,DEPT OF PARKS & RECREATION,2023-09-11T00:00:00.000,QUEENS,CITY SEASONAL AIDE,ACTIVE,19.14,per Hour,544,10128.07,25,695.29,1179.24
2025,846,DEPT OF PARKS & RECREATION,2023-07-25T00:00:00.000,RICHMOND,CITY SEASONAL AIDE,CEASED,18.54,per Hour,0,31.59,0,0.00,150.48
2025,846,DEPT OF PARKS & RECREATION,2023-07-24T00:00:00.000,MANHATTAN,CITY SEASONAL AIDE,ACTIVE,20.64,per Hour,663.97,12645.43,9.5,230.36,383.84
2025,846,DEPT OF PARKS & RECREATION,2024-04-26T00:00:00.000,MANHATTAN,JOB TRAINING PARTICIPANT,CEASED,18.54,per Hour,380.5,7054.47,0,0.00,106.80
2025,846,DEPT OF PARKS & RECREATION,2023-07-07T00:00:00.000,QUEENS,PLAYGROUND ASSOCIATE,ACTIVE,20.60,per Hour,403,7500.46,9.75,272.54,349.49
2025,846,DEPT OF PARKS & RECREATION,2023-07-05T00:00:00.000,RICHMOND,PLAYGROUND ASSOCIATE,ACTIVE,20.60,per Hour,1434.83,28670.45,1,19.95,279.32
2025,846,DEPT OF PARKS & RECREATION,2023-07-09T00:00:00.000,RICHMOND,CITY PARK WORKER,ACTIVE,46395.00,per Annum,2120,45791.40,23,745.13,973.00
2025,846,DEPT OF PARKS & RECREATION,2023-07-02T00:00:00.000,BROOKLYN,CITY SEASONAL AIDE,ACTIVE,20.64,per Hour,664,12589.36,118.5,3295.53,1218.14
2025,846,DEPT OF PARKS & RECREATION,2023-07-01T00:00:00.000,BRONX,PLAYGROUND ASSOCIATE,ACTIVE,20.60,per Hour,510.63,10228.11,0,0.00,402.66
2025,846,DEPT OF PARKS & RECREATION,2023-06-22T00:00:00.000,MANHATTAN,LIFEGUARD,SEASONAL,22.72,per Hour,488,10736.00,48,1584.00,4934.89
2025,846,DEPT OF PARKS & RECREATION,2023-06-20T00:00:00.000,MANHATTAN,COMMUNITY COORDINATOR,ACTIVE,72298.00,per Annum,1820,70064.11,85.75,4488.94,1407.86
2025,846,DEPT OF PARKS & RECREATION,2018-01-09T00:00:00.000,BROOKLYN,PARK SUPERVISOR,ACTIVE,84469.00,per Annum,2080,65116.28,69.5,3586.22,6135.34
2025,846,DEPT OF PARKS & RECREATION,2016-06-13T00:00:00.000,MANHATTAN,ASSOCIATE URBAN PARK RANGER,ACTIVE,66467.00,per Annum,2080,64873.36,24,1098.99,6721.24
2025,846,DEPT OF PARKS & RECREATION,2016-06-27T00:00:00.000,BROOKLYN,PLUMBER,ACTIVE,434.98,per Day,1820,112676.69,386.5,47824.26,3976.96
2025,846,DEPT OF PARKS & RECREATION,2016-05-26T00:00:00.000,BRONX,CITY PARK WORKER,ACTIVE,60715.00,per Annum,2080,53519.65,53,2258.02,957.63
2025,846,DEPT OF PARKS & RECREATION,2024-05-17T00:00:00.000,BRONX,JOB TRAINING PARTICIPANT,CEASED,18.54,per Hour,875.07,16241.03,15,380.84,105.91
2025,846,DEPT OF PARKS & RECREATION,2022-03-14T00:00:00.000,MANHATTAN,URBAN PARK RANGER,CEASED,53719.00,per Annum,0,1390.01,0,232.64,16.92
2025,846,DEPT OF PARKS & RECREATION,2025-04-01T00:00:00.000,MANHATTAN,JOB TRAINING PARTICIPANT,ACTIVE,19.14,per Hour,384.63,7169.96,0,0.00,55.12
2025,846,DEPT OF PARKS & RECREATION,2014-10-16T00:00:00.000,QUEENS,IT PROJECT SPECIALIST,ACTIVE,109097.00,per Annum,1820,105726.47,0,0.00,567.38
2025,846,DEPT OF PARKS & RECREATION,2024-06-21T00:00:00.000,QUEENS,JOB TRAINING PARTICIPANT,CEASED,18.54,per Hour,260.63,4832.17,0,0.00,0.00
2025,846,DEPT OF PARKS & RECREATION,2023-07-17T00:00:00.000,MANHATTAN,CITY SEASONAL AIDE,SEASONAL,19.14,per Hour,118.12,2230.87,8.75,248.35,225.14
2025,846,DEPT OF PARKS & RECREATION,2021-05-24T00:00:00.000,MANHATTAN,COMMUNITY COORDINATOR,ACTIVE,90395.00,per Annum,1820,87602.47,0,0.00,16.50
2025,846,DEPT OF PARKS & RECREATION,2016-10-03T00:00:00.000,QUEENS,CONSTRUCTION PROJECT MANAGER,ACTIVE,90600.00,per Annum,1820,87803.32,1,49.61,3013.44
2025,846,DEPT OF PARKS & RECREATION,2017-05-14T00:00:00.000,BRONX,ASSOCIATE PARK SERVICE WORKER,ACTIVE,60715.00,per Annum,2080,58839.37,2,107.79,8384.21
2025,846,DEPT OF PARKS & RECREATION,2024-03-22T00:00:00.000,BROOKLYN,JOB TRAINING PARTICIPANT,CEASED,18.54,per Hour,651.72,12125.76,31,836.31,53.40
2025,846,DEPT OF PARKS & RECREATION,2015-11-18T00:00:00.000,MANHATTAN,COMMUNITY COORDINATOR,ACTIVE,72298.00,per Annum,1820,70064.11,85,3720.29,137.42
2025,846,DEPT OF PARKS & RECREATION,2023-05-21T00:00:00.000,QUEENS,CITY PARK WORKER,ACTIVE,46395.00,per Annum,2104.63,45288.06,60.75,1972.64,976.36
2025,846,DEPT OF PARKS & RECREATION,2018-07-02T00:00:00.000,MANHATTAN,STATIONARY ENGINEER,ACTIVE,591.20,per Day,2080,149477.76,923,98042.30,22875.87
2025,846,DEPT OF PARKS & RECREATION,2025-03-21T00:00:00.000,BRONX,JOB TRAINING PARTICIPANT,CEASED,18.54,per Hour,804.35,17074.01,36.5,1194.36,1709.93
2025,846,DEPT OF PARKS & RECREATION,2018-09-26T00:00:00.000,QUEENS,CITY SEASONAL AIDE,ACTIVE,21.03,per Hour,476.63,9661.31,22,562.24,1636.84
2025,846,DEPT OF PARKS & RECREATION,2023-01-18T00:00:00.000,MANHATTAN,CITY PARK WORKER,ACTIVE,46395.00,per Annum,2111.87,45608.47,53.5,1694.98,1817.70
2025,846,DEPT OF PARKS & RECREATION,2025-04-10T00:00:00.000,BROOKLYN,CITY PARK WORKER,ACTIVE,22.22,per Hour,344,7453.28,20,656.73,202.83
2025,846,DEPT OF PARKS & RECREATION,2017-08-14T00:00:00.000,MANHATTAN,ADMINISTRATIVE STAFF ANALYST,ACTIVE,121567.00,per Annum,1820,120425.10,66.25,4857.35,162.90
2025,846,DEPT OF PARKS & RECREATION,2024-05-19T00:00:00.000,BROOKLYN,CITY PARK WORKER,ACTIVE,60715.00,per Annum,2119.17,47394.08,53.25,1718.95,1439.74
2025,846,DEPT OF PARKS & RECREATION,2021-10-18T00:00:00.000,MANHATTAN,GARDENER,ACTIVE,58015.00,per Annum,2080,56222.63,0,0.00,0.00
2025,846,DEPT OF PARKS & RECREATION,1992-08-01T00:00:00.000,BROOKLYN,PARK SUPERVISOR,ACTIVE,84469.00,per Annum,2080,67402.51,20.5,1037.75,17917.08
2025,846,DEPT OF PARKS & RECREATION,2025-06-01T00:00:00.000,BROOKLYN,CITY PARK WORKER,ACTIVE,22.22,per Hour,40,888.80,0,0.00,0.00
2025,846,DEPT OF PARKS & RECREATION,2009-08-10T00:00:00.000,BRONX,ASSOCIATE PARK SERVICE WORKER,ACTIVE,25.29,per Hour,741.18,18265.98,53.75,2042.75,3044.14
2025,846,DEPT OF PARKS & RECREATION,2009-02-09T00:00:00.000,RICHMOND,SUPERVISOR ELECTRICIAN,CEASED,502.88,per Day,160.6,11538.98,0,0.00,0.00
2025,846,DEPT OF PARKS & RECREATION,1987-06-22T00:00:00.000,MANHATTAN,PARK SUPERVISOR,ACTIVE,100364.00,per Annum,2080,97241.02,64,4709.04,24612.27
2025,846,DEPT OF PARKS & RECREATION,2025-04-22T00:00:00.000,BROOKLYN,JOB TRAINING PARTICIPANT,ACTIVE,19.14,per Hour,244.27,4568.01,9,184.98,0.00
2025,846,DEPT OF PARKS & RECREATION,2005-11-02T00:00:00.000,BROOKLYN,ASSOCIATE PARK SERVICE WORKER,CEASED,58828.00,per Annum,776.57,27848.49,4,250.60,8315.51
2025,846,DEPT OF PARKS & RECREATION,1993-07-02T00:00:00.000,BROOKLYN,CITY SEASONAL AIDE,ACTIVE,21.10,per Hour,840,17250.56,0,0.00,2296.96
2025,846,DEPT OF PARKS & RECREATION,2025-05-19T00:00:00.000,RICHMOND,CITY SEASONAL AIDE,ACTIVE,19.14,per Hour,119,2249.46,0,0.00,76.56
2025,846,DEPT OF PARKS & RECREATION,2025-05-19T00:00:00.000,MANHATTAN,URBAN PARK RANGER,ACTIVE,56991.00,per Annum,160,4358.26,0,0.00,109.18
2025,846,DEPT OF PARKS & RECREATION,2025-05-15T00:00:00.000,BROOKLYN,JOB TRAINING PARTICIPANT,ACTIVE,19.14,per Hour,144,2712.96,0,0.00,55.12
2025,846,DEPT OF PARKS & RECREATION,2025-05-12T00:00:00.000,QUEENS,PAINTER,ACTIVE,52.31,per Hour,136,6889.76,88.75,6642.84,0.00
2025,846,DEPT OF PARKS & RECREATION,2025-05-04T00:00:00.000,BRONX,CITY PARK WORKER,ACTIVE,22.22,per Hour,200,4354.40,8,264.70,176.14
2025,846,DEPT OF PARKS & RECREATION,2019-06-28T00:00:00.000,BROOKLYN,LIFEGUARD,SEASONAL,22.72,per Hour,399.75,8794.50,63.25,2143.28,4592.59
2025,846,DEPT OF PARKS & RECREATION,2024-06-21T00:00:00.000,QUEENS,JOB TRAINING PARTICIPANT,CEASED,18.54,per Hour,713.78,13233.60,4,74.16,0.00
2025,846,DEPT OF PARKS & RECREATION,2019-06-10T00:00:00.000,QUEENS,COMMUNITY ASSOCIATE,ACTIVE,55059.00,per Annum,1820,53357.95,0,0.00,1008.25
2025,846,DEPT OF PARKS & RECREATION,2024-04-16T00:00:00.000,BRONX,JOB TRAINING PARTICIPANT,CEASED,18.54,per Hour,276.5,5165.20,5,92.70,53.40
2025,846,DEPT OF PARKS & RECREATION,2018-11-19T00:00:00.000,MANHATTAN,ELECTRICIAN,ACTIVE,480.97,per Day,1820,122378.21,11.5,1150.75,100.00
2025,846,DEPT OF PARKS & RECREATION,2018-10-09T00:00:00.000,BRONX,COMMUNITY COORDINATOR,ACTIVE,83334.00,per Annum,1820,80759.33,0,0.00,0.00
2025,846,DEPT OF PARKS & RECREATION,2024-07-10T00:00:00.000,QUEENS,RECREATION SPECIALIST,ACTIVE,45986.00,per Annum,1460.48,35566.85,13.75,335.10,53.32
2025,846,DEPT OF PARKS & RECREATION,2021-05-12T00:00:00.000,QUEENS,CITY PARK WORKER,ACTIVE,60715.00,per Annum,2048,42880.74,33.5,1013.07,726.70
2025,846,DEPT OF PARKS & RECREATION,2024-05-23T00:00:00.000,QUEENS,JOB TRAINING PARTICIPANT,CEASED,18.54,per Hour,11,203.94,0,0.00,0.00
2025,846,DEPT OF PARKS & RECREATION,2022-10-24T00:00:00.000,MANHATTAN,URBAN PARK RANGER,CEASED,53719.00,per Annum,0,0.00,0,0.00,1090.08
2025,846,DEPT OF PARKS & RECREATION,2018-09-17T00:00:00.000,MANHATTAN,CONSTRUCTION PROJECT MANAGER,ACTIVE,90551.00,per Annum,1820,87753.49,0,0.00,5129.48
2025,846,DEPT OF PARKS & RECREATION,2025-02-04T00:00:00.000,QUEENS,JOB TRAINING PARTICIPANT,CEASED,18.54,per Hour,16,296.64,0,0.00,0.00
2025,846,DEPT OF PARKS & RECREATION,2024-06-03T00:00:00.000,BRONX,JOB TRAINING PARTICIPANT,CEASED,18.54,per Hour,383.62,7112.28,2,37.08,0.00
2025,846,DEPT OF PARKS & RECREATION,2017-03-20T00:00:00.000,QUEENS,PARK SUPERVISOR,ACTIVE,84469.00,per Annum,1920,75317.21,39.25,2298.00,10800.55
2025,846,DEPT OF PARKS & RECREATION,1985-08-19T00:00:00.000,MANHATTAN,ADMINISTRATIVE LANDSCAPE ARCHITECT,CEASED,176647.00,per Annum,1603,155138.58,0,0.00,1100.00
2025,846,DEPT OF PARKS & RECREATION,2013-04-30T00:00:00.000,BROOKLYN,PARK SUPERVISOR,ACTIVE,84469.00,per Annum,2080,67387.43,42,2039.57,11686.03
2025,846,DEPT OF PARKS & RECREATION,2023-07-18T00:00:00.000,QUEENS,CITY PARK WORKER,ACTIVE,22.22,per Hour,616,13345.92,2,43.04,859.37
2025,846,DEPT OF PARKS & RECREATION,2025-04-08T00:00:00.000,QUEENS,JOB TRAINING PARTICIPANT,CEASED,18.54,per Hour,40,741.60,0,0.00,0.00
2025,846,DEPT OF PARKS & RECREATION,1999-04-19T00:00:00.000,QUEENS,CONSTRUCTION PROJECT MANAGER,ACTIVE,138278.00,per Annum,1820,134013.50,32,2534.69,10813.75
2025,846,DEPT OF PARKS & RECREATION,2024-05-05T00:00:00.000,BROOKLYN,CITY PARK WORKER,CEASED,21.52,per Hour,484,10466.08,0,0.00,223.10
2025,846,DEPT OF PARKS & RECREATION,1999-10-28T00:00:00.000,MANHATTAN,CITY PARK WORKER,ACTIVE,46624.00,per Annum,2080,45160.82,3.5,126.27,8841.45
2025,846,DEPT OF PARKS & RECREATION,2000-05-01T00:00:00.000,QUEENS,ADMINISTRATIVE PARKS & RECREATION MANAGER,ACTIVE,134922.00,per Annum,1820,130302.28,0,0.00,1000.00
2025,846,DEPT OF PARKS & RECREATION,2023-06-25T00:00:00.000,BROOKLYN,CITY SEASONAL AIDE,CEASED,18.54,per Hour,144,2669.76,0,0.00,1049.68
2025,846,DEPT OF PARKS & RECREATION,2015-08-10T00:00:00.000,MANHATTAN,EXECUTIVE AGENCY COUNSEL,ACTIVE,195324.00,per Annum,1820,188636.57,0,0.00,375.00
2025,846,DEPT OF PARKS & RECREATION,2006-03-06T00:00:00.000,QUEENS,ADMIN COMMUNITY RELATIONS SPECIALIST,ACTIVE,91997.00,per Annum,1820,91123.15,0,0.00,1495.87
2025,846,DEPT OF PARKS & RECREATION,2022-07-07T00:00:00.000,MANHATTAN,CITY SEASONAL AIDE,ACTIVE,20.64,per Hour,639.83,12018.27,8.5,208.58,990.15
2025,57,FIRE DEPARTMENT,2019-05-13T00:00:00.000,RICHMOND,FIREFIGHTER,ACTIVE,109352.00,per Annum,2080,108510.46,191.4,16391.18,19108.77
2025,57,FIRE DEPARTMENT,2017-12-11T00:00:00.000,QUEENS,FIREFIGHTER,ACTIVE,109352.00,per Annum,2080,108510.46,421.65,36411.99,17422.53
2025,57,FIRE DEPARTMENT,2017-12-11T00:00:00.000,BROOKLYN,FIREFIGHTER,ACTIVE,109352.00,per Annum,2080,108510.46,333.92,28861.60,20539.49
2025,57,FIRE DEPARTMENT,2013-07-29T00:00:00.000,MANHATTAN,FIREFIGHTER,ACTIVE,109352.00,per Annum,2080,108510.46,437.48,38227.49,27700.72
2025,57,FIRE DEPARTMENT,2013-07-29T00:00:00.000,MANHATTAN,FIREFIGHTER,ACTIVE,109352.00,per Annum,2080,108510.46,639.67,57568.87,27364.25
2025,57,FIRE DEPARTMENT,2014-01-27T00:00:00.000,QUEENS,FIREFIGHTER,ACTIVE,109352.00,per Annum,2080,108510.46,394,35549.15,25441.40
2025,57,FIRE DEPARTMENT,2016-07-25T00:00:00.000,BROOKLYN,EMERGENCY MEDICAL SPECIALIST-EMT,ACTIVE,59534.00,per Annum,2384.5,63824.21,218,6532.74,15553.47
2025,57,FIRE DEPARTMENT,2013-06-24T00:00:00.000,BROOKLYN,SUPERVISING EMERGENCY MEDICAL SERVICE SPECIALIST,ACTIVE,82548.00,per Annum,2380,88352.56,536.25,34056.68,13521.12
2025,57,FIRE DEPARTMENT,2014-01-27T00:00:00.000,MANHATTAN,FIREFIGHTER,ACTIVE,109352.00,per Annum,2011.4,116841.52,121,10303.61,20548.68
2025,57,FIRE DEPARTMENT,2012-09-24T00:00:00.000,MANHATTAN,SUPERVISING EMERGENCY MEDICAL SERVICE SPECIALIST,ACTIVE,77351.00,per Annum,2348.75,82336.56,103.25,3714.99,16301.19
2025,57,FIRE DEPARTMENT,2012-07-16T00:00:00.000,BRONX,SUPERVISING EMERGENCY MEDICAL SERVICE SPECIALIST,ACTIVE,82548.00,per Annum,2404,88676.50,161.25,6799.49,13271.54
2025,57,FIRE DEPARTMENT,2012-07-16T00:00:00.000,BROOKLYN,SUPERVISING EMERGENCY MEDICAL SERVICE SPECIALIST,ACTIVE,77351.00,per Annum,2392,80906.76,349.67,16860.86,13936.50
2025,57,FIRE DEPARTMENT,2012-07-16T00:00:00.000,MANHATTAN,SUPERVISING EMERGENCY MEDICAL SERVICE SPECIALIST,ACTIVE,77351.00,per Annum,2348,81982.47,519.5,29369.78,18698.12
2025,57,FIRE DEPARTMENT,2020-10-26T00:00:00.000,QUEENS,EMERGENCY MEDICAL SPECIALIST-EMT,ACTIVE,49047.00,per Annum,2204.25,50085.55,122,4242.41,7108.54
2025,57,FIRE DEPARTMENT,2012-04-23T00:00:00.000,BROOKLYN,EMERGENCY MEDICAL SPECIALIST-PARAMEDIc,ACTIVE,75872.00,per Annum,2376,75981.99,585.5,34083.60,15251.07
2025,57,FIRE DEPARTMENT,2017-06-12T00:00:00.000,BRONX,FIREFIGHTER,ACTIVE,109352.00,per Annum,2080,108510.46,386.68,33324.31,17602.84
2025,57,FIRE DEPARTMENT,2017-12-11T00:00:00.000,QUEENS,FIREFIGHTER,ACTIVE,109352.00,per Annum,2080,108510.46,678.93,57798.48,22127.25
2025,57,FIRE DEPARTMENT,2013-07-29T00:00:00.000,MANHATTAN,FIREFIGHTER,ACTIVE,109352.00,per Annum,2080,108510.46,232.98,21056.62,20814.16
2025,57,FIRE DEPARTMENT,2014-07-14T00:00:00.000,BRONX,FIREFIGHTER,ACTIVE,109352.00,per Annum,2080,108510.46,707.82,62512.90,23826.47
2025,57,FIRE DEPARTMENT,2014-07-14T00:00:00.000,BROOKLYN,FIREFIGHTER,ACTIVE,109352.00,per Annum,2080,108510.46,447.98,38146.86,20532.86
2025,57,FIRE DEPARTMENT,2009-09-28T00:00:00.000,QUEENS,SUPERVISING EMERGENCY MEDICAL SERVICE SPECIALIST,ACTIVE,68000.00,per Annum,2278.2,67366.05,961.25,51576.85,14384.35
2025,57,FIRE DEPARTMENT,2008-09-29T00:00:00.000,QUEENS,EMERGENCY MEDICAL SPECIALIST-EMT,ACTIVE,59534.00,per Annum,1632,31563.32,0,0.00,8677.49
2025,57,FIRE DEPARTMENT,2014-01-27T00:00:00.000,QUEENS,FIREFIGHTER,ACTIVE,109352.00,per Annum,2080,108510.46,386.12,33963.12,21755.28
2025,57,FIRE DEPARTMENT,2008-09-29T00:00:00.000,BROOKLYN,SUPERVISING EMERGENCY MEDICAL SERVICE SPECIALIST,CEASED,77351.00,per Annum,2268,57392.57,87,4935.40,7519.06
2025,57,FIRE DEPARTMENT,2015-12-28T00:00:00.000,MANHATTAN,FIREFIGHTER,ACTIVE,109352.00,per Annum,2080,108510.46,470.32,40967.95,17443.25
2025,57,FIRE DEPARTMENT,2008-07-01T00:00:00.000,BRONX,CAPTAIN,ACTIVE,140930.00,per Annum,2080,138361.44,631.85,69267.17,24786.99
2025,57,FIRE DEPARTMENT,2008-07-01T00:00:00.000,BRONX,CAPTAIN,ACTIVE,136093.00,per Annum,2080,134267.39,705.87,76514.61,25089.18
2025,57,FIRE DEPARTMENT,2008-07-01T00:00:00.000,MANHATTAN,LIEUTENANT,ACTIVE,134819.00,per Annum,2080,133872.94,593,63863.57,21856.12
2025,57,FIRE DEPARTMENT,2008-07-01T00:00:00.000,BROOKLYN,LIEUTENANT,ACTIVE,134819.00,per Annum,2080,133872.94,740.12,80371.75,21905.84
2025,57,FIRE DEPARTMENT,2008-07-01T00:00:00.000,BROOKLYN,FIREFIGHTER,ACTIVE,109352.00,per Annum,2080,108510.46,413.75,36833.01,28027.58
2025,57,FIRE DEPARTMENT,2008-01-21T00:00:00.000,BROOKLYN,LIEUTENANT,ACTIVE,114665.00,per Annum,2080,112959.78,702.1,63655.77,21336.95
2025,57,FIRE DEPARTMENT,2008-01-21T00:00:00.000,QUEENS,FIREFIGHTER,ACTIVE,109352.00,per Annum,2080,108510.46,579.6,52652.65,29071.60
2025,57,FIRE DEPARTMENT,2008-01-21T00:00:00.000,BRONX,FIREFIGHTER,ACTIVE,109352.00,per Annum,2080,108510.46,223.23,19940.33,22978.15
2025,57,FIRE DEPARTMENT,2008-01-21T00:00:00.000,BROOKLYN,LIEUTENANT,ACTIVE,113000.00,per Annum,2080,112049.71,1059.1,95392.71,23701.45
2025,57,FIRE DEPARTMENT,2008-01-21T00:00:00.000,BRONX,FIREFIGHTER,ACTIVE,109352.00,per Annum,2080,108510.46,606.17,54213.07,25169.78
2025,57,FIRE DEPARTMENT,2007-10-01T00:00:00.000,BROOKLYN,PRINCIPAL ADMINISTRATIVE ASSOCIATE -  NON SUPVR,ACTIVE,85568.00,per Annum,1820,84080.96,0,0.00,4706.33
2025,57,FIRE DEPARTMENT,2015-08-24T00:00:00.000,BROOKLYN,DEPUTY COMMISSIONER,ACTIVE,274254.00,per Annum,1820,264863.38,0,0.00,1000.00
2025,57,FIRE DEPARTMENT,2007-08-06T00:00:00.000,MANHATTAN,FIREFIGHTER,ACTIVE,109352.00,per Annum,2080,108510.46,331.52,28941.44,21781.81
2025,57,FIRE DEPARTMENT,2007-08-06T00:00:00.000,BRONX,CAPTAIN,ACTIVE,136093.00,per Annum,2080,134267.39,967.8,103525.53,22486.12
2025,57,FIRE DEPARTMENT,2007-08-06T00:00:00.000,MANHATTAN,FIREFIGHTER,ACTIVE,109352.00,per Annum,2080,108510.46,1395.8,125055.68,22318.61
2025,57,FIRE DEPARTMENT,2014-01-27T00:00:00.000,BRONX,FIREFIGHTER,ACTIVE,109352.00,per Annum,2080,108510.46,430.87,37528.08,20037.72
2025,57,FIRE DEPARTMENT,2007-03-25T00:00:00.000,BRONX,FIREFIGHTER,ACTIVE,109352.00,per Annum,2080,108510.46,374.17,33791.13,21781.81
2025,57,FIRE DEPARTMENT,2008-04-07T00:00:00.000,BROOKLYN,EMERGENCY MEDICAL SPECIALIST-EMT,ACTIVE,59534.00,per Annum,2286.25,62415.72,144,8857.07,16386.46
2025,57,FIRE DEPARTMENT,2007-01-08T00:00:00.000,QUEENS,EMERGENCY MEDICAL SPECIALIST-EMT,ACTIVE,59534.00,per Annum,2388,61830.48,96.25,3663.45,15177.70
2025,57,FIRE DEPARTMENT,2006-11-19T00:00:00.000,RICHMOND,CAPTAIN,ACTIVE,136093.00,per Annum,2080,133925.30,871.37,94155.84,21847.31
2025,57,FIRE DEPARTMENT,2015-06-29T00:00:00.000,MANHATTAN,FIREFIGHTER,ACTIVE,109352.00,per Annum,2080,108510.46,624.38,54303.48,22728.60
2025,57,FIRE DEPARTMENT,2018-12-07T00:00:00.000,BROOKLYN,FIREFIGHTER,ACTIVE,109352.00,per Annum,2080,108510.46,517.48,45297.96,18031.36
2025,57,FIRE DEPARTMENT,2013-07-29T00:00:00.000,BROOKLYN,FIREFIGHTER,ACTIVE,109352.00,per Annum,2080,108510.46,58.83,4943.78,19548.50
2025,57,FIRE DEPARTMENT,2006-06-11T00:00:00.000,MANHATTAN,BATTALION CHIEF,ACTIVE,176280.00,per Annum,2080,168278.51,10,1116.72,25156.16
2025,57,FIRE DEPARTMENT,2006-06-11T00:00:00.000,MANHATTAN,CAPTAIN,ACTIVE,136093.00,per Annum,2080,134414.00,757.72,82247.74,24578.57
2025,57,FIRE DEPARTMENT,2020-01-27T00:00:00.000,BROOKLYN,ASSISTANT COMMISSIONER,CEASED,170000.00,per Annum,0,0.00,0,0.00,31459.31
2025,57,FIRE DEPARTMENT,2006-01-15T00:00:00.000,MANHATTAN,BATTALION CHIEF,ACTIVE,155563.00,per Annum,2080,142891.70,533.55,58499.90,23442.28
2025,57,FIRE DEPARTMENT,2007-03-25T00:00:00.000,RICHMOND,CAPTAIN,ACTIVE,138512.00,per Annum,2080,135966.50,14,1444.72,21998.24
2025,57,FIRE DEPARTMENT,2007-08-06T00:00:00.000,BRONX,CAPTAIN,ACTIVE,140930.00,per Annum,2080,138361.44,1279.93,142149.46,26509.83
2025,57,FIRE DEPARTMENT,2023-11-06T00:00:00.000,QUEENS,FIREFIGHTER,ACTIVE,59060.00,per Annum,2080,56157.69,183.25,7663.56,7025.10
2025,57,FIRE DEPARTMENT,2014-01-27T00:00:00.000,QUEENS,FIREFIGHTER,ACTIVE,109352.00,per Annum,2080,108510.46,331.03,29520.66,22864.26
2025,57,FIRE DEPARTMENT,2016-10-04T00:00:00.000,MANHATTAN,FIREFIGHTER,ACTIVE,109352.00,per Annum,2080,108510.46,574.62,48368.07,17317.80
2025,57,FIRE DEPARTMENT,2006-06-11T00:00:00.000,BROOKLYN,FIREFIGHTER,CEASED,109352.00,per Annum,1982.88,103418.41,744,67150.06,23275.47
2025,57,FIRE DEPARTMENT,2008-04-07T00:00:00.000,QUEENS,EMERGENCY MEDICAL SPECIALIST-EMT,ACTIVE,59534.00,per Annum,2383.5,63736.65,165.75,5839.38,13902.27
2025,57,FIRE DEPARTMENT,2009-09-28T00:00:00.000,QUEENS,EMERGENCY MEDICAL SPECIALIST-EMT,ACTIVE,59534.00,per Annum,2128,57386.09,25,721.68,7564.51
2025,57,FIRE DEPARTMENT,2018-06-11T00:00:00.000,BROOKLYN,EMERGENCY MEDICAL SPECIALIST-EMT,ACTIVE,59534.00,per Annum,2080,59364.31,463.5,21192.76,5469.90
2025,57,FIRE DEPARTMENT,2016-06-27T00:00:00.000,BROOKLYN,FIREFIGHTER,ACTIVE,109352.00,per Annum,2080,108510.46,650.65,54812.67,23758.48
2025,57,FIRE DEPARTMENT,2005-05-31T00:00:00.000,QUEENS,FIREFIGHTER,ACTIVE,109352.00,per Annum,2080,108510.46,978.48,94879.06,41627.29
2025,57,FIRE DEPARTMENT,2005-04-11T00:00:00.000,BROOKLYN,COMPUTER SPECIALIST,ACTIVE,132274.00,per Annum,1820,128164.65,37.5,2765.82,6518.08
2025,57,FIRE DEPARTMENT,2005-03-08T00:00:00.000,MANHATTAN,FIREFIGHTER,ACTIVE,109352.00,per Annum,2080,108510.46,900.83,80425.50,29003.08
2025,57,FIRE DEPARTMENT,2013-11-04T00:00:00.000,MANHATTAN,CLERICAL ASSOCIATE MOST MAYORAL AG,ACTIVE,53742.00,per Annum,1820,52055.49,182,7517.92,1195.38
2025,57,FIRE DEPARTMENT,2023-03-13T00:00:00.000,MANHATTAN,FIRE PROTECTION INSPECTOR,ACTIVE,59880.00,per Annum,2080,53932.94,387.75,15090.15,2368.17
2025,57,FIRE DEPARTMENT,2023-02-13T00:00:00.000,BROOKLYN,EMERGENCY MEDICAL SPECIALIST-EMT,ACTIVE,42357.00,per Annum,2291.5,44076.54,91.25,3832.78,6702.53
2025,57,FIRE DEPARTMENT,2023-02-13T00:00:00.000,MANHATTAN,EMERGENCY MEDICAL SPECIALIST-EMT,ACTIVE,42357.00,per Annum,2341.75,44503.25,96.5,2490.64,8249.19
2025,57,FIRE DEPARTMENT,2023-02-13T00:00:00.000,QUEENS,EMERGENCY MEDICAL SPECIALIST-EMT,ACTIVE,42357.00,per Annum,2298.5,44326.35,324,9634.10,9328.02
2025,57,FIRE DEPARTMENT,2022-10-11T00:00:00.000,BRONX,EMERGENCY MEDICAL SPECIALIST-EMT,ACTIVE,42357.00,per Annum,2365.5,45660.02,199.5,5669.97,7476.19
2025,57,FIRE DEPARTMENT,2022-10-11T00:00:00.000,MANHATTAN,EMERGENCY MEDICAL SPECIALIST-EMT,ACTIVE,42357.00,per Annum,2388,45537.31,487.75,13447.92,6243.33
2025,57,FIRE DEPARTMENT,2022-05-23T00:00:00.000,RICHMOND,EMERGENCY MEDICAL SPECIALIST-EMT,ACTIVE,42357.00,per Annum,2311.75,44475.05,229.75,7497.85,5828.76
2025,57,FIRE DEPARTMENT,2022-05-02T00:00:00.000,QUEENS,AUTO MECHANIC,ACTIVE,403.44,per Day,2080,91964.04,315,21077.62,24469.31
2025,57,FIRE DEPARTMENT,2022-03-28T00:00:00.000,BROOKLYN,FIREFIGHTER,ACTIVE,70761.00,per Annum,2080,65224.62,112.87,5463.38,4459.92
2025,57,FIRE DEPARTMENT,2022-03-28T00:00:00.000,QUEENS,FIREFIGHTER,ACTIVE,70761.00,per Annum,2080,65224.62,523.6,25966.90,5796.25
2025,57,FIRE DEPARTMENT,2022-01-18T00:00:00.000,RICHMOND,EMERGENCY MEDICAL SPECIALIST-EMT,ACTIVE,49047.00,per Annum,2292.75,45517.84,199,5754.13,6515.45
2025,57,FIRE DEPARTMENT,2022-01-18T00:00:00.000,MANHATTAN,EMERGENCY MEDICAL SPECIALIST-EMT,ACTIVE,49047.00,per Annum,2385,44960.13,298.5,8285.53,8091.00
2025,57,FIRE DEPARTMENT,2021-10-25T00:00:00.000,RICHMOND,FIREFIGHTER,ACTIVE,70761.00,per Annum,2080,67939.20,97.15,4856.45,5926.90
2025,57,FIRE DEPARTMENT,2021-10-25T00:00:00.000,RICHMOND,FIREFIGHTER,ACTIVE,70761.00,per Annum,2080,67939.20,486.97,24079.07,6321.02
2025,57,FIRE DEPARTMENT,2021-10-25T00:00:00.000,QUEENS,FIREFIGHTER,ACTIVE,70761.00,per Annum,2080,67939.20,449.3,22353.52,5626.27
2025,57,FIRE DEPARTMENT,2021-10-25T00:00:00.000,MANHATTAN,FIREFIGHTER,ACTIVE,70761.00,per Annum,2080,67939.20,485.82,25712.13,8422.73
2025,57,FIRE DEPARTMENT,2021-10-25T00:00:00.000,BROOKLYN,FIREFIGHTER,ACTIVE,70761.00,per Annum,2080,67939.20,516.08,26654.65,8104.84
2025,57,FIRE DEPARTMENT,2021-10-25T00:00:00.000,RICHMOND,FIREFIGHTER,ACTIVE,70761.00,per Annum,2080,67939.20,439.92,23357.81,5298.49
2025,57,FIRE DEPARTMENT,2021-09-13T00:00:00.000,QUEENS,EMERGENCY MEDICAL SPECIALIST-EMT,ACTIVE,49047.00,per Annum,2416,30528.65,15.5,360.54,3726.07
2025,57,FIRE DEPARTMENT,2021-09-13T00:00:00.000,QUEENS,EMERGENCY MEDICAL SPECIALIST-EMT,ACTIVE,49047.00,per Annum,2392,49113.98,144,2578.18,8289.59
2025,57,FIRE DEPARTMENT,2021-09-13T00:00:00.000,QUEENS,EMERGENCY MEDICAL SPECIALIST-EMT,ACTIVE,49047.00,per Annum,2273.75,49594.21,202.75,8400.42,9525.42
2025,57,FIRE DEPARTMENT,2021-09-13T00:00:00.000,BROOKLYN,EMERGENCY MEDICAL SPECIALIST-EMT,ACTIVE,49047.00,per Annum,2386.5,50982.40,305,10087.81,12656.85
2025,57,FIRE DEPARTMENT,2021-06-21T00:00:00.000,QUEENS,EMERGENCY MEDICAL SPECIALIST-EMT,ACTIVE,49047.00,per Annum,2380,51860.58,263.25,8095.84,7678.29
2025,57,FIRE DEPARTMENT,2021-06-21T00:00:00.000,BRONX,EMERGENCY MEDICAL SPECIALIST-EMT,ACTIVE,49047.00,per Annum,2392,52731.24,166.75,5964.75,6954.77
2025,57,FIRE DEPARTMENT,2021-05-10T00:00:00.000,BROOKLYN,FIREFIGHTER,ACTIVE,77998.00,per Annum,2080,70930.22,566.37,30487.34,8383.78
2025,57,FIRE DEPARTMENT,2020-10-26T00:00:00.000,BROOKLYN,EMERGENCY MEDICAL SPECIALIST-EMT,ACTIVE,49047.00,per Annum,2339.75,48615.07,58.5,2453.42,6725.01
2025,57,FIRE DEPARTMENT,2020-10-26T00:00:00.000,BROOKLYN,EMERGENCY MEDICAL SPECIALIST-EMT,ACTIVE,49047.00,per Annum,2256,51759.79,219,8151.14,6945.05
2025,57,FIRE DEPARTMENT,2020-10-26T00:00:00.000,BROOKLYN,EMERGENCY MEDICAL SPECIALIST-EMT,ACTIVE,49047.00,per Annum,2235.5,49364.42,41.25,1295.89,4598.77
2025,57,FIRE DEPARTMENT,2020-06-22T00:00:00.000,QUEENS,EMERGENCY MEDICAL SPECIALIST-EMT,ACTIVE,49047.00,per Annum,1444,22849.34,65.25,2001.55,3861.34
2025,57,FIRE DEPARTMENT,2020-04-13T00:00:00.000,BROOKLYN,COMMUNITY COORDINATOR,ACTIVE,78085.00,per Annum,1820,70826.53,0,0.00,0.00
2025,57,FIRE DEPARTMENT,2020-02-18T00:00:00.000,MANHATTAN,FIREFIGHTER,ACTIVE,56287.00,per Annum,2318.5,54320.52,290.75,11636.75,9434.09
2025,57,FIRE DEPARTMENT,2020-02-18T00:00:00.000,QUEENS,EMERGENCY MEDICAL SPECIALIST-EMT,ACTIVE,59534.00,per Annum,2368.5,53727.87,300.25,11323.60,12415.08
2025,57,FIRE DEPARTMENT,2020-02-18T00:00:00.000,BRONX,EMERGENCY MEDICAL SPECIALIST-EMT,ACTIVE,59534.00,per Annum,2106.25,52371.51,185.5,7401.13,7908.29
2025,57,FIRE DEPARTMENT,2024-03-25T00:00:00.000,BRONX,FIREFIGHTER,ACTIVE,56287.00,per Annum,2080,55853.78,443.95,18981.63,6496.70
2025,57,FIRE DEPARTMENT,2024-03-25T00:00:00.000,BROOKLYN,FIREFIGHTER,ACTIVE,56287.00,per Annum,2080,55853.78,321.55,13498.15,5998.89
2025,57,FIRE DEPARTMENT,2024-06-03T00:00:00.000,MANHATTAN,EMERGENCY MEDICAL SPECIALIST-EMT,ACTIVE,41617.00,per Annum,2304,41955.16,530.08,14382.54,4791.05
2025,57,FIRE DEPARTMENT,2024-08-26T00:00:00.000,MANHATTAN,FIREFIGHTER,ACTIVE,56287.00,per Annum,1680,45337.95,382.72,16222.68,1578.66
2025,57,FIRE DEPARTMENT,2024-09-15T00:00:00.000,BRONX,FIREFIGHTER,ACTIVE,56287.00,per Annum,1651.45,42570.27,142.45,5974.46,1862.78
2025,57,FIRE DEPARTMENT,2024-08-26T00:00:00.000,QUEENS,FIREFIGHTER,ACTIVE,56287.00,per Annum,1680,45337.95,430.08,18114.90,2234.99
2025,57,FIRE DEPARTMENT,2024-08-26T00:00:00.000,BROOKLYN,FIREFIGHTER,ACTIVE,56287.00,per Annum,1680,45337.95,95.15,3899.89,1502.36
2025,57,FIRE DEPARTMENT,2024-10-07T00:00:00.000,QUEENS,EMERGENCY MEDICAL SPECIALIST-EMT,ACTIVE,39386.00,per Annum,1536,28278.75,66.75,1111.03,2827.17
2025,57,FIRE DEPARTMENT,2025-01-13T00:00:00.000,MANHATTAN,FIREFIGHTER,ACTIVE,56287.00,per Annum,880,23748.45,94.27,3816.79,0.00
2025,57,FIRE DEPARTMENT,2023-11-06T00:00:00.000,BRONX,FIREFIGHTER,ACTIVE,59060.00,per Annum,880,24918.51,99.5,4236.22,680.99
2025,57,FIRE DEPARTMENT,2025-01-13T00:00:00.000,BROOKLYN,FIREFIGHTER,ACTIVE,56287.00,per Annum,880,23748.45,99.35,4026.35,0.00
2025,57,FIRE DEPARTMENT,2025-01-13T00:00:00.000,BRONX,FIREFIGHTER,ACTIVE,56287.00,per Annum,880,23748.45,92.28,3731.52,0.00
2025,57,FIRE DEPARTMENT,2025-01-13T00:00:00.000,BRONX,FIREFIGHTER,ACTIVE,56287.00,per Annum,880,23748.45,101.03,4097.74,0.00
2025,57,FIRE DEPARTMENT,2025-02-10T00:00:00.000,QUEENS,EMERGENCY MEDICAL SPECIALIST TRAINEE,CEASED,36330.00,per Annum,32,557.32,0,0.00,66.12
2025,57,FIRE DEPARTMENT,2025-02-10T00:00:00.000,QUEENS,EMERGENCY MEDICAL SPECIALIST TRAINEE,CEASED,36330.00,per Annum,360,6270.57,2,56.97,397.59
2025,57,FIRE DEPARTMENT,2025-05-26T00:00:00.000,MANHATTAN,FIREFIGHTER,ACTIVE,56287.00,per Annum,80,3238.43,0,0.00,0.00
2025,57,FIRE DEPARTMENT,2025-05-26T00:00:00.000,MANHATTAN,FIREFIGHTER,ACTIVE,56287.00,per Annum,80,3238.43,0,0.00,0.00
2025,57,FIRE DEPARTMENT,2025-05-26T00:00:00.000,MANHATTAN,FIREFIGHTER,ACTIVE,56287.00,per Annum,80,3238.43,0,0.00,0.00
2025,57,FIRE DEPARTMENT,2024-08-26T00:00:00.000,MANHATTAN,FIREFIGHTER,ACTIVE,56287.00,per Annum,1680,45337.95,351.6,14933.49,1467.39
2025,57,FIRE DEPARTMENT,2023-09-12T00:00:00.000,QUEENS,EMERGENCY MEDICAL SPECIALIST-EMT,ACTIVE,41617.00,per Annum,2295,43488.92,49.5,2568.38,6068.76
2025,57,FIRE DEPARTMENT,2019-05-13T00:00:00.000,BRONX,FIREFIGHTER,ACTIVE,109352.00,per Annum,2080,108510.46,863.08,74950.66,17525.23
2025,57,FIRE DEPARTMENT,2003-05-04T00:00:00.000,RICHMOND,LIEUTENANT,ACTIVE,134819.00,per Annum,2080,133872.94,1050.18,114201.24,24442.96
2025,57,FIRE DEPARTMENT,2003-05-04T00:00:00.000,BROOKLYN,FIREFIGHTER,ACTIVE,109352.00,per Annum,2080,108510.46,630,62589.95,45053.24
2025,57,FIRE DEPARTMENT,2003-09-14T00:00:00.000,MANHATTAN,FIREFIGHTER,ACTIVE,109352.00,per Annum,2080,108510.46,680.38,60454.73,28869.65
2025,57,FIRE DEPARTMENT,2003-11-05T00:00:00.000,QUEENS,EMERGENCY MEDICAL SPECIALIST-PARAMEDIc,ACTIVE,73586.00,per Annum,2391.5,80459.52,343.75,15644.11,15041.50
2025,57,FIRE DEPARTMENT,2003-12-10T00:00:00.000,QUEENS,LIEUTENANT,ACTIVE,134819.00,per Annum,2080,133872.94,659.13,71277.39,24776.82
2025,57,FIRE DEPARTMENT,2003-12-10T00:00:00.000,MANHATTAN,FIREFIGHTER,ACTIVE,109352.00,per Annum,2080,108510.46,224.8,19239.78,25315.44
2025,57,FIRE DEPARTMENT,2003-12-10T00:00:00.000,BROOKLYN,FIREFIGHTER,ACTIVE,109352.00,per Annum,2080,108510.46,501.28,44365.44,28515.12
2025,57,FIRE DEPARTMENT,2003-12-10T00:00:00.000,MANHATTAN,LIEUTENANT,ACTIVE,113000.00,per Annum,2080,112049.71,904.8,83588.18,22223.41
2025,57,FIRE DEPARTMENT,2003-12-10T00:00:00.000,MANHATTAN,FIREFIGHTER,ACTIVE,109352.00,per Annum,2080,108510.46,932.08,84949.94,28555.34
2025,57,FIRE DEPARTMENT,2004-03-07T00:00:00.000,MANHATTAN,FIREFIGHTER,ACTIVE,109352.00,per Annum,2080,108510.46,658.82,58895.52,27563.30
2025,57,FIRE DEPARTMENT,2004-03-07T00:00:00.000,BROOKLYN,LIEUTENANT,ACTIVE,113000.00,per Annum,2080,111722.42,1073.4,98169.16,25115.32
2025,57,FIRE DEPARTMENT,2004-03-07T00:00:00.000,BROOKLYN,FIREFIGHTER,ACTIVE,109352.00,per Annum,2080,108510.46,513.23,47082.78,29855.65
2025,57,FIRE DEPARTMENT,2004-05-25T00:00:00.000,BROOKLYN,LIEUTENANT,ACTIVE,134819.00,per Annum,2080,133872.94,882.27,95575.76,23861.43
2025,57,FIRE DEPARTMENT,2004-07-07T00:00:00.000,QUEENS,SUPERVISING EMERGENCY MEDICAL SERVICE SPECIALIST,ACTIVE,82548.00,per Annum,2400,88838.46,581,33856.79,14233.88
2025,57,FIRE DEPARTMENT,2006-11-19T00:00:00.000,BROOKLYN,FIREFIGHTER,ACTIVE,109352.00,per Annum,2080,108510.46,1091.18,96845.52,24786.92
2025,57,FIRE DEPARTMENT,2004-09-12T00:00:00.000,BROOKLYN,FIREFIGHTER,ACTIVE,109352.00,per Annum,2080,108510.46,257.65,21838.24,25072.96
2025,57,FIRE DEPARTMENT,2004-09-12T00:00:00.000,BRONX,FIREFIGHTER,ACTIVE,109352.00,per Annum,2080,108510.46,648.12,57779.80,30670.07
2025,57,FIRE DEPARTMENT,2004-09-12T00:00:00.000,BRONX,LIEUTENANT,ACTIVE,134819.00,per Annum,2080,133872.94,666.38,71771.86,27338.86
2025,57,FIRE DEPARTMENT,2004-12-05T00:00:00.000,BRONX,FIREFIGHTER,ACTIVE,109352.00,per Annum,2080,108510.46,611.88,55638.78,22848.23
2025,57,FIRE DEPARTMENT,2004-12-05T00:00:00.000,MANHATTAN,LIEUTENANT,ACTIVE,134819.00,per Annum,2080,133872.94,376.1,40784.48,23102.13
2025,57,FIRE DEPARTMENT,2013-04-15T00:00:00.000,BROOKLYN,AGENCY ATTORNEY,ACTIVE,126700.00,per Annum,1820,123550.00,0,0.00,18465.73
2025,57,FIRE DEPARTMENT,1989-06-12T00:00:00.000,BROOKLYN,ASSOCIATE STAFF ANALYST,ACTIVE,120528.00,per Annum,1820,119350.49,0,0.00,6947.18
2025,57,FIRE DEPARTMENT,1990-06-15T00:00:00.000,BRONX,CAPTAIN,ACTIVE,154751.00,per Annum,2080,153664.97,952.43,131986.83,51711.82
2025,57,FIRE DEPARTMENT,1991-09-08T00:00:00.000,BROOKLYN,FIREFIGHTER,CEASED,109352.00,per Annum,1205.72,62672.63,0,0.00,24671.54
2025,57,FIRE DEPARTMENT,1994-04-17T00:00:00.000,BROOKLYN,LIEUTENANT,CEASED,130260.00,per Annum,0,0.00,0,0.00,36052.54
2025,57,FIRE DEPARTMENT,1996-02-04T00:00:00.000,BRONX,BATTALION CHIEF,ACTIVE,201503.00,per Annum,2080,200088.95,0,0.00,32709.05
2025,57,FIRE DEPARTMENT,1996-07-14T00:00:00.000,BROOKLYN,FIREFIGHTER,CEASED,105146.00,per Annum,0,0.00,0,0.00,27331.32
2025,57,FIRE DEPARTMENT,1996-03-17T00:00:00.000,BROOKLYN,SUPERVISING EMERGENCY MEDICAL SERVICE SPECIALIST,CEASED,72626.00,per Annum,0,0.00,0,0.00,1336.14
2025,57,FIRE DEPARTMENT,1996-03-17T00:00:00.000,BROOKLYN,PRINCIPAL ADMINISTRATIVE ASSOCIATE -  NON SUPVR,ACTIVE,84086.00,per Annum,1820,82624.49,0,0.00,4706.33
2025,57,FIRE DEPARTMENT,1996-03-17T00:00:00.000,QUEENS,SUPERVISING EMERGENCY MEDICAL SERVICE SPECIALIST,CEASED,72626.00,per Annum,0,0.00,0,0.00,1322.58
2025,57,FIRE DEPARTMENT,2001-10-28T00:00:00.000,MANHATTAN,MARINE ENGINEER,ACTIVE,115961.00,per Annum,2080,112672.38,1416,135707.70,27966.42
2025,57,FIRE DEPARTMENT,2025-02-11T00:00:00.000,QUEENS,CITY MEDICAL SPECIALIST,ACTIVE,79.23,per Hour,8,633.84,0,0.00,0.00
2025,57,FIRE DEPARTMENT,2005-09-25T00:00:00.000,BRONX,FIREFIGHTER,ACTIVE,109352.00,per Annum,2080,108510.46,683.5,61516.84,22031.63
2025,57,FIRE DEPARTMENT,1997-04-15T00:00:00.000,BROOKLYN,LIEUTENANT,ACTIVE,134819.00,per Annum,2080,133872.94,814.77,98400.05,46819.62
2025,57,FIRE DEPARTMENT,1998-03-23T00:00:00.000,QUEENS,SUPERVISING EMERGENCY MEDICAL SERVICE SPECIALIST,ACTIVE,82548.00,per Annum,2392,88514.53,967.5,67738.35,23202.16
2025,57,FIRE DEPARTMENT,2005-02-18T00:00:00.000,BROOKLYN,PRINCIPAL ADMINISTRATIVE ASSOCIATE -  NON SUPVR,ACTIVE,68765.00,per Annum,1820,67566.99,311.75,13417.20,1847.49
2025,57,FIRE DEPARTMENT,2005-03-08T00:00:00.000,BROOKLYN,FIREFIGHTER,ACTIVE,109352.00,per Annum,2080,108510.46,416.67,37776.24,24918.49
2025,57,FIRE DEPARTMENT,1998-08-31T00:00:00.000,BROOKLYN,LIEUTENANT,ACTIVE,114665.00,per Annum,2080,112959.78,225.18,21345.89,25460.63
2025,57,FIRE DEPARTMENT,1998-11-22T00:00:00.000,QUEENS,BATTALION CHIEF,ACTIVE,201503.00,per Annum,2080,200088.95,0,0.00,32740.25
2025,57,FIRE DEPARTMENT,1998-11-22T00:00:00.000,QUEENS,FIREFIGHTER,ACTIVE,109352.00,per Annum,2080,108510.46,542.97,48874.91,23311.58
2025,57,FIRE DEPARTMENT,1999-02-08T00:00:00.000,QUEENS,EMERGENCY MEDICAL SPECIALIST-EMT,CEASED,57109.00,per Annum,0,0.00,0,0.00,1336.14
2025,57,FIRE DEPARTMENT,1999-02-16T00:00:00.000,BROOKLYN,CAPTAIN,CEASED,149518.00,per Annum,0,0.00,0,0.00,34630.12
2025,57,FIRE DEPARTMENT,2002-01-27T00:00:00.000,BRONX,FIREFIGHTER,ACTIVE,109352.00,per Annum,2080,108510.46,493.72,44830.37,26004.08
2025,57,FIRE DEPARTMENT,2002-07-28T00:00:00.000,MANHATTAN,FIREFIGHTER,ACTIVE,109352.00,per Annum,2080,108510.46,218.23,18484.53,25840.94
2025,57,FIRE DEPARTMENT,2003-09-14T00:00:00.000,QUEENS,LIEUTENANT,ACTIVE,134819.00,per Annum,2080,133872.94,347.12,38859.47,25313.43
2025,57,FIRE DEPARTMENT,1999-08-08T00:00:00.000,BROOKLYN,LIEUTENANT,ACTIVE,134819.00,per Annum,2080,133872.94,671.6,80663.03,45854.28
2025,57,FIRE DEPARTMENT,1999-09-24T00:00:00.000,BRONX,EMERGENCY MEDICAL SPECIALIST-EMT,ACTIVE,62393.00,per Annum,2392,66802.69,276.77,11688.16,20788.63
2025,57,FIRE DEPARTMENT,1999-09-24T00:00:00.000,BRONX,SUPERVISING EMERGENCY MEDICAL SERVICE SPECIALIST,ACTIVE,86791.00,per Annum,2172.25,85632.34,99.5,5450.66,14808.60
2025,57,FIRE DEPARTMENT,1999-11-14T00:00:00.000,MANHATTAN,FIREFIGHTER,ACTIVE,109352.00,per Annum,2080,108510.46,635.38,57367.91,25066.67
2025,57,FIRE DEPARTMENT,1999-11-14T00:00:00.000,MANHATTAN,FIREFIGHTER,ACTIVE,109352.00,per Annum,2080,108510.46,463.5,41947.74,23269.26
2025,57,FIRE DEPARTMENT,1999-12-17T00:00:00.000,MANHATTAN,CAPTAIN,ACTIVE,154751.00,per Annum,2080,153664.97,1360.15,169693.99,27429.92
2025,57,FIRE DEPARTMENT,2000-01-10T00:00:00.000,QUEENS,PRINCIPAL ADMINISTRATIVE ASSOCIATE -  NON SUPVR,ACTIVE,75985.00,per Annum,1820,74662.86,325,16631.68,5859.51
2025,57,FIRE DEPARTMENT,2006-05-08T00:00:00.000,BRONX,FIRE ALARM DISPATCHER,ACTIVE,76775.00,per Annum,2080,73636.94,697,36793.68,11663.87
2025,57,FIRE DEPARTMENT,2008-05-05T00:00:00.000,QUEENS,AUTO MECHANIC,ACTIVE,403.44,per Day,2080,102367.49,690,51181.45,2924.27
2025,57,FIRE DEPARTMENT,2001-02-04T00:00:00.000,RICHMOND,BATTALION CHIEF,ACTIVE,201503.00,per Annum,2080,200088.95,0,0.00,31147.15
2025,57,FIRE DEPARTMENT,2001-07-15T00:00:00.000,BROOKLYN,FIREFIGHTER,CEASED,109352.00,per Annum,588.58,30316.83,286.32,25731.15,33599.77
2025,57,FIRE DEPARTMENT,2002-01-27T00:00:00.000,BROOKLYN,FIREFIGHTER,CEASED,105146.00,per Annum,0,0.00,0,0.00,20929.61
2025,57,FIRE DEPARTMENT,2002-01-27T00:00:00.000,BROOKLYN,FIRE MARSHAL,ACTIVE,122474.00,per Annum,2080,121531.47,28,2896.13,26637.32
2025,57,FIRE DEPARTMENT,2002-05-05T00:00:00.000,QUEENS,LIEUTENANT,ACTIVE,113000.00,per Annum,2080,111722.42,1221.43,112524.05,26009.42
2025,57,FIRE DEPARTMENT,2002-05-05T00:00:00.000,BROOKLYN,FIREFIGHTER,CEASED,105146.00,per Annum,0,0.00,0,0.00,20552.75
2025,57,FIRE DEPARTMENT,2002-05-05T00:00:00.000,MANHATTAN,CAPTAIN,ACTIVE,154751.00,per Annum,2080,153664.97,993.35,121625.17,29127.04
2025,57,FIRE DEPARTMENT,2003-12-10T00:00:00.000,BRONX,FIREFIGHTER,ACTIVE,109352.00,per Annum,2080,108510.46,187.97,16787.83,23869.57
2025,57,FIRE DEPARTMENT,2013-07-29T00:00:00.000,MANHATTAN,FIREFIGHTER,ACTIVE,109352.00,per Annum,2080,108510.46,764.98,74764.98,41163.89
2025,57,FIRE DEPARTMENT,2002-07-28T00:00:00.000,BROOKLYN,BATTALION CHIEF,ACTIVE,176280.00,per Annum,2080,172845.97,0,0.00,28434.97
2025,57,FIRE DEPARTMENT,2002-07-28T00:00:00.000,MANHATTAN,FIREFIGHTER,ACTIVE,109352.00,per Annum,2080,108510.46,258.23,24687.16,42858.92
2025,57,FIRE DEPARTMENT,2005-05-31T00:00:00.000,BROOKLYN,FIRE MARSHAL,ACTIVE,122474.00,per Annum,2080,121531.47,574.5,56931.22,25208.81
2025,57,FIRE DEPARTMENT,2002-09-13T00:00:00.000,QUEENS,SUPERVISING EMERGENCY MEDICAL SERVICE SPECIALIST,ACTIVE,82548.00,per Annum,2380,88352.56,623.5,40010.29,23424.24
2025,57,FIRE DEPARTMENT,2004-03-07T00:00:00.000,BROOKLYN,FIREFIGHTER,CEASED,95065.00,per Annum,0,0.00,0,0.00,200.32
2025,57,FIRE DEPARTMENT,2003-02-02T00:00:00.000,QUEENS,FIREFIGHTER,ACTIVE,109352.00,per Annum,2080,108510.46,612.35,55969.09,23269.26
2025,57,FIRE DEPARTMENT,2003-02-02T00:00:00.000,QUEENS,FIREFIGHTER,ACTIVE,109352.00,per Annum,2080,108510.46,262.83,24042.10,29335.52
2025,57,FIRE DEPARTMENT,2019-03-11T00:00:00.000,BROOKLYN,RADIO REPAIR MECHANIC,CEASED,447.36,per Day,0,3481.44,0,874.09,261.45
2025,57,FIRE DEPARTMENT,2019-02-19T00:00:00.000,MANHATTAN,EMERGENCY MEDICAL SPECIALIST-PARAMEDIc,ACTIVE,60784.00,per Annum,2256,63021.90,196.75,7406.69,10986.57
2025,57,FIRE DEPARTMENT,2019-02-19T00:00:00.000,BRONX,EMERGENCY MEDICAL SPECIALIST-PARAMEDIc,ACTIVE,59363.00,per Annum,2373,59390.83,293.5,12063.95,6341.01
2025,57,FIRE DEPARTMENT,2018-10-15T00:00:00.000,QUEENS,EMERGENCY MEDICAL SPECIALIST-EMT,ACTIVE,59534.00,per Annum,2420,54827.25,226.22,8429.31,5633.54
2025,57,FIRE DEPARTMENT,2018-10-15T00:00:00.000,BROOKLYN,EMERGENCY MEDICAL SPECIALIST-EMT,ACTIVE,59534.00,per Annum,2392,63809.63,254.5,9629.43,6929.57
2025,57,FIRE DEPARTMENT,2018-10-15T00:00:00.000,BROOKLYN,EMERGENCY MEDICAL SPECIALIST-PARAMEDIc,ACTIVE,60784.00,per Annum,2286,63078.21,217.5,9677.97,6888.67
2025,57,FIRE DEPARTMENT,2018-07-09T00:00:00.000,BROOKLYN,COMMUNICATION ELECTRICIAN,ACTIVE,465.84,per Day,2080,119029.83,508,41508.97,0.00
2025,57,FIRE DEPARTMENT,2018-06-11T00:00:00.000,BRONX,EMERGENCY MEDICAL SPECIALIST-EMT,CEASED,59534.00,per Annum,2196,48586.46,56.05,2202.18,9985.64
2025,57,FIRE DEPARTMENT,2022-09-12T00:00:00.000,MANHATTAN,FIREFIGHTER,ACTIVE,64327.00,per Annum,2080,59976.45,468,21336.63,7065.80
2025,57,FIRE DEPARTMENT,2016-12-12T00:00:00.000,RICHMOND,FIREFIGHTER,ACTIVE,109352.00,per Annum,2080,108510.46,184.53,14952.93,20036.49
2025,57,FIRE DEPARTMENT,2022-03-28T00:00:00.000,BROOKLYN,FIREFIGHTER,ACTIVE,70761.00,per Annum,2080,65224.62,581.83,28232.74,8878.34
2025,57,FIRE DEPARTMENT,2022-03-28T00:00:00.000,MANHATTAN,FIREFIGHTER,ACTIVE,70761.00,per Annum,2080,65224.62,420.03,20393.88,8959.70
2025,57,FIRE DEPARTMENT,2017-06-12T00:00:00.000,BROOKLYN,FIREFIGHTER,ACTIVE,109352.00,per Annum,2080,108510.46,658.12,56602.74,17971.47
2025,57,FIRE DEPARTMENT,2017-06-12T00:00:00.000,RICHMOND,FIREFIGHTER,ACTIVE,109352.00,per Annum,2080,108510.46,323.55,27955.90,20765.75
2025,57,FIRE DEPARTMENT,2017-06-26T00:00:00.000,BRONX,EMERGENCY MEDICAL SPECIALIST-EMT,ACTIVE,59534.00,per Annum,2388,63926.39,276.5,11374.25,10828.64
2025,57,FIRE DEPARTMENT,2017-10-16T00:00:00.000,BROOKLYN,EMERGENCY MEDICAL SPECIALIST-EMT,ACTIVE,59534.00,per Annum,2294.75,64187.33,397.25,16808.10,8004.86
2025,57,FIRE DEPARTMENT,2017-12-04T00:00:00.000,BRONX,FIRE ALARM DISPATCHER,ACTIVE,76775.00,per Annum,2080,72518.51,510.5,24752.52,9713.01
2025,57,FIRE DEPARTMENT,2018-02-05T00:00:00.000,BROOKLYN,EMERGENCY MEDICAL SPECIALIST-EMT,ACTIVE,59534.00,per Annum,2392,63809.63,159.23,4954.25,8137.99
2025,57,FIRE DEPARTMENT,2019-05-13T00:00:00.000,BROOKLYN,FIREFIGHTER,ACTIVE,109352.00,per Annum,2080,108510.46,305.62,26559.06,17218.49
2025,57,FIRE DEPARTMENT,2024-03-25T00:00:00.000,QUEENS,FIREFIGHTER,ACTIVE,56287.00,per Annum,2080,55853.78,531.6,22384.72,6317.11
2025,57,FIRE DEPARTMENT,2014-07-14T00:00:00.000,BRONX,FIREFIGHTER,ACTIVE,109352.00,per Annum,2080,108510.46,461.58,40934.30,23520.78
2025,57,FIRE DEPARTMENT,2014-01-27T00:00:00.000,BROOKLYN,FIREFIGHTER,ON LEAVE,109352.00,per Annum,0,0.00,0,0.00,25.29
2025,57,FIRE DEPARTMENT,2014-07-14T00:00:00.000,RICHMOND,LIEUTENANT,ACTIVE,111513.00,per Annum,2080,108889.39,143.25,12275.75,21808.93
2025,57,FIRE DEPARTMENT,2014-07-14T00:00:00.000,QUEENS,FIREFIGHTER,ACTIVE,109352.00,per Annum,2080,108510.46,548.67,48249.58,25115.11
2025,57,FIRE DEPARTMENT,2014-07-14T00:00:00.000,MANHATTAN,LIEUTENANT,ACTIVE,111513.00,per Annum,2080,108599.27,580.12,50888.26,22524.01
2025,57,FIRE DEPARTMENT,2015-12-28T00:00:00.000,RICHMOND,FIREFIGHTER,ACTIVE,109352.00,per Annum,2080,108510.46,435.52,37835.70,22596.94
2025,57,FIRE DEPARTMENT,2014-12-08T00:00:00.000,BROOKLYN,ASSOCIATE FIRE PROTECTION INSPECTOR,ACTIVE,74934.00,per Annum,2080,74720.27,487,29229.07,17228.86
2025,57,FIRE DEPARTMENT,2014-12-29T00:00:00.000,BRONX,FIREFIGHTER,ACTIVE,109352.00,per Annum,2080,108510.46,316.53,27536.44,18797.68
2025,57,FIRE DEPARTMENT,2014-12-29T00:00:00.000,BROOKLYN,FIREFIGHTER,ACTIVE,109352.00,per Annum,2080,108510.46,403.9,34736.91,18802.04
2025,57,FIRE DEPARTMENT,2014-12-29T00:00:00.000,QUEENS,FIREFIGHTER,ACTIVE,109352.00,per Annum,2080,108510.46,324.2,28808.46,18980.46
2025,57,FIRE DEPARTMENT,2014-12-29T00:00:00.000,BROOKLYN,LIEUTENANT,ACTIVE,111513.00,per Annum,2080,110439.14,693.17,61438.94,20374.13
2025,57,FIRE DEPARTMENT,2015-01-26T00:00:00.000,BROOKLYN,EMERGENCY MEDICAL SPECIALIST-EMT,ACTIVE,59534.00,per Annum,280,7992.25,45.25,2230.74,1316.67
2025,57,FIRE DEPARTMENT,2015-02-09T00:00:00.000,BRONX,EMERGENCY MEDICAL SPECIALIST-PARAMEDIc,ACTIVE,60784.00,per Annum,2392,65496.08,502.75,24308.60,12251.73
2025,57,FIRE DEPARTMENT,2018-06-11T00:00:00.000,MANHATTAN,FIREFIGHTER,ACTIVE,109352.00,per Annum,2080,108510.46,688.75,59534.16,22221.54
2025,57,FIRE DEPARTMENT,2015-04-20T00:00:00.000,BROOKLYN,EMERGENCY MEDICAL SPECIALIST-EMT,ACTIVE,59534.00,per Annum,1929.5,47025.95,0,0.00,7759.40
2025,57,FIRE DEPARTMENT,2015-06-29T00:00:00.000,RICHMOND,FIREFIGHTER,ACTIVE,109352.00,per Annum,2080,108510.46,656.98,56434.96,23400.64
2025,57,FIRE DEPARTMENT,2015-06-29T00:00:00.000,BROOKLYN,FIREFIGHTER,ACTIVE,109352.00,per Annum,2080,108510.46,361,31921.15,17206.53
2025,57,FIRE DEPARTMENT,2015-06-29T00:00:00.000,MANHATTAN,FIREFIGHTER,ACTIVE,109352.00,per Annum,2080,108510.46,593.35,51697.17,20134.71
2025,57,FIRE DEPARTMENT,2015-06-29T00:00:00.000,MANHATTAN,LIEUTENANT,ACTIVE,111513.00,per Annum,2080,109428.17,536.47,47126.90,18750.64
2025,57,FIRE DEPARTMENT,2016-12-12T00:00:00.000,MANHATTAN,FIREFIGHTER,ACTIVE,109352.00,per Annum,2080,108510.46,309.43,25763.55,17414.44
2025,57,FIRE DEPARTMENT,2023-03-13T00:00:00.000,MANHATTAN,FIRE PROTECTION INSPECTOR,ACTIVE,59880.00,per Annum,2080,59709.29,626,27372.18,5233.41
2025,57,FIRE DEPARTMENT,2019-11-12T00:00:00.000,BROOKLYN,FIREFIGHTER,ACTIVE,109352.00,per Annum,2080,95866.53,327.35,21858.51,14631.06
2025,57,FIRE DEPARTMENT,2015-12-28T00:00:00.000,QUEENS,FIREFIGHTER,ACTIVE,109352.00,per Annum,2080,108510.46,190.95,16347.80,17534.57
2025,57,FIRE DEPARTMENT,2015-12-28T00:00:00.000,RICHMOND,FIREFIGHTER,ACTIVE,109352.00,per Annum,2080,108510.46,733.65,61776.81,17352.26
2025,57,FIRE DEPARTMENT,2015-12-28T00:00:00.000,QUEENS,FIREFIGHTER,ACTIVE,109352.00,per Annum,2080,108510.46,167.78,14486.50,20769.22
2025,57,FIRE DEPARTMENT,2017-06-26T00:00:00.000,BRONX,EMERGENCY MEDICAL SPECIALIST-PARAMEDIc,ACTIVE,60784.00,per Annum,2395,57040.34,524.25,25235.03,10660.97
2025,57,FIRE DEPARTMENT,2019-11-12T00:00:00.000,QUEENS,FIREFIGHTER,ACTIVE,109352.00,per Annum,2080,95866.53,730.4,52188.81,14900.28
2025,57,FIRE DEPARTMENT,2016-04-18T00:00:00.000,QUEENS,EMERGENCY MEDICAL SPECIALIST-EMT,ACTIVE,59534.00,per Annum,2080,65083.14,14.25,681.83,7937.24
2025,57,FIRE DEPARTMENT,2024-03-25T00:00:00.000,BRONX,FIREFIGHTER,ACTIVE,56287.00,per Annum,2080,55853.78,201.5,8630.87,2725.69
2025,57,FIRE DEPARTMENT,2016-06-27T00:00:00.000,BRONX,FIREFIGHTER,ACTIVE,109352.00,per Annum,2080,108510.46,694.78,60138.79,17692.59
2025,57,FIRE DEPARTMENT,2016-06-27T00:00:00.000,MANHATTAN,FIREFIGHTER,ACTIVE,109352.00,per Annum,2080,108510.46,691.52,59344.77,23392.76
2025,57,FIRE DEPARTMENT,2016-06-27T00:00:00.000,MANHATTAN,FIREFIGHTER,ACTIVE,109352.00,per Annum,2080,108510.46,544.4,45965.43,23739.96
2025,57,FIRE DEPARTMENT,2016-06-27T00:00:00.000,QUEENS,FIREFIGHTER,ACTIVE,109352.00,per Annum,2080,108510.46,476.38,40327.48,17819.16
2025,57,FIRE DEPARTMENT,2016-06-27T00:00:00.000,BROOKLYN,FIREFIGHTER,ACTIVE,109352.00,per Annum,2080,108510.46,639.15,55878.27,17259.24
2025,57,FIRE DEPARTMENT,2016-07-25T00:00:00.000,BROOKLYN,EMERGENCY MEDICAL SPECIALIST-PARAMEDIc,ACTIVE,75872.00,per Annum,2372,65951.83,93.75,4517.64,12223.12
2025,57,FIRE DEPARTMENT,2016-10-31T00:00:00.000,BRONX,EMERGENCY MEDICAL SPECIALIST-EMT,CEASED,59534.00,per Annum,1125.75,31327.23,43,1960.81,3603.88
2025,57,FIRE DEPARTMENT,2018-12-07T00:00:00.000,QUEENS,FIREFIGHTER,ACTIVE,109352.00,per Annum,2080,108510.46,547.67,47357.07,23854.90
2025,57,FIRE DEPARTMENT,2016-12-12T00:00:00.000,MANHATTAN,LIEUTENANT,ACTIVE,111513.00,per Annum,2080,108889.39,478.62,40814.14,18307.80
2025,57,FIRE DEPARTMENT,2024-08-26T00:00:00.000,QUEENS,FIREFIGHTER,ACTIVE,56287.00,per Annum,2136,55302.46,137.3,5676.85,2542.58
2025,57,FIRE DEPARTMENT,2019-06-10T00:00:00.000,MANHATTAN,EMERGENCY MEDICAL SPECIALIST-EMT,ACTIVE,59534.00,per Annum,2387,64130.72,393.75,15751.26,10189.18
2025,806,HOUSING PRESERVATION & DVLPMNT,1985-01-21T00:00:00.000,MANHATTAN,CONSTRUCTION PROJECT MANAGER,ACTIVE,113202.00,per Annum,1820,109712.39,0,0.00,10535.26
2025,806,HOUSING PRESERVATION & DVLPMNT,1985-02-11T00:00:00.000,MANHATTAN,ADM MANAGER-NON-MGRL,ACTIVE,99474.00,per Annum,1820,97220.52,0,0.00,3330.47
2025,806,HOUSING PRESERVATION & DVLPMNT,1985-06-25T00:00:00.000,MANHATTAN,PRINCIPAL ADMINISTRATIVE ASSOCIATE -  NON SUPVR,CEASED,95298.00,per Annum,154.25,8043.87,0,0.00,393.70
2025,806,HOUSING PRESERVATION & DVLPMNT,2019-12-23T00:00:00.000,MANHATTAN,ADM MANAGER-NON-MGRL,ACTIVE,110756.00,per Annum,1820,107877.88,0,0.00,1921.74
2025,806,HOUSING PRESERVATION & DVLPMNT,1985-09-11T00:00:00.000,MANHATTAN,ADMINISTRATIVE PROJECT MANAGER,ACTIVE,157322.00,per Annum,1820,151935.47,0,0.00,1122.29
2025,806,HOUSING PRESERVATION & DVLPMNT,1988-09-12T00:00:00.000,MANHATTAN,ADM MANAGER-NON-MGRL,ACTIVE,63.46,per Hour,1124.75,70270.05,0,0.00,116.00
2025,806,HOUSING PRESERVATION & DVLPMNT,1986-02-03T00:00:00.000,MANHATTAN,ADMINISTRATIVE STAFF ANALYST,CEASED,122390.00,per Annum,1757,116983.08,0,0.00,4756.39
2025,806,HOUSING PRESERVATION & DVLPMNT,1986-05-27T00:00:00.000,MANHATTAN,ADMINISTRATIVE STAFF ANALYST,ACTIVE,135851.00,per Annum,1820,134554.07,0,0.00,3185.41
2025,806,HOUSING PRESERVATION & DVLPMNT,1986-06-23T00:00:00.000,MANHATTAN,SECRETARY,ACTIVE,48020.00,per Annum,1820,46513.66,0,0.00,5696.52
2025,806,HOUSING PRESERVATION & DVLPMNT,1986-09-02T00:00:00.000,MANHATTAN,PRINCIPAL ADMINISTRATIVE ASSOCIATE -  NON SUPVR,ACTIVE,76064.00,per Annum,1820,74740.12,0,0.00,1880.49
2025,806,HOUSING PRESERVATION & DVLPMNT,1986-11-10T00:00:00.000,MANHATTAN,ASSOCIATE STAFF ANALYST,CEASED,120868.00,per Annum,945,61736.65,0,0.00,8679.62
2025,806,HOUSING PRESERVATION & DVLPMNT,1987-04-06T00:00:00.000,MANHATTAN,COMMUNITY ASSOCIATE,ON SEPARATION LEAVE,74160.00,per Annum,1820,71845.83,0,0.00,1497.01
2025,806,HOUSING PRESERVATION & DVLPMNT,1988-02-08T00:00:00.000,MANHATTAN,ADMINISTRATIVE MANAGEMENT AUDITOR,ACTIVE,133890.00,per Annum,1820,129306.07,0,0.00,0.00
2025,806,HOUSING PRESERVATION & DVLPMNT,1988-03-03T00:00:00.000,MANHATTAN,PRINCIPAL ADMINISTRATIVE ASSOCIATE -  NON SUPVR,ACTIVE,66831.00,per Annum,1820,65666.15,0,0.00,4706.33
2025,806,HOUSING PRESERVATION & DVLPMNT,1988-08-29T00:00:00.000,MANHATTAN,ADMINISTRATIVE STAFF ANALYST,ON SEPARATION LEAVE,122039.00,per Annum,1820,120871.83,0,0.00,3289.91
2025,806,HOUSING PRESERVATION & DVLPMNT,1988-12-12T00:00:00.000,MANHATTAN,COMMUNITY ASSISTANT,ACTIVE,49098.00,per Annum,1820,47558.25,268,7342.41,1497.01
2025,806,HOUSING PRESERVATION & DVLPMNT,2022-02-07T00:00:00.000,MANHATTAN,COMMISSIONER OF HOUSING PRESERVATION & DEVELOPMENT,CEASED,277605.00,per Annum,1365,207601.57,0,0.00,0.00
2025,806,HOUSING PRESERVATION & DVLPMNT,2021-09-27T00:00:00.000,BROOKLYN,CLERICAL ASSOCIATE MOST MAYORAL AG,CEASED,48631.00,per Annum,1750,37226.12,7.5,225.57,0.00
2025,806,HOUSING PRESERVATION & DVLPMNT,1989-05-08T00:00:00.000,MANHATTAN,PRINCIPAL ADMINISTRATIVE ASSOCIATE -  NON SUPVR,ACTIVE,87641.00,per Annum,1820,86118.01,19,1111.81,1872.24
2025,806,HOUSING PRESERVATION & DVLPMNT,2005-09-26T00:00:00.000,MANHATTAN,CONSTRUCTION PROJECT MANAGER,ACTIVE,105640.00,per Annum,1820,102384.45,0,0.00,10642.10
2025,806,HOUSING PRESERVATION & DVLPMNT,2001-04-02T00:00:00.000,MANHATTAN,COMPUTER SPECIALIST,ACTIVE,137250.00,per Annum,1820,132987.54,243.25,20696.81,6922.50
2025,806,HOUSING PRESERVATION & DVLPMNT,1990-09-19T00:00:00.000,MANHATTAN,PRINCIPAL ADMINISTRATIVE ASSOCIATE -  NON SUPVR,ACTIVE,88679.00,per Annum,1820,87138.32,16.5,1104.95,4714.58
2025,806,HOUSING PRESERVATION & DVLPMNT,1990-09-24T00:00:00.000,MANHATTAN,ASSOCIATE PROJECT MANAGER,ACTIVE,110680.00,per Annum,1820,107268.05,0,0.00,10535.26
2025,806,HOUSING PRESERVATION & DVLPMNT,1993-08-09T00:00:00.000,MANHATTAN,STAFF ANALYST,ACTIVE,91792.00,per Annum,1820,90884.45,0,0.00,6947.18
2025,806,HOUSING PRESERVATION & DVLPMNT,2001-06-18T00:00:00.000,MANHATTAN,ASSOCIATE STAFF ANALYST,ACTIVE,109717.00,per Annum,1820,108640.80,0,0.00,6947.18
2025,806,HOUSING PRESERVATION & DVLPMNT,2004-06-29T00:00:00.000,MANHATTAN,CONSTRUCTION PROJECT MANAGER,ACTIVE,133810.00,per Annum,1820,122209.45,0,0.00,20329.61
2025,806,HOUSING PRESERVATION & DVLPMNT,1998-07-06T00:00:00.000,MANHATTAN,ADMIN COMMUNITY RELATIONS SPECIALIST,CEASED,107160.00,per Annum,0,8320.83,0,0.00,376.56
2025,806,HOUSING PRESERVATION & DVLPMNT,2006-04-17T00:00:00.000,MANHATTAN,ADM MANAGER-NON-MGRL,ACTIVE,90731.00,per Annum,1820,89154.85,0,0.00,3313.97
2025,806,HOUSING PRESERVATION & DVLPMNT,2023-04-17T00:00:00.000,MANHATTAN,ASSOCIATE INVESTIGATOR,CEASED,70022.00,per Annum,147,5749.24,0,0.00,1062.33
2025,806,HOUSING PRESERVATION & DVLPMNT,1995-09-05T00:00:00.000,MANHATTAN,CONSTRUCTION PROJECT MANAGER,ACTIVE,128436.00,per Annum,1820,124475.47,207.5,16795.10,20467.29
2025,806,HOUSING PRESERVATION & DVLPMNT,1998-03-09T00:00:00.000,MANHATTAN,PRINCIPAL ADMINISTRATIVE ASSOCIATE -  NON SUPVR,ACTIVE,73851.00,per Annum,1820,68981.95,0,0.00,2279.12
2025,806,HOUSING PRESERVATION & DVLPMNT,1998-03-30T00:00:00.000,BRONX,ASSOCIATE INSPECTOR,ACTIVE,92188.00,per Annum,2080,89372.59,163.25,11673.78,14759.46
2025,806,HOUSING PRESERVATION & DVLPMNT,2025-06-09T00:00:00.000,MANHATTAN,EXECUTIVE AGENCY COUNSEL,ACTIVE,130000.00,per Annum,35,2493.15,0,0.00,0.00
2025,806,HOUSING PRESERVATION & DVLPMNT,2025-06-09T00:00:00.000,MANHATTAN,COMMUNITY COORDINATOR,ACTIVE,62868.00,per Annum,35,1205.69,0,0.00,0.00
2025,806,HOUSING PRESERVATION & DVLPMNT,2023-01-03T00:00:00.000,BROOKLYN,CLERICAL ASSOCIATE MOST MAYORAL AG,ACTIVE,48631.00,per Annum,1820,47128.38,0,0.00,8.25
2025,806,HOUSING PRESERVATION & DVLPMNT,2021-10-18T00:00:00.000,MANHATTAN,COMMUNITY COORDINATOR,ACTIVE,72298.00,per Annum,1820,70064.11,0,0.00,107.25
2025,806,HOUSING PRESERVATION & DVLPMNT,2019-12-09T00:00:00.000,MANHATTAN,CONSTRUCTION PROJECT MANAGER,ACTIVE,76279.00,per Annum,1820,73639.03,0,0.00,4615.87
2025,806,HOUSING PRESERVATION & DVLPMNT,2019-12-23T00:00:00.000,MANHATTAN,COMMUNITY COORDINATOR,ACTIVE,72298.00,per Annum,1820,70064.11,0,0.00,83.00
2025,806,HOUSING PRESERVATION & DVLPMNT,2020-01-06T00:00:00.000,BROOKLYN,CONSTRUCTION PROJECT MANAGER,ACTIVE,82381.00,per Annum,1820,79835.84,453.75,29207.81,13326.44
2025,806,HOUSING PRESERVATION & DVLPMNT,2020-01-21T00:00:00.000,MANHATTAN,COMMUNITY ASSOCIATE,ACTIVE,51227.00,per Annum,1820,49644.70,276.25,8374.67,8.25
2025,806,HOUSING PRESERVATION & DVLPMNT,2020-03-09T00:00:00.000,MANHATTAN,INSPECTOR,ACTIVE,71914.00,per Annum,2080,69867.47,204,10567.20,4649.84
2025,806,HOUSING PRESERVATION & DVLPMNT,2020-03-09T00:00:00.000,MANHATTAN,CONSTRUCTION PROJECT MANAGER,ACTIVE,90551.00,per Annum,1820,87560.10,2.25,108.94,3336.21
2025,806,HOUSING PRESERVATION & DVLPMNT,2020-03-16T00:00:00.000,MANHATTAN,HOUSING DEVELOPMENT SPECIALIST,ACTIVE,111665.00,per Annum,1820,108214.93,0,0.00,1180.12
2025,806,HOUSING PRESERVATION & DVLPMNT,2023-02-21T00:00:00.000,MANHATTAN,CITY PLANNER,ACTIVE,99761.00,per Annum,1820,96678.94,0,0.00,752.39
2025,806,HOUSING PRESERVATION & DVLPMNT,2020-05-04T00:00:00.000,MANHATTAN,ASSISTANT URBAN DESIGNER,ACTIVE,93455.00,per Annum,1820,89142.34,0,0.00,868.10
2025,806,HOUSING PRESERVATION & DVLPMNT,2023-07-17T00:00:00.000,MANHATTAN,PRINCIPAL ADMINISTRATIVE ASSOCIATE -  NON SUPVR,ACTIVE,82419.00,per Annum,1820,79872.87,0,0.00,0.00
2025,806,HOUSING PRESERVATION & DVLPMNT,2022-06-06T00:00:00.000,MANHATTAN,INSPECTOR,ACTIVE,71594.00,per Annum,1600.67,53650.92,46.5,2248.08,3683.82
2025,806,HOUSING PRESERVATION & DVLPMNT,2023-05-01T00:00:00.000,MANHATTAN,EXECUTIVE AGENCY COUNSEL,ACTIVE,141030.00,per Annum,1820,136201.51,0,0.00,500.00
2025,806,HOUSING PRESERVATION & DVLPMNT,2022-07-11T00:00:00.000,MANHATTAN,COMMUNITY ASSOCIATE,ACTIVE,56364.00,per Annum,1820,54622.67,0,0.00,0.00
2025,806,HOUSING PRESERVATION & DVLPMNT,2022-04-04T00:00:00.000,BROOKLYN,CLERICAL ASSOCIATE MOST MAYORAL AG,ACTIVE,51227.00,per Annum,1820,47218.15,0,0.00,0.00
2025,806,HOUSING PRESERVATION & DVLPMNT,2021-04-05T00:00:00.000,MANHATTAN,COMMUNITY COORDINATOR,ACTIVE,82419.00,per Annum,1820,79872.87,0,0.00,16.50
2025,806,HOUSING PRESERVATION & DVLPMNT,2023-03-20T00:00:00.000,MANHATTAN,ARCHITECT,ACTIVE,103250.00,per Annum,1820,90134.14,0,0.00,562.20
2025,806,HOUSING PRESERVATION & DVLPMNT,2023-12-11T00:00:00.000,MANHATTAN,COMMUNITY COORDINATOR,CEASED,79825.00,per Annum,451.5,19872.80,0,0.00,0.00
2025,806,HOUSING PRESERVATION & DVLPMNT,2021-09-20T00:00:00.000,MANHATTAN,COMMUNITY ASSOCIATE,ACTIVE,51227.00,per Annum,1820,49644.70,212.5,5844.00,15.03
2025,806,HOUSING PRESERVATION & DVLPMNT,2021-10-04T00:00:00.000,QUEENS,INSPECTOR,ACTIVE,71641.00,per Annum,2080,69935.44,28,1469.13,5583.35
2025,806,HOUSING PRESERVATION & DVLPMNT,2021-10-04T00:00:00.000,MANHATTAN,COMMUNITY ASSOCIATE,ACTIVE,51227.00,per Annum,1820,49644.70,0,0.00,33.50
2025,806,HOUSING PRESERVATION & DVLPMNT,2021-10-04T00:00:00.000,MANHATTAN,COMMUNITY COORDINATOR,ACTIVE,82419.00,per Annum,1820,79872.87,0,0.00,49.50
2025,806,HOUSING PRESERVATION & DVLPMNT,2024-12-16T00:00:00.000,MANHATTAN,INSPECTOR,ACTIVE,71581.00,per Annum,1040,35019.64,45.5,2328.38,467.40
2025,806,HOUSING PRESERVATION & DVLPMNT,2021-12-20T00:00:00.000,MANHATTAN,COMMUNITY ASSOCIATE,ACTIVE,51227.00,per Annum,1820,49644.70,0,0.00,0.00
2025,806,HOUSING PRESERVATION & DVLPMNT,2022-01-10T00:00:00.000,MANHATTAN,COMMUNITY ASSOCIATE,ACTIVE,56356.00,per Annum,1820,54614.86,127,3826.65,0.00
2025,806,HOUSING PRESERVATION & DVLPMNT,2022-01-31T00:00:00.000,MANHATTAN,ASSOCIATE HOUSING DEVELOPMENT SPECIALIST,ACTIVE,99761.00,per Annum,1820,96678.94,0,0.00,527.00
2025,806,HOUSING PRESERVATION & DVLPMNT,2022-02-07T00:00:00.000,MANHATTAN,CLERICAL ASSOCIATE MOST MAYORAL AG,CEASED,47100.00,per Annum,350,8891.07,11,425.37,8.75
2025,806,HOUSING PRESERVATION & DVLPMNT,2022-05-16T00:00:00.000,BROOKLYN,COMMUNITY ASSOCIATE,ACTIVE,51227.00,per Annum,1820,49644.70,32.5,1099.84,653.26
2025,806,HOUSING PRESERVATION & DVLPMNT,2022-07-25T00:00:00.000,MANHATTAN,CONSTRUCTION PROJECT MANAGER,CEASED,90551.00,per Annum,70,3478.15,0,0.00,7.61
2025,806,HOUSING PRESERVATION & DVLPMNT,2024-06-03T00:00:00.000,MANHATTAN,INSPECTOR,ACTIVE,71581.00,per Annum,2087,69658.04,84.5,4271.50,2393.07
2025,806,HOUSING PRESERVATION & DVLPMNT,2022-10-23T00:00:00.000,BROOKLYN,CLERICAL ASSOCIATE MOST MAYORAL AG,ACTIVE,48631.00,per Annum,1820,47128.38,18.5,522.04,0.00
2025,806,HOUSING PRESERVATION & DVLPMNT,2022-08-22T00:00:00.000,MANHATTAN,COMMUNITY ASSOCIATE,ACTIVE,56364.00,per Annum,1820,54622.67,0,0.00,0.00
2025,806,HOUSING PRESERVATION & DVLPMNT,2022-09-06T00:00:00.000,MANHATTAN,CONSTRUCTION PROJECT MANAGER,ACTIVE,90551.00,per Annum,1820,87753.49,105,7838.86,6879.48
2025,806,HOUSING PRESERVATION & DVLPMNT,2022-09-06T00:00:00.000,MANHATTAN,COMMUNITY COORDINATOR,ACTIVE,78319.00,per Annum,1820,75899.52,0,0.00,0.00
2025,806,HOUSING PRESERVATION & DVLPMNT,2022-09-19T00:00:00.000,MANHATTAN,COMMUNITY COORDINATOR,ACTIVE,91991.00,per Annum,1820,85915.84,0,0.00,224.25
2025,806,HOUSING PRESERVATION & DVLPMNT,2022-10-03T00:00:00.000,MANHATTAN,STAFF ANALYST,ACTIVE,80856.00,per Annum,1820,77046.32,9.5,520.01,0.00
2025,806,HOUSING PRESERVATION & DVLPMNT,2022-10-24T00:00:00.000,MANHATTAN,COMMUNITY ASSOCIATE,CEASED,49615.00,per Annum,0,82.90,0,0.00,0.00
2025,806,HOUSING PRESERVATION & DVLPMNT,2022-11-14T00:00:00.000,MANHATTAN,COMMUNITY COORDINATOR,CEASED,74263.00,per Annum,1313,53544.18,0,0.00,41.25
2025,806,HOUSING PRESERVATION & DVLPMNT,2022-12-12T00:00:00.000,MANHATTAN,ASSOCIATE HOUSING DEVELOPMENT SPECIALIST,ACTIVE,118738.00,per Annum,1820,108391.03,0,0.00,631.17
2025,806,HOUSING PRESERVATION & DVLPMNT,2022-12-27T00:00:00.000,BROOKLYN,CLERICAL ASSOCIATE MOST MAYORAL AG,ACTIVE,53479.00,per Annum,1820,51827.17,0,0.00,0.00
2025,806,HOUSING PRESERVATION & DVLPMNT,2023-01-09T00:00:00.000,MANHATTAN,COMMUNITY COORDINATOR,ACTIVE,72298.00,per Annum,1820,53410.26,0,0.00,8.75
2025,806,HOUSING PRESERVATION & DVLPMNT,2023-02-21T00:00:00.000,MANHATTAN,COMMUNITY COORDINATOR,ACTIVE,72298.00,per Annum,1820,70064.11,0,0.00,0.00
2025,806,HOUSING PRESERVATION & DVLPMNT,2023-02-21T00:00:00.000,QUEENS,INSPECTOR,CEASED,71594.00,per Annum,1680,55853.19,0.5,25.41,2354.14
2025,806,HOUSING PRESERVATION & DVLPMNT,2023-02-21T00:00:00.000,MANHATTAN,INSPECTOR,CEASED,69328.00,per Annum,-80,-253.71,0,0.00,-53.95
2025,806,HOUSING PRESERVATION & DVLPMNT,2023-02-21T00:00:00.000,MANHATTAN,INSPECTOR,CEASED,71594.00,per Annum,1920,63825.48,229.75,11620.68,2055.76
2025,806,HOUSING PRESERVATION & DVLPMNT,2023-03-20T00:00:00.000,MANHATTAN,COMMUNITY COORDINATOR,ACTIVE,72298.00,per Annum,1820,54637.75,0,0.00,0.00
2025,806,HOUSING PRESERVATION & DVLPMNT,2023-03-20T00:00:00.000,MANHATTAN,COMMUNITY COORDINATOR,ACTIVE,72298.00,per Annum,1820,70064.11,0,0.00,82.50
2025,806,HOUSING PRESERVATION & DVLPMNT,2023-03-27T00:00:00.000,BRONX,INSPECTOR,ACTIVE,71594.00,per Annum,2080,69583.54,29.75,1511.98,4529.35
2025,806,HOUSING PRESERVATION & DVLPMNT,2023-04-03T00:00:00.000,MANHATTAN,COMMUNITY COORDINATOR,ACTIVE,84344.00,per Annum,1820,80302.32,0,0.00,165.00
2025,806,HOUSING PRESERVATION & DVLPMNT,2023-04-03T00:00:00.000,MANHATTAN,COMMUNITY COORDINATOR,ACTIVE,84892.00,per Annum,1820,82269.24,40.5,2301.53,437.48
2025,806,HOUSING PRESERVATION & DVLPMNT,2023-04-10T00:00:00.000,MANHATTAN,CLERICAL ASSOCIATE MOST MAYORAL AG,ACTIVE,53479.00,per Annum,1820,47805.18,0,0.00,0.00
2025,806,HOUSING PRESERVATION & DVLPMNT,2023-04-17T00:00:00.000,BROOKLYN,CONSTRUCTION PROJECT MANAGER,CEASED,73878.00,per Annum,105,4366.10,0,31.50,61.87
2025,806,HOUSING PRESERVATION & DVLPMNT,2023-05-01T00:00:00.000,MANHATTAN,COMMUNITY COORDINATOR,ACTIVE,72298.00,per Annum,1820,70064.11,0,0.00,90.75
2025,806,HOUSING PRESERVATION & DVLPMNT,2023-06-12T00:00:00.000,MANHATTAN,INSPECTOR,CEASED,71581.00,per Annum,1760,58598.65,31,1575.38,7332.00
2025,806,HOUSING PRESERVATION & DVLPMNT,2023-06-12T00:00:00.000,MANHATTAN,INSPECTOR,ACTIVE,71581.00,per Annum,2080,69911.92,359.75,18395.08,4927.50
2025,806,HOUSING PRESERVATION & DVLPMNT,2023-06-20T00:00:00.000,MANHATTAN,COMMUNITY COORDINATOR,ACTIVE,81015.00,per Annum,1820,77905.63,0,0.00,16.50
2025,806,HOUSING PRESERVATION & DVLPMNT,2023-06-26T00:00:00.000,MANHATTAN,COMMUNITY COORDINATOR,ACTIVE,72298.00,per Annum,1820,70064.11,0,0.00,0.00
2025,806,HOUSING PRESERVATION & DVLPMNT,2023-06-26T00:00:00.000,MANHATTAN,COMMUNITY COORDINATOR,ACTIVE,80019.00,per Annum,1820,77533.93,0,0.00,16.50
2025,806,HOUSING PRESERVATION & DVLPMNT,2023-06-26T00:00:00.000,BROOKLYN,SENIOR REPAIR CREW CHIEF,ACTIVE,65872.00,per Annum,1820,55511.21,43.5,1606.62,443.31
2025,806,HOUSING PRESERVATION & DVLPMNT,2023-06-26T00:00:00.000,MANHATTAN,COMMUNITY ASSOCIATE,ACTIVE,51227.00,per Annum,1026.5,18366.92,0,0.00,3.51
2025,806,HOUSING PRESERVATION & DVLPMNT,2023-06-26T00:00:00.000,MANHATTAN,COMMUNITY COORDINATOR,ACTIVE,72298.00,per Annum,1820,70064.11,0,0.00,140.75
2025,806,HOUSING PRESERVATION & DVLPMNT,2023-07-24T00:00:00.000,MANHATTAN,COMMUNITY COORDINATOR,ACTIVE,72298.00,per Annum,1820,70064.11,8.75,407.21,10.75
2025,806,HOUSING PRESERVATION & DVLPMNT,2023-08-07T00:00:00.000,MANHATTAN,COMMUNITY ASSOCIATE,CEASED,49615.00,per Annum,0,-1520.12,0,0.00,1775.73
2025,806,HOUSING PRESERVATION & DVLPMNT,2025-06-09T00:00:00.000,MANHATTAN,COMMUNITY COORDINATOR,ACTIVE,72298.00,per Annum,35,1386.54,0,0.00,0.00
2025,806,HOUSING PRESERVATION & DVLPMNT,2023-09-05T00:00:00.000,MANHATTAN,COMMUNITY COORDINATOR,ACTIVE,74443.00,per Annum,1820,72143.24,0,0.00,638.75
2025,806,HOUSING PRESERVATION & DVLPMNT,2024-06-24T00:00:00.000,MANHATTAN,COMMUNITY COORDINATOR,ACTIVE,77438.00,per Annum,1785,72334.53,0,0.00,0.00
2025,806,HOUSING PRESERVATION & DVLPMNT,2023-11-27T00:00:00.000,BROOKLYN,INSPECTOR,ACTIVE,71581.00,per Annum,2080,69580.93,70,3548.48,3798.48
2025,806,HOUSING PRESERVATION & DVLPMNT,2023-11-27T00:00:00.000,MANHATTAN,INSPECTOR,ON LEAVE,71581.00,per Annum,1360,44334.60,48,2432.05,2879.87
2025,806,HOUSING PRESERVATION & DVLPMNT,2024-01-08T00:00:00.000,MANHATTAN,COMPUTER SPECIALIST,ACTIVE,114090.00,per Annum,1820,110565.32,0,0.00,1033.00
2025,806,HOUSING PRESERVATION & DVLPMNT,2024-01-08T00:00:00.000,MANHATTAN,COMMUNITY ASSOCIATE,ACTIVE,51227.00,per Annum,1820,49644.70,1.5,40.73,285.14
2025,806,HOUSING PRESERVATION & DVLPMNT,2024-01-08T00:00:00.000,MANHATTAN,COMMUNITY ASSOCIATE,ACTIVE,51227.00,per Annum,1820,49644.70,0,0.00,0.00
2025,806,HOUSING PRESERVATION & DVLPMNT,2024-01-16T00:00:00.000,MANHATTAN,INSPECTOR,ACTIVE,71581.00,per Annum,2080,69248.54,0,0.00,1368.58
2025,806,HOUSING PRESERVATION & DVLPMNT,2024-02-20T00:00:00.000,MANHATTAN,COMMUNITY ASSOCIATE,ACTIVE,51227.00,per Annum,1820,48557.27,0,0.00,0.00
2025,806,HOUSING PRESERVATION & DVLPMNT,2024-04-01T00:00:00.000,MANHATTAN,COMMUNITY COORDINATOR,CEASED,72100.00,per Annum,910,35469.76,0,0.00,3505.48
2025,806,HOUSING PRESERVATION & DVLPMNT,2024-04-01T00:00:00.000,MANHATTAN,AGENCY ATTORNEY,ACTIVE,77327.00,per Annum,1820,75414.25,0,0.00,981.50
2025,806,HOUSING PRESERVATION & DVLPMNT,2024-04-01T00:00:00.000,MANHATTAN,COMMUNITY ASSOCIATE,ACTIVE,51227.00,per Annum,1820,49644.40,17.25,468.48,0.00
2025,806,HOUSING PRESERVATION & DVLPMNT,2024-05-13T00:00:00.000,MANHATTAN,COMMUNITY COORDINATOR,ACTIVE,74443.00,per Annum,1820,69419.10,0,0.00,0.00
2025,806,HOUSING PRESERVATION & DVLPMNT,2024-06-03T00:00:00.000,MANHATTAN,INSPECTOR,ACTIVE,71581.00,per Annum,2080,69658.16,0,0.00,1294.90
2025,806,HOUSING PRESERVATION & DVLPMNT,2024-07-08T00:00:00.000,MANHATTAN,COMMUNITY COORDINATOR,ACTIVE,72504.00,per Annum,1715,66114.56,0,0.00,737.75
2025,806,HOUSING PRESERVATION & DVLPMNT,2024-11-25T00:00:00.000,MANHATTAN,COMMUNITY ASSOCIATE,ACTIVE,51227.00,per Annum,1015,27444.53,0,0.00,3.39
2025,806,HOUSING PRESERVATION & DVLPMNT,2024-11-25T00:00:00.000,MANHATTAN,COMMUNITY COORDINATOR,ACTIVE,80019.00,per Annum,1015,43240.73,4.25,186.15,107.25
2025,806,HOUSING PRESERVATION & DVLPMNT,2024-12-16T00:00:00.000,BRONX,INSPECTOR,ACTIVE,71581.00,per Annum,1040,35019.64,0,0.00,459.15
2025,806,HOUSING PRESERVATION & DVLPMNT,2025-01-06T00:00:00.000,BRONX,INSPECTOR,ACTIVE,71581.00,per Annum,920,30978.59,0,0.00,458.37
2025,806,HOUSING PRESERVATION & DVLPMNT,2025-01-06T00:00:00.000,BRONX,INSPECTOR,ACTIVE,71581.00,per Annum,920,29701.34,0,0.00,509.07
2025,806,HOUSING PRESERVATION & DVLPMNT,2025-01-06T00:00:00.000,BROOKLYN,INSPECTOR,ACTIVE,71581.00,per Annum,920,30541.84,0,0.00,451.92
2025,806,HOUSING PRESERVATION & DVLPMNT,2025-03-03T00:00:00.000,MANHATTAN,COMMUNITY COORDINATOR,ACTIVE,86710.00,per Annum,525,24308.45,0,0.00,158.69
2025,806,HOUSING PRESERVATION & DVLPMNT,2025-03-17T00:00:00.000,MANHATTAN,COMMUNITY COORDINATOR,ACTIVE,72298.00,per Annum,455,17582.27,0,0.00,33.00
2025,806,HOUSING PRESERVATION & DVLPMNT,2025-03-17T00:00:00.000,MANHATTAN,COMMUNITY ASSOCIATE,ACTIVE,51227.00,per Annum,455,12437.69,18,496.80,0.00
2025,806,HOUSING PRESERVATION & DVLPMNT,2025-04-28T00:00:00.000,MANHATTAN,COMMUNITY COORDINATOR,ACTIVE,80019.00,per Annum,245,10158.51,0,0.00,0.00
2025,806,HOUSING PRESERVATION & DVLPMNT,2025-05-27T00:00:00.000,MANHATTAN,COMMUNITY ASSOCIATE,ACTIVE,51227.00,per Annum,140,2726.11,0,0.00,0.00
2025,806,HOUSING PRESERVATION & DVLPMNT,2025-05-27T00:00:00.000,MANHATTAN,COMMUNITY ASSOCIATE,ACTIVE,51227.00,per Annum,105,2947.31,0,0.00,0.00
2025,806,HOUSING PRESERVATION & DVLPMNT,2018-05-07T00:00:00.000,BROOKLYN,INSPECTOR,CEASED,63458.00,per Annum,0,1771.46,0,0.00,-1154.11
2025,806,HOUSING PRESERVATION & DVLPMNT,2017-04-10T00:00:00.000,MANHATTAN,COMPUTER SPECIALIST,ACTIVE,123208.00,per Annum,1820,115988.52,0,0.00,5743.37
2025,806,HOUSING PRESERVATION & DVLPMNT,2022-06-13T00:00:00.000,MANHATTAN,HOUSING DEVELOPMENT SPECIALIST,ACTIVE,90551.00,per Annum,1820,87753.49,0,0.00,1294.09
2025,806,HOUSING PRESERVATION & DVLPMNT,2023-08-21T00:00:00.000,MANHATTAN,COMMUNITY ASSOCIATE,ACTIVE,51227.00,per Annum,1835.5,45642.05,0,0.00,557.31
2025,806,HOUSING PRESERVATION & DVLPMNT,2017-11-13T00:00:00.000,BRONX,INSPECTOR,ACTIVE,71878.00,per Annum,2080,69787.70,253,13509.01,8545.41
2025,806,HOUSING PRESERVATION & DVLPMNT,2017-11-13T00:00:00.000,MANHATTAN,INSPECTOR,ACTIVE,71878.00,per Annum,2080,69787.70,1,55.16,8777.08
2025,806,HOUSING PRESERVATION & DVLPMNT,2017-12-04T00:00:00.000,MANHATTAN,ACCOUNTANT,ACTIVE,74929.00,per Annum,1820,68738.71,0,0.00,6024.53
2025,806,HOUSING PRESERVATION & DVLPMNT,2017-12-18T00:00:00.000,MANHATTAN,CONSTRUCTION PROJECT MANAGER,ACTIVE,81055.00,per Annum,1820,78551.07,0,0.00,8593.29
2025,806,HOUSING PRESERVATION & DVLPMNT,2022-06-27T00:00:00.000,MANHATTAN,EXECUTIVE AGENCY COUNSEL,ACTIVE,185850.00,per Annum,1820,173669.06,0,0.00,1386.21
2025,806,HOUSING PRESERVATION & DVLPMNT,2018-02-12T00:00:00.000,MANHATTAN,ASSISTANT COMMISSIONER,CEASED,151151.00,per Annum,0,0.00,0,0.00,62100.23
2025,806,HOUSING PRESERVATION & DVLPMNT,2022-07-25T00:00:00.000,MANHATTAN,EXECUTIVE AGENCY COUNSEL,ACTIVE,143634.00,per Annum,1820,138716.22,0,0.00,0.00
2025,806,HOUSING PRESERVATION & DVLPMNT,2018-05-07T00:00:00.000,MANHATTAN,CONSTRUCTION PROJECT MANAGER,ACTIVE,76279.00,per Annum,1820,73922.40,19,862.30,1240.55
2025,806,HOUSING PRESERVATION & DVLPMNT,2024-08-05T00:00:00.000,MANHATTAN,COMMUNITY ASSOCIATE,ACTIVE,51227.00,per Annum,1575,42716.43,0,0.00,0.00
2025,806,HOUSING PRESERVATION & DVLPMNT,2018-07-16T00:00:00.000,MANHATTAN,HOUSING DEVELOPMENT SPECIALIST,ACTIVE,99344.00,per Annum,1820,96274.81,0,0.00,2655.36
2025,806,HOUSING PRESERVATION & DVLPMNT,2018-09-10T00:00:00.000,MANHATTAN,COMPUTER OPERATIONS MANAGER,CEASED,128931.00,per Annum,794.25,56312.30,0,0.00,19.00
2025,806,HOUSING PRESERVATION & DVLPMNT,2018-09-10T00:00:00.000,MANHATTAN,INVESTIGATOR,ACTIVE,84449.00,per Annum,1820,81840.07,3,134.30,8.95
2025,806,HOUSING PRESERVATION & DVLPMNT,2018-11-19T00:00:00.000,MANHATTAN,ADMINISTRATIVE HOUSING DEVELOPMENT SPECIALIST,ACTIVE,164307.00,per Annum,1820,158681.19,0,0.00,0.00
2025,806,HOUSING PRESERVATION & DVLPMNT,2019-02-04T00:00:00.000,MANHATTAN,CONSTRUCTION PROJECT MANAGER,ACTIVE,90551.00,per Annum,1820,87753.49,0,0.00,2543.57
2025,806,HOUSING PRESERVATION & DVLPMNT,2022-11-28T00:00:00.000,MANHATTAN,CONSTRUCTION PROJECT MANAGER,ACTIVE,90551.00,per Annum,1470,67570.09,43.25,2680.07,7448.34
2025,806,HOUSING PRESERVATION & DVLPMNT,2019-02-11T00:00:00.000,BROOKLYN,INSPECTOR,ACTIVE,71801.00,per Annum,2080,69725.33,12.5,686.72,9405.12
2025,806,HOUSING PRESERVATION & DVLPMNT,2019-02-19T00:00:00.000,MANHATTAN,COMMUNITY ASSOCIATE,ACTIVE,51227.00,per Annum,1820,47325.53,0,0.00,0.00
2025,806,HOUSING PRESERVATION & DVLPMNT,2025-05-12T00:00:00.000,MANHATTAN,CONSTRUCTION PROJECT MANAGER,ACTIVE,76279.00,per Annum,175,5752.88,0,0.00,171.05
2025,806,HOUSING PRESERVATION & DVLPMNT,2019-03-25T00:00:00.000,MANHATTAN,ADMIN COMMUNITY RELATIONS SPECIALIST,ACTIVE,127384.00,per Annum,1820,122743.73,0,0.00,314.50
2025,806,HOUSING PRESERVATION & DVLPMNT,2019-05-13T00:00:00.000,MANHATTAN,CONSTRUCTION PROJECT MANAGER,ACTIVE,90551.00,per Annum,1820,87753.49,282.75,18078.42,6402.27
2025,806,HOUSING PRESERVATION & DVLPMNT,2023-01-23T00:00:00.000,MANHATTAN,CITY PLANNER,ACTIVE,99761.00,per Annum,1820,96678.94,0,0.00,993.06
2025,806,HOUSING PRESERVATION & DVLPMNT,2020-02-03T00:00:00.000,MANHATTAN,PRINCIPAL ADMINISTRATIVE ASSOCIATE -  NON SUPVR,ACTIVE,61376.00,per Annum,1820,57440.97,0,0.00,0.00
2025,806,HOUSING PRESERVATION & DVLPMNT,2022-07-18T00:00:00.000,MANHATTAN,PRINCIPAL ADMINISTRATIVE ASSOCIATE -  NON SUPVR,ACTIVE,85544.00,per Annum,1820,78572.89,41.5,1992.61,2296.42
2025,806,HOUSING PRESERVATION & DVLPMNT,2024-08-05T00:00:00.000,MANHATTAN,COMMUNITY ASSOCIATE,ACTIVE,51227.00,per Annum,1575,40704.68,0,0.00,0.00
2025,806,HOUSING PRESERVATION & DVLPMNT,2019-08-26T00:00:00.000,MANHATTAN,INSPECTOR,ACTIVE,71723.00,per Annum,2080,69440.57,0.5,26.30,5409.54
2025,806,HOUSING PRESERVATION & DVLPMNT,2019-08-26T00:00:00.000,MANHATTAN,INSPECTOR,ACTIVE,71723.00,per Annum,2080,69681.88,134,7065.96,4430.34
2025,806,HOUSING PRESERVATION & DVLPMNT,2023-08-07T00:00:00.000,MANHATTAN,COMMUNITY COORDINATOR,ACTIVE,62868.00,per Annum,1820,50196.20,0,0.00,0.00
2025,806,HOUSING PRESERVATION & DVLPMNT,2004-03-29T00:00:00.000,MANHATTAN,GENERAL COUNSEL,ACTIVE,237815.00,per Annum,1820,229672.17,0,0.00,0.00
2025,806,HOUSING PRESERVATION & DVLPMNT,2023-05-01T00:00:00.000,MANHATTAN,COMMUNITY COORDINATOR,CEASED,67983.00,per Annum,0,0.00,0,0.00,-1627.94
2025,806,HOUSING PRESERVATION & DVLPMNT,2008-06-02T00:00:00.000,MANHATTAN,PRINCIPAL ADMINISTRATIVE ASSOCIATE -  NON SUPVR,ACTIVE,63248.00,per Annum,1379,44647.85,0,0.00,3423.35
2025,806,HOUSING PRESERVATION & DVLPMNT,2000-03-06T00:00:00.000,MANHATTAN,INSPECTOR,ON SEPARATION LEAVE,72939.00,per Annum,2080,70661.62,0,0.00,10792.49
2025,806,HOUSING PRESERVATION & DVLPMNT,2023-02-21T00:00:00.000,BROOKLYN,INSPECTOR,CEASED,69328.00,per Annum,800,2518.93,0,0.00,868.86
2025,806,HOUSING PRESERVATION & DVLPMNT,2022-10-17T00:00:00.000,MANHATTAN,INSPECTOR,ACTIVE,71594.00,per Annum,2080,69583.54,29,1490.21,2119.70
2025,806,HOUSING PRESERVATION & DVLPMNT,2008-06-30T00:00:00.000,MANHATTAN,ADMIN COMMUNITY RELATIONS SPECIALIST,ACTIVE,78699.00,per Annum,1820,77953.34,0,0.00,1005.49
2025,806,HOUSING PRESERVATION & DVLPMNT,2016-07-11T00:00:00.000,MANHATTAN,COMMUNITY ASSOCIATE,ACTIVE,51408.00,per Annum,1820,49797.52,24.25,684.88,1497.01
2025,806,HOUSING PRESERVATION & DVLPMNT,2002-04-29T00:00:00.000,QUEENS,ASSOCIATE INSPECTOR,ACTIVE,82624.00,per Annum,2080,80108.49,1,64.88,10739.03
2025,806,HOUSING PRESERVATION & DVLPMNT,2002-08-26T00:00:00.000,MANHATTAN,HOUSING DEVELOPMENT SPECIALIST,ON SEPARATION LEAVE,99152.00,per Annum,1820,96088.59,0,0.00,4822.59
2025,806,HOUSING PRESERVATION & DVLPMNT,2002-09-09T00:00:00.000,MANHATTAN,ADM MANAGER-NON-MGRL,ACTIVE,109684.00,per Annum,1820,107781.68,0,0.00,3918.22
2025,806,HOUSING PRESERVATION & DVLPMNT,2002-10-28T00:00:00.000,MANHATTAN,PRINCIPAL ADMINISTRATIVE ASSOCIATE -  NON SUPVR,ACTIVE,70631.00,per Annum,1820,69400.99,0,0.00,1929.99
2025,806,HOUSING PRESERVATION & DVLPMNT,2024-12-16T00:00:00.000,MANHATTAN,INSPECTOR,ACTIVE,71581.00,per Annum,1040,35014.65,0,0.00,879.86
2025,806,HOUSING PRESERVATION & DVLPMNT,2014-08-25T00:00:00.000,MANHATTAN,ASSOCIATE HOUSING DEVELOPMENT SPECIALIST,ACTIVE,108575.00,per Annum,1820,105220.16,0,0.00,3346.06
2025,806,HOUSING PRESERVATION & DVLPMNT,2019-01-14T00:00:00.000,MANHATTAN,ADMINISTRATIVE PROJECT MANAGER,ON SEPARATION LEAVE,96507.00,per Annum,1820,93525.02,0,0.00,356.72
2025,806,HOUSING PRESERVATION & DVLPMNT,2004-04-19T00:00:00.000,MANHATTAN,COMMUNITY ASSOCIATE,ACTIVE,51357.00,per Annum,1820,49454.82,0,0.00,1488.18
2025,806,HOUSING PRESERVATION & DVLPMNT,2004-04-19T00:00:00.000,MANHATTAN,ADM MANAGER-NON-MGRL,ACTIVE,111976.00,per Annum,1820,114125.52,492.5,41500.63,2362.15
2025,806,HOUSING PRESERVATION & DVLPMNT,2004-04-19T00:00:00.000,MANHATTAN,COMMUNITY ASSISTANT,ACTIVE,54852.00,per Annum,1820,53134.59,0,0.00,1530.01
2025,806,HOUSING PRESERVATION & DVLPMNT,2007-11-26T00:00:00.000,MANHATTAN,ADMIN HOUSING DEVELOPMENT SPEC,ACTIVE,78532.00,per Annum,1820,76105.64,0,0.00,877.63
2025,806,HOUSING PRESERVATION & DVLPMNT,2004-06-21T00:00:00.000,MANHATTAN,PRINCIPAL ADMINISTRATIVE ASSOCIATE -  NON SUPVR,ACTIVE,61500.00,per Annum,1820,60427.26,0,0.00,4706.33
2025,806,HOUSING PRESERVATION & DVLPMNT,2004-06-28T00:00:00.000,MANHATTAN,PRINCIPAL ADMINISTRATIVE ASSOCIATE -  NON SUPVR,ACTIVE,61467.00,per Annum,1820,60394.90,20,757.26,1856.24
2025,806,HOUSING PRESERVATION & DVLPMNT,2016-03-07T00:00:00.000,MANHATTAN,ADMINISTRATIVE PROCUREMENT ANALYST-NON-MGRL,ACTIVE,137898.00,per Annum,1820,134726.20,0,0.00,340.47
2025,806,HOUSING PRESERVATION & DVLPMNT,2004-06-28T00:00:00.000,BROOKLYN,ASSOCIATE INSPECTOR,ACTIVE,82148.00,per Annum,2080,76743.20,26.75,1697.93,12875.13
2025,806,HOUSING PRESERVATION & DVLPMNT,2004-12-06T00:00:00.000,MANHATTAN,COMMUNITY COORDINATOR,ACTIVE,72348.00,per Annum,1820,72964.25,7.5,303.49,1690.51
2025,806,HOUSING PRESERVATION & DVLPMNT,2005-04-25T00:00:00.000,MANHATTAN,CITY PLANNER,ACTIVE,125633.00,per Annum,1820,121751.00,0,0.00,5180.73
2025,806,HOUSING PRESERVATION & DVLPMNT,2023-07-24T00:00:00.000,MANHATTAN,STRATEGIC INITIATIVE SPECIALIST,ACTIVE,115015.00,per Annum,1820,111077.18,0,0.00,-402.05
2025,806,HOUSING PRESERVATION & DVLPMNT,2005-05-09T00:00:00.000,MANHATTAN,AGENCY ATTORNEY,ACTIVE,136151.00,per Annum,1820,132789.28,0,0.00,24525.55
2025,806,HOUSING PRESERVATION & DVLPMNT,2019-07-01T00:00:00.000,MANHATTAN,CERTIFIED IT DEVELOPER,ACTIVE,138948.00,per Annum,1820,134632.40,0,0.00,6400.22
2025,806,HOUSING PRESERVATION & DVLPMNT,2017-10-23T00:00:00.000,MANHATTAN,ADM MANAGER-NON-MGRL,ACTIVE,126836.00,per Annum,1820,124638.62,0,0.00,3313.97
2025,806,HOUSING PRESERVATION & DVLPMNT,2023-07-31T00:00:00.000,MANHATTAN,HOUSING DEVELOPMENT SPECIALIST,CEASED,64241.00,per Annum,840,20245.42,0,0.00,19.84
2025,806,HOUSING PRESERVATION & DVLPMNT,2023-06-12T00:00:00.000,BRONX,INSPECTOR,ON LEAVE,71581.00,per Annum,1952,65187.91,58.5,2973.16,3712.83
2025,806,HOUSING PRESERVATION & DVLPMNT,2016-05-23T00:00:00.000,BROOKLYN,INSPECTOR,ACTIVE,71916.00,per Annum,2080,70172.51,14.25,758.88,4498.58
2025,806,HOUSING PRESERVATION & DVLPMNT,2018-05-07T00:00:00.000,MANHATTAN,COMMUNITY COORDINATOR,ACTIVE,82920.00,per Annum,1820,80358.10,22.75,1003.93,24.75
2025,806,HOUSING PRESERVATION & DVLPMNT,2025-01-06T00:00:00.000,BROOKLYN,INSPECTOR,ACTIVE,71581.00,per Annum,920,28126.08,0,0.00,990.64
2025,806,HOUSING PRESERVATION & DVLPMNT,2006-03-06T00:00:00.000,MANHATTAN,ADMIN COMMUNITY RELATIONS SPECIALIST,ACTIVE,82610.00,per Annum,1820,81827.59,48.5,3329.29,1637.99
2025,806,HOUSING PRESERVATION & DVLPMNT,2025-06-09T00:00:00.000,MANHATTAN,COMMUNITY ASSOCIATE,ACTIVE,51227.00,per Annum,35,982.44,0,0.00,0.00
2025,806,HOUSING PRESERVATION & DVLPMNT,2006-07-31T00:00:00.000,MANHATTAN,ADMINISTRATIVE ACCOUNTANT,ACTIVE,95000.00,per Annum,1820,78675.19,0,0.00,1868.96
2025,806,HOUSING PRESERVATION & DVLPMNT,2006-09-05T00:00:00.000,MANHATTAN,ADMINISTRATIVE PROJECT MANAGER,ACTIVE,155429.00,per Annum,1820,150627.29,0,0.00,350.16
2025,806,HOUSING PRESERVATION & DVLPMNT,2006-09-18T00:00:00.000,MANHATTAN,ADMINISTRATIVE HOUSING DEVELOPMENT SPECIALIST,ACTIVE,139915.00,per Annum,1820,135124.47,0,0.00,0.00
2025,806,HOUSING PRESERVATION & DVLPMNT,2006-10-02T00:00:00.000,MANHATTAN,AGENCY ATTORNEY,ACTIVE,113394.00,per Annum,1820,109782.97,0,0.00,21007.72
2025,806,HOUSING PRESERVATION & DVLPMNT,2006-11-27T00:00:00.000,BROOKLYN,ASSOCIATE INSPECTOR,ACTIVE,91175.00,per Annum,2080,88456.50,10,688.96,10365.72
2025,806,HOUSING PRESERVATION & DVLPMNT,2006-12-26T00:00:00.000,MANHATTAN,INSPECTOR,ACTIVE,72538.00,per Annum,2080,70340.57,0,0.00,11318.46
2025,806,HOUSING PRESERVATION & DVLPMNT,2007-01-08T00:00:00.000,MANHATTAN,PRINCIPAL ADMINISTRATIVE ASSOCIATE -  NON SUPVR,ACTIVE,61437.00,per Annum,1820,60364.99,145.75,5314.45,1896.99
2025,806,HOUSING PRESERVATION & DVLPMNT,2019-10-15T00:00:00.000,MANHATTAN,AGENCY ATTORNEY,ACTIVE,101541.00,per Annum,1820,99034.09,0,0.00,5298.01
2025,806,HOUSING PRESERVATION & DVLPMNT,2007-07-02T00:00:00.000,MANHATTAN,ADMIN COMMUNITY RELATIONS SPECIALIST,ACTIVE,82563.00,per Annum,1820,81780.98,120,5626.40,1826.14
2025,806,HOUSING PRESERVATION & DVLPMNT,2017-01-03T00:00:00.000,MANHATTAN,CONSTRUCTION PROJECT MANAGER,ACTIVE,120982.00,per Annum,1820,107838.80,0,0.00,10265.57
2025,806,HOUSING PRESERVATION & DVLPMNT,2014-11-10T00:00:00.000,MANHATTAN,ADMINISTRATIVE STAFF ANALYST,ACTIVE,105499.00,per Annum,1820,103509.30,0,0.00,2678.87
2025,806,HOUSING PRESERVATION & DVLPMNT,2023-07-10T00:00:00.000,MANHATTAN,COMMUNITY COORDINATOR,ACTIVE,72298.00,per Annum,1820,70064.11,0,0.00,66.00
2025,806,HOUSING PRESERVATION & DVLPMNT,2008-03-31T00:00:00.000,MANHATTAN,COMMUNITY ASSOCIATE,ACTIVE,74028.00,per Annum,1820,72677.63,1,40.06,1517.10
2025,806,HOUSING PRESERVATION & DVLPMNT,2008-04-14T00:00:00.000,MANHATTAN,COMMUNITY COORDINATOR,CEASED,70022.00,per Annum,280,10123.25,0,0.00,215.36
2025,806,HOUSING PRESERVATION & DVLPMNT,2017-01-03T00:00:00.000,MANHATTAN,EXECUTIVE AGENCY COUNSEL,ACTIVE,174325.00,per Annum,1820,168356.52,0,0.00,386.21
2025,806,HOUSING PRESERVATION & DVLPMNT,2023-05-08T00:00:00.000,BRONX,INSPECTOR,ACTIVE,71581.00,per Annum,2080,69580.93,41.5,2109.16,2115.31
2025,806,HOUSING PRESERVATION & DVLPMNT,2009-09-08T00:00:00.000,MANHATTAN,COMPUTER SPECIALIST,ACTIVE,109518.00,per Annum,1820,106134.67,0,0.00,6166.72
2025,806,HOUSING PRESERVATION & DVLPMNT,2023-06-26T00:00:00.000,MANHATTAN,COMMUNITY COORDINATOR,ACTIVE,72298.00,per Annum,1820,70064.11,0,0.00,1222.74
2025,806,HOUSING PRESERVATION & DVLPMNT,2024-07-08T00:00:00.000,MANHATTAN,INVESTIGATOR,ACTIVE,80494.00,per Annum,1715,73399.96,0,0.00,189.75
2025,806,HOUSING PRESERVATION & DVLPMNT,2017-07-17T00:00:00.000,MANHATTAN,CONSTRUCTION PROJECT MANAGER,ACTIVE,90551.00,per Annum,1400,67570.09,12.5,719.62,6468.36
2025,806,HOUSING PRESERVATION & DVLPMNT,2015-04-27T00:00:00.000,MANHATTAN,COMMUNITY COORDINATOR,ACTIVE,80907.00,per Annum,1820,78407.03,167.75,7327.81,1196.25
2025,806,HOUSING PRESERVATION & DVLPMNT,2017-07-03T00:00:00.000,MANHATTAN,ASSOCIATE HOUSING DEVELOPMENT SPECIALIST,ACTIVE,120213.00,per Annum,1820,116498.85,0,0.00,2751.10
2025,806,HOUSING PRESERVATION & DVLPMNT,2019-11-18T00:00:00.000,MANHATTAN,PRINCIPAL ADMINISTRATIVE ASSOCIATE -  NON SUPVR,ACTIVE,61376.00,per Annum,1820,57392.04,0,0.00,2510.52
2025,806,HOUSING PRESERVATION & DVLPMNT,2017-05-22T00:00:00.000,MANHATTAN,ASSOCIATE STAFF ANALYST,ACTIVE,117003.00,per Annum,1820,115904.13,0,0.00,6516.40
2025,806,HOUSING PRESERVATION & DVLPMNT,2022-06-27T00:00:00.000,MANHATTAN,COMMUNITY COORDINATOR,ACTIVE,72298.00,per Annum,1820,70064.11,12,479.08,45.59
2025,806,HOUSING PRESERVATION & DVLPMNT,2015-01-05T00:00:00.000,MANHATTAN,PRINCIPAL ADMINISTRATIVE ASSOCIATE -  NON SUPVR,ACTIVE,61376.00,per Annum,1820,60319.45,0,0.00,604.09
2025,806,HOUSING PRESERVATION & DVLPMNT,2013-06-28T00:00:00.000,MANHATTAN,HOUSING DEVELOPMENT SPECIALIST,ACTIVE,90600.00,per Annum,1820,87490.80,0,0.00,3010.14
2025,806,HOUSING PRESERVATION & DVLPMNT,2016-10-17T00:00:00.000,MANHATTAN,ASSOCIATE HOUSING DEVELOPMENT SPECIALIST,ACTIVE,99761.00,per Annum,1820,96678.94,0,0.00,1445.30
2025,806,HOUSING PRESERVATION & DVLPMNT,2023-09-11T00:00:00.000,QUEENS,PRINCIPAL ADMINISTRATIVE ASSOCIATE -  NON SUPVR,ACTIVE,61376.00,per Annum,1820,60319.45,22,817.63,550.25
2025,806,HOUSING PRESERVATION & DVLPMNT,2022-12-12T00:00:00.000,MANHATTAN,INSPECTOR,ACTIVE,71594.00,per Annum,2080,45209.47,16,789.41,3358.04
2025,806,HOUSING PRESERVATION & DVLPMNT,2022-10-24T00:00:00.000,BROOKLYN,PRINCIPAL ADMINISTRATIVE ASSOCIATE -  NON SUPVR,ACTIVE,61376.00,per Annum,1820,60319.45,10,353.46,910.91
2025,806,HOUSING PRESERVATION & DVLPMNT,2014-09-15T00:00:00.000,MANHATTAN,ASSOCIATE INSPECTOR,ACTIVE,81756.00,per Annum,2080,79377.71,6.5,391.48,4989.32
2025,806,HOUSING PRESERVATION & DVLPMNT,2023-03-20T00:00:00.000,MANHATTAN,CITY RESEARCH SCIENTIST,ACTIVE,126000.00,per Annum,1820,122107.29,0,0.00,1802.85
2025,806,HOUSING PRESERVATION & DVLPMNT,2022-04-04T00:00:00.000,MANHATTAN,COMMUNITY ASSOCIATE,CEASED,49615.00,per Annum,882,24055.55,0,0.00,139.22
2025,806,HOUSING PRESERVATION & DVLPMNT,2014-10-27T00:00:00.000,MANHATTAN,COMMUNITY ASSOCIATE,ACTIVE,70904.00,per Annum,1820,68713.10,0,0.00,317.24
2025,806,HOUSING PRESERVATION & DVLPMNT,2014-11-03T00:00:00.000,MANHATTAN,ADMIN HOUSING DEVELOPMENT SPEC,ON SEPARATION LEAVE,108770.00,per Annum,1820,105409.24,29.5,2148.97,207.39
2025,806,HOUSING PRESERVATION & DVLPMNT,2014-12-22T00:00:00.000,MANHATTAN,ADMINISTRATIVE LABOR RELATIONS ANALYST,ACTIVE,144681.00,per Annum,1820,139727.25,0,0.00,0.00
2025,806,HOUSING PRESERVATION & DVLPMNT,2015-01-26T00:00:00.000,MANHATTAN,HOUSING DEVELOPMENT SPECIALIST,ACTIVE,90551.00,per Annum,1820,87753.49,0,0.00,1755.71
2025,806,HOUSING PRESERVATION & DVLPMNT,2015-04-14T00:00:00.000,MANHATTAN,CONSTRUCTION PROJECT MANAGER,ACTIVE,95821.00,per Annum,1820,92863.18,4,322.48,5215.36
2025,806,HOUSING PRESERVATION & DVLPMNT,2024-04-29T00:00:00.000,MANHATTAN,COMMUNITY COORDINATOR,ACTIVE,72298.00,per Annum,1820,70064.11,0,0.00,156.75
2025,806,HOUSING PRESERVATION & DVLPMNT,2022-02-14T00:00:00.000,MANHATTAN,ASSOCIATE HOUSING DEVELOPMENT SPECIALIST,ACTIVE,108413.00,per Annum,1820,98140.14,0,0.00,1740.96
2025,806,HOUSING PRESERVATION & DVLPMNT,2015-07-06T00:00:00.000,MANHATTAN,CITY PLANNER,CEASED,117821.00,per Annum,882,57127.41,0,0.00,1526.29
2025,806,HOUSING PRESERVATION & DVLPMNT,2023-08-07T00:00:00.000,MANHATTAN,COMMUNITY ASSOCIATE,ACTIVE,51227.00,per Annum,1820,48581.35,0,0.00,0.00
2025,806,HOUSING PRESERVATION & DVLPMNT,2015-08-17T00:00:00.000,MANHATTAN,ADM MANAGER-NON-MGRL,ACTIVE,108014.00,per Annum,1820,113930.73,0,179.97,24.75
2025,806,HOUSING PRESERVATION & DVLPMNT,2022-06-13T00:00:00.000,MANHATTAN,ASSOCIATE INVESTIGATOR,ACTIVE,80494.00,per Annum,1820,78006.89,0,0.00,1831.83
2025,806,HOUSING PRESERVATION & DVLPMNT,2023-07-10T00:00:00.000,MANHATTAN,ASSOCIATE HOUSING DEVELOPMENT SPECIALIST,ACTIVE,106348.00,per Annum,1820,103061.70,0,0.00,1684.57
2025,806,HOUSING PRESERVATION & DVLPMNT,2015-12-07T00:00:00.000,MANHATTAN,INSPECTOR,ACTIVE,77351.00,per Annum,2080,75108.08,10.5,600.33,6731.11
2025,806,HOUSING PRESERVATION & DVLPMNT,2024-03-18T00:00:00.000,MANHATTAN,ASSOCIATE HOUSING DEVELOPMENT SPECIALIST,ACTIVE,99761.00,per Annum,1820,96678.94,0,0.00,1850.90
2025,806,HOUSING PRESERVATION & DVLPMNT,2018-06-18T00:00:00.000,MANHATTAN,CONSTRUCTION PROJECT MANAGER,ACTIVE,90551.00,per Annum,1820,87753.49,0,228.95,13986.64
2025,806,HOUSING PRESERVATION & DVLPMNT,2016-04-11T00:00:00.000,MANHATTAN,ADMIN HOUSING DEVELOPMENT SPEC,ACTIVE,81144.00,per Annum,1820,78637.11,105.75,5428.30,3118.98
2025,806,HOUSING PRESERVATION & DVLPMNT,2016-05-23T00:00:00.000,MANHATTAN,CUSTOMER INFORMATION REPRESENTATIVE MA L 1549,ACTIVE,69390.00,per Annum,1820,67246.19,0,0.00,519.75
2025,806,HOUSING PRESERVATION & DVLPMNT,2016-06-27T00:00:00.000,MANHATTAN,COMMUNITY COORDINATOR,ACTIVE,77148.00,per Annum,1820,74764.71,0,0.00,661.00
2025,806,HOUSING PRESERVATION & DVLPMNT,2016-07-18T00:00:00.000,MANHATTAN,ASSISTANT COMMISSIONER,CEASED,163912.00,per Annum,1106,99316.31,0,0.00,0.00
2025,806,HOUSING PRESERVATION & DVLPMNT,2023-05-15T00:00:00.000,MANHATTAN,ASSOCIATE HOUSING DEVELOPMENT SPECIALIST,ACTIVE,109538.00,per Annum,1820,106153.76,0,0.00,1544.42
2025,806,HOUSING PRESERVATION & DVLPMNT,2019-09-02T00:00:00.000,MANHATTAN,HOUSING DEVELOPMENT SPECIALIST,ACTIVE,93108.00,per Annum,1820,90231.05,0,0.00,2170.34
2025,806,HOUSING PRESERVATION & DVLPMNT,2023-06-12T00:00:00.000,BRONX,INSPECTOR,ACTIVE,71581.00,per Annum,1560,52296.39,0,0.00,1053.55
2025,806,HOUSING PRESERVATION & DVLPMNT,2016-10-11T00:00:00.000,MANHATTAN,COMMUNITY ASSOCIATE,ACTIVE,58491.00,per Annum,1820,56684.04,526.75,21548.50,258.30
2025,69,HRA/DEPT OF SOCIAL SERVICES,2009-09-21T00:00:00.000,QUEENS,SUPERVISOR I,ACTIVE,68525.00,per Annum,1820,66385.52,302,16547.15,9365.43
2025,69,HRA/DEPT OF SOCIAL SERVICES,2009-07-20T00:00:00.000,BROOKLYN,ELIGIBILITY SPECIALIST,ACTIVE,50802.00,per Annum,1820,49235.87,0,0.00,4752.07
2025,69,HRA/DEPT OF SOCIAL SERVICES,2006-03-20T00:00:00.000,MANHATTAN,SUPERVISOR I SOCIAL WORK,ACTIVE,75968.00,per Annum,1820,73621.09,5.75,254.10,7769.85
2025,69,HRA/DEPT OF SOCIAL SERVICES,2006-06-05T00:00:00.000,MANHATTAN,SUPERVISING SPECIAL OFFICER,ACTIVE,62926.00,per Annum,2080,60627.27,87.5,3791.10,8522.56
2025,69,HRA/DEPT OF SOCIAL SERVICES,2009-03-09T00:00:00.000,MANHATTAN,ELIGIBILITY SPECIALIST,ACTIVE,53538.00,per Annum,1820,50491.40,106,4386.05,8292.77
2025,69,HRA/DEPT OF SOCIAL SERVICES,2006-07-10T00:00:00.000,BROOKLYN,PRINCIPAL ADMINISTRATIVE ASSOCIATE -  NON SUPVR,ACTIVE,61437.00,per Annum,1820,60364.99,569.25,28400.75,9900.44
2025,69,HRA/DEPT OF SOCIAL SERVICES,2006-09-25T00:00:00.000,MANHATTAN,BOOKKEEPER,ACTIVE,51285.00,per Annum,1820,49701.90,15.25,461.01,5560.55
2025,69,HRA/DEPT OF SOCIAL SERVICES,2022-08-29T00:00:00.000,BRONX,BENEFITS OPPORTUNITY SPECIALIST,ACTIVE,56647.00,per Annum,1820,51356.94,105,3588.87,1302.02
2025,69,HRA/DEPT OF SOCIAL SERVICES,2016-09-19T00:00:00.000,MANHATTAN,COMMUNITY COORDINATOR,ACTIVE,72298.00,per Annum,1820,70064.11,129.5,5765.77,820.20
2025,69,HRA/DEPT OF SOCIAL SERVICES,2007-01-08T00:00:00.000,BRONX,ELIGIBILITY SPECIALIST,ACTIVE,54478.00,per Annum,1820,52084.37,282.25,11413.46,9085.11
2025,69,HRA/DEPT OF SOCIAL SERVICES,2024-12-02T00:00:00.000,BRONX,CASEWORKER,ACTIVE,48206.00,per Annum,980,25154.47,126.75,4417.56,2102.40
2025,69,HRA/DEPT OF SOCIAL SERVICES,2013-10-15T00:00:00.000,MANHATTAN,CLERICAL ASSOCIATE MOST MAYORAL AG,ACTIVE,48631.00,per Annum,1820,47128.38,0,0.00,1857.63
2025,69,HRA/DEPT OF SOCIAL SERVICES,2015-07-13T00:00:00.000,RICHMOND,CASEWORKER,ACTIVE,55437.00,per Annum,1820,53724.23,84,3398.85,10537.21
2025,69,HRA/DEPT OF SOCIAL SERVICES,2010-06-28T00:00:00.000,QUEENS,CLERICAL ASSOCIATE MOST MAYORAL AG,ACTIVE,53530.00,per Annum,1820,51853.95,0,0.00,4606.70
2025,69,HRA/DEPT OF SOCIAL SERVICES,2007-07-02T00:00:00.000,QUEENS,FRAUD INVESTIGATOR,ACTIVE,56738.00,per Annum,1820,54962.71,26.25,1147.48,4974.66
2025,69,HRA/DEPT OF SOCIAL SERVICES,2012-09-10T00:00:00.000,BROOKLYN,ELIGIBILITY SPECIALIST,CEASED,49107.00,per Annum,931,27014.72,103.75,3350.86,4492.04
2025,69,HRA/DEPT OF SOCIAL SERVICES,2014-09-02T00:00:00.000,MANHATTAN,PRINCIPAL ADMINISTRATIVE ASSOCIATE -  NON SUPVR,ACTIVE,61376.00,per Annum,1820,60319.45,472.75,22367.01,4801.82
2025,69,HRA/DEPT OF SOCIAL SERVICES,2007-12-17T00:00:00.000,MANHATTAN,ADMINISTRATIVE STAFF ANALYST,ACTIVE,140872.00,per Annum,1820,139536.80,0,0.00,1829.68
2025,69,HRA/DEPT OF SOCIAL SERVICES,2024-02-05T00:00:00.000,QUEENS,BENEFITS OPPORTUNITY SPECIALIST,CEASED,54864.00,per Annum,1260,15860.38,0,0.00,1287.36
2025,69,HRA/DEPT OF SOCIAL SERVICES,2024-04-08T00:00:00.000,BROOKLYN,BENEFITS OPPORTUNITY SPECIALIST,ACTIVE,56647.00,per Annum,1820,54475.96,381.25,14956.53,3596.42
2025,69,HRA/DEPT OF SOCIAL SERVICES,2016-11-21T00:00:00.000,BROOKLYN,ELIGIBILITY SPECIALIST,ACTIVE,50570.00,per Annum,1820,49010.74,20,713.21,3725.60
2025,69,HRA/DEPT OF SOCIAL SERVICES,2003-08-25T00:00:00.000,BROOKLYN,SUPERVISOR I,ACTIVE,68472.00,per Annum,1820,66334.56,47,1952.92,5070.79
2025,69,HRA/DEPT OF SOCIAL SERVICES,2005-04-04T00:00:00.000,BROOKLYN,ASSOCIATE BENEFITS OPPORTUNITY SPECIALIST,ACTIVE,69419.00,per Annum,1820,67252.11,22.75,1010.33,5266.72
2025,69,HRA/DEPT OF SOCIAL SERVICES,1999-09-27T00:00:00.000,MANHATTAN,ADMIN JOB OPPORTUNITY SPEC NM,ACTIVE,94683.00,per Annum,1820,93038.93,194.25,14666.78,9810.74
2025,69,HRA/DEPT OF SOCIAL SERVICES,2023-10-16T00:00:00.000,MANHATTAN,ADMINISTRATIVE ENGINEER,ACTIVE,139902.00,per Annum,1820,135111.47,0,0.00,-2800.00
2025,69,HRA/DEPT OF SOCIAL SERVICES,2007-01-22T00:00:00.000,BROOKLYN,CASEWORKER,ACTIVE,55514.00,per Annum,1820,53776.07,0,0.00,8054.29
2025,69,HRA/DEPT OF SOCIAL SERVICES,2006-06-26T00:00:00.000,MANHATTAN,BENEFITS OPPORTUNITY SPECIALIST,ACTIVE,56806.00,per Annum,1820,53640.50,275.5,10945.69,5926.37
2025,69,HRA/DEPT OF SOCIAL SERVICES,2016-10-11T00:00:00.000,BRONX,BENEFITS OPPORTUNITY SPECIALIST,ACTIVE,56647.00,per Annum,1820,54896.84,424.75,17356.42,4075.44
2025,69,HRA/DEPT OF SOCIAL SERVICES,2003-08-25T00:00:00.000,MANHATTAN,CASEWORKER,ACTIVE,55616.00,per Annum,1820,53875.12,1,33.38,8054.29
2025,69,HRA/DEPT OF SOCIAL SERVICES,2002-06-17T00:00:00.000,BROOKLYN,SUPERVISOR I,ACTIVE,66506.00,per Annum,1820,64428.48,108.75,4620.45,8991.07
2025,69,HRA/DEPT OF SOCIAL SERVICES,2001-09-17T00:00:00.000,MANHATTAN,BENEFITS OPPORTUNITY SPECIALIST,ACTIVE,56806.00,per Annum,1820,55028.72,0,0.00,5186.29
2025,69,HRA/DEPT OF SOCIAL SERVICES,2006-08-28T00:00:00.000,BROOKLYN,ASSOCIATE BENEFITS OPPORTUNITY SPECIALIST,ACTIVE,81423.00,per Annum,1820,78885.07,0,0.00,5054.29
2025,69,HRA/DEPT OF SOCIAL SERVICES,2001-09-17T00:00:00.000,MANHATTAN,ADMINISTRATIVE DIRECTOR OF SOCIAL SERVICES,ACTIVE,111096.00,per Annum,1820,107641.41,0,0.00,1571.76
2025,69,HRA/DEPT OF SOCIAL SERVICES,2001-09-17T00:00:00.000,MANHATTAN,SUPERVISOR I,ACTIVE,68448.00,per Annum,1820,63907.74,129,6130.57,8871.28
2025,69,HRA/DEPT OF SOCIAL SERVICES,2001-09-17T00:00:00.000,BROOKLYN,CASEWORKER,ACTIVE,58487.00,per Annum,1820,56657.61,222.5,9410.27,12239.14
2025,69,HRA/DEPT OF SOCIAL SERVICES,2001-09-17T00:00:00.000,QUEENS,ASSOCIATE BENEFITS OPPORTUNITY SPECIALIST,ACTIVE,69497.00,per Annum,1820,67327.23,244,13372.36,7305.95
2025,69,HRA/DEPT OF SOCIAL SERVICES,1994-10-24T00:00:00.000,BROOKLYN,PRINCIPAL ADMINISTRATIVE ASSOCIATE -  NON SUPVR,ACTIVE,61685.00,per Annum,1820,59657.57,0,0.00,4632.22
2025,69,HRA/DEPT OF SOCIAL SERVICES,2005-08-01T00:00:00.000,BROOKLYN,ASSOCIATE BENEFITS OPPORTUNITY SPECIALIST,ACTIVE,69447.00,per Annum,1820,67279.23,940.75,51060.26,7828.82
2025,69,HRA/DEPT OF SOCIAL SERVICES,1993-10-12T00:00:00.000,BROOKLYN,ELIGIBILITY SPECIALIST,CEASED,53271.00,per Annum,1688.28,49370.03,0,0.00,6863.15
2025,69,HRA/DEPT OF SOCIAL SERVICES,2004-05-24T00:00:00.000,MANHATTAN,BENEFITS OPPORTUNITY SPECIALIST,ACTIVE,56994.00,per Annum,1820,55210.80,458.5,19330.14,7264.83
2025,69,HRA/DEPT OF SOCIAL SERVICES,2006-02-27T00:00:00.000,BRONX,ELIGIBILITY SPECIALIST,ACTIVE,51002.00,per Annum,1820,49406.68,821.75,33853.41,9571.64
2025,69,HRA/DEPT OF SOCIAL SERVICES,2009-06-08T00:00:00.000,MANHATTAN,ADMINISTRATIVE DIRECTOR OF SOCIAL SERVICES,ACTIVE,107217.00,per Annum,1820,103904.31,0,0.00,699.41
2025,69,HRA/DEPT OF SOCIAL SERVICES,1999-07-19T00:00:00.000,BROOKLYN,SUPERVISOR I,ACTIVE,68498.00,per Annum,1820,66359.66,81.5,4505.51,9196.29
2025,69,HRA/DEPT OF SOCIAL SERVICES,1993-06-28T00:00:00.000,MANHATTAN,ADM MANAGER-NON-MGRL,ACTIVE,84665.00,per Annum,1820,83227.76,222.75,12408.74,3436.36
2025,69,HRA/DEPT OF SOCIAL SERVICES,1993-04-12T00:00:00.000,MANHATTAN,ADMINISTRATIVE DIRECTOR OF SOCIAL SERVICES,ACTIVE,98841.00,per Annum,1820,91576.71,0,0.00,1505.26
2025,69,HRA/DEPT OF SOCIAL SERVICES,1997-05-05T00:00:00.000,MANHATTAN,COMPUTER ASSOCIATE,CEASED,68970.00,per Annum,1071.13,39467.35,0,0.00,2747.31
2025,69,HRA/DEPT OF SOCIAL SERVICES,1997-01-27T00:00:00.000,BROOKLYN,PRINCIPAL ADMINISTRATIVE ASSOCIATE -  NON SUPVR,ACTIVE,68970.00,per Annum,798,28455.88,0,0.00,1969.71
2025,69,HRA/DEPT OF SOCIAL SERVICES,1996-08-19T00:00:00.000,MANHATTAN,BENEFITS OPPORTUNITY SPECIALIST,ACTIVE,56937.00,per Annum,1820,55155.80,1588.5,74434.08,7768.74
2025,69,HRA/DEPT OF SOCIAL SERVICES,2004-02-17T00:00:00.000,BROOKLYN,COMPUTER SPECIALIST,ACTIVE,109622.00,per Annum,1820,106212.38,312,23065.74,9670.89
2025,69,HRA/DEPT OF SOCIAL SERVICES,2004-02-23T00:00:00.000,BRONX,SUPERVISOR I,CEASED,66368.00,per Annum,95,909.15,0,0.00,2861.06
2025,69,HRA/DEPT OF SOCIAL SERVICES,2011-01-17T00:00:00.000,BROOKLYN,CLERICAL ASSOCIATE MOST MAYORAL AG,ACTIVE,55667.00,per Annum,1820,53925.00,0,0.00,4481.93
2025,69,HRA/DEPT OF SOCIAL SERVICES,2010-01-25T00:00:00.000,MANHATTAN,ASSOCIATE BENEFITS OPPORTUNITY SPECIALIST,ACTIVE,81320.00,per Annum,1820,78784.98,548.75,33711.59,7280.48
2025,69,HRA/DEPT OF SOCIAL SERVICES,2004-04-12T00:00:00.000,BROOKLYN,PRINCIPAL ADMINISTRATIVE ASSOCIATE -  NON SUPVR,ACTIVE,61534.00,per Annum,1820,60460.68,0,0.00,7899.27
2025,69,HRA/DEPT OF SOCIAL SERVICES,2004-05-17T00:00:00.000,MANHATTAN,CLERICAL ASSOCIATE MOST MAYORAL AG,ACTIVE,48760.00,per Annum,1820,47231.05,941.5,38521.57,11100.66
2025,69,HRA/DEPT OF SOCIAL SERVICES,2004-05-24T00:00:00.000,BROOKLYN,CASEWORKER,ACTIVE,55567.00,per Annum,1820,53827.96,712.75,30912.49,8054.29
2025,69,HRA/DEPT OF SOCIAL SERVICES,2004-06-07T00:00:00.000,BROOKLYN,CASEWORKER,CEASED,53793.00,per Annum,1179.73,34858.36,0,0.00,7212.30
2025,69,HRA/DEPT OF SOCIAL SERVICES,2004-06-28T00:00:00.000,MANHATTAN,DIRECTOR OF ADMINISTRATION,ACTIVE,184777.00,per Annum,1820,144670.41,0,0.00,1000.00
2025,69,HRA/DEPT OF SOCIAL SERVICES,2004-07-12T00:00:00.000,BRONX,SUPERVISOR I,ACTIVE,68498.00,per Annum,1820,66359.66,0,0.00,8849.31
2025,69,HRA/DEPT OF SOCIAL SERVICES,2014-03-31T00:00:00.000,MANHATTAN,EXECUTIVE ASSISTANT TO THE COMMISSIONER OF COMMUNITY DEVELOP,ACTIVE,235750.00,per Annum,1820,227677.70,0,0.00,1750.00
2025,69,HRA/DEPT OF SOCIAL SERVICES,2014-10-06T00:00:00.000,BROOKLYN,PRINCIPAL ADMINISTRATIVE ASSOCIATE -  NON SUPVR,ACTIVE,61376.00,per Annum,1820,60319.45,450.25,23015.83,5472.38
2025,69,HRA/DEPT OF SOCIAL SERVICES,2007-10-22T00:00:00.000,MANHATTAN,PRINCIPAL ADMINISTRATIVE ASSOCIATE -  NON SUPVR,ACTIVE,61406.00,per Annum,1820,60334.57,0,0.00,2262.49
2025,69,HRA/DEPT OF SOCIAL SERVICES,2004-12-27T00:00:00.000,MANHATTAN,DEPUTY DIRECTOR OF SECURITY,ACTIVE,123493.00,per Annum,1820,119264.94,0,0.00,0.00
2025,69,HRA/DEPT OF SOCIAL SERVICES,2005-01-24T00:00:00.000,BROOKLYN,ASSOCIATE FRAUD INVESTIGATOR,ACTIVE,88922.00,per Annum,1820,86152.44,92.75,6384.98,5967.62
2025,69,HRA/DEPT OF SOCIAL SERVICES,2005-10-03T00:00:00.000,BRONX,FRAUD INVESTIGATOR,ACTIVE,55539.00,per Annum,1820,53801.02,590.25,25477.34,5446.52
2025,69,HRA/DEPT OF SOCIAL SERVICES,2012-05-14T00:00:00.000,RICHMOND,BENEFITS OPPORTUNITY SPECIALIST,ACTIVE,56747.00,per Annum,1820,54999.30,292,10250.32,773.02
2025,69,HRA/DEPT OF SOCIAL SERVICES,2024-06-03T00:00:00.000,BRONX,ELIGIBILITY SPECIALIST,CEASED,42485.00,per Annum,210,-948.02,0,0.00,1110.66
2025,69,HRA/DEPT OF SOCIAL SERVICES,2014-12-08T00:00:00.000,BRONX,ELIGIBILITY SPECIALIST,ACTIVE,50703.00,per Annum,1820,49139.86,0,0.00,5066.18
2025,69,HRA/DEPT OF SOCIAL SERVICES,2019-02-04T00:00:00.000,BRONX,ELIGIBILITY SPECIALIST,ACTIVE,50446.00,per Annum,1820,48887.44,819,30661.69,5605.06
2025,69,HRA/DEPT OF SOCIAL SERVICES,2022-03-14T00:00:00.000,BRONX,ELIGIBILITY SPECIALIST,ACTIVE,50446.00,per Annum,1820,46759.57,0,0.00,181.79
2025,69,HRA/DEPT OF SOCIAL SERVICES,2005-08-01T00:00:00.000,QUEENS,ASSOCIATE BENEFITS OPPORTUNITY SPECIALIST,ACTIVE,69447.00,per Annum,1820,67279.23,629.5,32399.10,8763.83
2025,69,HRA/DEPT OF SOCIAL SERVICES,2018-05-14T00:00:00.000,BROOKLYN,ELIGIBILITY SPECIALIST,ACTIVE,53638.00,per Annum,1820,51986.47,112,4475.98,11147.34
2025,69,HRA/DEPT OF SOCIAL SERVICES,2005-09-12T00:00:00.000,MANHATTAN,COMPUTER SPECIALIST,ACTIVE,114090.00,per Annum,1820,110565.32,0,0.00,5553.12
2025,69,HRA/DEPT OF SOCIAL SERVICES,2005-09-19T00:00:00.000,MANHATTAN,SUPERVISING SPECIAL OFFICER,CEASED,80736.00,per Annum,1215.57,46348.60,0,0.00,1500.00
2025,69,HRA/DEPT OF SOCIAL SERVICES,2002-10-28T00:00:00.000,BROOKLYN,FRAUD INVESTIGATOR,ACTIVE,55596.00,per Annum,1820,53856.12,0,0.00,4951.38
2025,69,HRA/DEPT OF SOCIAL SERVICES,2002-11-12T00:00:00.000,BROOKLYN,ELIGIBILITY SPECIALIST,ACTIVE,51228.00,per Annum,1820,49625.79,43.25,1390.74,8173.33
2025,69,HRA/DEPT OF SOCIAL SERVICES,1995-01-30T00:00:00.000,QUEENS,FRAUD INVESTIGATOR,ACTIVE,68611.00,per Annum,1820,66468.70,0,0.00,4967.88
2025,69,HRA/DEPT OF SOCIAL SERVICES,1995-06-26T00:00:00.000,MANHATTAN,PRINCIPAL ADMINISTRATIVE ASSOCIATE -  NON SUPVR,ACTIVE,61437.00,per Annum,1820,60364.99,0,0.00,1847.49
2025,69,HRA/DEPT OF SOCIAL SERVICES,1992-05-04T00:00:00.000,MANHATTAN,ASSOCIATE BENEFITS OPPORTUNITY SPECIALIST,ACTIVE,89565.00,per Annum,1820,81968.14,206,13837.01,6893.57
2025,69,HRA/DEPT OF SOCIAL SERVICES,2020-03-16T00:00:00.000,MANHATTAN,BENEFITS OPPORTUNITY SPECIALIST,ACTIVE,56647.00,per Annum,1820,54896.84,30.25,1199.61,3384.04
2025,69,HRA/DEPT OF SOCIAL SERVICES,2001-08-13T00:00:00.000,MANHATTAN,STAFF ANALYST,ACTIVE,82061.00,per Annum,1820,81244.83,49.75,2445.47,6977.64
2025,69,HRA/DEPT OF SOCIAL SERVICES,2001-07-02T00:00:00.000,BROOKLYN,SPACE ANALYST,ACTIVE,95896.00,per Annum,1820,92938.18,0,0.00,6829.97
2025,69,HRA/DEPT OF SOCIAL SERVICES,2011-08-15T00:00:00.000,MANHATTAN,FRAUD INVESTIGATOR,ACTIVE,68439.00,per Annum,1820,66302.51,0,0.00,4967.88
2025,69,HRA/DEPT OF SOCIAL SERVICES,2017-09-18T00:00:00.000,MANHATTAN,BENEFITS OPPORTUNITY SPECIALIST,ACTIVE,56647.00,per Annum,1373,39101.20,113.25,4438.26,1972.71
2025,69,HRA/DEPT OF SOCIAL SERVICES,2001-07-30T00:00:00.000,MANHATTAN,SOCIAL WORKER,ACTIVE,68338.00,per Annum,1820,66204.40,0,0.00,1661.66
2025,69,HRA/DEPT OF SOCIAL SERVICES,2010-09-07T00:00:00.000,QUEENS,SUPERVISOR I,ACTIVE,68498.00,per Annum,1820,66359.66,0,14.19,8849.31
2025,69,HRA/DEPT OF SOCIAL SERVICES,1999-09-20T00:00:00.000,BROOKLYN,CLERICAL ASSOCIATE MOST MAYORAL AG,ACTIVE,48860.00,per Annum,1820,47328.10,0,0.00,5696.52
2025,69,HRA/DEPT OF SOCIAL SERVICES,2009-01-20T00:00:00.000,MANHATTAN,PRINCIPAL ADMINISTRATIVE ASSOCIATE -  NON SUPVR,ACTIVE,68765.00,per Annum,1820,67566.99,0,0.00,4127.41
2025,69,HRA/DEPT OF SOCIAL SERVICES,2004-05-24T00:00:00.000,QUEENS,CLERICAL ASSOCIATE MOST MAYORAL AG,ACTIVE,48860.00,per Annum,1820,47328.10,0,0.00,5696.52
2025,69,HRA/DEPT OF SOCIAL SERVICES,1999-05-03T00:00:00.000,MANHATTAN,ADM MANAGER-NON-MGRL,ACTIVE,93178.00,per Annum,1820,88957.47,0,0.00,2381.98
2025,69,HRA/DEPT OF SOCIAL SERVICES,2022-11-07T00:00:00.000,MANHATTAN,COMMUNITY COORDINATOR,ACTIVE,84619.00,per Annum,1820,82004.22,0,0.00,0.00
2025,69,HRA/DEPT OF SOCIAL SERVICES,2001-02-26T00:00:00.000,BROOKLYN,CASEWORKER,CEASED,53862.00,per Annum,167.43,7026.14,0,0.00,-1196.97
2025,69,HRA/DEPT OF SOCIAL SERVICES,1998-10-13T00:00:00.000,BROOKLYN,SECRETARY,ACTIVE,48885.00,per Annum,1820,46679.09,0,0.00,6840.67
2025,69,HRA/DEPT OF SOCIAL SERVICES,1998-09-08T00:00:00.000,BROOKLYN,PRINCIPAL ADMINISTRATIVE ASSOCIATE -  NON SUPVR,ACTIVE,68733.00,per Annum,1820,67535.53,15.5,801.82,1609.08
2025,69,HRA/DEPT OF SOCIAL SERVICES,1998-08-03T00:00:00.000,MANHATTAN,ASSOCIATE FRAUD INVESTIGATOR,ACTIVE,89047.00,per Annum,1820,86273.49,4.75,237.05,4975.09
2025,69,HRA/DEPT OF SOCIAL SERVICES,2015-10-19T00:00:00.000,MANHATTAN,ADMINISTRATIVE DIRECTOR OF SOCIAL SERVICES,ACTIVE,102865.00,per Annum,1820,99686.82,0,0.00,8.25
2025,69,HRA/DEPT OF SOCIAL SERVICES,2017-09-18T00:00:00.000,MANHATTAN,BENEFITS OPPORTUNITY SPECIALIST,ACTIVE,56647.00,per Annum,1820,54896.84,0,0.00,2539.56
2025,69,HRA/DEPT OF SOCIAL SERVICES,2001-09-10T00:00:00.000,BROOKLYN,PRINCIPAL ADMINISTRATIVE ASSOCIATE -  NON SUPVR,ACTIVE,61467.00,per Annum,1820,60159.14,413.25,18450.40,5034.92
2025,69,HRA/DEPT OF SOCIAL SERVICES,2017-01-23T00:00:00.000,MANHATTAN,COMPUTER OPERATIONS MANAGER,ACTIVE,126702.00,per Annum,1820,122765.39,0,0.00,805.85
2025,69,HRA/DEPT OF SOCIAL SERVICES,2010-06-14T00:00:00.000,MANHATTAN,CLERICAL ASSOCIATE MOST MAYORAL AG,ACTIVE,48631.00,per Annum,1820,47128.38,8.25,222.13,2099.43
2025,69,HRA/DEPT OF SOCIAL SERVICES,2021-06-07T00:00:00.000,BROOKLYN,IT PROJECT SPECIALIST,ACTIVE,126364.00,per Annum,1820,122459.52,0,0.00,543.17
2025,69,HRA/DEPT OF SOCIAL SERVICES,2024-03-25T00:00:00.000,BROOKLYN,CASEWORKER,ACTIVE,48206.00,per Annum,1820,46179.59,94.25,2723.59,6907.71
2025,69,HRA/DEPT OF SOCIAL SERVICES,2024-03-25T00:00:00.000,QUEENS,ELIGIBILITY SPECIALIST,ACTIVE,43866.00,per Annum,1820,40835.78,0,0.00,0.00
2025,69,HRA/DEPT OF SOCIAL SERVICES,2021-12-27T00:00:00.000,BROOKLYN,FRAUD INVESTIGATOR,ACTIVE,68263.00,per Annum,1820,59702.13,0,4.27,2050.59
2025,69,HRA/DEPT OF SOCIAL SERVICES,2022-05-23T00:00:00.000,BROOKLYN,BENEFITS OPPORTUNITY SPECIALIST,ACTIVE,56647.00,per Annum,1820,54896.84,1127.75,47734.84,3815.49
2025,69,HRA/DEPT OF SOCIAL SERVICES,2024-01-16T00:00:00.000,MANHATTAN,MANAGEMENT AUDITOR,CEASED,72499.00,per Annum,791,31535.78,0,0.00,12390.68
2025,69,HRA/DEPT OF SOCIAL SERVICES,2023-05-08T00:00:00.000,RICHMOND,BENEFITS OPPORTUNITY SPECIALIST,ACTIVE,56647.00,per Annum,1820,54896.84,463.5,18106.50,1005.54
2025,69,HRA/DEPT OF SOCIAL SERVICES,2024-03-11T00:00:00.000,MANHATTAN,ASSOCIATE CONTRACT SPECIALIST,CEASED,77910.00,per Annum,1316,56301.64,0,0.00,0.00
2025,69,HRA/DEPT OF SOCIAL SERVICES,2023-12-04T00:00:00.000,BRONX,CASEWORKER,ACTIVE,48206.00,per Annum,1820,46716.99,155,5336.74,7105.16
2025,69,HRA/DEPT OF SOCIAL SERVICES,2022-10-24T00:00:00.000,MANHATTAN,COMMUNITY COORDINATOR,ACTIVE,72298.00,per Annum,1820,66822.01,0,0.00,0.00
2025,69,HRA/DEPT OF SOCIAL SERVICES,2023-10-30T00:00:00.000,MANHATTAN,SPECIAL OFFICER,ACTIVE,41797.00,per Annum,2080,38931.48,47.75,1351.35,1500.00
2025,69,HRA/DEPT OF SOCIAL SERVICES,2022-11-28T00:00:00.000,QUEENS,BENEFITS OPPORTUNITY SPECIALIST,ACTIVE,56647.00,per Annum,1820,54896.84,13,404.28,1242.42
2025,69,HRA/DEPT OF SOCIAL SERVICES,2023-01-17T00:00:00.000,MANHATTAN,CASEWORKER,ACTIVE,55437.00,per Annum,1820,49588.25,72.25,2249.75,7834.83
2025,69,HRA/DEPT OF SOCIAL SERVICES,2014-07-14T00:00:00.000,BROOKLYN,BENEFITS OPPORTUNITY SPECIALIST,CEASED,54864.00,per Annum,385,11659.47,0,0.00,535.97
2025,69,HRA/DEPT OF SOCIAL SERVICES,2014-07-28T00:00:00.000,MANHATTAN,CITY RESEARCH SCIENTIST,CEASED,129738.00,per Annum,1551.45,110493.69,0,0.00,2623.39
2025,69,HRA/DEPT OF SOCIAL SERVICES,2017-04-17T00:00:00.000,MANHATTAN,COMMUNITY COORDINATOR,ACTIVE,72298.00,per Annum,1820,68263.36,0,0.00,80.43
2025,69,HRA/DEPT OF SOCIAL SERVICES,2023-02-27T00:00:00.000,QUEENS,BENEFITS OPPORTUNITY SPECIALIST,ACTIVE,56647.00,per Annum,1820,49142.01,228,8952.60,1778.22
2025,69,HRA/DEPT OF SOCIAL SERVICES,2015-04-20T00:00:00.000,BRONX,ELIGIBILITY SPECIALIST,ACTIVE,50636.00,per Annum,1820,46239.58,31,1138.05,3592.29
2025,69,HRA/DEPT OF SOCIAL SERVICES,2015-05-04T00:00:00.000,BROOKLYN,BENEFITS OPPORTUNITY SPECIALIST,ACTIVE,56647.00,per Annum,1820,54896.84,83.25,3492.35,3224.78
2025,69,HRA/DEPT OF SOCIAL SERVICES,2015-05-04T00:00:00.000,BROOKLYN,ADMINISTRATIVE STAFF ANALYST,ACTIVE,95051.00,per Annum,1820,94158.33,121.5,8831.41,2607.14
2025,69,HRA/DEPT OF SOCIAL SERVICES,2015-05-04T00:00:00.000,MANHATTAN,ELECTRICIANS HELPER,ACTIVE,305.20,per Day,1820,77654.01,9,571.46,0.00
2025,69,HRA/DEPT OF SOCIAL SERVICES,2022-04-25T00:00:00.000,BROOKLYN,CASEWORKER,ACTIVE,55437.00,per Annum,1820,53356.48,263,10709.70,7972.17
2025,69,HRA/DEPT OF SOCIAL SERVICES,2023-12-18T00:00:00.000,MANHATTAN,ASSOCIATE STAFF ANALYST,ACTIVE,91394.00,per Annum,1820,90535.55,0,0.00,0.00
2025,69,HRA/DEPT OF SOCIAL SERVICES,2015-07-27T00:00:00.000,BROOKLYN,PRINCIPAL ADMINISTRATIVE ASSOCIATE -  NON SUPVR,ACTIVE,61376.00,per Annum,1820,57353.60,328.5,14994.73,4357.95
2025,69,HRA/DEPT OF SOCIAL SERVICES,2015-09-08T00:00:00.000,MANHATTAN,COMPUTER SPECIALIST,ACTIVE,123208.00,per Annum,1820,119401.60,96.5,7326.36,6034.99
2025,69,HRA/DEPT OF SOCIAL SERVICES,2015-12-14T00:00:00.000,RICHMOND,BENEFITS OPPORTUNITY SPECIALIST,ACTIVE,56647.00,per Annum,1820,54896.84,720,30723.14,5048.90
2025,69,HRA/DEPT OF SOCIAL SERVICES,2024-07-29T00:00:00.000,MANHATTAN,BENEFITS OPPORTUNITY SPECIALIST,ACTIVE,56647.00,per Annum,1610,47911.97,324.75,12154.76,248.82
2025,69,HRA/DEPT OF SOCIAL SERVICES,2016-04-11T00:00:00.000,MANHATTAN,COMMUNITY ASSOCIATE,ACTIVE,65898.00,per Annum,1820,61543.76,0,0.00,8.75
2025,69,HRA/DEPT OF SOCIAL SERVICES,2016-06-13T00:00:00.000,QUEENS,BENEFITS OPPORTUNITY SPECIALIST,ACTIVE,56647.00,per Annum,1820,54896.84,0,0.00,3398.64
2025,69,HRA/DEPT OF SOCIAL SERVICES,2024-04-01T00:00:00.000,BROOKLYN,ELIGIBILITY SPECIALIST,ACTIVE,43866.00,per Annum,1820,39045.99,43.75,1104.67,35.50
2025,69,HRA/DEPT OF SOCIAL SERVICES,2023-11-06T00:00:00.000,BROOKLYN,ELIGIBILITY SPECIALIST,CEASED,42485.00,per Annum,614.25,14347.96,0,0.00,0.00
2025,69,HRA/DEPT OF SOCIAL SERVICES,2020-03-16T00:00:00.000,MANHATTAN,BENEFITS OPPORTUNITY SPECIALIST,ACTIVE,56647.00,per Annum,1820,53957.38,71,2425.13,1667.05
2025,69,HRA/DEPT OF SOCIAL SERVICES,2016-10-17T00:00:00.000,MANHATTAN,PRINCIPAL ADMINISTRATIVE ASSOCIATE -  NON SUPVR,ACTIVE,75971.00,per Annum,1820,69501.57,0,0.00,-3982.54
2025,69,HRA/DEPT OF SOCIAL SERVICES,2017-09-05T00:00:00.000,BRONX,ELIGIBILITY SPECIALIST,ACTIVE,50507.00,per Annum,1820,48949.68,163,5193.44,6233.17
2025,69,HRA/DEPT OF SOCIAL SERVICES,2018-02-05T00:00:00.000,MANHATTAN,BOOKKEEPER,ACTIVE,57953.00,per Annum,1820,56162.61,14.75,479.73,3304.40
2025,69,HRA/DEPT OF SOCIAL SERVICES,2023-10-10T00:00:00.000,BROOKLYN,IT PROJECT SPECIALIST,ACTIVE,127491.00,per Annum,1820,123552.01,0,0.00,0.00
2025,69,HRA/DEPT OF SOCIAL SERVICES,2023-09-18T00:00:00.000,QUEENS,ELIGIBILITY SPECIALIST,ACTIVE,43866.00,per Annum,1575,36764.43,0,0.00,0.00
2025,69,HRA/DEPT OF SOCIAL SERVICES,2018-05-07T00:00:00.000,BROOKLYN,ELIGIBILITY SPECIALIST,ACTIVE,50446.00,per Annum,1820,48679.96,0,0.00,2826.37
2025,69,HRA/DEPT OF SOCIAL SERVICES,2018-07-30T00:00:00.000,BROOKLYN,ELIGIBILITY SPECIALIST,ACTIVE,50446.00,per Annum,1820,44991.66,0,0.00,2827.57
2025,69,HRA/DEPT OF SOCIAL SERVICES,2018-10-01T00:00:00.000,MANHATTAN,COMMUNITY ASSOCIATE,ACTIVE,65898.00,per Annum,1750,54307.39,0,0.00,0.00
2025,69,HRA/DEPT OF SOCIAL SERVICES,2018-10-29T00:00:00.000,MANHATTAN,COMMUNITY COORDINATOR,ACTIVE,86181.00,per Annum,1820,82237.43,0,0.00,0.00
2025,69,HRA/DEPT OF SOCIAL SERVICES,2018-12-24T00:00:00.000,BROOKLYN,ELIGIBILITY SPECIALIST,ACTIVE,50446.00,per Annum,1820,48887.44,0,0.00,2648.66
2025,69,HRA/DEPT OF SOCIAL SERVICES,2019-01-22T00:00:00.000,BRONX,CASEWORKER,ACTIVE,55437.00,per Annum,1820,53724.23,296.75,12175.62,7834.58
2025,69,HRA/DEPT OF SOCIAL SERVICES,2019-02-04T00:00:00.000,MANHATTAN,CLERICAL ASSOCIATE MOST MAYORAL AG,ACTIVE,53479.00,per Annum,1820,51827.17,0,0.00,184.86
2025,69,HRA/DEPT OF SOCIAL SERVICES,2025-04-21T00:00:00.000,MANHATTAN,SOCIAL WORKER,ACTIVE,69757.00,per Annum,280,10485.85,1,39.05,589.99
2025,69,HRA/DEPT OF SOCIAL SERVICES,2019-06-10T00:00:00.000,MANHATTAN,SOCIAL WORKER,ACTIVE,68263.00,per Annum,1820,66153.72,0,0.00,3361.45
2025,69,HRA/DEPT OF SOCIAL SERVICES,2019-06-24T00:00:00.000,BRONX,ELIGIBILITY SPECIALIST,ACTIVE,50446.00,per Annum,1820,48887.44,383.75,12566.80,2544.08
2025,69,HRA/DEPT OF SOCIAL SERVICES,2019-06-24T00:00:00.000,BROOKLYN,ELIGIBILITY SPECIALIST,ACTIVE,50446.00,per Annum,1820,48740.30,155.5,5189.59,90.62
2025,69,HRA/DEPT OF SOCIAL SERVICES,2019-08-26T00:00:00.000,QUEENS,CASEWORKER,CEASED,53692.00,per Annum,1120,20879.68,0,0.00,2926.16
2025,69,HRA/DEPT OF SOCIAL SERVICES,2019-09-23T00:00:00.000,MANHATTAN,COMMUNITY COORDINATOR,ACTIVE,79078.00,per Annum,1820,75302.49,0,0.00,16.50
2025,69,HRA/DEPT OF SOCIAL SERVICES,2019-09-30T00:00:00.000,QUEENS,AGENCY ATTORNEY,ACTIVE,95450.00,per Annum,1820,93093.79,0,0.00,5541.55
2025,69,HRA/DEPT OF SOCIAL SERVICES,2023-03-27T00:00:00.000,BROOKLYN,ELIGIBILITY SPECIALIST,ACTIVE,50446.00,per Annum,1820,48626.42,166,5522.08,143.57
2025,69,HRA/DEPT OF SOCIAL SERVICES,2020-01-06T00:00:00.000,BRONX,ELIGIBILITY SPECIALIST,ACTIVE,50446.00,per Annum,1820,48887.44,752.75,27064.98,1342.92
2025,69,HRA/DEPT OF SOCIAL SERVICES,2020-01-27T00:00:00.000,BROOKLYN,SUPERVISOR OF OFFICE MACHINE OPERATIONS,ACTIVE,52161.00,per Annum,1820,48529.00,374,14512.84,4382.60
2025,69,HRA/DEPT OF SOCIAL SERVICES,2024-03-25T00:00:00.000,MANHATTAN,COMMUNITY ASSOCIATE,ACTIVE,65898.00,per Annum,1820,63862.19,94.25,4306.73,672.21
2025,69,HRA/DEPT OF SOCIAL SERVICES,2023-10-02T00:00:00.000,QUEENS,BENEFITS OPPORTUNITY SPECIALIST,ACTIVE,56647.00,per Annum,1820,54896.84,61.5,1897.45,0.00
2025,69,HRA/DEPT OF SOCIAL SERVICES,2012-03-05T00:00:00.000,BRONX,ASSOCIATE BENEFITS OPPORTUNITY SPECIALIST,ACTIVE,69316.00,per Annum,1820,67174.21,214.75,10995.38,5415.36
2025,69,HRA/DEPT OF SOCIAL SERVICES,2012-02-06T00:00:00.000,BRONX,ELIGIBILITY SPECIALIST,ACTIVE,50756.00,per Annum,1820,49190.75,731.5,28307.08,8478.69
2025,69,HRA/DEPT OF SOCIAL SERVICES,2024-12-02T00:00:00.000,BROOKLYN,ELIGIBILITY SPECIALIST,ACTIVE,43866.00,per Annum,980,22860.41,0,0.00,0.00
2025,69,HRA/DEPT OF SOCIAL SERVICES,2021-10-25T00:00:00.000,QUEENS,ELIGIBILITY SPECIALIST,ACTIVE,50446.00,per Annum,1820,45701.64,0,0.00,0.00
2025,69,HRA/DEPT OF SOCIAL SERVICES,2011-10-03T00:00:00.000,BROOKLYN,ASSOCIATE BENEFITS OPPORTUNITY SPECIALIST,ACTIVE,69316.00,per Annum,1820,67174.21,518.75,26802.07,6716.32
2025,69,HRA/DEPT OF SOCIAL SERVICES,2011-04-25T00:00:00.000,RICHMOND,ASSOCIATE BENEFITS OPPORTUNITY SPECIALIST,ACTIVE,69316.00,per Annum,1820,57507.18,400.75,17022.55,5042.51
2025,69,HRA/DEPT OF SOCIAL SERVICES,2017-12-11T00:00:00.000,RICHMOND,ELIGIBILITY SPECIALIST,ACTIVE,50507.00,per Annum,1820,48949.68,0,0.00,4348.80
2025,69,HRA/DEPT OF SOCIAL SERVICES,2017-01-23T00:00:00.000,MANHATTAN,ADMINISTRATIVE STAFF ANALYST,ACTIVE,140773.00,per Annum,1820,139444.78,0,0.00,914.85
2025,69,HRA/DEPT OF SOCIAL SERVICES,2025-06-02T00:00:00.000,BROOKLYN,COMPUTER SPECIALIST,ACTIVE,118281.00,per Annum,70,4394.01,0,0.00,0.00
2025,69,HRA/DEPT OF SOCIAL SERVICES,2013-09-23T00:00:00.000,MANHATTAN,ACCOUNTANT,ACTIVE,74855.00,per Annum,1820,74974.15,435,26358.09,7670.05
2025,69,HRA/DEPT OF SOCIAL SERVICES,2014-01-06T00:00:00.000,QUEENS,ELIGIBILITY SPECIALIST,CEASED,47619.00,per Annum,0,0.00,0,0.00,1798.16
2025,69,HRA/DEPT OF SOCIAL SERVICES,2015-10-19T00:00:00.000,MANHATTAN,BENEFITS OPPORTUNITY SPECIALIST,ACTIVE,56647.00,per Annum,1820,54896.84,1635.5,74548.88,6662.52
2025,69,HRA/DEPT OF SOCIAL SERVICES,2010-06-21T00:00:00.000,MANHATTAN,PRINCIPAL ADMINISTRATIVE ASSOCIATE -  NON SUPVR,ACTIVE,68672.00,per Annum,1820,67489.99,318,15082.95,5475.71
2025,69,HRA/DEPT OF SOCIAL SERVICES,2021-10-12T00:00:00.000,MANHATTAN,ASSOCIATE STAFF ANALYST,ACTIVE,91613.00,per Annum,1820,90737.07,0,0.00,2341.30
2025,69,HRA/DEPT OF SOCIAL SERVICES,2019-09-23T00:00:00.000,BROOKLYN,ELIGIBILITY SPECIALIST,ACTIVE,50446.00,per Annum,1820,48887.44,0,0.00,714.71
2025,69,HRA/DEPT OF SOCIAL SERVICES,2010-03-29T00:00:00.000,BROOKLYN,ELIGIBILITY SPECIALIST,ACTIVE,50802.00,per Annum,1820,49235.87,0,0.00,3789.33
2025,69,HRA/DEPT OF SOCIAL SERVICES,2010-03-08T00:00:00.000,BROOKLYN,ASSOCIATE BENEFITS OPPORTUNITY SPECIALIST,ACTIVE,69316.00,per Annum,1820,67174.21,134,5641.83,4823.20
2025,69,HRA/DEPT OF SOCIAL SERVICES,2009-10-26T00:00:00.000,BROOKLYN,SUPERVISOR OF NURSES,ACTIVE,118743.00,per Annum,2080,117720.69,0,0.00,20668.10
2025,69,HRA/DEPT OF SOCIAL SERVICES,2018-09-24T00:00:00.000,BROOKLYN,STAFF NURSE,ACTIVE,106384.00,per Annum,544,27747.62,0,0.00,1350.53
2025,69,HRA/DEPT OF SOCIAL SERVICES,2009-08-31T00:00:00.000,MANHATTAN,AGENCY ATTORNEY,CEASED,107635.00,per Annum,195.68,12034.02,0,0.00,1978.13
2025,69,HRA/DEPT OF SOCIAL SERVICES,2013-08-12T00:00:00.000,BROOKLYN,ASSOCIATE BENEFITS OPPORTUNITY SPECIALIST,ACTIVE,69316.00,per Annum,1820,67174.21,795,42892.45,7330.65
2025,69,HRA/DEPT OF SOCIAL SERVICES,2023-05-01T00:00:00.000,BRONX,ELIGIBILITY SPECIALIST,ACTIVE,53538.00,per Annum,1820,46140.82,0,0.00,334.71
2025,69,HRA/DEPT OF SOCIAL SERVICES,2024-04-15T00:00:00.000,MANHATTAN,ADMINISTRATIVE STAFF ANALYST,ACTIVE,186654.00,per Annum,1855,183620.26,0,0.00,0.00
2025,69,HRA/DEPT OF SOCIAL SERVICES,2014-01-06T00:00:00.000,BRONX,ELIGIBILITY SPECIALIST,CEASED,46174.00,per Annum,0,0.00,0,0.00,1261.40
2025,69,HRA/DEPT OF SOCIAL SERVICES,2009-02-09T00:00:00.000,QUEENS,AGENCY ATTORNEY,ACTIVE,111133.00,per Annum,1820,108389.34,0,0.00,15656.48
2025,69,HRA/DEPT OF SOCIAL SERVICES,2015-02-09T00:00:00.000,BRONX,BENEFITS OPPORTUNITY SPECIALIST,ACTIVE,56647.00,per Annum,1820,51959.81,580.75,24101.08,4645.92
2025,69,HRA/DEPT OF SOCIAL SERVICES,2021-07-11T00:00:00.000,MANHATTAN,DIRECTOR OF MANAGEMENT PLANNING,ON LEAVE,136638.00,per Annum,1540,106579.88,0,0.00,5075.94
2025,69,HRA/DEPT OF SOCIAL SERVICES,2008-10-14T00:00:00.000,QUEENS,PRINCIPAL ADMINISTRATIVE ASSOCIATE -  NON SUPVR,ACTIVE,61376.00,per Annum,1820,60319.45,0,0.00,5700.19
2025,69,HRA/DEPT OF SOCIAL SERVICES,2019-09-23T00:00:00.000,BROOKLYN,BENEFITS OPPORTUNITY SPECIALIST,ACTIVE,56647.00,per Annum,1820,54475.96,234.25,8740.05,3686.29
2025,69,HRA/DEPT OF SOCIAL SERVICES,2008-09-15T00:00:00.000,BROOKLYN,COMPUTER SPECIALIST,ACTIVE,114090.00,per Annum,1820,110565.32,0,0.00,5553.12
2025,69,HRA/DEPT OF SOCIAL SERVICES,2022-12-05T00:00:00.000,QUEENS,ELIGIBILITY SPECIALIST,ACTIVE,50446.00,per Annum,1820,45891.22,781.75,26151.30,2582.87
2025,69,HRA/DEPT OF SOCIAL SERVICES,2008-05-05T00:00:00.000,BROOKLYN,STAFF ANALYST,ACTIVE,81151.00,per Annum,1820,80373.44,229,13479.67,5139.99
2025,69,HRA/DEPT OF SOCIAL SERVICES,2008-04-07T00:00:00.000,MANHATTAN,ASSOCIATE BENEFITS OPPORTUNITY SPECIALIST,ACTIVE,81243.00,per Annum,1820,78733.16,457.25,28345.50,6904.62
2025,69,HRA/DEPT OF SOCIAL SERVICES,2008-03-10T00:00:00.000,BROOKLYN,COMMUNITY COORDINATOR,ACTIVE,72324.00,per Annum,1820,70065.54,543.25,28084.57,1525.79
2025,69,HRA/DEPT OF SOCIAL SERVICES,2008-03-10T00:00:00.000,MANHATTAN,PRINCIPAL ADMINISTRATIVE ASSOCIATE -  NON SUPVR,ACTIVE,75971.00,per Annum,1820,64803.85,579,30608.60,2330.39
2025,69,HRA/DEPT OF SOCIAL SERVICES,2012-04-30T00:00:00.000,MANHATTAN,BOOKKEEPER,ACTIVE,57953.00,per Annum,1820,56162.61,0,0.00,5503.59
2025,69,HRA/DEPT OF SOCIAL SERVICES,2024-01-16T00:00:00.000,MANHATTAN,ELIGIBILITY SPECIALIST,ACTIVE,43866.00,per Annum,1820,42156.67,0,0.00,0.00
2025,69,HRA/DEPT OF SOCIAL SERVICES,2017-06-12T00:00:00.000,BRONX,ELIGIBILITY SPECIALIST,ACTIVE,50507.00,per Annum,1820,48949.68,0,0.00,3664.46
2025,69,HRA/DEPT OF SOCIAL SERVICES,2012-12-24T00:00:00.000,BROOKLYN,COMPUTER SPECIALIST,ACTIVE,132170.00,per Annum,1820,128086.70,2,150.97,5553.12
2025,69,HRA/DEPT OF SOCIAL SERVICES,2024-11-05T00:00:00.000,MANHATTAN,ASSOCIATE STAFF ANALYST,ACTIVE,91394.00,per Annum,1120,56088.32,0,0.00,1465.71
2025,69,HRA/DEPT OF SOCIAL SERVICES,2021-09-13T00:00:00.000,BRONX,BENEFITS OPPORTUNITY SPECIALIST,ACTIVE,56647.00,per Annum,1820,54896.84,862.25,36413.66,3900.46
2025,69,HRA/DEPT OF SOCIAL SERVICES,2014-05-27T00:00:00.000,MANHATTAN,CLERICAL ASSOCIATE MOST MAYORAL AG,ACTIVE,56644.00,per Annum,1820,54893.99,0,0.00,1912.49
2025,69,HRA/DEPT OF SOCIAL SERVICES,2024-01-02T00:00:00.000,MANHATTAN,COMPUTER ASSOCIATE,ACTIVE,102347.00,per Annum,1820,87120.94,0,0.00,0.00
2025,69,HRA/DEPT OF SOCIAL SERVICES,2014-02-24T00:00:00.000,BROOKLYN,COMPUTER SPECIALIST,ACTIVE,132170.00,per Annum,1820,128086.70,8.25,605.19,5625.34
2025,69,HRA/DEPT OF SOCIAL SERVICES,1970-02-24T00:00:00.000,MANHATTAN,CLERICAL ASSOCIATE MOST MAYORAL AG,ACTIVE,46321.00,per Annum,1820,44867.55,0,0.00,5696.52
2025,69,HRA/DEPT OF SOCIAL SERVICES,2017-01-23T00:00:00.000,MANHATTAN,STAFF ANALYST,ACTIVE,84186.00,per Annum,1820,83349.69,0,0.00,6947.18
2025,69,HRA/DEPT OF SOCIAL SERVICES,1985-08-12T00:00:00.000,BRONX,ADMIN JOB OPOR SPEC-MANAGERIAL,CEASED,140851.00,per Annum,991,76468.07,0,0.00,0.00
2025,69,HRA/DEPT OF SOCIAL SERVICES,1990-06-11T00:00:00.000,MANHATTAN,ADM MANAGER-NON-MGRL,ACTIVE,95618.00,per Annum,1820,93957.93,52.5,3777.76,6551.99
2025,69,HRA/DEPT OF SOCIAL SERVICES,1994-08-29T00:00:00.000,MANHATTAN,PRINCIPAL ADMINISTRATIVE ASSOCIATE -  NON SUPVR,ACTIVE,68981.00,per Annum,1820,67779.52,213,10915.40,7017.65
2025,69,HRA/DEPT OF SOCIAL SERVICES,1989-12-04T00:00:00.000,QUEENS,ASSOCIATE BENEFITS OPPORTUNITY SPECIALIST,CEASED,76630.00,per Annum,0,0.00,-2.75,-122.93,6973.46
2025,69,HRA/DEPT OF SOCIAL SERVICES,2002-07-08T00:00:00.000,MANHATTAN,CLERICAL ASSOCIATE MOST MAYORAL AG,ACTIVE,48789.00,per Annum,1820,47259.02,0,0.00,5696.52
2025,69,HRA/DEPT OF SOCIAL SERVICES,1989-09-18T00:00:00.000,BROOKLYN,CASEWORKER,ACTIVE,55905.00,per Annum,1820,54155.35,47,1605.05,10161.03
2025,69,HRA/DEPT OF SOCIAL SERVICES,1997-01-21T00:00:00.000,MANHATTAN,ADMINISTRATIVE STAFF ANALYST,ACTIVE,122314.00,per Annum,1820,121144.32,0,0.00,3193.66
2025,69,HRA/DEPT OF SOCIAL SERVICES,2023-12-11T00:00:00.000,BROOKLYN,CASEWORKER,ACTIVE,48206.00,per Annum,1820,43807.90,11,306.67,287.48
2025,69,HRA/DEPT OF SOCIAL SERVICES,1993-01-11T00:00:00.000,MANHATTAN,SUPERVISOR II,ACTIVE,80412.00,per Annum,1820,77905.52,64,3443.75,6956.97
2025,69,HRA/DEPT OF SOCIAL SERVICES,1984-08-31T00:00:00.000,MANHATTAN,CLERICAL ASSOCIATE MOST MAYORAL AG,CEASED,52390.00,per Annum,1120,29823.29,0,0.00,5468.88
2025,69,HRA/DEPT OF SOCIAL SERVICES,1987-09-08T00:00:00.000,BRONX,ADMINISTRATIVE MANAGER,ACTIVE,136452.00,per Annum,1820,131780.19,0,0.00,0.00
2025,69,HRA/DEPT OF SOCIAL SERVICES,1984-06-25T00:00:00.000,BROOKLYN,ADM MANAGER-NON-MGRL,CEASED,108941.00,per Annum,1460.33,85581.43,0,0.00,2873.14
2025,69,HRA/DEPT OF SOCIAL SERVICES,1987-08-24T00:00:00.000,BROOKLYN,ELIGIBILITY SPECIALIST,ACTIVE,51123.00,per Annum,1820,49524.76,4,122.83,6153.41
2025,69,HRA/DEPT OF SOCIAL SERVICES,1985-09-09T00:00:00.000,BROOKLYN,ASSOCIATE FRAUD INVESTIGATOR,ACTIVE,80949.00,per Annum,1820,78425.71,176,9205.59,5524.61
2025,69,HRA/DEPT OF SOCIAL SERVICES,2003-08-25T00:00:00.000,MANHATTAN,CLERICAL ASSOCIATE MOST MAYORAL AG,ACTIVE,53779.00,per Annum,1820,52095.00,0,0.00,7485.74
2025,69,HRA/DEPT OF SOCIAL SERVICES,1990-09-10T00:00:00.000,MANHATTAN,PRINCIPAL ADMINISTRATIVE ASSOCIATE -  NON SUPVR,ACTIVE,76391.00,per Annum,1820,75061.87,0,0.00,4706.33
2025,69,HRA/DEPT OF SOCIAL SERVICES,1990-09-17T00:00:00.000,BROOKLYN,CASEWORKER,ACTIVE,55831.00,per Annum,1820,54083.16,0,0.00,8054.29
2025,69,HRA/DEPT OF SOCIAL SERVICES,1988-12-27T00:00:00.000,MANHATTAN,COMPUTER SPECIALIST,ACTIVE,132470.00,per Annum,1820,128354.76,0,0.00,6350.72
2025,69,HRA/DEPT OF SOCIAL SERVICES,2010-06-14T00:00:00.000,BROOKLYN,PRINCIPAL ADMINISTRATIVE ASSOCIATE -  NON SUPVR,ACTIVE,61376.00,per Annum,1820,60090.89,33.5,1478.64,6417.70
2025,69,HRA/DEPT OF SOCIAL SERVICES,2010-06-21T00:00:00.000,MANHATTAN,CLERICAL ASSOCIATE MOST MAYORAL AG,ACTIVE,48631.00,per Annum,1820,47128.38,0,0.00,2089.32
2025,69,HRA/DEPT OF SOCIAL SERVICES,1988-07-05T00:00:00.000,MANHATTAN,ELIGIBILITY SPECIALIST,ACTIVE,55195.00,per Annum,1820,53472.36,0,0.00,9208.18
2025,69,HRA/DEPT OF SOCIAL SERVICES,1999-11-29T00:00:00.000,BRONX,ADM MANAGER-NON-MGRL,ACTIVE,89274.00,per Annum,1820,87723.22,191.25,10475.64,3000.70
2025,69,HRA/DEPT OF SOCIAL SERVICES,2000-07-17T00:00:00.000,BROOKLYN,SUPERVISOR I,ACTIVE,68620.00,per Annum,1820,66477.57,0,0.00,9122.31
2025,69,HRA/DEPT OF SOCIAL SERVICES,2002-06-24T00:00:00.000,QUEENS,FRAUD INVESTIGATOR,ACTIVE,55567.00,per Annum,1820,53827.96,9,305.91,4951.38
2025,69,HRA/DEPT OF SOCIAL SERVICES,2003-08-25T00:00:00.000,MANHATTAN,ADMINISTRATIVE DIRECTOR OF SOCIAL SERVICES,ACTIVE,110100.00,per Annum,1820,106675.65,0,0.00,1523.26
2025,69,HRA/DEPT OF SOCIAL SERVICES,1990-07-23T00:00:00.000,MANHATTAN,ASSOCIATE BENEFITS OPPORTUNITY SPECIALIST,ACTIVE,81320.00,per Annum,1820,78784.98,174.5,9350.46,7010.24
2025,69,HRA/DEPT OF SOCIAL SERVICES,1980-12-29T00:00:00.000,MANHATTAN,ELIGIBILITY SPECIALIST,ACTIVE,51754.00,per Annum,1820,50136.00,0,0.00,6153.41
2025,69,HRA/DEPT OF SOCIAL SERVICES,1986-01-27T00:00:00.000,MANHATTAN,SUPERVISOR II,ACTIVE,80632.00,per Annum,1820,78118.64,247,13594.82,5070.79
2025,69,HRA/DEPT OF SOCIAL SERVICES,1988-10-03T00:00:00.000,BROOKLYN,CLERICAL ASSOCIATE MOST MAYORAL AG,ACTIVE,49138.00,per Annum,1820,47597.33,0,0.00,5696.52
2025,69,HRA/DEPT OF SOCIAL SERVICES,1995-01-16T00:00:00.000,BROOKLYN,FRAUD INVESTIGATOR,ACTIVE,68806.00,per Annum,1820,66393.92,0,0.00,4940.10
2025,69,HRA/DEPT OF SOCIAL SERVICES,1984-10-15T00:00:00.000,BROOKLYN,ADMINISTRATIVE STAFF ANALYST,ACTIVE,98216.00,per Annum,1820,97261.15,0,0.00,4926.96
2025,69,HRA/DEPT OF SOCIAL SERVICES,1985-03-04T00:00:00.000,BROOKLYN,SUPERVISOR II,ACTIVE,80632.00,per Annum,1820,78118.64,278.5,18047.01,9549.59
2025,69,HRA/DEPT OF SOCIAL SERVICES,2024-03-04T00:00:00.000,BRONX,CASEWORKER,ACTIVE,48206.00,per Annum,1820,46716.99,156.5,5218.91,6970.82
2025,69,HRA/DEPT OF SOCIAL SERVICES,2024-04-01T00:00:00.000,BROOKLYN,CLERICAL ASSOCIATE MOST MAYORAL AG,ON LEAVE,38174.00,per Annum,1120,19764.86,58.5,1358.44,992.67
2025,69,HRA/DEPT OF SOCIAL SERVICES,2024-08-19T00:00:00.000,BRONX,CASEWORKER,ACTIVE,48206.00,per Annum,1505,38585.55,72.75,2355.95,4325.41
2025,69,HRA/DEPT OF SOCIAL SERVICES,2024-09-30T00:00:00.000,QUEENS,ELIGIBILITY SPECIALIST,ACTIVE,43866.00,per Annum,1295,29631.60,46.5,1083.52,0.00
2025,69,HRA/DEPT OF SOCIAL SERVICES,2024-10-07T00:00:00.000,BROOKLYN,ELIGIBILITY SPECIALIST,ACTIVE,43866.00,per Annum,1260,29221.51,44,1224.47,99.04
2025,69,HRA/DEPT OF SOCIAL SERVICES,2024-11-04T00:00:00.000,MANHATTAN,BENEFITS OPPORTUNITY SPECIALIST,CEASED,54864.00,per Annum,140,1052.17,0,0.00,1052.20
2025,69,HRA/DEPT OF SOCIAL SERVICES,2025-04-07T00:00:00.000,QUEENS,ELIGIBILITY SPECIALIST,ACTIVE,43866.00,per Annum,350,7922.30,0,0.00,0.00
2025,69,HRA/DEPT OF SOCIAL SERVICES,2025-04-21T00:00:00.000,QUEENS,BENEFITS OPPORTUNITY SPECIALIST,ACTIVE,56647.00,per Annum,280,7990.32,0,0.00,0.00
2025,69,HRA/DEPT OF SOCIAL SERVICES,2025-06-09T00:00:00.000,BROOKLYN,ELIGIBILITY SPECIALIST,ACTIVE,43866.00,per Annum,35,841.27,0,0.00,0.00
2025,69,HRA/DEPT OF SOCIAL SERVICES,2023-10-23T00:00:00.000,BRONX,CASEWORKER,CEASED,46689.00,per Annum,1680,30748.10,18,581.81,5567.09
2025,69,HRA/DEPT OF SOCIAL SERVICES,2023-05-08T00:00:00.000,BROOKLYN,BENEFITS OPPORTUNITY SPECIALIST,ACTIVE,56647.00,per Annum,1820,54896.84,651.5,26780.68,2787.66
2025,69,HRA/DEPT OF SOCIAL SERVICES,2023-05-01T00:00:00.000,QUEENS,BENEFITS OPPORTUNITY SPECIALIST,ACTIVE,56647.00,per Annum,1820,54896.84,71.25,2632.97,915.59
2025,69,HRA/DEPT OF SOCIAL SERVICES,2023-04-24T00:00:00.000,MANHATTAN,TELECOMMUNICATIONS ASSOCIATE,ACTIVE,80919.00,per Annum,1820,69664.44,0,0.00,0.00
2025,69,HRA/DEPT OF SOCIAL SERVICES,2024-03-25T00:00:00.000,BROOKLYN,ELIGIBILITY SPECIALIST,ACTIVE,43866.00,per Annum,1820,40827.53,192.5,5596.66,24.75
2025,69,HRA/DEPT OF SOCIAL SERVICES,2023-03-13T00:00:00.000,MANHATTAN,ASSOCIATE STAFF ANALYST,ACTIVE,91394.00,per Annum,1820,81446.00,0,0.00,8.25
2025,69,HRA/DEPT OF SOCIAL SERVICES,2023-07-24T00:00:00.000,MANHATTAN,SPACE ANALYST,ACTIVE,66329.00,per Annum,1820,64279.59,0,0.00,0.00
2025,69,HRA/DEPT OF SOCIAL SERVICES,2023-06-20T00:00:00.000,BRONX,CASEWORKER,ACTIVE,55437.00,per Annum,1820,46716.99,0,0.00,8029.22
2025,996,NYC HOUSING AUTHORITY,1998-07-06T00:00:00.000,BRONX,HOUSING ASSISTANT,ACTIVE,71320.00,per Annum,1820,70039.31,0,0.00,1335.28
2025,996,NYC HOUSING AUTHORITY,2011-01-03T00:00:00.000,MANHATTAN,HOUSING ASSISTANT,ACTIVE,71320.00,per Annum,1820,63762.37,89.75,3410.75,1401.42
2025,996,NYC HOUSING AUTHORITY,2000-01-18T00:00:00.000,BROOKLYN,ASSISTANT HOUSING MANAGER,ACTIVE,87175.00,per Annum,1820,85609.42,545,36391.59,2861.38
2025,996,NYC HOUSING AUTHORITY,2019-04-01T00:00:00.000,BRONX,CARETAKER,ACTIVE,52086.00,per Annum,2080,49144.54,126.5,5255.09,5649.79
2025,996,NYC HOUSING AUTHORITY,2015-06-22T00:00:00.000,MANHATTAN,EMERGENCY SERVICE AIDE,ACTIVE,52086.00,per Annum,2000,49210.63,7,256.48,3777.39
2025,996,NYC HOUSING AUTHORITY,2000-09-11T00:00:00.000,QUEENS,ADMINISTRATIVE CONSTRUCTION PROJECT MANAGER,ACTIVE,132972.00,per Annum,1820,128425.52,0,0.00,0.00
2025,996,NYC HOUSING AUTHORITY,2005-02-28T00:00:00.000,BROOKLYN,CARETAKER,ACTIVE,52086.00,per Annum,2080,51150.57,196,7926.05,1916.75
2025,996,NYC HOUSING AUTHORITY,2003-06-23T00:00:00.000,RICHMOND,CARETAKER,CEASED,52086.00,per Annum,1120,25212.16,115.5,4820.80,13494.66
2025,996,NYC HOUSING AUTHORITY,2002-05-13T00:00:00.000,QUEENS,CARETAKER,ACTIVE,52086.00,per Annum,2080,51150.57,217.25,8817.48,1976.15
2025,996,NYC HOUSING AUTHORITY,2006-06-05T00:00:00.000,QUEENS,MAINTENANCE WORKER,ACTIVE,280.48,per Day,2080,80307.18,525,32607.58,2368.29
2025,996,NYC HOUSING AUTHORITY,2003-01-06T00:00:00.000,MANHATTAN,ADMINISTRATIVE HOUSING SUPERINTENDENT,ACTIVE,115280.00,per Annum,1820,109809.81,178.25,11944.57,1335.28
2025,996,NYC HOUSING AUTHORITY,2019-04-15T00:00:00.000,MANHATTAN,CARETAKER,CEASED,52086.00,per Annum,1280,23913.61,123,4862.00,2870.60
2025,996,NYC HOUSING AUTHORITY,2024-05-13T00:00:00.000,BROOKLYN,CITY SEASONAL AIDE,CEASED,31145.00,Prorated Annual,660,13138.73,0,0.00,49.78
2025,996,NYC HOUSING AUTHORITY,2003-03-10T00:00:00.000,MANHATTAN,EXECUTIVE AGENCY COUNSEL,ACTIVE,133855.00,per Annum,1820,115877.83,0,0.00,10880.88
2025,996,NYC HOUSING AUTHORITY,2025-05-12T00:00:00.000,BROOKLYN,CITY SEASONAL AIDE,ACTIVE,31221.00,Prorated Annual,840,16690.88,0,0.00,378.29
2025,996,NYC HOUSING AUTHORITY,2003-06-16T00:00:00.000,MANHATTAN,ELECTRICIANS HELPER,ACTIVE,305.20,per Day,2020,81913.98,119.25,7528.74,11443.72
2025,996,NYC HOUSING AUTHORITY,2023-03-06T00:00:00.000,MANHATTAN,SECRETARY,CEASED,40956.00,per Annum,350,6281.22,0,0.00,3823.40
2025,996,NYC HOUSING AUTHORITY,2016-07-18T00:00:00.000,BROOKLYN,CARETAKER,ACTIVE,52086.00,per Annum,2080,51150.57,317,12748.69,3375.33
2025,996,NYC HOUSING AUTHORITY,2016-08-15T00:00:00.000,MANHATTAN,ASSISTANT RESIDENT BUILDING SUPT,ACTIVE,75911.00,per Annum,2130.25,82574.66,187.25,10965.97,129.91
2025,996,NYC HOUSING AUTHORITY,2016-08-15T00:00:00.000,BROOKLYN,CARETAKER,ACTIVE,52086.00,per Annum,2080,51150.57,643.5,26903.00,7497.06
2025,996,NYC HOUSING AUTHORITY,2025-03-10T00:00:00.000,MANHATTAN,CARETAKER,ACTIVE,37086.00,per Annum,600,9957.35,74,2116.90,7.00
2025,996,NYC HOUSING AUTHORITY,2016-08-22T00:00:00.000,BRONX,CARETAKER,ACTIVE,52086.00,per Annum,2080,50950.79,632.75,25188.18,4659.88
2025,996,NYC HOUSING AUTHORITY,2021-04-01T00:00:00.000,QUEENS,HEATING PLANT TECHNICIAN,ACTIVE,60911.00,per Annum,2080,47612.66,121.75,4404.45,134.44
2025,996,NYC HOUSING AUTHORITY,2023-12-18T00:00:00.000,MANHATTAN,ASSOCIATE STAFF ANALYST,ACTIVE,80340.00,per Annum,1820,79634.31,4,170.77,0.00
2025,996,NYC HOUSING AUTHORITY,2022-10-17T00:00:00.000,MANHATTAN,CARPENTER,ACTIVE,398.86,per Day,1820,103703.60,667.75,57841.90,4330.48
2025,996,NYC HOUSING AUTHORITY,2016-11-21T00:00:00.000,MANHATTAN,ELEVATOR MECHANIC,ACTIVE,516.80,per Day,2080,126651.20,191.5,20185.06,3098.80
2025,996,NYC HOUSING AUTHORITY,2016-11-14T00:00:00.000,MANHATTAN,ELEVATOR MECHANIC,ACTIVE,516.80,per Day,2080,126651.20,203,22194.43,4080.04
2025,996,NYC HOUSING AUTHORITY,2017-05-22T00:00:00.000,QUEENS,PLUMBER,ACTIVE,434.98,per Day,1820,112740.04,767,95062.12,2112.76
2025,996,NYC HOUSING AUTHORITY,2017-05-30T00:00:00.000,BRONX,ASSISTANT RESIDENT BUILDING SUPT,ACTIVE,85611.00,per Annum,2080,83087.35,67.5,4309.32,55.80
2025,996,NYC HOUSING AUTHORITY,2021-04-14T00:00:00.000,BROOKLYN,MAINTENANCE WORKER,CEASED,264.40,per Day,0,3521.53,0,733.43,-1113.30
2025,996,NYC HOUSING AUTHORITY,2021-05-18T00:00:00.000,MANHATTAN,MAINTENANCE WORKER,ACTIVE,280.48,per Day,2080,80174.78,484.25,28062.75,3226.27
2025,996,NYC HOUSING AUTHORITY,2021-05-24T00:00:00.000,QUEENS,PAINTER,ACTIVE,366.17,per Day,1820,92190.84,683.75,51891.61,590.16
2025,996,NYC HOUSING AUTHORITY,2021-05-24T00:00:00.000,QUEENS,PAINTER,ACTIVE,366.17,per Day,1820,92190.84,703.75,53432.54,209.79
2025,996,NYC HOUSING AUTHORITY,2021-07-06T00:00:00.000,RICHMOND,CARETAKER,ACTIVE,52086.00,per Annum,2080,44116.48,400.25,13456.47,2176.32
2025,996,NYC HOUSING AUTHORITY,2021-06-22T00:00:00.000,BRONX,CARETAKER,ACTIVE,52086.00,per Annum,1843.25,40197.13,241.5,8190.02,853.84
2025,996,NYC HOUSING AUTHORITY,2022-12-18T00:00:00.000,QUEENS,MAINTENANCE WORKER,CEASED,254.48,per Day,0,2812.22,0,714.53,212.54
2025,996,NYC HOUSING AUTHORITY,2021-08-17T00:00:00.000,BROOKLYN,HOUSING ASSISTANT,ACTIVE,71320.00,per Annum,1820,68663.04,0,0.00,8.50
2025,996,NYC HOUSING AUTHORITY,2023-11-20T00:00:00.000,BRONX,HOUSING ASSISTANT,ACTIVE,54225.00,per Annum,1820,51456.93,821.75,32216.69,1564.84
2025,996,NYC HOUSING AUTHORITY,2021-09-15T00:00:00.000,MANHATTAN,ELEVATOR MECHANIC HELPER,ACTIVE,314.00,per Day,2066.28,74841.40,588,36799.83,7167.10
2025,996,NYC HOUSING AUTHORITY,2021-09-16T00:00:00.000,QUEENS,ADMINISTRATIVE SUPERVISOR OF BUILDING MAINTENANCE,ACTIVE,149713.00,per Annum,1820,140014.68,0,0.00,0.46
2025,996,NYC HOUSING AUTHORITY,2021-09-29T00:00:00.000,MANHATTAN,ELEVATOR MECHANIC HELPER,ACTIVE,314.00,per Day,2080,76960.00,649.25,40473.39,8380.80
2025,996,NYC HOUSING AUTHORITY,2024-02-26T00:00:00.000,BROOKLYN,CLERICAL ASSOCIATE MOST MAYORAL AG,CEASED,40956.00,per Annum,259,4654.56,0,0.00,-148.84
2025,996,NYC HOUSING AUTHORITY,2021-11-04T00:00:00.000,QUEENS,ROOFER,ACTIVE,371.35,per Day,1820,95569.03,0,0.00,98.80
2025,996,NYC HOUSING AUTHORITY,2025-06-16T00:00:00.000,BROOKLYN,CARETAKER,ACTIVE,37086.00,per Annum,40,711.24,0,0.00,0.00
2025,996,NYC HOUSING AUTHORITY,2023-03-20T00:00:00.000,QUEENS,HEATING PLANT TECHNICIAN,ACTIVE,45277.00,per Annum,2080,40300.03,538.25,15036.44,1421.26
2025,996,NYC HOUSING AUTHORITY,2023-02-06T00:00:00.000,BROOKLYN,MASONS HELPER,ACTIVE,317.45,per Day,1820,82398.39,798,48724.84,2280.72
2025,996,NYC HOUSING AUTHORITY,2023-01-17T00:00:00.000,QUEENS,MAINTENANCE WORKER,ACTIVE,280.48,per Day,2080,76470.46,1563,84843.38,9087.98
2025,996,NYC HOUSING AUTHORITY,2022-12-13T00:00:00.000,QUEENS,COMMUNITY COORDINATOR,ACTIVE,81882.00,per Annum,1820,78726.04,167,8432.20,231.50
2025,996,NYC HOUSING AUTHORITY,2022-11-21T00:00:00.000,QUEENS,ADMINISTRATIVE INSPECTOR,ACTIVE,125548.00,per Annum,1820,121255.68,0,0.00,0.00
2025,996,NYC HOUSING AUTHORITY,2022-11-17T00:00:00.000,QUEENS,CARETAKER,ACTIVE,37086.00,per Annum,1160,20540.15,156.5,4486.58,723.92
2025,996,NYC HOUSING AUTHORITY,2022-09-07T00:00:00.000,MANHATTAN,PLUMBER'S HELPER,ACTIVE,304.36,per Day,1820,73843.14,382.75,33113.13,2108.78
2025,996,NYC HOUSING AUTHORITY,2022-08-10T00:00:00.000,BROOKLYN,MAINTENANCE WORKER,ACTIVE,280.48,per Day,2080,78546.81,488.75,28323.46,2669.40
2025,996,NYC HOUSING AUTHORITY,2025-04-28T00:00:00.000,BRONX,MASONS HELPER,ACTIVE,317.45,per Day,280,12641.31,3,136.05,104.98
2025,996,NYC HOUSING AUTHORITY,2022-08-22T00:00:00.000,BROOKLYN,MAINTENANCE WORKER,ACTIVE,280.48,per Day,2080,72917.22,75.5,4125.72,126.80
2025,996,NYC HOUSING AUTHORITY,2022-08-17T00:00:00.000,BRONX,CARETAKER,ACTIVE,43396.00,per Annum,2080,39256.52,508.75,16011.85,2312.24
2025,996,NYC HOUSING AUTHORITY,2019-02-11T00:00:00.000,MANHATTAN,DEPUTY EXECUTIVE DIRECTOR,ACTIVE,249857.00,per Annum,1820,241314.39,0,0.00,0.00
2025,996,NYC HOUSING AUTHORITY,2018-07-10T00:00:00.000,MANHATTAN,CARETAKER,ACTIVE,52086.00,per Annum,2032,45059.35,299.25,11825.58,1970.49
2025,996,NYC HOUSING AUTHORITY,2021-09-30T00:00:00.000,MANHATTAN,MAINTENANCE WORKER,CEASED,256.72,per Day,0,1845.16,0,247.61,81.47
2025,996,NYC HOUSING AUTHORITY,2018-07-09T00:00:00.000,BROOKLYN,CARETAKER,ON LEAVE,52086.00,per Annum,316.43,24448.83,30.5,1207.93,-9749.95
2025,996,NYC HOUSING AUTHORITY,2024-10-07T00:00:00.000,QUEENS,ASSOC INSPECTOR,ACTIVE,87810.00,per Annum,1480,60930.89,0,0.00,1057.24
2025,996,NYC HOUSING AUTHORITY,2022-01-04T00:00:00.000,BRONX,CARETAKER,ACTIVE,52086.00,per Annum,2080,45995.55,269.25,9758.87,1288.63
2025,996,NYC HOUSING AUTHORITY,2017-11-06T00:00:00.000,QUEENS,SUPERVISING HOUSING GROUNDSKEEPER,ACTIVE,64040.00,per Annum,2080,56981.85,305.25,12766.29,1027.67
2025,996,NYC HOUSING AUTHORITY,2018-04-09T00:00:00.000,MANHATTAN,PAINTER,ACTIVE,366.17,per Day,1820,93557.52,300.5,22835.00,0.00
2025,996,NYC HOUSING AUTHORITY,2017-09-25T00:00:00.000,BRONX,PAINTER,ACTIVE,366.17,per Day,1820,92190.84,1272.5,96555.22,3097.83
2025,996,NYC HOUSING AUTHORITY,2024-05-28T00:00:00.000,QUEENS,CITY SEASONAL AIDE,CEASED,31145.00,Prorated Annual,660,12501.83,0,0.00,119.46
2025,996,NYC HOUSING AUTHORITY,2022-11-07T00:00:00.000,QUEENS,COMMUNITY COORDINATOR,ACTIVE,79444.00,per Annum,1820,71162.40,105.75,5002.26,322.19
2025,996,NYC HOUSING AUTHORITY,2020-01-27T00:00:00.000,BRONX,CARETAKER,ACTIVE,52086.00,per Annum,1488,28813.46,168.25,6691.50,469.48
2025,996,NYC HOUSING AUTHORITY,2013-02-19T00:00:00.000,BRONX,PLASTERER,ACTIVE,448.80,per Day,2080,115499.31,325.5,34510.41,770.80
2025,996,NYC HOUSING AUTHORITY,2017-06-19T00:00:00.000,MANHATTAN,HOUSING DEVELOPMENT SPECIALIST,ACTIVE,90600.00,per Annum,1820,87713.38,0,0.00,2881.76
2025,996,NYC HOUSING AUTHORITY,2012-09-17T00:00:00.000,BROOKLYN,CARETAKER,ACTIVE,52086.00,per Annum,2080,51150.57,207.5,8238.73,755.30
2025,996,NYC HOUSING AUTHORITY,2012-09-17T00:00:00.000,BROOKLYN,MAINTENANCE WORKER,ACTIVE,280.48,per Day,2080,79746.22,185.5,11052.13,1375.57
2025,996,NYC HOUSING AUTHORITY,2012-09-04T00:00:00.000,BROOKLYN,SUPERVISOR OF HOUSING CARETAKER,ACTIVE,73663.00,per Annum,2080,68301.58,438.25,23264.40,3684.80
2025,996,NYC HOUSING AUTHORITY,2014-02-12T00:00:00.000,BRONX,CARETAKER,ACTIVE,52086.00,per Annum,2080,51150.57,309.5,12732.23,3736.86
2025,996,NYC HOUSING AUTHORITY,2023-03-13T00:00:00.000,QUEENS,HOUSING EXTERMINATOR,ACTIVE,42679.00,per Annum,1992.15,39708.22,29.5,846.45,992.62
2025,996,NYC HOUSING AUTHORITY,2000-01-31T00:00:00.000,MANHATTAN,HOUSING MANAGER,ACTIVE,107974.00,per Annum,1820,106034.82,0,0.00,1335.28
2025,996,NYC HOUSING AUTHORITY,2020-08-27T00:00:00.000,QUEENS,ASBESTOS HANDLER,ACTIVE,96422.00,per Annum,2080,93035.97,680.75,45602.57,2136.38
2025,996,NYC HOUSING AUTHORITY,2025-06-02T00:00:00.000,BROOKLYN,CITY SEASONAL AIDE,ACTIVE,31221.00,Prorated Annual,570,11113.81,0,0.00,119.46
2025,996,NYC HOUSING AUTHORITY,2002-06-17T00:00:00.000,MANHATTAN,ADMINISTRATIVE ACCOUNTANT,ACTIVE,238732.00,per Annum,1820,230569.75,0,0.00,0.00
2025,996,NYC HOUSING AUTHORITY,2010-10-11T00:00:00.000,MANHATTAN,PRINCIPAL ADMINISTRATIVE ASSOCIATE -  NON SUPVR,ACTIVE,61467.00,per Annum,1820,60197.15,0,0.00,1840.91
2025,996,NYC HOUSING AUTHORITY,2006-06-05T00:00:00.000,MANHATTAN,HOUSING ASSISTANT,ACTIVE,71320.00,per Annum,977,37137.05,12.5,495.00,538.18
2025,996,NYC HOUSING AUTHORITY,1994-05-02T00:00:00.000,MANHATTAN,HOUSING MANAGER,ACTIVE,100242.00,per Annum,1820,94493.73,14,810.39,1335.28
2025,996,NYC HOUSING AUTHORITY,2001-02-26T00:00:00.000,MANHATTAN,ADMINISTRATIVE STAFF ANALYST,ACTIVE,95670.00,per Annum,1820,94800.19,0,0.00,4927.22
2025,996,NYC HOUSING AUTHORITY,2023-05-01T00:00:00.000,RICHMOND,CARETAKER,CEASED,37086.00,per Annum,469,6436.52,32,940.38,273.60
2025,996,NYC HOUSING AUTHORITY,2012-01-09T00:00:00.000,BROOKLYN,CARETAKER,CEASED,50569.00,per Annum,-3.43,23950.37,0,0.00,-19849.62
2025,996,NYC HOUSING AUTHORITY,2011-12-27T00:00:00.000,BROOKLYN,SUPERVISOR PLASTERER,ACTIVE,460.64,per Day,2080,118550.86,315.5,34388.81,2457.56
2025,996,NYC HOUSING AUTHORITY,2018-10-01T00:00:00.000,BROOKLYN,CARETAKER,ACTIVE,52086.00,per Annum,2080,44221.74,194.5,7779.53,1666.73
2025,996,NYC HOUSING AUTHORITY,2012-09-17T00:00:00.000,BROOKLYN,SUPERVISOR PAINTER,CEASED,405.30,per Day,1652,95641.42,490.25,42416.12,2064.12
2025,996,NYC HOUSING AUTHORITY,2012-04-13T00:00:00.000,MANHATTAN,CARETAKER,ACTIVE,52086.00,per Annum,2080,51150.57,828.25,34556.62,6652.94
2025,996,NYC HOUSING AUTHORITY,2016-05-31T00:00:00.000,QUEENS,CARETAKER,ACTIVE,52086.00,per Annum,2080,49017.01,81.5,3457.41,3182.20
2025,996,NYC HOUSING AUTHORITY,2012-08-20T00:00:00.000,BROOKLYN,SUPERVISOR OF HOUSING CARETAKER,ACTIVE,61982.00,per Annum,2080,57250.35,505.25,22403.47,4236.51
2025,996,NYC HOUSING AUTHORITY,2013-06-10T00:00:00.000,BROOKLYN,MAINTENANCE WORKER,ACTIVE,280.48,per Day,2080,80307.18,343.75,19770.22,2415.12
2025,996,NYC HOUSING AUTHORITY,2018-09-10T00:00:00.000,QUEENS,COMMUNITY COORDINATOR,ACTIVE,95713.00,per Annum,1820,92663.44,0,0.00,0.00
2025,996,NYC HOUSING AUTHORITY,2010-08-30T00:00:00.000,QUEENS,INSPECTOR,ACTIVE,90157.00,per Annum,2080,87562.06,17,1131.58,6677.33
2025,996,NYC HOUSING AUTHORITY,2010-07-26T00:00:00.000,BROOKLYN,ROOFER,ACTIVE,371.35,per Day,1820,95569.03,644.5,43980.24,1211.80
2025,996,NYC HOUSING AUTHORITY,1999-07-07T00:00:00.000,MANHATTAN,MAINTENANCE WORKER,CEASED,256.72,per Day,0,915.20,0,0.00,14.88
2025,996,NYC HOUSING AUTHORITY,1999-07-26T00:00:00.000,QUEENS,SECRETARY,ACTIVE,67139.00,per Annum,1820,63723.83,0,0.00,5691.65
2025,996,NYC HOUSING AUTHORITY,2002-01-22T00:00:00.000,BROOKLYN,CARETAKER,ACTIVE,52086.00,per Annum,2080,42327.27,285.75,11631.39,2510.74
2025,996,NYC HOUSING AUTHORITY,2023-10-30T00:00:00.000,MANHATTAN,MAINTENANCE WORKER,ACTIVE,269.92,per Day,2080,71380.71,368.25,18444.69,1665.45
2025,996,NYC HOUSING AUTHORITY,2023-03-20T00:00:00.000,MANHATTAN,CARETAKER,ACTIVE,43396.00,per Annum,2080,38045.06,178.25,5220.96,687.86
2025,996,NYC HOUSING AUTHORITY,2022-07-19T00:00:00.000,MANHATTAN,PAINTER,ACTIVE,366.17,per Day,1820,92190.84,403.75,30676.56,0.00
2025,996,NYC HOUSING AUTHORITY,2022-07-19T00:00:00.000,MANHATTAN,CARETAKER,ACTIVE,43396.00,per Annum,2080,41618.07,172.5,5602.20,1294.78
2025,996,NYC HOUSING AUTHORITY,2022-07-12T00:00:00.000,MANHATTAN,PAINTER,ACTIVE,366.17,per Day,1820,92190.84,54.75,4160.46,0.00
2025,996,NYC HOUSING AUTHORITY,2022-06-27T00:00:00.000,MANHATTAN,CARETAKER,ACTIVE,43396.00,per Annum,2080,39408.79,261,7918.99,704.98
2025,996,NYC HOUSING AUTHORITY,2022-06-28T00:00:00.000,QUEENS,MAINTENANCE WORKER,ACTIVE,280.48,per Day,2080,75045.31,557.75,30102.24,3001.12
2025,996,NYC HOUSING AUTHORITY,2022-05-31T00:00:00.000,MANHATTAN,CARETAKER,ACTIVE,43396.00,per Annum,2080,36484.79,313,9548.65,1339.55
2025,996,NYC HOUSING AUTHORITY,2022-05-19T00:00:00.000,BRONX,CARETAKER,ACTIVE,52086.00,per Annum,2082.28,40414.86,381.5,12511.85,1573.84
2025,996,NYC HOUSING AUTHORITY,2022-05-03T00:00:00.000,MANHATTAN,HOUSING ASSISTANT,ACTIVE,71320.00,per Annum,1820,62086.44,0,0.00,0.00
2025,996,NYC HOUSING AUTHORITY,2022-03-29T00:00:00.000,BROOKLYN,MAINTENANCE WORKER,ACTIVE,280.48,per Day,2100.5,74894.70,200,11734.20,1444.88
2025,996,NYC HOUSING AUTHORITY,2022-03-01T00:00:00.000,QUEENS,COMMUNITY COORDINATOR,ACTIVE,89721.00,per Annum,1820,86862.72,14.5,689.62,0.00
2025,996,NYC HOUSING AUTHORITY,2022-10-24T00:00:00.000,BRONX,CARETAKER,ACTIVE,43396.00,per Annum,1738.75,30306.22,235,7664.03,1148.69
2025,996,NYC HOUSING AUTHORITY,2022-01-26T00:00:00.000,MANHATTAN,PAINTER,CEASED,354.62,per Day,699,31905.44,165.5,12576.38,0.00
2025,996,NYC HOUSING AUTHORITY,2023-12-18T00:00:00.000,QUEENS,HOUSING ASSISTANT,CEASED,48279.00,per Annum,0,0.00,0,0.00,923.37
2025,996,NYC HOUSING AUTHORITY,2025-05-27T00:00:00.000,QUEENS,LEAD ABATEMENT WORKER,ACTIVE,54443.00,per Annum,152,3967.74,0,0.00,0.00
2025,996,NYC HOUSING AUTHORITY,2024-06-17T00:00:00.000,BROOKLYN,CITY SEASONAL AIDE,CEASED,31145.00,Prorated Annual,780,13737.02,0,0.00,298.65
2025,996,NYC HOUSING AUTHORITY,2018-04-23T00:00:00.000,BRONX,CARETAKER,CEASED,52086.00,per Annum,1120,19308.47,135.25,5597.22,5003.03
2025,996,NYC HOUSING AUTHORITY,2024-01-22T00:00:00.000,MANHATTAN,SECRETARY,ACTIVE,51625.00,per Annum,1820,42696.11,0,0.00,0.00
2025,996,NYC HOUSING AUTHORITY,2021-08-17T00:00:00.000,BRONX,ASSISTANT HOUSING MANAGER,ACTIVE,68307.00,per Annum,1820,64709.63,0,0.00,204.50
2025,996,NYC HOUSING AUTHORITY,2016-04-18T00:00:00.000,MANHATTAN,ASSISTANT HOUSING MANAGER,ACTIVE,87175.00,per Annum,1820,85609.42,40,1957.46,0.00
2025,996,NYC HOUSING AUTHORITY,2023-07-03T00:00:00.000,BRONX,CARETAKER,ACTIVE,37086.00,per Annum,1952.57,31393.17,299.75,8444.61,4054.40
2025,996,NYC HOUSING AUTHORITY,2016-01-25T00:00:00.000,BRONX,CARETAKER,ACTIVE,52086.00,per Annum,2080,51131.85,725,29895.03,6762.87
2025,996,NYC HOUSING AUTHORITY,2023-09-18T00:00:00.000,QUEENS,COMMUNITY COORDINATOR,ACTIVE,74486.00,per Annum,1820,72112.45,110.25,4693.91,0.00
2025,996,NYC HOUSING AUTHORITY,2025-04-21T00:00:00.000,MANHATTAN,COMMUNITY ASSISTANT,ACTIVE,39970.00,per Annum,315,6275.95,0,0.00,0.00
2025,996,NYC HOUSING AUTHORITY,2015-10-19T00:00:00.000,MANHATTAN,HOUSING ASSISTANT,ACTIVE,71320.00,per Annum,1820,70039.31,677.75,35845.64,3636.30
2025,996,NYC HOUSING AUTHORITY,2024-02-20T00:00:00.000,BROOKLYN,HOUSING ASSISTANT,ACTIVE,54225.00,per Annum,1820,50337.58,1,29.68,0.00
2025,996,NYC HOUSING AUTHORITY,2021-04-22T00:00:00.000,QUEENS,PLUMBER,ACTIVE,434.98,per Day,1820,112740.04,634.25,78404.67,0.00
2025,996,NYC HOUSING AUTHORITY,2018-01-08T00:00:00.000,MANHATTAN,RESIDENT BUILDING SUPERINTENDENT,ACTIVE,92345.00,per Annum,1970,86957.94,436.5,26368.58,2187.58
2025,996,NYC HOUSING AUTHORITY,2018-12-03T00:00:00.000,MANHATTAN,MAINTENANCE WORKER,ACTIVE,280.48,per Day,2080,76945.41,639.5,34494.29,2435.63
2025,996,NYC HOUSING AUTHORITY,2015-03-09T00:00:00.000,MANHATTAN,ELEVATOR MECHANIC,ACTIVE,516.80,per Day,2080,126651.20,651.5,66385.46,11908.29
2025,996,NYC HOUSING AUTHORITY,2018-04-16T00:00:00.000,BRONX,CARETAKER,ACTIVE,52086.00,per Annum,2080,50378.36,355.75,13865.91,487.02
2025,996,NYC HOUSING AUTHORITY,2012-04-02T00:00:00.000,MANHATTAN,CITY LABORER,ACTIVE,331.92,per Day,2080,75400.00,688.25,41841.69,5881.89
2025,996,NYC HOUSING AUTHORITY,2016-09-19T00:00:00.000,MANHATTAN,SUPERVISOR PAINTER,ACTIVE,418.46,per Day,1820,105366.16,668.75,58002.87,1018.24
2025,996,NYC HOUSING AUTHORITY,2024-05-28T00:00:00.000,BROOKLYN,SUMMER COLLEGE INTERN,CEASED,45625.00,per Annum,210,5247.27,0,0.00,175.00
2025,996,NYC HOUSING AUTHORITY,2024-04-08T00:00:00.000,MANHATTAN,CARETAKER,ON LEAVE,37086.00,per Annum,2080,36143.85,315.25,8877.31,682.89
2025,996,NYC HOUSING AUTHORITY,2024-04-01T00:00:00.000,BROOKLYN,CARETAKER,CEASED,37086.00,per Annum,1600,27885.19,236,6697.75,2468.63
2025,996,NYC HOUSING AUTHORITY,2024-03-11T00:00:00.000,QUEENS,HOUSING EXTERMINATOR,ACTIVE,46902.00,per Annum,2080,41485.43,79.5,2454.72,1611.24
2025,996,NYC HOUSING AUTHORITY,2024-03-18T00:00:00.000,QUEENS,PLUMBER'S HELPER,ACTIVE,304.36,per Day,1820,78884.68,913.5,79242.38,5682.84
2025,996,NYC HOUSING AUTHORITY,2024-03-25T00:00:00.000,QUEENS,SUPERVISOR OF MECHANICAL INSTALLATIONS & MAINTENANCE,ACTIVE,90551.00,per Annum,1820,87666.20,1059,70509.16,524.41
2025,996,NYC HOUSING AUTHORITY,2024-06-10T00:00:00.000,QUEENS,CITY PEST CONTROL AIDE,ACTIVE,41931.00,per Annum,1820,35171.54,10.25,254.27,94.25
2025,996,NYC HOUSING AUTHORITY,2024-03-04T00:00:00.000,BRONX,CARETAKER,ACTIVE,37086.00,per Annum,2080,36420.07,284.5,8353.50,2956.71
2025,996,NYC HOUSING AUTHORITY,2024-03-04T00:00:00.000,MANHATTAN,COLLEGE AIDE,ACTIVE,42698.00,per Annum,1095.72,29308.94,2.75,63.12,0.00
2025,996,NYC HOUSING AUTHORITY,2010-06-28T00:00:00.000,MANHATTAN,CARETAKER,ON LEAVE,52086.00,per Annum,1869,41437.27,235.25,9446.04,1463.29
2025,996,NYC HOUSING AUTHORITY,2011-01-10T00:00:00.000,MANHATTAN,SUPERVISOR OF HOUSING CARETAKER,ACTIVE,73663.00,per Annum,2080,60809.66,459.75,22053.71,1784.69
2025,996,NYC HOUSING AUTHORITY,2010-12-13T00:00:00.000,BROOKLYN,CARETAKER,CEASED,50569.00,per Annum,560,9695.12,11,432.92,10486.12
2025,996,NYC HOUSING AUTHORITY,2010-09-27T00:00:00.000,MANHATTAN,ADMINISTRATIVE HOUSING MANAGER,ACTIVE,129243.00,per Annum,1820,91234.49,0,0.00,0.00
2025,996,NYC HOUSING AUTHORITY,2019-10-07T00:00:00.000,BRONX,CARETAKER,ON LEAVE,52086.00,per Annum,480,9696.21,38.5,1577.08,557.45
2025,996,NYC HOUSING AUTHORITY,2009-02-09T00:00:00.000,BRONX,CARPENTER,ACTIVE,398.86,per Day,1820,103703.60,169.5,13774.98,2595.44
2025,996,NYC HOUSING AUTHORITY,2021-06-15T00:00:00.000,QUEENS,HOUSING EXTERMINATOR,ACTIVE,42679.00,per Annum,1870,39925.75,7.5,194.50,337.77
2025,996,NYC HOUSING AUTHORITY,2024-07-01T00:00:00.000,MANHATTAN,CITY SEASONAL AIDE,CEASED,31145.00,Prorated Annual,780,14972.03,0,0.00,119.46
2025,996,NYC HOUSING AUTHORITY,2024-09-03T00:00:00.000,MANHATTAN,ASSOCIATE HOUSING DEVELOPMENT SPECIALIST,ACTIVE,97055.00,per Annum,1463,75580.51,0,0.00,50.00
2025,996,NYC HOUSING AUTHORITY,2024-12-30T00:00:00.000,MANHATTAN,CITY LABORER,ACTIVE,331.92,per Day,1000,35343.75,60.5,3561.62,3000.00
2025,996,NYC HOUSING AUTHORITY,2024-06-24T00:00:00.000,QUEENS,CARETAKER,ACTIVE,37086.00,per Annum,1917.15,34832.43,196.25,5547.98,737.60
2025,996,NYC HOUSING AUTHORITY,2024-06-24T00:00:00.000,BROOKLYN,CITY SEASONAL AIDE,CEASED,31145.00,Prorated Annual,780,12352.61,0,0.00,119.46
2025,996,NYC HOUSING AUTHORITY,2024-06-17T00:00:00.000,MANHATTAN,HOUSING ASSISTANT,ACTIVE,54225.00,per Annum,1820,49631.90,0,0.00,0.00
2025,996,NYC HOUSING AUTHORITY,2024-06-10T00:00:00.000,BROOKLYN,CITY SEASONAL AIDE,CEASED,31145.00,Prorated Annual,636,12660.83,0,0.00,248.88
2025,996,NYC HOUSING AUTHORITY,2019-04-01T00:00:00.000,QUEENS,SUPERVISING HOUSING GROUNDSKEEPER,ACTIVE,64040.00,per Annum,2080,55401.59,140,5990.32,1668.93
2025,996,NYC HOUSING AUTHORITY,2019-04-22T00:00:00.000,BROOKLYN,PAINTER,ACTIVE,366.17,per Day,1820,92190.84,118,8966.85,0.00
2025,996,NYC HOUSING AUTHORITY,2019-05-06T00:00:00.000,QUEENS,HEATING PLANT TECHNICIAN,ACTIVE,60911.00,per Annum,2080,59817.12,555.5,23385.93,4094.01
2025,996,NYC HOUSING AUTHORITY,2022-10-19T00:00:00.000,MANHATTAN,EXECUTIVE AGENCY COUNSEL,ACTIVE,174099.00,per Annum,1820,168146.98,0,0.00,0.00
2025,996,NYC HOUSING AUTHORITY,2019-07-22T00:00:00.000,MANHATTAN,CARETAKER,ACTIVE,52086.00,per Annum,2080,51150.57,274,10875.97,706.32
2025,996,NYC HOUSING AUTHORITY,2019-09-03T00:00:00.000,MANHATTAN,HOUSING ASSISTANT,ACTIVE,61909.00,per Annum,1820,56703.86,0,0.00,0.00
2025,996,NYC HOUSING AUTHORITY,2020-11-05T00:00:00.000,MANHATTAN,CARETAKER,ACTIVE,52086.00,per Annum,2080,50756.83,443,17641.50,2239.60
2025,996,NYC HOUSING AUTHORITY,2019-10-07T00:00:00.000,MANHATTAN,CARETAKER,ACTIVE,52086.00,per Annum,2080,51150.57,326.5,13010.67,2146.96
2025,996,NYC HOUSING AUTHORITY,2019-11-12T00:00:00.000,QUEENS,ASBESTOS HAZARD INVESTIGATOR,ACTIVE,94878.00,per Annum,1820,91855.52,321.75,20912.82,1986.17
2025,996,NYC HOUSING AUTHORITY,2022-07-28T00:00:00.000,BRONX,PLASTERER,ACTIVE,448.80,per Day,2080,115499.31,462.5,50856.55,2558.36
2025,996,NYC HOUSING AUTHORITY,2024-06-03T00:00:00.000,QUEENS,CITY PEST CONTROL AIDE,CEASED,36083.00,per Annum,959,19196.35,0,0.00,271.86
2025,996,NYC HOUSING AUTHORITY,2019-12-16T00:00:00.000,BROOKLYN,SECRETARY,ACTIVE,53479.00,per Annum,1820,51775.58,0,0.00,0.00
2025,996,NYC HOUSING AUTHORITY,2021-09-21T00:00:00.000,QUEENS,CARETAKER,ACTIVE,52086.00,per Annum,2080,45724.25,393.25,15130.79,2804.96
2025,996,NYC HOUSING AUTHORITY,2023-05-30T00:00:00.000,MANHATTAN,COMMUNITY COORDINATOR,ACTIVE,72298.00,per Annum,1820,64442.18,0,0.00,0.00
2025,996,NYC HOUSING AUTHORITY,2023-06-12T00:00:00.000,BRONX,MAINTENANCE WORKER,ACTIVE,280.48,per Day,2080,73376.26,274,14605.52,3092.38
2025,996,NYC HOUSING AUTHORITY,2024-10-07T00:00:00.000,BRONX,HOUSING ASSISTANT,CEASED,49727.00,per Annum,623,15494.97,0,0.00,871.93
2025,996,NYC HOUSING AUTHORITY,2024-01-16T00:00:00.000,BROOKLYN,ROOFER,ACTIVE,371.35,per Day,1820,95569.03,203.5,12024.42,455.80
2025,996,NYC HOUSING AUTHORITY,2024-01-22T00:00:00.000,BROOKLYN,MAINTENANCE WORKER,ACTIVE,269.92,per Day,2080,71010.30,177.75,8875.23,273.80
2025,996,NYC HOUSING AUTHORITY,2023-07-31T00:00:00.000,MANHATTAN,CARETAKER,ACTIVE,37086.00,per Annum,2080,36135.57,418.25,12143.16,3044.18
2025,996,NYC HOUSING AUTHORITY,2025-03-24T00:00:00.000,BROOKLYN,CARETAKER,ACTIVE,37086.00,per Annum,1180,22331.51,88,2564.26,887.71
2025,996,NYC HOUSING AUTHORITY,2023-08-28T00:00:00.000,BRONX,HOUSING ASSISTANT,ACTIVE,54225.00,per Annum,1820,52461.93,5,144.08,136.00
2025,996,NYC HOUSING AUTHORITY,2023-09-25T00:00:00.000,BRONX,CARETAKER,CEASED,36006.00,per Annum,80,0.00,27.5,763.05,1750.41
2025,996,NYC HOUSING AUTHORITY,2023-11-13T00:00:00.000,MANHATTAN,AGENCY ATTORNEY INTERNE,CEASED,77250.00,per Annum,560,20736.44,0,0.00,3391.38
2025,996,NYC HOUSING AUTHORITY,2023-11-13T00:00:00.000,MANHATTAN,ASSOCIATE HOUSING DEVELOPMENT SPECIALIST,ACTIVE,121835.00,per Annum,1820,107762.39,0,0.00,98.25
2025,996,NYC HOUSING AUTHORITY,2023-12-11T00:00:00.000,MANHATTAN,CITY LABORER,ACTIVE,331.92,per Day,2080,75400.00,197,12080.36,3815.63
2025,996,NYC HOUSING AUTHORITY,2020-07-06T00:00:00.000,MANHATTAN,CARETAKER,ON LEAVE,52086.00,per Annum,560,6338.25,24.75,1010.83,193.59
2025,996,NYC HOUSING AUTHORITY,2019-08-19T00:00:00.000,MANHATTAN,CARETAKER,ACTIVE,52086.00,per Annum,2080,50562.87,249.25,10167.85,2338.15
2025,996,NYC HOUSING AUTHORITY,2017-03-06T00:00:00.000,BROOKLYN,MAINTENANCE WORKER,ACTIVE,280.48,per Day,2080,80307.18,220.75,12762.50,1482.76
2025,996,NYC HOUSING AUTHORITY,2021-08-17T00:00:00.000,BROOKLYN,CARETAKER,ACTIVE,52086.00,per Annum,2080,46140.21,453,15831.03,2938.53
2025,996,NYC HOUSING AUTHORITY,2019-03-18T00:00:00.000,BROOKLYN,CARETAKER,ACTIVE,52086.00,per Annum,2080,51150.57,283.25,11492.69,2861.64
2025,996,NYC HOUSING AUTHORITY,2022-09-20T00:00:00.000,BRONX,CARETAKER,ACTIVE,43396.00,per Annum,2080,30757.43,228,7154.27,1115.72
2025,996,NYC HOUSING AUTHORITY,2014-04-14T00:00:00.000,QUEENS,ASSISTANT RESIDENT BUILDING SUPT,ACTIVE,85611.00,per Annum,2080,83752.20,122.75,7385.97,2397.24
2025,996,NYC HOUSING AUTHORITY,2019-11-18T00:00:00.000,BROOKLYN,MAINTENANCE WORKER,CEASED,256.72,per Day,0,141.41,0,83.71,49.52
2025,996,NYC HOUSING AUTHORITY,2011-02-22T00:00:00.000,BRONX,CARETAKER,ACTIVE,52086.00,per Annum,2080,50950.79,480.75,19546.05,4603.47
2025,996,NYC HOUSING AUTHORITY,2022-02-08T00:00:00.000,MANHATTAN,ADMINISTRATIVE PUBLIC HEALTH SANITARIAN,ACTIVE,130829.00,per Annum,1820,126356.31,0,0.00,500.00
2025,996,NYC HOUSING AUTHORITY,2010-12-06T00:00:00.000,BROOKLYN,ASSISTANT HOUSING MANAGER,ACTIVE,87175.00,per Annum,1820,85609.42,12,555.89,143.34
2025,996,NYC HOUSING AUTHORITY,2018-01-29T00:00:00.000,BRONX,CARETAKER,ACTIVE,52086.00,per Annum,2080,50606.99,274.5,10845.97,769.33
2025,996,NYC HOUSING AUTHORITY,2015-03-02T00:00:00.000,QUEENS,HOUSING ASSISTANT,ACTIVE,71320.00,per Annum,1820,70039.31,31.5,1261.59,0.00
2025,996,NYC HOUSING AUTHORITY,1994-05-23T00:00:00.000,MANHATTAN,ADMINISTRATIVE STAFF ANALYST,ACTIVE,102737.00,per Annum,1820,101805.23,0,0.00,4927.22
2025,996,NYC HOUSING AUTHORITY,2017-11-27T00:00:00.000,BROOKLYN,HOUSING ASSISTANT,ACTIVE,71320.00,per Annum,1820,70039.31,0,0.00,8.50
2025,996,NYC HOUSING AUTHORITY,2022-05-03T00:00:00.000,BROOKLYN,ADMINISTRATIVE STAFF ANALYST,ACTIVE,128364.00,per Annum,1820,127217.45,0,0.00,3185.86
2025,996,NYC HOUSING AUTHORITY,1994-09-12T00:00:00.000,MANHATTAN,SUPERVISING HOUSING GROUNDSKEEPER,ACTIVE,73663.00,per Annum,2080,68117.22,649.5,34198.30,5370.37
2025,996,NYC HOUSING AUTHORITY,1993-05-05T00:00:00.000,BRONX,CARETAKER,ON SEPARATION LEAVE,52086.00,per Annum,2080,51150.57,205.25,8250.45,2101.37
2025,996,NYC HOUSING AUTHORITY,1993-01-04T00:00:00.000,QUEENS,HEATING PLANT TECHNICIAN,ACTIVE,60911.00,per Annum,2080,57315.19,512.25,21638.30,2711.95
2025,996,NYC HOUSING AUTHORITY,2023-07-24T00:00:00.000,BRONX,ELECTRICIAN,ACTIVE,480.97,per Day,1820,122448.21,937.75,93749.97,2476.61
2025,996,NYC HOUSING AUTHORITY,1995-01-23T00:00:00.000,QUEENS,HOUSING EXTERMINATOR-AL II & III,ACTIVE,72613.00,per Annum,1820,71308.89,0,0.00,1335.28
2025,996,NYC HOUSING AUTHORITY,1986-09-15T00:00:00.000,BROOKLYN,GLAZIER,CEASED,367.92,per Day,1575,82794.57,173.5,18177.12,3554.11
2025,996,NYC HOUSING AUTHORITY,1998-03-16T00:00:00.000,QUEENS,HOUSING EXTERMINATOR-AL II & III,ACTIVE,64192.00,per Annum,1947.15,61859.97,83.5,3655.39,1384.28
2025,996,NYC HOUSING AUTHORITY,1993-04-26T00:00:00.000,MANHATTAN,ADMINISTRATIVE ACCOUNTANT,ACTIVE,148438.00,per Annum,1820,143363.46,0,0.00,0.00
2025,996,NYC HOUSING AUTHORITY,1994-04-11T00:00:00.000,MANHATTAN,MAINTENANCE WORKER,ACTIVE,280.48,per Day,2080,80307.18,353.75,20147.24,1944.55
2025,996,NYC HOUSING AUTHORITY,1997-05-27T00:00:00.000,BROOKLYN,MAINTENANCE WORKER,ACTIVE,280.48,per Day,2080,80133.32,412.25,23458.82,1480.80
2025,996,NYC HOUSING AUTHORITY,1989-07-19T00:00:00.000,QUEENS,SUPERVISING HOUSING GROUNDSKEEPER,ACTIVE,73663.00,per Annum,2080,72339.82,331.75,19269.22,2556.94
2025,996,NYC HOUSING AUTHORITY,1996-05-16T00:00:00.000,BROOKLYN,CARETAKER,ACTIVE,52086.00,per Annum,2080,51150.57,253.5,10252.38,2819.92
2025,996,NYC HOUSING AUTHORITY,1990-11-13T00:00:00.000,BROOKLYN,HOUSING MANAGER,ACTIVE,107974.00,per Annum,1820,106034.82,0,0.00,1335.28
2025,996,NYC HOUSING AUTHORITY,1990-12-03T00:00:00.000,BROOKLYN,HOUSING ASSISTANT,ACTIVE,71320.00,per Annum,1820,70029.85,0,0.00,1335.10
2025,996,NYC HOUSING AUTHORITY,1992-05-04T00:00:00.000,BROOKLYN,ASSISTANT RESIDENT BUILDING SUPT,CEASED,83117.00,per Annum,80,0.00,0,0.00,45802.22
2025,996,NYC HOUSING AUTHORITY,2013-09-03T00:00:00.000,MANHATTAN,ELEVATOR MECHANIC,ACTIVE,516.80,per Day,2080,126651.20,282.75,28793.44,6063.52
2025,996,NYC HOUSING AUTHORITY,2019-08-19T00:00:00.000,MANHATTAN,CARETAKER,ACTIVE,52086.00,per Annum,1832.25,40213.86,194.25,7662.05,1193.54
2025,996,NYC HOUSING AUTHORITY,2014-10-06T00:00:00.000,BROOKLYN,HOUSING MANAGER,ACTIVE,93934.00,per Annum,1820,88058.16,1002.5,65954.52,4432.38
2025,996,NYC HOUSING AUTHORITY,2014-01-13T00:00:00.000,BROOKLYN,HOUSING ASSISTANT,ACTIVE,71320.00,per Annum,1820,70039.31,34,1288.60,97.06
2025,996,NYC HOUSING AUTHORITY,2014-03-17T00:00:00.000,MANHATTAN,PLASTERER,ACTIVE,448.80,per Day,2080,114994.41,419,39640.69,3848.92
2025,996,NYC HOUSING AUTHORITY,2014-03-24T00:00:00.000,QUEENS,HEATING PLANT TECHNICIAN,ACTIVE,60911.00,per Annum,2080,59590.29,902.25,35671.90,5647.60
2025,996,NYC HOUSING AUTHORITY,2014-04-07T00:00:00.000,BROOKLYN,HOUSING ASSISTANT,ACTIVE,71320.00,per Annum,1820,70039.31,46.75,1800.24,97.06
2025,996,NYC HOUSING AUTHORITY,2014-04-21T00:00:00.000,MANHATTAN,HOUSING ASSISTANT,ACTIVE,71320.00,per Annum,1820,70039.31,0,0.00,97.06
2025,996,NYC HOUSING AUTHORITY,2014-04-21T00:00:00.000,BRONX,HOUSING ASSISTANT,ACTIVE,71320.00,per Annum,1820,70039.31,1374.75,74313.45,3771.07
2025,996,NYC HOUSING AUTHORITY,2014-07-07T00:00:00.000,QUEENS,SUPERVISOR PLASTERER,ACTIVE,460.64,per Day,2080,118205.26,584.5,66008.05,3067.08
2025,996,NYC HOUSING AUTHORITY,2024-04-22T00:00:00.000,BRONX,CARETAKER,CEASED,37086.00,per Annum,1840,22943.51,282.25,7933.54,908.20
2025,996,NYC HOUSING AUTHORITY,2025-03-31T00:00:00.000,BROOKLYN,CARETAKER,ACTIVE,37086.00,per Annum,480,7521.35,5.25,163.18,0.00
2025,996,NYC HOUSING AUTHORITY,2019-08-12T00:00:00.000,BROOKLYN,MAINTENANCE WORKER,ACTIVE,280.48,per Day,2080,75197.58,154.5,8099.99,955.29
2025,996,NYC HOUSING AUTHORITY,2015-01-05T00:00:00.000,QUEENS,CARETAKER,ACTIVE,52086.00,per Annum,2080,48275.88,183.25,7363.07,319.58
2025,996,NYC HOUSING AUTHORITY,2015-01-05T00:00:00.000,QUEENS,HEATING PLANT TECHNICIAN,ACTIVE,60911.00,per Annum,2080,59817.12,314,13035.53,2150.75
2025,996,NYC HOUSING AUTHORITY,2021-09-29T00:00:00.000,QUEENS,CARPENTER,CEASED,398.86,per Day,483,24523.49,26.75,2115.40,803.42
2025,996,NYC HOUSING AUTHORITY,2020-01-21T00:00:00.000,BROOKLYN,MAINTENANCE WORKER,ACTIVE,280.48,per Day,2080,80031.60,41.75,4603.18,647.22
2025,996,NYC HOUSING AUTHORITY,2021-07-28T00:00:00.000,BROOKLYN,CARETAKER,ACTIVE,52086.00,per Annum,2080,43021.23,346.75,12355.47,1710.60
2025,996,NYC HOUSING AUTHORITY,2023-08-14T00:00:00.000,BRONX,CARETAKER,ACTIVE,37086.00,per Annum,2080,35006.47,275.25,7750.13,1094.79
2025,996,NYC HOUSING AUTHORITY,2020-03-16T00:00:00.000,BROOKLYN,CARETAKER,CEASED,52086.00,per Annum,936,13017.57,66.5,2582.37,6996.68
2025,996,NYC HOUSING AUTHORITY,2020-12-30T00:00:00.000,QUEENS,ADMIN COMMUNITY RELATIONS SPECIALIST,ACTIVE,100458.00,per Annum,1820,97107.44,85.5,4752.67,16.50
2025,996,NYC HOUSING AUTHORITY,2021-01-05T00:00:00.000,MANHATTAN,ELEVATOR MECHANIC,ACTIVE,516.80,per Day,2080,126651.20,296.25,30315.65,5007.39
2025,996,NYC HOUSING AUTHORITY,2022-01-19T00:00:00.000,BRONX,PLUMBER'S HELPER,ACTIVE,304.36,per Day,1702,74957.82,360.75,31200.01,451.22
2025,996,NYC HOUSING AUTHORITY,2021-01-20T00:00:00.000,BROOKLYN,MAINTENANCE WORKER,ACTIVE,280.48,per Day,2080,78624.29,575.5,31840.90,2631.45
2025,996,NYC HOUSING AUTHORITY,2024-09-23T00:00:00.000,MANHATTAN,CARETAKER,ON LEAVE,37086.00,per Annum,1400,20796.95,90.25,2588.31,0.00
2025,996,NYC HOUSING AUTHORITY,2024-10-07T00:00:00.000,MANHATTAN,AGENCY ATTORNEY,ACTIVE,110478.00,per Annum,1295,76545.39,0,0.00,684.78
2025,996,NYC HOUSING AUTHORITY,2024-10-21T00:00:00.000,MANHATTAN,SENIOR IT ARCHITECT,ACTIVE,160038.00,per Annum,1225,104413.83,0,0.00,0.00
2025,996,NYC HOUSING AUTHORITY,2024-11-12T00:00:00.000,MANHATTAN,AGENCY ATTORNEY INTERNE,CEASED,80763.00,per Annum,270,5974.24,0,0.00,5885.74
2025,996,NYC HOUSING AUTHORITY,2024-12-09T00:00:00.000,MANHATTAN,MAINTENANCE WORKER,ACTIVE,269.92,per Day,1120,37386.72,19.75,999.55,67.20
2025,996,NYC HOUSING AUTHORITY,2024-11-25T00:00:00.000,MANHATTAN,ELEVATOR MECHANIC,ACTIVE,516.80,per Day,1120,70936.84,2,182.68,3057.00
2025,996,NYC HOUSING AUTHORITY,2024-12-30T00:00:00.000,BROOKLYN,MAINTENANCE WORKER,ACTIVE,269.92,per Day,1000,33717.60,177.75,8996.01,564.38
2025,996,NYC HOUSING AUTHORITY,2025-02-10T00:00:00.000,BROOKLYN,ASSOCIATE REAL PROPERTY MANAGER,CEASED,80000.00,per Annum,266,8591.69,0,0.00,306.85
2025,996,NYC HOUSING AUTHORITY,2025-02-24T00:00:00.000,MANHATTAN,HOUSING ASSISTANT,ACTIVE,49727.00,per Annum,595,15830.93,0,0.00,0.00
2025,996,NYC HOUSING AUTHORITY,2025-03-24T00:00:00.000,QUEENS,COMMUNITY SERVICE AIDE,ACTIVE,44398.00,Prorated Annual,520,10823.99,0,0.00,0.00
2025,996,NYC HOUSING AUTHORITY,2025-03-24T00:00:00.000,BROOKLYN,CARETAKER,ACTIVE,37086.00,per Annum,520,9210.56,22,610.54,0.00
2025,996,NYC HOUSING AUTHORITY,2025-04-28T00:00:00.000,MANHATTAN,MAINTENANCE WORKER,ACTIVE,269.92,per Day,320,10189.48,0,0.00,15.20
2025,996,NYC HOUSING AUTHORITY,2025-04-28T00:00:00.000,MANHATTAN,ASSOC INSPECTOR,CEASED,95000.00,per Annum,80,3643.84,0,0.00,0.00
2025,996,NYC HOUSING AUTHORITY,2025-05-05T00:00:00.000,BROOKLYN,CARPENTER,ACTIVE,398.86,per Day,245,13960.10,58.5,4829.05,0.00
2025,996,NYC HOUSING AUTHORITY,2025-06-09T00:00:00.000,MANHATTAN,CARETAKER,ACTIVE,37086.00,per Annum,80,1422.48,0,0.00,0.00
2025,996,NYC HOUSING AUTHORITY,1989-02-27T00:00:00.000,QUEENS,PRINCIPAL ADMINISTRATIVE ASSOCIATE -  NON SUPVR,ON SEPARATION LEAVE,94870.00,per Annum,1820,93281.25,0,0.00,4708.69
2025,56,POLICE DEPARTMENT,2006-07-10T00:00:00.000,BROOKLYN,CAPTAIN,ACTIVE,194689.00,per Annum,2080,185267.27,0,0.00,23406.40
2025,56,POLICE DEPARTMENT,2006-07-10T00:00:00.000,QUEENS,POLICE OFFICER,ACTIVE,109352.00,per Annum,2080,108510.46,449.58,41579.99,23128.02
2025,56,POLICE DEPARTMENT,2013-01-09T00:00:00.000,MANHATTAN,SERGEANT-,ACTIVE,96477.00,per Annum,2080,96099.87,467,36743.11,16516.04
2025,56,POLICE DEPARTMENT,2018-08-24T00:00:00.000,BROOKLYN,POLICE COMMUNICATIONS TECHNICIAN,ACTIVE,61883.00,per Annum,1820,41190.38,90.08,3536.37,8475.97
2025,56,POLICE DEPARTMENT,2008-02-25T00:00:00.000,QUEENS,SCHOOL SAFETY AGENT,ACTIVE,56508.00,per Annum,320,8642.72,46,1885.08,82.24
2025,56,POLICE DEPARTMENT,2008-03-10T00:00:00.000,BROOKLYN,SUPERVISING POLICE COMMUNICATIONS TECHNICIAN,ACTIVE,79731.00,per Annum,1820,77243.68,162.5,8756.16,16520.24
2025,56,POLICE DEPARTMENT,2016-01-06T00:00:00.000,BRONX,POLICE OFFICER,ACTIVE,109352.00,per Annum,2080,108510.46,501.87,44889.45,24905.08
2025,56,POLICE DEPARTMENT,2008-07-08T00:00:00.000,QUEENS,POLICE OFFICER,ACTIVE,109352.00,per Annum,2157.75,113389.25,290.83,27241.97,28349.52
2025,56,POLICE DEPARTMENT,2008-07-08T00:00:00.000,MANHATTAN,LIEUTENANT,ACTIVE,154751.00,per Annum,2080,150396.27,372.67,45451.84,23786.29
2025,56,POLICE DEPARTMENT,2008-07-08T00:00:00.000,MANHATTAN,POLICE OFFICER,ACTIVE,109352.00,per Annum,2080,108510.46,624.72,55231.61,19814.36
2025,56,POLICE DEPARTMENT,2017-01-03T00:00:00.000,MANHATTAN,CARPENTER,CEASED,375.97,per Day,0,182.91,0,1.00,0.00
2025,56,POLICE DEPARTMENT,2017-01-04T00:00:00.000,MANHATTAN,P.O. DA DET GR3,ACTIVE,119429.00,per Annum,2080,115215.25,502.15,44225.63,12394.28
2025,56,POLICE DEPARTMENT,2013-07-09T00:00:00.000,MANHATTAN,P.O. DA DET GR3,ACTIVE,119980.00,per Annum,2080,115752.99,503.28,46304.10,17048.56
2025,56,POLICE DEPARTMENT,2012-03-16T00:00:00.000,RICHMOND,SCHOOL CROSSING GUARD,ACTIVE,19.14,per Hour,870.5,17377.58,0,0.00,1062.57
2025,56,POLICE DEPARTMENT,2022-08-31T00:00:00.000,MANHATTAN,SCHOOL SAFETY AGENT,ACTIVE,41797.00,per Annum,2080,39606.53,915,26145.90,1763.92
2025,56,POLICE DEPARTMENT,2013-02-26T00:00:00.000,MANHATTAN,TRAFFIC ENFORCEMENT AGENT,ACTIVE,49830.00,per Annum,2080,48188.01,626.5,23055.50,5201.81
2025,56,POLICE DEPARTMENT,2014-07-28T00:00:00.000,MANHATTAN,ADMINISTRATIVE STAFF ANALYST,ACTIVE,108634.00,per Annum,1820,107613.63,1.25,75.24,2576.66
2025,56,POLICE DEPARTMENT,2015-05-29T00:00:00.000,BROOKLYN,SCHOOL CROSSING GUARD,ACTIVE,19.14,per Hour,889,17753.33,0,0.00,969.87
2025,56,POLICE DEPARTMENT,2016-01-06T00:00:00.000,BROOKLYN,POLICE OFFICER,ACTIVE,109352.00,per Annum,2080,108510.46,17.83,1497.09,20516.22
2025,56,POLICE DEPARTMENT,2016-02-25T00:00:00.000,MANHATTAN,SENIOR POLICE ADMINISTRATIVE AIDE,ACTIVE,58707.00,per Annum,1820,56893.04,55.25,1907.04,1582.75
2025,56,POLICE DEPARTMENT,2016-06-30T00:00:00.000,MANHATTAN,SCHOOL SAFETY AGENT,ACTIVE,56508.00,per Annum,2080,54458.39,93.75,3662.63,1605.10
2025,56,POLICE DEPARTMENT,2020-12-29T00:00:00.000,BROOKLYN,POLICE OFFICER,ACTIVE,60363.00,per Annum,2080,59854.07,445.7,20886.56,10180.52
2025,56,POLICE DEPARTMENT,2017-04-12T00:00:00.000,BROOKLYN,POLICE OFFICER,ACTIVE,109352.00,per Annum,2080,108510.46,278.28,25070.91,25155.53
2025,56,POLICE DEPARTMENT,2022-03-18T00:00:00.000,MANHATTAN,POLICE ADMINISTRATIVE AIDE,CEASED,39763.00,per Annum,0,1434.08,0,0.00,0.00
2025,56,POLICE DEPARTMENT,2019-07-01T00:00:00.000,MANHATTAN,POLICE OFFICER,ACTIVE,109352.00,per Annum,2156.58,88592.93,356.08,23802.00,19319.79
2025,56,POLICE DEPARTMENT,2021-12-29T00:00:00.000,MANHATTAN,POLICE OFFICER,ACTIVE,109352.00,per Annum,2080,108510.46,493.43,41047.67,15036.21
2025,56,POLICE DEPARTMENT,2020-01-06T00:00:00.000,MANHATTAN,POLICE OFFICER,ACTIVE,65387.00,per Annum,2080,64619.57,190,9526.67,13876.82
2025,56,POLICE DEPARTMENT,2019-01-03T00:00:00.000,MANHATTAN,POLICE OFFICER,ACTIVE,109352.00,per Annum,2080,106546.28,386.68,32901.47,21036.21
2025,56,POLICE DEPARTMENT,2020-02-03T00:00:00.000,RICHMOND,SENIOR POLICE ADMINISTRATIVE AIDE,ACTIVE,58707.00,per Annum,1820,50888.87,0,0.00,1087.25
2025,56,POLICE DEPARTMENT,2020-11-02T00:00:00.000,MANHATTAN,POLICE OFFICER,ACTIVE,65387.00,per Annum,2080,60504.03,440.93,19568.21,6669.60
2025,56,POLICE DEPARTMENT,2020-11-02T00:00:00.000,MANHATTAN,POLICE OFFICER,ACTIVE,65387.00,per Annum,2080,60504.03,412.95,19543.27,10173.27
2025,56,POLICE DEPARTMENT,2024-01-03T00:00:00.000,MANHATTAN,POLICE OFFICER,ACTIVE,55942.00,per Annum,1926.17,57044.18,446.68,19000.44,7363.43
2025,56,POLICE DEPARTMENT,2022-06-22T00:00:00.000,MANHATTAN,TRAFFIC ENFORCEMENT AGENT,ON LEAVE,48128.00,per Annum,32,1402.51,0,50.45,15.89
2025,56,POLICE DEPARTMENT,2023-01-31T00:00:00.000,BROOKLYN,POLICE COMMUNICATIONS TECHNICIAN,ACTIVE,57805.00,per Annum,1820,49498.74,245.53,8424.17,7708.07
2025,56,POLICE DEPARTMENT,2023-10-25T00:00:00.000,MANHATTAN,POLICE OFFICER,ACTIVE,57976.00,per Annum,2080,55795.69,278.33,11996.12,9739.97
2025,56,POLICE DEPARTMENT,2024-04-24T00:00:00.000,QUEENS,POLICE OFFICER,ACTIVE,55942.00,per Annum,2080,55511.48,64.03,2786.52,6533.89
2025,56,POLICE DEPARTMENT,2024-06-04T00:00:00.000,MANHATTAN,SUMMER COLLEGE INTERN,CEASED,16.00,per Hour,197,3152.00,0,0.00,224.00
2025,56,POLICE DEPARTMENT,2024-06-04T00:00:00.000,MANHATTAN,CYBER SECURITY ANALYST,ACTIVE,61093.00,per Annum,1290.25,27691.74,2.25,75.24,237.02
2025,56,POLICE DEPARTMENT,2024-10-30T00:00:00.000,MANHATTAN,POLICE OFFICER,ACTIVE,55942.00,per Annum,1281.15,34975.42,25.92,1133.09,2463.51
2025,56,POLICE DEPARTMENT,2024-10-30T00:00:00.000,BROOKLYN,POLICE OFFICER,ACTIVE,55942.00,per Annum,1281.15,34975.42,39.42,1709.97,2510.55
2025,56,POLICE DEPARTMENT,2025-04-30T00:00:00.000,QUEENS,POLICE OFFICER,ACTIVE,55942.00,per Annum,241.15,7081.06,0,0.00,0.00
2025,56,POLICE DEPARTMENT,1999-03-23T00:00:00.000,QUEENS,SCHOOL CROSSING GUARD,ACTIVE,19.16,per Hour,1058.5,21187.18,0,0.00,1477.58
2025,56,POLICE DEPARTMENT,2016-11-14T00:00:00.000,BROOKLYN,SCHOOL CROSSING GUARD,ACTIVE,19.14,per Hour,907,18061.45,0,0.00,969.87
2025,56,POLICE DEPARTMENT,2023-01-31T00:00:00.000,MANHATTAN,POLICE COMMUNICATIONS TECHNICIAN,CEASED,45735.00,per Annum,980,24480.01,46,1003.67,6153.70
2025,56,POLICE DEPARTMENT,2000-09-29T00:00:00.000,MANHATTAN,SERGEANT-,ACTIVE,118056.00,per Annum,2080,117719.41,112.88,10625.83,26441.30
2025,56,POLICE DEPARTMENT,1993-08-30T00:00:00.000,MANHATTAN,SERGEANT-,ACTIVE,118056.00,per Annum,2080,117719.41,577.08,55563.67,21751.33
2025,56,POLICE DEPARTMENT,1998-12-20T00:00:00.000,MANHATTAN,SCHOOL SAFETY AGENT,ACTIVE,56508.00,per Annum,2080,54458.39,663.25,26252.77,2140.62
2025,56,POLICE DEPARTMENT,1998-12-20T00:00:00.000,RICHMOND,SCHOOL SAFETY AGENT,ACTIVE,56508.00,per Annum,2080,54458.39,466.75,18524.34,2053.81
2025,56,POLICE DEPARTMENT,1998-12-20T00:00:00.000,MANHATTAN,SCHOOL SAFETY AGENT,ACTIVE,56508.00,per Annum,2080,54458.39,192,7644.64,2034.49
2025,56,POLICE DEPARTMENT,2004-01-20T00:00:00.000,QUEENS,POLICE OFFICER,ACTIVE,109352.00,per Annum,2080,108510.46,594.75,56576.60,25206.71
2025,56,POLICE DEPARTMENT,2004-01-20T00:00:00.000,MANHATTAN,POLICE OFFICER,ACTIVE,109352.00,per Annum,2080,108510.46,446.95,39797.17,21756.25
2025,56,POLICE DEPARTMENT,2004-01-20T00:00:00.000,MANHATTAN,SERGEANT-,CEASED,118056.00,per Annum,1496,84663.36,342.17,34401.68,42666.03
2025,56,POLICE DEPARTMENT,2004-01-20T00:00:00.000,MANHATTAN,POLICE OFFICER,CEASED,109352.00,per Annum,1370.92,75891.27,962.33,64899.14,43978.61
2025,56,POLICE DEPARTMENT,2004-01-20T00:00:00.000,MANHATTAN,POLICE OFFICER D/A DETECTIVE 1ST GR,ACTIVE,154751.00,per Annum,2080,149298.86,694.18,82390.07,23106.98
2025,56,POLICE DEPARTMENT,2004-07-01T00:00:00.000,MANHATTAN,P.O. DA DET GR3,CEASED,115923.00,per Annum,85.72,4911.61,28.37,2684.42,30220.29
2025,56,POLICE DEPARTMENT,2020-11-30T00:00:00.000,MANHATTAN,AGENCY ATTORNEY,ACTIVE,111880.00,per Annum,1820,109117.44,174,11242.44,5371.30
2025,56,POLICE DEPARTMENT,2015-01-07T00:00:00.000,BRONX,P.O. DET SPEC,ACTIVE,119248.00,per Annum,2080,110229.26,566.92,52469.69,15811.75
2025,56,POLICE DEPARTMENT,2011-07-06T00:00:00.000,QUEENS,P.O. DET SPEC,ACTIVE,119980.00,per Annum,2080,115330.38,329.92,28508.57,10544.88
2025,56,POLICE DEPARTMENT,2008-07-08T00:00:00.000,MANHATTAN,POLICE OFFICER,ACTIVE,109352.00,per Annum,2080,108510.46,0,0.00,27536.16
2025,56,POLICE DEPARTMENT,2011-01-24T00:00:00.000,MANHATTAN,ASSOCIATE TRAFFIC ENFORCEMENT AGENT,CEASED,52911.00,per Annum,0,467.81,0,54.65,7.90
2025,56,POLICE DEPARTMENT,2014-06-24T00:00:00.000,MANHATTAN,SCHOOL SAFETY AGENT,ACTIVE,56508.00,per Annum,2080,54458.39,440,17327.00,1605.10
2025,56,POLICE DEPARTMENT,2005-01-11T00:00:00.000,BROOKLYN,SCHOOL SAFETY AGENT,ACTIVE,56508.00,per Annum,2080,54458.39,659.75,26127.19,2034.49
2025,56,POLICE DEPARTMENT,2003-09-08T00:00:00.000,MANHATTAN,SCHOOL SAFETY AGENT,ACTIVE,56508.00,per Annum,1760,33108.23,50.5,2011.41,1967.47
2025,56,POLICE DEPARTMENT,2003-07-01T00:00:00.000,BRONX,CAPTAIN D/A DEPUTY INSPECTOR,ACTIVE,204936.00,per Annum,2080,202491.66,0,0.00,37399.96
2025,56,POLICE DEPARTMENT,1999-10-27T00:00:00.000,BROOKLYN,PRINCIPAL ADMINISTRATIVE ASSOCIATE -  NON SUPVR,ACTIVE,71691.00,per Annum,1820,70442.73,247.5,12246.45,3805.59
2025,56,POLICE DEPARTMENT,1999-07-07T00:00:00.000,MANHATTAN,CAPTAIN D/A DEPUTY CHIEF,ACTIVE,227306.00,per Annum,2080,224594.74,0,0.00,41831.02
2025,56,POLICE DEPARTMENT,2022-07-05T00:00:00.000,MANHATTAN,CERTIFIED IT ADMINISTRATOR,ACTIVE,116144.00,per Annum,1820,112555.51,119.75,7939.28,5632.61
2025,56,POLICE DEPARTMENT,1999-05-24T00:00:00.000,MANHATTAN,RADIO REPAIR MECHANIC,ACTIVE,474.64,per Day,2080,140891.58,267.5,28117.56,34639.40
2025,56,POLICE DEPARTMENT,1999-04-26T00:00:00.000,MANHATTAN,SENIOR POLICE ADMINISTRATIVE AIDE,ACTIVE,66452.00,per Annum,1820,64376.26,51.25,2252.82,5721.27
2025,56,POLICE DEPARTMENT,2025-04-30T00:00:00.000,QUEENS,POLICE OFFICER,ACTIVE,55942.00,per Annum,241.15,7081.06,0,0.00,0.00
2025,56,POLICE DEPARTMENT,2025-04-30T00:00:00.000,QUEENS,POLICE OFFICER,ACTIVE,55942.00,per Annum,241.15,7081.06,0,0.00,0.00
2025,56,POLICE DEPARTMENT,2025-04-04T00:00:00.000,QUEENS,SCHOOL SAFETY AGENT,ACTIVE,39206.00,per Annum,396.57,7175.86,0,0.00,0.00
2025,56,POLICE DEPARTMENT,2023-07-05T00:00:00.000,MANHATTAN,POLICE OFFICER,ACTIVE,57976.00,per Annum,2080,56408.71,371.73,16138.16,9379.95
2025,56,POLICE DEPARTMENT,2023-05-31T00:00:00.000,BRONX,TRAFFIC ENFORCEMENT AGENT,ACTIVE,48128.00,per Annum,2080,42802.44,546.25,18324.89,2183.50
2025,56,POLICE DEPARTMENT,2023-01-17T00:00:00.000,BROOKLYN,POLICE OFFICER,ACTIVE,57976.00,per Annum,2080,57188.91,318.63,13990.52,8864.35
2025,56,POLICE DEPARTMENT,2023-01-17T00:00:00.000,MANHATTAN,POLICE OFFICER,CEASED,53790.00,per Annum,0,0.00,0,0.52,37.98
2025,56,POLICE DEPARTMENT,2022-03-18T00:00:00.000,MANHATTAN,POLICE ADMINISTRATIVE AIDE,ACTIVE,48631.00,per Annum,1820,48562.59,0,0.00,8.25
2025,56,POLICE DEPARTMENT,2021-07-28T00:00:00.000,MANHATTAN,TRAFFIC ENFORCEMENT AGENT,ACTIVE,48769.00,per Annum,2080,47395.28,649,22244.50,1770.67
2025,56,POLICE DEPARTMENT,2021-04-28T00:00:00.000,BRONX,POLICE OFFICER,ACTIVE,60363.00,per Annum,2080,59428.34,367.15,16625.75,9533.28
2025,56,POLICE DEPARTMENT,2023-09-08T00:00:00.000,BROOKLYN,SCHOOL CROSSING GUARD,ACTIVE,19.14,per Hour,1090,21453.60,0,0.00,969.87
2025,56,POLICE DEPARTMENT,2020-01-06T00:00:00.000,BROOKLYN,CRIME ANALYST,ACTIVE,78647.00,per Annum,1820,76216.79,0,0.00,0.00
2025,56,POLICE DEPARTMENT,2018-04-25T00:00:00.000,MANHATTAN,SERGEANT-,ACTIVE,118056.00,per Annum,2080,117719.41,362.27,31774.06,14488.75
2025,56,POLICE DEPARTMENT,2022-10-17T00:00:00.000,MANHATTAN,MAINTENANCE WORKER,ACTIVE,280.48,per Day,2080,70875.32,0,0.00,1035.00
2025,56,POLICE DEPARTMENT,2017-07-05T00:00:00.000,QUEENS,POLICE OFFICER,ACTIVE,109352.00,per Annum,2080,108510.46,100.22,9037.02,23963.12
2025,56,POLICE DEPARTMENT,2016-07-13T00:00:00.000,BRONX,POLICE OFFICER,ACTIVE,109352.00,per Annum,2080,108510.46,162.95,14528.23,24905.08
2025,56,POLICE DEPARTMENT,2016-07-13T00:00:00.000,BRONX,POLICE OFFICER,ACTIVE,109352.00,per Annum,2080,108510.46,470.92,41551.52,22065.23
2025,56,POLICE DEPARTMENT,2016-07-13T00:00:00.000,MANHATTAN,P.O. DA DET GR3,ACTIVE,119429.00,per Annum,2080,115143.74,780.55,70928.36,14493.33
2025,56,POLICE DEPARTMENT,2015-07-08T00:00:00.000,MANHATTAN,SERGEANT-,ON LEAVE,118056.00,per Annum,2080,76589.31,73.2,5354.18,14139.07
2025,56,POLICE DEPARTMENT,2010-09-29T00:00:00.000,BRONX,SCHOOL SAFETY AGENT,ACTIVE,56508.00,per Annum,2080,54458.39,433.25,17002.85,1500.00
2025,56,POLICE DEPARTMENT,2012-01-09T00:00:00.000,QUEENS,POLICE OFFICER,ACTIVE,109352.00,per Annum,2080,108510.46,75.9,7130.10,27426.15
2025,56,POLICE DEPARTMENT,2014-12-15T00:00:00.000,QUEENS,AUTO MECHANIC,ACTIVE,403.44,per Day,2080,102367.49,268,19995.12,3126.87
2025,56,POLICE DEPARTMENT,2015-10-07T00:00:00.000,MANHATTAN,POLICE OFFICER,CEASED,105146.00,per Annum,177.15,8918.68,14.58,1207.26,14251.60
2025,56,POLICE DEPARTMENT,2017-07-05T00:00:00.000,MANHATTAN,POLICE OFFICER,ACTIVE,109352.00,per Annum,2080,108510.46,308.58,27986.54,26418.39
2025,56,POLICE DEPARTMENT,2017-01-04T00:00:00.000,QUEENS,POLICE OFFICER,ACTIVE,109352.00,per Annum,2080,108510.46,715.45,66303.11,25820.22
2025,56,POLICE DEPARTMENT,2018-01-10T00:00:00.000,BRONX,POLICE OFFICER,ACTIVE,109352.00,per Annum,2080,108510.46,475.58,44403.63,25820.22
2025,56,POLICE DEPARTMENT,2022-12-14T00:00:00.000,QUEENS,SCHOOL SAFETY AGENT,ACTIVE,40502.00,per Annum,2080,38982.71,21.25,582.16,1792.18
2025,56,POLICE DEPARTMENT,2018-07-02T00:00:00.000,BROOKLYN,POLICE OFFICER,ACTIVE,109352.00,per Annum,2080,108510.46,520.83,48417.21,25963.25
2025,56,POLICE DEPARTMENT,2021-07-07T00:00:00.000,QUEENS,POLICE OFFICER,ACTIVE,60363.00,per Annum,2080,59175.89,164.67,7473.20,7377.67
2025,56,POLICE DEPARTMENT,2022-04-13T00:00:00.000,MANHATTAN,POLICE OFFICER,ACTIVE,59065.00,per Annum,2080,58260.89,612.08,27527.66,9526.41
2025,56,POLICE DEPARTMENT,2022-09-29T00:00:00.000,BRONX,POLICE ADMINISTRATIVE AIDE,ACTIVE,48631.00,per Annum,1820,45317.68,0,0.00,16.65
2025,56,POLICE DEPARTMENT,2006-01-09T00:00:00.000,MANHATTAN,P.O. DET SPEC,ACTIVE,119429.00,per Annum,2080,115172.35,467.17,43750.18,18612.20
2025,56,POLICE DEPARTMENT,2022-10-19T00:00:00.000,MANHATTAN,POLICE OFFICER,ACTIVE,59065.00,per Annum,2080,57699.98,478.58,20164.02,6310.20
2025,56,POLICE DEPARTMENT,2023-03-24T00:00:00.000,BROOKLYN,SCHOOL CROSSING GUARD,SEASONAL,19.14,per Hour,850,16707.36,0,0.00,1062.57
2025,56,POLICE DEPARTMENT,2007-01-11T00:00:00.000,MANHATTAN,LIEUTENANT,ACTIVE,141684.00,per Annum,2080,131734.34,151.23,15680.15,17641.48
2025,56,POLICE DEPARTMENT,2014-09-15T00:00:00.000,MANHATTAN,SENIOR POLICE ADMINISTRATIVE AIDE,ACTIVE,58707.00,per Annum,1820,56893.04,62,2087.87,2264.34
2025,56,POLICE DEPARTMENT,2004-07-01T00:00:00.000,MANHATTAN,POLICE OFFICER,CEASED,105146.00,per Annum,85.72,4309.28,0,0.00,4250.23
2025,56,POLICE DEPARTMENT,2025-02-24T00:00:00.000,RICHMOND,POLICE ADMINISTRATIVE AIDE,ACTIVE,42288.00,per Annum,560,12632.69,0,0.00,0.00
2025,56,POLICE DEPARTMENT,2024-07-30T00:00:00.000,MANHATTAN,POLICE CADET,ACTIVE,19.51,per Hour,932,17614.80,0,0.00,0.00
2025,56,POLICE DEPARTMENT,1996-05-28T00:00:00.000,MANHATTAN,PRINCIPAL ADMINISTRATIVE ASSOCIATE -  NON SUPVR,CEASED,76053.00,per Annum,63,2617.29,0,0.00,63.27
2025,56,POLICE DEPARTMENT,2005-07-11T00:00:00.000,MANHATTAN,P.O. DA DET GR3,CEASED,115923.00,per Annum,1560,82405.06,594.18,57823.06,47187.94
2025,56,POLICE DEPARTMENT,1997-04-15T00:00:00.000,BRONX,POLICE OFFICER D/A DETECTIVE 2ND GR,ACTIVE,134819.00,per Annum,2080,130068.92,493,51417.53,25023.19
2025,56,POLICE DEPARTMENT,1997-04-14T00:00:00.000,MANHATTAN,POLICE OFFICER D/A DETECTIVE 2ND GR,CEASED,130260.00,per Annum,1112,70167.18,767.53,85142.84,48049.53
2025,56,POLICE DEPARTMENT,1995-06-30T00:00:00.000,MANHATTAN,SERGEANT-,CEASED,118056.00,per Annum,0,0.00,0,0.00,-139.13
2025,56,POLICE DEPARTMENT,2017-05-01T00:00:00.000,MANHATTAN,ASSOCIATE INVESTIGATOR,ACTIVE,38.00,per Hour,898.5,33126.52,0,0.00,0.00
2025,56,POLICE DEPARTMENT,1995-04-30T00:00:00.000,MANHATTAN,CAPTAIN,CEASED,188105.00,per Annum,560,50483.80,0,0.00,14166.26
2025,56,POLICE DEPARTMENT,1989-03-16T00:00:00.000,BRONX,SCHOOL CROSSING GUARD,ACTIVE,19.17,per Hour,716,14584.65,0,0.00,1325.20
2025,56,POLICE DEPARTMENT,1988-11-02T00:00:00.000,MANHATTAN,POLICE ADMINISTRATIVE AIDE,ACTIVE,49026.00,per Annum,1820,47489.30,0,0.00,5696.52
2025,56,POLICE DEPARTMENT,1988-11-02T00:00:00.000,MANHATTAN,ADM MANAGER-NON-MGRL,ACTIVE,116241.00,per Annum,1820,114225.74,0,0.00,4897.72
2025,56,POLICE DEPARTMENT,1985-01-23T00:00:00.000,MANHATTAN,CAPTAIN DETAILED AS ASSISTANT CHIEF,ACTIVE,285448.00,per Annum,2080,275674.52,0,0.00,4062.20
2025,56,POLICE DEPARTMENT,2006-01-09T00:00:00.000,BRONX,POLICE OFFICER,ACTIVE,109352.00,per Annum,2080,108510.46,659.77,58072.20,20628.88
2025,56,POLICE DEPARTMENT,2007-07-09T00:00:00.000,MANHATTAN,SERGEANT-,ACTIVE,118056.00,per Annum,2080,117719.41,535.95,52469.84,15918.58
2025,56,POLICE DEPARTMENT,2007-07-09T00:00:00.000,QUEENS,P.O. DA DET GR3,ACTIVE,119980.00,per Annum,2080,115752.99,190.37,17770.47,19881.95
2025,56,POLICE DEPARTMENT,2025-03-21T00:00:00.000,MANHATTAN,SCHOOL CROSSING GUARD,ACTIVE,19.14,per Hour,230,4288.20,0,0.00,0.00
2025,56,POLICE DEPARTMENT,2009-06-12T00:00:00.000,QUEENS,SCHOOL CROSSING GUARD,ACTIVE,19.14,per Hour,886,17769.59,0,0.00,1473.78
2025,56,POLICE DEPARTMENT,1998-03-03T00:00:00.000,QUEENS,TRAFFIC ENFORCEMENT AGENT,ACTIVE,56590.00,per Annum,2080,55760.59,113.5,5192.64,10743.46
2025,56,POLICE DEPARTMENT,2000-04-27T00:00:00.000,QUEENS,SCHOOL CROSSING GUARD,SEASONAL,19.17,per Hour,1025,20507.57,0,0.00,1462.20
2025,56,POLICE DEPARTMENT,2000-09-29T00:00:00.000,MANHATTAN,P.O. DET SPEC,CEASED,115923.00,per Annum,1744,97077.91,0,0.00,26086.55
2025,56,POLICE DEPARTMENT,2008-01-07T00:00:00.000,MANHATTAN,POLICE OFFICER,ACTIVE,109352.00,per Annum,2080,108510.46,236.25,20266.27,22267.87
2025,56,POLICE DEPARTMENT,2004-07-01T00:00:00.000,MANHATTAN,CAPTAIN D/A DEPUTY INSPECTOR,ACTIVE,204936.00,per Annum,2080,202491.66,0,0.00,25750.90
2025,56,POLICE DEPARTMENT,2004-07-01T00:00:00.000,MANHATTAN,P.O. DA DET GR3,CEASED,115923.00,per Annum,188.57,10627.92,138.67,13357.77,26861.81
2025,56,POLICE DEPARTMENT,2004-07-01T00:00:00.000,QUEENS,P.O. DET SPEC,ACTIVE,119980.00,per Annum,2122.92,118695.49,693.82,68428.33,24703.08
2025,56,POLICE DEPARTMENT,2005-07-11T00:00:00.000,QUEENS,P.O. DET SPEC,ACTIVE,119980.00,per Annum,2080,115752.99,390.5,39505.23,25545.35
2025,56,POLICE DEPARTMENT,2024-10-30T00:00:00.000,BRONX,POLICE OFFICER,ACTIVE,109352.00,per Annum,1281.15,68367.79,24.83,2142.64,3599.69
2025,56,POLICE DEPARTMENT,2007-01-10T00:00:00.000,QUEENS,POLICE OFFICER,ACTIVE,109352.00,per Annum,2080,108510.46,642.1,56990.35,22917.92
2025,56,POLICE DEPARTMENT,2007-01-10T00:00:00.000,MANHATTAN,P.O. DET SPEC,ACTIVE,119314.00,per Annum,2080,115070.70,482.33,44899.02,22066.83
2025,56,POLICE DEPARTMENT,2007-01-10T00:00:00.000,MANHATTAN,POLICE OFFICER,ACTIVE,109352.00,per Annum,2080,108510.46,36.15,3270.56,20161.72
2025,56,POLICE DEPARTMENT,2009-05-08T00:00:00.000,BROOKLYN,SCHOOL CROSSING GUARD,SEASONAL,19.14,per Hour,1102.25,22094.91,0,0.00,1533.35
2025,56,POLICE DEPARTMENT,2022-10-19T00:00:00.000,MANHATTAN,POLICE OFFICER,CEASED,53790.00,per Annum,0,0.00,0,0.00,5403.59
2025,56,POLICE DEPARTMENT,2017-08-21T00:00:00.000,MANHATTAN,TRAFFIC ENFORCEMENT AGENT,ACTIVE,49270.00,per Annum,2080,47908.03,52,1836.10,3713.29
2025,56,POLICE DEPARTMENT,2012-07-11T00:00:00.000,MANHATTAN,P.O. DA DET GR3,ACTIVE,119980.00,per Annum,2080,115514.34,189.63,17028.02,16143.41
2025,56,POLICE DEPARTMENT,2012-07-11T00:00:00.000,QUEENS,P.O. DET SPEC,ACTIVE,119314.00,per Annum,2080,115102.55,333.15,28826.41,10872.62
2025,56,POLICE DEPARTMENT,2013-07-09T00:00:00.000,MANHATTAN,POLICE OFFICER,ACTIVE,109352.00,per Annum,2080,108510.46,261.38,22901.84,20947.01
2025,56,POLICE DEPARTMENT,2013-07-09T00:00:00.000,BRONX,POLICE OFFICER,ACTIVE,109352.00,per Annum,2118.85,71654.11,98.33,8994.31,29295.17
2025,56,POLICE DEPARTMENT,2013-07-09T00:00:00.000,MANHATTAN,SERGEANT-,ACTIVE,118056.00,per Annum,2080,117719.41,235.12,21869.72,21854.22
2025,56,POLICE DEPARTMENT,2013-07-09T00:00:00.000,BROOKLYN,POLICE OFFICER,ACTIVE,109352.00,per Annum,2080,108510.46,340.42,31613.48,26761.46
2025,56,POLICE DEPARTMENT,2014-05-28T00:00:00.000,QUEENS,TRAFFIC ENFORCEMENT AGENT,ACTIVE,53985.00,per Annum,2080,52543.43,258.75,10261.17,4320.78
2025,56,POLICE DEPARTMENT,2020-01-06T00:00:00.000,MANHATTAN,POLICE OFFICER,ACTIVE,65387.00,per Annum,2080,64619.57,343.6,16618.04,11827.26
2025,56,POLICE DEPARTMENT,2015-07-08T00:00:00.000,MANHATTAN,POLICE OFFICER,ACTIVE,109352.00,per Annum,2080,108510.46,478.58,41949.05,25963.30
2025,56,POLICE DEPARTMENT,2016-10-11T00:00:00.000,BRONX,POLICE OFFICER,ACTIVE,109352.00,per Annum,2080,108510.46,469.03,40556.69,17005.82
2025,56,POLICE DEPARTMENT,2017-03-06T00:00:00.000,MANHATTAN,SCHOOL SAFETY AGENT,CEASED,54862.00,per Annum,1720,44763.48,107.75,4211.65,1605.10
2025,56,POLICE DEPARTMENT,2018-01-10T00:00:00.000,BROOKLYN,POLICE OFFICER,ACTIVE,109352.00,per Annum,2080,108510.46,605.9,54968.74,20036.85
2025,56,POLICE DEPARTMENT,2020-12-29T00:00:00.000,BROOKLYN,POLICE OFFICER,ACTIVE,60363.00,per Annum,2080,59744.67,311.03,14353.06,9832.14
2025,56,POLICE DEPARTMENT,2019-10-07T00:00:00.000,QUEENS,POLICE OFFICER,ACTIVE,109352.00,per Annum,2080,73194.94,276.45,17066.78,17473.32
2025,56,POLICE DEPARTMENT,2020-01-29T00:00:00.000,BROOKLYN,SCHOOL SAFETY AGENT,CEASED,44388.00,per Annum,2080,42727.97,383,11848.54,1500.00
2025,56,POLICE DEPARTMENT,2020-12-29T00:00:00.000,BRONX,POLICE OFFICER,ACTIVE,60363.00,per Annum,2080,59854.07,371.85,17151.43,8082.23
2025,56,POLICE DEPARTMENT,2020-12-29T00:00:00.000,MANHATTAN,POLICE OFFICER,ACTIVE,60363.00,per Annum,2136,29733.08,18.5,554.25,11561.72
2025,56,POLICE DEPARTMENT,2024-10-25T00:00:00.000,BROOKLYN,POLICE COMMUNICATIONS TECHNICIAN,ACTIVE,45704.00,per Annum,1117,28262.99,123.5,3925.28,5803.21
2025,56,POLICE DEPARTMENT,2025-01-29T00:00:00.000,QUEENS,POLICE OFFICER,ACTIVE,55942.00,per Annum,721.15,21028.24,0,0.00,473.24
2025,56,POLICE DEPARTMENT,2025-01-29T00:00:00.000,QUEENS,POLICE OFFICER,ACTIVE,55942.00,per Annum,721.15,21028.24,0,0.00,473.24
2025,56,POLICE DEPARTMENT,2005-01-10T00:00:00.000,MANHATTAN,POLICE OFFICER,ACTIVE,109352.00,per Annum,2122.92,111114.81,477.7,43743.85,22800.86
2025,56,POLICE DEPARTMENT,2005-01-10T00:00:00.000,BRONX,POLICE OFFICER,ACTIVE,109352.00,per Annum,2144,62413.73,0,0.00,21822.08
2025,56,POLICE DEPARTMENT,2005-01-10T00:00:00.000,BRONX,POLICE OFFICER,ACTIVE,109352.00,per Annum,2080,108510.46,595.9,53480.26,23128.93
2025,56,POLICE DEPARTMENT,2005-01-10T00:00:00.000,MANHATTAN,LIEUTENANT,ACTIVE,154751.00,per Annum,2080,150396.27,333.08,38647.68,17322.11
2025,56,POLICE DEPARTMENT,2005-07-11T00:00:00.000,BROOKLYN,SERGEANT-,ACTIVE,118056.00,per Annum,2080,117719.41,506.92,49386.36,20506.23
2025,56,POLICE DEPARTMENT,2005-07-11T00:00:00.000,MANHATTAN,SERGEANT-D/A SUPERVISOR DETECTIVE SQUAD,ACTIVE,121048.00,per Annum,2080,120515.47,581.42,59188.38,23186.41
2025,56,POLICE DEPARTMENT,2005-07-11T00:00:00.000,MANHATTAN,POLICE OFFICER,ACTIVE,109352.00,per Annum,2164.83,113954.17,783.23,70932.35,24716.11
2025,56,POLICE DEPARTMENT,2005-07-11T00:00:00.000,QUEENS,SERGEANT-,ACTIVE,118056.00,per Annum,2080,117719.41,157.57,15184.12,17575.76
2025,56,POLICE DEPARTMENT,2005-07-11T00:00:00.000,MANHATTAN,P.O. DA DET GR3,ACTIVE,119980.00,per Annum,2080,115752.99,445.58,42645.68,20869.81
2025,56,POLICE DEPARTMENT,2010-07-06T00:00:00.000,MANHATTAN,POLICE OFFICER,ACTIVE,109352.00,per Annum,2080,108510.46,269.33,24257.11,21747.56
2025,56,POLICE DEPARTMENT,2007-03-26T00:00:00.000,QUEENS,ASSOCIATE TRAFFIC ENFORCEMENT AGENT,ACTIVE,57817.00,per Annum,2080,58281.39,611.25,28250.75,7035.22
2025,56,POLICE DEPARTMENT,2018-10-24T00:00:00.000,MANHATTAN,POLICE OFFICER,ACTIVE,109352.00,per Annum,2080,89576.43,526.92,37458.26,15648.33
2025,56,POLICE DEPARTMENT,2008-07-21T00:00:00.000,BRONX,POLICE OFFICER,ACTIVE,109352.00,per Annum,2080,108510.46,527.08,50064.23,17328.02
2025,56,POLICE DEPARTMENT,2018-01-10T00:00:00.000,BROOKLYN,POLICE OFFICER,ACTIVE,109352.00,per Annum,2080,108510.46,306.33,27954.25,25186.71
2025,56,POLICE DEPARTMENT,2010-07-06T00:00:00.000,BROOKLYN,P.O. DA DET GR3,ACTIVE,119980.00,per Annum,2080,115752.99,473.2,42853.78,16549.49
2025,56,POLICE DEPARTMENT,2010-07-06T00:00:00.000,BRONX,SERGEANT-,ACTIVE,97894.00,per Annum,2080,96197.62,290.95,22710.02,14848.58
2025,56,POLICE DEPARTMENT,2010-07-06T00:00:00.000,MANHATTAN,SERGEANT-,ACTIVE,96477.00,per Annum,2080,96183.13,415.72,33423.70,22026.36
2025,56,POLICE DEPARTMENT,2016-10-11T00:00:00.000,BROOKLYN,SERGEANT-,ACTIVE,118056.00,per Annum,2080,116206.95,576.85,53074.20,15982.17
2025,56,POLICE DEPARTMENT,2013-07-09T00:00:00.000,BROOKLYN,LIEUTENANT,ACTIVE,141943.00,per Annum,2080,137603.22,162.92,17751.33,23947.93
2025,56,POLICE DEPARTMENT,2013-07-09T00:00:00.000,MANHATTAN,P.O. DA DET GR3,ACTIVE,119314.00,per Annum,2080,115072.10,439.5,39035.41,15577.87
2025,56,POLICE DEPARTMENT,2015-01-07T00:00:00.000,BROOKLYN,POLICE OFFICER,ACTIVE,109352.00,per Annum,2080,108510.46,542.17,49919.54,26235.02
2025,56,POLICE DEPARTMENT,2015-01-07T00:00:00.000,QUEENS,POLICE OFFICER,ACTIVE,109352.00,per Annum,2080,108510.46,346.5,30273.29,18222.50
2025,56,POLICE DEPARTMENT,2015-07-08T00:00:00.000,BRONX,POLICE OFFICER,ACTIVE,109352.00,per Annum,2080,108510.46,359.67,31694.66,21190.61
2025,56,POLICE DEPARTMENT,2016-01-06T00:00:00.000,QUEENS,POLICE OFFICER,ACTIVE,109352.00,per Annum,2080,95012.26,384.67,35121.33,18771.41
2025,56,POLICE DEPARTMENT,2015-08-07T00:00:00.000,BROOKLYN,SCHOOL CROSSING GUARD,ACTIVE,19.14,per Hour,1255,25287.55,0,0.00,969.87
2025,56,POLICE DEPARTMENT,2022-04-13T00:00:00.000,MANHATTAN,POLICE OFFICER,ACTIVE,59065.00,per Annum,2080,58260.89,429.48,18962.04,5386.82
2025,56,POLICE DEPARTMENT,2016-10-11T00:00:00.000,QUEENS,SERGEANT-,ACTIVE,105606.00,per Annum,2080,105304.78,246.2,20708.23,11451.56
2025,56,POLICE DEPARTMENT,2016-10-11T00:00:00.000,BRONX,P.O. DA DET GR3,ACTIVE,119248.00,per Annum,2080,112703.05,784.28,69093.76,16571.26
2025,56,POLICE DEPARTMENT,2016-10-11T00:00:00.000,QUEENS,POLICE OFFICER,ACTIVE,109352.00,per Annum,2080,108510.46,264.95,24193.37,20808.54
2025,56,POLICE DEPARTMENT,2021-07-07T00:00:00.000,QUEENS,POLICE OFFICER,ACTIVE,109352.00,per Annum,2080,108510.46,339.95,28313.38,7457.89
2025,56,POLICE DEPARTMENT,2017-07-05T00:00:00.000,RICHMOND,SERGEANT-,ACTIVE,118056.00,per Annum,2080,115402.28,179.1,16493.35,18841.85
2025,56,POLICE DEPARTMENT,2018-03-19T00:00:00.000,MANHATTAN,SCHOOL SAFETY AGENT,ON LEAVE,40502.00,per Annum,2000,24969.82,2.25,61.71,1500.00
2025,56,POLICE DEPARTMENT,2018-09-10T00:00:00.000,QUEENS,SCHOOL SAFETY AGENT,ACTIVE,56508.00,per Annum,2080,54458.39,435.25,17176.78,1637.92
2025,56,POLICE DEPARTMENT,2025-04-30T00:00:00.000,QUEENS,POLICE OFFICER,ACTIVE,55942.00,per Annum,2080,54386.75,431.5,16993.90,2559.72
2025,56,POLICE DEPARTMENT,2018-09-10T00:00:00.000,QUEENS,SCHOOL SAFETY AGENT,ACTIVE,56508.00,per Annum,2080,54458.39,89.25,3599.73,3604.14
2025,56,POLICE DEPARTMENT,2021-10-12T00:00:00.000,MANHATTAN,POLICE OFFICER,ACTIVE,60363.00,per Annum,2080,58838.10,369.17,16728.44,9588.08
2025,56,POLICE DEPARTMENT,2019-05-31T00:00:00.000,MANHATTAN,SCHOOL SAFETY AGENT,ACTIVE,56508.00,per Annum,2080,53990.20,567,22173.02,1920.40
2025,56,POLICE DEPARTMENT,2020-11-02T00:00:00.000,MANHATTAN,POLICE OFFICER,ACTIVE,65387.00,per Annum,2080,60504.03,526.17,24313.60,8874.34
2025,56,POLICE DEPARTMENT,2022-04-27T00:00:00.000,QUEENS,SCHOOL SAFETY AGENT,ACTIVE,41797.00,per Annum,2080,40231.30,791.5,23061.78,1733.22
2025,56,POLICE DEPARTMENT,2022-07-13T00:00:00.000,BROOKLYN,POLICE OFFICER,ACTIVE,59065.00,per Annum,2080,57986.40,51.3,2324.10,6250.46
2025,56,POLICE DEPARTMENT,2023-04-26T00:00:00.000,BRONX,POLICE OFFICER,ACTIVE,57976.00,per Annum,2080,56804.38,247.22,10665.97,7366.97
2025,56,POLICE DEPARTMENT,2023-08-09T00:00:00.000,MANHATTAN,POLICE CADET,ACTIVE,19.51,per Hour,1125.75,24106.33,0,0.00,0.00
2025,56,POLICE DEPARTMENT,2024-01-19T00:00:00.000,MANHATTAN,SCHOOL SAFETY AGENT,CEASED,36955.00,per Annum,504,8912.46,26.75,696.92,0.00
2025,56,POLICE DEPARTMENT,2024-07-03T00:00:00.000,QUEENS,POLICE OFFICER,ACTIVE,55942.00,per Annum,1920,53012.23,235.83,9990.06,4797.83
2025,56,POLICE DEPARTMENT,2024-07-03T00:00:00.000,MANHATTAN,POLICE OFFICER,ACTIVE,55942.00,per Annum,1920,53012.23,238.42,10048.86,5044.02
2025,56,POLICE DEPARTMENT,2002-07-01T00:00:00.000,MANHATTAN,POLICE OFFICER,CEASED,109352.00,per Annum,1464,76214.08,451.87,39733.06,42900.07
2025,56,POLICE DEPARTMENT,2013-04-22T00:00:00.000,BROOKLYN,POLICE COMMUNICATIONS TECHNICIAN,ACTIVE,61883.00,per Annum,1820,59971.06,293.42,12876.20,11220.50
2025,56,POLICE DEPARTMENT,2005-07-11T00:00:00.000,BROOKLYN,P.O. DET SPEC,ACTIVE,119980.00,per Annum,2080,115752.99,3.95,365.24,18693.28
2025,56,POLICE DEPARTMENT,2002-09-09T00:00:00.000,BRONX,SENIOR POLICE ADMINISTRATIVE AIDE,ACTIVE,66477.00,per Annum,1820,64400.30,681.25,36308.79,11056.86
2025,56,POLICE DEPARTMENT,2001-05-30T00:00:00.000,BRONX,SCHOOL SAFETY AGENT,ACTIVE,56508.00,per Annum,2083.43,54085.04,19.25,720.50,2035.95
2025,56,POLICE DEPARTMENT,2014-04-29T00:00:00.000,BROOKLYN,POLICE COMMUNICATIONS TECHNICIAN,ACTIVE,61883.00,per Annum,1736,57317.79,141.25,5913.64,13502.54
2025,56,POLICE DEPARTMENT,2001-03-02T00:00:00.000,QUEENS,SCHOOL SAFETY AGENT,ACTIVE,56508.00,per Annum,2080,54458.39,9,360.56,2042.21
2025,56,POLICE DEPARTMENT,1992-06-05T00:00:00.000,QUEENS,POLICE ADMINISTRATIVE AIDE,ACTIVE,48977.00,per Annum,1820,47441.31,0,0.00,5696.52
2025,56,POLICE DEPARTMENT,1997-04-15T00:00:00.000,BROOKLYN,POLICE OFFICER,ACTIVE,109352.00,per Annum,2080,108510.46,0,0.00,21726.63
2025,56,POLICE DEPARTMENT,2006-07-10T00:00:00.000,BRONX,POLICE OFFICER,ACTIVE,109352.00,per Annum,2080,108510.46,0.67,21.06,29028.08
2025,56,POLICE DEPARTMENT,2008-01-07T00:00:00.000,MANHATTAN,SERGEANT-,ACTIVE,118056.00,per Annum,2080,117719.41,606.05,58088.38,20776.91
2025,56,POLICE DEPARTMENT,2011-07-06T00:00:00.000,MANHATTAN,LIEUTENANT,ACTIVE,154751.00,per Annum,2080,150396.27,502,60103.46,20279.73
2025,56,POLICE DEPARTMENT,2012-07-11T00:00:00.000,MANHATTAN,POLICE OFFICER,ACTIVE,109352.00,per Annum,2080,108510.46,7.83,721.85,22332.69
2025,56,POLICE DEPARTMENT,2012-10-24T00:00:00.000,BROOKLYN,SCHOOL SAFETY AGENT,ACTIVE,56508.00,per Annum,2080,54458.39,156.5,6174.71,1500.00
2025,56,POLICE DEPARTMENT,2017-05-01T00:00:00.000,QUEENS,SENIOR POLICE ADMINISTRATIVE AIDE,ACTIVE,58707.00,per Annum,1820,56893.04,158,6084.31,4624.42
2025,56,POLICE DEPARTMENT,2022-01-17T00:00:00.000,MANHATTAN,STAFF ANALYST,CEASED,78049.00,per Annum,840,43937.96,0,0.00,1049.21
2025,56,POLICE DEPARTMENT,2014-03-03T00:00:00.000,QUEENS,PLUMBER,ACTIVE,434.98,per Day,1820,112676.69,553.5,68356.39,994.24
2025,56,POLICE DEPARTMENT,2015-01-07T00:00:00.000,BRONX,POLICE OFFICER,ACTIVE,109352.00,per Annum,2080,108510.46,384.8,35248.22,22113.35
2025,56,POLICE DEPARTMENT,2015-02-05T00:00:00.000,QUEENS,DEPUTY CHIEF SURGEON,ACTIVE,184441.00,per Annum,2080,182241.09,0,0.00,16314.27
2025,56,POLICE DEPARTMENT,2017-10-18T00:00:00.000,MANHATTAN,POLICE OFFICER,ACTIVE,109352.00,per Annum,2080,108510.46,115.27,10666.35,26311.86
2025,56,POLICE DEPARTMENT,2018-08-27T00:00:00.000,BROOKLYN,POLICE ADMINISTRATIVE AIDE,ACTIVE,48631.00,per Annum,1820,47128.38,491,16581.68,2823.06
2025,56,POLICE DEPARTMENT,2022-07-13T00:00:00.000,MANHATTAN,POLICE OFFICER,ACTIVE,109352.00,per Annum,2080,108510.46,345.72,28951.03,12394.52
2025,56,POLICE DEPARTMENT,2022-10-24T00:00:00.000,BROOKLYN,EVIDENCE AND PROPERTY CONTROL SPECIALIST,ACTIVE,65303.00,per Annum,1820,60654.00,0,0.00,0.00
2025,56,POLICE DEPARTMENT,2020-12-29T00:00:00.000,BRONX,POLICE OFFICER,ACTIVE,60363.00,per Annum,2080,59854.07,102.1,4492.00,6267.84
2025,56,POLICE DEPARTMENT,2019-06-14T00:00:00.000,MANHATTAN,TRAFFIC ENFORCEMENT AGENT,ACTIVE,49830.00,per Annum,2080,47954.18,225,7832.37,1953.77
2025,56,POLICE DEPARTMENT,2017-12-11T00:00:00.000,MANHATTAN,SCHOOL CROSSING GUARD,ACTIVE,19.14,per Hour,821,16350.22,0,0.00,969.87
2025,56,POLICE DEPARTMENT,2024-10-30T00:00:00.000,BRONX,POLICE OFFICER,ACTIVE,55942.00,per Annum,1281.15,34975.42,33.17,1450.16,2484.53
2025,56,POLICE DEPARTMENT,2021-02-24T00:00:00.000,MANHATTAN,POLICE OFFICER,ACTIVE,60363.00,per Annum,2080,59659.46,561.1,25966.79,9689.46
2025,56,POLICE DEPARTMENT,2021-07-16T00:00:00.000,QUEENS,POLICE OFFICER,ACTIVE,60363.00,per Annum,2080,59143.89,590.12,26382.30,9615.15
2025,56,POLICE DEPARTMENT,2021-07-07T00:00:00.000,MANHATTAN,POLICE OFFICER,ACTIVE,60363.00,per Annum,2080,59175.89,489.78,22197.09,9614.72
2025,56,POLICE DEPARTMENT,2021-10-12T00:00:00.000,BROOKLYN,POLICE OFFICER,ACTIVE,60363.00,per Annum,2080,58838.10,290.67,13227.39,8877.60
2025,56,POLICE DEPARTMENT,2025-04-30T00:00:00.000,MANHATTAN,POLICE OFFICER,CEASED,55942.00,per Annum,1.15,482.97,0,0.00,0.00
2025,56,POLICE DEPARTMENT,2023-10-25T00:00:00.000,BROOKLYN,POLICE OFFICER,ACTIVE,57976.00,per Annum,2080,55795.69,590.6,25048.97,9088.69
2025,56,POLICE DEPARTMENT,2023-04-19T00:00:00.000,BROOKLYN,SCHOOL SAFETY AGENT,ACTIVE,40502.00,per Annum,2080,38982.71,193.5,5438.68,1613.01
2025,56,POLICE DEPARTMENT,2023-05-10T00:00:00.000,MANHATTAN,POLICE OFFICER,CEASED,55942.00,per Annum,494.28,12980.14,160.83,6839.01,8466.15
2025,56,POLICE DEPARTMENT,2024-01-17T00:00:00.000,MANHATTAN,POLICE OFFICER,CEASED,55942.00,per Annum,365.72,9531.71,73.7,3157.48,2126.23
2025,56,POLICE DEPARTMENT,2025-02-12T00:00:00.000,MANHATTAN,POLICE OFFICER,CEASED,55942.00,per Annum,16,429.10,0,0.00,9.66
2025,56,POLICE DEPARTMENT,2025-01-29T00:00:00.000,QUEENS,POLICE OFFICER,ACTIVE,55942.00,per Annum,721.15,21028.24,0,0.00,473.24
2025,56,POLICE DEPARTMENT,2024-10-30T00:00:00.000,BROOKLYN,POLICE OFFICER,ACTIVE,55942.00,per Annum,1281.15,34975.42,0,0.00,2445.82
2025,56,POLICE DEPARTMENT,2024-10-30T00:00:00.000,BRONX,POLICE OFFICER,ACTIVE,55942.00,per Annum,1281.15,34975.42,33.08,1411.24,2484.53
2025,56,POLICE DEPARTMENT,2024-10-25T00:00:00.000,MANHATTAN,POLICE COMMUNICATIONS TECHNICIAN,CEASED,44265.00,per Annum,172,3225.84,0,0.00,300.55
2025,56,POLICE DEPARTMENT,2003-07-01T00:00:00.000,BRONX,POLICE OFFICER,ACTIVE,109352.00,per Annum,2080,108510.46,686.1,61831.64,22501.00
2025,56,POLICE DEPARTMENT,2001-07-02T00:00:00.000,BROOKLYN,POLICE OFFICER,ACTIVE,109352.00,per Annum,2080,108510.46,67.1,6394.03,30675.33
2025,56,POLICE DEPARTMENT,2001-10-12T00:00:00.000,BROOKLYN,SUPERVISING POLICE COMMUNICATIONS TECHNICIAN,ACTIVE,79862.00,per Annum,1820,75890.15,264,14587.56,14024.26
2025,56,POLICE DEPARTMENT,2004-07-01T00:00:00.000,BRONX,CAPTAIN,ACTIVE,194689.00,per Annum,2080,192366.68,0,0.00,34512.56
2025,56,POLICE DEPARTMENT,2006-07-10T00:00:00.000,BROOKLYN,SERGEANT-,ACTIVE,118056.00,per Annum,2080,117719.41,725.2,72151.45,25841.46
2025,858,TECHNOLOGY & INNOVATION,2024-07-01T00:00:00.000,MANHATTAN,CALL CENTER REPRESENTATIVE,ACTIVE,40769.00,per Annum,1750,37772.07,0,0.00,1058.99
2025,858,TECHNOLOGY & INNOVATION,2025-05-05T00:00:00.000,BROOKLYN,EXECUTIVE AGENCY COUNSEL,ACTIVE,206500.00,per Annum,210,23013.69,0,0.00,0.00
2025,858,TECHNOLOGY & INNOVATION,2022-10-03T00:00:00.000,BROOKLYN,CYBER SECURITY ANALYST,CEASED,79568.00,per Annum,833,36441.62,162.25,8936.59,2294.07
2025,858,TECHNOLOGY & INNOVATION,2025-03-31T00:00:00.000,MANHATTAN,TELECOMMUNICATION MANAGER,ACTIVE,255538.00,per Annum,385,52211.06,0,0.00,500.00
2025,858,TECHNOLOGY & INNOVATION,2021-06-28T00:00:00.000,BROOKLYN,IT INFRASTRUCTURE ENGINEER,ACTIVE,107184.00,per Annum,1820,103872.24,0,0.00,560.67
2025,858,TECHNOLOGY & INNOVATION,2021-07-19T00:00:00.000,BROOKLYN,IT INFRASTRUCTURE ENGINEER,ACTIVE,202426.00,per Annum,1820,196171.63,0,0.00,863.20
2025,858,TECHNOLOGY & INNOVATION,2021-10-18T00:00:00.000,MANHATTAN,CALL CENTER REPRESENTATIVE,ON LEAVE,46885.00,per Annum,1260,30526.04,10,318.64,57.75
2025,858,TECHNOLOGY & INNOVATION,2021-11-01T00:00:00.000,BROOKLYN,TELECOMMUNICATIONS ASSOCIATE,ACTIVE,64718.00,per Annum,1820,62718.54,3,102.92,2522.44
2025,858,TECHNOLOGY & INNOVATION,2021-11-15T00:00:00.000,MANHATTAN,CALL CENTER REPRESENTATIVE,CEASED,45409.00,per Annum,1295,32051.07,38,1142.06,83.00
2025,858,TECHNOLOGY & INNOVATION,2021-11-15T00:00:00.000,MANHATTAN,IT SECURITY SPECIALIST,ACTIVE,152313.00,per Annum,1820,147607.43,0,0.00,257.32
2025,858,TECHNOLOGY & INNOVATION,2021-11-22T00:00:00.000,BROOKLYN,IT SECURITY SPECIALIST,CEASED,134406.00,per Annum,70,5365.84,0,0.00,0.00
2025,858,TECHNOLOGY & INNOVATION,2021-12-13T00:00:00.000,BROOKLYN,IT PROJECT SPECIALIST,ACTIVE,132934.00,per Annum,1820,128827.31,0,0.00,282.07
2025,858,TECHNOLOGY & INNOVATION,2025-06-09T00:00:00.000,MANHATTAN,CALL CENTER REPRESENTATIVE,CEASED,40770.00,per Annum,35,780.77,0,0.00,0.00
2025,858,TECHNOLOGY & INNOVATION,2022-04-25T00:00:00.000,BROOKLYN,CYBER SECURITY ANALYST,ACTIVE,90259.00,per Annum,1820,87470.46,0,0.00,0.00
2025,858,TECHNOLOGY & INNOVATION,2024-07-01T00:00:00.000,MANHATTAN,CYBER SECURITY ANALYST,ACTIVE,96023.00,per Annum,1750,88986.25,0,0.00,0.00
2025,858,TECHNOLOGY & INNOVATION,2024-06-17T00:00:00.000,BROOKLYN,SUMMER COLLEGE INTERN,CEASED,18.50,per Hour,350,6475.00,0,0.00,388.50
2025,858,TECHNOLOGY & INNOVATION,2025-02-03T00:00:00.000,MANHATTAN,CYBER SECURITY ANALYST,ACTIVE,79761.00,per Annum,665,28286.20,0,0.00,0.00
2025,858,TECHNOLOGY & INNOVATION,2022-08-01T00:00:00.000,BROOKLYN,IT PROJECT SPECIALIST,ACTIVE,82154.00,per Annum,1820,79615.68,0,0.00,130.65
2025,858,TECHNOLOGY & INNOVATION,2022-08-08T00:00:00.000,MANHATTAN,COMMUNITY COORDINATOR,ACTIVE,82154.00,per Annum,1820,79615.68,63.5,3108.08,288.37
2025,858,TECHNOLOGY & INNOVATION,2022-10-03T00:00:00.000,BROOKLYN,TELECOMMUNICATIONS ASSOCIATE,ACTIVE,98982.00,per Annum,1820,95923.49,56,3644.36,251.24
2025,858,TECHNOLOGY & INNOVATION,2023-03-27T00:00:00.000,MANHATTAN,CALL CENTER REPRESENTATIVE,CEASED,43734.00,per Annum,490,2255.99,6,145.04,510.93
2025,858,TECHNOLOGY & INNOVATION,2023-04-10T00:00:00.000,BROOKLYN,COMMUNITY COORDINATOR,ACTIVE,72298.00,per Annum,1820,68763.88,0,0.00,0.00
2025,858,TECHNOLOGY & INNOVATION,2023-05-15T00:00:00.000,MANHATTAN,CALL CENTER REPRESENTATIVE,ACTIVE,46885.00,per Annum,1820,43905.56,0,0.00,0.00
2025,858,TECHNOLOGY & INNOVATION,2023-09-25T00:00:00.000,BROOKLYN,COMMUNITY COORDINATOR,ACTIVE,65935.00,per Annum,1820,63898.19,0,0.00,335.19
2025,858,TECHNOLOGY & INNOVATION,2024-07-01T00:00:00.000,MANHATTAN,COLLEGE AIDE,ACTIVE,18.50,per Hour,618.25,11260.13,0,0.00,0.00
2025,858,TECHNOLOGY & INNOVATION,2023-06-20T00:00:00.000,BROOKLYN,IT PROJECT SPECIALIST,ACTIVE,132934.00,per Annum,1820,128827.31,0,0.00,0.00
2025,858,TECHNOLOGY & INNOVATION,2023-07-10T00:00:00.000,MANHATTAN,CALL CENTER REPRESENTATIVE,ACTIVE,45155.00,per Annum,1134,25243.70,0,0.00,84.39
2025,858,TECHNOLOGY & INNOVATION,2023-07-10T00:00:00.000,MANHATTAN,CALL CENTER REPRESENTATIVE,ACTIVE,45155.00,per Annum,1820,42303.16,58,1636.42,984.66
2025,858,TECHNOLOGY & INNOVATION,2023-07-31T00:00:00.000,BROOKLYN,COLLEGE AIDE - ASSIGNMENT LEVELS II AND III,CEASED,18.78,per Hour,63,1197.16,0,0.00,0.00
2025,858,TECHNOLOGY & INNOVATION,2023-08-21T00:00:00.000,BROOKLYN,CITY LABORER,ACTIVE,331.92,per Day,2080,75400.00,119.5,6497.89,0.00
2025,858,TECHNOLOGY & INNOVATION,2023-10-02T00:00:00.000,MANHATTAN,SIGN LANGUAGE INTERPRETER,ACTIVE,142072.00,per Annum,1820,137207.61,0,0.00,124.25
2025,858,TECHNOLOGY & INNOVATION,2023-10-10T00:00:00.000,BROOKLYN,YOUTH APPRENTICE,ACTIVE,16.75,per Hour,714.5,12020.75,0,0.00,0.00
2025,858,TECHNOLOGY & INNOVATION,2023-10-16T00:00:00.000,BROOKLYN,TELECOMMUNICATIONS ASSOCIATE,ACTIVE,76487.00,per Annum,1820,74123.56,0,0.00,0.00
2025,858,TECHNOLOGY & INNOVATION,2023-10-23T00:00:00.000,MANHATTAN,CALL CENTER REPRESENTATIVE,ACTIVE,45155.00,per Annum,1820,42252.26,0,0.00,478.27
2025,858,TECHNOLOGY & INNOVATION,2023-10-30T00:00:00.000,MANHATTAN,CYBER SECURITY ANALYST,ACTIVE,90259.00,per Annum,1820,87470.46,0,0.00,0.00
2025,858,TECHNOLOGY & INNOVATION,2023-11-29T00:00:00.000,MANHATTAN,COLLEGE AIDE,CEASED,17.85,per Hour,522.72,9505.00,0,0.00,0.00
2025,858,TECHNOLOGY & INNOVATION,2024-03-18T00:00:00.000,MANHATTAN,CALL CENTER REPRESENTATIVE,ACTIVE,40769.00,per Annum,1400,30119.97,0,0.00,235.98
2025,858,TECHNOLOGY & INNOVATION,2024-04-15T00:00:00.000,BROOKLYN,CITY RESEARCH SCIENTIST,ACTIVE,130053.00,per Annum,1820,126034.50,0,0.00,0.00
2025,858,TECHNOLOGY & INNOVATION,2025-05-19T00:00:00.000,BROOKLYN,SUMMER COLLEGE INTERN,ACTIVE,19.00,per Hour,434,8078.00,0,0.00,392.00
2025,858,TECHNOLOGY & INNOVATION,2024-06-10T00:00:00.000,BROOKLYN,SUMMER COLLEGE INTERN,CEASED,18.50,per Hour,427,7899.50,0,0.00,388.50
2025,858,TECHNOLOGY & INNOVATION,2024-06-20T00:00:00.000,BROOKLYN,SUMMER COLLEGE INTERN,CEASED,18.50,per Hour,376.25,6960.63,0,0.00,259.00
2025,858,TECHNOLOGY & INNOVATION,2024-07-01T00:00:00.000,MANHATTAN,CALL CENTER REPRESENTATIVE,CEASED,39486.00,per Annum,837.2,16126.49,22,497.08,378.21
2025,858,TECHNOLOGY & INNOVATION,2024-07-08T00:00:00.000,MANHATTAN,IT SECURITY SPECIALIST,ACTIVE,185850.00,per Annum,1715,169471.23,0,0.00,0.00
2025,858,TECHNOLOGY & INNOVATION,2024-07-22T00:00:00.000,MANHATTAN,IT SECURITY SPECIALIST,ACTIVE,160038.00,per Annum,1645,135126.15,0,0.00,16.50
2025,858,TECHNOLOGY & INNOVATION,2024-08-12T00:00:00.000,MANHATTAN,CALL CENTER REPRESENTATIVE,ACTIVE,40769.00,per Annum,1540,33388.88,0,0.00,75.64
2025,858,TECHNOLOGY & INNOVATION,2024-09-09T00:00:00.000,MANHATTAN,ADMINISTRATIVE GRAPHIC ARTIST,ACTIVE,113575.00,per Annum,1400,84579.49,0,0.00,430.00
2025,858,TECHNOLOGY & INNOVATION,2024-09-09T00:00:00.000,MANHATTAN,TELECOMMUNICATIONS MANAGER,ACTIVE,113575.00,per Annum,1400,84579.49,0,0.00,93.25
2025,858,TECHNOLOGY & INNOVATION,2024-09-30T00:00:00.000,MANHATTAN,CALL CENTER REPRESENTATIVE,ACTIVE,40769.00,per Annum,1295,27580.67,0,0.00,758.87
2025,858,TECHNOLOGY & INNOVATION,2024-10-21T00:00:00.000,BROOKLYN,COMMUNITY ASSOCIATE,ACTIVE,66808.00,per Annum,1190,42306.51,0,0.00,0.00
2025,858,TECHNOLOGY & INNOVATION,2024-11-18T00:00:00.000,MANHATTAN,CALL CENTER REPRESENTATIVE,ACTIVE,40769.00,per Annum,1050,22456.49,0,0.00,536.87
2025,858,TECHNOLOGY & INNOVATION,2024-11-18T00:00:00.000,BROOKLYN,TELECOMMUNICATION MANAGER,ACTIVE,204435.00,per Annum,1050,113917.80,0,0.00,168.00
2025,858,TECHNOLOGY & INNOVATION,2024-12-02T00:00:00.000,MANHATTAN,TELECOMMUNICATIONS ASSOCIATE,ACTIVE,103250.00,per Annum,980,53876.75,0,0.00,24.75
2025,858,TECHNOLOGY & INNOVATION,2025-01-06T00:00:00.000,MANHATTAN,CALL CENTER REPRESENTATIVE,ACTIVE,40769.00,per Annum,805,17136.31,0,0.00,0.00
2025,858,TECHNOLOGY & INNOVATION,2025-02-18T00:00:00.000,MANHATTAN,COMMUNITY ASSOCIATE,ACTIVE,52110.00,per Annum,588,15963.74,0,0.00,0.00
2025,858,TECHNOLOGY & INNOVATION,2025-02-18T00:00:00.000,MANHATTAN,COMMUNITY ASSOCIATE,ACTIVE,52110.00,per Annum,588,15825.47,0,0.00,0.00
2025,858,TECHNOLOGY & INNOVATION,2025-03-03T00:00:00.000,MANHATTAN,CALL CENTER REPRESENTATIVE,ACTIVE,40769.00,per Annum,525,11053.43,0,0.00,0.00
2025,858,TECHNOLOGY & INNOVATION,2025-03-03T00:00:00.000,BROOKLYN,TELECOMMUNICATIONS MANAGER,ACTIVE,149713.00,per Annum,525,41970.56,0,0.00,0.00
2025,858,TECHNOLOGY & INNOVATION,2025-04-07T00:00:00.000,MANHATTAN,CYBER SECURITY ANALYST,ACTIVE,79761.00,per Annum,350,14952.65,0,0.00,0.00
2025,858,TECHNOLOGY & INNOVATION,2025-04-07T00:00:00.000,MANHATTAN,Executive Program Specialist,ACTIVE,134225.00,per Annum,350,24432.87,0,0.00,0.00
2025,858,TECHNOLOGY & INNOVATION,2025-05-19T00:00:00.000,BROOKLYN,SUMMER COLLEGE INTERN,ACTIVE,19.00,per Hour,98,1862.00,0,0.00,133.00
2025,858,TECHNOLOGY & INNOVATION,2025-05-19T00:00:00.000,BROOKLYN,SUMMER COLLEGE INTERN,ACTIVE,19.00,per Hour,84,1596.00,0,0.00,133.00
2025,858,TECHNOLOGY & INNOVATION,2025-06-02T00:00:00.000,BROOKLYN,IT PROJECT SPECIALIST,ACTIVE,130000.00,per Annum,70,4986.30,0,0.00,0.00
2025,858,TECHNOLOGY & INNOVATION,2025-06-02T00:00:00.000,BROOKLYN,SUMMER COLLEGE INTERN,ACTIVE,19.00,per Hour,30,570.00,0,0.00,0.00
2025,858,TECHNOLOGY & INNOVATION,2025-06-09T00:00:00.000,MANHATTAN,CALL CENTER REPRESENTATIVE,ACTIVE,40770.00,per Annum,35,781.89,0,0.00,0.00
2025,858,TECHNOLOGY & INNOVATION,2011-08-08T00:00:00.000,BROOKLYN,COMPUTER SYSTEMS MANAGER,ACTIVE,154367.00,per Annum,1820,149597.66,0,0.00,25.25
2025,858,TECHNOLOGY & INNOVATION,2011-08-29T00:00:00.000,BROOKLYN,COMPUTER SPECIALIST,ON SEPARATION LEAVE,137825.00,per Annum,1820,133567.09,0,0.00,5586.62
2025,858,TECHNOLOGY & INNOVATION,2011-10-03T00:00:00.000,BROOKLYN,COMPUTER SYSTEMS MANAGER,ACTIVE,176464.00,per Annum,1820,167264.62,11.5,1206.18,27.31
2025,858,TECHNOLOGY & INNOVATION,2020-05-18T00:00:00.000,MANHATTAN,CALL CENTER REPRESENTATIVE,ON LEAVE,46885.00,per Annum,1428,32519.41,14,372.81,445.70
2025,858,TECHNOLOGY & INNOVATION,2012-07-16T00:00:00.000,BROOKLYN,COMPUTER SYSTEMS MANAGER,ACTIVE,161686.00,per Annum,1820,153745.83,0,0.00,2452.24
2025,858,TECHNOLOGY & INNOVATION,2012-07-16T00:00:00.000,MANHATTAN,ADM MANAGER-NON-MGRL,ACTIVE,92426.00,per Annum,1820,89323.37,9,516.93,5735.14
2025,858,TECHNOLOGY & INNOVATION,2024-11-18T00:00:00.000,MANHATTAN,IT PROJECT SPECIALIST,ACTIVE,154875.00,per Annum,1050,86568.43,0,0.00,0.00
2025,858,TECHNOLOGY & INNOVATION,2012-11-21T00:00:00.000,BROOKLYN,COMPUTER SYSTEMS MANAGER,ACTIVE,168888.00,per Annum,1820,163670.03,0,0.00,16.50
2025,858,TECHNOLOGY & INNOVATION,2012-12-03T00:00:00.000,BROOKLYN,ADMINISTRATIVE STAFF ANALYST,ACTIVE,128347.00,per Annum,1820,127135.58,0,0.00,980.85
2025,858,TECHNOLOGY & INNOVATION,2012-12-17T00:00:00.000,BROOKLYN,CERTIFIED IT ADMINISTRATOR,ACTIVE,134532.00,per Annum,1820,130375.14,12,896.83,10399.25
2025,858,TECHNOLOGY & INNOVATION,2015-02-09T00:00:00.000,MANHATTAN,COMPUTER SYSTEMS MANAGER,ACTIVE,170203.00,per Annum,1820,164375.85,0,0.00,519.60
2025,858,TECHNOLOGY & INNOVATION,2013-03-25T00:00:00.000,BROOKLYN,CERTIFIED IT ADMINISTRATOR,ACTIVE,141866.00,per Annum,1820,137482.54,0,0.00,11203.83
2025,858,TECHNOLOGY & INNOVATION,2013-04-01T00:00:00.000,MANHATTAN,CALL CENTER REPRESENTATIVE,ACTIVE,46885.00,per Annum,1820,44557.26,0,0.00,2048.89
2025,858,TECHNOLOGY & INNOVATION,2013-05-13T00:00:00.000,BROOKLYN,COMPUTER SYSTEMS MANAGER,ACTIVE,193697.00,per Annum,1820,187065.05,0,0.00,0.00
2025,858,TECHNOLOGY & INNOVATION,2015-07-27T00:00:00.000,MANHATTAN,COMMUNITY ASSOCIATE,ACTIVE,64072.00,per Annum,1820,62092.19,0,0.00,10.39
2025,858,TECHNOLOGY & INNOVATION,2024-07-01T00:00:00.000,MANHATTAN,CALL CENTER REPRESENTATIVE,CEASED,40769.00,per Annum,1729.32,28868.44,15,324.18,714.27
2025,858,TECHNOLOGY & INNOVATION,2013-08-19T00:00:00.000,BROOKLYN,COMPUTER SYSTEMS MANAGER,ACTIVE,121600.00,per Annum,1820,115583.97,0,0.00,0.00
2025,858,TECHNOLOGY & INNOVATION,2024-08-12T00:00:00.000,MANHATTAN,CALL CENTER REPRESENTATIVE,CEASED,39486.00,per Annum,154,3331.94,0,0.00,0.00
2025,858,TECHNOLOGY & INNOVATION,2013-09-03T00:00:00.000,BROOKLYN,COMPUTER SYSTEMS MANAGER,ACTIVE,230361.00,per Annum,1820,213898.76,0,0.00,0.00
2025,858,TECHNOLOGY & INNOVATION,2013-11-25T00:00:00.000,BROOKLYN,COMPUTER SPECIALIST,ACTIVE,139443.00,per Annum,1820,135134.96,0,0.00,5553.12
2025,858,TECHNOLOGY & INNOVATION,2014-02-18T00:00:00.000,BROOKLYN,COMPUTER OPERATIONS MANAGER,ACTIVE,235636.00,per Annum,1820,225168.42,0,0.00,0.00
2025,858,TECHNOLOGY & INNOVATION,2014-06-16T00:00:00.000,BROOKLYN,TELECOMMUNICATIONS MANAGER,ACTIVE,162170.00,per Annum,1820,157159.26,0,0.00,0.00
2025,858,TECHNOLOGY & INNOVATION,2021-09-27T00:00:00.000,BROOKLYN,STRATEGIC INITIATIVE SPECIALIST,ACTIVE,136273.00,per Annum,1820,131607.58,10,830.76,704.45
2025,858,TECHNOLOGY & INNOVATION,2023-10-09T00:00:00.000,BROOKLYN,ASSOCIATE STAFF ANALYST,ACTIVE,105605.00,per Annum,1820,104613.05,27.5,1669.04,30.96
2025,858,TECHNOLOGY & INNOVATION,2017-07-03T00:00:00.000,BROOKLYN,COMPUTER SPECIALIST,ACTIVE,131078.00,per Annum,1820,127028.17,0,0.00,20007.16
2025,858,TECHNOLOGY & INNOVATION,2014-08-04T00:00:00.000,BROOKLYN,COMPUTER SPECIALIST,ACTIVE,109518.00,per Annum,1820,106134.67,9,672.10,5553.12
2025,858,TECHNOLOGY & INNOVATION,2014-09-02T00:00:00.000,BROOKLYN,COMMUNITY COORDINATOR,ACTIVE,94750.00,per Annum,1820,71738.66,0,0.00,493.42
2025,858,TECHNOLOGY & INNOVATION,2014-11-03T00:00:00.000,MANHATTAN,ADMINISTRATIVE BUSINESS PROMOTION COORDINATOR,ACTIVE,130559.00,per Annum,1820,126088.40,0,0.00,741.60
2025,858,TECHNOLOGY & INNOVATION,2023-03-27T00:00:00.000,MANHATTAN,CALL CENTER REPRESENTATIVE,CEASED,43734.00,per Annum,0,19.50,0,0.00,0.00
2025,858,TECHNOLOGY & INNOVATION,2015-01-05T00:00:00.000,BROOKLYN,COMPUTER SPECIALIST,ACTIVE,155759.00,per Annum,1820,150946.58,16,1679.50,5677.76
2025,858,TECHNOLOGY & INNOVATION,2015-03-09T00:00:00.000,MANHATTAN,ADM MANAGER-NON-MGRL,ACTIVE,97864.00,per Annum,1820,87436.78,435.5,27552.87,1683.15
2025,858,TECHNOLOGY & INNOVATION,2015-04-20T00:00:00.000,MANHATTAN,RADIO AND TELEVISION OPERATOR,ACTIVE,64226.00,per Annum,1820,62244.00,10,360.96,10144.41
2025,858,TECHNOLOGY & INNOVATION,2015-05-18T00:00:00.000,MANHATTAN,ADMINISTRATIVE BUSINESS PROMOTION COORDINATOR,ACTIVE,163674.00,per Annum,1820,158069.99,0,0.00,1853.00
2025,858,TECHNOLOGY & INNOVATION,2015-06-08T00:00:00.000,BROOKLYN,CERTIFIED IT ADMINISTRATOR,ACTIVE,158198.00,per Annum,1820,153309.88,44,4692.90,5767.66
2025,858,TECHNOLOGY & INNOVATION,2020-11-13T00:00:00.000,MANHATTAN,IT SECURITY SPECIALIST,ACTIVE,197240.00,per Annum,1820,191145.71,0,0.00,567.38
2025,858,TECHNOLOGY & INNOVATION,2015-08-17T00:00:00.000,MANHATTAN,COMPUTER OPERATIONS MANAGER,ACTIVE,144977.00,per Annum,1820,140498.18,0,0.00,0.00
2025,858,TECHNOLOGY & INNOVATION,2024-04-29T00:00:00.000,MANHATTAN,CALL CENTER REPRESENTATIVE,CEASED,45155.00,per Annum,1785,30933.89,13,280.93,445.30
2025,858,TECHNOLOGY & INNOVATION,2015-11-02T00:00:00.000,BROOKLYN,CERTIFIED IT ADMINISTRATOR,ACTIVE,141439.00,per Annum,1820,137069.28,76,7411.96,5570.12
2025,858,TECHNOLOGY & INNOVATION,2015-11-16T00:00:00.000,MANHATTAN,CALL CENTER REPRESENTATIVE,ACTIVE,46885.00,per Annum,1820,45436.40,171.25,5866.77,1637.50
2025,858,TECHNOLOGY & INNOVATION,2025-03-03T00:00:00.000,MANHATTAN,CALL CENTER REPRESENTATIVE,ACTIVE,40769.00,per Annum,525,10035.73,0,0.00,234.30
2025,858,TECHNOLOGY & INNOVATION,2016-03-14T00:00:00.000,MANHATTAN,COMPUTER ASSOCIATE,ACTIVE,98294.00,per Annum,1820,95257.19,18.25,1282.16,5553.12
2025,858,TECHNOLOGY & INNOVATION,2019-09-09T00:00:00.000,MANHATTAN,COMMUNITY ASSOCIATE,ACTIVE,68227.00,per Annum,1820,66118.76,367.75,16309.38,188.78
2025,858,TECHNOLOGY & INNOVATION,2016-03-28T00:00:00.000,BROOKLYN,COMPUTER SPECIALIST,ACTIVE,147867.00,per Annum,1820,143298.85,0,0.00,5553.12
2025,858,TECHNOLOGY & INNOVATION,2016-05-23T00:00:00.000,BROOKLYN,COMPUTER SPECIALIST,ACTIVE,128581.00,per Annum,1820,124608.77,9.25,809.96,5607.48
2025,858,TECHNOLOGY & INNOVATION,2025-02-24T00:00:00.000,MANHATTAN,Executive Program Specialist,ACTIVE,118738.00,per Annum,560,35287.68,0,0.00,0.00
2025,858,TECHNOLOGY & INNOVATION,2016-07-05T00:00:00.000,BROOKLYN,COMPUTER OPERATIONS MANAGER,ACTIVE,182164.00,per Annum,1820,175926.87,0,0.00,0.00
2025,858,TECHNOLOGY & INNOVATION,2016-07-11T00:00:00.000,BROOKLYN,COMPUTER ASSOCIATE,ACTIVE,102865.00,per Annum,1820,99686.82,0,0.00,5553.12
2025,858,TECHNOLOGY & INNOVATION,2023-05-15T00:00:00.000,MANHATTAN,CALL CENTER REPRESENTATIVE,CEASED,43734.00,per Annum,7,190.40,0,0.87,2.44
2025,858,TECHNOLOGY & INNOVATION,2016-10-17T00:00:00.000,BROOKLYN,COMPUTER SPECIALIST,ACTIVE,143561.00,per Annum,1820,139125.50,0,0.00,5553.12
2025,858,TECHNOLOGY & INNOVATION,2016-11-21T00:00:00.000,BROOKLYN,COMPUTER SPECIALIST,ACTIVE,124836.00,per Annum,1820,120979.57,0,0.00,11863.88
2025,858,TECHNOLOGY & INNOVATION,2016-12-05T00:00:00.000,MANHATTAN,CERTIFIED IT ADMINISTRATOR,ACTIVE,149553.00,per Annum,1820,144932.96,0,0.00,578.13
2025,858,TECHNOLOGY & INNOVATION,2016-12-19T00:00:00.000,MANHATTAN,COMPUTER SYSTEMS MANAGER,ACTIVE,129440.00,per Annum,1820,125441.18,0,0.00,49.50
2025,858,TECHNOLOGY & INNOVATION,2016-12-27T00:00:00.000,BROOKLYN,COMPUTER SYSTEMS MANAGER,ACTIVE,109518.00,per Annum,1820,106134.67,0,0.00,4724.01
2025,858,TECHNOLOGY & INNOVATION,2022-03-07T00:00:00.000,MANHATTAN,CYBER SECURITY ANALYST,ACTIVE,94281.00,per Annum,1820,90767.50,0,0.00,0.00
2025,858,TECHNOLOGY & INNOVATION,2017-02-06T00:00:00.000,BROOKLYN,ADMINISTRATIVE STAFF ANALYST,ACTIVE,95051.00,per Annum,1820,94158.33,0,0.00,0.00
2025,858,TECHNOLOGY & INNOVATION,2017-02-27T00:00:00.000,BROOKLYN,ADMINISTRATIVE STAFF ANALYST,ACTIVE,104556.00,per Annum,1820,96163.52,0,0.00,0.00
2025,858,TECHNOLOGY & INNOVATION,2021-11-08T00:00:00.000,BROOKLYN,ADMINISTRATIVE PROJECT MANAGER,ACTIVE,199273.00,per Annum,1820,184833.39,0,0.00,0.00
2025,858,TECHNOLOGY & INNOVATION,2017-05-15T00:00:00.000,BROOKLYN,COMPUTER SPECIALIST,ACTIVE,131078.00,per Annum,1820,127028.17,4.25,308.25,5583.94
2025,858,TECHNOLOGY & INNOVATION,2017-05-15T00:00:00.000,BROOKLYN,COMPUTER SPECIALIST,ACTIVE,118593.00,per Annum,1820,114928.91,0,0.00,5553.12
2025,858,TECHNOLOGY & INNOVATION,2024-09-30T00:00:00.000,MANHATTAN,CALL CENTER REPRESENTATIVE,CEASED,39486.00,per Annum,21,454.32,0,0.00,0.00
2025,858,TECHNOLOGY & INNOVATION,2017-06-26T00:00:00.000,BRONX,CERTIFIED IT ADMINISTRATOR,ACTIVE,137320.00,per Annum,1820,133077.73,154.75,14483.79,6168.97
2025,858,TECHNOLOGY & INNOVATION,2023-07-09T00:00:00.000,BROOKLYN,ASSOCIATE LABOR RELATIONS ANALYST,ACTIVE,116880.00,per Annum,1820,112878.24,0,0.00,396.00
2025,858,TECHNOLOGY & INNOVATION,2017-09-18T00:00:00.000,MANHATTAN,CALL CENTER REPRESENTATIVE,ACTIVE,46885.00,per Annum,1820,45436.40,0,0.00,5106.19
2025,858,TECHNOLOGY & INNOVATION,2017-10-02T00:00:00.000,MANHATTAN,IT SECURITY SPECIALIST,ACTIVE,191506.00,per Annum,1820,185589.19,0,0.00,567.38
2025,858,TECHNOLOGY & INNOVATION,2017-10-02T00:00:00.000,BROOKLYN,COMPUTER ASSOCIATE,ACTIVE,82996.00,per Annum,1820,80432.15,0,0.00,5553.12
2025,858,TECHNOLOGY & INNOVATION,2017-10-23T00:00:00.000,MANHATTAN,COMMUNITY ASSOCIATE,ACTIVE,63316.00,per Annum,1820,52484.32,261,8596.23,763.89
2025,858,TECHNOLOGY & INNOVATION,2024-05-28T00:00:00.000,MANHATTAN,CALL CENTER REPRESENTATIVE,CEASED,39486.00,per Annum,1365,21661.99,174,4799.71,100.39
2025,858,TECHNOLOGY & INNOVATION,2023-07-31T00:00:00.000,MANHATTAN,TELECOMMUNICATIONS ASSOCIATE,ACTIVE,71253.00,per Annum,1820,61408.20,24,1170.94,11.33
2025,858,TECHNOLOGY & INNOVATION,2018-01-29T00:00:00.000,BROOKLYN,COMPUTER SYSTEMS MANAGER,ACTIVE,162136.00,per Annum,1820,157126.37,0,0.00,16.50
2025,858,TECHNOLOGY & INNOVATION,2022-10-11T00:00:00.000,MANHATTAN,CALL CENTER REPRESENTATIVE,ACTIVE,46885.00,per Annum,1820,44542.84,0,0.00,0.00
2025,858,TECHNOLOGY & INNOVATION,2022-05-02T00:00:00.000,MANHATTAN,COMMUNITY COORDINATOR,ACTIVE,95562.00,per Annum,1820,91789.67,10.75,613.64,49.50
2025,858,TECHNOLOGY & INNOVATION,2024-08-12T00:00:00.000,MANHATTAN,CALL CENTER REPRESENTATIVE,CEASED,39486.00,per Annum,742,6339.82,0,0.00,0.00
2025,858,TECHNOLOGY & INNOVATION,2019-03-25T00:00:00.000,MANHATTAN,CALL CENTER REPRESENTATIVE,CEASED,45409.00,per Annum,800.82,12638.57,10,310.67,86.99
2025,858,TECHNOLOGY & INNOVATION,2018-07-16T00:00:00.000,BROOKLYN,CERTIFIED IT ADMINISTRATOR,ACTIVE,135233.00,per Annum,1820,131054.68,13.5,1008.86,5646.53
2025,858,TECHNOLOGY & INNOVATION,2018-09-04T00:00:00.000,BROOKLYN,COMPUTER SPECIALIST,ACTIVE,136270.00,per Annum,1820,132060.02,0,0.00,5553.12
2025,858,TECHNOLOGY & INNOVATION,2018-09-24T00:00:00.000,MANHATTAN,COMMUNITY ASSOCIATE,ACTIVE,59807.00,per Annum,1820,57958.73,7,221.93,0.00
2025,858,TECHNOLOGY & INNOVATION,2018-10-22T00:00:00.000,MANHATTAN,CALL CENTER REPRESENTATIVE,ON LEAVE,46885.00,per Annum,1750,7749.47,0,0.00,23.37
2025,858,TECHNOLOGY & INNOVATION,2018-10-22T00:00:00.000,MANHATTAN,CALL CENTER REPRESENTATIVE,ACTIVE,46885.00,per Annum,1820,39413.62,4,99.40,1027.12
2025,858,TECHNOLOGY & INNOVATION,2018-11-05T00:00:00.000,BROOKLYN,COMPUTER ASSOCIATE,ACTIVE,124919.00,per Annum,1820,121059.66,0,0.00,5588.12
2025,858,TECHNOLOGY & INNOVATION,2023-10-23T00:00:00.000,MANHATTAN,CALL CENTER REPRESENTATIVE,ON LEAVE,43734.00,per Annum,1435,32780.48,85,2313.06,335.12
2025,858,TECHNOLOGY & INNOVATION,2023-07-10T00:00:00.000,MANHATTAN,CALL CENTER REPRESENTATIVE,CEASED,43734.00,per Annum,420,2889.00,0,0.00,0.00
2025,858,TECHNOLOGY & INNOVATION,2018-12-31T00:00:00.000,BROOKLYN,COMPUTER SPECIALIST,ACTIVE,119696.00,per Annum,1820,115997.51,0,0.00,5553.12
2025,858,TECHNOLOGY & INNOVATION,2022-07-04T00:00:00.000,BROOKLYN,IT PROJECT SPECIALIST,CEASED,95481.00,per Annum,1540,75176.37,2.5,131.43,454.75
2025,858,TECHNOLOGY & INNOVATION,2022-08-15T00:00:00.000,BROOKLYN,Executive Program Specialist,ACTIVE,107212.00,per Annum,1820,96508.90,24.5,420.09,130.28
2025,858,TECHNOLOGY & INNOVATION,2025-06-09T00:00:00.000,MANHATTAN,CALL CENTER REPRESENTATIVE,CEASED,40770.00,per Annum,35,778.91,0,0.00,0.00
2025,858,TECHNOLOGY & INNOVATION,2019-05-06T00:00:00.000,BROOKLYN,CERTIFIED IT ADMINISTRATOR,ACTIVE,161894.00,per Annum,1820,156892.10,0,0.00,575.63
2025,858,TECHNOLOGY & INNOVATION,2019-05-13T00:00:00.000,MANHATTAN,TELECOMMUNICATIONS ASSOCIATE,ACTIVE,86964.00,per Annum,1820,84277.41,13,835.45,8189.51
2025,858,TECHNOLOGY & INNOVATION,2019-05-20T00:00:00.000,BROOKLYN,COMPUTER SPECIALIST,CEASED,150707.00,per Annum,1260,104284.69,0,0.00,392.40
2025,858,TECHNOLOGY & INNOVATION,2019-05-28T00:00:00.000,MANHATTAN,CALL CENTER REPRESENTATIVE,ACTIVE,46885.00,per Annum,1764,21383.88,0,0.00,-493.63
2025,858,TECHNOLOGY & INNOVATION,2019-08-05T00:00:00.000,BROOKLYN,STRATEGIC INITIATIVE SPECIALIST,ACTIVE,95265.00,per Annum,1820,92002.86,0,0.00,0.00
2025,858,TECHNOLOGY & INNOVATION,2019-08-19T00:00:00.000,BROOKLYN,COMPUTER ASSOCIATE,ACTIVE,66458.00,per Annum,1820,65313.91,1,37.97,5666.06
2025,858,TECHNOLOGY & INNOVATION,2019-09-09T00:00:00.000,BROOKLYN,COMPUTER SYSTEMS MANAGER,ACTIVE,149620.00,per Annum,1820,144996.96,0,0.00,8.25
2025,858,TECHNOLOGY & INNOVATION,2019-10-07T00:00:00.000,BROOKLYN,COMPUTER SPECIALIST,ACTIVE,136648.00,per Annum,1820,132426.32,0,0.00,567.38
2025,858,TECHNOLOGY & INNOVATION,2025-01-06T00:00:00.000,MANHATTAN,CALL CENTER REPRESENTATIVE,CEASED,39486.00,per Annum,35,757.27,0,0.00,0.00
2025,858,TECHNOLOGY & INNOVATION,2019-12-09T00:00:00.000,BROOKLYN,IT PROJECT SPECIALIST,ACTIVE,147004.00,per Annum,1820,142462.50,3,242.34,567.38
2025,858,TECHNOLOGY & INNOVATION,2019-12-09T00:00:00.000,BROOKLYN,COMPUTER SYSTEMS MANAGER,ACTIVE,168503.00,per Annum,1820,163296.94,5.5,492.99,530.83
2025,858,TECHNOLOGY & INNOVATION,2024-10-07T00:00:00.000,BROOKLYN,CYBER SECURITY ANALYST,ACTIVE,91893.00,per Annum,1260,61605.11,0,0.00,24.75
2025,858,TECHNOLOGY & INNOVATION,2020-02-18T00:00:00.000,BROOKLYN,ASSOCIATE LABOR RELATIONS ANALYST,ACTIVE,106512.00,per Annum,1820,102234.28,0,0.00,500.00
2025,858,TECHNOLOGY & INNOVATION,2009-02-23T00:00:00.000,BROOKLYN,COMPUTER ASSOCIATE,ACTIVE,93798.00,per Annum,1820,90875.99,0,0.00,6350.73
2025,858,TECHNOLOGY & INNOVATION,2008-11-10T00:00:00.000,MANHATTAN,ASSOCIATE CALL CENTER REPRESENTATIVE-NON-SPVR,ACTIVE,63296.00,per Annum,1820,62206.26,0,0.00,4378.53
2025,858,TECHNOLOGY & INNOVATION,2008-11-10T00:00:00.000,MANHATTAN,ASSOCIATE CALL CENTER REPRESENTATIVE-NON-SPVR,ACTIVE,63296.00,per Annum,1820,62206.26,49,2070.28,6122.12
2025,858,TECHNOLOGY & INNOVATION,2008-07-21T00:00:00.000,MANHATTAN,CALL CENTER REPRESENTATIVE,ACTIVE,46911.00,per Annum,1820,41072.48,0,0.00,5093.92
2025,858,TECHNOLOGY & INNOVATION,2008-04-28T00:00:00.000,BROOKLYN,COMPUTER SPECIALIST,ACTIVE,114641.00,per Annum,1820,111074.98,0,0.00,6417.22
2025,858,TECHNOLOGY & INNOVATION,2019-11-18T00:00:00.000,MANHATTAN,PRINCIPAL ADMINISTRATIVE ASSOCIATE -  NON SUPVR,ON LEAVE,91603.00,per Annum,980,47863.89,0,0.00,0.00
2025,858,TECHNOLOGY & INNOVATION,2008-01-07T00:00:00.000,MANHATTAN,ADM MANAGER-NON-MGRL,ACTIVE,118280.00,per Annum,1820,111240.35,0,0.00,1883.49
2025,858,TECHNOLOGY & INNOVATION,2007-09-17T00:00:00.000,BROOKLYN,COMPUTER SYSTEMS MANAGER,ACTIVE,181783.00,per Annum,1820,171540.06,0,0.00,0.00
2025,858,TECHNOLOGY & INNOVATION,2007-09-17T00:00:00.000,BROOKLYN,COMPUTER ASSOCIATE,ACTIVE,90166.00,per Annum,1820,87358.14,0,0.00,9579.00
2025,858,TECHNOLOGY & INNOVATION,2019-07-29T00:00:00.000,BROOKLYN,COMPUTER SYSTEMS MANAGER,ACTIVE,205468.00,per Annum,1820,189803.27,0,0.00,0.00
2025,858,TECHNOLOGY & INNOVATION,2010-08-30T00:00:00.000,MANHATTAN,BUSINESS PROMOTION COORDINATOR,ACTIVE,85726.00,per Annum,1820,78684.19,0,0.00,10453.86
2025,858,TECHNOLOGY & INNOVATION,2024-01-29T00:00:00.000,BROOKLYN,COMPUTER SYSTEMS MANAGER,ACTIVE,132777.00,per Annum,1820,128231.33,0,0.00,0.00
2025,858,TECHNOLOGY & INNOVATION,2006-08-28T00:00:00.000,MANHATTAN,CERTIFIED IT ADMINISTRATOR,ACTIVE,172524.00,per Annum,1820,167171.05,4,382.78,7391.97
2025,858,TECHNOLOGY & INNOVATION,2023-08-28T00:00:00.000,MANHATTAN,COMMUNITY COORDINATOR,ACTIVE,88268.00,per Annum,1820,85541.31,0,0.00,3000.00
2025,858,TECHNOLOGY & INNOVATION,2006-07-24T00:00:00.000,BROOKLYN,ADMINISTRATIVE STAFF ANALYST,ACTIVE,129282.00,per Annum,1820,128055.73,0,0.00,1829.68
2025,858,TECHNOLOGY & INNOVATION,2006-07-17T00:00:00.000,BRONX,CERTIFIED IT ADMINISTRATOR,ACTIVE,115797.00,per Annum,1820,112196.99,0,0.00,11259.80
2025,858,TECHNOLOGY & INNOVATION,2015-04-06T00:00:00.000,MANHATTAN,CALL CENTER REPRESENTATIVE,ACTIVE,46885.00,per Annum,1820,45318.22,147,4682.67,2858.04
2025,858,TECHNOLOGY & INNOVATION,2006-06-12T00:00:00.000,BROOKLYN,COMPUTER SYSTEMS MANAGER,ACTIVE,161535.00,per Annum,1820,156543.87,21,1926.70,84.38
2025,858,TECHNOLOGY & INNOVATION,2006-04-03T00:00:00.000,BROOKLYN,COMPUTER SYSTEMS MANAGER,ACTIVE,188959.00,per Annum,1820,182489.05,0,0.00,0.00
2025,858,TECHNOLOGY & INNOVATION,2013-09-09T00:00:00.000,BROOKLYN,COMPUTER OPERATIONS MANAGER,ACTIVE,220639.00,per Annum,1820,211755.25,0,0.00,0.00
2025,858,TECHNOLOGY & INNOVATION,2005-10-03T00:00:00.000,MANHATTAN,ASSOCIATE CALL CENTER REPRESENTATIVE-NON-SPVR,ON LEAVE,82385.00,per Annum,1505,41982.89,0,0.00,5368.79
2025,858,TECHNOLOGY & INNOVATION,2005-09-06T00:00:00.000,BROOKLYN,COMPUTER SYSTEMS MANAGER,ACTIVE,135159.00,per Annum,1820,130960.35,0,0.00,797.60
2025,858,TECHNOLOGY & INNOVATION,2005-08-01T00:00:00.000,MANHATTAN,ADM MANAGER-NON-MGRL,ACTIVE,89310.00,per Annum,1820,87758.58,0,0.00,3313.97
2025,858,TECHNOLOGY & INNOVATION,2006-04-10T00:00:00.000,BROOKLYN,ADM MANAGER-NON-MGRL,ACTIVE,109154.00,per Annum,1820,107261.02,286,18998.48,3396.38
2025,858,TECHNOLOGY & INNOVATION,2005-05-23T00:00:00.000,BROOKLYN,PRINCIPAL ADMINISTRATIVE ASSOCIATE -  NON SUPVR,ACTIVE,100958.00,per Annum,1820,90460.25,0,0.00,1847.49
2025,858,TECHNOLOGY & INNOVATION,2005-01-03T00:00:00.000,MANHATTAN,TELECOMMUNICATIONS ASSOCIATE,ACTIVE,85173.00,per Annum,1820,82519.27,15,882.42,15419.31
2025,858,TECHNOLOGY & INNOVATION,2005-01-03T00:00:00.000,BROOKLYN,CLERICAL ASSOCIATE MOST MAYORAL AG,ACTIVE,58780.00,per Annum,1820,56941.95,0,0.00,7005.22
2025,858,TECHNOLOGY & INNOVATION,2018-07-16T00:00:00.000,BROOKLYN,COMPUTER SPECIALIST,ACTIVE,134627.00,per Annum,1820,130467.23,0,0.00,5848.27
2025,858,TECHNOLOGY & INNOVATION,2004-11-15T00:00:00.000,MANHATTAN,ADM MANAGER-NON-MGRL,ACTIVE,132767.00,per Annum,1820,130467.47,28,2081.74,2353.15
2025,858,TECHNOLOGY & INNOVATION,2004-11-08T00:00:00.000,BROOKLYN,COMPUTER SYSTEMS MANAGER,CEASED,189875.00,per Annum,1750,176319.85,0,0.00,0.00
2025,858,TECHNOLOGY & INNOVATION,2004-10-18T00:00:00.000,MANHATTAN,ADM MANAGER-NON-MGRL,ACTIVE,108476.00,per Annum,1820,106594.33,0,0.00,17543.23
2025,858,TECHNOLOGY & INNOVATION,2004-07-16T00:00:00.000,BROOKLYN,ADM MANAGER-NON-MGRL,ACTIVE,92686.00,per Annum,1544,67515.72,0,0.00,5205.21
2025,858,TECHNOLOGY & INNOVATION,2004-06-21T00:00:00.000,MANHATTAN,TELECOMMUNICATIONS ASSOCIATE,CEASED,84327.00,per Annum,546,25361.34,0,0.00,1902.38
2025,858,TECHNOLOGY & INNOVATION,2004-04-12T00:00:00.000,MANHATTAN,ADM MANAGER-NON-MGRL,ACTIVE,96850.00,per Annum,1820,95168.58,19,1114.73,3366.43
2025,858,TECHNOLOGY & INNOVATION,2009-10-26T00:00:00.000,BROOKLYN,CERTIFIED IT ADMINISTRATOR,ACTIVE,143467.00,per Annum,1820,139012.15,0,0.00,6350.72
2025,858,TECHNOLOGY & INNOVATION,2008-02-04T00:00:00.000,BROOKLYN,COMPUTER ASSOCIATE,ACTIVE,68519.00,per Annum,1820,66379.48,0,0.00,6350.72
2025,858,TECHNOLOGY & INNOVATION,2005-10-24T00:00:00.000,MANHATTAN,CALL CENTER REPRESENTATIVE,ACTIVE,46987.00,per Annum,1820,45512.98,0,0.00,9797.02
2025,858,TECHNOLOGY & INNOVATION,2003-06-09T00:00:00.000,MANHATTAN,COMPUTER SYSTEMS MANAGER,ACTIVE,151345.00,per Annum,1820,146162.82,0,0.00,0.00
2025,858,TECHNOLOGY & INNOVATION,2003-01-06T00:00:00.000,MANHATTAN,ADM MANAGER-NON-MGRL,ACTIVE,94580.00,per Annum,1820,92631.10,26,1503.52,9441.43
2025,858,TECHNOLOGY & INNOVATION,2002-12-30T00:00:00.000,BROOKLYN,ADMINISTRATIVE STAFF ANALYST,ACTIVE,163994.00,per Annum,1820,158379.10,0,0.00,0.00
2025,858,TECHNOLOGY & INNOVATION,2002-12-17T00:00:00.000,BROOKLYN,PRINCIPAL ADMINISTRATIVE ASSOCIATE -  NON SUPVR,ACTIVE,61437.00,per Annum,1820,60364.99,19,692.96,4730.97
2025,858,TECHNOLOGY & INNOVATION,2002-09-09T00:00:00.000,BROOKLYN,PRINCIPAL ADMINISTRATIVE ASSOCIATE -  NON SUPVR,ACTIVE,65047.00,per Annum,1820,64971.45,0,0.00,2486.23
2025,858,TECHNOLOGY & INNOVATION,2013-03-18T00:00:00.000,BROOKLYN,ADM MANAGER-NON-MGRL,ACTIVE,92051.00,per Annum,1820,90466.58,0,0.00,965.75
2025,858,TECHNOLOGY & INNOVATION,2003-01-06T00:00:00.000,MANHATTAN,ASSOCIATE CALL CENTER REPRESENTATIVE-NON-SPVR,ACTIVE,63502.00,per Annum,1820,62394.41,0,0.00,9806.26
2025,858,TECHNOLOGY & INNOVATION,2018-10-29T00:00:00.000,BROOKLYN,ADM MANAGER-NON-MGRL,ACTIVE,105835.00,per Annum,1820,104013.03,2.75,154.66,0.00
2025,858,TECHNOLOGY & INNOVATION,2024-05-28T00:00:00.000,MANHATTAN,CALL CENTER REPRESENTATIVE,CEASED,39486.00,per Annum,770,13011.87,56.25,1323.72,1080.53
2025,858,TECHNOLOGY & INNOVATION,2001-02-27T00:00:00.000,BROOKLYN,COMPUTER OPERATIONS MANAGER,ACTIVE,168460.00,per Annum,1820,162691.75,0,0.00,0.00
2025,858,TECHNOLOGY & INNOVATION,2009-11-16T00:00:00.000,BROOKLYN,COMPUTER SPECIALIST,ACTIVE,131664.00,per Annum,1820,127596.52,14,1022.82,6639.26
2025,858,TECHNOLOGY & INNOVATION,2024-05-20T00:00:00.000,MANHATTAN,EXECUTIVE AGENCY COUNSEL,ACTIVE,159521.00,per Annum,1820,154059.43,0,0.00,0.00
2025,858,TECHNOLOGY & INNOVATION,2010-08-30T00:00:00.000,MANHATTAN,BUSINESS PROMOTION COORDINATOR,ON SEPARATION LEAVE,111575.00,per Annum,1820,108143.76,0,0.00,9813.05
2025,858,TECHNOLOGY & INNOVATION,1999-04-26T00:00:00.000,BROOKLYN,COMMUNITY COORDINATOR,ACTIVE,82352.00,per Annum,1820,79785.64,0,0.00,1497.01
2025,858,TECHNOLOGY & INNOVATION,2018-08-20T00:00:00.000,MANHATTAN,COMMUNITY COORDINATOR,CEASED,77049.00,per Annum,420,17723.16,0,0.00,24.75
2025,858,TECHNOLOGY & INNOVATION,2003-06-07T00:00:00.000,MANHATTAN,RADIO AND TELEVISION OPERATOR,ACTIVE,35.07,per Hour,1020,34722.00,0,0.00,612.52
2025,858,TECHNOLOGY & INNOVATION,2008-12-01T00:00:00.000,BROOKLYN,COMPUTER SPECIALIST,ACTIVE,134653.00,per Annum,1820,130468.64,0,0.00,6350.72
2025,858,TECHNOLOGY & INNOVATION,2019-08-12T00:00:00.000,BROOKLYN,COMPUTER SPECIALIST,ACTIVE,119853.00,per Annum,1820,116127.34,0,0.00,6350.72
2025,858,TECHNOLOGY & INNOVATION,2006-11-20T00:00:00.000,MANHATTAN,ADM MANAGER-NON-MGRL,ACTIVE,89464.00,per Annum,1820,87909.78,66,3737.46,4667.89
2025,858,TECHNOLOGY & INNOVATION,2015-09-08T00:00:00.000,BROOKLYN,COMPUTER SYSTEMS MANAGER,ACTIVE,194866.00,per Annum,1820,188193.84,0,0.00,0.00
2025,858,TECHNOLOGY & INNOVATION,1992-07-27T00:00:00.000,BROOKLYN,ADM MANAGER-NON-MGRL,ACTIVE,140798.00,per Annum,1820,133950.48,0,0.00,2376.91
2025,858,TECHNOLOGY & INNOVATION,2017-06-12T00:00:00.000,BROOKLYN,ADMINISTRATIVE STAFF ANALYST,ACTIVE,127199.00,per Annum,1820,125992.47,0,0.00,1829.68
2025,858,TECHNOLOGY & INNOVATION,2016-05-09T00:00:00.000,BRONX,COMPUTER SYSTEMS MANAGER,ACTIVE,193473.00,per Annum,1820,187495.39,165.5,20293.07,1965.34
2025,858,TECHNOLOGY & INNOVATION,2019-08-12T00:00:00.000,MANHATTAN,IT SECURITY SPECIALIST,ACTIVE,191511.00,per Annum,1820,185594.34,0,0.00,583.88
2025,858,TECHNOLOGY & INNOVATION,2021-05-10T00:00:00.000,BROOKLYN,COMPUTER SYSTEMS MANAGER,ACTIVE,250812.00,per Annum,1820,242224.10,0,0.00,500.00
2025,858,TECHNOLOGY & INNOVATION,2004-12-13T00:00:00.000,MANHATTAN,PROGRAM PRODUCER,CEASED,63608.00,per Annum,1712.17,59783.83,0,0.00,8889.28
2025,858,TECHNOLOGY & INNOVATION,2004-12-13T00:00:00.000,MANHATTAN,SECRETARY,ACTIVE,72831.00,per Annum,1820,70558.12,0,0.00,5696.52
2025,858,TECHNOLOGY & INNOVATION,2009-05-24T00:00:00.000,MANHATTAN,CALL CENTER REPRESENTATIVE,ACTIVE,49072.00,per Annum,1820,47533.18,0,0.00,5696.52
2025,858,TECHNOLOGY & INNOVATION,2021-10-25T00:00:00.000,BRONX,TELECOMMUNICATIONS MANAGER,ACTIVE,144415.00,per Annum,1820,139953.00,467,50181.06,1625.81
2025,858,TECHNOLOGY & INNOVATION,2016-03-07T00:00:00.000,BRONX,COMPUTER ASSOCIATE,ACTIVE,98037.00,per Annum,1820,95008.09,178.5,13354.54,14119.30
2025,858,TECHNOLOGY & INNOVATION,2010-02-08T00:00:00.000,MANHATTAN,ADMINISTRATIVE STAFF ANALYST,ACTIVE,168894.00,per Annum,1820,167286.96,0,0.00,3185.41
2025,858,TECHNOLOGY & INNOVATION,2004-05-24T00:00:00.000,BROOKLYN,COMPUTER ASSOCIATE,CEASED,86766.00,per Annum,48.42,2294.74,0,0.00,163.36
2025,858,TECHNOLOGY & INNOVATION,2011-03-21T00:00:00.000,BROOKLYN,IT PROJECT SPECIALIST,CEASED,122004.00,per Annum,404.33,27220.22,0,0.00,126.50
2025,858,TECHNOLOGY & INNOVATION,2011-01-10T00:00:00.000,BROOKLYN,COMPUTER SYSTEMS MANAGER,ACTIVE,199214.00,per Annum,1820,192392.64,0,0.00,0.00
2025,858,TECHNOLOGY & INNOVATION,2011-01-03T00:00:00.000,BROOKLYN,COMPUTER SPECIALIST,ACTIVE,119634.00,per Annum,1820,115937.51,0,0.00,5577.87
2025,858,TECHNOLOGY & INNOVATION,2018-04-30T00:00:00.000,MANHATTAN,GRAPHIC ARTIST,ACTIVE,99869.00,per Annum,1820,96783.04,0,0.00,1956.92
2025,858,TECHNOLOGY & INNOVATION,2014-09-22T00:00:00.000,MANHATTAN,CALL CENTER REPRESENTATIVE,ON LEAVE,46885.00,per Annum,1652,16347.26,0,0.00,834.50
2025,858,TECHNOLOGY & INNOVATION,2014-06-30T00:00:00.000,MANHATTAN,COMMUNITY ASSOCIATE,ACTIVE,51227.00,per Annum,1820,49644.70,50,1377.12,4406.66
2025,858,TECHNOLOGY & INNOVATION,2010-09-07T00:00:00.000,BROOKLYN,CERTIFIED IT ADMINISTRATOR,ACTIVE,137825.00,per Annum,1820,133567.09,0,0.00,7857.05
2025,858,TECHNOLOGY & INNOVATION,2012-03-26T00:00:00.000,BROOKLYN,IT SECURITY SPECIALIST,ACTIVE,134541.00,per Annum,1820,130384.20,8,680.51,603.20
2025,858,TECHNOLOGY & INNOVATION,2016-02-08T00:00:00.000,MANHATTAN,COMPUTER SYSTEMS MANAGER,CEASED,141659.00,per Annum,315,24434.59,0,0.00,11173.68
2025,858,TECHNOLOGY & INNOVATION,2010-08-09T00:00:00.000,MANHATTAN,COMPUTER ASSOCIATE,ACTIVE,98037.00,per Annum,1820,95008.09,33,2200.54,6749.65
2025,858,TECHNOLOGY & INNOVATION,2023-06-05T00:00:00.000,BROOKLYN,COMPUTER ASSOCIATE,ACTIVE,113516.00,per Annum,1820,111562.26,8,528.12,221.54
2025,858,TECHNOLOGY & INNOVATION,2017-01-22T00:00:00.000,BROOKLYN,COMPUTER AIDE-NON-SPVR,ACTIVE,60098.00,per Annum,1820,57146.28,2,63.54,5556.36
2025,858,TECHNOLOGY & INNOVATION,2010-07-12T00:00:00.000,BROOKLYN,COMPUTER SYSTEMS MANAGER,ACTIVE,103858.00,per Annum,1820,100649.40,0,0.00,0.00
2025,858,TECHNOLOGY & INNOVATION,2018-03-26T00:00:00.000,BROOKLYN,PRINCIPAL ADMINISTRATIVE ASSOCIATE -  NON SUPVR,ACTIVE,65615.00,per Annum,1820,64485.66,0,0.00,1662.92
2025,858,TECHNOLOGY & INNOVATION,2009-10-19T00:00:00.000,BROOKLYN,COMPUTER SYSTEMS MANAGER,ACTIVE,200093.00,per Annum,1820,193242.22,0,0.00,551.60
2025,858,TECHNOLOGY & INNOVATION,2009-08-03T00:00:00.000,MANHATTAN,ASSOCIATE CALL CENTER REPRESENTATIVE-NON-SPVR,ACTIVE,69625.00,per Annum,1820,62206.26,2,74.52,4574.93
2025,858,TECHNOLOGY & INNOVATION,2009-08-03T00:00:00.000,MANHATTAN,CALL CENTER REPRESENTATIVE,CEASED,45409.00,per Annum,1208.62,30143.20,0,0.00,5752.58
2025,858,TECHNOLOGY & INNOVATION,2025-01-06T00:00:00.000,MANHATTAN,CALL CENTER REPRESENTATIVE,CEASED,39486.00,per Annum,140,2715.64,0,0.00,0.00
2025,858,TECHNOLOGY & INNOVATION,2013-03-11T00:00:00.000,BROOKLYN,COMPUTER OPERATIONS MANAGER,ACTIVE,115587.00,per Annum,1820,110221.16,0,0.00,2044.35
