fiscal_year,payroll_number,agency_name,agency_start_date,work_location_borough,title_description,leave_status_as_of_june_30,base_salary,pay_basis,regular_hours,regular_gross_paid,ot_hours,total_ot_paid,total_other_pay
2021,67,ADMIN FOR CHILDREN'S SVCS,2021-04-26T00:00:00.000,QUEENS,YOUTH DEVELOPMENT SPECIALIST,CEASED,45759.00,per Annum,210,5453.43,0,0.00,0.00
2021,67,ADMIN FOR CHILDREN'S SVCS,2017-04-10T00:00:00.000,BRONX,CHILD PROTECTIVE SPECIALIST,ACTIVE,60327.00,per Annum,1820,60157.15,1,33.95,1683.74
2021,67,ADMIN FOR CHILDREN'S SVCS,2020-12-07T00:00:00.000,QUEENS,YOUTH DEVELOPMENT SPECIALIST,CEASED,45759.00,per Annum,36.25,908.80,0,0.00,0.00
2021,67,ADMIN FOR CHILDREN'S SVCS,2016-05-16T00:00:00.000,BRONX,CHILD PROTECTIVE SPECIALIST,ACTIVE,60327.00,per Annum,1820,60157.15,0,0.00,1698.39
2021,67,ADMIN FOR CHILDREN'S SVCS,2017-02-06T00:00:00.000,BRONX,CHILD PROTECTIVE SPECIALIST,ACTIVE,60327.00,per Annum,1820,60157.15,0,0.00,1886.03
2021,67,ADMIN FOR CHILDREN'S SVCS,2020-04-27T00:00:00.000,RICHMOND,AGENCY ATTORNEY,ACTIVE,95632.00,per Annum,1820,95362.92,0,0.00,49.50
2021,67,ADMIN FOR CHILDREN'S SVCS,2011-08-30T00:00:00.000,BRONX,CHILD PROTECTIVE SPECIALIST SUPERVISOR,ACTIVE,67392.00,per Annum,1579,76242.59,89.75,5130.87,3232.55
2021,67,ADMIN FOR CHILDREN'S SVCS,2019-02-11T00:00:00.000,BRONX,CHILD PROTECTIVE SPECIALIST,ACTIVE,60327.00,per Annum,1820,60157.15,439,19961.55,4659.29
2021,67,ADMIN FOR CHILDREN'S SVCS,2017-11-06T00:00:00.000,MANHATTAN,AGENCY ATTORNEY,ACTIVE,82137.00,per Annum,1820,81905.81,0,0.00,3090.60
2021,67,ADMIN FOR CHILDREN'S SVCS,2001-10-01T00:00:00.000,MANHATTAN,SHEET METAL WORKER,ACTIVE,405.44,per Day,1820,105414.40,250,28960.00,0.00
2021,67,ADMIN FOR CHILDREN'S SVCS,2014-10-20T00:00:00.000,MANHATTAN,ADMINISTRATIVE DIRECTOR OF SOCIAL SERVICES,ACTIVE,85939.00,per Annum,1820,85697.11,0,0.00,0.00
2021,67,ADMIN FOR CHILDREN'S SVCS,2017-06-12T00:00:00.000,BRONX,AGENCY ATTORNEY,ACTIVE,82137.00,per Annum,1820,81905.81,1,46.84,3796.69
2021,67,ADMIN FOR CHILDREN'S SVCS,1996-06-23T00:00:00.000,BRONX,CHILD AND FAMILY SPECIALIST,ACTIVE,89429.00,per Annum,1820,89177.21,72.75,3846.83,810.03
2021,67,ADMIN FOR CHILDREN'S SVCS,2016-08-08T00:00:00.000,MANHATTAN,CHILD PROTECTIVE SPECIALIST,ACTIVE,60327.00,per Annum,1820,60157.15,565.25,26553.56,7475.50
2021,67,ADMIN FOR CHILDREN'S SVCS,1997-02-02T00:00:00.000,QUEENS,CHILD AND FAMILY SPECIALIST,ACTIVE,89429.00,per Annum,1820,89177.21,84.25,5271.33,758.85
2021,67,ADMIN FOR CHILDREN'S SVCS,1998-01-05T00:00:00.000,MANHATTAN,CHILD AND FAMILY SPECIALIST,CEASED,98484.00,per Annum,1043,56276.60,0,0.00,5498.80
2021,67,ADMIN FOR CHILDREN'S SVCS,2017-08-14T00:00:00.000,MANHATTAN,CHILD PROTECTIVE SPECIALIST,ON LEAVE,60327.00,per Annum,1330,43720.13,0,0.00,1000.11
2021,67,ADMIN FOR CHILDREN'S SVCS,2018-04-23T00:00:00.000,QUEENS,CHILD PROTECTIVE SPECIALIST,CEASED,60327.00,per Annum,-210,-6758.14,0,0.00,-97.32
2021,67,ADMIN FOR CHILDREN'S SVCS,2017-08-14T00:00:00.000,RICHMOND,CHILD PROTECTIVE SPECIALIST,CEASED,58782.00,per Annum,0,0.00,2.25,71.30,0.00
2021,67,ADMIN FOR CHILDREN'S SVCS,2017-10-16T00:00:00.000,BRONX,CHILD PROTECTIVE SPECIALIST,ACTIVE,60327.00,per Annum,1820,60157.15,9,302.76,1240.23
2021,67,ADMIN FOR CHILDREN'S SVCS,2018-09-10T00:00:00.000,BROOKLYN,COMMUNITY COORDINATOR,CEASED,62215.00,per Annum,1036,34996.42,6.5,201.54,217.05
2021,67,ADMIN FOR CHILDREN'S SVCS,2018-09-10T00:00:00.000,MANHATTAN,CONGREG CARE SPEC - ACS,ACTIVE,42731.00,per Annum,1820,42610.79,269.75,7175.47,2563.13
2021,67,ADMIN FOR CHILDREN'S SVCS,2018-07-09T00:00:00.000,BROOKLYN,CHILD PROTECTIVE SPECIALIST,ACTIVE,60327.00,per Annum,1820,58751.60,63,2155.64,1489.62
2021,67,ADMIN FOR CHILDREN'S SVCS,2017-09-11T00:00:00.000,MANHATTAN,COMMUNITY ASSOCIATE,ACTIVE,44083.00,per Annum,1820,42271.65,336.5,10272.73,1099.25
2021,67,ADMIN FOR CHILDREN'S SVCS,1999-02-22T00:00:00.000,BROOKLYN,CHILD PROTECTIVE SPECIALIST,ACTIVE,60351.00,per Annum,1820,60181.06,156.5,5950.50,5254.09
2021,67,ADMIN FOR CHILDREN'S SVCS,1999-09-13T00:00:00.000,BRONX,CHILD WELFARE SPECIALIST SUPERVISOR,ACTIVE,81150.00,per Annum,1820,80921.53,329,18755.18,5092.91
2021,67,ADMIN FOR CHILDREN'S SVCS,2002-03-18T00:00:00.000,MANHATTAN,CITY RESEARCH SCIENTIST,ACTIVE,97464.00,per Annum,1820,97189.80,0,0.00,8159.95
2021,67,ADMIN FOR CHILDREN'S SVCS,2019-02-04T00:00:00.000,MANHATTAN,COMMUNITY COORDINATOR,ACTIVE,62215.00,per Annum,1820,61497.18,0,0.00,0.00
2021,67,ADMIN FOR CHILDREN'S SVCS,1999-06-28T00:00:00.000,MANHATTAN,ADMINISTRATIVE DIRECTOR OF SOCIAL SERVICES,ACTIVE,104113.00,per Annum,1820,103820.08,0,0.00,1973.95
2021,67,ADMIN FOR CHILDREN'S SVCS,2001-08-27T00:00:00.000,BROOKLYN,AGENCY ATTORNEY,ACTIVE,95632.00,per Annum,1820,95362.92,15,921.30,16918.33
2021,67,ADMIN FOR CHILDREN'S SVCS,1999-04-26T00:00:00.000,RICHMOND,DIRECTOR OF FIELD OPERATIONS,ACTIVE,115927.00,per Annum,1820,115600.83,0,0.00,-2220.80
2021,67,ADMIN FOR CHILDREN'S SVCS,2019-06-24T00:00:00.000,MANHATTAN,CHILD AND FAMILY SPECIALIST,ACTIVE,87460.00,per Annum,1820,87213.84,0,0.05,7746.54
2021,67,ADMIN FOR CHILDREN'S SVCS,2014-10-20T00:00:00.000,BRONX,CHILD PROTECTIVE SPECIALIST SUPERVISOR,ACTIVE,67392.00,per Annum,1820,89958.13,16.75,2386.19,2578.61
2021,67,ADMIN FOR CHILDREN'S SVCS,2000-09-18T00:00:00.000,MANHATTAN,TELECOMMUNICATIONS ASSOCIATE,ACTIVE,117956.00,per Annum,1820,118838.86,109.5,9591.17,5394.67
2021,67,ADMIN FOR CHILDREN'S SVCS,2018-02-05T00:00:00.000,MANHATTAN,CHILD PROTECTIVE SPECIALIST,ACTIVE,60327.00,per Annum,1820,60157.15,7.5,292.98,1085.89
2021,67,ADMIN FOR CHILDREN'S SVCS,2004-07-12T00:00:00.000,RICHMOND,CLERICAL ASSOCIATE,ACTIVE,37777.00,per Annum,1820,57656.05,2.75,1751.61,3213.07
2021,67,ADMIN FOR CHILDREN'S SVCS,2020-01-21T00:00:00.000,BROOKLYN,YOUTH DEVELOPMENT SPECIALIST,ACTIVE,49318.00,per Annum,1820,48774.41,363,12879.55,868.84
2021,67,ADMIN FOR CHILDREN'S SVCS,2018-10-29T00:00:00.000,BRONX,CHILD PROTECTIVE SPECIALIST,ACTIVE,60327.00,per Annum,1820,59607.00,41.75,1444.46,869.65
2021,67,ADMIN FOR CHILDREN'S SVCS,2018-02-05T00:00:00.000,RICHMOND,CHILD PROTECTIVE SPECIALIST,ACTIVE,60327.00,per Annum,1820,60157.15,18.25,676.65,1106.12
2021,67,ADMIN FOR CHILDREN'S SVCS,2009-09-21T00:00:00.000,MANHATTAN,AGENCY ATTORNEY,ACTIVE,91701.00,per Annum,1820,91442.93,0,0.00,10048.64
2021,67,ADMIN FOR CHILDREN'S SVCS,1996-06-23T00:00:00.000,MANHATTAN,ADMINISTRATIVE DIRECTOR OF SOCIAL SERVICES,ACTIVE,99271.00,per Annum,1820,98991.47,0,0.00,1973.95
2021,67,ADMIN FOR CHILDREN'S SVCS,1996-06-23T00:00:00.000,BROOKLYN,DIRECTOR OF FIELD OPERATIONS,ACTIVE,102904.00,per Annum,1820,102614.30,0,0.00,-1971.35
2021,67,ADMIN FOR CHILDREN'S SVCS,1997-02-02T00:00:00.000,MANHATTAN,COMPUTER SPECIALIST,ACTIVE,94637.00,per Annum,1820,94370.58,0,0.00,6071.60
2021,67,ADMIN FOR CHILDREN'S SVCS,2019-04-08T00:00:00.000,MANHATTAN,COMPUTER ASSOCIATE,ACTIVE,76587.00,per Annum,1820,76371.35,0,0.00,5282.22
2021,67,ADMIN FOR CHILDREN'S SVCS,2021-05-10T00:00:00.000,BROOKLYN,AGENCY ATTORNEY INTERNE,ACTIVE,71757.00,per Annum,210,8227.47,0,0.00,0.00
2021,67,ADMIN FOR CHILDREN'S SVCS,1998-06-29T00:00:00.000,MANHATTAN,CONGREG CARE SPEC - ACS,ON LEAVE,55323.00,per Annum,350,2127.76,0,0.00,-20.30
2021,67,ADMIN FOR CHILDREN'S SVCS,2019-12-23T00:00:00.000,MANHATTAN,CONGREG CARE SPEC - ACS,ACTIVE,41486.00,per Annum,1820,41369.14,153.75,4308.73,2535.40
2021,67,ADMIN FOR CHILDREN'S SVCS,2019-10-28T00:00:00.000,BROOKLYN,YOUTH DEVELOPMENT SPECIALIST,ACTIVE,49318.00,per Annum,1823,46888.53,159.5,5486.37,4519.57
2021,67,ADMIN FOR CHILDREN'S SVCS,2019-11-12T00:00:00.000,BROOKLYN,CHILD PROTECTIVE SPECIALIST,ACTIVE,58782.00,per Annum,1820,54969.76,45,1524.99,469.44
2021,67,ADMIN FOR CHILDREN'S SVCS,2019-07-22T00:00:00.000,QUEENS,CHILD PROTECTIVE SPECIALIST,ACTIVE,58782.00,per Annum,1820,56462.64,0,0.00,725.27
2021,67,ADMIN FOR CHILDREN'S SVCS,2019-07-22T00:00:00.000,RICHMOND,CHILD PROTECTIVE SPECIALIST,ACTIVE,58782.00,per Annum,1820,56462.64,2.25,67.89,914.52
2021,67,ADMIN FOR CHILDREN'S SVCS,2019-11-12T00:00:00.000,BROOKLYN,CHILD PROTECTIVE SPECIALIST,ACTIVE,58782.00,per Annum,1820,54969.76,73.75,2421.03,413.89
2021,67,ADMIN FOR CHILDREN'S SVCS,2019-09-16T00:00:00.000,BROOKLYN,AGENCY ATTORNEY INTERNE,ACTIVE,71757.00,per Annum,1820,57931.03,0,0.00,0.00
2021,67,ADMIN FOR CHILDREN'S SVCS,2019-07-22T00:00:00.000,BROOKLYN,CHILD PROTECTIVE SPECIALIST,ACTIVE,58782.00,per Annum,1820,56462.64,18.5,761.86,764.80
2021,67,ADMIN FOR CHILDREN'S SVCS,2019-02-25T00:00:00.000,BRONX,YOUTH DEVELOPMENT SPECIALIST,ACTIVE,52877.00,per Annum,1820,51488.66,249.25,9736.20,4938.18
2021,67,ADMIN FOR CHILDREN'S SVCS,1996-06-23T00:00:00.000,BRONX,CHILD PROTECTIVE SPECIALIST,ACTIVE,60351.00,per Annum,1820,60181.06,28,1016.79,5091.81
2021,67,ADMIN FOR CHILDREN'S SVCS,2017-02-06T00:00:00.000,QUEENS,CHILD PROTECTIVE SPECIALIST,ACTIVE,60327.00,per Annum,1820,60157.15,106.25,4048.57,2118.60
2021,67,ADMIN FOR CHILDREN'S SVCS,2014-08-04T00:00:00.000,BROOKLYN,CHILD PROTECTIVE SPECIALIST,ACTIVE,60327.00,per Annum,1820,60157.15,99.25,3570.10,2624.06
2021,67,ADMIN FOR CHILDREN'S SVCS,2017-10-16T00:00:00.000,BROOKLYN,PROTECTION AGENT,ACTIVE,66809.00,per Annum,2080,66621.03,0,0.00,0.00
2021,67,ADMIN FOR CHILDREN'S SVCS,2018-09-24T00:00:00.000,BRONX,COMMUNITY COORDINATOR,ACTIVE,62215.00,per Annum,1820,62039.92,78,3222.31,1441.26
2021,67,ADMIN FOR CHILDREN'S SVCS,2015-12-14T00:00:00.000,MANHATTAN,STAFF ANALYST,ACTIVE,66875.00,per Annum,1820,66686.82,0,0.00,66.00
2021,67,ADMIN FOR CHILDREN'S SVCS,2017-06-26T00:00:00.000,MANHATTAN,PROTECTION AGENT,ACTIVE,66809.00,per Annum,2080,66621.03,5,239.97,0.00
2021,67,ADMIN FOR CHILDREN'S SVCS,2006-06-05T00:00:00.000,QUEENS,CHILD PROTECTIVE SPECIALIST,ACTIVE,60327.00,per Annum,1820,60157.15,56,2564.66,4288.64
2021,67,ADMIN FOR CHILDREN'S SVCS,2018-04-02T00:00:00.000,MANHATTAN,PROTECTION AGENT,ACTIVE,66809.00,per Annum,2080,66660.40,9.25,443.95,0.00
2021,67,ADMIN FOR CHILDREN'S SVCS,2018-08-06T00:00:00.000,BROOKLYN,COMMUNITY COORDINATOR,ACTIVE,62215.00,per Annum,1820,58359.62,96.25,3963.53,4811.53
2021,67,ADMIN FOR CHILDREN'S SVCS,2010-08-23T00:00:00.000,MANHATTAN,CHILD PROTECTIVE SPECIALIST,ACTIVE,60327.00,per Annum,1820,60157.15,73.25,2784.96,4247.80
2021,67,ADMIN FOR CHILDREN'S SVCS,1996-06-23T00:00:00.000,MANHATTAN,CHILD WELFARE SPECIALIST SUPERVISOR,ACTIVE,86452.00,per Annum,1342,63580.95,0,0.14,3739.22
2021,67,ADMIN FOR CHILDREN'S SVCS,1996-06-23T00:00:00.000,MANHATTAN,COMMUNITY COORDINATOR,ACTIVE,66014.00,per Annum,1820,65828.10,0,0.00,1492.34
2021,67,ADMIN FOR CHILDREN'S SVCS,2011-07-04T00:00:00.000,BRONX,PRINCIPAL ADMINISTRATIVE ASSOCIATE -  NON SUPVR,ACTIVE,55053.00,per Annum,1820,54419.44,204.5,8388.41,4727.43
2021,67,ADMIN FOR CHILDREN'S SVCS,2017-04-10T00:00:00.000,QUEENS,CHILD PROTECTIVE SPECIALIST,ACTIVE,60327.00,per Annum,1820,60157.15,138.5,5503.69,1975.74
2021,67,ADMIN FOR CHILDREN'S SVCS,1997-07-06T00:00:00.000,MANHATTAN,SUPERVISOR II,ACTIVE,69152.00,per Annum,1820,68957.48,0,0.00,5043.19
2021,67,ADMIN FOR CHILDREN'S SVCS,1996-06-23T00:00:00.000,MANHATTAN,CHILD WELFARE SPECIALIST,ON SEPARATION LEAVE,69843.00,per Annum,1820,69646.43,0,1.91,5043.41
2021,67,ADMIN FOR CHILDREN'S SVCS,2019-03-25T00:00:00.000,BROOKLYN,YOUTH DEVELOPMENT SPECIALIST,ACTIVE,52877.00,per Annum,1820,51813.94,484.5,19016.77,4025.32
2021,67,ADMIN FOR CHILDREN'S SVCS,2014-11-24T00:00:00.000,MANHATTAN,COMMUNITY COORDINATOR,ACTIVE,75010.00,per Annum,1820,74798.98,0,0.00,123.75
2021,67,ADMIN FOR CHILDREN'S SVCS,1997-07-06T00:00:00.000,QUEENS,ADM MANAGER-NON-MGRL,ACTIVE,74127.00,per Annum,1820,73184.54,0,0.00,1972.22
2021,67,ADMIN FOR CHILDREN'S SVCS,2005-03-21T00:00:00.000,BROOKLYN,CHILD PROTECTIVE SPECIALIST SUPERVISOR,ACTIVE,67392.00,per Annum,1820,67202.35,67.25,2740.27,5225.61
2021,67,ADMIN FOR CHILDREN'S SVCS,1997-10-27T00:00:00.000,MANHATTAN,DIRECTOR OF FIELD OPERATIONS,ACTIVE,110647.00,per Annum,1820,110335.46,0,0.00,-2119.65
2021,67,ADMIN FOR CHILDREN'S SVCS,1996-06-23T00:00:00.000,MANHATTAN,ADMINISTRATIVE STAFF ANALYST,ACTIVE,87013.00,per Annum,1820,86767.97,271,18293.84,3499.38
2021,67,ADMIN FOR CHILDREN'S SVCS,1998-03-09T00:00:00.000,MANHATTAN,PRINCIPAL ADMINISTRATIVE ASSOCIATE -  NON SUPVR,ACTIVE,106688.00,per Annum,1820,105468.30,0,0.00,4331.46
2021,67,ADMIN FOR CHILDREN'S SVCS,2011-07-04T00:00:00.000,MANHATTAN,ASSOCIATE YOUTH DEVELOPMENT SPECIALIST,ACTIVE,80374.00,per Annum,1820,83009.69,391.75,25514.61,10929.37
2021,67,ADMIN FOR CHILDREN'S SVCS,2017-10-16T00:00:00.000,MANHATTAN,DIRECTOR OF FIELD OPERATIONS,ACTIVE,123537.00,per Annum,1820,123189.41,0,0.00,-2366.60
2021,67,ADMIN FOR CHILDREN'S SVCS,2006-07-24T00:00:00.000,MANHATTAN,CHILD PROTECTIVE SPECIALIST SUPERVISOR,ACTIVE,86096.00,per Annum,1820,85853.62,595.5,39126.09,5514.86
2021,67,ADMIN FOR CHILDREN'S SVCS,2007-11-19T00:00:00.000,MANHATTAN,CHILD PROTECTIVE SPECIALIST SUPERVISOR,ACTIVE,86096.00,per Annum,1820,85853.62,502,34335.03,11066.26
2021,67,ADMIN FOR CHILDREN'S SVCS,2008-03-31T00:00:00.000,MANHATTAN,AGENCY ATTORNEY,CEASED,91563.00,per Annum,1421,71211.59,12.5,834.69,8294.22
2021,67,ADMIN FOR CHILDREN'S SVCS,2017-09-18T00:00:00.000,MANHATTAN,PROGRAM EVALUATOR,ACTIVE,80826.00,per Annum,1820,80598.62,0,0.00,33.00
2021,67,ADMIN FOR CHILDREN'S SVCS,2018-12-24T00:00:00.000,MANHATTAN,ADM MANAGER-NON-MGRL,ACTIVE,110000.00,per Annum,1820,80938.75,0,0.00,49.50
2021,67,ADMIN FOR CHILDREN'S SVCS,2018-09-17T00:00:00.000,MANHATTAN,CHILD AND FAMILY SPECIALIST,ACTIVE,83981.00,per Annum,1820,81104.53,0,0.00,66.00
2021,67,ADMIN FOR CHILDREN'S SVCS,2017-02-21T00:00:00.000,MANHATTAN,ADMINISTRATIVE PUBLIC HEALTH NURSE,ACTIVE,94963.00,per Annum,1820,94695.81,0,0.00,6983.62
2021,67,ADMIN FOR CHILDREN'S SVCS,1996-06-23T00:00:00.000,QUEENS,CHILD PROTECTIVE SPECIALIST SUPERVISOR,ACTIVE,92180.00,per Annum,1820,91920.52,0,0.00,5043.41
2021,67,ADMIN FOR CHILDREN'S SVCS,2001-02-20T00:00:00.000,QUEENS,CHILD PROTECTIVE SPECIALIST SUPERVISOR,ACTIVE,86138.00,per Annum,1820,85895.48,94.5,4998.24,5257.95
2021,67,ADMIN FOR CHILDREN'S SVCS,2017-11-06T00:00:00.000,QUEENS,AGENCY ATTORNEY,ACTIVE,82137.00,per Annum,1820,81905.81,38.25,1876.53,3504.50
2021,67,ADMIN FOR CHILDREN'S SVCS,2016-04-11T00:00:00.000,MANHATTAN,AGENCY ATTORNEY,ACTIVE,82137.00,per Annum,1820,81905.81,3,141.42,5123.89
2021,67,ADMIN FOR CHILDREN'S SVCS,1997-07-06T00:00:00.000,MANHATTAN,CASEWORKER,CEASED,48316.00,per Annum,0,0.00,0,0.00,49.75
2021,67,ADMIN FOR CHILDREN'S SVCS,1996-06-23T00:00:00.000,MANHATTAN,CHILD WELFARE SPECIALIST,CEASED,55880.00,per Annum,0,0.00,0,1.18,48.65
2021,67,ADMIN FOR CHILDREN'S SVCS,2017-09-11T00:00:00.000,BROOKLYN,CHILD PROTECTIVE SPECIALIST,ACTIVE,60327.00,per Annum,1820,60157.15,185.5,7245.08,1118.27
2021,67,ADMIN FOR CHILDREN'S SVCS,2016-05-16T00:00:00.000,BRONX,CHILD PROTECTIVE SPECIALIST,ACTIVE,60327.00,per Annum,1820,60157.15,145,5558.86,2128.02
2021,67,ADMIN FOR CHILDREN'S SVCS,2007-07-16T00:00:00.000,RICHMOND,CHILD PROTECTIVE SPECIALIST SUPERVISOR,ACTIVE,86096.00,per Annum,1820,89051.02,377.5,24158.39,9225.03
2021,67,ADMIN FOR CHILDREN'S SVCS,2018-02-05T00:00:00.000,QUEENS,CHILD PROTECTIVE SPECIALIST,ACTIVE,60327.00,per Annum,1820,60157.15,0,0.00,1056.12
2021,67,ADMIN FOR CHILDREN'S SVCS,2018-11-26T00:00:00.000,MANHATTAN,COMMUNITY COORDINATOR,ACTIVE,62215.00,per Annum,1820,61191.61,0,0.00,0.00
2021,67,ADMIN FOR CHILDREN'S SVCS,2018-04-23T00:00:00.000,BRONX,CHILD PROTECTIVE SPECIALIST,ACTIVE,58782.00,per Annum,1820,60125.22,4.5,172.41,845.70
2021,67,ADMIN FOR CHILDREN'S SVCS,2018-04-23T00:00:00.000,BROOKLYN,CHILD PROTECTIVE SPECIALIST,ACTIVE,60327.00,per Annum,1820,60169.82,0,0.00,870.46
2021,67,ADMIN FOR CHILDREN'S SVCS,2005-05-02T00:00:00.000,MANHATTAN,CERTIFIED IT ADMINISTRATOR,ACTIVE,99899.00,per Annum,1820,101131.93,57.75,3883.69,6132.90
2021,67,ADMIN FOR CHILDREN'S SVCS,2011-07-04T00:00:00.000,BROOKLYN,ASSOCIATE YOUTH DEVELOPMENT SPECIALIST,ACTIVE,71590.00,per Annum,1820,73863.57,423.75,23942.11,12841.23
2021,67,ADMIN FOR CHILDREN'S SVCS,2012-10-09T00:00:00.000,MANHATTAN,PROGRAM EVALUATOR,ACTIVE,78143.00,per Annum,1743,74626.05,11.5,624.59,1432.39
2021,67,ADMIN FOR CHILDREN'S SVCS,2012-07-09T00:00:00.000,MANHATTAN,ADMINISTRATIVE STAFF ANALYST,ACTIVE,76835.00,per Annum,1820,76618.85,0,0.00,0.00
2021,67,ADMIN FOR CHILDREN'S SVCS,2019-03-25T00:00:00.000,BRONX,YOUTH DEVELOPMENT SPECIALIST,ACTIVE,52877.00,per Annum,1820,51813.94,472.25,18342.53,6186.59
2021,67,ADMIN FOR CHILDREN'S SVCS,2015-11-30T00:00:00.000,BROOKLYN,YOUTH DEVELOPMENT SPECIALIST,ACTIVE,57961.00,per Annum,1820,59394.77,0,0.00,1346.23
2021,67,ADMIN FOR CHILDREN'S SVCS,2018-10-29T00:00:00.000,BRONX,CHILD PROTECTIVE SPECIALIST,ACTIVE,60327.00,per Annum,1820,59607.00,0,0.00,919.96
2021,67,ADMIN FOR CHILDREN'S SVCS,2019-12-23T00:00:00.000,MANHATTAN,PRINCIPAL ADMINISTRATIVE ASSOCIATE -  NON SUPVR,ACTIVE,61015.00,per Annum,1820,60322.42,0,0.00,0.00
2021,67,ADMIN FOR CHILDREN'S SVCS,2020-02-18T00:00:00.000,MANHATTAN,CHILD PROTECTIVE SPECIALIST,ACTIVE,55125.00,per Annum,1820,54275.99,169,5801.13,242.15
2021,67,ADMIN FOR CHILDREN'S SVCS,2013-08-05T00:00:00.000,BROOKLYN,CHILD PROTECTIVE SPECIALIST,ACTIVE,60327.00,per Annum,1820,60157.15,155.75,5748.48,3125.07
2021,67,ADMIN FOR CHILDREN'S SVCS,2020-03-29T00:00:00.000,MANHATTAN,COMMUNITY COORDINATOR,ACTIVE,60400.00,per Annum,1820,60229.94,0,0.00,0.00
2021,67,ADMIN FOR CHILDREN'S SVCS,2018-10-09T00:00:00.000,MANHATTAN,PRINCIPAL ADMINISTRATIVE ASSOCIATE -  NON SUPVR,ACTIVE,54531.00,per Annum,1820,51829.66,0,0.00,0.00
2021,67,ADMIN FOR CHILDREN'S SVCS,1996-06-23T00:00:00.000,MANHATTAN,EXECUTIVE AGENCY COUNSEL,CEASED,135353.00,per Annum,0,0.00,0,0.00,122947.06
2021,67,ADMIN FOR CHILDREN'S SVCS,2013-02-11T00:00:00.000,QUEENS,CHILD PROTECTIVE SPECIALIST,ACTIVE,60327.00,per Annum,840,27766.92,82.75,3114.17,1203.54
2021,67,ADMIN FOR CHILDREN'S SVCS,1996-06-23T00:00:00.000,MANHATTAN,STAFF ANALYST,ACTIVE,68234.00,per Annum,1820,68041.84,39.5,2087.59,5583.65
2021,67,ADMIN FOR CHILDREN'S SVCS,2019-11-25T00:00:00.000,BROOKLYN,YOUTH DEVELOPMENT SPECIALIST,ACTIVE,45759.00,per Annum,280,7285.97,0,0.00,26.46
2021,67,ADMIN FOR CHILDREN'S SVCS,2021-05-24T00:00:00.000,MANHATTAN,CHILD PROTECTIVE SPECIALIST,ACTIVE,50757.00,per Annum,140,3819.51,0,0.00,0.00
2021,67,ADMIN FOR CHILDREN'S SVCS,2021-03-15T00:00:00.000,QUEENS,YOUTH DEVELOPMENT SPECIALIST,CEASED,45759.00,per Annum,210,3760.94,0,0.00,0.00
2021,67,ADMIN FOR CHILDREN'S SVCS,2021-05-24T00:00:00.000,QUEENS,CHILD PROTECTIVE SPECIALIST,ACTIVE,50757.00,per Annum,140,3699.00,0,0.00,0.00
2021,67,ADMIN FOR CHILDREN'S SVCS,2019-07-22T00:00:00.000,BROOKLYN,CHILD PROTECTIVE SPECIALIST,CEASED,55125.00,per Annum,70,326.87,8,243.55,2.28
2021,67,ADMIN FOR CHILDREN'S SVCS,1999-02-22T00:00:00.000,BROOKLYN,CHILD PROTECTIVE SPECIALIST SUPERVISOR,ACTIVE,86156.00,per Annum,1890,89218.03,59.5,3095.84,5371.31
2021,67,ADMIN FOR CHILDREN'S SVCS,2014-06-23T00:00:00.000,MANHATTAN,ADMINISTRATIVE DIRECTOR OF SOCIAL SERVICES,ACTIVE,198066.00,per Annum,1820,197508.48,0,0.00,-3794.35
2021,67,ADMIN FOR CHILDREN'S SVCS,1996-06-23T00:00:00.000,BROOKLYN,CHILD PROTECTIVE SPECIALIST SUPERVISOR,ACTIVE,92284.00,per Annum,1820,92024.25,0,0.00,5383.00
2021,67,ADMIN FOR CHILDREN'S SVCS,2014-12-01T00:00:00.000,MANHATTAN,AGENCY ATTORNEY,ACTIVE,91563.00,per Annum,1820,91305.40,4,213.53,5822.16
2021,67,ADMIN FOR CHILDREN'S SVCS,2009-06-15T00:00:00.000,MANHATTAN,CHILD PROTECTIVE SPECIALIST,ON SEPARATION LEAVE,60327.00,per Annum,1820,60157.15,581.75,28134.24,8884.71
2021,67,ADMIN FOR CHILDREN'S SVCS,2013-08-05T00:00:00.000,BRONX,CHILD PROTECTIVE SPECIALIST SUPERVISOR,ACTIVE,86096.00,per Annum,1820,85853.62,95,5118.43,2700.24
2021,67,ADMIN FOR CHILDREN'S SVCS,2019-02-19T00:00:00.000,MANHATTAN,AGENCY ATTORNEY,ACTIVE,91563.00,per Annum,1820,91305.40,0,0.00,2056.65
2021,67,ADMIN FOR CHILDREN'S SVCS,2019-08-19T00:00:00.000,MANHATTAN,AGENCY ATTORNEY,ACTIVE,91563.00,per Annum,1820,91305.40,0,0.00,1891.04
2021,67,ADMIN FOR CHILDREN'S SVCS,2016-08-15T00:00:00.000,MANHATTAN,CHILD AND FAMILY SPECIALIST,ACTIVE,83981.00,per Annum,1820,83744.65,0,0.00,0.00
2021,67,ADMIN FOR CHILDREN'S SVCS,2014-03-31T00:00:00.000,BROOKLYN,CHILD AND FAMILY SPECIALIST,ACTIVE,83981.00,per Annum,1820,83744.65,0,0.00,0.00
2021,67,ADMIN FOR CHILDREN'S SVCS,2019-05-20T00:00:00.000,BROOKLYN,CHILD WELFARE SPECIALIST SUPERVISOR,ACTIVE,81126.00,per Annum,1820,80897.61,19.25,1110.48,1325.42
2021,67,ADMIN FOR CHILDREN'S SVCS,2016-11-14T00:00:00.000,BRONX,ASSOCIATE YOUTH DEVELOPMENT SPECIALIST,ACTIVE,71567.00,per Annum,1820,72845.27,127,6779.12,3146.70
2021,67,ADMIN FOR CHILDREN'S SVCS,2007-08-13T00:00:00.000,MANHATTAN,CHILD WELFARE SPECIALIST SUPERVISOR,ACTIVE,81126.00,per Annum,1890,78719.42,0,0.00,3985.60
2021,67,ADMIN FOR CHILDREN'S SVCS,2002-01-28T00:00:00.000,QUEENS,CHILD PROTECTIVE SPECIALIST SUPERVISOR,ACTIVE,67434.00,per Annum,1820,71539.01,128,5763.23,5234.31
2021,67,ADMIN FOR CHILDREN'S SVCS,1996-06-24T00:00:00.000,BRONX,EXECUTIVE AGENCY COUNSEL,ACTIVE,135353.00,per Annum,1820,134971.99,0,0.00,-2592.95
2021,67,ADMIN FOR CHILDREN'S SVCS,1998-06-01T00:00:00.000,MANHATTAN,ADMINISTRATIVE DIRECTOR OF SOCIAL SERVICES,ACTIVE,118000.00,per Annum,1820,117667.94,0,0.00,-2260.55
2021,67,ADMIN FOR CHILDREN'S SVCS,2016-07-11T00:00:00.000,MANHATTAN,COMPUTER SPECIALIST,ACTIVE,105115.00,per Annum,1820,104819.19,72.75,4902.33,5526.26
2021,67,ADMIN FOR CHILDREN'S SVCS,2019-09-30T00:00:00.000,MANHATTAN,PRINCIPAL ADMINISTRATIVE ASSOCIATE -  NON SUPVR,ACTIVE,25.95,per Hour,1090.42,28036.74,0,0.00,0.00
2021,67,ADMIN FOR CHILDREN'S SVCS,2019-04-29T00:00:00.000,MANHATTAN,CHILD PROTECTIVE SPECIALIST,ACTIVE,60327.00,per Annum,1820,57534.39,161.25,6916.28,1206.58
2021,67,ADMIN FOR CHILDREN'S SVCS,2017-08-14T00:00:00.000,BRONX,CHILD PROTECTIVE SPECIALIST,ACTIVE,60327.00,per Annum,1820,60157.15,99.25,3786.56,1596.65
2021,67,ADMIN FOR CHILDREN'S SVCS,2006-05-15T00:00:00.000,BROOKLYN,CHILD PROTECTIVE SPECIALIST,ACTIVE,60327.00,per Annum,1820,60157.15,23.75,853.15,4287.52
2021,67,ADMIN FOR CHILDREN'S SVCS,2017-06-26T00:00:00.000,MANHATTAN,CHILD PROTECTIVE SPECIALIST,ACTIVE,60327.00,per Annum,1820,60157.15,96.75,3512.24,1573.29
2021,67,ADMIN FOR CHILDREN'S SVCS,2018-09-10T00:00:00.000,BRONX,COMMUNITY COORDINATOR,ACTIVE,62215.00,per Annum,1820,61052.94,86,3135.55,1003.49
2021,67,ADMIN FOR CHILDREN'S SVCS,2018-04-23T00:00:00.000,BRONX,CHILD PROTECTIVE SPECIALIST,ACTIVE,60327.00,per Annum,1820,60157.15,100.75,3754.41,1274.78
2021,67,ADMIN FOR CHILDREN'S SVCS,2008-01-14T00:00:00.000,MANHATTAN,COMMUNITY COORDINATOR,ACTIVE,64419.00,per Annum,1820,63767.23,6.5,229.77,1120.12
2021,67,ADMIN FOR CHILDREN'S SVCS,1996-06-23T00:00:00.000,MANHATTAN,CHILD WELFARE SPECIALIST SUPERVISOR,CEASED,67785.00,per Annum,973,36134.27,0,0.00,4499.57
2021,67,ADMIN FOR CHILDREN'S SVCS,2020-09-14T00:00:00.000,MANHATTAN,COMMUNITY COORDINATOR,ACTIVE,54100.00,per Annum,1400,41501.40,0,0.00,0.00
2021,67,ADMIN FOR CHILDREN'S SVCS,2019-08-26T00:00:00.000,BROOKLYN,YOUTH DEVELOPMENT SPECIALIST,ON LEAVE,49318.00,per Annum,1429,41256.71,0,0.00,565.60
2021,67,ADMIN FOR CHILDREN'S SVCS,2020-01-21T00:00:00.000,MANHATTAN,COMMUNITY ASSOCIATE,ACTIVE,41000.00,per Annum,1820,40884.54,239,6816.37,1410.04
2021,67,ADMIN FOR CHILDREN'S SVCS,2017-05-29T00:00:00.000,MANHATTAN,PROCUREMENT ANALYST,ACTIVE,58618.00,per Annum,1820,58303.45,0,0.00,0.00
2021,67,ADMIN FOR CHILDREN'S SVCS,2000-09-11T00:00:00.000,BROOKLYN,PRINCIPAL ADMINISTRATIVE ASSOCIATE -  NON SUPVR,ACTIVE,54631.00,per Annum,1820,54002.54,0,0.00,4312.46
2021,67,ADMIN FOR CHILDREN'S SVCS,2019-04-22T00:00:00.000,MANHATTAN,CHILD PROTECTIVE SPECIALIST,ACTIVE,60327.00,per Annum,1795.5,56967.49,14.75,579.32,878.70
2021,67,ADMIN FOR CHILDREN'S SVCS,2019-04-29T00:00:00.000,MANHATTAN,CHILD PROTECTIVE SPECIALIST,ON SEPARATION LEAVE,60327.00,per Annum,1820,57534.39,0,0.00,905.04
2021,67,ADMIN FOR CHILDREN'S SVCS,2018-12-17T00:00:00.000,BRONX,YOUTH DEVELOPMENT SPECIALIST,ACTIVE,52877.00,per Annum,1820,52499.58,88.75,3383.62,2872.53
2021,67,ADMIN FOR CHILDREN'S SVCS,2020-02-18T00:00:00.000,QUEENS,CHILD PROTECTIVE SPECIALIST,ACTIVE,55125.00,per Annum,1820,54275.99,135.25,4445.28,210.72
2021,67,ADMIN FOR CHILDREN'S SVCS,2019-04-29T00:00:00.000,MANHATTAN,CHILD PROTECTIVE SPECIALIST,ACTIVE,60327.00,per Annum,1820,57534.39,15.5,515.20,897.29
2021,67,ADMIN FOR CHILDREN'S SVCS,2019-11-25T00:00:00.000,BRONX,YOUTH DEVELOPMENT SPECIALIST,ON LEAVE,49318.00,per Annum,1680,45417.50,240.75,9216.42,4521.33
2021,67,ADMIN FOR CHILDREN'S SVCS,2019-11-12T00:00:00.000,MANHATTAN,CHILD PROTECTIVE SPECIALIST,ACTIVE,58782.00,per Annum,1820,54969.76,95.75,3682.89,609.68
2021,67,ADMIN FOR CHILDREN'S SVCS,2019-07-22T00:00:00.000,QUEENS,CHILD PROTECTIVE SPECIALIST,ACTIVE,58782.00,per Annum,1820,56462.64,68.75,2257.53,614.48
2021,67,ADMIN FOR CHILDREN'S SVCS,2017-02-06T00:00:00.000,BROOKLYN,CHILD PROTECTIVE SPECIALIST,ACTIVE,60327.00,per Annum,1750,57396.98,10,424.34,1846.80
2021,67,ADMIN FOR CHILDREN'S SVCS,2019-02-04T00:00:00.000,MANHATTAN,CHILD PROTECTIVE SPECIALIST,ACTIVE,60327.00,per Annum,1820,58751.60,0,0.00,1058.14
2021,67,ADMIN FOR CHILDREN'S SVCS,2008-05-19T00:00:00.000,BROOKLYN,CHILD PROTECTIVE SPECIALIST,ACTIVE,60327.00,per Annum,1820,60098.05,0,0.06,4245.78
2021,67,ADMIN FOR CHILDREN'S SVCS,2007-11-19T00:00:00.000,MANHATTAN,CHILD PROTECTIVE SPECIALIST,ACTIVE,60327.00,per Annum,1820,60157.15,0,0.00,4245.12
2021,67,ADMIN FOR CHILDREN'S SVCS,2008-10-06T00:00:00.000,BRONX,CHILD PROTECTIVE SPECIALIST,ACTIVE,60327.00,per Annum,1820,60157.15,0,0.73,4245.84
2021,67,ADMIN FOR CHILDREN'S SVCS,2018-04-23T00:00:00.000,BRONX,CHILD PROTECTIVE SPECIALIST,ACTIVE,60327.00,per Annum,1820,60157.15,95.25,3515.80,870.70
2021,67,ADMIN FOR CHILDREN'S SVCS,2005-01-24T00:00:00.000,MANHATTAN,CHILD PROTECTIVE SPECIALIST,ACTIVE,60327.00,per Annum,1750,60155.38,4,142.46,4252.60
2021,67,ADMIN FOR CHILDREN'S SVCS,2017-04-10T00:00:00.000,QUEENS,CHILD PROTECTIVE SPECIALIST,ACTIVE,60327.00,per Annum,1820,60157.15,58.75,2591.09,1949.94
2021,67,ADMIN FOR CHILDREN'S SVCS,2018-04-23T00:00:00.000,BRONX,CHILD PROTECTIVE SPECIALIST,ACTIVE,60327.00,per Annum,1820,60157.15,93,3712.51,965.18
2021,67,ADMIN FOR CHILDREN'S SVCS,2011-10-24T00:00:00.000,QUEENS,CHILD PROTECTIVE SPECIALIST,ACTIVE,60327.00,per Annum,1820,60157.15,21.75,922.32,3793.54
2021,67,ADMIN FOR CHILDREN'S SVCS,2004-09-20T00:00:00.000,MANHATTAN,CHILD PROTECTIVE SPECIALIST,ACTIVE,60327.00,per Annum,1820,60157.15,0,2.12,4715.75
2021,67,ADMIN FOR CHILDREN'S SVCS,2006-11-27T00:00:00.000,MANHATTAN,ADMINISTRATIVE PROCUREMENT ANALYST-NON-MGRL,ACTIVE,65232.00,per Annum,1820,64881.98,0,0.00,0.00
2021,67,ADMIN FOR CHILDREN'S SVCS,2016-08-08T00:00:00.000,BROOKLYN,CHILD PROTECTIVE SPECIALIST,ACTIVE,60327.00,per Annum,1820,60157.15,68.52,2899.07,1895.92
2021,67,ADMIN FOR CHILDREN'S SVCS,2010-08-23T00:00:00.000,MANHATTAN,CHILD PROTECTIVE SPECIALIST,ACTIVE,60327.00,per Annum,1820,60157.15,23.5,829.75,4047.15
2021,67,ADMIN FOR CHILDREN'S SVCS,2019-10-28T00:00:00.000,MANHATTAN,PRINCIPAL ADMINISTRATIVE ASSOCIATE -  NON SUPVR,CEASED,28.19,per Hour,-56,-1578.64,0,0.00,0.00
2021,67,ADMIN FOR CHILDREN'S SVCS,2019-11-25T00:00:00.000,QUEENS,YOUTH DEVELOPMENT SPECIALIST,CEASED,45759.00,per Annum,0,2907.08,0,0.00,0.00
2021,67,ADMIN FOR CHILDREN'S SVCS,2019-10-28T00:00:00.000,BROOKLYN,INSTITUTIONAL AIDE,ACTIVE,37054.00,per Annum,1950,36949.72,35.75,882.57,2117.65
2021,67,ADMIN FOR CHILDREN'S SVCS,2016-04-11T00:00:00.000,MANHATTAN,COMMUNITY COORDINATOR,ACTIVE,73130.00,per Annum,1785,74095.39,0,0.00,-1171.13
2021,67,ADMIN FOR CHILDREN'S SVCS,2016-08-29T00:00:00.000,BRONX,CLERICAL ASSOCIATE,ACTIVE,37777.00,per Annum,1820,37670.65,0,0.00,1296.27
2021,67,ADMIN FOR CHILDREN'S SVCS,2019-07-22T00:00:00.000,MANHATTAN,*SENIOR COOK,ON LEAVE,43104.00,per Annum,1760,33150.67,35.5,1100.69,4179.46
2021,67,ADMIN FOR CHILDREN'S SVCS,2015-04-20T00:00:00.000,MANHATTAN,STRATEGIC INITIATIVE SPECIALIST,ACTIVE,92700.00,per Annum,1820,92439.18,3.25,164.90,-1759.36
2021,67,ADMIN FOR CHILDREN'S SVCS,1996-06-23T00:00:00.000,MANHATTAN,DIRECTOR OF FIELD OPERATIONS,CEASED,111136.00,per Annum,0,0.00,0,0.00,21310.20
2021,67,ADMIN FOR CHILDREN'S SVCS,2020-02-03T00:00:00.000,MANHATTAN,COMMUNITY COORDINATOR,ACTIVE,75000.00,per Annum,1820,74788.85,337.25,16317.71,558.53
2021,67,ADMIN FOR CHILDREN'S SVCS,2019-09-16T00:00:00.000,MANHATTAN,PRINCIPAL ADMINISTRATIVE ASSOCIATE -  NON SUPVR,CEASED,25.95,per Hour,409.52,10373.63,0,0.00,0.00
2021,67,ADMIN FOR CHILDREN'S SVCS,1996-06-23T00:00:00.000,MANHATTAN,CHILD WELFARE SPECIALIST,ACTIVE,68294.00,per Annum,1820,68101.89,0,0.00,5043.41
2021,67,ADMIN FOR CHILDREN'S SVCS,2007-03-19T00:00:00.000,MANHATTAN,CHILD PROTECTIVE SPECIALIST,ACTIVE,60327.00,per Annum,1820,60157.15,440.75,19564.64,10499.43
2021,67,ADMIN FOR CHILDREN'S SVCS,2007-03-19T00:00:00.000,BRONX,CHILD PROTECTIVE SPECIALIST,ACTIVE,60327.00,per Annum,1820,60157.15,154.5,6553.41,6676.75
2021,67,ADMIN FOR CHILDREN'S SVCS,1996-06-23T00:00:00.000,BROOKLYN,CHILD WELFARE SPECIALIST,ACTIVE,60077.00,per Annum,1820,83298.70,65.75,3149.02,5043.41
2021,67,ADMIN FOR CHILDREN'S SVCS,2003-10-20T00:00:00.000,MANHATTAN,ADMINISTRATIVE DIRECTOR OF SOCIAL SERVICES,ACTIVE,130000.00,per Annum,1820,129634.07,0,0.00,-2490.40
2021,67,ADMIN FOR CHILDREN'S SVCS,2001-03-26T00:00:00.000,MANHATTAN,ADMINISTRATIVE DIRECTOR OF SOCIAL SERVICES,ACTIVE,142273.00,per Annum,1820,129443.87,0,0.00,-2422.70
2021,67,ADMIN FOR CHILDREN'S SVCS,2019-04-22T00:00:00.000,BROOKLYN,YOUTH DEVELOPMENT SPECIALIST,CEASED,45759.00,per Annum,232.25,5460.57,18.75,563.54,454.92
2021,67,ADMIN FOR CHILDREN'S SVCS,2006-10-16T00:00:00.000,RICHMOND,CHILD PROTECTIVE SPECIALIST SUPERVISOR,ACTIVE,86096.00,per Annum,1820,85853.62,7,358.48,4258.18
2021,67,ADMIN FOR CHILDREN'S SVCS,2019-11-12T00:00:00.000,BROOKLYN,CHILD PROTECTIVE SPECIALIST,ACTIVE,58782.00,per Annum,1820,54969.76,8.5,309.27,534.04
2021,67,ADMIN FOR CHILDREN'S SVCS,2019-02-04T00:00:00.000,MANHATTAN,CHILD PROTECTIVE SPECIALIST,ACTIVE,60327.00,per Annum,1715,54747.52,0,0.00,1197.36
2021,67,ADMIN FOR CHILDREN'S SVCS,2019-11-12T00:00:00.000,BROOKLYN,CHILD PROTECTIVE SPECIALIST,ACTIVE,58782.00,per Annum,1820,53912.56,58.25,1822.79,413.54
2021,67,ADMIN FOR CHILDREN'S SVCS,2019-11-12T00:00:00.000,BROOKLYN,CHILD PROTECTIVE SPECIALIST,ACTIVE,58782.00,per Annum,1820,54969.76,29,959.01,596.82
2021,67,ADMIN FOR CHILDREN'S SVCS,2018-07-09T00:00:00.000,BRONX,YOUTH DEVELOPMENT SPECIALIST,CEASED,52877.00,per Annum,1610,48127.73,107,4265.34,10410.62
2021,67,ADMIN FOR CHILDREN'S SVCS,2014-08-04T00:00:00.000,MANHATTAN,CHILD PROTECTIVE SPECIALIST,ACTIVE,60327.00,per Annum,1820,60157.15,0,0.00,2721.81
2021,67,ADMIN FOR CHILDREN'S SVCS,2015-01-05T00:00:00.000,MANHATTAN,CHILD PROTECTIVE SPECIALIST,ACTIVE,60327.00,per Annum,1820,60157.15,0,0.00,2945.02
2021,67,ADMIN FOR CHILDREN'S SVCS,2018-08-06T00:00:00.000,BROOKLYN,COMMUNITY COORDINATOR,ACTIVE,62215.00,per Annum,1820,60790.26,19,639.11,1800.57
2021,67,ADMIN FOR CHILDREN'S SVCS,2001-11-26T00:00:00.000,MANHATTAN,COMMUNITY ASSOCIATE,ACTIVE,62148.00,per Annum,1820,61973.10,0,0.00,1492.04
2021,67,ADMIN FOR CHILDREN'S SVCS,2016-12-19T00:00:00.000,MANHATTAN,CHILD WELFARE SPECIALIST,ACTIVE,55590.00,per Annum,1820,50268.53,280.75,11282.16,2007.63
2021,67,ADMIN FOR CHILDREN'S SVCS,1999-02-22T00:00:00.000,MANHATTAN,COMMUNITY COORDINATOR,ACTIVE,62301.00,per Annum,1820,62125.71,0,0.00,1492.34
2021,67,ADMIN FOR CHILDREN'S SVCS,2011-07-04T00:00:00.000,BRONX,COMMUNITY COORDINATOR,ACTIVE,62364.00,per Annum,1820,62188.37,0,0.11,1492.34
2021,67,ADMIN FOR CHILDREN'S SVCS,2011-10-24T00:00:00.000,BROOKLYN,CHILD PROTECTIVE SPECIALIST,ACTIVE,60327.00,per Annum,1820,60157.15,0,0.00,3551.01
2021,67,ADMIN FOR CHILDREN'S SVCS,2017-10-16T00:00:00.000,BROOKLYN,CHILD PROTECTIVE SPECIALIST,ACTIVE,60327.00,per Annum,1820,60157.15,62.25,2165.39,1399.38
2021,67,ADMIN FOR CHILDREN'S SVCS,2006-08-21T00:00:00.000,MANHATTAN,CHILD PROTECTIVE SPECIALIST SUPERVISOR,ACTIVE,67759.00,per Annum,1700,63118.08,615.25,32331.82,7298.60
2021,67,ADMIN FOR CHILDREN'S SVCS,1996-06-23T00:00:00.000,MANHATTAN,DIRECTOR OF FIELD OPERATIONS,ACTIVE,109573.00,per Annum,1680,104968.48,0,0.00,-2099.10
2021,67,ADMIN FOR CHILDREN'S SVCS,2018-02-05T00:00:00.000,BRONX,CHILD PROTECTIVE SPECIALIST,ACTIVE,60327.00,per Annum,1820,60157.15,77,2875.10,1081.13
2021,67,ADMIN FOR CHILDREN'S SVCS,2016-10-17T00:00:00.000,MANHATTAN,CHILD PROTECTIVE SPECIALIST,ACTIVE,60327.00,per Annum,1890,62471.06,0,0.00,1755.27
2021,67,ADMIN FOR CHILDREN'S SVCS,2004-03-08T00:00:00.000,MANHATTAN,SUPERVISOR OF CHILD CARE,ACTIVE,69152.00,per Annum,1820,68957.48,54,2483.91,694.78
2021,67,ADMIN FOR CHILDREN'S SVCS,1998-04-13T00:00:00.000,QUEENS,CHILD PROTECTIVE SPECIALIST,ACTIVE,60351.00,per Annum,1820,59949.58,175,6974.92,5273.81
2021,67,ADMIN FOR CHILDREN'S SVCS,1997-07-06T00:00:00.000,MANHATTAN,PRINCIPAL ADMINISTRATIVE ASSOCIATE -  NON SUPVR,ACTIVE,75766.00,per Annum,1820,74897.39,0,0.00,3864.01
2021,67,ADMIN FOR CHILDREN'S SVCS,2007-02-12T00:00:00.000,MANHATTAN,CHILD PROTECTIVE SPECIALIST,CEASED,60327.00,per Annum,-42,0.48,0,0.00,29.32
2021,67,ADMIN FOR CHILDREN'S SVCS,1996-06-23T00:00:00.000,MANHATTAN,CHILD WELFARE SPECIALIST,CEASED,57895.00,per Annum,0,444.12,0,0.00,-562.34
2021,67,ADMIN FOR CHILDREN'S SVCS,2018-10-29T00:00:00.000,BRONX,CHILD PROTECTIVE SPECIALIST,ACTIVE,60327.00,per Annum,1820,59607.00,454.75,19101.02,885.63
2021,67,ADMIN FOR CHILDREN'S SVCS,2020-02-18T00:00:00.000,BROOKLYN,YOUTH DEVELOPMENT SPECIALIST,CEASED,45759.00,per Annum,-70,-404.86,0,0.00,0.00
2021,67,ADMIN FOR CHILDREN'S SVCS,1996-06-23T00:00:00.000,MANHATTAN,CHILDREN'S COUNSELOR,CEASED,29.67,per Hour,-13.82,-409.94,0,0.00,-35.60
2021,67,ADMIN FOR CHILDREN'S SVCS,2020-07-27T00:00:00.000,BRONX,YOUTH DEVELOPMENT SPECIALIST,ACTIVE,45759.00,per Annum,1645,42701.82,88.75,3024.32,664.12
2021,67,ADMIN FOR CHILDREN'S SVCS,2016-03-21T00:00:00.000,BROOKLYN,CHILD PROTECTIVE SPECIALIST,ACTIVE,60327.00,per Annum,1393,43794.50,0,0.00,2600.61
2021,67,ADMIN FOR CHILDREN'S SVCS,2019-02-22T00:00:00.000,MANHATTAN,COMMUNITY ASSISTANT,ACTIVE,37398.00,per Annum,1820,36625.61,0,0.00,0.00
2021,67,ADMIN FOR CHILDREN'S SVCS,2018-10-15T00:00:00.000,BROOKLYN,*COOK,ACTIVE,40577.00,per Annum,2080,40446.69,119.75,3506.30,2635.38
2021,67,ADMIN FOR CHILDREN'S SVCS,2016-06-27T00:00:00.000,MANHATTAN,CONGREG CARE SPEC - ACS,ACTIVE,42731.00,per Annum,1820,42610.79,132.5,3574.35,489.79
2021,67,ADMIN FOR CHILDREN'S SVCS,2019-11-11T00:00:00.000,BROOKLYN,CHILD PROTECTIVE SPECIALIST,CEASED,55125.00,per Annum,1505,45454.96,25,833.45,394.49
2021,67,ADMIN FOR CHILDREN'S SVCS,2019-11-12T00:00:00.000,MANHATTAN,CHILD PROTECTIVE SPECIALIST,ON LEAVE,55125.00,per Annum,1757,53066.80,21.5,676.49,377.79
2021,67,ADMIN FOR CHILDREN'S SVCS,2019-02-04T00:00:00.000,MANHATTAN,CHILD PROTECTIVE SPECIALIST,ACTIVE,60327.00,per Annum,1820,53348.34,0,0.00,1155.51
2021,67,ADMIN FOR CHILDREN'S SVCS,2019-04-22T00:00:00.000,BRONX,YOUTH DEVELOPMENT SPECIALIST,ACTIVE,52877.00,per Annum,1800.75,48446.79,151.25,4997.21,1387.53
2021,67,ADMIN FOR CHILDREN'S SVCS,2020-02-18T00:00:00.000,RICHMOND,CHILD PROTECTIVE SPECIALIST,ACTIVE,55125.00,per Annum,1820,54164.15,28.25,920.72,206.29
2021,67,ADMIN FOR CHILDREN'S SVCS,2019-02-04T00:00:00.000,BRONX,CHILD PROTECTIVE SPECIALIST,ACTIVE,60327.00,per Annum,1820,58751.60,235.5,9583.17,1189.54
2021,67,ADMIN FOR CHILDREN'S SVCS,1996-06-23T00:00:00.000,QUEENS,CHILD PROTECTIVE SPECIALIST,ACTIVE,64579.00,per Annum,1820,64397.17,14.5,564.50,5043.66
2021,67,ADMIN FOR CHILDREN'S SVCS,2019-07-22T00:00:00.000,QUEENS,CHILD PROTECTIVE SPECIALIST,ACTIVE,58782.00,per Annum,1820,56462.64,339,13036.41,694.18
2021,67,ADMIN FOR CHILDREN'S SVCS,1997-09-29T00:00:00.000,MANHATTAN,ADMINISTRATIVE DIRECTOR OF SOCIAL SERVICES,ACTIVE,94075.00,per Annum,1820,93810.32,77.5,3188.41,2052.27
2021,67,ADMIN FOR CHILDREN'S SVCS,1996-06-23T00:00:00.000,MANHATTAN,ADMINISTRATIVE STAFF ANALYST,ACTIVE,99065.00,per Annum,1820,98786.08,0,0.00,0.00
2021,67,ADMIN FOR CHILDREN'S SVCS,1996-06-23T00:00:00.000,MANHATTAN,CHILD WELFARE SPECIALIST,CEASED,55982.00,per Annum,770,23615.56,0,5.33,3298.27
2021,67,ADMIN FOR CHILDREN'S SVCS,1997-09-15T00:00:00.000,MANHATTAN,CHILD PROTECTIVE SPECIALIST SUPERVISOR,ACTIVE,86156.00,per Annum,1820,85913.42,147,8033.46,10620.35
2021,67,ADMIN FOR CHILDREN'S SVCS,2018-05-07T00:00:00.000,MANHATTAN,ADMINISTRATIVE PUBLIC INFORMATION SPECIALIST,ACTIVE,145000.00,per Annum,1820,128289.35,0,0.00,-2394.65
2021,67,ADMIN FOR CHILDREN'S SVCS,2011-07-04T00:00:00.000,BROOKLYN,ASSOCIATE YOUTH DEVELOPMENT SPECIALIST,ACTIVE,70205.00,per Annum,1820,72507.26,199.5,9486.65,5852.06
2021,67,ADMIN FOR CHILDREN'S SVCS,1996-06-23T00:00:00.000,QUEENS,DIRECTOR OF FIELD OPERATIONS,CEASED,115927.00,per Annum,665,42233.04,0,0.00,46436.91
2021,67,ADMIN FOR CHILDREN'S SVCS,1996-06-23T00:00:00.000,BROOKLYN,CHILD PROTECTIVE SPECIALIST,ACTIVE,64424.00,per Annum,1820,64242.74,339.25,17507.45,7356.56
2021,67,ADMIN FOR CHILDREN'S SVCS,1996-06-23T00:00:00.000,BROOKLYN,CHILD PROTECTIVE SPECIALIST SUPERVISOR,ACTIVE,86419.00,per Annum,1820,86175.73,107.25,6372.23,5240.69
2021,67,ADMIN FOR CHILDREN'S SVCS,1996-06-23T00:00:00.000,MANHATTAN,ADMINISTRATIVE DIRECTOR OF SOCIAL SERVICES,ACTIVE,97000.00,per Annum,1820,96727.03,0,16.52,1066.01
2021,67,ADMIN FOR CHILDREN'S SVCS,1998-07-20T00:00:00.000,MANHATTAN,CHILD PROTECTIVE SPECIALIST SUPERVISOR,CEASED,83670.00,per Annum,0,0.00,0,0.00,1.60
2021,67,ADMIN FOR CHILDREN'S SVCS,2020-12-07T00:00:00.000,BROOKLYN,YOUTH DEVELOPMENT SPECIALIST,ACTIVE,45759.00,per Annum,980,24552.11,29.75,1030.02,9.39
2021,67,ADMIN FOR CHILDREN'S SVCS,2021-05-24T00:00:00.000,QUEENS,CHILD PROTECTIVE SPECIALIST,ACTIVE,50757.00,per Annum,140,3893.68,0,0.00,0.00
2021,67,ADMIN FOR CHILDREN'S SVCS,2021-05-24T00:00:00.000,MANHATTAN,CHILD PROTECTIVE SPECIALIST,CEASED,50757.00,per Annum,140,3893.68,0,0.00,0.00
2021,67,ADMIN FOR CHILDREN'S SVCS,2021-05-24T00:00:00.000,QUEENS,CHILD PROTECTIVE SPECIALIST,ACTIVE,50757.00,per Annum,140,3893.68,0,0.00,0.00
2021,67,ADMIN FOR CHILDREN'S SVCS,1998-07-27T00:00:00.000,MANHATTAN,CONGREG CARE SPEC - ACS,ACTIVE,55323.00,per Annum,980,21818.15,65,2410.17,1549.86
2021,67,ADMIN FOR CHILDREN'S SVCS,1996-06-23T00:00:00.000,MANHATTAN,ADMINISTRATIVE DIRECTOR OF SOCIAL SERVICES,ACTIVE,100000.00,per Annum,1820,100026.33,741,54260.44,10492.71
2021,67,ADMIN FOR CHILDREN'S SVCS,2018-09-24T00:00:00.000,MANHATTAN,COMPUTER SERVICE TECHNICIAN,ACTIVE,47139.00,per Annum,1750,37756.85,0,0.00,0.00
2021,67,ADMIN FOR CHILDREN'S SVCS,2004-06-28T00:00:00.000,MANHATTAN,COMMUNITY ASSISTANT,ACTIVE,37398.00,per Annum,1820,37292.64,0,1.07,694.71
2021,72,DEPARTMENT OF CORRECTION,1990-08-23T00:00:00.000,QUEENS,SUPERVISOR OF MECHANICS,CEASED,511.76,per Day,0,0.00,0,0.00,18105.55
2021,72,DEPARTMENT OF CORRECTION,1996-11-14T00:00:00.000,QUEENS,CAPTAIN,ACTIVE,114617.00,per Annum,2080,113582.67,94.75,8282.20,15621.84
2021,72,DEPARTMENT OF CORRECTION,2015-08-06T00:00:00.000,BRONX,CORRECTION OFFICER,ACTIVE,92073.00,per Annum,2080,76281.61,1577,48315.88,13367.65
2021,72,DEPARTMENT OF CORRECTION,1999-04-01T00:00:00.000,QUEENS,WARDEN-ASSISTANT DEPUTY WARDEN TED < 11/1/92,CEASED,128355.00,per Annum,1680,100268.91,8,408.06,37442.21
2021,72,DEPARTMENT OF CORRECTION,2007-03-08T00:00:00.000,QUEENS,CORRECTION OFFICER,ACTIVE,92073.00,per Annum,2080,92454.16,155,9071.99,9804.16
2021,72,DEPARTMENT OF CORRECTION,2007-04-12T00:00:00.000,QUEENS,CORRECTION OFFICER,ACTIVE,92073.00,per Annum,2080,92454.16,600.12,37082.71,9014.77
2021,72,DEPARTMENT OF CORRECTION,2007-08-06T00:00:00.000,QUEENS,ELECTRICIANS HELPER,ACTIVE,271.18,per Day,1820,70421.80,848.5,49194.22,19307.96
2021,72,DEPARTMENT OF CORRECTION,2008-02-28T00:00:00.000,QUEENS,CORRECTION OFFICER,ACTIVE,92073.00,per Annum,2080,92454.16,832,31885.41,15170.61
2021,72,DEPARTMENT OF CORRECTION,2016-01-14T00:00:00.000,BRONX,CORRECTION OFFICER,CEASED,58883.00,per Annum,0,985.10,0,276.44,-594.77
2021,72,DEPARTMENT OF CORRECTION,2000-06-01T00:00:00.000,QUEENS,CORRECTION OFFICER,CEASED,87211.00,per Annum,0,1105.89,0,176.48,-622.79
2021,72,DEPARTMENT OF CORRECTION,2004-12-16T00:00:00.000,QUEENS,CORRECTION OFFICER,ACTIVE,92073.00,per Annum,2080,93815.39,852.62,34589.06,11679.01
2021,72,DEPARTMENT OF CORRECTION,2004-02-12T00:00:00.000,QUEENS,CORRECTION OFFICER,ACTIVE,92073.00,per Annum,2080,92454.16,104.75,8271.99,10468.89
2021,72,DEPARTMENT OF CORRECTION,2016-06-27T00:00:00.000,QUEENS,CORRECTION OFFICER,ACTIVE,67196.00,per Annum,2080,64686.24,418,19303.58,2527.12
2021,72,DEPARTMENT OF CORRECTION,2019-02-11T00:00:00.000,QUEENS,CORRECTION OFFICER,CEASED,45330.00,per Annum,0,120.19,0,0.00,-60.10
2021,72,DEPARTMENT OF CORRECTION,2015-08-06T00:00:00.000,QUEENS,CORRECTION OFFICER,ACTIVE,92073.00,per Annum,2080,76262.18,59,4385.70,6711.48
2021,72,DEPARTMENT OF CORRECTION,2008-01-17T00:00:00.000,QUEENS,CORRECTION OFFICER,ACTIVE,92073.00,per Annum,2000,86313.10,13,1298.67,8825.23
2021,72,DEPARTMENT OF CORRECTION,2013-03-17T00:00:00.000,MANHATTAN,ASSOCIATE STAFF ANALYST,ACTIVE,90729.00,per Annum,1820,90473.72,0,0.00,6446.74
2021,72,DEPARTMENT OF CORRECTION,2008-06-26T00:00:00.000,BRONX,CORRECTION OFFICER,ACTIVE,92073.00,per Annum,2080,92454.16,102,4036.15,15002.22
2021,72,DEPARTMENT OF CORRECTION,2000-12-18T00:00:00.000,QUEENS,CITY MEDICAL SPECIALIST,ACTIVE,99.37,per Hour,1708.5,181249.65,0,0.00,7655.42
2021,72,DEPARTMENT OF CORRECTION,2001-06-07T00:00:00.000,QUEENS,WARDEN,ACTIVE,201587.00,per Annum,2080,201019.51,0,0.00,-3861.80
2021,72,DEPARTMENT OF CORRECTION,1987-05-07T00:00:00.000,QUEENS,CAPTAIN,ACTIVE,114617.00,per Annum,2080,113582.67,1869,89785.82,22339.39
2021,72,DEPARTMENT OF CORRECTION,1996-11-14T00:00:00.000,QUEENS,CAPTAIN,ACTIVE,114617.00,per Annum,2080,107021.23,1808.75,97974.20,22673.79
2021,72,DEPARTMENT OF CORRECTION,2015-08-06T00:00:00.000,QUEENS,CORRECTION OFFICER,ACTIVE,92073.00,per Annum,2080,76281.61,1068.5,34092.71,12507.70
2021,72,DEPARTMENT OF CORRECTION,2011-12-22T00:00:00.000,QUEENS,CORRECTION OFFICER,ACTIVE,92073.00,per Annum,2080,92454.16,145,5424.53,13629.85
2021,72,DEPARTMENT OF CORRECTION,2013-01-03T00:00:00.000,BRONX,CORRECTION OFFICER,ACTIVE,92073.00,per Annum,2080,92451.63,304.32,20905.03,9375.51
2021,72,DEPARTMENT OF CORRECTION,2018-01-08T00:00:00.000,QUEENS,CORRECTION OFFICER,ACTIVE,56318.00,per Annum,2080,53515.06,115.75,4884.66,2167.40
2021,72,DEPARTMENT OF CORRECTION,2018-01-08T00:00:00.000,QUEENS,CORRECTION OFFICER,ACTIVE,56318.00,per Annum,2080,55643.57,60,1398.41,4302.52
2021,72,DEPARTMENT OF CORRECTION,2016-06-27T00:00:00.000,QUEENS,CORRECTION OFFICER,ACTIVE,67196.00,per Annum,2080,62764.87,33.97,842.67,4377.13
2021,72,DEPARTMENT OF CORRECTION,2018-01-08T00:00:00.000,BRONX,CORRECTION OFFICER,ACTIVE,56318.00,per Annum,2080,56203.27,233.33,9375.05,3035.19
2021,72,DEPARTMENT OF CORRECTION,2016-12-19T00:00:00.000,QUEENS,CORRECTION OFFICER,ACTIVE,67196.00,per Annum,1970.28,54554.13,786.97,18195.37,3408.19
2021,72,DEPARTMENT OF CORRECTION,2017-06-19T00:00:00.000,QUEENS,CORRECTION OFFICER,ACTIVE,62166.00,per Annum,2080,59354.06,575.03,14377.51,2545.86
2021,72,DEPARTMENT OF CORRECTION,2011-12-22T00:00:00.000,QUEENS,CORRECTION OFFICER,ACTIVE,92073.00,per Annum,2080,91919.14,394,15157.11,14689.69
2021,72,DEPARTMENT OF CORRECTION,2019-02-11T00:00:00.000,QUEENS,CORRECTION OFFICER,ACTIVE,52216.00,per Annum,2080,51701.71,1070.93,20986.30,4148.54
2021,72,DEPARTMENT OF CORRECTION,2008-08-07T00:00:00.000,QUEENS,CORRECTION OFFICER,ACTIVE,92073.00,per Annum,2080,92449.10,127,4915.87,12884.03
2021,72,DEPARTMENT OF CORRECTION,2005-06-02T00:00:00.000,BROOKLYN,CORRECTION OFFICER,ACTIVE,92073.00,per Annum,2080,92454.16,2,702.55,17324.10
2021,72,DEPARTMENT OF CORRECTION,2012-09-06T00:00:00.000,QUEENS,CORRECTION OFFICER,ACTIVE,92073.00,per Annum,2080,90964.31,178.5,12066.72,7634.16
2021,72,DEPARTMENT OF CORRECTION,2016-01-14T00:00:00.000,MANHATTAN,CORRECTION OFFICER,ACTIVE,67196.00,per Annum,2080,61915.85,243.72,10539.63,5922.55
2021,72,DEPARTMENT OF CORRECTION,2016-06-27T00:00:00.000,QUEENS,CORRECTION OFFICER,ACTIVE,67196.00,per Annum,2080,64282.74,292.13,7609.89,6760.99
2021,72,DEPARTMENT OF CORRECTION,2016-12-19T00:00:00.000,QUEENS,CORRECTION OFFICER,ACTIVE,67196.00,per Annum,2080,62226.09,457.5,10924.87,5463.66
2021,72,DEPARTMENT OF CORRECTION,2018-07-26T00:00:00.000,QUEENS,CORRECTION OFFICER,ACTIVE,56318.00,per Annum,2080,53937.65,673.58,13897.58,4542.66
2021,72,DEPARTMENT OF CORRECTION,2011-05-26T00:00:00.000,QUEENS,CORRECTION OFFICER,ACTIVE,92073.00,per Annum,2080,92454.16,48,2517.33,11888.07
2021,72,DEPARTMENT OF CORRECTION,2016-01-14T00:00:00.000,QUEENS,CORRECTION OFFICER,ACTIVE,67196.00,per Annum,2080,64597.54,65.75,3182.40,4783.82
2021,72,DEPARTMENT OF CORRECTION,2016-01-14T00:00:00.000,QUEENS,CORRECTION OFFICER,ACTIVE,67196.00,per Annum,2080,66949.10,423.03,20126.41,4452.17
2021,72,DEPARTMENT OF CORRECTION,2016-06-27T00:00:00.000,QUEENS,CORRECTION OFFICER,ACTIVE,67196.00,per Annum,2080,64102.82,393,9788.56,4384.54
2021,72,DEPARTMENT OF CORRECTION,2011-05-26T00:00:00.000,QUEENS,CORRECTION OFFICER,ACTIVE,92073.00,per Annum,2080,92454.16,1334.02,75730.04,8239.07
2021,72,DEPARTMENT OF CORRECTION,2018-07-23T00:00:00.000,QUEENS,CORRECTION OFFICER,ACTIVE,56318.00,per Annum,2080,53535.76,216,7599.13,2769.53
2021,72,DEPARTMENT OF CORRECTION,2016-12-19T00:00:00.000,QUEENS,CORRECTION OFFICER,CEASED,53344.00,per Annum,0,565.59,0,0.00,-4795.64
2021,72,DEPARTMENT OF CORRECTION,2017-06-19T00:00:00.000,QUEENS,CORRECTION OFFICER,ACTIVE,62166.00,per Annum,2080,59345.64,47,2129.94,2495.20
2021,72,DEPARTMENT OF CORRECTION,2015-08-06T00:00:00.000,QUEENS,CORRECTION OFFICER,ACTIVE,92073.00,per Annum,1696,64985.38,50,1423.59,5820.60
2021,72,DEPARTMENT OF CORRECTION,2017-06-19T00:00:00.000,QUEENS,CORRECTION OFFICER,ACTIVE,62166.00,per Annum,2080,58620.37,431.75,18006.78,2377.74
2021,72,DEPARTMENT OF CORRECTION,1999-04-01T00:00:00.000,QUEENS,CORRECTION OFFICER,ACTIVE,92073.00,per Annum,2080,92454.16,304,21819.19,12056.17
2021,72,DEPARTMENT OF CORRECTION,2004-12-16T00:00:00.000,BRONX,CORRECTION OFFICER,ACTIVE,92073.00,per Annum,2080,93148.80,162,6551.61,27709.43
2021,72,DEPARTMENT OF CORRECTION,1998-07-01T00:00:00.000,QUEENS,CAPTAIN,CEASED,89123.00,per Annum,0,0.00,0,0.00,-489.11
2021,72,DEPARTMENT OF CORRECTION,2011-12-22T00:00:00.000,QUEENS,CORRECTION OFFICER,ACTIVE,92073.00,per Annum,2080,91307.06,85.25,6188.16,10154.64
2021,72,DEPARTMENT OF CORRECTION,2009-09-14T00:00:00.000,QUEENS,MOTOR VEHICLE OPERATOR,ACTIVE,49927.00,per Annum,2080,49786.53,5.5,203.65,5708.55
2021,72,DEPARTMENT OF CORRECTION,2016-12-19T00:00:00.000,QUEENS,CORRECTION OFFICER,ACTIVE,67196.00,per Annum,2080,62226.09,521,12034.49,5291.76
2021,72,DEPARTMENT OF CORRECTION,2016-12-19T00:00:00.000,QUEENS,CORRECTION OFFICER,CEASED,60355.00,per Annum,1737.43,52125.73,14,564.13,3239.62
2021,72,DEPARTMENT OF CORRECTION,2017-06-19T00:00:00.000,QUEENS,CORRECTION OFFICER,ACTIVE,62166.00,per Annum,2080,59354.06,679.98,28831.10,2215.88
2021,72,DEPARTMENT OF CORRECTION,2017-06-19T00:00:00.000,QUEENS,CORRECTION OFFICER,ACTIVE,62166.00,per Annum,1920,46190.61,243.57,6736.65,3291.48
2021,72,DEPARTMENT OF CORRECTION,1989-06-05T00:00:00.000,QUEENS,*SENIOR COOK,ACTIVE,44987.00,per Annum,2080,44842.09,59,2194.28,9355.19
2021,72,DEPARTMENT OF CORRECTION,2016-12-19T00:00:00.000,QUEENS,CORRECTION OFFICER,ON LEAVE,67196.00,per Annum,1914.28,47083.06,251.97,6029.96,3390.71
2021,72,DEPARTMENT OF CORRECTION,2016-06-27T00:00:00.000,QUEENS,CORRECTION OFFICER,ACTIVE,67196.00,per Annum,2080,64686.24,261.73,12137.14,2616.87
2021,72,DEPARTMENT OF CORRECTION,2005-11-03T00:00:00.000,QUEENS,CORRECTION OFFICER,ACTIVE,92073.00,per Annum,2080,91905.30,317.5,12479.26,13505.97
2021,72,DEPARTMENT OF CORRECTION,2000-06-01T00:00:00.000,MANHATTAN,CORRECTION OFFICER,CEASED,89391.00,per Annum,104,7593.08,0,3.79,-1253.33
2021,72,DEPARTMENT OF CORRECTION,2011-05-26T00:00:00.000,MANHATTAN,CORRECTION OFFICER,ACTIVE,92073.00,per Annum,2080,92454.16,257.97,13612.15,11123.85
2021,72,DEPARTMENT OF CORRECTION,2008-11-20T00:00:00.000,QUEENS,CORRECTION OFFICER,ACTIVE,92073.00,per Annum,2080,92454.16,262.02,17394.38,8504.93
2021,72,DEPARTMENT OF CORRECTION,2011-12-22T00:00:00.000,QUEENS,CORRECTION OFFICER,ACTIVE,92073.00,per Annum,2080,92362.83,33.5,2319.81,8470.20
2021,72,DEPARTMENT OF CORRECTION,2017-06-19T00:00:00.000,QUEENS,CORRECTION OFFICER,ACTIVE,62166.00,per Annum,2080,59354.06,369,8664.35,5018.24
2021,72,DEPARTMENT OF CORRECTION,2017-06-19T00:00:00.000,QUEENS,CORRECTION OFFICER,CEASED,60355.00,per Annum,1846.4,52458.49,289.5,6580.28,4178.61
2021,72,DEPARTMENT OF CORRECTION,2015-08-06T00:00:00.000,QUEENS,CORRECTION OFFICER,ACTIVE,92073.00,per Annum,2080,76275.90,530.97,18559.17,11446.43
2021,72,DEPARTMENT OF CORRECTION,1997-07-10T00:00:00.000,QUEENS,CAPTAIN,ACTIVE,114617.00,per Annum,2080,113582.67,728.25,60465.02,13314.63
2021,72,DEPARTMENT OF CORRECTION,2019-02-14T00:00:00.000,QUEENS,CORRECTION OFFICER,CEASED,45330.00,per Annum,0,501.99,0,21.56,3.50
2021,72,DEPARTMENT OF CORRECTION,2006-02-23T00:00:00.000,QUEENS,CORRECTION OFFICER,ACTIVE,92073.00,per Annum,2080,92454.16,381.48,26503.70,8887.67
2021,72,DEPARTMENT OF CORRECTION,2019-02-11T00:00:00.000,QUEENS,CORRECTION OFFICER,ACTIVE,52216.00,per Annum,1971.43,46385.57,696.93,13516.33,3466.18
2021,72,DEPARTMENT OF CORRECTION,2015-08-06T00:00:00.000,QUEENS,CORRECTION OFFICER,CEASED,58883.00,per Annum,0,776.67,0,260.52,-501.87
2021,72,DEPARTMENT OF CORRECTION,2011-12-22T00:00:00.000,QUEENS,CORRECTION OFFICER,ACTIVE,92073.00,per Annum,2080,92454.16,74,3015.19,11282.92
2021,72,DEPARTMENT OF CORRECTION,1979-04-23T00:00:00.000,QUEENS,CORRECTION OFFICER,ACTIVE,92073.00,per Annum,2080,92454.16,1863.97,72456.65,18241.49
2021,72,DEPARTMENT OF CORRECTION,2002-06-06T00:00:00.000,QUEENS,CORRECTION OFFICER,ACTIVE,92073.00,per Annum,2080,92414.36,719.5,23512.43,11694.58
2021,72,DEPARTMENT OF CORRECTION,2004-02-12T00:00:00.000,MANHATTAN,CORRECTION OFFICER,ACTIVE,92073.00,per Annum,2000,86727.60,0,484.45,15083.58
2021,72,DEPARTMENT OF CORRECTION,2011-12-22T00:00:00.000,QUEENS,CORRECTION OFFICER,ACTIVE,92073.00,per Annum,2080,92443.57,18,1805.99,8020.34
2021,72,DEPARTMENT OF CORRECTION,2013-05-16T00:00:00.000,QUEENS,CORRECTION OFFICER,ACTIVE,92073.00,per Annum,2080,92410.07,262.25,18202.31,7494.40
2021,72,DEPARTMENT OF CORRECTION,2008-08-07T00:00:00.000,QUEENS,CORRECTION OFFICER,ACTIVE,92073.00,per Annum,2080,92424.27,0,262.32,9328.38
2021,72,DEPARTMENT OF CORRECTION,2008-01-17T00:00:00.000,BRONX,CORRECTION OFFICER,ACTIVE,92073.00,per Annum,2080,92454.16,245.58,9685.43,14729.84
2021,72,DEPARTMENT OF CORRECTION,2016-06-27T00:00:00.000,BRONX,CORRECTION OFFICER,ACTIVE,67196.00,per Annum,2080,64665.37,337,8545.04,5583.95
2021,72,DEPARTMENT OF CORRECTION,2017-06-26T00:00:00.000,QUEENS,CLERICAL ASSOCIATE,CEASED,38851.00,per Annum,0,0.00,0,-127.66,-2426.28
2021,72,DEPARTMENT OF CORRECTION,2016-04-18T00:00:00.000,QUEENS,AUTO MECHANIC,ACTIVE,347.20,per Day,2080,90272.00,83.5,5660.49,5869.85
2021,72,DEPARTMENT OF CORRECTION,2018-07-23T00:00:00.000,QUEENS,CORRECTION OFFICER,ACTIVE,56318.00,per Annum,2080,53968.79,728.05,15322.80,4139.16
2021,72,DEPARTMENT OF CORRECTION,2000-12-07T00:00:00.000,BROOKLYN,CAPTAIN,CEASED,114617.00,per Annum,1360,74015.77,14.75,1230.09,31228.86
2021,72,DEPARTMENT OF CORRECTION,2013-09-26T00:00:00.000,QUEENS,CORRECTION OFFICER,ON LEAVE,92073.00,per Annum,2080,92418.65,32,2366.61,6914.07
2021,72,DEPARTMENT OF CORRECTION,2016-12-19T00:00:00.000,QUEENS,CORRECTION OFFICER,ACTIVE,67196.00,per Annum,2080,58023.33,54,1290.18,4452.51
2021,72,DEPARTMENT OF CORRECTION,1996-01-04T00:00:00.000,QUEENS,CORRECTION OFFICER,CEASED,89391.00,per Annum,0,2234.30,0,0.00,-1072.59
2021,72,DEPARTMENT OF CORRECTION,2016-06-27T00:00:00.000,QUEENS,CORRECTION OFFICER,ACTIVE,67196.00,per Annum,2080,64395.30,349,8870.88,4992.69
2021,72,DEPARTMENT OF CORRECTION,2005-06-02T00:00:00.000,QUEENS,CORRECTION OFFICER,ACTIVE,92073.00,per Annum,2080,92089.15,205,14101.95,12716.82
2021,72,DEPARTMENT OF CORRECTION,2004-12-16T00:00:00.000,QUEENS,CORRECTION OFFICER,ACTIVE,92073.00,per Annum,2080,92427.95,304.43,13045.27,16115.61
2021,72,DEPARTMENT OF CORRECTION,2009-04-20T00:00:00.000,QUEENS,SUPERVISOR OF MECHANICS,ACTIVE,121196.00,per Annum,2080,120854.80,0,0.00,10224.25
2021,72,DEPARTMENT OF CORRECTION,2007-08-30T00:00:00.000,BROOKLYN,CORRECTION OFFICER,ACTIVE,92073.00,per Annum,2080,92454.16,8,823.49,14774.50
2021,72,DEPARTMENT OF CORRECTION,2012-04-26T00:00:00.000,QUEENS,CORRECTION OFFICER,ACTIVE,92073.00,per Annum,2080,88317.67,724,29840.29,12205.63
2021,72,DEPARTMENT OF CORRECTION,2012-04-26T00:00:00.000,QUEENS,CORRECTION OFFICER,ACTIVE,92073.00,per Annum,2080,92454.16,140,8285.05,7523.67
2021,72,DEPARTMENT OF CORRECTION,2004-08-12T00:00:00.000,QUEENS,CORRECTION OFFICER,ACTIVE,92073.00,per Annum,2080,92454.16,345.13,18900.48,10103.04
2021,72,DEPARTMENT OF CORRECTION,2014-05-08T00:00:00.000,QUEENS,CORRECTION OFFICER,ACTIVE,92073.00,per Annum,2080,92096.96,50,2171.26,13840.47
2021,72,DEPARTMENT OF CORRECTION,2017-06-19T00:00:00.000,MANHATTAN,CORRECTION OFFICER,CEASED,49459.00,per Annum,0,531.74,0,190.34,-340.45
2021,72,DEPARTMENT OF CORRECTION,2011-08-25T00:00:00.000,QUEENS,CORRECTION OFFICER,ACTIVE,92073.00,per Annum,2080,92454.16,283.98,19394.43,7697.63
2021,72,DEPARTMENT OF CORRECTION,2008-06-26T00:00:00.000,QUEENS,CORRECTION OFFICER,ACTIVE,92073.00,per Annum,2080,92260.72,272.5,11043.82,16290.10
2021,72,DEPARTMENT OF CORRECTION,2007-07-09T00:00:00.000,QUEENS,ASSOCIATE CORRECTIONAL COUNSELOR,ACTIVE,66388.00,per Annum,1820,66201.17,0,0.00,1191.37
2021,72,DEPARTMENT OF CORRECTION,2017-06-19T00:00:00.000,QUEENS,CORRECTION OFFICER,ACTIVE,62166.00,per Annum,2080,58534.98,1677.27,38130.63,4815.12
2021,72,DEPARTMENT OF CORRECTION,2007-08-30T00:00:00.000,QUEENS,CORRECTION OFFICER,ACTIVE,92073.00,per Annum,2080,92452.23,0,365.91,8553.76
2021,72,DEPARTMENT OF CORRECTION,2008-06-26T00:00:00.000,BROOKLYN,CORRECTION OFFICER,ACTIVE,92073.00,per Annum,2080,92454.16,0,453.99,8408.52
2021,72,DEPARTMENT OF CORRECTION,2016-12-19T00:00:00.000,QUEENS,CORRECTION OFFICER,ACTIVE,67196.00,per Annum,2080,62226.09,45,1306.72,3999.21
2021,72,DEPARTMENT OF CORRECTION,2018-01-08T00:00:00.000,QUEENS,CORRECTION OFFICER,ON LEAVE,56318.00,per Annum,768,19579.82,0,0.00,942.53
2021,72,DEPARTMENT OF CORRECTION,2016-06-27T00:00:00.000,QUEENS,CORRECTION OFFICER,ACTIVE,67196.00,per Annum,2080,64348.14,414.02,12529.54,2945.66
2021,72,DEPARTMENT OF CORRECTION,2016-01-14T00:00:00.000,QUEENS,CORRECTION OFFICER,ACTIVE,67196.00,per Annum,2000,63161.65,140.5,3630.01,7527.05
2021,72,DEPARTMENT OF CORRECTION,2017-06-19T00:00:00.000,QUEENS,CORRECTION OFFICER,ACTIVE,62166.00,per Annum,2080,59354.06,692.5,16073.44,4418.73
2021,72,DEPARTMENT OF CORRECTION,2000-06-01T00:00:00.000,MANHATTAN,CORRECTION OFFICER,CEASED,89391.00,per Annum,48,5225.90,0,114.41,15047.01
2021,72,DEPARTMENT OF CORRECTION,2017-06-19T00:00:00.000,QUEENS,CORRECTION OFFICER,ACTIVE,62166.00,per Annum,2080,57591.94,485.88,20039.53,2347.40
2021,72,DEPARTMENT OF CORRECTION,2016-06-27T00:00:00.000,QUEENS,CORRECTION OFFICER,ACTIVE,67196.00,per Annum,2080,62816.78,335.5,15440.65,2688.50
2021,72,DEPARTMENT OF CORRECTION,2016-01-14T00:00:00.000,QUEENS,CORRECTION OFFICER,ACTIVE,67196.00,per Annum,2080,66949.10,210.45,7098.71,6688.69
2021,72,DEPARTMENT OF CORRECTION,2016-06-27T00:00:00.000,QUEENS,CORRECTION OFFICER,ACTIVE,67196.00,per Annum,2080,64686.24,431,10502.03,5521.38
2021,72,DEPARTMENT OF CORRECTION,2018-01-08T00:00:00.000,QUEENS,CORRECTION OFFICER,ACTIVE,56318.00,per Annum,2080,55481.03,1007,21082.14,4036.05
2021,72,DEPARTMENT OF CORRECTION,2016-01-14T00:00:00.000,QUEENS,CORRECTION OFFICER,ACTIVE,67196.00,per Annum,2080,66948.82,186.75,9328.36,4313.50
2021,72,DEPARTMENT OF CORRECTION,2016-01-14T00:00:00.000,QUEENS,CORRECTION OFFICER,ACTIVE,67196.00,per Annum,2080,66947.11,190.65,8875.75,4569.79
2021,72,DEPARTMENT OF CORRECTION,2016-12-19T00:00:00.000,QUEENS,CORRECTION OFFICER,ACTIVE,67196.00,per Annum,2080,62204.00,386.5,14607.92,3253.50
2021,72,DEPARTMENT OF CORRECTION,2018-01-08T00:00:00.000,MANHATTAN,CORRECTION OFFICER,CEASED,49459.00,per Annum,0,432.80,0,20.62,-216.79
2021,72,DEPARTMENT OF CORRECTION,2012-04-26T00:00:00.000,QUEENS,CORRECTION OFFICER,CEASED,89391.00,per Annum,1608,72069.54,198.62,12684.15,14808.79
2021,72,DEPARTMENT OF CORRECTION,2005-11-03T00:00:00.000,QUEENS,CORRECTION OFFICER,ACTIVE,92073.00,per Annum,2080,92262.36,319,15360.55,13355.11
2021,72,DEPARTMENT OF CORRECTION,2004-08-12T00:00:00.000,MANHATTAN,CORRECTION OFFICER,ACTIVE,92073.00,per Annum,2080,92454.16,70.47,4917.87,12143.24
2021,72,DEPARTMENT OF CORRECTION,2017-10-10T00:00:00.000,QUEENS,ASSOCIATE CORRECTIONAL COUNSELOR,ACTIVE,58741.00,per Annum,1820,57674.45,0,0.00,17.68
2021,72,DEPARTMENT OF CORRECTION,2018-01-08T00:00:00.000,QUEENS,CORRECTION OFFICER,ACTIVE,56318.00,per Annum,1913.15,44308.42,479.52,10415.62,3103.51
2021,72,DEPARTMENT OF CORRECTION,2016-07-01T00:00:00.000,QUEENS,CORRECTION OFFICER,ACTIVE,67196.00,per Annum,2080,63542.00,0,9.33,3458.25
2021,72,DEPARTMENT OF CORRECTION,2011-06-27T00:00:00.000,BRONX,ASSOCIATE CORRECTIONAL COUNSELOR,ACTIVE,66388.00,per Annum,1820,66201.17,0,0.00,0.00
2021,72,DEPARTMENT OF CORRECTION,2004-12-16T00:00:00.000,MANHATTAN,CAPTAIN,ACTIVE,93406.00,per Annum,2080,92531.17,529.25,21458.66,16089.75
2021,72,DEPARTMENT OF CORRECTION,2018-01-08T00:00:00.000,QUEENS,CORRECTION OFFICER,CEASED,54678.00,per Annum,1905.03,51544.40,533.17,11072.18,3708.18
2021,72,DEPARTMENT OF CORRECTION,2017-06-19T00:00:00.000,QUEENS,CORRECTION OFFICER,ON LEAVE,62166.00,per Annum,1760,49751.37,134,5686.77,2450.23
2021,72,DEPARTMENT OF CORRECTION,2015-08-06T00:00:00.000,MANHATTAN,CORRECTION OFFICER,ACTIVE,92073.00,per Annum,2080,75962.11,363.23,18037.97,6358.97
2021,72,DEPARTMENT OF CORRECTION,2010-12-16T00:00:00.000,QUEENS,CORRECTION OFFICER,ACTIVE,92073.00,per Annum,2080,92454.16,76.25,4819.78,10720.74
2021,72,DEPARTMENT OF CORRECTION,2015-08-06T00:00:00.000,QUEENS,CORRECTION OFFICER,ACTIVE,92073.00,per Annum,2080,75554.32,780.23,46092.76,8296.99
2021,72,DEPARTMENT OF CORRECTION,2004-03-04T00:00:00.000,QUEENS,WARDEN-ASSISTANT DEPUTY WARDEN TED < 11/1/92,ACTIVE,128355.00,per Annum,2080,127452.46,2161,111907.50,19537.03
2021,72,DEPARTMENT OF CORRECTION,2002-06-06T00:00:00.000,QUEENS,CAPTAIN,ACTIVE,114617.00,per Annum,2080,113582.67,1299.75,106422.67,15721.06
2021,72,DEPARTMENT OF CORRECTION,2013-05-16T00:00:00.000,QUEENS,CORRECTION OFFICER,ACTIVE,92073.00,per Annum,2080,92454.16,786,54699.51,6833.70
2021,72,DEPARTMENT OF CORRECTION,2015-08-06T00:00:00.000,QUEENS,CORRECTION OFFICER,ACTIVE,92073.00,per Annum,2080,74677.20,175.25,10722.93,7492.53
2021,72,DEPARTMENT OF CORRECTION,1997-10-23T00:00:00.000,QUEENS,CORRECTION OFFICER,CEASED,89391.00,per Annum,1120,51170.15,401,14873.47,26380.62
2021,72,DEPARTMENT OF CORRECTION,2016-12-19T00:00:00.000,QUEENS,CORRECTION OFFICER,ACTIVE,67196.00,per Annum,2080,61202.49,646.5,28058.12,2571.11
2021,72,DEPARTMENT OF CORRECTION,2008-06-30T00:00:00.000,QUEENS,ADMINISTRATIVE STAFF ANALYST,ACTIVE,91059.00,per Annum,1820,90802.61,0,0.00,1000.00
2021,72,DEPARTMENT OF CORRECTION,1988-01-11T00:00:00.000,QUEENS,PROGRAM SPECIALIST  CORRECTION,CEASED,82674.00,per Annum,1696.27,76836.08,84,4892.96,1479.10
2021,72,DEPARTMENT OF CORRECTION,2019-02-11T00:00:00.000,QUEENS,CORRECTION OFFICER,ACTIVE,52216.00,per Annum,2080,51287.11,1404.15,27608.46,4178.38
2021,72,DEPARTMENT OF CORRECTION,2017-06-19T00:00:00.000,QUEENS,CORRECTION OFFICER,ACTIVE,62166.00,per Annum,2080,59354.06,839,18925.77,4755.82
2021,72,DEPARTMENT OF CORRECTION,2016-06-27T00:00:00.000,QUEENS,CORRECTION OFFICER,ACTIVE,67196.00,per Annum,2080,64670.16,513.93,12731.58,5081.35
2021,72,DEPARTMENT OF CORRECTION,2017-06-19T00:00:00.000,QUEENS,CORRECTION OFFICER,ACTIVE,62166.00,per Annum,2080,57971.05,879.92,19960.71,4070.12
2021,72,DEPARTMENT OF CORRECTION,2016-12-19T00:00:00.000,QUEENS,CORRECTION OFFICER,ACTIVE,67196.00,per Annum,2080,62226.09,638,15016.75,4539.95
2021,72,DEPARTMENT OF CORRECTION,2013-09-26T00:00:00.000,QUEENS,CAPTAIN,ACTIVE,92683.00,per Annum,2080,90064.24,558.75,33224.93,9958.39
2021,72,DEPARTMENT OF CORRECTION,2005-11-03T00:00:00.000,QUEENS,CORRECTION OFFICER,ACTIVE,92073.00,per Annum,2080,92454.16,419,29813.53,10687.06
2021,72,DEPARTMENT OF CORRECTION,2007-11-01T00:00:00.000,QUEENS,CORRECTION OFFICER,ACTIVE,92073.00,per Annum,2080,92454.16,418.5,29164.69,11133.18
2021,72,DEPARTMENT OF CORRECTION,2001-12-20T00:00:00.000,QUEENS,CORRECTION OFFICER,ACTIVE,92073.00,per Annum,2080,92454.16,606,24096.93,16091.60
2021,72,DEPARTMENT OF CORRECTION,2001-12-20T00:00:00.000,BRONX,CORRECTION OFFICER,ACTIVE,92073.00,per Annum,2080,92454.16,424,29248.65,10632.65
2021,72,DEPARTMENT OF CORRECTION,2005-11-03T00:00:00.000,QUEENS,CORRECTION OFFICER,ACTIVE,92073.00,per Annum,2080,92454.16,163.25,10708.65,11928.60
2021,72,DEPARTMENT OF CORRECTION,2013-01-03T00:00:00.000,QUEENS,CORRECTION OFFICER,ACTIVE,92073.00,per Annum,2080,92454.16,205.33,13579.51,8871.46
2021,72,DEPARTMENT OF CORRECTION,2009-08-27T00:00:00.000,QUEENS,CORRECTION OFFICER,ACTIVE,92073.00,per Annum,2080,92454.16,183.53,13154.16,8888.20
2021,72,DEPARTMENT OF CORRECTION,2008-11-20T00:00:00.000,QUEENS,CORRECTION OFFICER,ACTIVE,92073.00,per Annum,2080,92293.63,307,11935.02,10241.92
2021,72,DEPARTMENT OF CORRECTION,2010-12-16T00:00:00.000,QUEENS,CORRECTION OFFICER,ACTIVE,92073.00,per Annum,2080,92454.16,197,13935.20,7969.80
2021,72,DEPARTMENT OF CORRECTION,2011-05-26T00:00:00.000,QUEENS,CORRECTION OFFICER,ACTIVE,92073.00,per Annum,2080,92089.15,154,6707.93,15265.23
2021,72,DEPARTMENT OF CORRECTION,2017-06-19T00:00:00.000,QUEENS,CORRECTION OFFICER,ACTIVE,62166.00,per Annum,2080,57913.86,131,4879.03,2890.44
2021,72,DEPARTMENT OF CORRECTION,2017-09-11T00:00:00.000,QUEENS,MOTOR VEHICLE OPERATOR,ACTIVE,49927.00,per Annum,2080,49584.00,296.5,11269.36,4825.55
2021,72,DEPARTMENT OF CORRECTION,2016-12-19T00:00:00.000,QUEENS,CORRECTION OFFICER,ACTIVE,67196.00,per Annum,2080,53722.63,277,6804.38,4813.54
2021,72,DEPARTMENT OF CORRECTION,2016-12-19T00:00:00.000,QUEENS,CORRECTION OFFICER,ACTIVE,67196.00,per Annum,2080,62204.57,0,244.69,2500.34
2021,72,DEPARTMENT OF CORRECTION,2018-01-08T00:00:00.000,QUEENS,CORRECTION OFFICER,ACTIVE,56318.00,per Annum,2080,55003.32,181.95,6500.22,3395.82
2021,72,DEPARTMENT OF CORRECTION,2014-06-09T00:00:00.000,QUEENS,DIETITIAN,ACTIVE,58920.00,per Annum,1820,58754.29,0,0.00,5805.41
2021,72,DEPARTMENT OF CORRECTION,2016-12-19T00:00:00.000,QUEENS,CORRECTION OFFICER,ACTIVE,67196.00,per Annum,2000,49536.12,147.5,6583.45,3154.61
2021,72,DEPARTMENT OF CORRECTION,2016-06-27T00:00:00.000,QUEENS,CORRECTION OFFICER,ACTIVE,67196.00,per Annum,1913.15,50802.40,106,5097.11,3346.33
2021,72,DEPARTMENT OF CORRECTION,2018-01-08T00:00:00.000,QUEENS,CORRECTION OFFICER,CEASED,54678.00,per Annum,1859.47,50215.26,159.5,6444.24,2503.97
2021,72,DEPARTMENT OF CORRECTION,2018-07-23T00:00:00.000,QUEENS,CORRECTION OFFICER,CEASED,56318.00,per Annum,2080,52707.84,38,1938.07,4130.23
2021,72,DEPARTMENT OF CORRECTION,2018-07-23T00:00:00.000,QUEENS,CORRECTION OFFICER,ACTIVE,56318.00,per Annum,2080,52861.82,90.75,3448.75,2258.93
2021,72,DEPARTMENT OF CORRECTION,2013-07-22T00:00:00.000,QUEENS,CLERICAL ASSOCIATE,ACTIVE,51490.00,per Annum,1750,43909.06,0,0.00,6278.24
2021,72,DEPARTMENT OF CORRECTION,1989-04-17T00:00:00.000,QUEENS,*COOK,ACTIVE,41549.00,per Annum,2080,41415.30,19,650.94,7951.88
2021,72,DEPARTMENT OF CORRECTION,2014-08-11T00:00:00.000,QUEENS,CLERICAL ASSOCIATE,ACTIVE,46019.00,per Annum,1820,45889.42,8.6,323.23,3584.54
2021,72,DEPARTMENT OF CORRECTION,2019-04-29T00:00:00.000,QUEENS,CLERICAL ASSOCIATE,ACTIVE,46019.00,per Annum,1820,40775.91,130.5,4251.63,4616.52
2021,72,DEPARTMENT OF CORRECTION,2017-12-18T00:00:00.000,QUEENS,CLERICAL ASSOCIATE,ACTIVE,46019.00,per Annum,1820,45889.42,0,0.00,3386.54
2021,72,DEPARTMENT OF CORRECTION,2018-09-04T00:00:00.000,QUEENS,COMMUNITY ASSOCIATE,ACTIVE,44083.00,per Annum,1820,41974.33,0,0.00,0.00
2021,72,DEPARTMENT OF CORRECTION,2019-11-04T00:00:00.000,QUEENS,RECREATION DIRECTOR,ACTIVE,41660.00,per Annum,1820,41542.80,0,0.00,230.11
2021,72,DEPARTMENT OF CORRECTION,2019-02-11T00:00:00.000,QUEENS,CORRECTION OFFICER,CEASED,45330.00,per Annum,0,864.11,0,157.84,-326.05
2021,72,DEPARTMENT OF CORRECTION,2017-06-19T00:00:00.000,QUEENS,CORRECTION OFFICER,CEASED,49459.00,per Annum,0,369.04,0,0.00,-167.95
2021,72,DEPARTMENT OF CORRECTION,2015-11-30T00:00:00.000,MANHATTAN,CLERICAL ASSOCIATE,CEASED,53712.00,per Annum,0,0.00,0,0.00,4.00
2021,72,DEPARTMENT OF CORRECTION,2016-01-14T00:00:00.000,QUEENS,CORRECTION OFFICER,ACTIVE,67196.00,per Annum,2080,66949.10,858.5,42080.68,4040.26
2021,72,DEPARTMENT OF CORRECTION,2013-01-03T00:00:00.000,QUEENS,CAPTAIN,ACTIVE,93406.00,per Annum,2080,92531.17,210.25,10869.29,9712.53
2021,72,DEPARTMENT OF CORRECTION,2017-06-19T00:00:00.000,QUEENS,CORRECTION OFFICER,ACTIVE,62166.00,per Annum,2080,57279.01,55.5,2586.75,2419.98
2021,72,DEPARTMENT OF CORRECTION,2018-06-11T00:00:00.000,QUEENS,INVESTIGATOR,ACTIVE,58167.00,per Annum,1820,58003.21,78.25,3219.55,1060.15
2021,72,DEPARTMENT OF CORRECTION,2017-06-19T00:00:00.000,QUEENS,CORRECTION OFFICER,ACTIVE,62166.00,per Annum,2080,57151.44,0,39.29,4865.88
2021,72,DEPARTMENT OF CORRECTION,2018-04-02T00:00:00.000,QUEENS,COMMUNITY COORDINATOR,ACTIVE,62215.00,per Annum,1820,62039.92,0,0.00,0.00
2021,72,DEPARTMENT OF CORRECTION,2019-05-13T00:00:00.000,QUEENS,COMMUNITY COORDINATOR,ACTIVE,62215.00,per Annum,1820,62039.92,0,0.00,0.00
2021,72,DEPARTMENT OF CORRECTION,2018-01-08T00:00:00.000,QUEENS,CORRECTION OFFICER,ACTIVE,56318.00,per Annum,2080,55034.75,160.5,3409.98,3371.96
2021,72,DEPARTMENT OF CORRECTION,2017-06-19T00:00:00.000,QUEENS,CORRECTION OFFICER,ACTIVE,62166.00,per Annum,2080,59240.07,0,34.02,2502.65
2021,72,DEPARTMENT OF CORRECTION,2012-09-06T00:00:00.000,QUEENS,CAPTAIN,ACTIVE,92683.00,per Annum,2080,87239.21,264.5,17665.13,9073.01
2021,72,DEPARTMENT OF CORRECTION,2006-06-29T00:00:00.000,QUEENS,CORRECTION OFFICER,ACTIVE,92073.00,per Annum,2080,92454.16,160,6089.27,15511.55
2021,72,DEPARTMENT OF CORRECTION,2016-12-19T00:00:00.000,QUEENS,CORRECTION OFFICER,CEASED,60355.00,per Annum,1360,41269.36,44,1255.86,9710.97
2021,72,DEPARTMENT OF CORRECTION,2005-11-10T00:00:00.000,BRONX,CORRECTION OFFICER,ACTIVE,92073.00,per Annum,2080,92454.16,714,27788.87,14828.48
2021,72,DEPARTMENT OF CORRECTION,2010-12-16T00:00:00.000,QUEENS,CORRECTION OFFICER,ACTIVE,92073.00,per Annum,2080,92344.35,737.97,29030.32,14134.20
2021,72,DEPARTMENT OF CORRECTION,2018-07-23T00:00:00.000,QUEENS,CORRECTION OFFICER,ACTIVE,56318.00,per Annum,2000,50383.49,733.47,16657.41,3801.00
2021,72,DEPARTMENT OF CORRECTION,1990-05-10T00:00:00.000,MANHATTAN,CORRECTION OFFICER,CEASED,89391.00,per Annum,728,34349.96,115.5,8845.53,27811.31
2021,72,DEPARTMENT OF CORRECTION,2016-12-19T00:00:00.000,QUEENS,CORRECTION OFFICER,ACTIVE,67196.00,per Annum,2080,62223.61,138,6069.93,2803.98
2021,72,DEPARTMENT OF CORRECTION,2018-01-08T00:00:00.000,QUEENS,CORRECTION OFFICER,ACTIVE,56318.00,per Annum,2080,55973.30,331.43,12629.81,2533.14
2021,72,DEPARTMENT OF CORRECTION,2019-02-11T00:00:00.000,QUEENS,CORRECTION OFFICER,ACTIVE,52216.00,per Annum,2080,49238.37,483.28,17767.24,4209.40
2021,72,DEPARTMENT OF CORRECTION,2012-04-26T00:00:00.000,QUEENS,CORRECTION OFFICER,CEASED,89391.00,per Annum,907.43,40881.84,2,1119.68,2077.72
2021,72,DEPARTMENT OF CORRECTION,2006-11-09T00:00:00.000,QUEENS,CORRECTION OFFICER,ACTIVE,92073.00,per Annum,2080,92454.16,33.5,2280.41,11137.67
2021,72,DEPARTMENT OF CORRECTION,2016-01-14T00:00:00.000,QUEENS,CORRECTION OFFICER,ACTIVE,67196.00,per Annum,2080,62770.94,90.5,4642.56,4304.65
2021,72,DEPARTMENT OF CORRECTION,2016-01-14T00:00:00.000,QUEENS,CORRECTION OFFICER,ACTIVE,67196.00,per Annum,2080,66949.10,0,25.85,5032.39
2021,72,DEPARTMENT OF CORRECTION,2016-01-21T00:00:00.000,QUEENS,CORRECTION OFFICER,CEASED,53344.00,per Annum,0,141.52,0,1.89,-71.71
2021,72,DEPARTMENT OF CORRECTION,2007-11-04T00:00:00.000,QUEENS,CORRECTIONAL STANDARDS REVIEW SPECIALIST,ACTIVE,70752.00,per Annum,1820,70552.97,0,0.00,1492.34
2021,72,DEPARTMENT OF CORRECTION,2019-02-11T00:00:00.000,QUEENS,CORRECTION OFFICER,CEASED,45330.00,per Annum,0,181.35,0,0.00,-90.68
2021,72,DEPARTMENT OF CORRECTION,2017-06-19T00:00:00.000,QUEENS,CORRECTION OFFICER,ON LEAVE,62166.00,per Annum,2080,32219.46,0,38.28,3119.09
2021,72,DEPARTMENT OF CORRECTION,2007-03-08T00:00:00.000,QUEENS,CAPTAIN,ACTIVE,92683.00,per Annum,2080,93802.03,0.1,88.74,11009.98
2021,72,DEPARTMENT OF CORRECTION,2012-04-26T00:00:00.000,QUEENS,CORRECTION OFFICER,ACTIVE,92073.00,per Annum,2080,91702.03,82,5568.66,7703.26
2021,72,DEPARTMENT OF CORRECTION,2017-06-19T00:00:00.000,QUEENS,CORRECTION OFFICER,CEASED,49459.00,per Annum,0,437.91,0,91.58,-245.92
2021,72,DEPARTMENT OF CORRECTION,2009-08-27T00:00:00.000,QUEENS,CORRECTION OFFICER,CEASED,87211.00,per Annum,0,1692.93,0,0.00,-822.67
2021,72,DEPARTMENT OF CORRECTION,2005-06-06T00:00:00.000,QUEENS,PROGRAM SPECIALIST  CORRECTION,CEASED,85575.00,per Annum,0,0.00,0,0.00,844.48
2021,72,DEPARTMENT OF CORRECTION,1987-06-15T00:00:00.000,QUEENS,ADM MANAGER-NON-MGRL,ACTIVE,93203.00,per Annum,1820,92144.96,0,0.00,1757.73
2021,72,DEPARTMENT OF CORRECTION,2005-06-02T00:00:00.000,QUEENS,CORRECTION OFFICER,ACTIVE,92073.00,per Annum,2080,92454.16,16,1210.65,11784.59
2021,72,DEPARTMENT OF CORRECTION,2017-06-19T00:00:00.000,QUEENS,CORRECTION OFFICER,ACTIVE,62166.00,per Annum,1920,55084.20,623.25,26931.07,2211.33
2021,72,DEPARTMENT OF CORRECTION,2018-01-08T00:00:00.000,QUEENS,CORRECTION OFFICER,ACTIVE,56318.00,per Annum,2080,55756.73,1143.97,24281.42,4356.12
2021,72,DEPARTMENT OF CORRECTION,1986-11-03T00:00:00.000,BRONX,ELECTRICIAN,CEASED,360.43,per Day,0,0.00,0,0.00,12310.64
2021,72,DEPARTMENT OF CORRECTION,2016-01-14T00:00:00.000,MANHATTAN,CORRECTION OFFICER,ACTIVE,67196.00,per Annum,394.28,13414.08,0,6.31,228.23
2021,72,DEPARTMENT OF CORRECTION,2016-01-14T00:00:00.000,QUEENS,CORRECTION OFFICER,CEASED,53344.00,per Annum,0,6.43,0,0.00,-3.22
2021,72,DEPARTMENT OF CORRECTION,2013-09-26T00:00:00.000,QUEENS,CORRECTION OFFICER,ACTIVE,92073.00,per Annum,2080,80373.32,14.25,1083.64,7150.51
2021,72,DEPARTMENT OF CORRECTION,2013-05-16T00:00:00.000,QUEENS,CORRECTION OFFICER,ACTIVE,92073.00,per Annum,1912,85253.10,31,2224.20,10657.24
2021,72,DEPARTMENT OF CORRECTION,2015-08-06T00:00:00.000,QUEENS,CORRECTION OFFICER,ACTIVE,92073.00,per Annum,2080,75152.56,95,6654.40,6442.81
2021,72,DEPARTMENT OF CORRECTION,2005-11-10T00:00:00.000,QUEENS,CORRECTION OFFICER,ACTIVE,92073.00,per Annum,2080,92454.16,1402,54042.98,16644.72
2021,72,DEPARTMENT OF CORRECTION,2016-01-14T00:00:00.000,MANHATTAN,CORRECTION OFFICER,ACTIVE,67196.00,per Annum,2080,66949.10,474.5,12971.48,8334.98
2021,72,DEPARTMENT OF CORRECTION,2008-11-20T00:00:00.000,BROOKLYN,CORRECTION OFFICER,ACTIVE,92073.00,per Annum,2080,92454.16,40,1866.34,10375.62
2021,72,DEPARTMENT OF CORRECTION,2004-02-12T00:00:00.000,BROOKLYN,CORRECTION OFFICER,ACTIVE,92073.00,per Annum,2080,92454.16,29,2246.68,9721.00
2021,72,DEPARTMENT OF CORRECTION,2014-10-30T00:00:00.000,QUEENS,CAPTAIN,ACTIVE,92683.00,per Annum,2080,91652.54,577,21045.01,11986.54
2021,72,DEPARTMENT OF CORRECTION,2015-08-06T00:00:00.000,QUEENS,CORRECTION OFFICER,ACTIVE,92073.00,per Annum,2080,76281.61,52,3163.59,8840.23
2021,72,DEPARTMENT OF CORRECTION,2000-06-01T00:00:00.000,MANHATTAN,CORRECTION OFFICER,CEASED,89391.00,per Annum,0,2939.81,0,306.81,-1510.14
2021,72,DEPARTMENT OF CORRECTION,2017-10-02T00:00:00.000,QUEENS,INVESTIGATOR,CEASED,58167.00,per Annum,1434.15,45705.17,11.5,405.93,538.38
2021,72,DEPARTMENT OF CORRECTION,2015-03-05T00:00:00.000,QUEENS,CORRECTION OFFICER,ACTIVE,92073.00,per Annum,2080,86515.90,342.6,12861.67,13008.67
2021,72,DEPARTMENT OF CORRECTION,2018-01-08T00:00:00.000,QUEENS,CORRECTION OFFICER,CEASED,54678.00,per Annum,941,24354.14,57,1044.81,2348.21
2021,72,DEPARTMENT OF CORRECTION,2016-12-19T00:00:00.000,QUEENS,CORRECTION OFFICER,ACTIVE,67196.00,per Annum,2080,62202.19,573,23707.38,3050.07
2021,72,DEPARTMENT OF CORRECTION,2019-02-11T00:00:00.000,QUEENS,CORRECTION OFFICER,CEASED,46463.00,per Annum,64,3071.37,0,108.71,1016.41
2021,72,DEPARTMENT OF CORRECTION,2019-02-11T00:00:00.000,QUEENS,CORRECTION OFFICER,CEASED,46463.00,per Annum,0,1585.94,0,170.21,-680.84
2021,72,DEPARTMENT OF CORRECTION,2013-01-03T00:00:00.000,QUEENS,CORRECTION OFFICER,ACTIVE,92073.00,per Annum,2080,92452.85,20.25,1996.18,8900.72
2021,72,DEPARTMENT OF CORRECTION,2016-06-27T00:00:00.000,QUEENS,CORRECTION OFFICER,ACTIVE,67196.00,per Annum,2160,64465.75,47.5,2281.54,2538.58
2021,72,DEPARTMENT OF CORRECTION,1994-09-19T00:00:00.000,QUEENS,PROGRAM SPECIALIST  CORRECTION,ACTIVE,67921.00,per Annum,1820,67729.86,6.5,250.10,1596.43
2021,72,DEPARTMENT OF CORRECTION,2006-06-29T00:00:00.000,QUEENS,CORRECTION OFFICER,ACTIVE,92073.00,per Annum,2080,87589.43,4,153.81,11728.32
2021,72,DEPARTMENT OF CORRECTION,2016-12-19T00:00:00.000,QUEENS,CORRECTION OFFICER,ACTIVE,67196.00,per Annum,2080,61979.64,104,4745.96,3709.67
2021,72,DEPARTMENT OF CORRECTION,2016-12-19T00:00:00.000,QUEENS,CORRECTION OFFICER,ACTIVE,67196.00,per Annum,2080,62226.09,122,3277.07,4258.45
2021,72,DEPARTMENT OF CORRECTION,2012-09-06T00:00:00.000,QUEENS,CORRECTION OFFICER,ACTIVE,92073.00,per Annum,2080,91343.48,386.5,26830.76,8128.27
2021,72,DEPARTMENT OF CORRECTION,2006-06-29T00:00:00.000,QUEENS,CORRECTION OFFICER,ACTIVE,92073.00,per Annum,2080,92454.16,402.9,16974.72,15126.99
2021,72,DEPARTMENT OF CORRECTION,2019-02-11T00:00:00.000,QUEENS,CORRECTION OFFICER,ACTIVE,52216.00,per Annum,2080,50045.71,56.82,2200.93,2333.28
2021,72,DEPARTMENT OF CORRECTION,2016-01-14T00:00:00.000,QUEENS,CORRECTION OFFICER,ACTIVE,67196.00,per Annum,2080,66664.86,1085.93,29407.82,7753.39
2021,72,DEPARTMENT OF CORRECTION,2014-05-08T00:00:00.000,QUEENS,CORRECTION OFFICER,ACTIVE,92073.00,per Annum,2080,92070.39,886,58581.36,7651.32
2021,72,DEPARTMENT OF CORRECTION,2015-08-06T00:00:00.000,QUEENS,CORRECTION OFFICER,ACTIVE,92073.00,per Annum,2080,76281.61,54.5,2570.10,9973.60
2021,72,DEPARTMENT OF CORRECTION,2004-02-12T00:00:00.000,QUEENS,CORRECTION OFFICER,ACTIVE,92073.00,per Annum,2080,92454.16,51,2212.25,17479.24
2021,72,DEPARTMENT OF CORRECTION,2011-05-26T00:00:00.000,QUEENS,CORRECTION OFFICER,ACTIVE,92073.00,per Annum,2080,90954.86,1032,39459.96,14630.74
2021,72,DEPARTMENT OF CORRECTION,2008-11-20T00:00:00.000,QUEENS,CAPTAIN,ACTIVE,114617.00,per Annum,2080,112623.97,199.5,17187.92,14943.05
2021,836,DEPARTMENT OF FINANCE,2019-10-28T00:00:00.000,BRONX,CLERICAL ASSOCIATE,ACTIVE,41848.00,per Annum,1820,41730.25,0,0.00,0.00
2021,836,DEPARTMENT OF FINANCE,2015-09-08T00:00:00.000,MANHATTAN,CITY TAX AUDITOR,ACTIVE,64417.00,per Annum,1484,56578.16,0,0.00,1703.37
2021,836,DEPARTMENT OF FINANCE,1982-06-14T00:00:00.000,MANHATTAN,PRINCIPAL ADMINISTRATIVE ASSOCIATE -  NON SUPVR,ACTIVE,54704.00,per Annum,1820,54074.73,0,0.00,4312.46
2021,836,DEPARTMENT OF FINANCE,1994-07-01T00:00:00.000,MANHATTAN,PRINCIPAL ADMINISTRATIVE ASSOCIATE -  NON SUPVR,ACTIVE,54794.00,per Annum,1820,54163.57,0,0.00,4312.46
2021,836,DEPARTMENT OF FINANCE,2018-01-02T00:00:00.000,MANHATTAN,CITY TAX AUDITOR,ACTIVE,64415.00,per Annum,1820,58164.73,0,0.00,520.11
2021,836,DEPARTMENT OF FINANCE,2018-01-02T00:00:00.000,MANHATTAN,CITY TAX AUDITOR,ACTIVE,64415.00,per Annum,1820,58164.73,0,0.00,520.11
2021,836,DEPARTMENT OF FINANCE,2018-01-16T00:00:00.000,MANHATTAN,CITY TAX AUDITOR,ACTIVE,64415.00,per Annum,1820,58164.73,0,0.00,520.11
2021,836,DEPARTMENT OF FINANCE,2018-01-02T00:00:00.000,MANHATTAN,CITY TAX AUDITOR,ACTIVE,64415.00,per Annum,1820,58164.73,0,0.00,520.11
2021,836,DEPARTMENT OF FINANCE,2001-12-10T00:00:00.000,MANHATTAN,CITY TAX AUDITOR,ACTIVE,55116.00,per Annum,1820,50732.87,0,0.00,8484.06
2021,836,DEPARTMENT OF FINANCE,2017-11-27T00:00:00.000,MANHATTAN,CITY TAX AUDITOR,ACTIVE,64415.00,per Annum,1820,58164.73,0,0.00,1105.24
2021,836,DEPARTMENT OF FINANCE,1988-11-07T00:00:00.000,MANHATTAN,SECRETARY,ACTIVE,54612.00,per Annum,1820,54458.37,0,0.00,5205.50
2021,836,DEPARTMENT OF FINANCE,2010-05-10T00:00:00.000,MANHATTAN,COMPUTER SYSTEMS MANAGER,ACTIVE,148253.00,per Annum,1820,147835.82,69,7181.40,40.57
2021,836,DEPARTMENT OF FINANCE,1994-07-01T00:00:00.000,MANHATTAN,PRINCIPAL ADMINISTRATIVE ASSOCIATE -  NON SUPVR,ACTIVE,63444.00,per Annum,1820,62715.34,0,0.00,1807.23
2021,836,DEPARTMENT OF FINANCE,1990-10-15T00:00:00.000,MANHATTAN,PRINCIPAL ADMINISTRATIVE ASSOCIATE -  NON SUPVR,ACTIVE,61085.00,per Annum,1820,60383.27,0,0.00,4253.91
2021,836,DEPARTMENT OF FINANCE,2015-01-05T00:00:00.000,MANHATTAN,PRINCIPAL ADMINISTRATIVE ASSOCIATE -  NON SUPVR,ACTIVE,61085.00,per Annum,1820,60383.27,0,0.00,4312.46
2021,836,DEPARTMENT OF FINANCE,2016-05-09T00:00:00.000,MANHATTAN,COMMUNITY COORDINATOR,ACTIVE,64890.00,per Annum,1820,64707.32,0,0.00,0.00
2021,836,DEPARTMENT OF FINANCE,2007-04-15T00:00:00.000,MANHATTAN,ADMINISTRATIVE PUBLIC INFORMATION SPECIALIST,ACTIVE,94285.00,per Annum,1820,94019.60,0,0.00,-1806.25
2021,836,DEPARTMENT OF FINANCE,2017-10-30T00:00:00.000,MANHATTAN,ADMINISTRATIVE LABOR RELATIONS ANALYST,ACTIVE,94786.00,per Annum,1820,94519.28,0,0.00,-1815.80
2021,836,DEPARTMENT OF FINANCE,2011-07-05T00:00:00.000,MANHATTAN,CITY TAX AUDITOR,ACTIVE,81919.00,per Annum,1820,81688.46,0,0.00,11405.96
2021,836,DEPARTMENT OF FINANCE,1985-06-26T00:00:00.000,MANHATTAN,ADM MANAGER-NON-MGRL,CEASED,99973.00,per Annum,1688.12,91613.60,0,0.00,1629.88
2021,836,DEPARTMENT OF FINANCE,2016-08-22T00:00:00.000,MANHATTAN,COMPUTER ASSOCIATE,ACTIVE,88072.00,per Annum,1820,87824.01,4.5,229.95,5315.22
2021,836,DEPARTMENT OF FINANCE,2017-05-01T00:00:00.000,MANHATTAN,COMPUTER SPECIALIST,ACTIVE,110647.00,per Annum,1820,110335.46,0,0.00,5138.21
2021,836,DEPARTMENT OF FINANCE,2019-07-01T00:00:00.000,MANHATTAN,ADMINISTRATIVE STAFF ANALYST,ACTIVE,118450.00,per Annum,1820,118116.67,0,0.00,-2269.15
2021,836,DEPARTMENT OF FINANCE,2013-02-19T00:00:00.000,MANHATTAN,DEPUTY CITY SHERIFF - NON-SPVR,ACTIVE,85292.00,per Annum,2080,85051.84,665,42581.01,4025.77
2021,836,DEPARTMENT OF FINANCE,2017-05-15T00:00:00.000,QUEENS,DEPUTY CITY SHERIFF - NON-SPVR,ACTIVE,59401.00,per Annum,2080,57217.64,533.25,22526.02,3043.80
2021,836,DEPARTMENT OF FINANCE,1986-11-24T00:00:00.000,MANHATTAN,COMPUTER ASSOCIATE,ACTIVE,79336.00,per Annum,1820,78426.82,0,0.00,4353.71
2021,836,DEPARTMENT OF FINANCE,1995-07-09T00:00:00.000,QUEENS,DEPUTY CITY SHERIFF - NON-SPVR,CEASED,85292.00,per Annum,1723.47,70471.84,89.5,5965.87,6192.73
2021,836,DEPARTMENT OF FINANCE,2012-01-17T00:00:00.000,MANHATTAN,CITY TAX AUDITOR,ACTIVE,76387.00,per Annum,1820,76171.95,0,0.00,6345.08
2021,836,DEPARTMENT OF FINANCE,2013-07-15T00:00:00.000,QUEENS,CITY TAX AUDITOR,ACTIVE,76252.00,per Annum,1820,76037.28,0,0.00,6460.58
2021,836,DEPARTMENT OF FINANCE,2012-12-03T00:00:00.000,MANHATTAN,CITY TAX AUDITOR,ACTIVE,76294.00,per Annum,1820,76079.39,0,0.00,6345.08
2021,836,DEPARTMENT OF FINANCE,2014-03-31T00:00:00.000,MANHATTAN,CITY TAX AUDITOR,ACTIVE,76252.00,per Annum,1820,76037.28,0,0.00,6345.09
2021,836,DEPARTMENT OF FINANCE,1982-04-26T00:00:00.000,MANHATTAN,ADM MANAGER-NON-MGRL,ACTIVE,82071.00,per Annum,1820,80428.74,0,0.00,1757.73
2021,836,DEPARTMENT OF FINANCE,2019-09-30T00:00:00.000,MANHATTAN,PROCUREMENT ANALYST,ACTIVE,82400.00,per Annum,1820,81957.89,0,0.00,0.00
2021,836,DEPARTMENT OF FINANCE,1995-07-09T00:00:00.000,QUEENS,PRINCIPAL ADMINISTRATIVE ASSOCIATE -  NON SUPVR,ACTIVE,81149.00,per Annum,1820,80219.20,3,139.54,3399.82
2021,836,DEPARTMENT OF FINANCE,2017-06-05T00:00:00.000,QUEENS,ASSOCIATE FRAUD INVESTIGATOR,ACTIVE,69152.00,per Annum,1820,70272.66,800.25,51354.22,11400.91
2021,836,DEPARTMENT OF FINANCE,2010-08-30T00:00:00.000,MANHATTAN,COMPUTER SYSTEMS MANAGER,ACTIVE,126905.00,per Annum,1820,126547.84,55.25,5155.02,630.48
2021,836,DEPARTMENT OF FINANCE,2008-01-07T00:00:00.000,MANHATTAN,HEARING OFFICER,ACTIVE,54.93,per Hour,2076.78,114077.61,0,0.00,0.00
2021,836,DEPARTMENT OF FINANCE,1995-07-09T00:00:00.000,BROOKLYN,DEPUTY CITY SHERIFF - NON-SPVR,CEASED,96535.00,per Annum,810.5,37505.82,0,0.00,2911.97
2021,836,DEPARTMENT OF FINANCE,1995-07-09T00:00:00.000,BRONX,SUPERVISING DEPUTY SHERIFF - AL 1 ONLY 40 HR,CEASED,115586.00,per Annum,210,13291.67,247.5,23359.79,4008.60
2021,836,DEPARTMENT OF FINANCE,2018-11-13T00:00:00.000,MANHATTAN,COMMUNITY COORDINATOR,ACTIVE,77250.00,per Annum,1820,77032.49,0,0.00,0.00
2021,836,DEPARTMENT OF FINANCE,2012-03-05T00:00:00.000,MANHATTAN,ADM MANAGER-NON-MGRL,ACTIVE,77077.00,per Annum,1820,76202.15,0,0.00,978.81
2021,836,DEPARTMENT OF FINANCE,2018-10-28T00:00:00.000,MANHATTAN,PROCUREMENT ANALYST,ACTIVE,84254.00,per Annum,1820,83801.89,0,0.00,8.25
2021,836,DEPARTMENT OF FINANCE,1986-07-28T00:00:00.000,MANHATTAN,ADM MANAGER-NON-MGRL,ACTIVE,82480.00,per Annum,1820,81543.92,0,0.00,1757.73
2021,836,DEPARTMENT OF FINANCE,2016-04-18T00:00:00.000,QUEENS,DEPUTY CITY SHERIFF - NON-SPVR,ACTIVE,63125.00,per Annum,2080,61743.61,1183.75,52470.65,362.06
2021,836,DEPARTMENT OF FINANCE,2019-04-15T00:00:00.000,MANHATTAN,CITY RESEARCH SCIENTIST,ACTIVE,86830.00,per Annum,1820,86585.71,0,0.00,5183.44
2021,836,DEPARTMENT OF FINANCE,2018-11-28T00:00:00.000,MANHATTAN,HEARING OFFICER,ACTIVE,54.93,per Hour,1417.73,77876.09,0,0.00,0.00
2021,836,DEPARTMENT OF FINANCE,2015-02-02T00:00:00.000,BROOKLYN,COMPUTER SYSTEMS MANAGER,ACTIVE,116815.00,per Annum,1820,116486.33,0,0.00,-2237.85
2021,836,DEPARTMENT OF FINANCE,2004-03-01T00:00:00.000,MANHATTAN,CLERICAL ASSOCIATE,ACTIVE,41848.00,per Annum,1820,41730.25,0,0.00,797.63
2021,836,DEPARTMENT OF FINANCE,2012-04-23T00:00:00.000,BROOKLYN,CITY ASSESSOR,ACTIVE,93519.00,per Annum,1820,93255.78,0,0.84,3054.50
2021,836,DEPARTMENT OF FINANCE,2018-07-09T00:00:00.000,BRONX,CLERICAL ASSOCIATE,ACTIVE,41848.00,per Annum,1820,41730.25,0,0.00,1918.82
2021,836,DEPARTMENT OF FINANCE,2019-10-21T00:00:00.000,MANHATTAN,ASSISTANT CITY ASSESSOR,ACTIVE,50848.00,per Annum,1820,50704.78,0,0.00,0.00
2021,836,DEPARTMENT OF FINANCE,2018-07-09T00:00:00.000,MANHATTAN,PRINCIPAL ADMINISTRATIVE ASSOCIATE -  NON SUPVR,ACTIVE,73722.00,per Annum,1820,72885.19,233.25,12715.83,1194.67
2021,836,DEPARTMENT OF FINANCE,1985-10-15T00:00:00.000,MANHATTAN,CITY ASSESSOR,ACTIVE,104119.00,per Annum,1820,103826.06,0,7.25,6772.21
2021,836,DEPARTMENT OF FINANCE,2016-12-05T00:00:00.000,MANHATTAN,ADMINISTRATIVE STAFF ANALYST,ACTIVE,87550.00,per Annum,1820,87303.53,362.5,23690.45,74.14
2021,836,DEPARTMENT OF FINANCE,1985-12-16T00:00:00.000,MANHATTAN,CITY ASSESSOR,ACTIVE,104119.00,per Annum,1820,103826.06,0,34.73,6772.24
2021,836,DEPARTMENT OF FINANCE,1999-01-19T00:00:00.000,MANHATTAN,PRINCIPAL ADMINISTRATIVE ASSOCIATE -  NON SUPVR,ACTIVE,57784.00,per Annum,1820,57119.59,0,0.00,4312.46
2021,836,DEPARTMENT OF FINANCE,2019-09-09T00:00:00.000,MANHATTAN,COMPUTER SYSTEMS MANAGER,ACTIVE,141110.00,per Annum,1820,140712.87,0,0.00,-2703.25
2021,836,DEPARTMENT OF FINANCE,1988-09-06T00:00:00.000,MANHATTAN,CITY TAX AUDITOR,ACTIVE,66368.00,per Annum,1820,66181.15,0,0.00,9672.58
2021,836,DEPARTMENT OF FINANCE,2019-09-09T00:00:00.000,QUEENS,ASSISTANT CITY ASSESSOR,ACTIVE,50848.00,per Annum,1820,50704.78,0,0.00,0.00
2021,836,DEPARTMENT OF FINANCE,2015-09-08T00:00:00.000,MANHATTAN,MANAGEMENT AUDITOR,ACTIVE,64415.00,per Annum,1820,64233.64,0,0.00,4867.14
2021,836,DEPARTMENT OF FINANCE,1989-09-27T00:00:00.000,MANHATTAN,PRINCIPAL ADMINISTRATIVE ASSOCIATE -  NON SUPVR,ACTIVE,54794.00,per Annum,1820,54163.57,53.5,1897.92,4312.46
2021,836,DEPARTMENT OF FINANCE,2019-09-09T00:00:00.000,BROOKLYN,ASSISTANT CITY ASSESSOR,ACTIVE,50848.00,per Annum,1820,50704.78,0,0.00,-49.22
2021,836,DEPARTMENT OF FINANCE,1995-07-09T00:00:00.000,QUEENS,DEPUTY CITY SHERIFF - NON-SPVR,ACTIVE,88026.00,per Annum,2080,87202.85,1601.25,109231.21,13705.58
2021,836,DEPARTMENT OF FINANCE,2013-12-16T00:00:00.000,QUEENS,DEPUTY CITY SHERIFF - NON-SPVR,ACTIVE,88026.00,per Annum,2080,87637.86,1762.75,113720.93,3027.05
2021,836,DEPARTMENT OF FINANCE,2019-07-08T00:00:00.000,QUEENS,DEPUTY CITY SHERIFF - NON-SPVR,ACTIVE,48666.00,per Annum,2080,46039.67,1111.75,38115.33,2527.01
2021,836,DEPARTMENT OF FINANCE,1990-06-18T00:00:00.000,MANHATTAN,ADM MANAGER-NON-MGRL,ACTIVE,75197.00,per Annum,1820,73667.51,0,0.00,1757.73
2021,836,DEPARTMENT OF FINANCE,2014-11-03T00:00:00.000,QUEENS,DEPUTY CITY SHERIFF - NON-SPVR,ACTIVE,85292.00,per Annum,2080,85051.84,909,57566.67,5533.31
2021,836,DEPARTMENT OF FINANCE,2015-05-26T00:00:00.000,MANHATTAN,CITY TAX AUDITOR,ACTIVE,64415.00,per Annum,1820,64233.64,0,0.00,4224.69
2021,836,DEPARTMENT OF FINANCE,1994-10-24T00:00:00.000,MANHATTAN,CITY TAX AUDITOR,ACTIVE,66366.00,per Annum,1820,66179.33,0,0.00,9672.58
2021,836,DEPARTMENT OF FINANCE,1995-07-09T00:00:00.000,MANHATTAN,CLERICAL ASSOCIATE,ACTIVE,62844.00,per Annum,1820,62667.00,0,0.84,5205.51
2021,836,DEPARTMENT OF FINANCE,1984-10-01T00:00:00.000,MANHATTAN,PRINCIPAL ADMINISTRATIVE ASSOCIATE -  NON SUPVR,ACTIVE,73498.00,per Annum,1820,72655.14,0,0.00,4312.46
2021,836,DEPARTMENT OF FINANCE,2019-09-30T00:00:00.000,MANHATTAN,ACCOUNTANT,ACTIVE,77250.00,per Annum,1820,77032.49,271.5,16528.23,2876.20
2021,836,DEPARTMENT OF FINANCE,2018-12-24T00:00:00.000,BROOKLYN,ASSISTANT CITY ASSESSOR,ACTIVE,50848.00,per Annum,1820,50704.78,0,0.00,0.00
2021,836,DEPARTMENT OF FINANCE,2015-09-21T00:00:00.000,MANHATTAN,PRINCIPAL ADMINISTRATIVE ASSOCIATE -  NON SUPVR,ACTIVE,61015.00,per Annum,1820,60322.42,0,0.00,0.00
2021,836,DEPARTMENT OF FINANCE,2019-09-09T00:00:00.000,MANHATTAN,ASSISTANT CITY ASSESSOR,ACTIVE,50848.00,per Annum,1820,50704.78,0,0.00,33.00
2021,836,DEPARTMENT OF FINANCE,2016-12-12T00:00:00.000,MANHATTAN,COMPUTER SYSTEMS MANAGER,CEASED,161136.00,per Annum,350,30890.73,0,0.00,1663.96
2021,836,DEPARTMENT OF FINANCE,2018-12-24T00:00:00.000,BRONX,ASSISTANT CITY ASSESSOR,ACTIVE,50848.00,per Annum,1820,50704.78,11.5,340.94,0.00
2021,836,DEPARTMENT OF FINANCE,1994-07-01T00:00:00.000,MANHATTAN,ADM MANAGER-NON-MGRL,ACTIVE,86526.00,per Annum,1820,85544.01,1.25,60.41,1757.73
2021,836,DEPARTMENT OF FINANCE,2005-12-25T00:00:00.000,MANHATTAN,CERTIFIED IT ADMINISTRATOR,ACTIVE,94352.00,per Annum,1820,94086.41,524.25,38119.01,6709.35
2021,836,DEPARTMENT OF FINANCE,1985-07-15T00:00:00.000,MANHATTAN,CITY TAX AUDITOR,ACTIVE,76614.00,per Annum,1820,76398.39,0,0.00,9672.58
2021,836,DEPARTMENT OF FINANCE,1987-07-06T00:00:00.000,MANHATTAN,CITY ASSESSOR,ACTIVE,93519.00,per Annum,1820,93255.78,154,11469.02,6772.26
2021,836,DEPARTMENT OF FINANCE,1987-12-07T00:00:00.000,MANHATTAN,CITY TAX AUDITOR,ACTIVE,76614.00,per Annum,1820,76398.39,0,0.00,9672.58
2021,836,DEPARTMENT OF FINANCE,2015-11-09T00:00:00.000,BROOKLYN,CLERICAL ASSOCIATE,ACTIVE,41848.00,per Annum,1820,41730.25,58.5,1339.98,0.00
2021,836,DEPARTMENT OF FINANCE,2017-01-17T00:00:00.000,MANHATTAN,ADMINISTRATIVE STAFF ANALYST,ACTIVE,144200.00,per Annum,1820,143794.16,0,0.00,-2762.45
2021,836,DEPARTMENT OF FINANCE,1990-07-30T00:00:00.000,MANHATTAN,COMPUTER ASSOCIATE,ACTIVE,90751.00,per Annum,1820,90495.57,0,0.00,6071.60
2021,836,DEPARTMENT OF FINANCE,2015-01-12T00:00:00.000,MANHATTAN,EXECUTIVE PROGRAM SPECIALIST,ACTIVE,213000.00,per Annum,1820,212400.42,0,0.00,-4080.45
2021,836,DEPARTMENT OF FINANCE,1992-09-21T00:00:00.000,MANHATTAN,COMPUTER SPECIALIST,ACTIVE,113921.00,per Annum,1820,113600.30,46.25,3399.32,6247.74
2021,836,DEPARTMENT OF FINANCE,1998-12-08T00:00:00.000,MANHATTAN,COMPUTER ASSOCIATE,ACTIVE,84484.00,per Annum,1820,87339.24,35,2355.00,6464.97
2021,836,DEPARTMENT OF FINANCE,2013-04-08T00:00:00.000,MANHATTAN,COMPUTER SPECIALIST,ACTIVE,106023.00,per Annum,1820,105724.70,0,0.00,5282.22
2021,836,DEPARTMENT OF FINANCE,1993-09-13T00:00:00.000,QUEENS,CLERICAL ASSOCIATE,ACTIVE,46149.00,per Annum,1820,46019.14,0,0.00,5205.50
2021,836,DEPARTMENT OF FINANCE,2005-10-12T00:00:00.000,MANHATTAN,CLERICAL AIDE,ACTIVE,41064.00,per Annum,1820,40948.49,0,0.00,2589.09
2021,836,DEPARTMENT OF FINANCE,1989-09-18T00:00:00.000,MANHATTAN,ADMINISTRATIVE LABOR RELATIONS ANALYST,CEASED,115008.00,per Annum,1568,98803.65,0,0.00,-2203.20
2021,836,DEPARTMENT OF FINANCE,2019-04-15T00:00:00.000,MANHATTAN,PRINCIPAL ADMINISTRATIVE ASSOCIATE -  NON SUPVR,ACTIVE,61015.00,per Annum,1820,60322.42,1,32.42,0.00
2021,836,DEPARTMENT OF FINANCE,2018-12-24T00:00:00.000,RICHMOND,ASSISTANT CITY ASSESSOR,ACTIVE,50848.00,per Annum,1820,50704.78,0,0.00,0.00
2021,836,DEPARTMENT OF FINANCE,2014-11-03T00:00:00.000,MANHATTAN,COMPUTER SYSTEMS MANAGER,ACTIVE,123600.00,per Annum,1820,123252.07,0,0.00,157.25
2021,836,DEPARTMENT OF FINANCE,2019-07-08T00:00:00.000,MANHATTAN,"ACTUARIAL SPECIALIST LEVEL II, OJ",ACTIVE,112293.00,per Annum,1820,111976.97,0,0.00,-1151.20
2021,836,DEPARTMENT OF FINANCE,1995-07-09T00:00:00.000,RICHMOND,DEPUTY CITY SHERIFF - NON-SPVR,ACTIVE,96535.00,per Annum,2080,96263.24,395.75,29576.09,8398.92
2021,836,DEPARTMENT OF FINANCE,2019-04-22T00:00:00.000,MANHATTAN,PRINCIPAL ADMINISTRATIVE ASSOCIATE -  NON SUPVR,ACTIVE,53056.00,per Annum,1820,52453.75,0,0.00,0.00
2021,836,DEPARTMENT OF FINANCE,2017-05-01T00:00:00.000,BROOKLYN,CLERICAL ASSOCIATE,ACTIVE,41848.00,per Annum,1820,40841.71,0,0.00,3689.16
2021,836,DEPARTMENT OF FINANCE,1994-07-01T00:00:00.000,MANHATTAN,PRINCIPAL ADMINISTRATIVE ASSOCIATE -  NON SUPVR,ACTIVE,68126.00,per Annum,1820,67344.26,0,0.00,4312.46
2021,836,DEPARTMENT OF FINANCE,2018-07-29T00:00:00.000,MANHATTAN,PRINCIPAL ADMINISTRATIVE ASSOCIATE -  NON SUPVR,ACTIVE,61015.00,per Annum,1820,60322.42,0,0.00,1757.72
2021,836,DEPARTMENT OF FINANCE,1980-09-15T00:00:00.000,MANHATTAN,CITY TAX AUDITOR,ACTIVE,75322.00,per Annum,1820,75109.93,0,0.00,9672.58
2021,836,DEPARTMENT OF FINANCE,2014-05-19T00:00:00.000,MANHATTAN,CONFIDENTIAL STRATEGY PLANNER,ACTIVE,85608.00,per Annum,1820,85366.94,0,0.00,-1140.00
2021,836,DEPARTMENT OF FINANCE,2016-06-27T00:00:00.000,MANHATTAN,PRINCIPAL ADMINISTRATIVE ASSOCIATE -  NON SUPVR,ACTIVE,70523.00,per Annum,1820,69714.03,0,0.00,1757.73
2021,836,DEPARTMENT OF FINANCE,2016-06-06T00:00:00.000,MANHATTAN,AGENCY ATTORNEY,CEASED,90682.00,per Annum,1141,56687.95,0,0.00,5181.45
2021,836,DEPARTMENT OF FINANCE,2016-11-28T00:00:00.000,MANHATTAN,CITY PLANNER,ACTIVE,74989.00,per Annum,1820,74777.93,154.75,8864.42,565.25
2021,836,DEPARTMENT OF FINANCE,2016-11-28T00:00:00.000,MANHATTAN,COMPUTER ASSOCIATE,ACTIVE,77345.00,per Annum,1820,77127.37,53.25,2939.48,5597.47
2021,836,DEPARTMENT OF FINANCE,1986-02-18T00:00:00.000,BRONX,CITY ASSESSOR,ACTIVE,117117.00,per Annum,1820,116787.39,140,12735.58,6772.21
2021,836,DEPARTMENT OF FINANCE,2013-01-18T00:00:00.000,BROOKLYN,ASSOCIATE STAFF ANALYST,ACTIVE,85000.00,per Annum,1820,84760.66,309.5,19737.95,511.79
2021,836,DEPARTMENT OF FINANCE,2012-07-16T00:00:00.000,MANHATTAN,HEARING OFFICER,ACTIVE,54.93,per Hour,801.82,44043.86,0,0.00,0.00
2021,836,DEPARTMENT OF FINANCE,2019-04-15T00:00:00.000,BRONX,CLERICAL ASSOCIATE,ACTIVE,41848.00,per Annum,1820,37289.44,583,15357.75,524.58
2021,836,DEPARTMENT OF FINANCE,2019-09-30T00:00:00.000,MANHATTAN,PRINCIPAL ADMINISTRATIVE ASSOCIATE -  NON SUPVR,ACTIVE,54531.00,per Annum,1820,52877.21,0,0.00,0.00
2021,836,DEPARTMENT OF FINANCE,1989-07-31T00:00:00.000,MANHATTAN,COMPUTER SPECIALIST,ACTIVE,99622.00,per Annum,1820,99341.66,0,0.00,6079.85
2021,836,DEPARTMENT OF FINANCE,2015-06-22T00:00:00.000,BROOKLYN,COMPUTER SYSTEMS MANAGER,ACTIVE,113413.00,per Annum,1820,113093.85,0,0.00,8.75
2021,836,DEPARTMENT OF FINANCE,2014-10-06T00:00:00.000,BROOKLYN,COMPUTER SYSTEMS MANAGER,ACTIVE,85059.00,per Annum,1820,84819.67,0,0.00,500.00
2021,836,DEPARTMENT OF FINANCE,2018-05-23T00:00:00.000,MANHATTAN,HEARING OFFICER,ACTIVE,54.93,per Hour,421.17,23134.73,0,0.00,0.00
2021,836,DEPARTMENT OF FINANCE,1994-07-01T00:00:00.000,BROOKLYN,PRINCIPAL ADMINISTRATIVE ASSOCIATE -  NON SUPVR,ACTIVE,67671.00,per Annum,1820,66894.39,0,0.00,4312.46
2021,836,DEPARTMENT OF FINANCE,2019-08-19T00:00:00.000,MANHATTAN,CITY TAX AUDITOR,ACTIVE,53242.00,per Annum,1820,52933.34,0,0.00,0.00
2021,836,DEPARTMENT OF FINANCE,1994-07-01T00:00:00.000,MANHATTAN,PRINCIPAL ADMINISTRATIVE ASSOCIATE -  NON SUPVR,ACTIVE,67639.00,per Annum,1820,66862.72,0,0.00,4312.46
2021,836,DEPARTMENT OF FINANCE,1994-07-01T00:00:00.000,MANHATTAN,HEARING OFFICER,ACTIVE,54.93,per Hour,1142.72,62769.57,0,0.00,0.00
2021,836,DEPARTMENT OF FINANCE,2019-04-01T00:00:00.000,MANHATTAN,CITY RESEARCH SCIENTIST,ACTIVE,86830.00,per Annum,1820,85589.29,0,0.00,-771.95
2021,836,DEPARTMENT OF FINANCE,1990-10-29T00:00:00.000,MANHATTAN,ADMINISTRATIVE TAX AUDITOR,ACTIVE,112270.00,per Annum,1820,111954.10,0,0.00,797.63
2021,836,DEPARTMENT OF FINANCE,2019-09-30T00:00:00.000,MANHATTAN,ACCOUNTANT,ACTIVE,82400.00,per Annum,1820,82168.13,0,0.00,1744.62
2021,836,DEPARTMENT OF FINANCE,1994-07-01T00:00:00.000,MANHATTAN,HEARING OFFICER,ACTIVE,54.93,per Hour,1305.7,71722.23,0,0.00,0.00
2021,836,DEPARTMENT OF FINANCE,2012-05-07T00:00:00.000,MANHATTAN,PRINCIPAL ADMINISTRATIVE ASSOCIATE -  NON SUPVR,ACTIVE,63366.00,per Annum,1820,62646.68,0,0.00,16.50
2021,836,DEPARTMENT OF FINANCE,2012-06-25T00:00:00.000,MANHATTAN,ADMINISTRATIVE STAFF ANALYST,ACTIVE,73187.00,per Annum,1820,72980.94,0,0.00,0.00
2021,836,DEPARTMENT OF FINANCE,2019-06-24T00:00:00.000,MANHATTAN,ACCOUNTANT,ACTIVE,66950.00,per Annum,1820,66761.68,0,0.00,6310.33
2021,836,DEPARTMENT OF FINANCE,2013-12-23T00:00:00.000,BRONX,CITY ASSESSOR,ACTIVE,93519.00,per Annum,1820,93255.78,123.5,8394.58,1582.18
2021,836,DEPARTMENT OF FINANCE,1990-09-04T00:00:00.000,MANHATTAN,EXECUTIVE AGENCY COUNSEL,ACTIVE,177160.00,per Annum,1820,176661.42,0,0.00,-3393.85
2021,836,DEPARTMENT OF FINANCE,2017-01-09T00:00:00.000,MANHATTAN,COMPUTER SYSTEMS MANAGER,ACTIVE,177250.00,per Annum,1820,176751.12,0,0.00,-3395.60
2021,836,DEPARTMENT OF FINANCE,2007-10-29T00:00:00.000,MANHATTAN,COMPUTER SYSTEMS MANAGER,ACTIVE,179592.00,per Annum,1820,179086.52,0,0.00,-3440.45
2021,836,DEPARTMENT OF FINANCE,1985-06-24T00:00:00.000,MANHATTAN,CITY TAX AUDITOR,ACTIVE,97196.00,per Annum,1820,96922.54,0,0.00,9672.58
2021,836,DEPARTMENT OF FINANCE,2019-12-09T00:00:00.000,MANHATTAN,COMPUTER SPECIALIST,ACTIVE,120000.00,per Annum,1820,119662.26,19,1440.11,5273.97
2021,836,DEPARTMENT OF FINANCE,2012-07-30T00:00:00.000,MANHATTAN,COMPUTER ASSOCIATE,ACTIVE,66934.00,per Annum,1820,66745.57,27.5,1383.59,5287.81
2021,836,DEPARTMENT OF FINANCE,1995-07-09T00:00:00.000,QUEENS,SUPERVISING DEPUTY SHERIFF - AL 1 ONLY 40 HR,ACTIVE,106949.00,per Annum,2080,106647.89,807,66347.83,9893.52
2021,836,DEPARTMENT OF FINANCE,2019-08-26T00:00:00.000,MANHATTAN,ADMINISTRATIVE LABOR RELATIONS ANALYST,ACTIVE,118450.00,per Annum,1820,118116.67,0,0.00,-1769.15
2021,836,DEPARTMENT OF FINANCE,2013-11-11T00:00:00.000,MANHATTAN,CLERICAL ASSOCIATE,CEASED,43216.00,per Annum,462,9737.55,0,0.00,400.64
2021,836,DEPARTMENT OF FINANCE,1997-05-12T00:00:00.000,MANHATTAN,HEARING OFFICER,ACTIVE,54.93,per Hour,1654.87,90901.91,0,0.00,0.00
2021,836,DEPARTMENT OF FINANCE,2012-07-02T00:00:00.000,MANHATTAN,COMPUTER SYSTEMS MANAGER,CEASED,147493.00,per Annum,-7,-563.98,0,0.00,0.00
2021,836,DEPARTMENT OF FINANCE,2012-05-21T00:00:00.000,MANHATTAN,PRINCIPAL ADMINISTRATIVE ASSOCIATE -  NON SUPVR,CEASED,64091.00,per Annum,0,-429.92,0,0.00,-16.05
2021,836,DEPARTMENT OF FINANCE,2019-02-19T00:00:00.000,BRONX,DEPUTY CITY SHERIFF - NON-SPVR,ACTIVE,48666.00,per Annum,2080,47798.54,654.25,22740.47,1588.73
2021,836,DEPARTMENT OF FINANCE,2016-12-26T00:00:00.000,MANHATTAN,PRINCIPAL ADMINISTRATIVE ASSOCIATE -  NON SUPVR,ACTIVE,61015.00,per Annum,1820,60322.42,0,0.00,3651.75
2021,836,DEPARTMENT OF FINANCE,2013-04-01T00:00:00.000,MANHATTAN,PRINCIPAL ADMINISTRATIVE ASSOCIATE -  NON SUPVR,ACTIVE,61015.00,per Annum,1820,60322.42,11,488.99,2515.90
2021,836,DEPARTMENT OF FINANCE,1986-04-07T00:00:00.000,BRONX,PRINCIPAL ADMINISTRATIVE ASSOCIATE -  NON SUPVR,CEASED,54996.00,per Annum,665,19352.73,0,0.00,2150.89
2021,836,DEPARTMENT OF FINANCE,2006-07-24T00:00:00.000,QUEENS,CLERICAL ASSOCIATE,CEASED,37918.00,per Annum,0,0.00,0,0.00,0.00
2021,836,DEPARTMENT OF FINANCE,1993-09-07T00:00:00.000,QUEENS,PRINCIPAL ADMINISTRATIVE ASSOCIATE -  NON SUPVR,ACTIVE,61156.00,per Annum,1820,60453.39,0,0.00,2568.02
2021,836,DEPARTMENT OF FINANCE,1993-07-19T00:00:00.000,MANHATTAN,CITY TAX AUDITOR,ACTIVE,82147.00,per Annum,1820,81915.69,0,0.00,9672.58
2021,836,DEPARTMENT OF FINANCE,1994-08-29T00:00:00.000,MANHATTAN,CITY TAX AUDITOR,ACTIVE,82147.00,per Annum,1820,81915.69,0,0.00,9672.58
2021,836,DEPARTMENT OF FINANCE,1995-07-09T00:00:00.000,BRONX,DEPUTY CITY SHERIFF - NON-SPVR,ACTIVE,85292.00,per Annum,2080,85051.84,499.25,33526.27,9268.57
2021,836,DEPARTMENT OF FINANCE,2019-09-30T00:00:00.000,MANHATTAN,PRINCIPAL ADMINISTRATIVE ASSOCIATE -  NON SUPVR,ACTIVE,61045.00,per Annum,1820,60343.54,20.5,824.22,1774.54
2021,836,DEPARTMENT OF FINANCE,2004-03-01T00:00:00.000,MANHATTAN,PRINCIPAL ADMINISTRATIVE ASSOCIATE -  NON SUPVR,ACTIVE,61045.00,per Annum,1820,60343.54,0,0.00,2515.90
2021,836,DEPARTMENT OF FINANCE,2001-06-08T00:00:00.000,MANHATTAN,ASSOCIATE STAFF ANALYST,ON SEPARATION LEAVE,85274.00,per Annum,1820,85033.90,0,0.00,5451.53
2021,836,DEPARTMENT OF FINANCE,1994-07-01T00:00:00.000,MANHATTAN,HEARING OFFICER,ACTIVE,54.93,per Hour,118.07,6485.42,0,0.00,0.00
2021,836,DEPARTMENT OF FINANCE,1981-11-30T00:00:00.000,BRONX,CLERICAL ASSOCIATE,ACTIVE,51293.00,per Annum,1820,51148.57,0,0.00,5205.50
2021,836,DEPARTMENT OF FINANCE,1994-07-01T00:00:00.000,MANHATTAN,ADM MANAGER-NON-MGRL,CEASED,70138.00,per Annum,168.65,6476.18,0,0.00,161.32
2021,836,DEPARTMENT OF FINANCE,2018-01-22T00:00:00.000,MANHATTAN,ADMIN CONTRACT SPECIALIST,ACTIVE,92454.00,per Annum,1820,92193.76,0,0.00,-1771.15
2021,836,DEPARTMENT OF FINANCE,1988-11-07T00:00:00.000,MANHATTAN,ADMINISTRATIVE STAFF ANALYST,ACTIVE,119434.00,per Annum,1820,119097.84,0,0.00,-2288.00
2021,836,DEPARTMENT OF FINANCE,2019-11-18T00:00:00.000,MANHATTAN,CITY TAX AUDITOR,ACTIVE,46428.00,per Annum,1820,45889.14,0,0.00,0.00
2021,836,DEPARTMENT OF FINANCE,2019-11-18T00:00:00.000,MANHATTAN,CITY TAX AUDITOR,ACTIVE,46428.00,per Annum,1820,45889.14,0,0.00,0.00
2021,836,DEPARTMENT OF FINANCE,2019-11-18T00:00:00.000,MANHATTAN,CITY TAX AUDITOR,ACTIVE,46428.00,per Annum,1820,45889.14,0,0.00,0.00
2021,836,DEPARTMENT OF FINANCE,2004-03-01T00:00:00.000,BROOKLYN,CLERICAL ASSOCIATE,ACTIVE,41848.00,per Annum,1820,41730.25,0,0.00,4128.39
2021,836,DEPARTMENT OF FINANCE,2004-03-01T00:00:00.000,MANHATTAN,CLERICAL ASSOCIATE,ACTIVE,41848.00,per Annum,1820,41730.25,0,0.00,4128.39
2021,836,DEPARTMENT OF FINANCE,2020-01-06T00:00:00.000,MANHATTAN,CITY TAX AUDITOR,ACTIVE,46428.00,per Annum,1820,45754.88,0,0.00,0.00
2021,836,DEPARTMENT OF FINANCE,2018-10-01T00:00:00.000,MANHATTAN,PRINCIPAL ADMINISTRATIVE ASSOCIATE -  NON SUPVR,ACTIVE,67499.00,per Annum,1820,66732.76,494.25,22988.98,1676.77
2021,836,DEPARTMENT OF FINANCE,2005-03-21T00:00:00.000,BROOKLYN,SUPERVISING SPECIAL OFFICER,ACTIVE,55853.00,per Annum,1864,43100.81,2,80.97,1894.48
2021,836,DEPARTMENT OF FINANCE,2018-10-01T00:00:00.000,MANHATTAN,CLERICAL ASSOCIATE,ACTIVE,41848.00,per Annum,1820,40220.34,0,0.00,0.00
2021,836,DEPARTMENT OF FINANCE,2018-05-21T00:00:00.000,MANHATTAN,CLERICAL ASSOCIATE,ACTIVE,41848.00,per Annum,1820,39672.28,0,0.00,0.00
2021,836,DEPARTMENT OF FINANCE,2017-01-09T00:00:00.000,MANHATTAN,EXECUTIVE AGENCY COUNSEL,ACTIVE,120000.00,per Annum,1820,119662.26,0,0.00,-2298.85
2021,836,DEPARTMENT OF FINANCE,1988-09-06T00:00:00.000,MANHATTAN,MANAGEMENT AUDITOR,ACTIVE,91727.00,per Annum,1820,91468.93,0,0.00,9672.58
2021,836,DEPARTMENT OF FINANCE,2016-04-18T00:00:00.000,MANHATTAN,CITY TAX AUDITOR,ACTIVE,64415.00,per Annum,1820,64233.64,0,0.00,2366.35
2021,836,DEPARTMENT OF FINANCE,2018-02-26T00:00:00.000,MANHATTAN,COMMUNITY COORDINATOR,ACTIVE,80522.00,per Annum,1820,80295.48,0,0.00,0.00
2021,836,DEPARTMENT OF FINANCE,2017-02-21T00:00:00.000,MANHATTAN,CITY TAX AUDITOR,ACTIVE,64415.00,per Annum,1820,64233.64,0,0.00,2366.35
2021,836,DEPARTMENT OF FINANCE,2016-09-26T00:00:00.000,MANHATTAN,CITY TAX AUDITOR,ACTIVE,64415.00,per Annum,1820,64233.64,0,0.00,2366.35
2021,836,DEPARTMENT OF FINANCE,2016-09-26T00:00:00.000,MANHATTAN,CITY TAX AUDITOR,ACTIVE,64415.00,per Annum,1820,64233.64,0,0.00,2366.35
2021,836,DEPARTMENT OF FINANCE,2016-06-20T00:00:00.000,MANHATTAN,CITY TAX AUDITOR,ACTIVE,64415.00,per Annum,1820,64233.64,0,0.00,2366.35
2021,836,DEPARTMENT OF FINANCE,2016-04-11T00:00:00.000,MANHATTAN,CITY TAX AUDITOR,ACTIVE,64415.00,per Annum,1820,64233.64,0,0.00,2366.35
2021,836,DEPARTMENT OF FINANCE,2019-01-07T00:00:00.000,MANHATTAN,PRINCIPAL ADMINISTRATIVE ASSOCIATE -  NON SUPVR,ACTIVE,67499.00,per Annum,1820,66732.76,0,0.00,0.00
2021,836,DEPARTMENT OF FINANCE,1999-11-01T00:00:00.000,MANHATTAN,STAFF ANALYST,CEASED,67110.00,per Annum,486.28,17876.61,0,0.00,984.55
2021,836,DEPARTMENT OF FINANCE,2016-04-04T00:00:00.000,MANHATTAN,GRAPHIC ARTIST,ACTIVE,100150.00,per Annum,1820,99868.12,0,0.00,712.23
2021,836,DEPARTMENT OF FINANCE,2019-07-01T00:00:00.000,MANHATTAN,CITY TAX AUDITOR,ACTIVE,52242.00,per Annum,1820,47192.03,0,0.00,1000.00
2021,836,DEPARTMENT OF FINANCE,2021-03-15T00:00:00.000,MANHATTAN,DIRECTOR OF PUBLIC INFORMATION,ACTIVE,125000.00,per Annum,490,33561.64,0,0.00,0.00
2021,836,DEPARTMENT OF FINANCE,1994-07-01T00:00:00.000,BROOKLYN,CLERICAL ASSOCIATE,ACTIVE,52333.00,per Annum,1820,52185.62,0,0.00,5205.50
2021,836,DEPARTMENT OF FINANCE,2017-02-13T00:00:00.000,MANHATTAN,CITY TAX AUDITOR,ACTIVE,64415.00,per Annum,1820,64233.64,0,0.00,2366.35
2021,836,DEPARTMENT OF FINANCE,1987-08-31T00:00:00.000,MANHATTAN,CLERICAL ASSOCIATE,ACTIVE,52333.00,per Annum,1820,52185.62,0,20.11,5205.63
2021,836,DEPARTMENT OF FINANCE,1994-07-01T00:00:00.000,MANHATTAN,ACCOUNTANT,ACTIVE,58378.00,per Annum,1820,58213.79,0,0.00,9200.70
2021,836,DEPARTMENT OF FINANCE,1987-05-11T00:00:00.000,MANHATTAN,ADMINISTRATIVE TAX AUDITOR,ACTIVE,120049.00,per Annum,1820,119711.14,0,0.00,797.63
2021,836,DEPARTMENT OF FINANCE,2017-03-06T00:00:00.000,QUEENS,CITY TAX AUDITOR,ACTIVE,64415.00,per Annum,1820,64233.64,0,0.00,2399.35
2021,836,DEPARTMENT OF FINANCE,2015-06-15T00:00:00.000,MANHATTAN,AGENCY ATTORNEY,ACTIVE,95498.00,per Annum,1820,95229.28,0,0.00,4914.55
2021,836,DEPARTMENT OF FINANCE,2013-10-28T00:00:00.000,MANHATTAN,STAFF ANALYST,ACTIVE,57590.00,per Annum,1820,57427.87,0,0.00,0.00
2021,836,DEPARTMENT OF FINANCE,2014-06-02T00:00:00.000,MANHATTAN,PRINCIPAL ADMINISTRATIVE ASSOCIATE -  NON SUPVR,ACTIVE,54531.00,per Annum,1820,53911.61,0,0.00,3315.15
2021,836,DEPARTMENT OF FINANCE,1987-08-17T00:00:00.000,MANHATTAN,CLERICAL ASSOCIATE,CEASED,49503.00,per Annum,1120,30376.29,0,0.00,3229.80
2021,836,DEPARTMENT OF FINANCE,2016-04-25T00:00:00.000,MANHATTAN,ADMINISTRATIVE LABOR RELATIONS ANALYST,ACTIVE,101896.00,per Annum,1820,101609.21,0,0.00,-1952.05
2021,836,DEPARTMENT OF FINANCE,2013-08-19T00:00:00.000,MANHATTAN,CITY TAX AUDITOR,ACTIVE,76198.00,per Annum,1652,70432.73,0,0.00,-3408.83
2021,836,DEPARTMENT OF FINANCE,2016-10-17T00:00:00.000,QUEENS,CITY TAX AUDITOR,ACTIVE,64415.00,per Annum,1820,64233.64,0,0.00,2302.32
2021,836,DEPARTMENT OF FINANCE,2015-02-23T00:00:00.000,BRONX,PRINCIPAL ADMINISTRATIVE ASSOCIATE -  NON SUPVR,ACTIVE,69707.00,per Annum,1820,68915.81,0,0.00,-1866.12
2021,836,DEPARTMENT OF FINANCE,1995-07-09T00:00:00.000,BRONX,DEPUTY CITY SHERIFF - NON-SPVR,ACTIVE,85292.00,per Annum,2080,85051.84,207.5,14129.06,9262.43
2021,836,DEPARTMENT OF FINANCE,1989-08-14T00:00:00.000,MANHATTAN,COMPUTER SPECIALIST,ACTIVE,94533.00,per Annum,1820,94266.85,14,771.04,6071.60
2021,836,DEPARTMENT OF FINANCE,1988-11-07T00:00:00.000,MANHATTAN,PRINCIPAL ADMINISTRATIVE ASSOCIATE -  NON SUPVR,ACTIVE,63637.00,per Annum,1820,62906.03,0,0.00,4312.46
2021,836,DEPARTMENT OF FINANCE,2014-07-07T00:00:00.000,MANHATTAN,COMPUTER SPECIALIST,ACTIVE,115114.00,per Annum,1820,114789.96,0,0.00,5364.72
2021,836,DEPARTMENT OF FINANCE,1979-11-05T00:00:00.000,BROOKLYN,COMPUTER SPECIALIST,ACTIVE,94304.00,per Annum,1820,94038.58,0,0.00,6071.60
2021,836,DEPARTMENT OF FINANCE,1977-06-27T00:00:00.000,QUEENS,ADMINISTRATIVE INVESTIGATOR,CEASED,122422.00,per Annum,1820,122077.47,0,0.00,-2345.25
2021,836,DEPARTMENT OF FINANCE,1988-07-18T00:00:00.000,MANHATTAN,CITY TAX AUDITOR,ACTIVE,85166.00,per Annum,1820,84926.27,0,0.00,16549.07
2021,836,DEPARTMENT OF FINANCE,2019-09-30T00:00:00.000,MANHATTAN,PRINCIPAL ADMINISTRATIVE ASSOCIATE -  NON SUPVR,ACTIVE,47418.00,per Annum,1820,46879.74,27,830.51,0.00
2021,836,DEPARTMENT OF FINANCE,2004-02-23T00:00:00.000,MANHATTAN,CLERICAL ASSOCIATE,ACTIVE,33906.00,per Annum,1820,33810.46,0,0.00,-46.02
2021,836,DEPARTMENT OF FINANCE,2019-10-07T00:00:00.000,MANHATTAN,CLERICAL ASSOCIATE,ACTIVE,36390.00,per Annum,1820,36287.55,0,0.00,1332.65
2021,836,DEPARTMENT OF FINANCE,2014-07-07T00:00:00.000,BROOKLYN,ADM MANAGER-NON-MGRL,ACTIVE,71437.00,per Annum,1820,70368.00,358.5,16772.71,2114.55
2021,836,DEPARTMENT OF FINANCE,2012-10-09T00:00:00.000,MANHATTAN,CITY RESEARCH SCIENTIST,ACTIVE,97138.00,per Annum,1820,96864.57,0,0.00,1456.83
2021,836,DEPARTMENT OF FINANCE,2019-07-08T00:00:00.000,MANHATTAN,CLERICAL ASSOCIATE,ON SEPARATION LEAVE,36390.00,per Annum,1820,36287.55,0,0.00,1069.46
2021,836,DEPARTMENT OF FINANCE,1970-07-01T00:00:00.000,MANHATTAN,COMPUTER SYSTEMS MANAGER,ACTIVE,166015.00,per Annum,1820,165547.77,0,0.00,-3180.35
2021,836,DEPARTMENT OF FINANCE,2011-05-16T00:00:00.000,MANHATTAN,ADMINISTRATIVE TAX AUDITOR,ACTIVE,112270.00,per Annum,1820,111954.10,0,0.00,0.00
2021,836,DEPARTMENT OF FINANCE,2019-04-15T00:00:00.000,BROOKLYN,CLERICAL ASSOCIATE,ACTIVE,41848.00,per Annum,1820,37289.44,0,0.00,0.00
2021,836,DEPARTMENT OF FINANCE,2016-09-19T00:00:00.000,BROOKLYN,COMPUTER SYSTEMS MANAGER,ACTIVE,89520.00,per Annum,1820,89267.94,0,0.00,0.00
2021,836,DEPARTMENT OF FINANCE,2015-04-27T00:00:00.000,MANHATTAN,ADMINISTRATIVE STAFF ANALYST,ACTIVE,87228.00,per Annum,1820,86982.45,0,0.00,832.71
2021,836,DEPARTMENT OF FINANCE,2009-10-16T00:00:00.000,MANHATTAN,COMPUTER SYSTEMS MANAGER,ACTIVE,160112.00,per Annum,1820,159661.29,13,1139.28,2209.29
2021,836,DEPARTMENT OF FINANCE,2018-07-16T00:00:00.000,MANHATTAN,SUPERVISING SPECIAL OFFICER,ACTIVE,55853.00,per Annum,2080,53494.94,6,213.98,1504.01
2021,836,DEPARTMENT OF FINANCE,2015-07-06T00:00:00.000,MANHATTAN,CITY ASSESSOR,ACTIVE,70457.00,per Annum,1820,70258.68,1.5,57.85,0.00
2021,836,DEPARTMENT OF FINANCE,1994-07-01T00:00:00.000,MANHATTAN,COMMUNITY SERVICE AIDE,ACTIVE,35562.00,per Annum,1820,35461.86,0,0.00,1492.34
2021,836,DEPARTMENT OF FINANCE,2019-08-19T00:00:00.000,MANHATTAN,CITY TAX AUDITOR,ACTIVE,47350.00,per Annum,1820,47057.81,0,0.00,0.00
2021,836,DEPARTMENT OF FINANCE,2019-06-17T00:00:00.000,MANHATTAN,CITY TAX AUDITOR,ACTIVE,52242.00,per Annum,1820,47270.24,0,0.00,0.00
2021,836,DEPARTMENT OF FINANCE,2010-05-17T00:00:00.000,BROOKLYN,COMPUTER SYSTEMS MANAGER,ACTIVE,112673.00,per Annum,1820,112355.77,0,0.00,0.00
2021,836,DEPARTMENT OF FINANCE,2009-10-19T00:00:00.000,MANHATTAN,CERTIFIED IT ADMINISTRATOR,ACTIVE,142323.00,per Annum,1820,141922.31,146.75,15088.38,7566.52
2021,836,DEPARTMENT OF FINANCE,1994-07-01T00:00:00.000,MANHATTAN,CLERICAL ASSOCIATE,ACTIVE,42172.00,per Annum,1820,42053.40,0,0.00,5205.50
2021,836,DEPARTMENT OF FINANCE,2017-05-15T00:00:00.000,QUEENS,DEPUTY CITY SHERIFF - NON-SPVR,ACTIVE,59401.00,per Annum,2080,57217.64,1006.75,41285.20,991.95
2021,836,DEPARTMENT OF FINANCE,2014-11-24T00:00:00.000,QUEENS,ADMINISTRATIVE SUPERVISOR OF BUILDING MAINTENANCE,ACTIVE,114854.00,per Annum,1820,114530.76,0,0.00,-2200.25
2021,836,DEPARTMENT OF FINANCE,2019-04-15T00:00:00.000,MANHATTAN,PRINCIPAL ADMINISTRATIVE ASSOCIATE -  NON SUPVR,ACTIVE,54531.00,per Annum,1820,53912.11,0,0.00,760.45
2021,836,DEPARTMENT OF FINANCE,2011-11-07T00:00:00.000,MANHATTAN,COMPUTER SYSTEMS MANAGER,ACTIVE,149133.00,per Annum,1820,148713.25,0,0.00,-2856.95
2021,836,DEPARTMENT OF FINANCE,1995-07-09T00:00:00.000,BRONX,DEPUTY CITY SHERIFF - NON-SPVR,ACTIVE,85292.00,per Annum,2080,85051.84,452,30244.55,9234.20
2021,836,DEPARTMENT OF FINANCE,1983-10-11T00:00:00.000,MANHATTAN,CLERICAL ASSOCIATE,ACTIVE,42337.00,per Annum,1820,42217.72,0,0.00,5205.50
2021,836,DEPARTMENT OF FINANCE,2019-08-19T00:00:00.000,MANHATTAN,CITY TAX AUDITOR,ACTIVE,47350.00,per Annum,1820,47057.81,0,0.00,0.00
2021,836,DEPARTMENT OF FINANCE,1994-07-01T00:00:00.000,BROOKLYN,CLERICAL ASSOCIATE,CEASED,52463.00,per Annum,439.77,12637.94,0,0.00,1309.90
2021,836,DEPARTMENT OF FINANCE,1981-06-01T00:00:00.000,BROOKLYN,PRINCIPAL ADMINISTRATIVE ASSOCIATE -  NON SUPVR,CEASED,54704.00,per Annum,1470,43583.53,0,0.00,3477.61
2021,836,DEPARTMENT OF FINANCE,2019-07-01T00:00:00.000,MANHATTAN,CITY TAX AUDITOR,ACTIVE,52242.00,per Annum,1820,47192.03,0,0.00,0.00
2021,836,DEPARTMENT OF FINANCE,2019-06-17T00:00:00.000,MANHATTAN,CITY TAX AUDITOR,ACTIVE,52242.00,per Annum,1820,47270.24,0,0.00,0.00
2021,836,DEPARTMENT OF FINANCE,2015-05-01T00:00:00.000,MANHATTAN,COMPUTER SYSTEMS MANAGER,ACTIVE,124755.00,per Annum,1820,124403.79,0,0.00,0.00
2021,836,DEPARTMENT OF FINANCE,1994-03-07T00:00:00.000,MANHATTAN,COMPUTER SYSTEMS MANAGER,ACTIVE,167076.00,per Annum,1820,166605.64,0,0.00,-3200.70
2021,836,DEPARTMENT OF FINANCE,1980-05-19T00:00:00.000,MANHATTAN,ADMINISTRATIVE TAX AUDITOR,ACTIVE,124366.00,per Annum,1820,124015.90,0,0.00,797.63
2021,836,DEPARTMENT OF FINANCE,2019-06-17T00:00:00.000,MANHATTAN,CITY TAX AUDITOR,ACTIVE,52242.00,per Annum,1820,47270.24,0,0.00,0.00
2021,836,DEPARTMENT OF FINANCE,2001-05-21T00:00:00.000,BRONX,CLERICAL ASSOCIATE,ACTIVE,49952.00,per Annum,1820,49811.48,0,0.00,5205.50
2021,836,DEPARTMENT OF FINANCE,2013-11-24T00:00:00.000,MANHATTAN,ADMIN CONTRACT SPECIALIST,ACTIVE,106319.00,per Annum,1820,106019.78,0,0.00,-2036.75
2021,836,DEPARTMENT OF FINANCE,1987-05-18T00:00:00.000,MANHATTAN,ADMINISTRATIVE TAX AUDITOR,ACTIVE,126809.00,per Annum,1820,126452.17,0,0.00,-2429.30
2021,836,DEPARTMENT OF FINANCE,2019-08-19T00:00:00.000,MANHATTAN,CITY TAX AUDITOR,ACTIVE,47350.00,per Annum,1820,47057.81,0,0.00,0.00
2021,836,DEPARTMENT OF FINANCE,2009-10-05T00:00:00.000,MANHATTAN,COMPUTER SYSTEMS MANAGER,ACTIVE,148253.00,per Annum,1820,147835.82,0,0.00,-2840.10
2021,836,DEPARTMENT OF FINANCE,1982-09-27T00:00:00.000,MANHATTAN,ADM MANAGER-NON-MGRL,ACTIVE,77028.00,per Annum,1820,76153.58,0,0.00,1757.73
2021,836,DEPARTMENT OF FINANCE,2011-05-29T00:00:00.000,MANHATTAN,ADMINISTRATIVE STAFF ANALYST,ACTIVE,150568.00,per Annum,1820,150144.19,0,0.00,-2884.45
2021,836,DEPARTMENT OF FINANCE,2017-01-23T00:00:00.000,MANHATTAN,EXAMINER OF ACCOUNTS,ON SEPARATION LEAVE,71974.00,per Annum,1820,71771.51,0,0.00,-1378.80
2021,836,DEPARTMENT OF FINANCE,1989-09-28T00:00:00.000,MANHATTAN,CITY TAX AUDITOR,ACTIVE,78308.00,per Annum,1820,78087.48,0,0.00,9672.58
2021,836,DEPARTMENT OF FINANCE,2019-08-19T00:00:00.000,MANHATTAN,CITY TAX AUDITOR,ACTIVE,47350.00,per Annum,1820,47057.81,0,0.00,0.00
2021,836,DEPARTMENT OF FINANCE,1986-02-27T00:00:00.000,MANHATTAN,CITY TAX AUDITOR,ACTIVE,82147.00,per Annum,1820,81915.69,0,0.00,16549.07
2021,836,DEPARTMENT OF FINANCE,2016-01-19T00:00:00.000,MANHATTAN,ADMINISTRATIVE STAFF ANALYST,ACTIVE,128909.00,per Annum,1820,128546.05,0,0.00,-2469.50
2021,836,DEPARTMENT OF FINANCE,1988-04-04T00:00:00.000,MANHATTAN,CITY TAX AUDITOR,ACTIVE,82147.00,per Annum,1820,81915.69,0,0.00,16549.07
2021,827,DEPARTMENT OF SANITATION,2015-10-05T00:00:00.000,BROOKLYN,SANITATION WORKER,ACTIVE,83465.00,per Annum,1921.15,62461.71,94.25,3910.18,5552.29
2021,827,DEPARTMENT OF SANITATION,1997-07-28T00:00:00.000,BROOKLYN,SANITATION WORKER,CEASED,79058.00,per Annum,0,1053.24,0,265.20,-352.33
2021,827,DEPARTMENT OF SANITATION,2018-09-17T00:00:00.000,QUEENS,SANITATION WORKER,ACTIVE,48203.00,per Annum,2080,45429.55,257,9100.67,16848.59
2021,827,DEPARTMENT OF SANITATION,2021-02-02T00:00:00.000,MANHATTAN,CITY SEASONAL AIDE,ACTIVE,15.00,per Hour,63,945.00,0,0.00,0.00
2021,827,DEPARTMENT OF SANITATION,2016-12-05T00:00:00.000,QUEENS,PLUMBER,ACTIVE,369.53,per Day,1820,96077.80,92,9713.36,0.00
2021,827,DEPARTMENT OF SANITATION,2018-10-29T00:00:00.000,MANHATTAN,SANITATION WORKER,ACTIVE,48203.00,per Annum,2080,46330.51,499,18310.81,6521.37
2021,827,DEPARTMENT OF SANITATION,2005-10-17T00:00:00.000,QUEENS,SANITATION WORKER,ACTIVE,83465.00,per Annum,2080,84069.92,178,11387.99,17308.95
2021,827,DEPARTMENT OF SANITATION,2015-02-23T00:00:00.000,MANHATTAN,AUTO MECHANIC,ACTIVE,347.20,per Day,2080,90272.00,272.5,18016.49,4787.39
2021,827,DEPARTMENT OF SANITATION,2006-11-13T00:00:00.000,BRONX,SANITATION WORKER,ACTIVE,83465.00,per Annum,2080,84649.42,385,27900.07,21135.64
2021,827,DEPARTMENT OF SANITATION,2012-10-22T00:00:00.000,MANHATTAN,SANITATION WORKER,ACTIVE,83465.00,per Annum,2080,84993.78,516.5,37368.58,11572.32
2021,827,DEPARTMENT OF SANITATION,2005-12-05T00:00:00.000,BROOKLYN,SANITATION WORKER,ACTIVE,83465.00,per Annum,2080,83739.67,439,32294.26,19886.71
2021,827,DEPARTMENT OF SANITATION,2006-08-21T00:00:00.000,BRONX,SANITATION WORKER,ACTIVE,83465.00,per Annum,2080,84676.23,615,43827.05,7581.60
2021,827,DEPARTMENT OF SANITATION,2013-09-16T00:00:00.000,QUEENS,SANITATION WORKER,ACTIVE,83465.00,per Annum,2080,84970.55,373,25772.13,25388.61
2021,827,DEPARTMENT OF SANITATION,2017-08-28T00:00:00.000,QUEENS,SANITATION ENFORCEMENT AGENT,CEASED,33372.00,per Annum,880,11397.76,0,0.00,159.80
2021,827,DEPARTMENT OF SANITATION,2021-02-02T00:00:00.000,MANHATTAN,CITY SEASONAL AIDE,ACTIVE,15.00,per Hour,56,840.00,0,0.00,0.00
2021,827,DEPARTMENT OF SANITATION,2021-02-02T00:00:00.000,MANHATTAN,CITY SEASONAL AIDE,ACTIVE,15.00,per Hour,21,315.00,0,0.00,0.00
2021,827,DEPARTMENT OF SANITATION,2020-12-18T00:00:00.000,MANHATTAN,CITY SEASONAL AIDE,ACTIVE,15.00,per Hour,21,315.00,0,0.00,0.00
2021,827,DEPARTMENT OF SANITATION,2021-02-02T00:00:00.000,MANHATTAN,CITY SEASONAL AIDE,ACTIVE,15.00,per Hour,20,300.00,0,0.00,0.00
2021,827,DEPARTMENT OF SANITATION,2000-07-10T00:00:00.000,BRONX,SANITATION WORKER,CEASED,81034.00,per Annum,560,23334.10,2,1164.87,-297.88
2021,827,DEPARTMENT OF SANITATION,2019-07-15T00:00:00.000,QUEENS,SANITATION WORKER,ACTIVE,45091.00,per Annum,2080,44332.60,613,22547.93,17650.44
2021,827,DEPARTMENT OF SANITATION,2016-04-04T00:00:00.000,MANHATTAN,CITY PLANNER,ACTIVE,84288.00,per Annum,1820,84050.65,4.75,220.90,733.01
2021,827,DEPARTMENT OF SANITATION,2017-08-14T00:00:00.000,BROOKLYN,SANITATION WORKER,ACTIVE,54163.00,per Annum,2080,48621.75,584,25926.50,10921.87
2021,827,DEPARTMENT OF SANITATION,2018-08-13T00:00:00.000,BROOKLYN,SANITATION WORKER,ACTIVE,48203.00,per Annum,2080,46641.22,528.83,20051.55,18864.78
2021,827,DEPARTMENT OF SANITATION,2019-07-15T00:00:00.000,BRONX,SANITATION WORKER,ACTIVE,45091.00,per Annum,2080,44841.08,591,21238.84,19644.54
2021,827,DEPARTMENT OF SANITATION,2020-01-13T00:00:00.000,BROOKLYN,AUTO MECHANIC,ACTIVE,37.28,per Hour,1982.5,73907.60,255,14442.30,6235.26
2021,827,DEPARTMENT OF SANITATION,2006-08-21T00:00:00.000,BROOKLYN,SANITATION WORKER,ACTIVE,83465.00,per Annum,2080,83104.40,148,8594.50,3463.14
2021,827,DEPARTMENT OF SANITATION,2007-11-07T00:00:00.000,BROOKLYN,SANITATION WORKER,CEASED,79058.00,per Annum,0,164.98,0,0.00,-82.49
2021,827,DEPARTMENT OF SANITATION,1990-02-05T00:00:00.000,BROOKLYN,GENERAL SUPERINTENDENT,CEASED,129082.00,per Annum,0,1407.52,0,0.00,-671.06
2021,827,DEPARTMENT OF SANITATION,1999-09-20T00:00:00.000,BROOKLYN,SANITATION WORKER,CEASED,79058.00,per Annum,0,1353.15,0,229.07,-795.91
2021,827,DEPARTMENT OF SANITATION,2021-02-02T00:00:00.000,MANHATTAN,CITY SEASONAL AIDE,ACTIVE,15.00,per Hour,53,795.00,0,0.00,0.00
2021,827,DEPARTMENT OF SANITATION,2020-12-18T00:00:00.000,MANHATTAN,CITY SEASONAL AIDE,ACTIVE,15.00,per Hour,145,2175.00,2,45.00,0.00
2021,827,DEPARTMENT OF SANITATION,2020-12-18T00:00:00.000,MANHATTAN,CITY SEASONAL AIDE,ACTIVE,15.00,per Hour,152,2280.00,0,0.00,0.00
2021,827,DEPARTMENT OF SANITATION,2015-06-29T00:00:00.000,QUEENS,AUTO MECHANIC,ACTIVE,347.20,per Day,2080,90272.00,275.5,18168.41,6234.41
2021,827,DEPARTMENT OF SANITATION,2014-09-15T00:00:00.000,RICHMOND,SANITATION WORKER,ACTIVE,83465.00,per Annum,2080,80707.55,178,12544.99,21320.45
2021,827,DEPARTMENT OF SANITATION,2015-07-13T00:00:00.000,BRONX,SANITATION WORKER,ACTIVE,83465.00,per Annum,2080,76301.26,380,27438.30,10704.54
2021,827,DEPARTMENT OF SANITATION,2017-05-01T00:00:00.000,MANHATTAN,AUTO MECHANIC,ACTIVE,43.40,per Hour,1928.5,83696.90,414.5,26326.50,4382.91
2021,827,DEPARTMENT OF SANITATION,2010-08-09T00:00:00.000,RICHMOND,AUTO MECHANIC,ACTIVE,347.20,per Day,2080,90272.00,276,18188.99,5916.54
2021,827,DEPARTMENT OF SANITATION,2004-11-03T00:00:00.000,QUEENS,CARPENTER,ACTIVE,375.06,per Day,1820,97187.99,186,15714.56,1285.92
2021,827,DEPARTMENT OF SANITATION,2019-04-22T00:00:00.000,BROOKLYN,SANITATION WORKER,CEASED,45091.00,per Annum,1840,40111.22,641,23065.07,14532.12
2021,827,DEPARTMENT OF SANITATION,2017-07-10T00:00:00.000,QUEENS,SANITATION WORKER,ACTIVE,54163.00,per Annum,2080,51673.00,298,11357.03,14039.96
2021,827,DEPARTMENT OF SANITATION,2001-09-17T00:00:00.000,MANHATTAN,SUPERVISOR,ACTIVE,108846.00,per Annum,2080,110726.63,1390,118596.67,13094.51
2021,827,DEPARTMENT OF SANITATION,2012-07-30T00:00:00.000,QUEENS,SUPERVISOR,ACTIVE,108846.00,per Annum,2080,110327.82,1513,124813.17,6162.62
2021,827,DEPARTMENT OF SANITATION,2013-11-11T00:00:00.000,BROOKLYN,SUPERVISOR,ACTIVE,108846.00,per Annum,2080,102387.83,1530,118680.61,11272.69
2021,827,DEPARTMENT OF SANITATION,2007-10-09T00:00:00.000,QUEENS,SUPERVISOR,ACTIVE,90779.00,per Annum,2080,92069.47,782,55230.71,10775.65
2021,827,DEPARTMENT OF SANITATION,2001-05-21T00:00:00.000,BROOKLYN,SANITATION WORKER,ACTIVE,83465.00,per Annum,2080,84011.18,628.75,47250.46,25929.51
2021,827,DEPARTMENT OF SANITATION,2001-09-17T00:00:00.000,QUEENS,SANITATION WORKER,ACTIVE,83465.00,per Annum,2080,84702.47,621,45031.65,26492.99
2021,827,DEPARTMENT OF SANITATION,2019-07-15T00:00:00.000,QUEENS,SANITATION WORKER,ACTIVE,45091.00,per Annum,2080,44850.52,270,7992.59,11470.09
2021,827,DEPARTMENT OF SANITATION,2000-07-24T00:00:00.000,BRONX,SANITATION WORKER,CEASED,83465.00,per Annum,1840,72496.62,673,50465.45,32041.45
2021,827,DEPARTMENT OF SANITATION,2017-07-10T00:00:00.000,BROOKLYN,SANITATION WORKER,ACTIVE,54163.00,per Annum,2080,51131.84,150,5395.50,3304.20
2021,827,DEPARTMENT OF SANITATION,2005-11-14T00:00:00.000,BROOKLYN,SANITATION WORKER,ACTIVE,83465.00,per Annum,2080,83115.85,603.5,44862.78,26476.39
2021,827,DEPARTMENT OF SANITATION,2019-03-25T00:00:00.000,RICHMOND,BOOKKEEPER,ACTIVE,56732.00,per Annum,1820,56572.27,0,0.00,2741.99
2021,827,DEPARTMENT OF SANITATION,2005-04-11T00:00:00.000,BROOKLYN,SANITATION ENFORCEMENT AGENT,ACTIVE,46805.00,per Annum,2080,46673.26,227.5,8201.20,4245.07
2021,827,DEPARTMENT OF SANITATION,2013-11-11T00:00:00.000,QUEENS,SANITATION WORKER,ACTIVE,83465.00,per Annum,2080,84557.30,557,40239.58,29372.74
2021,827,DEPARTMENT OF SANITATION,2018-09-17T00:00:00.000,BROOKLYN,SANITATION WORKER,ACTIVE,48203.00,per Annum,2080,46370.21,34,832.44,2008.78
2021,827,DEPARTMENT OF SANITATION,2017-07-10T00:00:00.000,QUEENS,STEAM FITTER,ACTIVE,385.00,per Day,1820,100100.00,433,47630.00,4235.00
2021,827,DEPARTMENT OF SANITATION,2013-10-14T00:00:00.000,QUEENS,SUPERVISOR,ACTIVE,87237.00,per Annum,2080,85310.29,629,44140.12,22495.31
2021,827,DEPARTMENT OF SANITATION,1999-10-04T00:00:00.000,QUEENS,SANITATION WORKER,ACTIVE,83465.00,per Annum,2080,85022.26,563,39996.90,26504.19
2021,827,DEPARTMENT OF SANITATION,2018-09-17T00:00:00.000,BRONX,SANITATION WORKER,CEASED,41738.00,per Annum,0,240.73,0,65.19,-113.49
2021,827,DEPARTMENT OF SANITATION,2000-03-06T00:00:00.000,MANHATTAN,SUPERVISOR,CEASED,108846.00,per Annum,1704,90260.46,349,31582.41,28873.17
2021,827,DEPARTMENT OF SANITATION,2016-09-19T00:00:00.000,RICHMOND,SANITATION WORKER,ON LEAVE,54163.00,per Annum,920,24815.83,47,1400.44,2648.54
2021,827,DEPARTMENT OF SANITATION,2014-10-13T00:00:00.000,QUEENS,SANITATION WORKER,ACTIVE,83465.00,per Annum,2080,80423.01,505,34694.74,17299.90
2021,827,DEPARTMENT OF SANITATION,2016-08-22T00:00:00.000,MANHATTAN,AUTO MECHANIC,ACTIVE,347.20,per Day,2080,90272.00,211,14361.09,11579.33
2021,827,DEPARTMENT OF SANITATION,2013-01-22T00:00:00.000,QUEENS,AUTO MECHANIC,ACTIVE,347.20,per Day,2080,90272.00,190.5,13040.67,12096.88
2021,827,DEPARTMENT OF SANITATION,1992-05-11T00:00:00.000,RICHMOND,AUTO MECHANIC,ACTIVE,347.20,per Day,2080,90272.00,175,12043.57,12908.46
2021,827,DEPARTMENT OF SANITATION,2018-07-09T00:00:00.000,BROOKLYN,SANITATION WORKER,ACTIVE,48203.00,per Annum,2080,46222.67,650,25473.27,21610.10
2021,827,DEPARTMENT OF SANITATION,2018-07-09T00:00:00.000,BROOKLYN,SANITATION WORKER,ACTIVE,48203.00,per Annum,2080,46878.05,671,26358.08,20007.53
2021,827,DEPARTMENT OF SANITATION,2020-12-18T00:00:00.000,MANHATTAN,CITY SEASONAL AIDE,ACTIVE,15.00,per Hour,14,210.00,0,0.00,0.00
2021,827,DEPARTMENT OF SANITATION,2021-02-02T00:00:00.000,MANHATTAN,CITY SEASONAL AIDE,ACTIVE,15.00,per Hour,14,210.00,0,0.00,0.00
2021,827,DEPARTMENT OF SANITATION,2018-12-26T00:00:00.000,MANHATTAN,COLLEGE AIDE,ACTIVE,16.75,per Hour,892.48,14949.15,0,0.00,0.00
2021,827,DEPARTMENT OF SANITATION,2021-02-02T00:00:00.000,MANHATTAN,CITY SEASONAL AIDE,ACTIVE,15.00,per Hour,15,225.00,0,0.00,0.00
2021,827,DEPARTMENT OF SANITATION,2020-12-18T00:00:00.000,MANHATTAN,CITY SEASONAL AIDE,ACTIVE,15.00,per Hour,15,225.00,0,0.00,0.00
2021,827,DEPARTMENT OF SANITATION,2018-08-13T00:00:00.000,BROOKLYN,SANITATION WORKER,ACTIVE,48203.00,per Annum,2080,46993.64,580,22266.52,20225.01
2021,827,DEPARTMENT OF SANITATION,2008-07-07T00:00:00.000,RICHMOND,SANITATION WORKER,ACTIVE,83465.00,per Annum,2080,85022.26,0,0.00,3091.34
2021,827,DEPARTMENT OF SANITATION,2016-02-16T00:00:00.000,QUEENS,METAL WORK MECHANIC,ACTIVE,84906.00,per Annum,2080,84667.07,20,1244.30,2118.46
2021,827,DEPARTMENT OF SANITATION,2007-05-21T00:00:00.000,BROOKLYN,SUPERVISOR,ACTIVE,108846.00,per Annum,2080,109151.07,284,25522.50,12694.54
2021,827,DEPARTMENT OF SANITATION,2015-07-13T00:00:00.000,BROOKLYN,SANITATION WORKER,ACTIVE,83465.00,per Annum,2080,74861.98,204.5,12851.00,10339.29
2021,827,DEPARTMENT OF SANITATION,2005-08-15T00:00:00.000,QUEENS,SANITATION WORKER,ACTIVE,83465.00,per Annum,2080,84942.31,517,37997.24,23798.67
2021,827,DEPARTMENT OF SANITATION,2013-08-19T00:00:00.000,QUEENS,SANITATION WORKER,ACTIVE,83465.00,per Annum,1971.43,81149.40,552,38371.63,26951.69
2021,827,DEPARTMENT OF SANITATION,2005-11-14T00:00:00.000,MANHATTAN,SANITATION WORKER,ACTIVE,83465.00,per Annum,2080,84360.08,525,37856.98,23801.22
2021,827,DEPARTMENT OF SANITATION,2006-11-13T00:00:00.000,QUEENS,SANITATION WORKER,ACTIVE,83465.00,per Annum,2080,85022.26,482,34011.20,26385.34
2021,827,DEPARTMENT OF SANITATION,1997-12-08T00:00:00.000,BRONX,SANITATION WORKER,ACTIVE,83465.00,per Annum,2080,85022.26,684,51591.86,8533.43
2021,827,DEPARTMENT OF SANITATION,1999-10-18T00:00:00.000,BROOKLYN,SANITATION WORKER,ACTIVE,83465.00,per Annum,2080,84685.56,418,31256.68,29058.28
2021,827,DEPARTMENT OF SANITATION,2014-09-15T00:00:00.000,RICHMOND,SANITATION WORKER,ACTIVE,83465.00,per Annum,2080,83908.54,508,37145.65,22882.71
2021,827,DEPARTMENT OF SANITATION,2004-05-03T00:00:00.000,QUEENS,SANITATION WORKER,ACTIVE,83465.00,per Annum,2080,85008.94,447,30508.12,28375.18
2021,827,DEPARTMENT OF SANITATION,2012-08-27T00:00:00.000,BROOKLYN,SANITATION WORKER,ACTIVE,83465.00,per Annum,2080,83748.40,477.25,34546.90,24345.74
2021,827,DEPARTMENT OF SANITATION,2004-10-25T00:00:00.000,QUEENS,SANITATION WORKER,ACTIVE,83465.00,per Annum,2080,82773.24,564,41049.36,18643.36
2021,827,DEPARTMENT OF SANITATION,2007-11-07T00:00:00.000,BROOKLYN,SUPERVISOR,ACTIVE,108846.00,per Annum,2080,94111.48,346,24302.68,7892.41
2021,827,DEPARTMENT OF SANITATION,2007-09-10T00:00:00.000,MANHATTAN,SANITATION WORKER,ACTIVE,83465.00,per Annum,2080,84358.01,432,30431.67,10650.97
2021,827,DEPARTMENT OF SANITATION,2014-07-21T00:00:00.000,MANHATTAN,SUPERVISOR,ACTIVE,88110.00,per Annum,2080,89875.28,460,31091.64,4241.31
2021,827,DEPARTMENT OF SANITATION,2015-07-13T00:00:00.000,MANHATTAN,SANITATION WORKER,ACTIVE,83465.00,per Annum,2080,76296.93,521.5,34508.23,13576.24
2021,827,DEPARTMENT OF SANITATION,2006-02-06T00:00:00.000,BROOKLYN,AUTO MECHANIC,ACTIVE,347.20,per Day,2080,90272.00,266.5,17663.84,4244.54
2021,827,DEPARTMENT OF SANITATION,2002-08-20T00:00:00.000,MANHATTAN,COUNSELOR,ACTIVE,94217.00,per Annum,1820,93951.75,90.5,5258.69,4461.54
2021,827,DEPARTMENT OF SANITATION,2019-09-23T00:00:00.000,MANHATTAN,SANITATION WORKER,ACTIVE,45091.00,per Annum,2080,44473.86,488.75,17331.24,8690.49
2021,827,DEPARTMENT OF SANITATION,2006-02-21T00:00:00.000,MANHATTAN,CLERICAL ASSOCIATE,ACTIVE,43213.00,per Annum,1820,43091.25,0,0.04,4204.94
2021,827,DEPARTMENT OF SANITATION,2012-07-30T00:00:00.000,BROOKLYN,SANITATION WORKER,ACTIVE,83465.00,per Annum,2080,85022.26,641.5,46323.35,27311.69
2021,827,DEPARTMENT OF SANITATION,1998-12-07T00:00:00.000,BROOKLYN,SANITATION WORKER,ACTIVE,83465.00,per Annum,2080,85022.26,581,44687.96,30032.80
2021,827,DEPARTMENT OF SANITATION,2005-08-16T00:00:00.000,RICHMOND,GENERAL SUPERINTENDENT,ACTIVE,156370.00,per Annum,2080,159425.34,0,0.00,323.50
2021,827,DEPARTMENT OF SANITATION,2004-08-16T00:00:00.000,BROOKLYN,SANITATION WORKER,ACTIVE,83465.00,per Annum,2080,85008.94,591,44158.13,30696.02
2021,827,DEPARTMENT OF SANITATION,2013-09-16T00:00:00.000,BROOKLYN,SANITATION WORKER,ACTIVE,83465.00,per Annum,2080,84667.34,665.5,46442.72,29598.74
2021,827,DEPARTMENT OF SANITATION,2001-08-27T00:00:00.000,QUEENS,GENERAL SUPERINTENDENT,ACTIVE,156370.00,per Annum,2080,159421.40,0,0.00,1316.40
2021,827,DEPARTMENT OF SANITATION,2005-10-17T00:00:00.000,QUEENS,SANITATION WORKER,ACTIVE,83465.00,per Annum,2080,85012.04,678,48511.65,27663.68
2021,827,DEPARTMENT OF SANITATION,2005-10-17T00:00:00.000,QUEENS,SANITATION WORKER,ACTIVE,83465.00,per Annum,2080,84709.22,663.5,48235.19,28246.88
2021,827,DEPARTMENT OF SANITATION,2004-03-22T00:00:00.000,MANHATTAN,SANITATION WORKER,ACTIVE,83465.00,per Annum,2080,84394.64,762,54279.91,22611.33
2021,827,DEPARTMENT OF SANITATION,2007-05-21T00:00:00.000,QUEENS,SANITATION WORKER,ACTIVE,83465.00,per Annum,2080,85022.26,666,48927.95,27796.40
2021,827,DEPARTMENT OF SANITATION,2013-11-11T00:00:00.000,BROOKLYN,SANITATION WORKER,ACTIVE,83465.00,per Annum,2080,84606.44,762,54941.40,24436.94
2021,827,DEPARTMENT OF SANITATION,2005-05-09T00:00:00.000,BROOKLYN,SANITATION WORKER,ACTIVE,83465.00,per Annum,2080,85022.26,925,67041.01,11968.45
2021,827,DEPARTMENT OF SANITATION,2017-01-17T00:00:00.000,QUEENS,STATIONARY ENGINEER,ACTIVE,508.80,per Day,2080,132288.00,324,30847.59,1967.76
2021,827,DEPARTMENT OF SANITATION,2001-09-17T00:00:00.000,MANHATTAN,SANITATION WORKER,ACTIVE,83465.00,per Annum,2080,85022.26,798,57759.51,24141.72
2021,827,DEPARTMENT OF SANITATION,2010-12-13T00:00:00.000,BROOKLYN,SANITATION WORKER,ACTIVE,83465.00,per Annum,2080,82161.00,762,54445.58,30761.69
2021,827,DEPARTMENT OF SANITATION,2007-09-10T00:00:00.000,MANHATTAN,SANITATION WORKER,ACTIVE,83465.00,per Annum,2080,83637.56,764,54410.49,29911.52
2021,827,DEPARTMENT OF SANITATION,2021-05-03T00:00:00.000,BRONX,JOB TRAINING PARTICIPANT,CEASED,15.45,per Hour,120,1854.00,0,0.00,0.00
2021,827,DEPARTMENT OF SANITATION,1999-10-18T00:00:00.000,QUEENS,SANITATION WORKER,CEASED,81034.00,per Annum,0,2461.39,0,373.18,-1083.22
2021,827,DEPARTMENT OF SANITATION,1985-04-22T00:00:00.000,MANHATTAN,CLERICAL ASSOCIATE,CEASED,45175.00,per Annum,56,1382.44,0,10.90,259.11
2021,827,DEPARTMENT OF SANITATION,2021-02-02T00:00:00.000,MANHATTAN,CITY SEASONAL AIDE,ACTIVE,15.00,per Hour,96,1440.00,8,180.00,0.00
2021,827,DEPARTMENT OF SANITATION,2021-02-02T00:00:00.000,MANHATTAN,CITY SEASONAL AIDE,ACTIVE,15.00,per Hour,68,1020.00,0,0.00,0.00
2021,827,DEPARTMENT OF SANITATION,2020-12-18T00:00:00.000,MANHATTAN,CITY SEASONAL AIDE,ACTIVE,15.00,per Hour,32,480.00,0,0.00,0.00
2021,827,DEPARTMENT OF SANITATION,2006-09-18T00:00:00.000,BROOKLYN,SANITATION WORKER,CEASED,79058.00,per Annum,0,858.76,0,34.24,-425.05
2021,827,DEPARTMENT OF SANITATION,2021-02-02T00:00:00.000,MANHATTAN,CITY SEASONAL AIDE,ACTIVE,15.00,per Hour,8,120.00,0,0.00,0.00
2021,827,DEPARTMENT OF SANITATION,2021-02-02T00:00:00.000,MANHATTAN,CITY SEASONAL AIDE,ACTIVE,15.00,per Hour,7.5,112.50,0,0.00,0.00
2021,827,DEPARTMENT OF SANITATION,2021-02-02T00:00:00.000,MANHATTAN,CITY SEASONAL AIDE,ACTIVE,15.00,per Hour,7,105.00,0,0.00,0.00
2021,827,DEPARTMENT OF SANITATION,2020-12-18T00:00:00.000,MANHATTAN,CITY SEASONAL AIDE,ACTIVE,15.00,per Hour,7,105.00,0,0.00,0.00
2021,827,DEPARTMENT OF SANITATION,2021-02-02T00:00:00.000,MANHATTAN,CITY SEASONAL AIDE,ACTIVE,15.00,per Hour,7,105.00,0,0.00,0.00
2021,827,DEPARTMENT OF SANITATION,2008-07-07T00:00:00.000,QUEENS,SANITATION WORKER,CEASED,79058.00,per Annum,0,199.98,0,0.84,-97.51
2021,827,DEPARTMENT OF SANITATION,2016-09-19T00:00:00.000,QUEENS,SANITATION WORKER,ACTIVE,69055.00,per Annum,2080,58824.46,647,30055.94,832.06
2021,827,DEPARTMENT OF SANITATION,2015-08-10T00:00:00.000,MANHATTAN,SUPERVISOR,ACTIVE,87237.00,per Annum,2080,75823.21,663.5,39950.86,3997.96
2021,827,DEPARTMENT OF SANITATION,2016-02-16T00:00:00.000,BROOKLYN,SANITATION WORKER,ACTIVE,69055.00,per Annum,2080,61097.12,297,14244.37,5727.60
2021,827,DEPARTMENT OF SANITATION,2006-02-14T00:00:00.000,MANHATTAN,AUTO MECHANIC,ACTIVE,347.20,per Day,2080,90272.00,63,4373.64,6975.60
2021,827,DEPARTMENT OF SANITATION,2013-11-11T00:00:00.000,MANHATTAN,SANITATION WORKER,ACTIVE,83465.00,per Annum,2080,83304.04,282.5,20698.77,14923.40
2021,827,DEPARTMENT OF SANITATION,2007-09-10T00:00:00.000,BRONX,SANITATION WORKER,ACTIVE,83465.00,per Annum,1838.85,74713.17,342,24860.16,20533.99
2021,827,DEPARTMENT OF SANITATION,2015-03-02T00:00:00.000,MANHATTAN,AUTO MECHANIC,ACTIVE,347.20,per Day,1862.85,80848.00,151.5,10375.88,9464.64
2021,827,DEPARTMENT OF SANITATION,2021-02-02T00:00:00.000,MANHATTAN,CITY SEASONAL AIDE,ACTIVE,15.00,per Hour,16,240.00,0,0.00,0.00
2021,827,DEPARTMENT OF SANITATION,2020-12-18T00:00:00.000,MANHATTAN,CITY SEASONAL AIDE,ACTIVE,15.00,per Hour,16,240.00,0,0.00,0.00
2021,827,DEPARTMENT OF SANITATION,2005-09-12T00:00:00.000,QUEENS,SANITATION WORKER,ACTIVE,83465.00,per Annum,2080,85018.10,308,21092.78,23805.80
2021,827,DEPARTMENT OF SANITATION,2016-08-22T00:00:00.000,BROOKLYN,SANITATION WORKER,ACTIVE,69055.00,per Annum,2080,59870.40,204,10745.22,10220.26
2021,827,DEPARTMENT OF SANITATION,2007-10-09T00:00:00.000,BROOKLYN,SANITATION WORKER,ACTIVE,83465.00,per Annum,2080,84705.12,248,16834.94,17684.53
2021,827,DEPARTMENT OF SANITATION,2019-10-21T00:00:00.000,QUEENS,SANITATION ENFORCEMENT AGENT,ACTIVE,31320.00,per Annum,2032,29782.95,107,2407.50,1272.55
2021,827,DEPARTMENT OF SANITATION,2010-12-13T00:00:00.000,RICHMOND,SANITATION WORKER,ACTIVE,83465.00,per Annum,2080,83322.26,289.5,19947.01,16206.45
2021,827,DEPARTMENT OF SANITATION,2005-05-31T00:00:00.000,RICHMOND,SANITATION WORKER,ACTIVE,83465.00,per Annum,2080,78271.90,368,27863.85,13438.98
2021,827,DEPARTMENT OF SANITATION,2006-01-30T00:00:00.000,BROOKLYN,ASSOCIATE SANITATION ENFORCEMENT AGENT,ACTIVE,43249.00,per Annum,2080,43127.38,84,2703.49,3071.70
2021,827,DEPARTMENT OF SANITATION,2020-12-18T00:00:00.000,MANHATTAN,CITY SEASONAL AIDE,ACTIVE,15.00,per Hour,133,1995.00,0,0.00,0.00
2021,827,DEPARTMENT OF SANITATION,2011-09-12T00:00:00.000,RICHMOND,SANITATION WORKER,CEASED,79058.00,per Annum,0,-1669.17,0,49.84,1851.27
2021,827,DEPARTMENT OF SANITATION,2010-03-15T00:00:00.000,BROOKLYN,METAL WORK MECHANIC,ACTIVE,84906.00,per Annum,2080,84667.07,364,22473.78,1613.20
2021,827,DEPARTMENT OF SANITATION,2020-12-18T00:00:00.000,MANHATTAN,CITY SEASONAL AIDE,ACTIVE,15.00,per Hour,131,1965.00,2,45.00,0.00
2021,827,DEPARTMENT OF SANITATION,1988-08-10T00:00:00.000,QUEENS,PRINCIPAL ADMINISTRATIVE ASSOCIATE -  NON SUPVR,ACTIVE,54704.00,per Annum,1820,54074.73,385,15463.85,5475.80
2021,827,DEPARTMENT OF SANITATION,2019-04-22T00:00:00.000,BROOKLYN,SANITATION WORKER,ACTIVE,45091.00,per Annum,2080,45294.08,539,19173.02,17209.94
2021,827,DEPARTMENT OF SANITATION,1989-08-14T00:00:00.000,BROOKLYN,SUPERVISOR,CEASED,106191.00,per Annum,0,389.49,0,42.56,-196.93
2021,827,DEPARTMENT OF SANITATION,2020-12-18T00:00:00.000,MANHATTAN,CITY SEASONAL AIDE,ACTIVE,15.00,per Hour,130,1950.00,5,112.50,0.00
2021,827,DEPARTMENT OF SANITATION,2000-07-10T00:00:00.000,MANHATTAN,SANITATION WORKER,CEASED,81034.00,per Annum,760,32789.14,0,218.14,15049.52
2021,827,DEPARTMENT OF SANITATION,2015-07-13T00:00:00.000,RICHMOND,SANITATION WORKER,ACTIVE,83465.00,per Annum,2080,75177.67,248,15188.83,9920.93
2021,827,DEPARTMENT OF SANITATION,2008-09-29T00:00:00.000,BROOKLYN,ASSOCIATE SANITATION ENFORCEMENT AGENT,ACTIVE,43249.00,per Annum,2080,40312.45,139,4218.76,2994.24
2021,827,DEPARTMENT OF SANITATION,2007-09-10T00:00:00.000,MANHATTAN,SANITATION WORKER,ACTIVE,83465.00,per Annum,2080,83683.57,260,18307.20,14908.57
2021,827,DEPARTMENT OF SANITATION,2014-07-21T00:00:00.000,RICHMOND,SANITATION WORKER,ACTIVE,83465.00,per Annum,2080,84722.63,284,16639.19,5878.26
2021,827,DEPARTMENT OF SANITATION,2006-10-16T00:00:00.000,BROOKLYN,AUTO MECHANIC,ACTIVE,347.20,per Day,2080,90272.00,270,17871.10,9695.69
2021,827,DEPARTMENT OF SANITATION,2015-09-07T00:00:00.000,MANHATTAN,SANITATION WORKER,ACTIVE,83465.00,per Annum,2080,74358.89,677,41519.63,2741.45
2021,827,DEPARTMENT OF SANITATION,2014-07-21T00:00:00.000,BROOKLYN,SANITATION WORKER,ACTIVE,83465.00,per Annum,2080,84716.40,325,22885.79,18884.04
2021,827,DEPARTMENT OF SANITATION,1997-07-07T00:00:00.000,BROOKLYN,SANITATION WORKER,ACTIVE,83465.00,per Annum,2080,85022.26,456,33746.03,8131.37
2021,827,DEPARTMENT OF SANITATION,2011-09-12T00:00:00.000,RICHMOND,SANITATION WORKER,ACTIVE,83465.00,per Annum,2080,81496.37,344,24611.41,21438.33
2021,827,DEPARTMENT OF SANITATION,2014-09-15T00:00:00.000,MANHATTAN,SANITATION WORKER,ACTIVE,83465.00,per Annum,1848,72149.05,499,35065.96,20390.72
2021,827,DEPARTMENT OF SANITATION,2005-08-15T00:00:00.000,QUEENS,SANITATION WORKER,ON LEAVE,83465.00,per Annum,2080,80169.24,480,35189.85,12839.60
2021,827,DEPARTMENT OF SANITATION,2001-04-16T00:00:00.000,BROOKLYN,SANITATION WORKER,ACTIVE,83465.00,per Annum,2080,81390.74,346,25014.19,21913.93
2021,827,DEPARTMENT OF SANITATION,1999-11-03T00:00:00.000,MANHATTAN,SUPERVISOR OF MECHANICS,ACTIVE,121196.00,per Annum,2080,120854.80,69,6146.85,1605.00
2021,827,DEPARTMENT OF SANITATION,2012-10-22T00:00:00.000,BRONX,SANITATION WORKER,ACTIVE,83465.00,per Annum,2080,84326.44,532,35095.76,9312.79
2021,827,DEPARTMENT OF SANITATION,2017-08-14T00:00:00.000,BROOKLYN,SANITATION WORKER,ACTIVE,54163.00,per Annum,2080,51098.45,454,17699.85,4664.89
2021,827,DEPARTMENT OF SANITATION,2012-10-22T00:00:00.000,BROOKLYN,SANITATION WORKER,ACTIVE,83465.00,per Annum,2080,83761.72,329,21340.57,23986.84
2021,827,DEPARTMENT OF SANITATION,2018-07-09T00:00:00.000,BROOKLYN,SANITATION WORKER,ACTIVE,48203.00,per Annum,2080,47296.89,283,9076.98,16880.22
2021,827,DEPARTMENT OF SANITATION,2017-09-11T00:00:00.000,MANHATTAN,SANITATION WORKER,ACTIVE,54163.00,per Annum,2080,50282.17,394,14547.75,8325.16
2021,827,DEPARTMENT OF SANITATION,2017-09-11T00:00:00.000,BROOKLYN,SANITATION WORKER,ACTIVE,54163.00,per Annum,2080,50679.67,458,17316.41,4926.03
2021,827,DEPARTMENT OF SANITATION,2007-01-15T00:00:00.000,MANHATTAN,BOOKKEEPER,ACTIVE,68092.00,per Annum,1820,67900.40,0,0.00,4619.07
2021,827,DEPARTMENT OF SANITATION,2018-07-09T00:00:00.000,BROOKLYN,SANITATION WORKER,ACTIVE,48203.00,per Annum,2080,47296.89,410,14719.12,16547.30
2021,827,DEPARTMENT OF SANITATION,2017-07-10T00:00:00.000,BROOKLYN,SANITATION WORKER,ACTIVE,54163.00,per Annum,2080,51478.30,248,9249.99,11666.97
2021,827,DEPARTMENT OF SANITATION,2018-07-09T00:00:00.000,MANHATTAN,SANITATION WORKER,ACTIVE,48203.00,per Annum,2080,47044.96,551.75,21166.93,10512.86
2021,827,DEPARTMENT OF SANITATION,2018-07-09T00:00:00.000,BROOKLYN,SANITATION WORKER,ACTIVE,48203.00,per Annum,2080,47112.20,176.75,5191.04,10702.37
2021,827,DEPARTMENT OF SANITATION,2019-07-15T00:00:00.000,MANHATTAN,SANITATION WORKER,ACTIVE,45091.00,per Annum,2080,44841.35,495,17845.99,16808.41
2021,827,DEPARTMENT OF SANITATION,1980-06-23T00:00:00.000,MANHATTAN,*CUSTODIAL ASSISTANT,ACTIVE,37987.00,per Annum,2080,37880.20,10,134.64,8286.32
2021,827,DEPARTMENT OF SANITATION,2000-04-03T00:00:00.000,BROOKLYN,SUPERVISOR,CEASED,106191.00,per Annum,0,2141.54,0,1468.60,18407.05
2021,827,DEPARTMENT OF SANITATION,2016-08-22T00:00:00.000,MANHATTAN,SANITATION WORKER,ACTIVE,69055.00,per Annum,2080,59222.81,362.5,17091.12,14215.73
2021,827,DEPARTMENT OF SANITATION,2000-03-06T00:00:00.000,RICHMOND,SUPERVISOR,CEASED,106191.00,per Annum,0,1927.00,0,381.84,976.03
2021,827,DEPARTMENT OF SANITATION,1999-12-27T00:00:00.000,BROOKLYN,SUPERVISOR,CEASED,106191.00,per Annum,0,1941.53,0,708.99,490.40
2021,827,DEPARTMENT OF SANITATION,2014-10-13T00:00:00.000,BROOKLYN,SANITATION WORKER,ACTIVE,83465.00,per Annum,2080,84446.30,44,3041.46,3694.52
2021,827,DEPARTMENT OF SANITATION,2021-02-02T00:00:00.000,MANHATTAN,CITY SEASONAL AIDE,ACTIVE,15.00,per Hour,77.5,1162.50,5,112.50,0.00
2021,827,DEPARTMENT OF SANITATION,1997-07-07T00:00:00.000,BRONX,SANITATION WORKER,CEASED,79058.00,per Annum,0,1324.86,0,340.74,-484.97
2021,827,DEPARTMENT OF SANITATION,2016-10-11T00:00:00.000,QUEENS,AUTO MECHANIC,ACTIVE,347.20,per Day,2080,90272.00,120,7838.04,3636.92
2021,827,DEPARTMENT OF SANITATION,2021-02-02T00:00:00.000,MANHATTAN,CITY SEASONAL AIDE,ACTIVE,15.00,per Hour,37.5,562.50,0,0.00,0.00
2021,827,DEPARTMENT OF SANITATION,2021-02-02T00:00:00.000,MANHATTAN,CITY SEASONAL AIDE,ACTIVE,15.00,per Hour,34.75,521.25,0,0.00,0.00
2021,827,DEPARTMENT OF SANITATION,1989-03-06T00:00:00.000,BROOKLYN,SANITATION WORKER,CEASED,79058.00,per Annum,0,633.27,0,99.51,-231.85
2021,827,DEPARTMENT OF SANITATION,2000-04-17T00:00:00.000,MANHATTAN,SANITATION WORKER,ACTIVE,83465.00,per Annum,2080,84711.78,828,60011.57,29426.28
2021,827,DEPARTMENT OF SANITATION,2011-11-14T00:00:00.000,BRONX,SANITATION WORKER,ACTIVE,83465.00,per Annum,2080,85022.26,828.25,58933.29,34343.25
2021,827,DEPARTMENT OF SANITATION,2012-07-30T00:00:00.000,QUEENS,SANITATION WORKER,ACTIVE,83465.00,per Annum,2080,85022.26,901,61416.86,33148.59
2021,827,DEPARTMENT OF SANITATION,1998-12-07T00:00:00.000,QUEENS,SANITATION WORKER,ACTIVE,83465.00,per Annum,2080,85021.01,891,64826.28,29832.07
2021,827,DEPARTMENT OF SANITATION,1985-10-25T00:00:00.000,MANHATTAN,SUPERVISOR OF MECHANICS,ACTIVE,136136.00,per Annum,2080,135752.71,427.5,42306.27,3014.56
2021,827,DEPARTMENT OF SANITATION,2008-07-07T00:00:00.000,RICHMOND,SANITATION WORKER,ACTIVE,83465.00,per Annum,2080,85022.26,832,59865.49,36328.84
2021,827,DEPARTMENT OF SANITATION,2005-12-05T00:00:00.000,RICHMOND,SANITATION WORKER,ACTIVE,83465.00,per Annum,2080,85022.26,912,66076.04,30362.68
2021,827,DEPARTMENT OF SANITATION,2011-09-12T00:00:00.000,RICHMOND,SUPERVISOR,ACTIVE,108846.00,per Annum,2080,110365.11,754,63152.31,11328.67
2021,827,DEPARTMENT OF SANITATION,1999-02-22T00:00:00.000,QUEENS,SANITATION WORKER,ACTIVE,83465.00,per Annum,2080,85022.26,1009,70968.76,30199.14
2021,827,DEPARTMENT OF SANITATION,2004-05-03T00:00:00.000,BRONX,SANITATION WORKER,ACTIVE,83465.00,per Annum,2080,84711.78,1096,77053.00,33416.85
2021,827,DEPARTMENT OF SANITATION,2000-07-10T00:00:00.000,BROOKLYN,SANITATION WORKER,ACTIVE,83465.00,per Annum,2080,85005.19,1118.75,80435.92,30165.36
2021,827,DEPARTMENT OF SANITATION,1985-08-05T00:00:00.000,MANHATTAN,STAFF ANALYST,ACTIVE,78689.00,per Annum,1820,78467.57,0,0.00,8855.84
2021,827,DEPARTMENT OF SANITATION,2018-09-17T00:00:00.000,MANHATTAN,SANITATION WORKER,ACTIVE,48203.00,per Annum,2080,46710.63,542,19675.47,9602.26
2021,827,DEPARTMENT OF SANITATION,2000-04-17T00:00:00.000,QUEENS,SANITATION WORKER,ACTIVE,83465.00,per Annum,2080,85022.26,1130,78662.11,35905.81
2021,827,DEPARTMENT OF SANITATION,2005-10-17T00:00:00.000,BROOKLYN,SANITATION WORKER,ACTIVE,83465.00,per Annum,2080,85007.59,1166,81938.57,38443.79
2021,827,DEPARTMENT OF SANITATION,2004-03-22T00:00:00.000,MANHATTAN,GENERAL SUPERINTENDENT,ACTIVE,132309.00,per Annum,2080,134086.76,583.75,63236.22,8539.27
2021,827,DEPARTMENT OF SANITATION,2000-03-06T00:00:00.000,BROOKLYN,GENERAL SUPERINTENDENT,ACTIVE,132309.00,per Annum,2080,134594.25,666.5,76891.59,10623.91
2021,827,DEPARTMENT OF SANITATION,2005-04-20T00:00:00.000,MANHATTAN,CLERICAL ASSOCIATE,ACTIVE,47238.00,per Annum,1820,47105.09,0,0.00,4631.48
2021,827,DEPARTMENT OF SANITATION,2021-02-02T00:00:00.000,MANHATTAN,CITY SEASONAL AIDE,ACTIVE,15.00,per Hour,22.5,337.50,0,0.00,0.00
2021,827,DEPARTMENT OF SANITATION,2018-09-17T00:00:00.000,BRONX,SANITATION WORKER,ACTIVE,48203.00,per Annum,2080,45143.91,666,25258.46,15521.84
2021,827,DEPARTMENT OF SANITATION,2001-08-20T00:00:00.000,MANHATTAN,STAFF ANALYST,ACTIVE,82316.00,per Annum,1820,82084.41,1.5,70.62,3800.97
2021,827,DEPARTMENT OF SANITATION,2021-05-24T00:00:00.000,MANHATTAN,JOB TRAINING PARTICIPANT,ACTIVE,15.45,per Hour,96,1483.20,0,0.00,0.00
2021,827,DEPARTMENT OF SANITATION,2017-02-10T00:00:00.000,MANHATTAN,CITY SEASONAL AIDE,ACTIVE,15.00,per Hour,99,1485.00,0,0.00,0.00
2021,827,DEPARTMENT OF SANITATION,2012-09-24T00:00:00.000,MANHATTAN,GENERAL SUPERINTENDENT,ACTIVE,110102.00,per Annum,2080,111604.11,254,23439.41,5896.61
2021,827,DEPARTMENT OF SANITATION,2020-12-18T00:00:00.000,MANHATTAN,CITY SEASONAL AIDE,ACTIVE,15.00,per Hour,105,1575.00,0,0.00,0.00
2021,827,DEPARTMENT OF SANITATION,2021-02-02T00:00:00.000,MANHATTAN,CITY SEASONAL AIDE,ACTIVE,15.00,per Hour,42,630.00,0,0.00,0.00
2021,827,DEPARTMENT OF SANITATION,2014-10-13T00:00:00.000,BRONX,SANITATION WORKER,ACTIVE,83465.00,per Annum,2080,82946.32,486,34941.25,22062.87
2021,827,DEPARTMENT OF SANITATION,2020-12-18T00:00:00.000,MANHATTAN,CITY SEASONAL AIDE,ACTIVE,15.00,per Hour,45,675.00,0,0.00,0.00
2021,827,DEPARTMENT OF SANITATION,2021-02-02T00:00:00.000,MANHATTAN,CITY SEASONAL AIDE,ACTIVE,15.00,per Hour,45,675.00,0,0.00,0.00
2021,827,DEPARTMENT OF SANITATION,2007-05-21T00:00:00.000,BROOKLYN,SANITATION WORKER,ACTIVE,83465.00,per Annum,2080,82711.68,498,33118.98,23850.87
2021,827,DEPARTMENT OF SANITATION,2018-04-16T00:00:00.000,BROOKLYN,AUTO MECHANIC,ACTIVE,347.20,per Day,2080,82156.29,262,16255.47,12131.18
2021,827,DEPARTMENT OF SANITATION,2017-05-30T00:00:00.000,MANHATTAN,COMMUNITY COORDINATOR,ACTIVE,64455.00,per Annum,1820,64273.68,234.25,10967.46,530.16
2021,827,DEPARTMENT OF SANITATION,2018-09-17T00:00:00.000,MANHATTAN,SANITATION WORKER,ACTIVE,48203.00,per Annum,2080,46351.16,550,20174.57,8944.71
2021,827,DEPARTMENT OF SANITATION,2016-01-19T00:00:00.000,QUEENS,SANITATION ENFORCEMENT AGENT,ACTIVE,41200.00,per Annum,2080,37158.69,138,3925.88,1200.47
2021,827,DEPARTMENT OF SANITATION,2006-10-16T00:00:00.000,MANHATTAN,SANITATION WORKER,ACTIVE,83465.00,per Annum,2080,85022.26,257,19644.11,5991.77
2021,827,DEPARTMENT OF SANITATION,2019-07-15T00:00:00.000,BROOKLYN,SANITATION WORKER,ACTIVE,45091.00,per Annum,2080,44678.12,522,19706.98,12337.91
2021,827,DEPARTMENT OF SANITATION,2017-07-10T00:00:00.000,MANHATTAN,SANITATION WORKER,ACTIVE,54163.00,per Annum,2080,48621.96,420.5,17717.89,9887.36
2021,827,DEPARTMENT OF SANITATION,2015-01-05T00:00:00.000,QUEENS,AUTO MECHANIC,ACTIVE,347.20,per Day,2080,90272.00,218,14333.94,6151.95
2021,827,DEPARTMENT OF SANITATION,2018-04-16T00:00:00.000,QUEENS,AUTO MECHANIC,ACTIVE,347.20,per Day,2080,82156.29,371,22301.71,5795.88
2021,827,DEPARTMENT OF SANITATION,2017-09-11T00:00:00.000,BROOKLYN,SANITATION WORKER,ACTIVE,54163.00,per Annum,2080,50679.67,361,13751.41,4304.92
2021,827,DEPARTMENT OF SANITATION,2016-10-17T00:00:00.000,MANHATTAN,ADMINISTRATIVE CITY PLANNER,ACTIVE,123537.00,per Annum,1820,123189.41,0,0.00,0.00
2021,827,DEPARTMENT OF SANITATION,2010-12-13T00:00:00.000,RICHMOND,SUPERVISOR,ACTIVE,90779.00,per Annum,2080,91505.41,341,23026.56,8196.12
2021,827,DEPARTMENT OF SANITATION,2018-04-23T00:00:00.000,MANHATTAN,INVESTIGATOR,ON LEAVE,47705.00,per Annum,1092,28540.89,34,1011.11,1433.35
2021,827,DEPARTMENT OF SANITATION,2008-01-07T00:00:00.000,MANHATTAN,SANITATION ENFORCEMENT AGENT,ON LEAVE,46805.00,per Annum,2080,42471.19,146,5173.28,3159.42
2021,827,DEPARTMENT OF SANITATION,2000-04-17T00:00:00.000,BROOKLYN,SANITATION WORKER,CEASED,81034.00,per Annum,360,16948.20,0,1029.13,-926.25
2021,827,DEPARTMENT OF SANITATION,1993-09-07T00:00:00.000,QUEENS,SUPERVISOR,CEASED,108846.00,per Annum,240,14703.46,0,22.02,2407.27
2021,827,DEPARTMENT OF SANITATION,2006-09-18T00:00:00.000,BROOKLYN,SANITATION WORKER,ACTIVE,83465.00,per Annum,2080,83724.85,586,42140.67,22582.03
2021,827,DEPARTMENT OF SANITATION,2004-10-25T00:00:00.000,BROOKLYN,SANITATION WORKER,ACTIVE,83465.00,per Annum,2080,85022.26,631,45508.64,18478.32
2021,827,DEPARTMENT OF SANITATION,2018-04-09T00:00:00.000,QUEENS,AUTO MECHANIC,ACTIVE,347.20,per Day,2080,82268.99,149.5,8797.99,4868.48
2021,827,DEPARTMENT OF SANITATION,2010-12-13T00:00:00.000,BRONX,SANITATION WORKER,ACTIVE,83465.00,per Annum,2080,83124.79,587,43548.10,22960.82
2021,827,DEPARTMENT OF SANITATION,2000-08-21T00:00:00.000,MANHATTAN,SUPERVISOR,ACTIVE,108846.00,per Annum,2080,110309.14,180,16059.35,11071.12
2021,827,DEPARTMENT OF SANITATION,2006-09-18T00:00:00.000,RICHMOND,SANITATION WORKER,ACTIVE,83465.00,per Annum,2080,83281.90,516,36631.79,30375.48
2021,827,DEPARTMENT OF SANITATION,2007-05-21T00:00:00.000,RICHMOND,SANITATION WORKER,ACTIVE,83465.00,per Annum,2080,85022.26,928.5,65526.95,38987.41
2021,827,DEPARTMENT OF SANITATION,2000-09-05T00:00:00.000,BRONX,SANITATION WORKER,ACTIVE,83465.00,per Annum,2080,82052.03,1115,79389.66,28183.72
2021,827,DEPARTMENT OF SANITATION,1998-12-10T00:00:00.000,BROOKLYN,SANITATION WORKER,ACTIVE,83465.00,per Annum,2080,85022.26,1238,89266.09,15615.25
2021,827,DEPARTMENT OF SANITATION,2015-10-05T00:00:00.000,QUEENS,SANITATION WORKER,ACTIVE,83465.00,per Annum,2080,72884.29,539.5,32114.19,5419.97
2021,827,DEPARTMENT OF SANITATION,2004-10-04T00:00:00.000,BROOKLYN,SANITATION WORKER,ACTIVE,83465.00,per Annum,2080,85022.26,1028,73801.88,31974.45
2021,827,DEPARTMENT OF SANITATION,1999-10-04T00:00:00.000,BROOKLYN,SUPERVISOR,ACTIVE,108846.00,per Annum,2080,110726.63,798,70731.39,10037.01
2021,827,DEPARTMENT OF SANITATION,2015-09-07T00:00:00.000,BRONX,SANITATION WORKER,ACTIVE,83465.00,per Annum,2080,67454.27,489,31290.58,12316.15
2021,827,DEPARTMENT OF SANITATION,2000-03-06T00:00:00.000,MANHATTAN,SANITATION WORKER,ACTIVE,83465.00,per Annum,2080,85005.61,1054,74563.49,33200.04
2021,827,DEPARTMENT OF SANITATION,1990-07-09T00:00:00.000,MANHATTAN,GENERAL SUPERINTENDENT,ACTIVE,190108.00,per Annum,2080,194143.88,0,0.00,-751.31
2021,827,DEPARTMENT OF SANITATION,1985-07-08T00:00:00.000,MANHATTAN,GENERAL SUPERINTENDENT,ACTIVE,190108.00,per Annum,2080,194564.70,0,0.00,-962.39
2021,827,DEPARTMENT OF SANITATION,1993-07-26T00:00:00.000,MANHATTAN,GENERAL SUPERINTENDENT,ACTIVE,190108.00,per Annum,2080,194564.70,0,0.00,-961.63
2021,827,DEPARTMENT OF SANITATION,2018-07-09T00:00:00.000,RICHMOND,SANITATION WORKER,ACTIVE,48203.00,per Annum,2080,47296.91,435.5,15481.60,5626.84
2021,827,DEPARTMENT OF SANITATION,1999-10-04T00:00:00.000,BROOKLYN,GENERAL SUPERINTENDENT,ACTIVE,132309.00,per Annum,2080,112552.04,800,72354.55,10113.46
2021,841,DEPARTMENT OF TRANSPORTATION,2006-01-09T00:00:00.000,BROOKLYN,SUPERVISOR HIGHWAY REPAIRER,ACTIVE,399.68,per Day,2080,103916.80,322,24946.20,3582.76
2021,841,DEPARTMENT OF TRANSPORTATION,2007-03-12T00:00:00.000,BRONX,SUPERVISOR HIGHWAY REPAIRER,ACTIVE,399.68,per Day,2080,103916.80,307.5,24193.12,4611.06
2021,841,DEPARTMENT OF TRANSPORTATION,2008-11-09T00:00:00.000,MANHATTAN,COMPUTER ASSOCIATE,ACTIVE,76587.00,per Annum,1820,76371.35,11.5,515.36,5295.74
2021,841,DEPARTMENT OF TRANSPORTATION,2014-02-24T00:00:00.000,MANHATTAN,ASSOCIATE STAFF ANALYST,ACTIVE,82390.00,per Annum,1820,82157.99,0,0.00,24.75
2021,841,DEPARTMENT OF TRANSPORTATION,1999-03-22T00:00:00.000,MANHATTAN,ASSISTANT CIVIL ENGINEER,ACTIVE,73857.00,per Annum,1820,73649.09,0,0.00,8717.01
2021,841,DEPARTMENT OF TRANSPORTATION,2013-07-08T00:00:00.000,RICHMOND,FERRY TERMINAL SUPERVISOR,ACTIVE,80024.00,per Annum,2080,79798.68,528.25,31483.36,4926.97
2021,841,DEPARTMENT OF TRANSPORTATION,1990-10-15T00:00:00.000,RICHMOND,HIGHWAY REPAIRER,ACTIVE,380.64,per Day,2080,98966.40,217,15510.31,1327.16
2021,841,DEPARTMENT OF TRANSPORTATION,2018-04-09T00:00:00.000,MANHATTAN,ADMINISTRATIVE PROJECT MANAGER,ACTIVE,115849.00,per Annum,1820,115522.85,0,0.14,180.66
2021,841,DEPARTMENT OF TRANSPORTATION,2008-05-19T00:00:00.000,RICHMOND,MATE,ACTIVE,57875.00,per Annum,1664,57712.03,1075,54696.00,2755.59
2021,841,DEPARTMENT OF TRANSPORTATION,2004-12-05T00:00:00.000,RICHMOND,DECKHAND,ACTIVE,59253.00,per Annum,1664,59086.28,967,50391.11,5405.61
2021,841,DEPARTMENT OF TRANSPORTATION,2009-10-05T00:00:00.000,RICHMOND,ASSISTANT CAPTAIN,ACTIVE,63014.00,per Annum,1664,62534.63,910,50423.59,1606.15
2021,841,DEPARTMENT OF TRANSPORTATION,1988-08-15T00:00:00.000,MANHATTAN,ASSISTANT MECHANICAL ENGINEER,ACTIVE,74502.00,per Annum,1820,74292.28,0,0.00,8763.19
2021,841,DEPARTMENT OF TRANSPORTATION,2015-03-16T00:00:00.000,MANHATTAN,CITY PLANNER,ACTIVE,79611.00,per Annum,1820,79386.86,55.25,2770.72,930.65
2021,841,DEPARTMENT OF TRANSPORTATION,2005-03-20T00:00:00.000,QUEENS,ASSISTANT CITY HIGHWAY REPAIRER,ACTIVE,54589.00,per Annum,2080,54435.24,544.5,23398.35,5487.19
2021,841,DEPARTMENT OF TRANSPORTATION,2014-06-30T00:00:00.000,QUEENS,TRAFFIC DEVICE MAINTAINER,ACTIVE,67044.00,per Annum,2080,66855.28,470,23055.55,1855.41
2021,841,DEPARTMENT OF TRANSPORTATION,1988-06-13T00:00:00.000,MANHATTAN,ADM MANAGER-NON-MGRL,ACTIVE,76270.00,per Annum,1820,75404.36,0,0.00,1757.73
2021,841,DEPARTMENT OF TRANSPORTATION,2019-12-09T00:00:00.000,MANHATTAN,CONSTRUCTION PROJECT MANAGER,ACTIVE,77921.00,per Annum,1820,77701.67,0,0.00,78.69
2021,841,DEPARTMENT OF TRANSPORTATION,2007-02-20T00:00:00.000,BRONX,HIGHWAYS AND SEWERS INSPECTOR,ACTIVE,72000.00,per Annum,2080,71150.21,82,4243.73,2429.58
2021,841,DEPARTMENT OF TRANSPORTATION,2006-11-20T00:00:00.000,RICHMOND,CITY LABORER,ACTIVE,290.00,per Day,2080,75400.00,260,14262.57,2154.40
2021,841,DEPARTMENT OF TRANSPORTATION,2014-04-14T00:00:00.000,BROOKLYN,ASSISTANT CITY HIGHWAY REPAIRER,ACTIVE,54589.00,per Annum,2080,54435.24,112,4819.10,6213.30
2021,841,DEPARTMENT OF TRANSPORTATION,1998-10-25T00:00:00.000,MANHATTAN,ADMINISTRATIVE STAFF ANALYST,ACTIVE,160944.00,per Annum,1820,160490.90,0,0.00,-3083.20
2021,841,DEPARTMENT OF TRANSPORTATION,1989-04-07T00:00:00.000,BRONX,AREA SUPERVISOR,CEASED,100976.00,per Annum,0,0.00,0,0.00,15571.92
2021,841,DEPARTMENT OF TRANSPORTATION,2010-04-19T00:00:00.000,QUEENS,HIGHWAY REPAIRER,ACTIVE,380.64,per Day,2080,98966.40,730,52909.21,3305.97
2021,841,DEPARTMENT OF TRANSPORTATION,2015-09-13T00:00:00.000,MANHATTAN,CITY PLANNER,ACTIVE,89099.00,per Annum,1820,88848.33,0,0.00,3351.73
2021,841,DEPARTMENT OF TRANSPORTATION,1990-05-29T00:00:00.000,MANHATTAN,CLERICAL ASSOCIATE,ACTIVE,54521.00,per Annum,1835.75,54661.49,0,0.00,5221.56
2021,841,DEPARTMENT OF TRANSPORTATION,2003-03-16T00:00:00.000,MANHATTAN,BRIDGE OPERATOR,ACTIVE,47433.00,per Annum,2080,45643.10,87.75,3578.15,10171.76
2021,841,DEPARTMENT OF TRANSPORTATION,2015-05-11T00:00:00.000,BROOKLYN,ASSISTANT CITY HIGHWAY REPAIRER,ACTIVE,54589.00,per Annum,1560,55481.29,81,3196.99,593.62
2021,841,DEPARTMENT OF TRANSPORTATION,1990-10-01T00:00:00.000,QUEENS,AREA SUPERVISOR,ACTIVE,108614.00,per Annum,2080,108308.39,474.25,38692.27,7263.46
2021,841,DEPARTMENT OF TRANSPORTATION,2011-09-06T00:00:00.000,MANHATTAN,HIGHWAY REPAIRER,ACTIVE,380.64,per Day,2080,101126.76,689.75,49980.17,3114.75
2021,841,DEPARTMENT OF TRANSPORTATION,2015-04-27T00:00:00.000,QUEENS,ASSISTANT CITY HIGHWAY REPAIRER,ACTIVE,54589.00,per Annum,1720,55480.19,68.17,2679.77,419.33
2021,841,DEPARTMENT OF TRANSPORTATION,2019-02-04T00:00:00.000,MANHATTAN,BOOKKEEPER,ACTIVE,53705.00,per Annum,1820,49178.62,45.75,1226.93,0.00
2021,841,DEPARTMENT OF TRANSPORTATION,2016-03-14T00:00:00.000,BROOKLYN,ASSISTANT CITY HIGHWAY REPAIRER,ACTIVE,26.15,per Hour,1496,39120.40,142,5860.34,5326.29
2021,841,DEPARTMENT OF TRANSPORTATION,2016-08-29T00:00:00.000,MANHATTAN,CLERICAL ASSOCIATE,ACTIVE,50218.00,per Annum,1820,50076.66,0,0.00,0.00
2021,841,DEPARTMENT OF TRANSPORTATION,2014-04-13T00:00:00.000,BROOKLYN,ASSISTANT CITY HIGHWAY REPAIRER,ACTIVE,54589.00,per Annum,2080,49351.07,4,107.77,557.52
2021,841,DEPARTMENT OF TRANSPORTATION,2006-11-06T00:00:00.000,QUEENS,CLERICAL ASSOCIATE,ACTIVE,46019.00,per Annum,1820,45889.42,0,5.40,4075.42
2021,841,DEPARTMENT OF TRANSPORTATION,2001-04-29T00:00:00.000,QUEENS,CITY PARKING EQUIPMENT SERVICE WORKER,ACTIVE,41671.00,per Annum,2080,41553.72,70,2356.30,6011.69
2021,841,DEPARTMENT OF TRANSPORTATION,2017-07-17T00:00:00.000,QUEENS,ASSISTANT CITY HIGHWAY REPAIRER,ACTIVE,26.15,per Hour,1504,39329.60,89,3544.48,6904.90
2021,841,DEPARTMENT OF TRANSPORTATION,1998-12-13T00:00:00.000,RICHMOND,CITY ATTENDANT,ACTIVE,19.58,per Hour,2063.5,40403.33,32.5,1086.07,8009.94
2021,841,DEPARTMENT OF TRANSPORTATION,2019-09-30T00:00:00.000,QUEENS,ASSISTANT CITY HIGHWAY REPAIRER,ACTIVE,22.73,per Hour,1560,35458.80,0,0.00,6400.88
2021,841,DEPARTMENT OF TRANSPORTATION,1995-03-17T00:00:00.000,RICHMOND,CAPTAIN,ACTIVE,70926.00,per Annum,1664,70726.39,1193.25,74411.07,5456.29
2021,841,DEPARTMENT OF TRANSPORTATION,2019-12-09T00:00:00.000,MANHATTAN,CLERICAL ASSOCIATE,ACTIVE,40017.00,per Annum,1820,39904.40,0,0.00,1090.62
2021,841,DEPARTMENT OF TRANSPORTATION,2019-07-08T00:00:00.000,MANHATTAN,CLERICAL ASSOCIATE,ACTIVE,40017.00,per Annum,1820,39904.40,0,0.00,1045.17
2021,841,DEPARTMENT OF TRANSPORTATION,1998-12-20T00:00:00.000,RICHMOND,CITY DEBRIS REMOVER,CEASED,20.64,per Hour,1304,26914.56,0,0.00,2699.28
2021,841,DEPARTMENT OF TRANSPORTATION,2007-04-09T00:00:00.000,RICHMOND,HIGHWAY REPAIRER,ON LEAVE,380.64,per Day,752,21700.28,32.5,2319.54,5478.97
2021,841,DEPARTMENT OF TRANSPORTATION,2002-09-22T00:00:00.000,QUEENS,ASSOCIATE PROJECT MANAGER,ACTIVE,82120.00,per Annum,1820,81888.92,0,16.76,11883.57
2021,841,DEPARTMENT OF TRANSPORTATION,2004-04-30T00:00:00.000,RICHMOND,MATE,ACTIVE,57875.00,per Annum,1664,57712.03,948.5,48259.68,2180.64
2021,841,DEPARTMENT OF TRANSPORTATION,2016-11-28T00:00:00.000,MANHATTAN,BRIDGE OPERATOR,ACTIVE,47407.00,per Annum,2080,47254.69,184,7528.25,12946.75
2021,841,DEPARTMENT OF TRANSPORTATION,2017-08-21T00:00:00.000,RICHMOND,DECKHAND,ACTIVE,59253.00,per Annum,1664,59086.28,196,10213.63,5142.68
2021,841,DEPARTMENT OF TRANSPORTATION,2016-08-01T00:00:00.000,QUEENS,COMMUNITY COORDINATOR,ACTIVE,71000.00,per Annum,1820,70800.22,79.75,3366.42,213.63
2021,841,DEPARTMENT OF TRANSPORTATION,2005-03-01T00:00:00.000,QUEENS,TRAFFIC DEVICE MAINTAINER,ACTIVE,67044.00,per Annum,2080,66855.28,0,0.96,7478.54
2021,841,DEPARTMENT OF TRANSPORTATION,2014-07-07T00:00:00.000,MANHATTAN,ASSISTANT CIVIL ENGINEER,ACTIVE,72204.00,per Annum,1820,72000.82,0,4.22,2026.08
2021,841,DEPARTMENT OF TRANSPORTATION,2015-06-29T00:00:00.000,BROOKLYN,ASSISTANT CITY HIGHWAY REPAIRER,ACTIVE,54589.00,per Annum,1640,55480.94,152.5,6497.44,5259.08
2021,841,DEPARTMENT OF TRANSPORTATION,2020-03-16T00:00:00.000,MANHATTAN,CONSTRUCTION PROJECT MANAGER,ACTIVE,74159.00,per Annum,1820,73950.15,0,0.00,37.03
2021,841,DEPARTMENT OF TRANSPORTATION,2004-06-13T00:00:00.000,MANHATTAN,ASSISTANT CIVIL ENGINEER,ACTIVE,73702.00,per Annum,1820,73494.66,0,0.77,6663.93
2021,841,DEPARTMENT OF TRANSPORTATION,2005-06-26T00:00:00.000,QUEENS,HIGHWAY REPAIRER,ACTIVE,380.64,per Day,2080,98966.40,0,0.00,1144.00
2021,841,DEPARTMENT OF TRANSPORTATION,1992-02-21T00:00:00.000,MANHATTAN,ADM MANAGER-NON-MGRL,ACTIVE,99675.00,per Annum,1820,98543.63,0,0.00,1757.73
2021,841,DEPARTMENT OF TRANSPORTATION,2017-07-17T00:00:00.000,QUEENS,ASSISTANT CITY HIGHWAY REPAIRER,ACTIVE,26.15,per Hour,1504,39126.49,128,5087.03,4643.02
2021,841,DEPARTMENT OF TRANSPORTATION,2014-03-24T00:00:00.000,RICHMOND,CITY DEBRIS REMOVER,ACTIVE,42997.00,per Annum,2080,42875.98,84,2707.27,3342.87
2021,841,DEPARTMENT OF TRANSPORTATION,2014-04-14T00:00:00.000,BRONX,ASSISTANT CITY HIGHWAY REPAIRER,ACTIVE,54589.00,per Annum,2080,54435.24,73,2901.20,595.85
2021,841,DEPARTMENT OF TRANSPORTATION,2002-06-02T00:00:00.000,MANHATTAN,ADM MANAGER-NON-MGRL,ACTIVE,80277.00,per Annum,1820,79365.88,0,0.00,2268.43
2021,841,DEPARTMENT OF TRANSPORTATION,1998-03-22T00:00:00.000,BROOKLYN,HIGHWAY REPAIRER,ACTIVE,380.64,per Day,2000,92876.16,40,3117.62,3812.65
2021,841,DEPARTMENT OF TRANSPORTATION,2007-03-19T00:00:00.000,QUEENS,ADMINISTRATIVE ENGINEER,ACTIVE,97485.00,per Annum,1820,97210.60,28,1978.47,736.70
2021,841,DEPARTMENT OF TRANSPORTATION,2019-03-18T00:00:00.000,RICHMOND,ASSISTANT CITY HIGHWAY REPAIRER,ACTIVE,26.15,per Hour,1504,35854.88,389.5,14782.95,6876.80
2021,841,DEPARTMENT OF TRANSPORTATION,2015-05-11T00:00:00.000,MANHATTAN,ASSISTANT CITY HIGHWAY REPAIRER,ACTIVE,26.15,per Hour,1496,39120.40,275.5,10983.62,16209.42
2021,841,DEPARTMENT OF TRANSPORTATION,1987-03-09T00:00:00.000,QUEENS,ADMINISTRATIVE STAFF ANALYST,ACTIVE,108506.00,per Annum,1820,108200.50,0,0.00,1722.86
2021,841,DEPARTMENT OF TRANSPORTATION,1993-05-24T00:00:00.000,BROOKLYN,HIGHWAY REPAIRER,ACTIVE,380.64,per Day,2080,98966.40,192,14500.18,16952.61
2021,841,DEPARTMENT OF TRANSPORTATION,1991-03-25T00:00:00.000,BROOKLYN,HIGHWAY REPAIRER,ACTIVE,380.64,per Day,2080,98966.40,385.5,27816.94,3391.62
2021,841,DEPARTMENT OF TRANSPORTATION,2010-04-05T00:00:00.000,MANHATTAN,CIVIL ENGINEER,ACTIVE,113299.00,per Annum,1820,112980.23,60.5,4718.02,3250.11
2021,841,DEPARTMENT OF TRANSPORTATION,2010-05-24T00:00:00.000,BROOKLYN,ASSOCIATE INSPECTOR,ACTIVE,81553.00,per Annum,2080,81055.58,620.5,37093.24,2459.86
2021,841,DEPARTMENT OF TRANSPORTATION,2018-06-25T00:00:00.000,QUEENS,CARPENTER,ACTIVE,375.06,per Day,1820,97187.99,242.5,20274.09,2357.52
2021,841,DEPARTMENT OF TRANSPORTATION,2020-02-24T00:00:00.000,MANHATTAN,TRANSPORTATION SPECIALIST,ACTIVE,57078.00,per Annum,1820,56917.27,0,0.00,360.53
2021,841,DEPARTMENT OF TRANSPORTATION,2017-06-12T00:00:00.000,MANHATTAN,ASSISTANT URBAN DESIGNER,ACTIVE,65640.00,per Annum,1820,65455.28,0,0.33,611.84
2021,841,DEPARTMENT OF TRANSPORTATION,2009-07-19T00:00:00.000,QUEENS,SECRETARY,ACTIVE,53151.00,per Annum,1820,53001.44,303.5,10228.15,2835.54
2021,841,DEPARTMENT OF TRANSPORTATION,2004-11-21T00:00:00.000,MANHATTAN,BRIDGE OPERATOR,ACTIVE,47422.00,per Annum,2080,47269.55,139.25,5911.61,12808.49
2021,841,DEPARTMENT OF TRANSPORTATION,1997-01-12T00:00:00.000,MANHATTAN,PRINCIPAL ADMINISTRATIVE ASSOCIATE -  NON SUPVR,ON SEPARATION LEAVE,33.33,per Hour,1750,57784.30,0,2691.72,19363.76
2021,841,DEPARTMENT OF TRANSPORTATION,1995-11-10T00:00:00.000,QUEENS,TRAFFIC DEVICE MAINTAINER,ACTIVE,67044.00,per Annum,2080,66855.28,89,4731.07,8286.74
2021,841,DEPARTMENT OF TRANSPORTATION,2005-08-21T00:00:00.000,QUEENS,SUPERVISOR OF TRAFFIC DEVICE MAINTAINERS,ACTIVE,74497.00,per Annum,1820,74287.35,426.25,22621.25,4088.41
2021,841,DEPARTMENT OF TRANSPORTATION,1993-05-24T00:00:00.000,QUEENS,HIGHWAY REPAIRER,ACTIVE,380.64,per Day,2080,98966.40,129.5,9350.27,1567.63
2021,841,DEPARTMENT OF TRANSPORTATION,2017-04-03T00:00:00.000,QUEENS,AUTO MECHANIC,ACTIVE,347.20,per Day,2080,92416.29,94,6184.55,2126.36
2021,841,DEPARTMENT OF TRANSPORTATION,2017-11-06T00:00:00.000,RICHMOND,MARINE OILER,ACTIVE,61555.00,per Annum,1664,61381.66,665.5,36023.55,3080.73
2021,841,DEPARTMENT OF TRANSPORTATION,2008-10-27T00:00:00.000,QUEENS,HIGHWAY REPAIRER,CEASED,380.64,per Day,690.78,33957.42,14,1011.08,-987.58
2021,841,DEPARTMENT OF TRANSPORTATION,2019-09-09T00:00:00.000,MANHATTAN,APPRENTICE INSPECTOR,ACTIVE,35873.00,per Annum,2080,35075.60,33,850.44,-1627.46
2021,841,DEPARTMENT OF TRANSPORTATION,2019-01-07T00:00:00.000,QUEENS,COMMUNITY COORDINATOR,CEASED,69826.00,per Annum,686,26241.51,84.75,4017.75,4362.81
2021,841,DEPARTMENT OF TRANSPORTATION,2015-11-23T00:00:00.000,MANHATTAN,CLERICAL ASSOCIATE,ACTIVE,46033.00,per Annum,1820,45903.45,0,0.00,1747.07
2021,841,DEPARTMENT OF TRANSPORTATION,2012-03-19T00:00:00.000,BROOKLYN,HIGHWAY REPAIRER,ACTIVE,380.64,per Day,2080,98966.40,122.5,8828.55,1172.56
2021,841,DEPARTMENT OF TRANSPORTATION,2018-07-02T00:00:00.000,MANHATTAN,CLERICAL ASSOCIATE,ACTIVE,49223.00,per Annum,1820,49084.57,0,0.04,1935.52
2021,841,DEPARTMENT OF TRANSPORTATION,2016-03-14T00:00:00.000,RICHMOND,ASSISTANT CITY HIGHWAY REPAIRER,ACTIVE,54589.00,per Annum,1472,40596.49,94.5,3737.63,6291.57
2021,841,DEPARTMENT OF TRANSPORTATION,2019-03-18T00:00:00.000,QUEENS,ASSISTANT CITY HIGHWAY REPAIRER,ACTIVE,26.15,per Hour,1528,36400.40,101.67,3496.53,10688.68
2021,841,DEPARTMENT OF TRANSPORTATION,2016-03-14T00:00:00.000,BROOKLYN,ASSISTANT CITY HIGHWAY REPAIRER,ACTIVE,54589.00,per Annum,1448,39968.89,10,392.71,3215.88
2021,841,DEPARTMENT OF TRANSPORTATION,2020-01-13T00:00:00.000,MANHATTAN,APPRENTICE INSPECTOR,ACTIVE,35873.00,per Annum,2080,34090.37,327.5,8066.06,1032.94
2021,841,DEPARTMENT OF TRANSPORTATION,2008-08-11T00:00:00.000,MANHATTAN,TRANSPORTATION SPECIALIST,ACTIVE,83981.00,per Annum,1820,83744.65,0,0.00,3778.98
2021,841,DEPARTMENT OF TRANSPORTATION,2019-10-07T00:00:00.000,MANHATTAN,TRAFFIC DEVICE MAINTAINER,ON LEAVE,53750.00,per Annum,1496,37828.77,47,1754.38,3399.30
2021,841,DEPARTMENT OF TRANSPORTATION,2019-08-19T00:00:00.000,BRONX,ASSISTANT CITY HIGHWAY REPAIRER,ACTIVE,22.73,per Hour,1504,34185.92,149.5,5159.80,2957.68
2021,841,DEPARTMENT OF TRANSPORTATION,1999-07-06T00:00:00.000,QUEENS,GASOLINE ROLLER ENGINEER-L15,ACTIVE,536.67,per Day,2080,139534.20,227.5,23596.15,55546.38
2021,841,DEPARTMENT OF TRANSPORTATION,1989-04-10T00:00:00.000,BROOKLYN,MOTOR GRADER OPERATOR,ACTIVE,482.17,per Day,2080,125364.20,360,33450.02,58931.49
2021,841,DEPARTMENT OF TRANSPORTATION,2017-10-16T00:00:00.000,MANHATTAN,ADMINISTRATIVE STAFF ANALYST,ACTIVE,210552.00,per Annum,1820,209959.46,0,0.00,-4033.55
2021,841,DEPARTMENT OF TRANSPORTATION,2014-06-30T00:00:00.000,QUEENS,GASOLINE ROLLER ENGINEER-L15,ACTIVE,67.08,per Hour,1504,100888.32,612,61981.92,42662.88
2021,841,DEPARTMENT OF TRANSPORTATION,2012-01-30T00:00:00.000,QUEENS,ELECTRICIAN,ACTIVE,427.35,per Day,1820,110977.00,720,65757.50,24904.92
2021,841,DEPARTMENT OF TRANSPORTATION,2007-03-26T00:00:00.000,MANHATTAN,ADMINISTRATIVE STAFF ANALYST,ACTIVE,104492.00,per Annum,1400,80150.35,102.75,6687.52,648.78
2021,841,DEPARTMENT OF TRANSPORTATION,2015-12-07T00:00:00.000,MANHATTAN,TELECOMMUNICATIONS ASSOCIATE,ACTIVE,27.24,per Hour,1743,47479.32,273.75,10041.40,2518.23
2021,841,DEPARTMENT OF TRANSPORTATION,2015-07-06T00:00:00.000,RICHMOND,ASSISTANT CITY HIGHWAY REPAIRER,ACTIVE,54589.00,per Annum,2112,55273.39,0,0.00,4783.25
2021,841,DEPARTMENT OF TRANSPORTATION,2019-08-26T00:00:00.000,MANHATTAN,ADMINISTRATIVE CITY PLANNER,ACTIVE,83981.00,per Annum,1820,83744.65,37,2270.00,423.00
2021,841,DEPARTMENT OF TRANSPORTATION,2016-04-11T00:00:00.000,QUEENS,ASSISTANT CIVIL ENGINEER,ACTIVE,84154.00,per Annum,1820,83917.03,150,9646.65,2688.48
2021,841,DEPARTMENT OF TRANSPORTATION,2009-08-03T00:00:00.000,MANHATTAN,ADMINISTRATIVE STAFF ANALYST,ACTIVE,195134.00,per Annum,1820,194584.73,0,0.00,-3738.20
2021,841,DEPARTMENT OF TRANSPORTATION,2018-12-03T00:00:00.000,QUEENS,TRAFFIC CONTROL INSPECTOR,ACTIVE,57419.00,per Annum,1820,57257.33,53.75,2065.83,960.51
2021,841,DEPARTMENT OF TRANSPORTATION,2017-02-13T00:00:00.000,MANHATTAN,ADMINISTRATIVE PROJECT MANAGER,ACTIVE,79709.00,per Annum,1820,79484.61,291.5,17754.07,103.54
2021,841,DEPARTMENT OF TRANSPORTATION,2012-06-11T00:00:00.000,QUEENS,TRAFFIC DEVICE MAINTAINER,ACTIVE,67044.00,per Annum,2080,56196.91,64.5,2615.13,1751.79
2021,841,DEPARTMENT OF TRANSPORTATION,2008-07-08T00:00:00.000,MANHATTAN,CITY PLANNER,ACTIVE,117391.00,per Annum,1820,117060.63,3.5,239.00,5351.64
2021,841,DEPARTMENT OF TRANSPORTATION,2004-12-05T00:00:00.000,MANHATTAN,PRINCIPAL ADMINISTRATIVE ASSOCIATE -  NON SUPVR,ACTIVE,36.95,per Hour,1743,63806.61,0,0.00,4638.13
2021,841,DEPARTMENT OF TRANSPORTATION,2006-04-17T00:00:00.000,RICHMOND,CHIEF MARINE ENGINEER,ACTIVE,68789.00,per Annum,1664,68595.33,1128,68221.44,3624.24
2021,841,DEPARTMENT OF TRANSPORTATION,2016-09-19T00:00:00.000,BROOKLYN,ELECTRICIAN,CEASED,373.03,per Day,0,0.00,0,0.00,1427.48
2021,841,DEPARTMENT OF TRANSPORTATION,2017-04-10T00:00:00.000,RICHMOND,MARINE OILER,ACTIVE,61555.00,per Annum,1496,55191.62,702.5,38026.79,3919.92
2021,841,DEPARTMENT OF TRANSPORTATION,2016-02-08T00:00:00.000,QUEENS,TRAFFIC DEVICE MAINTAINER,ACTIVE,64428.00,per Annum,2080,64246.64,207,9724.49,1331.43
2021,841,DEPARTMENT OF TRANSPORTATION,1999-03-28T00:00:00.000,QUEENS,CLERICAL ASSOCIATE,ACTIVE,34.43,per Hour,1750,60252.54,169.75,7092.18,9405.05
2021,841,DEPARTMENT OF TRANSPORTATION,2008-10-20T00:00:00.000,QUEENS,AUTO MECHANIC,ACTIVE,347.20,per Day,2080,90272.00,275,18118.48,1857.52
2021,841,DEPARTMENT OF TRANSPORTATION,2015-07-06T00:00:00.000,BROOKLYN,COMMUNITY COORDINATOR,ACTIVE,72836.00,per Annum,1820,72631.00,51,2157.31,1597.39
2021,841,DEPARTMENT OF TRANSPORTATION,2008-01-07T00:00:00.000,QUEENS,CITY PLANNER,ACTIVE,79571.00,per Annum,1820,79347.08,71,3321.07,4172.30
2021,841,DEPARTMENT OF TRANSPORTATION,1990-04-23T00:00:00.000,QUEENS,ADMINISTRATIVE TRANSPORTATION COORDINATOR,ACTIVE,141458.00,per Annum,1820,141059.94,0,0.00,-2709.90
2021,841,DEPARTMENT OF TRANSPORTATION,2012-03-19T00:00:00.000,RICHMOND,HIGHWAY REPAIRER,ACTIVE,380.64,per Day,2080,98966.40,364.5,27714.64,12461.26
2021,841,DEPARTMENT OF TRANSPORTATION,1988-10-03T00:00:00.000,RICHMOND,DECKHAND,ACTIVE,59253.00,per Annum,1664,54150.21,723,37676.27,4934.65
2021,841,DEPARTMENT OF TRANSPORTATION,1993-04-05T00:00:00.000,MANHATTAN,ADMINISTRATIVE PROCUREMENT ANALYST-NON-MGRL,ACTIVE,97154.00,per Annum,1820,96631.84,0,0.00,307.49
2021,841,DEPARTMENT OF TRANSPORTATION,2004-01-04T00:00:00.000,QUEENS,HIGHWAY REPAIRER,ACTIVE,380.64,per Day,2080,98966.40,131.5,9701.21,32896.17
2021,841,DEPARTMENT OF TRANSPORTATION,2006-04-17T00:00:00.000,RICHMOND,DECKHAND,ACTIVE,59253.00,per Annum,1664,59086.28,457.5,23840.40,4168.67
2021,841,DEPARTMENT OF TRANSPORTATION,1998-08-16T00:00:00.000,MANHATTAN,BRIDGE OPERATOR,ACTIVE,54224.00,per Annum,2080,54049.70,421.75,18834.86,14176.56
2021,841,DEPARTMENT OF TRANSPORTATION,1999-11-07T00:00:00.000,QUEENS,CITY ATTENDANT,ACTIVE,22.92,per Hour,1958,44877.36,103,4266.00,12009.20
2021,841,DEPARTMENT OF TRANSPORTATION,2008-03-10T00:00:00.000,MANHATTAN,SUPERVISOR OF TRAFFIC DEVICE MAINTAINERS,ACTIVE,73105.00,per Annum,1820,72899.30,654,34865.66,3181.59
2021,841,DEPARTMENT OF TRANSPORTATION,1996-10-15T00:00:00.000,QUEENS,ADMINISTRATIVE TRANSPORTATION COORDINATOR,ACTIVE,142901.00,per Annum,1820,142498.69,0,0.00,-2737.55
2021,841,DEPARTMENT OF TRANSPORTATION,2007-07-09T00:00:00.000,RICHMOND,CAPTAIN,ACTIVE,70926.00,per Annum,1664,70726.39,760,47393.60,4299.91
2021,841,DEPARTMENT OF TRANSPORTATION,2019-09-16T00:00:00.000,RICHMOND,DECKHAND,ACTIVE,51524.00,per Annum,1664,51378.91,316.5,14340.69,2907.36
2021,841,DEPARTMENT OF TRANSPORTATION,2006-10-16T00:00:00.000,MANHATTAN,HIGHWAYS AND SEWERS INSPECTOR,ACTIVE,65142.00,per Annum,2080,64819.28,27,1310.75,2928.22
2021,841,DEPARTMENT OF TRANSPORTATION,2019-04-29T00:00:00.000,QUEENS,ASSISTANT CITY HIGHWAY REPAIRER,ACTIVE,26.15,per Hour,1504,35034.09,360.5,12751.77,3932.27
2021,841,DEPARTMENT OF TRANSPORTATION,2008-06-30T00:00:00.000,QUEENS,MANAGEMENT AUDITOR,ACTIVE,88989.00,per Annum,1820,88738.61,0,0.00,8010.13
2021,841,DEPARTMENT OF TRANSPORTATION,2019-01-14T00:00:00.000,MANHATTAN,ADMINISTRATIVE MANAGEMENT AUDITOR,ACTIVE,152440.00,per Annum,1820,152010.86,0,0.00,-2920.30
2021,841,DEPARTMENT OF TRANSPORTATION,1997-10-29T00:00:00.000,QUEENS,TRANSPORTATION SPECIALIST,ACTIVE,65640.00,per Annum,1820,65455.28,37.5,1754.93,8759.60
2021,841,DEPARTMENT OF TRANSPORTATION,2009-08-03T00:00:00.000,MANHATTAN,CITY LABORER,ACTIVE,290.00,per Day,2080,75400.00,277.5,18251.90,1087.50
2021,841,DEPARTMENT OF TRANSPORTATION,2018-08-27T00:00:00.000,BRONX,ASSISTANT CITY HIGHWAY REPAIRER,ACTIVE,26.15,per Hour,1504,34185.92,449,15595.37,3229.58
2021,841,DEPARTMENT OF TRANSPORTATION,2007-01-02T00:00:00.000,QUEENS,CITY PARKING EQUIPMENT SERVICE WORKER,ACTIVE,43941.00,per Annum,2080,43817.37,131.5,4509.96,4395.26
2021,841,DEPARTMENT OF TRANSPORTATION,1993-07-06T00:00:00.000,QUEENS,HIGHWAY REPAIRER,ACTIVE,380.64,per Day,2080,98966.40,386,28954.59,7075.42
2021,841,DEPARTMENT OF TRANSPORTATION,2014-05-27T00:00:00.000,RICHMOND,DECKHAND,ACTIVE,59253.00,per Annum,1664,59086.28,1387.5,72303.43,3740.41
2021,841,DEPARTMENT OF TRANSPORTATION,2012-04-09T00:00:00.000,MANHATTAN,HIGHWAY REPAIRER,ON LEAVE,380.64,per Day,1120,38316.70,40,2592.35,3952.84
2021,841,DEPARTMENT OF TRANSPORTATION,2018-12-10T00:00:00.000,QUEENS,ADMINISTRATIVE STAFF ANALYST,ACTIVE,94346.00,per Annum,1820,94080.44,0,0.00,0.00
2021,841,DEPARTMENT OF TRANSPORTATION,2018-08-27T00:00:00.000,BRONX,ASSISTANT CITY HIGHWAY REPAIRER,ACTIVE,26.15,per Hour,2032,40235.62,73,2613.87,1409.86
2021,841,DEPARTMENT OF TRANSPORTATION,2016-11-28T00:00:00.000,RICHMOND,MARINE ENGINEER,CEASED,64231.00,per Annum,0,0.00,24,1355.52,1320.76
2021,841,DEPARTMENT OF TRANSPORTATION,2016-05-02T00:00:00.000,MANHATTAN,COMMUNITY COORDINATOR,ACTIVE,83981.00,per Annum,1820,83744.65,0,0.00,329.12
2021,841,DEPARTMENT OF TRANSPORTATION,2013-06-03T00:00:00.000,QUEENS,TRANSPORTATION SPECIALIST,ACTIVE,89608.00,per Annum,1820,89355.82,48,2682.50,2782.90
2021,841,DEPARTMENT OF TRANSPORTATION,1992-03-09T00:00:00.000,BROOKLYN,MOTOR GRADER OPERATOR,CEASED,482.17,per Day,1584,95473.50,0,0.00,0.00
2021,841,DEPARTMENT OF TRANSPORTATION,1996-09-08T00:00:00.000,QUEENS,SECRETARY,ACTIVE,19.19,per Hour,1295,24851.05,0,0.00,0.00
2021,841,DEPARTMENT OF TRANSPORTATION,2017-11-13T00:00:00.000,QUEENS,SUPERVISOR OF ELECTRICAL INSTALLATIONS & MAINTENANCE,ACTIVE,65640.00,per Annum,1820,65455.28,77.5,3632.60,1639.20
2021,841,DEPARTMENT OF TRANSPORTATION,1994-12-12T00:00:00.000,RICHMOND,MARINE OILER,ACTIVE,61555.00,per Annum,1664,61381.66,727,39353.31,4975.33
2021,841,DEPARTMENT OF TRANSPORTATION,2017-12-11T00:00:00.000,QUEENS,TRAFFIC DEVICE MAINTAINER,ACTIVE,64428.00,per Annum,2080,60783.33,8,355.24,1567.06
2021,841,DEPARTMENT OF TRANSPORTATION,2020-09-14T00:00:00.000,MANHATTAN,ASSOCIATE STAFF ANALYST,ACTIVE,81638.00,per Annum,1400,62626.40,0,0.00,41.75
2021,841,DEPARTMENT OF TRANSPORTATION,2019-04-08T00:00:00.000,MANHATTAN,CIVIL ENGINEERING INTERN,ACTIVE,62260.00,per Annum,1820,62084.64,0,0.00,163.85
2021,841,DEPARTMENT OF TRANSPORTATION,2006-04-10T00:00:00.000,RICHMOND,DECKHAND,ACTIVE,59253.00,per Annum,1664,59086.28,125,6514.51,5876.44
2021,841,DEPARTMENT OF TRANSPORTATION,2019-06-17T00:00:00.000,MANHATTAN,CIVIL ENGINEERING INTERN,ACTIVE,62260.00,per Annum,1820,62084.64,0,0.00,163.85
2021,841,DEPARTMENT OF TRANSPORTATION,2018-09-10T00:00:00.000,MANHATTAN,COMMUNITY COORDINATOR,ACTIVE,62215.00,per Annum,1820,62039.92,0,0.00,41.25
2021,841,DEPARTMENT OF TRANSPORTATION,2019-06-03T00:00:00.000,MANHATTAN,STAFF ANALYST,ACTIVE,60649.00,per Annum,1820,60478.23,27.5,975.10,0.00
2021,841,DEPARTMENT OF TRANSPORTATION,2002-10-27T00:00:00.000,RICHMOND,MARINE ENGINEER,ACTIVE,64231.00,per Annum,1664,64050.10,861.5,48657.52,689.20
2021,841,DEPARTMENT OF TRANSPORTATION,2019-10-07T00:00:00.000,BROOKLYN,BRIDGE REPAIRER AND RIVETER,ACTIVE,386.00,per Day,2080,100360.00,482,32762.12,275.09
2021,841,DEPARTMENT OF TRANSPORTATION,2013-11-12T00:00:00.000,MANHATTAN,TRANSPORTATION SPECIALIST,ON SEPARATION LEAVE,97054.00,per Annum,1820,96780.86,131.25,7171.35,1091.06
2021,841,DEPARTMENT OF TRANSPORTATION,2014-07-14T00:00:00.000,MANHATTAN,PRINCIPAL ADMINISTRATIVE ASSOCIATE -  NON SUPVR,ACTIVE,54531.00,per Annum,1820,53912.11,0,0.00,0.00
2021,841,DEPARTMENT OF TRANSPORTATION,1997-03-30T00:00:00.000,MANHATTAN,RESEARCH ASSISTANT,ACTIVE,68869.00,per Annum,1820,68675.15,0,0.00,3263.55
2021,841,DEPARTMENT OF TRANSPORTATION,2021-04-12T00:00:00.000,RICHMOND,SUPERVISING SPECIAL OFFICER,ACTIVE,56805.00,per Annum,400,10894.10,26.75,1091.59,375.36
2021,841,DEPARTMENT OF TRANSPORTATION,1993-04-12T00:00:00.000,BROOKLYN,BRIDGE PAINTER,CEASED,367.85,per Day,0,0.00,0,0.00,12379.52
2021,841,DEPARTMENT OF TRANSPORTATION,2017-04-03T00:00:00.000,QUEENS,TRAFFIC CONTROL INSPECTOR,ACTIVE,51991.00,per Annum,1820,51844.78,53.25,1785.07,2410.76
2021,841,DEPARTMENT OF TRANSPORTATION,2017-03-13T00:00:00.000,QUEENS,TRANSPORTATION SPECIALIST,ACTIVE,77921.00,per Annum,1820,77701.67,0,0.00,398.48
2021,841,DEPARTMENT OF TRANSPORTATION,2020-03-09T00:00:00.000,RICHMOND,DOCKBUILDER,ACTIVE,415.52,per Day,2080,96217.79,98.5,7568.89,2493.12
2021,841,DEPARTMENT OF TRANSPORTATION,1990-11-05T00:00:00.000,QUEENS,TRANSPORTATION SPECIALIST,ACTIVE,68891.00,per Annum,1820,68696.99,67.25,2846.63,7149.97
2021,841,DEPARTMENT OF TRANSPORTATION,2016-05-15T00:00:00.000,MANHATTAN,PRINCIPAL ADMINISTRATIVE ASSOCIATE -  NON SUPVR,ACTIVE,73450.00,per Annum,1820,72616.40,0,0.00,8.25
2021,841,DEPARTMENT OF TRANSPORTATION,2005-06-26T00:00:00.000,BRONX,HIGHWAY REPAIRER,ACTIVE,380.64,per Day,2080,98966.40,227.25,16472.98,1942.33
2021,841,DEPARTMENT OF TRANSPORTATION,2014-08-18T00:00:00.000,QUEENS,ADMINISTRATIVE STAFF ANALYST,ACTIVE,77951.00,per Annum,1820,77731.57,0,0.00,1665.42
2021,841,DEPARTMENT OF TRANSPORTATION,1990-07-30T00:00:00.000,BROOKLYN,ADM MANAGER-NON-MGRL,ACTIVE,72242.00,per Annum,1820,71153.22,0,0.00,1757.73
2021,841,DEPARTMENT OF TRANSPORTATION,2017-05-15T00:00:00.000,QUEENS,TRANSPORTATION SPECIALIST,ACTIVE,77921.00,per Annum,1820,77701.67,2,94.02,570.63
2021,841,DEPARTMENT OF TRANSPORTATION,2019-12-23T00:00:00.000,RICHMOND,DECKHAND,ACTIVE,51524.00,per Annum,1664,51378.91,749,33937.57,4634.03
2021,841,DEPARTMENT OF TRANSPORTATION,2016-03-14T00:00:00.000,MANHATTAN,ASSISTANT CITY HIGHWAY REPAIRER,ACTIVE,54589.00,per Annum,1472,40596.49,276,11036.95,11357.76
2021,841,DEPARTMENT OF TRANSPORTATION,1990-04-30T00:00:00.000,BROOKLYN,HIGHWAY REPAIRER,ACTIVE,380.64,per Day,2080,98966.40,225.25,16280.95,2300.60
2021,841,DEPARTMENT OF TRANSPORTATION,2006-09-05T00:00:00.000,MANHATTAN,SUPERVISOR BRICKLAYER,ACTIVE,423.71,per Day,1820,110164.60,803.5,65720.88,0.00
2021,841,DEPARTMENT OF TRANSPORTATION,2018-03-19T00:00:00.000,BRONX,ASSISTANT CITY HIGHWAY REPAIRER,ACTIVE,26.15,per Hour,1128,29497.21,55,2060.63,7939.37
2021,841,DEPARTMENT OF TRANSPORTATION,2018-12-10T00:00:00.000,MANHATTAN,COMMUNITY COORDINATOR,ACTIVE,64415.00,per Annum,1820,64233.64,0,0.00,0.00
2021,841,DEPARTMENT OF TRANSPORTATION,2000-08-30T00:00:00.000,QUEENS,ASSISTANT ELECTRICAL ENGINEER,ACTIVE,78944.00,per Annum,1820,78721.83,97,5287.60,7083.12
2021,841,DEPARTMENT OF TRANSPORTATION,1996-11-03T00:00:00.000,BRONX,AREA SUPERVISOR,ACTIVE,114730.00,per Annum,2080,114287.33,543.5,46495.20,16415.71
2021,841,DEPARTMENT OF TRANSPORTATION,2019-09-09T00:00:00.000,QUEENS,TRAFFIC DEVICE MAINTAINER,ACTIVE,53750.00,per Annum,2080,53065.55,188.5,7539.22,2744.73
2021,841,DEPARTMENT OF TRANSPORTATION,2015-06-29T00:00:00.000,MANHATTAN,ASSISTANT CITY HIGHWAY REPAIRER,ACTIVE,54589.00,per Annum,1600,54437.03,113,4555.54,3989.06
2021,841,DEPARTMENT OF TRANSPORTATION,2019-06-10T00:00:00.000,MANHATTAN,PRINCIPAL ADMINISTRATIVE ASSOCIATE -  NON SUPVR,ACTIVE,53712.00,per Annum,1820,53102.53,0,0.00,3515.35
2021,841,DEPARTMENT OF TRANSPORTATION,2017-11-27T00:00:00.000,MANHATTAN,COMMUNITY COORDINATOR,ACTIVE,62215.00,per Annum,1820,62039.92,32,1328.08,95.55
2021,841,DEPARTMENT OF TRANSPORTATION,1985-06-03T00:00:00.000,BROOKLYN,SUPERVISOR HIGHWAY REPAIRER,CEASED,327.36,per Day,0,0.00,0,0.00,10028.29
2021,841,DEPARTMENT OF TRANSPORTATION,2005-04-17T00:00:00.000,QUEENS,ASSOCIATE INVESTIGATOR,CEASED,57030.00,per Annum,0,-1312.45,0,0.00,1312.45
2021,841,DEPARTMENT OF TRANSPORTATION,2008-03-17T00:00:00.000,QUEENS,HIGHWAY REPAIRER,ACTIVE,380.64,per Day,2080,97443.84,270,19356.89,1311.68
2021,841,DEPARTMENT OF TRANSPORTATION,1998-08-23T00:00:00.000,MANHATTAN,CIVIL ENGINEER,CEASED,117348.00,per Annum,0,0.00,0,0.00,156.75
2021,841,DEPARTMENT OF TRANSPORTATION,2007-07-09T00:00:00.000,MANHATTAN,ADM MANAGER-NON-MGRL,ACTIVE,72242.00,per Annum,1820,71153.22,0,0.00,1757.73
2021,841,DEPARTMENT OF TRANSPORTATION,2019-08-26T00:00:00.000,BROOKLYN,ASSISTANT CITY HIGHWAY REPAIRER,ACTIVE,22.73,per Hour,1504,34185.93,42.5,1454.20,4398.65
2021,841,DEPARTMENT OF TRANSPORTATION,2019-12-23T00:00:00.000,QUEENS,TRAFFIC DEVICE MAINTAINER,ON LEAVE,51317.00,per Annum,1674.28,21125.75,0,0.00,605.93
2021,841,DEPARTMENT OF TRANSPORTATION,2019-05-06T00:00:00.000,MANHATTAN,CLERICAL ASSOCIATE,ACTIVE,46019.00,per Annum,1820,40134.61,0,0.00,0.00
2021,841,DEPARTMENT OF TRANSPORTATION,2018-08-27T00:00:00.000,MANHATTAN,ADMINISTRATIVE STAFF ANALYST,ACTIVE,89813.00,per Annum,1820,89560.16,8.75,436.29,0.00
2021,841,DEPARTMENT OF TRANSPORTATION,2005-08-21T00:00:00.000,QUEENS,AUTO MECHANIC,ACTIVE,347.20,per Day,2080,90272.00,516.5,34150.46,2098.39
2021,841,DEPARTMENT OF TRANSPORTATION,2003-11-16T00:00:00.000,QUEENS,ELECTRICIAN,ACTIVE,427.35,per Day,1820,110977.00,445,40720.72,28067.12
2021,841,DEPARTMENT OF TRANSPORTATION,2019-03-18T00:00:00.000,BROOKLYN,ASSISTANT CITY HIGHWAY REPAIRER,ACTIVE,26.15,per Hour,1504,35854.88,16.5,562.58,8802.76
2021,841,DEPARTMENT OF TRANSPORTATION,2001-08-12T00:00:00.000,QUEENS,SUPERVISOR OF TRAFFIC DEVICE MAINTAINERS LEVEL 1 ONLY,ACTIVE,73638.00,per Annum,2080,73190.61,309.5,18321.78,10854.40
2021,841,DEPARTMENT OF TRANSPORTATION,1989-09-11T00:00:00.000,BROOKLYN,SUPERVISOR BRIDGE PAINTER,CEASED,355.53,per Day,0,0.00,0,0.00,9850.71
2021,841,DEPARTMENT OF TRANSPORTATION,1995-08-11T00:00:00.000,QUEENS,CARPENTER,ACTIVE,375.06,per Day,1820,97187.99,226.75,18726.96,2303.94
2021,841,DEPARTMENT OF TRANSPORTATION,2002-09-29T00:00:00.000,MANHATTAN,ADMINISTRATIVE ENGINEER,ACTIVE,117374.00,per Annum,1820,117043.73,0,33.38,511.37
2021,841,DEPARTMENT OF TRANSPORTATION,2019-01-21T00:00:00.000,MANHATTAN,*CERTIFIED DATABASE ADMINISTRATOR,ACTIVE,121564.00,per Annum,1820,121221.88,0,0.00,5646.51
2021,841,DEPARTMENT OF TRANSPORTATION,2016-09-19T00:00:00.000,QUEENS,ASSISTANT CITY HIGHWAY REPAIRER,ACTIVE,26.15,per Hour,1456.5,38087.57,130.5,5043.58,2624.48
2021,841,DEPARTMENT OF TRANSPORTATION,2007-05-21T00:00:00.000,MANHATTAN,HIGHWAYS AND SEWERS INSPECTOR,ACTIVE,72000.00,per Annum,2080,71150.21,1,53.11,2429.58
2021,841,DEPARTMENT OF TRANSPORTATION,2019-01-07T00:00:00.000,MANHATTAN,CLERICAL ASSOCIATE,ACTIVE,46019.00,per Annum,1820,45889.42,0,0.00,0.00
2021,841,DEPARTMENT OF TRANSPORTATION,1993-05-24T00:00:00.000,RICHMOND,SUPERVISOR HIGHWAY REPAIRER,CEASED,399.68,per Day,0,0.00,0,0.00,6529.35
2021,841,DEPARTMENT OF TRANSPORTATION,2009-09-14T00:00:00.000,MANHATTAN,ADMINISTRATIVE ENGINEER,ACTIVE,111673.00,per Annum,1820,111358.73,88,5422.58,586.15
2021,841,DEPARTMENT OF TRANSPORTATION,2007-07-09T00:00:00.000,MANHATTAN,TRANSPORTATION SPECIALIST,ACTIVE,86450.00,per Annum,1820,86206.67,0,0.00,3768.40
2021,841,DEPARTMENT OF TRANSPORTATION,1992-01-15T00:00:00.000,QUEENS,ADMINISTRATIVE ENGINEER,ACTIVE,118526.00,per Annum,1820,118192.34,109.5,8240.42,585.58
2021,841,DEPARTMENT OF TRANSPORTATION,2017-10-30T00:00:00.000,QUEENS,RADIO REPAIR MECHANIC,ACTIVE,421.68,per Day,2080,109636.80,104.75,8282.06,53.82
2021,841,DEPARTMENT OF TRANSPORTATION,1979-10-01T00:00:00.000,QUEENS,SUPERVISOR OF MECHANICS,ACTIVE,148202.00,per Annum,2080,147784.86,290,31320.93,3017.47
2021,841,DEPARTMENT OF TRANSPORTATION,1992-02-21T00:00:00.000,QUEENS,ADM MANAGER-NON-MGRL,ACTIVE,126970.00,per Annum,1820,125416.53,0,0.00,392.75
2021,841,DEPARTMENT OF TRANSPORTATION,1989-09-11T00:00:00.000,QUEENS,ADMINISTRATIVE SUPERINTENDENT OF HIGHWAY OPERATIONS,ACTIVE,128677.00,per Annum,1820,128314.93,0,0.00,-2465.10
2021,841,DEPARTMENT OF TRANSPORTATION,2008-05-19T00:00:00.000,MANHATTAN,SUPERVISOR HIGHWAY REPAIRER,ACTIVE,399.68,per Day,2080,103916.80,377.75,30115.90,8580.25
2021,841,DEPARTMENT OF TRANSPORTATION,2012-12-17T00:00:00.000,BROOKLYN,GASOLINE ROLLER ENGINEER-L15,ACTIVE,67.08,per Hour,1504,100888.32,193,19704.75,22656.27
2021,841,DEPARTMENT OF TRANSPORTATION,2018-08-20T00:00:00.000,QUEENS,CITY PARKING EQUIPMENT SERVICE WORKER,ACTIVE,41612.00,per Annum,2080,35654.80,32,876.88,1076.45
2021,841,DEPARTMENT OF TRANSPORTATION,2007-03-12T00:00:00.000,BROOKLYN,HIGHWAY REPAIRER,ACTIVE,380.64,per Day,2080,98966.40,776,56152.76,3502.28
2021,841,DEPARTMENT OF TRANSPORTATION,2006-07-03T00:00:00.000,BRONX,CLERICAL ASSOCIATE,ACTIVE,41848.00,per Annum,1820,41294.58,68.75,2146.37,2933.36
2021,841,DEPARTMENT OF TRANSPORTATION,2014-07-21T00:00:00.000,QUEENS,CLERICAL ASSOCIATE,ACTIVE,46019.00,per Annum,1820,45889.42,0,0.00,638.16
2021,841,DEPARTMENT OF TRANSPORTATION,2016-06-27T00:00:00.000,QUEENS,CLERICAL ASSOCIATE,ACTIVE,46019.00,per Annum,1820,45889.42,0,0.00,790.56
2021,841,DEPARTMENT OF TRANSPORTATION,2017-07-17T00:00:00.000,BROOKLYN,ASSISTANT CITY HIGHWAY REPAIRER,ON LEAVE,26.15,per Hour,1384,36191.60,88.5,3544.66,6980.39
2021,841,DEPARTMENT OF TRANSPORTATION,2015-08-10T00:00:00.000,RICHMOND,MATE,ACTIVE,57875.00,per Annum,1664,62836.75,616,34133.16,2148.86
2021,841,DEPARTMENT OF TRANSPORTATION,2018-08-20T00:00:00.000,QUEENS,AUTO MECHANIC,ACTIVE,347.20,per Day,2080,89252.62,120,7942.24,2035.55
2021,841,DEPARTMENT OF TRANSPORTATION,2019-03-25T00:00:00.000,QUEENS,TRACTOR OPERATOR,ACTIVE,60.27,per Hour,1476,88958.52,246.5,29713.11,5544.84
2021,841,DEPARTMENT OF TRANSPORTATION,2005-07-17T00:00:00.000,QUEENS,SUPERVISOR HIGHWAY REPAIRER,ACTIVE,399.68,per Day,2080,103916.80,326,27159.90,33044.61
2021,841,DEPARTMENT OF TRANSPORTATION,2018-03-19T00:00:00.000,BRONX,ASSISTANT CITY HIGHWAY REPAIRER,ACTIVE,26.15,per Hour,1416,37028.42,357,14044.47,4137.27
2021,841,DEPARTMENT OF TRANSPORTATION,2014-05-27T00:00:00.000,QUEENS,TRAFFIC CONTROL INSPECTOR,ACTIVE,51991.00,per Annum,1820,51844.78,0,4.99,3182.46
2021,841,DEPARTMENT OF TRANSPORTATION,2012-07-16T00:00:00.000,QUEENS,TRAFFIC CONTROL INSPECTOR,ACTIVE,51991.00,per Annum,1820,51844.78,0,11.75,2505.16
2021,841,DEPARTMENT OF TRANSPORTATION,2016-03-14T00:00:00.000,QUEENS,ASSISTANT CITY HIGHWAY REPAIRER,ACTIVE,54589.00,per Annum,1472,40596.49,46.5,1825.01,11688.94
2021,841,DEPARTMENT OF TRANSPORTATION,1984-12-03T00:00:00.000,MANHATTAN,ADMINISTRATIVE STAFF ANALYST,ACTIVE,100192.00,per Annum,1820,99909.98,0,0.00,3431.23
2021,841,DEPARTMENT OF TRANSPORTATION,2014-12-15T00:00:00.000,MANHATTAN,ASSOCIATE PROJECT MANAGER,ACTIVE,107941.00,per Annum,1820,107637.13,0,0.00,4699.79
2021,841,DEPARTMENT OF TRANSPORTATION,2007-04-30T00:00:00.000,MANHATTAN,CITY PLANNER,ACTIVE,92853.00,per Annum,1820,92591.54,0,1.45,5574.40
2021,841,DEPARTMENT OF TRANSPORTATION,2005-08-21T00:00:00.000,QUEENS,SUPERVISOR OF MECHANICS,ACTIVE,117666.00,per Annum,2080,91313.22,281,18496.07,1939.98
2021,841,DEPARTMENT OF TRANSPORTATION,2018-02-26T00:00:00.000,QUEENS,SUPERVISOR OF ELECTRICAL INSTALLATIONS & MAINTENANCE,ACTIVE,65640.00,per Annum,1820,65455.28,55,2697.73,2118.32
2021,841,DEPARTMENT OF TRANSPORTATION,2004-07-27T00:00:00.000,QUEENS,ASSISTANT CITY HIGHWAY REPAIRER,ACTIVE,54589.00,per Annum,2080,54435.24,276.5,11595.51,3914.80
2021,841,DEPARTMENT OF TRANSPORTATION,2018-01-16T00:00:00.000,MANHATTAN,ASSISTANT TRANSPORTATION SPECIALIST,ACTIVE,66950.00,per Annum,1820,66761.68,60,2883.86,263.45
2021,841,DEPARTMENT OF TRANSPORTATION,2013-02-25T00:00:00.000,RICHMOND,DECKHAND,ACTIVE,59253.00,per Annum,1664,59086.28,710.5,38246.26,7359.81
2021,841,DEPARTMENT OF TRANSPORTATION,2021-05-24T00:00:00.000,BRONX,ASSISTANT CITY HIGHWAY REPAIRER,ACTIVE,22.73,per Hour,112,2545.76,40,1387.62,240.99
2021,841,DEPARTMENT OF TRANSPORTATION,1982-06-21T00:00:00.000,QUEENS,ADMINISTRATIVE STAFF ANALYST,CEASED,142255.00,per Annum,56,4353.23,0,0.00,51.86
2021,841,DEPARTMENT OF TRANSPORTATION,1986-06-23T00:00:00.000,BRONX,SUPERVISOR HIGHWAY REPAIRER,CEASED,354.24,per Day,0,0.00,0,0.00,12956.67
2021,841,DEPARTMENT OF TRANSPORTATION,2018-10-29T00:00:00.000,MANHATTAN,COLLEGE AIDE - ASSIGNMENT LEVELS II AND III,ON LEAVE,21.38,per Hour,607.13,12980.65,0,0.00,0.00
2021,841,DEPARTMENT OF TRANSPORTATION,1981-06-08T00:00:00.000,MANHATTAN,ADM MANAGER-NON-MGRL,ACTIVE,81212.00,per Annum,1820,80290.30,310.75,15785.34,1757.73
2021,841,DEPARTMENT OF TRANSPORTATION,1988-04-25T00:00:00.000,RICHMOND,DECKHAND,ACTIVE,59253.00,per Annum,1664,59086.28,490,25533.98,4753.88
2021,841,DEPARTMENT OF TRANSPORTATION,2019-07-22T00:00:00.000,MANHATTAN,NEW YORK CITY PUBLIC SERVICE FELLOW,ACTIVE,52659.00,per Annum,1820,52510.85,903.75,35498.90,149.76
2021,841,DEPARTMENT OF TRANSPORTATION,2004-02-09T00:00:00.000,MANHATTAN,EXECUTIVE AGENCY COUNSEL,ACTIVE,167066.00,per Annum,1820,138819.89,0,0.00,8234.51
2021,841,DEPARTMENT OF TRANSPORTATION,2016-07-25T00:00:00.000,RICHMOND,HIGH PRESSURE PLANT TENDER,ACTIVE,300.80,per Day,1944,77736.16,963,57665.64,10933.06
2021,841,DEPARTMENT OF TRANSPORTATION,2016-07-04T00:00:00.000,BROOKLYN,BRIDGE REPAIRER AND RIVETER,ACTIVE,386.00,per Day,2080,100360.00,543.5,36838.97,8677.87
2021,841,DEPARTMENT OF TRANSPORTATION,2017-11-13T00:00:00.000,BROOKLYN,GASOLINE ROLLER ENGINEER-L15,ACTIVE,67.08,per Hour,1504,100888.32,211.5,21633.30,22387.95
2021,841,DEPARTMENT OF TRANSPORTATION,2014-06-16T00:00:00.000,RICHMOND,MARINE OILER,ACTIVE,61555.00,per Annum,1664,61381.66,487,26361.33,1995.45
2021,841,DEPARTMENT OF TRANSPORTATION,2010-07-26T00:00:00.000,MANHATTAN,BRIDGE REPAIRER AND RIVETER,ACTIVE,386.00,per Day,2080,100360.00,334.5,23341.26,1584.99
2021,841,DEPARTMENT OF TRANSPORTATION,2008-03-17T00:00:00.000,BROOKLYN,HIGHWAY REPAIRER,ACTIVE,380.64,per Day,2080,98966.40,329,23746.99,2672.83
2021,868,DEPT OF CITYWIDE ADMIN SVCS,2012-11-13T00:00:00.000,MANHATTAN,QUALITY ASSURANCE SPECIALIST,ACTIVE,63181.00,per Annum,1820,62841.98,18.25,794.33,5.19
2021,868,DEPT OF CITYWIDE ADMIN SVCS,2017-11-13T00:00:00.000,BROOKLYN,OILER,ACTIVE,478.00,per Day,2080,124280.00,396.25,35531.83,12099.90
2021,868,DEPT OF CITYWIDE ADMIN SVCS,2005-12-19T00:00:00.000,MANHATTAN,MAINTENANCE WORKER,ACTIVE,249.28,per Day,2080,64812.80,1273.5,59523.48,2208.47
2021,868,DEPT OF CITYWIDE ADMIN SVCS,2014-03-10T00:00:00.000,QUEENS,SENIOR STATIONARY ENGINEER,ACTIVE,581.12,per Day,2080,151091.20,227.5,24207.28,1000.00
2021,868,DEPT OF CITYWIDE ADMIN SVCS,2016-06-27T00:00:00.000,MANHATTAN,SPECIAL OFFICER,ACTIVE,50207.00,per Annum,2000,48119.98,167.75,6057.65,1657.43
2021,868,DEPT OF CITYWIDE ADMIN SVCS,1996-06-23T00:00:00.000,MANHATTAN,ARCHITECT,ACTIVE,97495.00,per Annum,1820,97220.49,0,0.00,10371.69
2021,868,DEPT OF CITYWIDE ADMIN SVCS,2008-06-30T00:00:00.000,MANHATTAN,ADM MANAGER-NON-MGRL,ACTIVE,79171.00,per Annum,1820,78272.44,0,0.00,760.45
2021,868,DEPT OF CITYWIDE ADMIN SVCS,2002-12-03T00:00:00.000,BROOKLYN,PLUMBER,ACTIVE,369.53,per Day,1820,96077.80,766.5,80927.07,3167.40
2021,868,DEPT OF CITYWIDE ADMIN SVCS,2019-08-05T00:00:00.000,MANHATTAN,ASBESTOS HANDLER,ACTIVE,75814.00,per Annum,2080,75570.35,69.25,3771.63,83.25
2021,868,DEPT OF CITYWIDE ADMIN SVCS,2004-02-08T00:00:00.000,BROOKLYN,CARPENTER,ACTIVE,375.06,per Day,1820,97187.99,948.75,76576.44,2893.32
2021,868,DEPT OF CITYWIDE ADMIN SVCS,2010-03-15T00:00:00.000,MANHATTAN,ADMINISTRATIVE STAFF ANALYST,ACTIVE,76835.00,per Annum,1820,77570.45,0,53.10,1615.56
2021,868,DEPT OF CITYWIDE ADMIN SVCS,2015-09-21T00:00:00.000,MANHATTAN,DEPUTY ASSISTANT COMMISSIONER,ACTIVE,79665.00,per Annum,1820,79440.68,0,0.00,-1526.15
2021,868,DEPT OF CITYWIDE ADMIN SVCS,2015-11-23T00:00:00.000,MANHATTAN,CLERICAL ASSOCIATE,ACTIVE,60302.00,per Annum,1820,60132.19,0,0.19,2816.45
2021,868,DEPT OF CITYWIDE ADMIN SVCS,2014-06-09T00:00:00.000,MANHATTAN,COMPUTER ASSOCIATE,ACTIVE,68048.00,per Annum,1820,67856.46,0,0.00,5282.72
2021,868,DEPT OF CITYWIDE ADMIN SVCS,2018-08-13T00:00:00.000,MANHATTAN,COLLEGE AIDE,ACTIVE,17.00,per Hour,598.25,10170.25,0,0.00,0.00
2021,868,DEPT OF CITYWIDE ADMIN SVCS,2019-01-22T00:00:00.000,BRONX,CITY SECURITY AIDE,ACTIVE,40284.00,per Annum,2080,40170.63,378.25,11273.63,4408.50
2021,868,DEPT OF CITYWIDE ADMIN SVCS,2003-10-19T00:00:00.000,BRONX,CITY CUSTODIAL ASSISTANT,ACTIVE,36958.00,per Annum,1840,32601.35,314.75,9281.31,3923.96
2021,868,DEPT OF CITYWIDE ADMIN SVCS,2002-04-28T00:00:00.000,MANHATTAN,QUALITY ASSURANCE SPECIALIST,ACTIVE,63377.00,per Annum,1820,63036.94,214,8433.76,1985.35
2021,868,DEPT OF CITYWIDE ADMIN SVCS,2002-05-23T00:00:00.000,MANHATTAN,COMMUNITY ASSOCIATE,ACTIVE,44111.00,per Annum,1820,43986.88,0,0.00,1491.98
2021,868,DEPT OF CITYWIDE ADMIN SVCS,2019-01-07T00:00:00.000,MANHATTAN,AUTO MECHANIC,ACTIVE,309.20,per Day,2080,78818.46,2,115.96,825.04
2021,868,DEPT OF CITYWIDE ADMIN SVCS,1996-06-23T00:00:00.000,MANHATTAN,CUSTODIAN,ACTIVE,52006.00,per Annum,2080,51838.72,400.25,16248.29,5089.17
2021,868,DEPT OF CITYWIDE ADMIN SVCS,1986-07-01T00:00:00.000,MANHATTAN,ADMIN COMMUNITY RELATIONS SPECIALIST,ON SEPARATION LEAVE,85162.00,per Annum,1820,84922.36,0,0.00,5451.53
2021,868,DEPT OF CITYWIDE ADMIN SVCS,2016-01-25T00:00:00.000,MANHATTAN,CONFIDENTIAL STRATEGY PLANNER,ACTIVE,92105.00,per Annum,1820,83817.52,110,6530.81,0.00
2021,868,DEPT OF CITYWIDE ADMIN SVCS,1996-06-23T00:00:00.000,MANHATTAN,ADM MANAGER-NON-MGRL,ACTIVE,72242.00,per Annum,1820,71422.09,0,0.00,1757.73
2021,868,DEPT OF CITYWIDE ADMIN SVCS,2005-06-05T00:00:00.000,RICHMOND,CUSTODIAN,ON SEPARATION LEAVE,38749.00,per Annum,2080,38624.44,38,1071.46,468.54
2021,868,DEPT OF CITYWIDE ADMIN SVCS,2015-08-24T00:00:00.000,MANHATTAN,CUSTODIAN,ACTIVE,38266.00,per Annum,2080,38143.14,69.5,1910.55,0.00
2021,868,DEPT OF CITYWIDE ADMIN SVCS,2021-06-07T00:00:00.000,QUEENS,STOCK WORKER,ACTIVE,33454.00,per Annum,70,1283.17,0,0.00,0.00
2021,868,DEPT OF CITYWIDE ADMIN SVCS,2017-09-05T00:00:00.000,BROOKLYN,HIGH PRESSURE PLANT TENDER,ACTIVE,300.80,per Day,2080,82715.98,221,14158.26,5066.27
2021,868,DEPT OF CITYWIDE ADMIN SVCS,2019-11-12T00:00:00.000,MANHATTAN,CONFIDENTIAL STRATEGY PLANNER,ACTIVE,90000.00,per Annum,1820,89746.57,0,0.00,33.00
2021,868,DEPT OF CITYWIDE ADMIN SVCS,2005-08-28T00:00:00.000,MANHATTAN,CITY CUSTODIAL ASSISTANT,ACTIVE,36915.00,per Annum,2080,36811.16,1,28.52,2778.15
2021,868,DEPT OF CITYWIDE ADMIN SVCS,2016-03-21T00:00:00.000,BRONX,COMMUNITY ASSOCIATE,ACTIVE,57536.00,per Annum,1820,57374.05,175,5628.92,346.42
2021,868,DEPT OF CITYWIDE ADMIN SVCS,1996-06-23T00:00:00.000,MANHATTAN,ADMIN TESTS & MEAS SPEC,CEASED,112673.00,per Annum,0,0.00,0,0.00,89810.10
2021,868,DEPT OF CITYWIDE ADMIN SVCS,1996-06-23T00:00:00.000,MANHATTAN,ADM MANAGER-NON-MGRL,ACTIVE,76270.00,per Annum,1820,75404.36,19,1037.15,1757.73
2021,868,DEPT OF CITYWIDE ADMIN SVCS,2019-02-19T00:00:00.000,MANHATTAN,STRATEGIC INITIATIVE SPECIALIST,ACTIVE,100000.00,per Annum,1820,79388.07,5.5,217.06,0.00
2021,868,DEPT OF CITYWIDE ADMIN SVCS,2016-08-08T00:00:00.000,BROOKLYN,HIGH PRESSURE PLANT TENDER,ACTIVE,300.80,per Day,2080,82751.06,239,15742.32,4542.58
2021,868,DEPT OF CITYWIDE ADMIN SVCS,2017-05-15T00:00:00.000,BRONX,THERMOSTAT REPAIRER,ACTIVE,369.53,per Day,1820,96077.80,91,9607.78,791.85
2021,868,DEPT OF CITYWIDE ADMIN SVCS,2015-08-31T00:00:00.000,MANHATTAN,CONFIDENTIAL STRATEGY PLANNER,ACTIVE,79181.00,per Annum,1820,78958.16,0,0.00,49.50
2021,868,DEPT OF CITYWIDE ADMIN SVCS,2010-08-02T00:00:00.000,MANHATTAN,COMMUNITY ASSOCIATE,ACTIVE,65.23,per Hour,20,1304.60,0,0.00,0.00
2021,868,DEPT OF CITYWIDE ADMIN SVCS,2016-07-10T00:00:00.000,BROOKLYN,STAFF ANALYST,ACTIVE,57590.00,per Annum,1820,57427.87,12,427.11,5451.53
2021,868,DEPT OF CITYWIDE ADMIN SVCS,2007-03-05T00:00:00.000,MANHATTAN,PRINCIPAL ADMINISTRATIVE ASSOCIATE -  NON SUPVR,ACTIVE,87329.00,per Annum,1820,86337.72,0,0.00,4315.18
2021,868,DEPT OF CITYWIDE ADMIN SVCS,2018-12-10T00:00:00.000,MANHATTAN,COMMUNITY ASSOCIATE,ACTIVE,51500.00,per Annum,651,18370.66,2,56.38,2329.61
2021,868,DEPT OF CITYWIDE ADMIN SVCS,2017-06-19T00:00:00.000,MANHATTAN,ADMINISTRATIVE PROJECT MANAGER,ACTIVE,185000.00,per Annum,1820,184479.29,0,0.00,-3544.05
2021,868,DEPT OF CITYWIDE ADMIN SVCS,2017-01-03T00:00:00.000,MANHATTAN,STAFF ANALYST,ACTIVE,62943.00,per Annum,1820,62765.79,0,0.00,1000.00
2021,868,DEPT OF CITYWIDE ADMIN SVCS,2006-11-13T00:00:00.000,BROOKLYN,SUPERVISOR PAINTER,ACTIVE,334.32,per Day,1820,86923.20,1027,73574.28,12870.98
2021,868,DEPT OF CITYWIDE ADMIN SVCS,1996-06-23T00:00:00.000,BROOKLYN,CHAUFFEUR-ATTENDANT,CEASED,59949.00,per Annum,-80,-2293.13,0,0.00,0.00
2021,868,DEPT OF CITYWIDE ADMIN SVCS,2020-03-02T00:00:00.000,MANHATTAN,CITY RESEARCH SCIENTIST,ACTIVE,64140.00,per Annum,1820,63959.36,0,0.00,64.23
2021,868,DEPT OF CITYWIDE ADMIN SVCS,1998-03-22T00:00:00.000,MANHATTAN,CLERICAL ASSOCIATE,ACTIVE,49025.00,per Annum,1820,48886.99,0,0.00,5205.50
2021,868,DEPT OF CITYWIDE ADMIN SVCS,2016-05-31T00:00:00.000,BRONX,SPECIAL OFFICER,ACTIVE,50207.00,per Annum,2080,50045.76,73.75,2651.63,1500.00
2021,868,DEPT OF CITYWIDE ADMIN SVCS,2006-06-25T00:00:00.000,QUEENS,CUSTODIAN,ACTIVE,51888.00,per Annum,2080,51720.87,68.25,2569.23,797.63
2021,868,DEPT OF CITYWIDE ADMIN SVCS,2019-08-19T00:00:00.000,MANHATTAN,NEW YORK CITY FELLOW,ACTIVE,30.28,per Hour,1819.75,55102.03,0,0.00,0.00
2021,868,DEPT OF CITYWIDE ADMIN SVCS,2006-12-18T00:00:00.000,BROOKLYN,CUSTODIAN,ACTIVE,41102.00,per Annum,2080,40970.08,957.75,28259.25,170.65
2021,868,DEPT OF CITYWIDE ADMIN SVCS,2015-09-08T00:00:00.000,MANHATTAN,ACCOUNTANT,ACTIVE,87000.00,per Annum,1820,86755.22,0,0.00,2366.35
2021,868,DEPT OF CITYWIDE ADMIN SVCS,2018-08-06T00:00:00.000,MANHATTAN,ASSOCIATE PROJECT MANAGER,ACTIVE,88467.00,per Annum,1820,88217.88,0,0.00,29.46
2021,868,DEPT OF CITYWIDE ADMIN SVCS,2012-09-10T00:00:00.000,MANHATTAN,ADMINISTRATIVE STAFF ANALYST,ACTIVE,145000.00,per Annum,1820,144400.53,0,0.00,2093.81
2021,868,DEPT OF CITYWIDE ADMIN SVCS,2017-05-15T00:00:00.000,BRONX,CITY SECURITY AIDE,ACTIVE,40284.00,per Annum,2080,40170.63,141.25,4087.75,2824.32
2021,868,DEPT OF CITYWIDE ADMIN SVCS,2019-11-25T00:00:00.000,MANHATTAN,SPECIAL OFFICER,ACTIVE,50207.00,per Annum,2080,41562.52,63,2394.82,3115.19
2021,868,DEPT OF CITYWIDE ADMIN SVCS,2019-11-18T00:00:00.000,MANHATTAN,PRINCIPAL ADMINISTRATIVE ASSOCIATE -  NON SUPVR,ACTIVE,47418.00,per Annum,1820,46879.74,0,0.00,100.35
2021,868,DEPT OF CITYWIDE ADMIN SVCS,2004-09-19T00:00:00.000,BROOKLYN,SENIOR STATIONARY ENGINEER,ACTIVE,581.12,per Day,2080,147677.12,198.25,21392.48,0.00
2021,868,DEPT OF CITYWIDE ADMIN SVCS,2003-08-24T00:00:00.000,BROOKLYN,STATIONARY ENGINEER,ACTIVE,508.80,per Day,2080,126590.00,289,26730.50,13241.69
2021,868,DEPT OF CITYWIDE ADMIN SVCS,2012-02-13T00:00:00.000,MANHATTAN,STATIONARY ENGINEER,ACTIVE,508.80,per Day,2080,132288.00,202,19294.65,12895.45
2021,868,DEPT OF CITYWIDE ADMIN SVCS,2005-05-08T00:00:00.000,BROOKLYN,CUSTODIAN,ACTIVE,53712.00,per Annum,2080,53539.54,1229.75,47884.65,2259.41
2021,868,DEPT OF CITYWIDE ADMIN SVCS,2017-04-17T00:00:00.000,MANHATTAN,DEPUTY ASSISTANT COMMISSIONER,ACTIVE,100940.00,per Annum,1820,100655.86,0,0.00,-1933.70
2021,868,DEPT OF CITYWIDE ADMIN SVCS,1996-06-23T00:00:00.000,MANHATTAN,ASSOCIATE PROJECT MANAGER,ACTIVE,103824.00,per Annum,1820,103531.77,0,0.00,8506.86
2021,868,DEPT OF CITYWIDE ADMIN SVCS,2001-07-01T00:00:00.000,MANHATTAN,COMPUTER SPECIALIST,ACTIVE,118424.00,per Annum,1820,118090.68,20,1354.25,5356.69
2021,868,DEPT OF CITYWIDE ADMIN SVCS,2008-09-15T00:00:00.000,BROOKLYN,CARPENTER,ACTIVE,375.06,per Day,1820,97187.99,2,133.95,780.30
2021,868,DEPT OF CITYWIDE ADMIN SVCS,2000-05-21T00:00:00.000,MANHATTAN,AGENCY ATTORNEY,ACTIVE,112269.00,per Annum,1820,111953.06,0,0.00,13968.74
2021,868,DEPT OF CITYWIDE ADMIN SVCS,2020-03-13T00:00:00.000,MANHATTAN,ELECTRICIAN,CEASED,417.97,per Day,0,0.00,0,0.00,1776.59
2021,868,DEPT OF CITYWIDE ADMIN SVCS,2018-05-29T00:00:00.000,MANHATTAN,CITY RESEARCH SCIENTIST,ACTIVE,89520.00,per Annum,1820,89267.94,0,0.00,346.49
2021,868,DEPT OF CITYWIDE ADMIN SVCS,2015-04-06T00:00:00.000,MANHATTAN,EXECUTIVE AGENCY COUNSEL,ACTIVE,146054.00,per Annum,1820,145388.94,0,0.00,-2797.95
2021,868,DEPT OF CITYWIDE ADMIN SVCS,2018-09-04T00:00:00.000,MANHATTAN,CITY CUSTODIAL ASSISTANT,ACTIVE,36915.00,per Annum,2080,35854.98,29,769.06,32.70
2021,868,DEPT OF CITYWIDE ADMIN SVCS,2017-02-06T00:00:00.000,MANHATTAN,CITY CUSTODIAL ASSISTANT,ACTIVE,36915.00,per Annum,2080,36811.16,3,79.56,0.00
2021,868,DEPT OF CITYWIDE ADMIN SVCS,2016-07-11T00:00:00.000,BRONX,CITY CUSTODIAL ASSISTANT,ACTIVE,36916.00,per Annum,2080,36812.19,4,106.08,8.25
2021,868,DEPT OF CITYWIDE ADMIN SVCS,2019-10-15T00:00:00.000,MANHATTAN,CLERICAL ASSOCIATE,ACTIVE,46374.00,per Annum,1673,36994.10,0,0.00,0.00
2021,868,DEPT OF CITYWIDE ADMIN SVCS,2018-05-29T00:00:00.000,MANHATTAN,CITY CUSTODIAL ASSISTANT,ACTIVE,36915.00,per Annum,2080,36811.16,16,424.32,0.00
2021,868,DEPT OF CITYWIDE ADMIN SVCS,2017-11-27T00:00:00.000,MANHATTAN,CITY CUSTODIAL ASSISTANT,ACTIVE,36915.00,per Annum,2080,36811.16,9.5,251.94,183.13
2021,868,DEPT OF CITYWIDE ADMIN SVCS,2018-10-01T00:00:00.000,BRONX,HIGH PRESSURE PLANT TENDER,ACTIVE,300.80,per Day,2080,82270.29,1130,65917.43,10768.17
2021,868,DEPT OF CITYWIDE ADMIN SVCS,2017-08-21T00:00:00.000,QUEENS,CITY CUSTODIAL ASSISTANT,ACTIVE,36915.00,per Annum,2080,36811.16,51,1352.49,0.00
2021,868,DEPT OF CITYWIDE ADMIN SVCS,2008-09-29T00:00:00.000,MANHATTAN,CITY CUSTODIAL ASSISTANT,ACTIVE,36915.00,per Annum,2080,35536.85,0,0.00,2666.67
2021,868,DEPT OF CITYWIDE ADMIN SVCS,2014-06-16T00:00:00.000,MANHATTAN,COMMUNITY ASSOCIATE,ACTIVE,45118.00,per Annum,1820,44990.92,53,1509.56,27.18
2021,868,DEPT OF CITYWIDE ADMIN SVCS,2012-09-10T00:00:00.000,MANHATTAN,SPECIAL OFFICER,ACTIVE,50207.00,per Annum,2080,49547.88,421.25,15123.73,5570.07
2021,868,DEPT OF CITYWIDE ADMIN SVCS,2007-12-10T00:00:00.000,QUEENS,CITY LABORER,ACTIVE,290.00,per Day,2080,75400.00,649.5,36178.02,0.00
2021,868,DEPT OF CITYWIDE ADMIN SVCS,2018-11-26T00:00:00.000,MANHATTAN,ADMINISTRATIVE ENGINEER,ACTIVE,111240.00,per Annum,1820,110926.91,0,0.00,549.60
2021,868,DEPT OF CITYWIDE ADMIN SVCS,2016-01-25T00:00:00.000,MANHATTAN,ADMINISTRATIVE COMMUNITY RELATIONS SPECIALIST,ACTIVE,213783.00,per Annum,1820,213181.40,0,0.00,-3276.36
2021,868,DEPT OF CITYWIDE ADMIN SVCS,2018-12-10T00:00:00.000,MANHATTAN,ADM MANAGER-NON-MGRL,ACTIVE,74776.00,per Annum,1820,73927.20,0,0.00,1757.73
2021,868,DEPT OF CITYWIDE ADMIN SVCS,2006-05-15T00:00:00.000,MANHATTAN,STAFF ANALYST,ACTIVE,57583.00,per Annum,1820,57420.86,28.5,1115.23,2031.71
2021,868,DEPT OF CITYWIDE ADMIN SVCS,2016-11-14T00:00:00.000,MANHATTAN,COMPUTER SYSTEMS MANAGER,ACTIVE,142179.00,per Annum,1820,141778.80,0,0.00,-2723.75
2021,868,DEPT OF CITYWIDE ADMIN SVCS,2016-03-07T00:00:00.000,MANHATTAN,SUPERVISING SPECIAL OFFICER,ACTIVE,64190.00,per Annum,2080,63983.73,449,20673.93,1868.91
2021,868,DEPT OF CITYWIDE ADMIN SVCS,2012-01-03T00:00:00.000,MANHATTAN,ADM MANAGER-NON-MGRL,ACTIVE,85197.00,per Annum,1820,84230.09,27.25,1624.20,13.58
2021,868,DEPT OF CITYWIDE ADMIN SVCS,2015-12-14T00:00:00.000,MANHATTAN,HIGH PRESSURE PLANT TENDER,ACTIVE,300.80,per Day,2080,82906.29,437.25,23690.57,15181.17
2021,868,DEPT OF CITYWIDE ADMIN SVCS,2016-09-19T00:00:00.000,QUEENS,STATIONARY ENGINEER,ACTIVE,508.80,per Day,2080,132288.00,501.5,48273.99,11703.20
2021,868,DEPT OF CITYWIDE ADMIN SVCS,2008-06-30T00:00:00.000,BROOKLYN,ELECTRICIAN,ACTIVE,427.35,per Day,1820,110977.00,698.75,63538.18,23298.60
2021,868,DEPT OF CITYWIDE ADMIN SVCS,2013-12-02T00:00:00.000,MANHATTAN,STATIONARY ENGINEER,ACTIVE,508.80,per Day,2080,132288.00,442.5,42214.50,17056.14
2021,868,DEPT OF CITYWIDE ADMIN SVCS,2017-12-11T00:00:00.000,BROOKLYN,COMMUNITY ASSOCIATE,ACTIVE,52659.00,per Annum,1820,42613.83,9,302.63,16.50
2021,868,DEPT OF CITYWIDE ADMIN SVCS,2019-03-18T00:00:00.000,MANHATTAN,COMMUNITY ASSOCIATE,ACTIVE,51500.00,per Annum,1820,51354.98,9,295.98,295.98
2021,868,DEPT OF CITYWIDE ADMIN SVCS,2008-02-11T00:00:00.000,QUEENS,HIGH PRESSURE PLANT TENDER,ON SEPARATION LEAVE,300.80,per Day,2080,82906.29,88,5325.03,8175.17
2021,868,DEPT OF CITYWIDE ADMIN SVCS,2015-09-21T00:00:00.000,BROOKLYN,SHEET METAL WORKER,ACTIVE,392.70,per Day,1820,102102.00,755.75,84795.15,2692.80
2021,868,DEPT OF CITYWIDE ADMIN SVCS,2020-01-06T00:00:00.000,MANHATTAN,JOB TRAINING PARTICIPANT,CEASED,15.45,per Hour,103.78,1603.45,0,0.00,0.00
2021,868,DEPT OF CITYWIDE ADMIN SVCS,2017-10-02T00:00:00.000,MANHATTAN,STATIONARY ENGINEER,ACTIVE,508.80,per Day,2080,136298.29,592,59392.84,13464.30
2021,868,DEPT OF CITYWIDE ADMIN SVCS,2003-11-23T00:00:00.000,BROOKLYN,SUPERVISOR PLUMBER,ACTIVE,387.03,per Day,1820,100627.80,1140.5,126061.22,2322.18
2021,868,DEPT OF CITYWIDE ADMIN SVCS,2016-01-25T00:00:00.000,MANHATTAN,ADMINISTRATIVE COMMUNITY RELATIONS SPECIALIST,ACTIVE,213783.00,per Annum,1820,213181.40,0,0.00,-4095.45
2021,868,DEPT OF CITYWIDE ADMIN SVCS,1996-06-23T00:00:00.000,QUEENS,HIGH PRESSURE PLANT TENDER,ACTIVE,337.60,per Day,2080,90818.33,8,686.40,6033.66
2021,868,DEPT OF CITYWIDE ADMIN SVCS,2011-10-30T00:00:00.000,MANHATTAN,DEPUTY COMMISSIONER,ACTIVE,213783.00,per Annum,1820,213181.40,0,0.00,-4095.45
2021,868,DEPT OF CITYWIDE ADMIN SVCS,2017-09-05T00:00:00.000,MANHATTAN,ASSOCIATE STAFF ANALYST,ACTIVE,75591.00,per Annum,1785,60881.31,0,0.00,0.00
2021,868,DEPT OF CITYWIDE ADMIN SVCS,2016-03-21T00:00:00.000,MANHATTAN,ADMINISTRATIVE QUALITY ASSURANCE SPECIALIST,ACTIVE,96682.37,per Annum,1820,96163.45,0,0.00,0.00
2021,868,DEPT OF CITYWIDE ADMIN SVCS,2016-08-08T00:00:00.000,MANHATTAN,COMMUNITY ASSOCIATE,ACTIVE,57177.00,per Annum,1820,57016.06,47.25,1572.71,2315.84
2021,868,DEPT OF CITYWIDE ADMIN SVCS,2016-07-25T00:00:00.000,MANHATTAN,PROCUREMENT ANALYST,ACTIVE,68048.00,per Annum,1820,67682.85,18.5,738.38,0.00
2021,868,DEPT OF CITYWIDE ADMIN SVCS,1996-06-23T00:00:00.000,RICHMOND,CUSTODIAN,ACTIVE,40131.00,per Annum,2080,40001.85,343.25,10129.52,1733.04
2021,868,DEPT OF CITYWIDE ADMIN SVCS,2009-07-13T00:00:00.000,MANHATTAN,SUPERVISING SPECIAL OFFICER,ACTIVE,64190.00,per Annum,2080,63983.73,459.25,21177.47,1791.08
2021,868,DEPT OF CITYWIDE ADMIN SVCS,2016-10-04T00:00:00.000,MANHATTAN,COLLEGE AIDE,CEASED,17.00,per Hour,402,6834.00,0,0.00,0.00
2021,868,DEPT OF CITYWIDE ADMIN SVCS,2019-07-22T00:00:00.000,QUEENS,CITY CUSTODIAL ASSISTANT,ACTIVE,32260.00,per Annum,2080,32169.20,431,10165.82,909.23
2021,868,DEPT OF CITYWIDE ADMIN SVCS,2019-01-07T00:00:00.000,MANHATTAN,CITY CUSTODIAL ASSISTANT,ACTIVE,32260.00,per Annum,2080,32169.20,0,0.00,0.00
2021,868,DEPT OF CITYWIDE ADMIN SVCS,2003-12-14T00:00:00.000,QUEENS,CITY LABORER,ON LEAVE,290.00,per Day,880,29000.00,257.5,14579.68,0.00
2021,868,DEPT OF CITYWIDE ADMIN SVCS,2017-06-12T00:00:00.000,BRONX,CITY SECURITY AIDE,ACTIVE,40284.00,per Annum,2080,40170.63,54,1543.47,2016.89
2021,868,DEPT OF CITYWIDE ADMIN SVCS,2002-01-09T00:00:00.000,BRONX,CITY CUSTODIAL ASSISTANT,ACTIVE,36958.00,per Annum,2080,35914.89,27,834.68,6138.89
2021,868,DEPT OF CITYWIDE ADMIN SVCS,2007-12-03T00:00:00.000,MANHATTAN,CITY CUSTODIAL ASSISTANT,ACTIVE,36915.00,per Annum,2080,36811.16,390,11122.91,2794.65
2021,868,DEPT OF CITYWIDE ADMIN SVCS,2019-11-25T00:00:00.000,MANHATTAN,SPECIAL OFFICER,ACTIVE,50207.00,per Annum,2080,46421.92,75.43,2771.95,1587.98
2021,868,DEPT OF CITYWIDE ADMIN SVCS,2002-07-28T00:00:00.000,MANHATTAN,BOOKKEEPER,ACTIVE,64454.00,per Annum,1820,64272.64,0,0.00,4619.07
2021,868,DEPT OF CITYWIDE ADMIN SVCS,2018-01-08T00:00:00.000,MANHATTAN,DEPUTY ASSISTANT COMMISSIONER,CEASED,70000.00,per Annum,1365,52350.78,0,0.00,-1341.00
2021,868,DEPT OF CITYWIDE ADMIN SVCS,2001-02-11T00:00:00.000,MANHATTAN,CLERICAL ASSOCIATE,ACTIVE,46062.00,per Annum,1820,45932.31,0,0.00,5094.80
2021,868,DEPT OF CITYWIDE ADMIN SVCS,2018-11-13T00:00:00.000,MANHATTAN,PRINCIPAL ADMINISTRATIVE ASSOCIATE -  NON SUPVR,ACTIVE,54531.00,per Annum,1820,51147.58,0,0.00,19.08
2021,868,DEPT OF CITYWIDE ADMIN SVCS,2018-09-17T00:00:00.000,MANHATTAN,NEW YORK CITY FELLOW,CEASED,30.28,per Hour,245,7418.60,0,0.00,44.84
2021,868,DEPT OF CITYWIDE ADMIN SVCS,2005-07-05T00:00:00.000,MANHATTAN,DEPUTY ASSISTANT COMMISSIONER,ACTIVE,144724.00,per Annum,1820,144316.73,0,0.00,-2772.50
2021,868,DEPT OF CITYWIDE ADMIN SVCS,2013-12-16T00:00:00.000,MANHATTAN,STATIONARY ENGINEER,ACTIVE,508.80,per Day,2080,132288.00,111,10597.35,5719.80
2021,868,DEPT OF CITYWIDE ADMIN SVCS,2007-05-21T00:00:00.000,BROOKLYN,CARPENTER,ACTIVE,375.06,per Day,1820,97187.99,613.75,48941.27,2384.58
2021,868,DEPT OF CITYWIDE ADMIN SVCS,2006-10-30T00:00:00.000,MANHATTAN,SUPERVISING SPECIAL OFFICER,CEASED,58689.00,per Annum,160,43.75,0,0.00,0.00
2021,868,DEPT OF CITYWIDE ADMIN SVCS,2017-10-30T00:00:00.000,MANHATTAN,ADMINISTRATIVE PROJECT MANAGER,ACTIVE,125918.00,per Annum,1820,125563.55,0,0.00,-2412.20
2021,868,DEPT OF CITYWIDE ADMIN SVCS,2017-11-13T00:00:00.000,MANHATTAN,SUPERVISING SPECIAL OFFICER,ACTIVE,55853.00,per Annum,2080,55673.65,285.75,11465.30,1583.74
2021,868,DEPT OF CITYWIDE ADMIN SVCS,2019-05-13T00:00:00.000,MANHATTAN,ARCHITECT,ACTIVE,97850.00,per Annum,1820,97574.58,0,0.00,163.85
2021,868,DEPT OF CITYWIDE ADMIN SVCS,2004-05-09T00:00:00.000,MANHATTAN,CLERICAL ASSOCIATE,ON LEAVE,51668.00,per Annum,0,0.00,0,0.00,49.92
2021,868,DEPT OF CITYWIDE ADMIN SVCS,2018-07-23T00:00:00.000,MANHATTAN,STATIONARY ENGINEER,ACTIVE,508.80,per Day,2080,132288.00,460.5,42737.61,32350.50
2021,868,DEPT OF CITYWIDE ADMIN SVCS,2017-10-02T00:00:00.000,BROOKLYN,COMMUNITY ASSISTANT,ACTIVE,32520.00,per Annum,1820,32428.40,16.25,311.50,0.00
2021,868,DEPT OF CITYWIDE ADMIN SVCS,2018-03-05T00:00:00.000,MANHATTAN,TESTS AND MEASUREMENT SPECIALIST,ACTIVE,66591.00,per Annum,1820,68966.76,0,0.00,-1100.02
2021,868,DEPT OF CITYWIDE ADMIN SVCS,2018-07-23T00:00:00.000,BROOKLYN,STATIONARY ENGINEER,ACTIVE,508.80,per Day,2080,132288.00,476,45803.13,28794.17
2021,868,DEPT OF CITYWIDE ADMIN SVCS,2017-09-05T00:00:00.000,BROOKLYN,HIGH PRESSURE PLANT TENDER,ACTIVE,300.80,per Day,2080,82134.16,16,338.48,18083.77
2021,868,DEPT OF CITYWIDE ADMIN SVCS,2003-04-06T00:00:00.000,MANHATTAN,CONSTRUCTION PROJECT MANAGER,ACTIVE,117196.00,per Annum,1820,116875.49,0,39.40,13776.13
2021,868,DEPT OF CITYWIDE ADMIN SVCS,2015-06-29T00:00:00.000,BRONX,CITY CUSTODIAL ASSISTANT,ACTIVE,36915.00,per Annum,2080,36811.16,725,19226.99,1047.54
2021,868,DEPT OF CITYWIDE ADMIN SVCS,2001-04-08T00:00:00.000,BRONX,CUSTODIAN,ACTIVE,41640.00,per Annum,2080,41505.90,323.75,10041.35,6278.10
2021,868,DEPT OF CITYWIDE ADMIN SVCS,2007-10-15T00:00:00.000,MANHATTAN,CUSTODIAN,ACTIVE,38266.00,per Annum,2080,38143.14,995.75,27389.56,918.43
2021,868,DEPT OF CITYWIDE ADMIN SVCS,2016-10-17T00:00:00.000,MANHATTAN,TESTS AND MEASUREMENT SPECIALIST,ACTIVE,66591.00,per Annum,1820,66403.69,0,0.00,0.00
2021,868,DEPT OF CITYWIDE ADMIN SVCS,2018-05-29T00:00:00.000,RICHMOND,CITY CUSTODIAL ASSISTANT,ACTIVE,36915.00,per Annum,1888,25611.99,344.75,8239.30,219.23
2021,868,DEPT OF CITYWIDE ADMIN SVCS,2017-05-15T00:00:00.000,MANHATTAN,STAFF ANALYST,ACTIVE,57590.00,per Annum,1820,57427.87,0,0.00,0.00
2021,868,DEPT OF CITYWIDE ADMIN SVCS,2014-05-19T00:00:00.000,BRONX,CITY CUSTODIAL ASSISTANT,ACTIVE,36915.00,per Annum,2080,36811.16,1429.5,37910.18,274.00
2021,868,DEPT OF CITYWIDE ADMIN SVCS,2007-07-30T00:00:00.000,MANHATTAN,COMPUTER OPERATIONS MANAGER,ACTIVE,133832.00,per Annum,1820,133455.26,0,0.00,-2563.85
2021,868,DEPT OF CITYWIDE ADMIN SVCS,2004-07-11T00:00:00.000,MANHATTAN,COMPUTER SPECIALIST,ACTIVE,129132.00,per Annum,1820,128768.60,0,0.00,2713.09
2021,868,DEPT OF CITYWIDE ADMIN SVCS,2005-12-06T00:00:00.000,MANHATTAN,CITY CUSTODIAL ASSISTANT,ACTIVE,42961.00,per Annum,2080,42840.11,36.25,1191.32,3904.94
2021,868,DEPT OF CITYWIDE ADMIN SVCS,2012-05-21T00:00:00.000,QUEENS,CUSTODIAN,ACTIVE,37153.00,per Annum,2080,36342.40,1072.75,29071.30,1792.18
2021,868,DEPT OF CITYWIDE ADMIN SVCS,2008-05-27T00:00:00.000,MANHATTAN,SUPERVISING SPECIAL OFFICER,ACTIVE,58689.00,per Annum,2080,58500.35,193.75,8166.41,7340.52
2021,868,DEPT OF CITYWIDE ADMIN SVCS,2018-06-08T00:00:00.000,MANHATTAN,SPECIAL OFFICER,ACTIVE,50207.00,per Annum,2080,50045.76,392,14123.59,2041.02
2021,868,DEPT OF CITYWIDE ADMIN SVCS,2000-09-17T00:00:00.000,BROOKLYN,ADM MANAGER-NON-MGRL,ACTIVE,73130.00,per Annum,1820,73193.61,0,0.00,1757.73
2021,868,DEPT OF CITYWIDE ADMIN SVCS,2014-07-14T00:00:00.000,MANHATTAN,CHAUFFEUR-ATTENDANT,ACTIVE,55935.00,per Annum,2080,55777.52,300,12054.93,-1071.55
2021,868,DEPT OF CITYWIDE ADMIN SVCS,2016-04-18T00:00:00.000,BROOKLYN,HIGH PRESSURE PLANT TENDER,ACTIVE,300.80,per Day,2080,82906.29,605,34705.74,12925.53
2021,868,DEPT OF CITYWIDE ADMIN SVCS,2016-02-22T00:00:00.000,BROOKLYN,CITY CUSTODIAL ASSISTANT,ACTIVE,36916.00,per Annum,2080,36812.19,428.5,11363.82,205.53
2021,868,DEPT OF CITYWIDE ADMIN SVCS,2016-03-21T00:00:00.000,MANHATTAN,ELEVATOR MECHANIC,ACTIVE,398.48,per Day,2080,103604.80,77,5753.04,0.00
2021,868,DEPT OF CITYWIDE ADMIN SVCS,2017-11-27T00:00:00.000,MANHATTAN,ARCHITECT,ACTIVE,100052.00,per Annum,1820,99770.37,0,0.02,522.41
2021,868,DEPT OF CITYWIDE ADMIN SVCS,2000-10-10T00:00:00.000,MANHATTAN,ARCHITECT,ACTIVE,99119.00,per Annum,1820,98839.91,0,0.00,10371.69
2021,868,DEPT OF CITYWIDE ADMIN SVCS,2009-09-28T00:00:00.000,MANHATTAN,ADMINISTRATIVE STAFF ANALYST,ACTIVE,73903.00,per Annum,1820,73412.42,0,0.00,1226.64
2021,868,DEPT OF CITYWIDE ADMIN SVCS,2007-01-02T00:00:00.000,QUEENS,CUSTODIAN,ACTIVE,41102.00,per Annum,2080,40970.08,893.5,26365.29,59.05
2021,868,DEPT OF CITYWIDE ADMIN SVCS,2015-12-14T00:00:00.000,MANHATTAN,ASSISTANT ARCHITECT,ACTIVE,85981.00,per Annum,1680,79149.58,0,0.00,1331.87
2021,868,DEPT OF CITYWIDE ADMIN SVCS,2001-04-08T00:00:00.000,BRONX,CITY CUSTODIAL ASSISTANT,ACTIVE,36974.00,per Annum,2080,36869.91,252.5,7511.93,4550.19
2021,868,DEPT OF CITYWIDE ADMIN SVCS,2014-05-12T00:00:00.000,MANHATTAN,EXEC ASST TO THE DEPUTY COM FOR CITYWIDE PERSONNEL SVCS-DCAS,ACTIVE,103603.00,per Annum,1820,103311.31,0,0.00,-1984.75
2021,868,DEPT OF CITYWIDE ADMIN SVCS,2012-11-13T00:00:00.000,MANHATTAN,MAINTENANCE WORKER,ACTIVE,249.28,per Day,2080,64812.80,1155.25,53957.85,1589.17
2021,868,DEPT OF CITYWIDE ADMIN SVCS,2007-12-10T00:00:00.000,BROOKLYN,CITY LABORER,ACTIVE,290.00,per Day,2080,75400.00,760,43980.56,870.00
2021,868,DEPT OF CITYWIDE ADMIN SVCS,2013-11-04T00:00:00.000,MANHATTAN,PRINCIPAL ADMINISTRATIVE ASSOCIATE -  NON SUPVR,ACTIVE,75197.00,per Annum,1820,74343.56,0,0.00,41.25
2021,868,DEPT OF CITYWIDE ADMIN SVCS,2017-02-21T00:00:00.000,MANHATTAN,STAFF ANALYST,ACTIVE,66875.00,per Annum,1820,66686.82,0,0.00,0.00
2021,868,DEPT OF CITYWIDE ADMIN SVCS,2011-06-27T00:00:00.000,MANHATTAN,ADM MANAGER-NON-MGRL,ACTIVE,72242.00,per Annum,1820,71422.09,10,506.37,1769.88
2021,868,DEPT OF CITYWIDE ADMIN SVCS,2019-09-16T00:00:00.000,MANHATTAN,PROCUREMENT ANALYST,ACTIVE,66950.00,per Annum,1820,66590.87,0,0.00,41.75
2021,868,DEPT OF CITYWIDE ADMIN SVCS,2020-03-02T00:00:00.000,BROOKLYN,JOB TRAINING PARTICIPANT,CEASED,15.45,per Hour,315.37,4872.48,0,0.00,0.00
2021,868,DEPT OF CITYWIDE ADMIN SVCS,1996-06-23T00:00:00.000,MANHATTAN,STAFF ANALYST,ACTIVE,69053.00,per Annum,1820,68858.69,0,0.00,5451.53
2021,868,DEPT OF CITYWIDE ADMIN SVCS,2001-04-01T00:00:00.000,BROOKLYN,CITY CUSTODIAL ASSISTANT,CEASED,36974.00,per Annum,225.5,3994.58,0,0.00,479.64
2021,868,DEPT OF CITYWIDE ADMIN SVCS,2018-11-26T00:00:00.000,MANHATTAN,ARCHITECT,CEASED,103000.00,per Annum,1435,80981.05,0,0.00,1904.00
2021,868,DEPT OF CITYWIDE ADMIN SVCS,2019-11-25T00:00:00.000,MANHATTAN,AGENCY ATTORNEY,ACTIVE,65000.00,per Annum,1820,64817.04,0,0.00,983.69
2021,868,DEPT OF CITYWIDE ADMIN SVCS,2019-07-22T00:00:00.000,MANHATTAN,NEW YORK CITY PUBLIC SERVICE FELLOW,ACTIVE,42127.00,per Annum,1820,42008.43,0,0.00,0.00
2021,868,DEPT OF CITYWIDE ADMIN SVCS,2018-05-29T00:00:00.000,MANHATTAN,SPECIAL OFFICER,ON LEAVE,50207.00,per Annum,560,14512.37,9.5,431.21,229.62
2021,868,DEPT OF CITYWIDE ADMIN SVCS,2019-10-28T00:00:00.000,MANHATTAN,ADMINISTRATIVE BUSINESS PROMOTION COORDINATOR,ACTIVE,118450.00,per Annum,1820,118116.67,0,0.00,-2269.15
2021,868,DEPT OF CITYWIDE ADMIN SVCS,2006-08-28T00:00:00.000,MANHATTAN,ADMINISTRATIVE INSPECTOR,CEASED,127218.00,per Annum,168,11701.30,0,0.00,18145.26
2021,868,DEPT OF CITYWIDE ADMIN SVCS,2019-03-05T00:00:00.000,MANHATTAN,COLLEGE AIDE,ACTIVE,17.00,per Hour,911.75,15499.75,0,0.00,0.00
2021,868,DEPT OF CITYWIDE ADMIN SVCS,2018-04-16T00:00:00.000,MANHATTAN,CITY CUSTODIAL ASSISTANT,ACTIVE,36915.00,per Annum,2080,28151.84,62,1573.50,2.21
2021,868,DEPT OF CITYWIDE ADMIN SVCS,2012-01-12T00:00:00.000,MANHATTAN,MEDIA SERVICES TECHNICIAN,ACTIVE,58300.00,per Annum,1820,58135.80,7.25,234.12,698.05
2021,868,DEPT OF CITYWIDE ADMIN SVCS,2017-05-15T00:00:00.000,MANHATTAN,SPECIAL OFFICER,ACTIVE,50207.00,per Annum,2080,51197.80,136.5,4991.07,2482.31
2021,868,DEPT OF CITYWIDE ADMIN SVCS,2020-10-13T00:00:00.000,MANHATTAN,NEW YORK CITY URBAN FELLOW,ACTIVE,25.80,per Hour,1150.75,29689.35,0,0.00,0.00
2021,868,DEPT OF CITYWIDE ADMIN SVCS,2011-06-27T00:00:00.000,MANHATTAN,CLERICAL ASSOCIATE,ACTIVE,54555.00,per Annum,1820,54401.43,0,0.00,5175.91
2021,868,DEPT OF CITYWIDE ADMIN SVCS,2017-09-18T00:00:00.000,MANHATTAN,CITY CUSTODIAL ASSISTANT,ACTIVE,36915.00,per Annum,2080,36811.16,778,20869.05,1400.13
2021,868,DEPT OF CITYWIDE ADMIN SVCS,2005-08-14T00:00:00.000,MANHATTAN,OILER,ACTIVE,478.00,per Day,1908.5,114511.06,64,6060.89,10939.04
2021,868,DEPT OF CITYWIDE ADMIN SVCS,2013-03-11T00:00:00.000,MANHATTAN,CITY CUSTODIAL ASSISTANT,ACTIVE,36915.00,per Annum,2080,36811.16,138.75,3679.58,667.25
2021,868,DEPT OF CITYWIDE ADMIN SVCS,2015-08-24T00:00:00.000,MANHATTAN,PROCUREMENT ANALYST,ACTIVE,84254.00,per Annum,1820,83801.89,0,0.00,10.75
2021,868,DEPT OF CITYWIDE ADMIN SVCS,2017-01-09T00:00:00.000,MANHATTAN,ASSOCIATE STAFF ANALYST,ACTIVE,75591.00,per Annum,1806,65520.30,0,0.00,0.00
2021,868,DEPT OF CITYWIDE ADMIN SVCS,2018-02-05T00:00:00.000,MANHATTAN,INVESTIGATOR,ACTIVE,63717.00,per Annum,1820,63537.67,12.25,499.85,860.35
2021,868,DEPT OF CITYWIDE ADMIN SVCS,2018-05-29T00:00:00.000,MANHATTAN,MAINTENANCE WORKER,ACTIVE,239.84,per Day,2080,62358.40,392.25,17036.19,4365.27
2021,868,DEPT OF CITYWIDE ADMIN SVCS,2018-11-13T00:00:00.000,MANHATTAN,CITY CUSTODIAL ASSISTANT,ACTIVE,36915.00,per Annum,2080,34962.23,248.75,6222.19,0.00
2021,868,DEPT OF CITYWIDE ADMIN SVCS,1996-06-23T00:00:00.000,MANHATTAN,COMPUTER SYSTEMS MANAGER,CEASED,150393.00,per Annum,973,80170.35,0,0.00,-2881.10
2021,868,DEPT OF CITYWIDE ADMIN SVCS,2017-10-02T00:00:00.000,BRONX,CITY CUSTODIAL ASSISTANT,ACTIVE,36915.00,per Annum,2080,36811.16,388,10714.08,1758.06
2021,868,DEPT OF CITYWIDE ADMIN SVCS,2006-07-24T00:00:00.000,BROOKLYN,STATIONARY ENGINEER,ACTIVE,508.80,per Day,2080,132288.00,1068,101041.32,27558.30
2021,868,DEPT OF CITYWIDE ADMIN SVCS,1996-06-23T00:00:00.000,BROOKLYN,CUSTODIAN,ACTIVE,82097.00,per Annum,2080,81833.16,1077.75,67066.85,6678.11
2021,868,DEPT OF CITYWIDE ADMIN SVCS,2017-05-01T00:00:00.000,MANHATTAN,STAFF ANALYST,ACTIVE,66875.00,per Annum,1820,58496.29,0,0.00,0.00
2021,868,DEPT OF CITYWIDE ADMIN SVCS,2019-01-07T00:00:00.000,MANHATTAN,ASSOCIATE PROJECT MANAGER,CEASED,74160.00,per Annum,1202.75,48868.83,0,0.00,173.46
2021,868,DEPT OF CITYWIDE ADMIN SVCS,2014-05-12T00:00:00.000,MANHATTAN,SUPERVISING SPECIAL OFFICER,ACTIVE,73884.00,per Annum,2080,68452.01,119.75,5805.82,3561.19
2021,868,DEPT OF CITYWIDE ADMIN SVCS,2019-10-15T00:00:00.000,MANHATTAN,STAFF ANALYST TRAINEE,ACTIVE,42373.00,per Annum,1820,41257.39,0,0.00,0.00
2021,868,DEPT OF CITYWIDE ADMIN SVCS,2019-10-15T00:00:00.000,MANHATTAN,STAFF ANALYST,ACTIVE,50078.00,per Annum,1820,49937.05,0,0.00,0.00
2021,868,DEPT OF CITYWIDE ADMIN SVCS,2018-10-01T00:00:00.000,MANHATTAN,STATIONARY ENGINEER,ACTIVE,508.80,per Day,2080,132288.00,1007,96234.75,13679.75
2021,868,DEPT OF CITYWIDE ADMIN SVCS,2008-08-04T00:00:00.000,MANHATTAN,PRINCIPAL ADMINISTRATIVE ASSOCIATE -  NON SUPVR,ACTIVE,65441.00,per Annum,1820,64698.29,0,0.00,760.45
2021,868,DEPT OF CITYWIDE ADMIN SVCS,2005-01-30T00:00:00.000,BROOKLYN,CUSTODIAN,ACTIVE,38749.00,per Annum,2080,38624.44,707.25,19987.49,789.50
2021,868,DEPT OF CITYWIDE ADMIN SVCS,2003-01-05T00:00:00.000,BRONX,CITY CUSTODIAL ASSISTANT,ACTIVE,36958.00,per Annum,2080,36854.05,0,0.00,4426.44
2021,868,DEPT OF CITYWIDE ADMIN SVCS,2003-02-18T00:00:00.000,MANHATTAN,CITY CUSTODIAL ASSISTANT,ACTIVE,36958.00,per Annum,2080,36854.05,0,0.00,4426.44
2021,868,DEPT OF CITYWIDE ADMIN SVCS,2016-04-25T00:00:00.000,BROOKLYN,STATIONARY ENGINEER,ACTIVE,508.80,per Day,2080,132288.00,807.5,76356.57,24671.53
2021,868,DEPT OF CITYWIDE ADMIN SVCS,2018-02-20T00:00:00.000,MANHATTAN,SPECIAL OFFICER,ACTIVE,50207.00,per Annum,2080,49853.19,113,4144.08,5675.44
2021,868,DEPT OF CITYWIDE ADMIN SVCS,2016-03-28T00:00:00.000,BRONX,OILER,CEASED,478.00,per Day,160,-1.00,0,0.00,6.63
2021,868,DEPT OF CITYWIDE ADMIN SVCS,2008-12-01T00:00:00.000,MANHATTAN,ELEVATOR MECHANIC,ACTIVE,398.48,per Day,2080,103604.80,147,10983.10,846.77
2021,868,DEPT OF CITYWIDE ADMIN SVCS,2019-10-28T00:00:00.000,MANHATTAN,ASSISTANT COMMISSIONER,ACTIVE,160000.00,per Annum,1820,159549.75,0,0.00,-3065.15
2021,868,DEPT OF CITYWIDE ADMIN SVCS,1996-06-23T00:00:00.000,QUEENS,SUPERVISOR OF STOCK WORKERS,ACTIVE,44988.00,per Annum,1820,44843.35,141.25,4868.62,498.64
2021,868,DEPT OF CITYWIDE ADMIN SVCS,2020-03-11T00:00:00.000,BROOKLYN,ELECTRICIAN,CEASED,417.97,per Day,0,0.00,10.5,940.43,1328.62
2021,868,DEPT OF CITYWIDE ADMIN SVCS,2019-09-16T00:00:00.000,MANHATTAN,STAFF ANALYST TRAINEE,ON LEAVE,47000.00,per Annum,1190,2343.59,0,0.00,0.00
2021,868,DEPT OF CITYWIDE ADMIN SVCS,2010-03-01T00:00:00.000,MANHATTAN,ADM MANAGER-NON-MGRL,ACTIVE,75542.00,per Annum,1820,65346.13,0,0.00,0.00
2021,868,DEPT OF CITYWIDE ADMIN SVCS,1998-11-01T00:00:00.000,MANHATTAN,PRINCIPAL ADMINISTRATIVE ASSOCIATE -  NON SUPVR,ACTIVE,54641.00,per Annum,1820,53989.91,0,0.00,4311.14
2021,868,DEPT OF CITYWIDE ADMIN SVCS,2019-02-04T00:00:00.000,MANHATTAN,DEPUTY ASSISTANT COMMISSIONER,CEASED,59740.00,per Annum,0,0.00,0,0.00,816.12
2021,868,DEPT OF CITYWIDE ADMIN SVCS,2019-06-24T00:00:00.000,MANHATTAN,CLERICAL ASSOCIATE,ACTIVE,51500.00,per Annum,1820,51354.98,0,0.00,1022.17
2021,868,DEPT OF CITYWIDE ADMIN SVCS,2014-09-22T00:00:00.000,MANHATTAN,CONFIDENTIAL STRATEGY PLANNER,ACTIVE,93846.00,per Annum,1820,93249.26,12,860.39,34.95
2021,868,DEPT OF CITYWIDE ADMIN SVCS,1996-06-23T00:00:00.000,MANHATTAN,ADM MANAGER-NON-MGRL,ACTIVE,84460.00,per Annum,1820,83501.31,0,0.00,1757.73
2021,868,DEPT OF CITYWIDE ADMIN SVCS,2007-04-09T00:00:00.000,BRONX,CITY CUSTODIAL ASSISTANT,ACTIVE,36915.00,per Annum,1264,21806.88,0,0.00,2070.62
2021,868,DEPT OF CITYWIDE ADMIN SVCS,2018-06-11T00:00:00.000,MANHATTAN,COMMUNITY ASSOCIATE,ACTIVE,52659.00,per Annum,1820,52510.85,0,0.00,0.00
2021,868,DEPT OF CITYWIDE ADMIN SVCS,1996-06-23T00:00:00.000,MANHATTAN,CITY CUSTODIAL ASSISTANT,CEASED,37001.00,per Annum,1152,20433.95,0,0.00,2451.44
2021,868,DEPT OF CITYWIDE ADMIN SVCS,2019-02-04T00:00:00.000,MANHATTAN,CITY CUSTODIAL ASSISTANT,ACTIVE,36915.00,per Annum,2080,33903.68,96.25,2244.00,173.98
2021,868,DEPT OF CITYWIDE ADMIN SVCS,2015-05-25T00:00:00.000,MANHATTAN,PRINCIPAL ADMINISTRATIVE ASSOCIATE -  NON SUPVR,CEASED,87329.00,per Annum,1295,61215.49,0,0.00,228.80
2021,868,DEPT OF CITYWIDE ADMIN SVCS,2003-02-27T00:00:00.000,MANHATTAN,CITY CUSTODIAL ASSISTANT,ACTIVE,36974.00,per Annum,2080,36869.91,86.75,2580.89,4604.94
2021,868,DEPT OF CITYWIDE ADMIN SVCS,2018-01-22T00:00:00.000,BROOKLYN,CITY CUSTODIAL ASSISTANT,ON LEAVE,36915.00,per Annum,2024,31377.55,176,4667.47,0.00
2021,868,DEPT OF CITYWIDE ADMIN SVCS,2017-05-15T00:00:00.000,QUEENS,CLERICAL ASSOCIATE,ACTIVE,35043.00,per Annum,1820,34944.49,6.5,124.67,0.00
2021,868,DEPT OF CITYWIDE ADMIN SVCS,2006-10-16T00:00:00.000,QUEENS,CUSTODIAN,ACTIVE,38749.00,per Annum,2080,38624.44,827.5,23189.17,860.26
2021,868,DEPT OF CITYWIDE ADMIN SVCS,2018-02-18T00:00:00.000,BRONX,CUSTODIAN,ACTIVE,38749.00,per Annum,2080,38624.44,342.8,9949.19,4268.61
2021,868,DEPT OF CITYWIDE ADMIN SVCS,2017-05-15T00:00:00.000,QUEENS,STAFF ANALYST,ACTIVE,57590.00,per Annum,1820,57427.87,125.5,5102.58,48.73
2021,868,DEPT OF CITYWIDE ADMIN SVCS,2019-02-04T00:00:00.000,BROOKLYN,CITY CUSTODIAL ASSISTANT,ACTIVE,36915.00,per Annum,2080,33620.80,52,1220.18,951.63
2021,868,DEPT OF CITYWIDE ADMIN SVCS,2020-03-11T00:00:00.000,BROOKLYN,ELECTRICIAN,CEASED,417.97,per Day,0,0.00,10.5,940.43,1776.19
2021,868,DEPT OF CITYWIDE ADMIN SVCS,2005-01-09T00:00:00.000,BROOKLYN,CUSTODIAN,ON LEAVE,38749.00,per Annum,884.57,8053.04,0,0.00,-2723.33
2021,868,DEPT OF CITYWIDE ADMIN SVCS,2018-08-20T00:00:00.000,BROOKLYN,CITY CUSTODIAL ASSISTANT,ACTIVE,36915.00,per Annum,2080,36059.04,333,8627.96,0.00
2021,868,DEPT OF CITYWIDE ADMIN SVCS,2018-06-11T00:00:00.000,MANHATTAN,ARCHITECT,ACTIVE,94786.00,per Annum,1820,94519.28,0,4.06,396.75
2021,868,DEPT OF CITYWIDE ADMIN SVCS,2008-08-18T00:00:00.000,QUEENS,CUSTODIAN,ACTIVE,38749.00,per Annum,2080,38624.44,525,14604.87,0.00
2021,868,DEPT OF CITYWIDE ADMIN SVCS,2015-05-04T00:00:00.000,MANHATTAN,ADMINISTRATIVE STAFF ANALYST,ACTIVE,130000.00,per Annum,1820,136815.69,0,0.00,-2490.40
2021,868,DEPT OF CITYWIDE ADMIN SVCS,2019-09-30T00:00:00.000,MANHATTAN,PROCUREMENT ANALYST,ACTIVE,72100.00,per Annum,1820,71713.13,3,114.94,172.41
2021,868,DEPT OF CITYWIDE ADMIN SVCS,2015-10-19T00:00:00.000,RICHMOND,CITY CUSTODIAL ASSISTANT,ACTIVE,36916.00,per Annum,2080,36812.19,619.5,16429.14,57.75
2021,868,DEPT OF CITYWIDE ADMIN SVCS,2002-08-04T00:00:00.000,MANHATTAN,SUPERVISING SPECIAL OFFICER,ACTIVE,58641.00,per Annum,2032,57067.95,303.75,12676.08,2183.81
2021,868,DEPT OF CITYWIDE ADMIN SVCS,2019-11-25T00:00:00.000,MANHATTAN,SPECIAL OFFICER,ACTIVE,50207.00,per Annum,2080,51139.64,505,18282.88,2395.08
2021,868,DEPT OF CITYWIDE ADMIN SVCS,2015-05-04T00:00:00.000,MANHATTAN,COMMUNITY COORDINATOR,ACTIVE,71450.00,per Annum,1820,71248.95,13.25,518.18,15.64
2021,868,DEPT OF CITYWIDE ADMIN SVCS,2019-09-03T00:00:00.000,MANHATTAN,NEW YORK CITY URBAN FELLOW,CEASED,25.80,per Hour,412.98,10654.97,0,0.00,0.00
2021,868,DEPT OF CITYWIDE ADMIN SVCS,2018-10-29T00:00:00.000,MANHATTAN,CITY CUSTODIAL ASSISTANT,ACTIVE,32260.00,per Annum,2080,32169.20,113.75,2636.18,367.53
2021,868,DEPT OF CITYWIDE ADMIN SVCS,2019-01-22T00:00:00.000,MANHATTAN,PROJECT MANAGER,ACTIVE,61800.00,per Annum,1820,61626.03,0,0.00,242.88
2021,868,DEPT OF CITYWIDE ADMIN SVCS,2006-12-04T00:00:00.000,BRONX,CUSTODIAN,ACTIVE,38749.00,per Annum,2080,38624.44,546.5,15212.84,0.00
2021,868,DEPT OF CITYWIDE ADMIN SVCS,2019-08-19T00:00:00.000,MANHATTAN,NEW YORK CITY FELLOW,ACTIVE,30.28,per Hour,1778,53837.84,0,0.00,0.00
2021,868,DEPT OF CITYWIDE ADMIN SVCS,2014-06-02T00:00:00.000,RICHMOND,CUSTODIAN,ACTIVE,38749.00,per Annum,2080,38624.44,520.25,14609.13,624.65
2021,868,DEPT OF CITYWIDE ADMIN SVCS,2019-01-22T00:00:00.000,BRONX,CITY SECURITY AIDE,ACTIVE,40284.00,per Annum,2080,40170.63,39,1153.74,3528.95
2021,868,DEPT OF CITYWIDE ADMIN SVCS,2009-07-13T00:00:00.000,MANHATTAN,PRINCIPAL ADMINISTRATIVE ASSOCIATE -  NON SUPVR,ACTIVE,58808.00,per Annum,1820,58140.48,0,0.00,3324.92
2021,868,DEPT OF CITYWIDE ADMIN SVCS,2009-07-20T00:00:00.000,MANHATTAN,CITY CUSTODIAL ASSISTANT,ACTIVE,36915.00,per Annum,2080,36811.16,121,3516.18,3751.90
2021,868,DEPT OF CITYWIDE ADMIN SVCS,2001-03-04T00:00:00.000,QUEENS,CLERICAL ASSOCIATE,ACTIVE,42270.00,per Annum,1820,42151.15,0,2.07,2816.26
2021,826,DEPT OF ENVIRONMENT PROTECTION,1993-02-22T00:00:00.000,QUEENS,ADMINISTRATIVE PROJECT MANAGER,ACTIVE,151469.00,per Annum,1820,151042.68,0,0.00,-2901.70
2021,826,DEPT OF ENVIRONMENT PROTECTION,2002-09-30T00:00:00.000,BROOKLYN,SEWAGE TREATMENT WORKER,ACTIVE,359.84,per Day,2080,93558.40,413,26877.77,27953.55
2021,826,DEPT OF ENVIRONMENT PROTECTION,2006-06-05T00:00:00.000,MANHATTAN,SEWAGE TREATMENT WORKER,ACTIVE,359.84,per Day,2040,93558.40,344,24758.22,30663.63
2021,826,DEPT OF ENVIRONMENT PROTECTION,1999-05-30T00:00:00.000,BROOKLYN,SUPERVISOR ELECTRICIAN,ACTIVE,460.25,per Day,1820,119520.00,125.5,12311.96,18461.53
2021,826,DEPT OF ENVIRONMENT PROTECTION,1994-08-01T00:00:00.000,MANHATTAN,SEWAGE TREATMENT WORKER,ACTIVE,359.84,per Day,2080,93558.40,844,60298.04,35729.41
2021,826,DEPT OF ENVIRONMENT PROTECTION,1993-04-26T00:00:00.000,MANHATTAN,SENIOR STATIONARY ENGINEER,ACTIVE,578.00,per Day,2080,150280.00,390.25,42131.48,0.00
2021,826,DEPT OF ENVIRONMENT PROTECTION,2007-02-26T00:00:00.000,BROOKLYN,STATIONARY ENGINEER,ACTIVE,501.92,per Day,2080,130499.20,191.5,18180.57,46267.26
2021,826,DEPT OF ENVIRONMENT PROTECTION,2014-08-11T00:00:00.000,QUEENS,ADMINISTRATIVE ENGINEER,ACTIVE,199809.00,per Annum,1820,199246.70,0,0.00,-3827.75
2021,826,DEPT OF ENVIRONMENT PROTECTION,1990-03-05T00:00:00.000,RICHMOND,SENIOR STATIONARY ENGINEER,ACTIVE,618.24,per Day,2080,147939.68,522.25,59231.90,0.00
2021,826,DEPT OF ENVIRONMENT PROTECTION,1996-12-09T00:00:00.000,QUEENS,STATIONARY ENGINEER,ACTIVE,501.92,per Day,2080,130499.20,661,64705.48,34063.26
2021,826,DEPT OF ENVIRONMENT PROTECTION,2016-06-27T00:00:00.000,QUEENS,AGENCY ATTORNEY,ACTIVE,92925.00,per Annum,1820,92663.54,0,0.00,4521.24
2021,826,DEPT OF ENVIRONMENT PROTECTION,2012-10-09T00:00:00.000,BROOKLYN,MACHINIST,ACTIVE,347.20,per Day,2080,90272.00,89,5818.88,846.30
2021,826,DEPT OF ENVIRONMENT PROTECTION,2019-04-22T00:00:00.000,QUEENS,SEWAGE TREATMENT WORKER,ACTIVE,359.84,per Day,2080,93558.40,4.5,303.62,3042.36
2021,826,DEPT OF ENVIRONMENT PROTECTION,1999-03-01T00:00:00.000,QUEENS,ASSOCIATE PROJECT MANAGER,ACTIVE,86808.00,per Annum,1820,86563.62,0,3.24,10264.62
2021,826,DEPT OF ENVIRONMENT PROTECTION,1996-12-02T00:00:00.000,ULSTER,ASSOCIATE PROJECT MANAGER,ACTIVE,86631.00,per Annum,1820,86387.10,0,0.00,10322.79
2021,826,DEPT OF ENVIRONMENT PROTECTION,1998-09-08T00:00:00.000,WESTCHESTER,ASSOCIATE PROJECT MANAGER,ACTIVE,86171.00,per Annum,1820,85928.49,0,0.00,10525.79
2021,826,DEPT OF ENVIRONMENT PROTECTION,1996-09-11T00:00:00.000,QUEENS,SUPERVISOR,ACTIVE,96498.00,per Annum,2080,96226.32,249.5,18095.45,8350.73
2021,826,DEPT OF ENVIRONMENT PROTECTION,1979-11-01T00:00:00.000,BROOKLYN,SEWAGE TREATMENT WORKER,CEASED,285.36,per Day,0,0.00,0,0.00,7077.94
2021,826,DEPT OF ENVIRONMENT PROTECTION,1984-12-11T00:00:00.000,QUEENS,CLERICAL ASSOCIATE,ACTIVE,55810.00,per Annum,1820,55652.98,0,0.93,5205.50
2021,826,DEPT OF ENVIRONMENT PROTECTION,2007-06-05T00:00:00.000,QUEENS,CLERICAL ASSOCIATE,ACTIVE,18.57,per Hour,1734.75,32214.32,0,0.00,0.00
2021,826,DEPT OF ENVIRONMENT PROTECTION,2015-10-26T00:00:00.000,QUEENS,ASSISTANT CIVIL ENGINEER,ACTIVE,66694.00,per Annum,1820,67016.60,0,0.00,1229.91
2021,826,DEPT OF ENVIRONMENT PROTECTION,2014-10-27T00:00:00.000,QUEENS,ADMINISTRATIVE PROCUREMENT ANALYST-NON-MGRL,CEASED,68180.00,per Annum,865.5,32154.95,0,0.00,500.00
2021,826,DEPT OF ENVIRONMENT PROTECTION,2013-12-24T00:00:00.000,BROOKLYN,CLERICAL ASSOCIATE,ACTIVE,22.91,per Hour,1743,39932.13,32,747.45,1764.07
2021,826,DEPT OF ENVIRONMENT PROTECTION,1999-01-25T00:00:00.000,SULLIVAN,PROCUREMENT ANALYST,ACTIVE,69044.00,per Annum,1820,68672.66,0,0.00,299.24
2021,826,DEPT OF ENVIRONMENT PROTECTION,2016-02-22T00:00:00.000,WESTCHESTER,PRINCIPAL ADMINISTRATIVE ASSOCIATE -  NON SUPVR,ACTIVE,61015.00,per Annum,1820,60322.42,0,0.00,0.00
2021,826,DEPT OF ENVIRONMENT PROTECTION,2016-12-12T00:00:00.000,QUEENS,CUSTODIAN,ACTIVE,41895.00,per Annum,2080,41017.19,88,2645.07,0.00
2021,826,DEPT OF ENVIRONMENT PROTECTION,1995-12-04T00:00:00.000,QUEENS,ADMINISTRATIVE DIRECTOR OF LABORATORY,CEASED,133242.00,per Annum,0,0.00,0,0.00,50764.91
2021,826,DEPT OF ENVIRONMENT PROTECTION,2009-09-09T00:00:00.000,BROOKLYN,CITY LABORER,ACTIVE,290.00,per Day,2080,75400.00,0,0.00,0.00
2021,826,DEPT OF ENVIRONMENT PROTECTION,1984-06-01T00:00:00.000,BROOKLYN,ELECTRICIAN,CEASED,427.35,per Day,1330,81062.50,0,0.00,15027.56
2021,826,DEPT OF ENVIRONMENT PROTECTION,2014-05-27T00:00:00.000,QUEENS,ASSOCIATE PROJECT MANAGER,ACTIVE,86808.00,per Annum,1820,86563.62,91.5,6142.85,3242.30
2021,826,DEPT OF ENVIRONMENT PROTECTION,2005-12-12T00:00:00.000,ULSTER,ENVIRONMENTAL POLICE OFFICER,ACTIVE,64397.00,per Annum,2340,64215.70,108.27,3365.63,8531.72
2021,826,DEPT OF ENVIRONMENT PROTECTION,2003-03-17T00:00:00.000,WESTCHESTER,SUPERVISOR,ACTIVE,73603.00,per Annum,2080,73365.88,58.5,3340.53,10408.26
2021,826,DEPT OF ENVIRONMENT PROTECTION,1989-05-23T00:00:00.000,ULSTER,ASSOCIATE CHEMIST,ACTIVE,81974.00,per Annum,1820,81743.33,0,0.26,5271.33
2021,826,DEPT OF ENVIRONMENT PROTECTION,2015-01-12T00:00:00.000,BROOKLYN,INSTRUMENTAL SPECIALIST,ACTIVE,74773.00,per Annum,1820,74562.66,234.25,10216.10,2096.78
2021,826,DEPT OF ENVIRONMENT PROTECTION,2001-08-13T00:00:00.000,ULSTER,ENVIRONMENTAL POLICE OFFICER,ACTIVE,64397.00,per Annum,2340,64215.70,421.5,12473.07,9639.48
2021,826,DEPT OF ENVIRONMENT PROTECTION,2018-06-11T00:00:00.000,MANHATTAN,CONSTRUCTION LABORER,ACTIVE,352.32,per Day,2080,91603.20,179.5,11898.49,6507.82
2021,826,DEPT OF ENVIRONMENT PROTECTION,1992-06-29T00:00:00.000,QUEENS,ADMINISTRATIVE CONSTRUCTION PROJECT MANAGER,ACTIVE,145022.00,per Annum,1820,144613.88,0,0.00,-2778.20
2021,826,DEPT OF ENVIRONMENT PROTECTION,2008-07-21T00:00:00.000,QUEENS,COMPUTER SPECIALIST,ACTIVE,106023.00,per Annum,1820,105724.70,0,0.00,5308.97
2021,826,DEPT OF ENVIRONMENT PROTECTION,2014-09-22T00:00:00.000,BRONX,SUPERVISOR,ACTIVE,82778.00,per Annum,2080,82512.74,343.75,20512.78,8252.63
2021,826,DEPT OF ENVIRONMENT PROTECTION,1996-12-16T00:00:00.000,QUEENS,SEWAGE TREATMENT WORKER,ACTIVE,359.84,per Day,2080,93558.40,243,16097.19,31651.16
2021,826,DEPT OF ENVIRONMENT PROTECTION,2002-04-15T00:00:00.000,QUEENS,ADMINISTRATIVE STAFF ANALYST,ACTIVE,124845.00,per Annum,1820,124493.73,161.25,14875.90,1657.28
2021,826,DEPT OF ENVIRONMENT PROTECTION,2004-06-28T00:00:00.000,QUEENS,ADMINISTRATIVE PUBLIC HEALTH SANITARIAN,ACTIVE,142512.00,per Annum,1820,142110.80,0,0.00,-2730.10
2021,826,DEPT OF ENVIRONMENT PROTECTION,1987-11-02T00:00:00.000,BROOKLYN,SENIOR SEWAGE TREATMENT WORKER,ACTIVE,396.40,per Day,2080,103064.00,40,3038.66,33132.32
2021,826,DEPT OF ENVIRONMENT PROTECTION,2019-12-02T00:00:00.000,BROOKLYN,SEWAGE TREATMENT WORKER,ACTIVE,359.84,per Day,2080,93558.40,479.25,31495.06,14107.65
2021,826,DEPT OF ENVIRONMENT PROTECTION,1997-05-05T00:00:00.000,BROOKLYN,SENIOR SEWAGE TREATMENT WORKER,ACTIVE,396.40,per Day,2080,103064.00,231,17321.46,17837.92
2021,826,DEPT OF ENVIRONMENT PROTECTION,2011-02-07T00:00:00.000,BROOKLYN,SEWAGE TREATMENT WORKER,ACTIVE,359.84,per Day,2080,93558.40,338.5,21690.49,22616.85
2021,826,DEPT OF ENVIRONMENT PROTECTION,2012-03-12T00:00:00.000,QUEENS,ADMINISTRATIVE PROJECT MANAGER,ACTIVE,106263.00,per Annum,1820,105972.34,7.5,518.03,155.79
2021,826,DEPT OF ENVIRONMENT PROTECTION,2019-04-22T00:00:00.000,BROOKLYN,SEWAGE TREATMENT WORKER,ACTIVE,359.84,per Day,2080,93558.40,115,7759.06,5946.96
2021,826,DEPT OF ENVIRONMENT PROTECTION,2014-12-08T00:00:00.000,BRONX,CONSTRUCTION LABORER,ACTIVE,352.32,per Day,2080,91603.20,183,12088.98,4029.66
2021,826,DEPT OF ENVIRONMENT PROTECTION,2006-08-14T00:00:00.000,BROOKLYN,CONSTRUCTION LABORER,ACTIVE,352.32,per Day,2080,91603.20,170,11142.12,13717.67
2021,826,DEPT OF ENVIRONMENT PROTECTION,2009-05-18T00:00:00.000,BROOKLYN,CONSTRUCTION LABORER,ACTIVE,352.32,per Day,2080,91603.20,242,15986.52,8984.16
2021,826,DEPT OF ENVIRONMENT PROTECTION,2013-01-14T00:00:00.000,RICHMOND,ASSOCIATE WATER USE INPECTOR,ACTIVE,78461.00,per Annum,1820,78208.88,28,1245.43,0.00
2021,826,DEPT OF ENVIRONMENT PROTECTION,2018-10-22T00:00:00.000,QUEENS,ASSISTANT CHEMICAL ENGINEER,ACTIVE,65640.00,per Annum,1820,63367.07,320.25,15614.85,220.27
2021,826,DEPT OF ENVIRONMENT PROTECTION,2008-09-02T00:00:00.000,SULLIVAN,ENVIRONMENTAL POLICE OFFICER,ACTIVE,68886.00,per Annum,2340,65521.41,62.92,2181.15,11953.37
2021,826,DEPT OF ENVIRONMENT PROTECTION,2001-08-06T00:00:00.000,DUTCHESS,CONSTRUCTION PROJECT MANAGER,ACTIVE,88881.00,per Annum,1820,88630.73,67.5,3937.97,10104.49
2021,826,DEPT OF ENVIRONMENT PROTECTION,2014-11-17T00:00:00.000,BROOKLYN,CONSTRUCTION LABORER,ACTIVE,352.32,per Day,2080,91603.20,157.25,10387.99,528.48
2021,826,DEPT OF ENVIRONMENT PROTECTION,2007-12-17T00:00:00.000,QUEENS,ADM MANAGER-NON-MGRL,ACTIVE,99539.00,per Annum,1820,98409.14,32.75,2155.63,1815.76
2021,826,DEPT OF ENVIRONMENT PROTECTION,1992-05-18T00:00:00.000,PUTNAM,SUPERVISOR,ACTIVE,91648.00,per Annum,2080,91390.15,77,5338.61,5488.28
2021,826,DEPT OF ENVIRONMENT PROTECTION,2010-09-20T00:00:00.000,BRONX,ADMINISTRATIVE PROJECT MANAGER,ACTIVE,102211.00,per Annum,1820,101923.27,0,0.00,264.61
2021,826,DEPT OF ENVIRONMENT PROTECTION,1988-09-19T00:00:00.000,BROOKLYN,SENIOR SEWAGE TREATMENT WORKER,CEASED,396.40,per Day,1708,84632.80,0,0.00,17541.68
2021,826,DEPT OF ENVIRONMENT PROTECTION,2014-08-25T00:00:00.000,QUEENS,CITY RESEARCH SCIENTIST,ACTIVE,99853.81,per Annum,1820,99572.79,0,0.00,2563.41
2021,826,DEPT OF ENVIRONMENT PROTECTION,2004-12-27T00:00:00.000,MANHATTAN,CONSTRUCTION LABORER,ACTIVE,352.32,per Day,2080,83301.66,2,132.12,8279.52
2021,826,DEPT OF ENVIRONMENT PROTECTION,2002-04-22T00:00:00.000,BROOKLYN,MACHINIST,ACTIVE,347.20,per Day,2080,90272.00,0,0.00,963.48
2021,826,DEPT OF ENVIRONMENT PROTECTION,2018-06-11T00:00:00.000,BRONX,WATERSHED MAINTAINER,ACTIVE,51753.00,per Annum,2080,48330.50,198.5,6919.98,868.10
2021,826,DEPT OF ENVIRONMENT PROTECTION,2020-02-10T00:00:00.000,WESTCHESTER,ENVIRONMENTAL POLICE OFFICER,ACTIVE,48093.00,per Annum,2340,47129.61,133.63,2765.60,5931.82
2021,826,DEPT OF ENVIRONMENT PROTECTION,2016-05-09T00:00:00.000,QUEENS,CLERICAL ASSOCIATE,ACTIVE,55786.00,per Annum,1820,55629.06,0,0.00,0.00
2021,826,DEPT OF ENVIRONMENT PROTECTION,2017-08-28T00:00:00.000,QUEENS,CLERICAL ASSOCIATE,ACTIVE,46019.00,per Annum,1820,45889.42,0,0.00,0.00
2021,826,DEPT OF ENVIRONMENT PROTECTION,1995-09-25T00:00:00.000,QUEENS,COMMUNITY ASSOCIATE,ACTIVE,44126.00,per Annum,1820,44001.70,1,24.93,1682.53
2021,826,DEPT OF ENVIRONMENT PROTECTION,2016-02-08T00:00:00.000,QUEENS,CUSTODIAN,ACTIVE,44390.00,per Annum,2080,44247.40,0,0.00,1027.80
2021,826,DEPT OF ENVIRONMENT PROTECTION,1996-12-02T00:00:00.000,QUEENS,COMMUNITY ASSISTANT,ACTIVE,41848.00,per Annum,1820,41730.25,92.5,2634.10,867.67
2021,826,DEPT OF ENVIRONMENT PROTECTION,2019-08-26T00:00:00.000,QUEENS,ENGINEERING TECHNICIAN,ACTIVE,38930.00,per Annum,1820,38820.54,39.5,852.37,158.10
2021,826,DEPT OF ENVIRONMENT PROTECTION,2019-12-09T00:00:00.000,QUEENS,APPRENTICE,ACTIVE,50530.00,per Annum,2080,38010.17,8.5,237.95,831.48
2021,826,DEPT OF ENVIRONMENT PROTECTION,2004-06-28T00:00:00.000,QUEENS,STATIONARY ENGINEER,ACTIVE,501.92,per Day,2080,130499.20,238.25,22431.38,19485.81
2021,826,DEPT OF ENVIRONMENT PROTECTION,2006-02-27T00:00:00.000,QUEENS,EXECUTIVE AGENCY COUNSEL,ACTIVE,173453.00,per Annum,1820,172964.75,0,0.00,-3322.85
2021,826,DEPT OF ENVIRONMENT PROTECTION,2010-05-17T00:00:00.000,BROOKLYN,CLERICAL ASSOCIATE,CEASED,46052.00,per Annum,353.5,8916.76,0,0.00,344.26
2021,826,DEPT OF ENVIRONMENT PROTECTION,2019-06-04T00:00:00.000,QUEENS,COLLEGE AIDE,CEASED,15.75,per Hour,209.48,3299.37,0,0.00,0.00
2021,826,DEPT OF ENVIRONMENT PROTECTION,1988-09-19T00:00:00.000,QUEENS,SEWAGE TREATMENT WORKER,CEASED,279.76,per Day,0,0.00,0,0.00,3109.28
2021,826,DEPT OF ENVIRONMENT PROTECTION,2017-11-27T00:00:00.000,QUEENS,ASSISTANT CIVIL ENGINEER,CEASED,65640.00,per Annum,84,3016.28,0,0.00,14.05
2021,826,DEPT OF ENVIRONMENT PROTECTION,2017-06-05T00:00:00.000,BROOKLYN,SEWAGE TREATMENT WORKER,ACTIVE,359.84,per Day,2064,94640.80,238.5,15278.65,19082.58
2021,826,DEPT OF ENVIRONMENT PROTECTION,2009-10-13T00:00:00.000,RICHMOND,SEWAGE TREATMENT WORKER,ACTIVE,359.84,per Day,2080,93558.40,69,4104.41,30635.61
2021,826,DEPT OF ENVIRONMENT PROTECTION,2004-02-02T00:00:00.000,BROOKLYN,SENIOR SEWAGE TREATMENT WORKER,ACTIVE,396.40,per Day,2080,103064.00,48,3731.14,21439.34
2021,826,DEPT OF ENVIRONMENT PROTECTION,2002-04-22T00:00:00.000,MANHATTAN,SEWAGE TREATMENT WORKER,ACTIVE,359.84,per Day,2080,93558.40,37,1731.73,31882.08
2021,826,DEPT OF ENVIRONMENT PROTECTION,2019-12-10T00:00:00.000,QUEENS,ELECTRICIAN,ACTIVE,427.35,per Day,1820,110977.00,83.5,7630.45,0.00
2021,826,DEPT OF ENVIRONMENT PROTECTION,2019-03-04T00:00:00.000,BROOKLYN,SEWAGE TREATMENT WORKER,ACTIVE,359.84,per Day,2080,93558.40,84,5777.71,18972.76
2021,826,DEPT OF ENVIRONMENT PROTECTION,2011-04-25T00:00:00.000,BROOKLYN,CONSTRUCTION LABORER,ACTIVE,352.32,per Day,2080,91603.20,235.5,15557.13,11098.08
2021,826,DEPT OF ENVIRONMENT PROTECTION,2016-06-06T00:00:00.000,BROOKLYN,SEWAGE TREATMENT WORKER,ACTIVE,359.84,per Day,2080,93558.40,61,3977.37,20583.20
2021,826,DEPT OF ENVIRONMENT PROTECTION,2016-07-11T00:00:00.000,QUEENS,CONSTRUCTION LABORER,ACTIVE,352.32,per Day,2080,91603.20,312,20610.72,5813.28
2021,826,DEPT OF ENVIRONMENT PROTECTION,2016-01-11T00:00:00.000,BROOKLYN,SEWAGE TREATMENT WORKER,ACTIVE,359.84,per Day,2080,93558.40,303,20263.49,3045.16
2021,826,DEPT OF ENVIRONMENT PROTECTION,2018-05-14T00:00:00.000,QUEENS,ACCOUNTANT,ACTIVE,63718.00,per Annum,1820,63538.71,0,0.00,0.00
2021,826,DEPT OF ENVIRONMENT PROTECTION,2009-01-05T00:00:00.000,ULSTER,ENVIRONMENTAL POLICE OFFICER,ACTIVE,64397.00,per Annum,2340,64215.70,16,377.17,7520.26
2021,826,DEPT OF ENVIRONMENT PROTECTION,2006-11-27T00:00:00.000,QUEENS,ADM MANAGER-NON-MGRL,ACTIVE,72242.00,per Annum,1820,71422.10,0,0.00,760.45
2021,826,DEPT OF ENVIRONMENT PROTECTION,2011-06-13T00:00:00.000,QUEENS,ADMINISTRATIVE ENGINEER,ACTIVE,132131.00,per Annum,1820,131759.15,0,0.00,-2446.25
2021,826,DEPT OF ENVIRONMENT PROTECTION,2012-09-24T00:00:00.000,ULSTER,ADMINISTRATIVE PROJECT MANAGER,ACTIVE,90385.00,per Annum,1820,90130.56,10,557.30,248.97
2021,826,DEPT OF ENVIRONMENT PROTECTION,2013-07-08T00:00:00.000,WESTCHESTER,WATERSHED MAINTAINER,ACTIVE,60017.00,per Annum,2080,59848.03,265.75,11892.65,6693.16
2021,826,DEPT OF ENVIRONMENT PROTECTION,2008-08-25T00:00:00.000,QUEENS,STAFF ANALYST,ACTIVE,74479.00,per Annum,1820,74269.41,11,599.05,3694.05
2021,826,DEPT OF ENVIRONMENT PROTECTION,2018-04-30T00:00:00.000,QUEENS,SEWAGE TREATMENT WORKER,CEASED,340.80,per Day,0,-383.04,0,-30.24,-2.56
2021,826,DEPT OF ENVIRONMENT PROTECTION,1996-09-03T00:00:00.000,BROOKLYN,ADM MANAGER-NON-MGRL,ACTIVE,72242.00,per Annum,1820,71422.10,0,0.00,1757.73
2021,826,DEPT OF ENVIRONMENT PROTECTION,2018-10-09T00:00:00.000,QUEENS,PROCUREMENT ANALYST,ACTIVE,73670.00,per Annum,1820,73274.70,0,0.00,0.00
2021,826,DEPT OF ENVIRONMENT PROTECTION,2002-07-01T00:00:00.000,QUEENS,ASSISTANT ELECTRICAL ENGINEER,ACTIVE,66873.00,per Annum,1820,66684.73,0,0.75,6677.64
2021,826,DEPT OF ENVIRONMENT PROTECTION,2017-04-17T00:00:00.000,MANHATTAN,ADMINISTRATIVE PROJECT MANAGER,CEASED,128909.00,per Annum,-11.5,-809.79,0,0.00,0.00
2021,826,DEPT OF ENVIRONMENT PROTECTION,2018-06-11T00:00:00.000,DELAWARE,WATERSHED MAINTAINER,ACTIVE,51753.00,per Annum,2080,49854.38,73,2626.40,21060.28
2021,826,DEPT OF ENVIRONMENT PROTECTION,2006-10-30T00:00:00.000,QUEENS,AGENCY ATTORNEY,ACTIVE,95804.00,per Annum,1820,95534.26,0,0.00,10817.66
2021,826,DEPT OF ENVIRONMENT PROTECTION,2003-01-27T00:00:00.000,QUEENS,ADMINISTRATIVE STAFF ANALYST,ACTIVE,82875.00,per Annum,1820,82641.81,0,0.00,2548.80
2021,826,DEPT OF ENVIRONMENT PROTECTION,1994-08-29T00:00:00.000,ULSTER,SCIENTIST,ACTIVE,80134.00,per Annum,1820,79908.38,0,0.00,5230.08
2021,826,DEPT OF ENVIRONMENT PROTECTION,2002-04-08T00:00:00.000,DELAWARE,ASSOCIATE PROJECT MANAGER,ACTIVE,77921.00,per Annum,1820,77701.67,0,0.00,6449.37
2021,826,DEPT OF ENVIRONMENT PROTECTION,1992-04-27T00:00:00.000,QUEENS,COMPUTER ASSOCIATE,ACTIVE,76772.00,per Annum,1820,76555.94,25.5,1473.97,6103.34
2021,826,DEPT OF ENVIRONMENT PROTECTION,2015-01-26T00:00:00.000,MANHATTAN,ELECTRICIANS HELPER,ACTIVE,271.18,per Day,1820,70421.80,140.5,8149.16,5458.36
2021,826,DEPT OF ENVIRONMENT PROTECTION,2007-05-21T00:00:00.000,BROOKLYN,SEWAGE TREATMENT WORKER,ACTIVE,359.84,per Day,2080,93558.40,115,6588.46,36037.79
2021,826,DEPT OF ENVIRONMENT PROTECTION,2014-07-07T00:00:00.000,BROOKLYN,SENIOR SEWAGE TREATMENT WORKER,ACTIVE,396.40,per Day,2080,103064.00,25,1861.85,8891.37
2021,826,DEPT OF ENVIRONMENT PROTECTION,2009-10-13T00:00:00.000,BRONX,SEWAGE TREATMENT WORKER,ACTIVE,359.84,per Day,2080,93063.62,50.5,3444.35,17166.18
2021,826,DEPT OF ENVIRONMENT PROTECTION,2016-06-06T00:00:00.000,RICHMOND,SEWAGE TREATMENT WORKER,ON LEAVE,359.84,per Day,1824,82044.60,192.5,13518.74,17456.29
2021,826,DEPT OF ENVIRONMENT PROTECTION,1994-08-01T00:00:00.000,RICHMOND,SEWAGE TREATMENT WORKER,ACTIVE,359.84,per Day,2080,93558.40,8,539.76,18721.99
2021,826,DEPT OF ENVIRONMENT PROTECTION,2002-07-15T00:00:00.000,BROOKLYN,SUPERVISOR,ACTIVE,96414.00,per Annum,2080,90965.26,76,5508.25,16280.36
2021,826,DEPT OF ENVIRONMENT PROTECTION,2003-12-22T00:00:00.000,QUEENS,CITY PLANNER,ACTIVE,100243.00,per Annum,1820,99960.93,0,0.00,5810.28
2021,826,DEPT OF ENVIRONMENT PROTECTION,1992-12-07T00:00:00.000,BROOKLYN,PRINCIPAL ADMINISTRATIVE ASSOCIATE -  NON SUPVR,ACTIVE,54747.00,per Annum,1820,54116.84,978.5,43422.03,7244.73
2021,826,DEPT OF ENVIRONMENT PROTECTION,2018-04-09T00:00:00.000,WESTCHESTER,PRINCIPAL ADMINISTRATIVE ASSOCIATE -  NON SUPVR,ACTIVE,70971.00,per Annum,1820,70157.03,0,0.00,1757.73
2021,826,DEPT OF ENVIRONMENT PROTECTION,2004-03-22T00:00:00.000,QUEENS,CLERICAL ASSOCIATE,ACTIVE,62820.00,per Annum,1820,62643.08,132,5625.69,3375.78
2021,826,DEPT OF ENVIRONMENT PROTECTION,2016-10-24T00:00:00.000,QUEENS,PLUMBER'S HELPER,ACTIVE,258.65,per Day,1820,67249.00,58.5,4323.15,0.00
2021,826,DEPT OF ENVIRONMENT PROTECTION,1997-02-18T00:00:00.000,ULSTER,PROJECT MANAGER,ACTIVE,65703.00,per Annum,1820,65518.19,0,0.00,6013.79
2021,826,DEPT OF ENVIRONMENT PROTECTION,2011-12-12T00:00:00.000,QUEENS,ADM MANAGER-NON-MGRL,ACTIVE,72242.00,per Annum,1820,71422.10,0,0.00,0.00
2021,826,DEPT OF ENVIRONMENT PROTECTION,2016-01-11T00:00:00.000,QUEENS,CONSTRUCTION PROJECT MANAGER,ACTIVE,65640.00,per Annum,1820,65455.28,94,3652.86,1904.47
2021,826,DEPT OF ENVIRONMENT PROTECTION,2014-04-28T00:00:00.000,ULSTER,ASSOCIATE CHEMIST,ACTIVE,60862.00,per Annum,1820,60690.63,0,0.00,1860.60
2021,826,DEPT OF ENVIRONMENT PROTECTION,2017-04-24T00:00:00.000,WESTCHESTER,PRINCIPAL ADMINISTRATIVE ASSOCIATE -  NON SUPVR,ACTIVE,61015.00,per Annum,1820,60322.42,14.5,552.25,1395.93
2021,826,DEPT OF ENVIRONMENT PROTECTION,2013-07-22T00:00:00.000,QUEENS,COMMUNITY ASSOCIATE,ACTIVE,61963.00,per Annum,1820,61788.53,0,0.00,0.00
2021,826,DEPT OF ENVIRONMENT PROTECTION,2017-02-13T00:00:00.000,ULSTER,SCIENTIST,ACTIVE,60871.00,per Annum,1820,60699.72,3,151.75,632.26
2021,826,DEPT OF ENVIRONMENT PROTECTION,2010-05-17T00:00:00.000,QUEENS,PRINCIPAL ADMINISTRATIVE ASSOCIATE -  NON SUPVR,ON SEPARATION LEAVE,54531.00,per Annum,1820,53912.11,0,0.00,0.00
2021,826,DEPT OF ENVIRONMENT PROTECTION,2004-06-14T00:00:00.000,BROOKLYN,CLERICAL ASSOCIATE,ACTIVE,49702.00,per Annum,1820,49562.16,0,0.00,4130.58
2021,826,DEPT OF ENVIRONMENT PROTECTION,2019-08-12T00:00:00.000,QUEENS,ENVIRONMENTAL ENGINEERING INTERN,CEASED,53560.00,per Annum,1820,53409.35,0,0.00,75.91
2021,826,DEPT OF ENVIRONMENT PROTECTION,2010-06-07T00:00:00.000,QUEENS,CLERICAL ASSOCIATE,ACTIVE,27.92,per Hour,1743,48664.56,0,0.00,3933.44
2021,826,DEPT OF ENVIRONMENT PROTECTION,2019-03-25T00:00:00.000,QUEENS,PROCUREMENT ANALYST,ACTIVE,58618.00,per Annum,1820,52517.49,0,0.00,0.00
2021,826,DEPT OF ENVIRONMENT PROTECTION,2014-01-27T00:00:00.000,QUEENS,CLERICAL ASSOCIATE,ACTIVE,51557.00,per Annum,1820,51411.92,0,0.00,913.25
2021,826,DEPT OF ENVIRONMENT PROTECTION,2019-04-22T00:00:00.000,QUEENS,CLERICAL ASSOCIATE,ACTIVE,46019.00,per Annum,1820,41010.02,136,3905.00,24.64
2021,826,DEPT OF ENVIRONMENT PROTECTION,2008-09-16T00:00:00.000,QUEENS,COMMUNITY ASSOCIATE,ACTIVE,44083.00,per Annum,1820,44271.75,2.25,54.29,16.50
2021,826,DEPT OF ENVIRONMENT PROTECTION,1988-09-29T00:00:00.000,QUEENS,ADMINISTRATIVE ENGINEER,CEASED,123944.00,per Annum,0,0.00,0,0.00,44185.63
2021,826,DEPT OF ENVIRONMENT PROTECTION,2008-07-22T00:00:00.000,ULSTER,CLERICAL ASSOCIATE,ACTIVE,41848.00,per Annum,1820,41730.25,0,0.00,2269.35
2021,826,DEPT OF ENVIRONMENT PROTECTION,2018-10-09T00:00:00.000,QUEENS,IT SERVICE MANAGEMENT SPECIALIST,CEASED,123600.00,per Annum,526.25,35631.34,0,0.00,0.00
2021,826,DEPT OF ENVIRONMENT PROTECTION,2020-03-09T00:00:00.000,BROOKLYN,CITY PARK WORKER,CEASED,16.63,per Hour,983.75,16359.77,216.25,5446.30,1018.03
2021,826,DEPT OF ENVIRONMENT PROTECTION,1994-04-04T00:00:00.000,BROOKLYN,SEWAGE TREATMENT WORKER,CEASED,334.08,per Day,0,0.00,0,0.00,12037.33
2021,826,DEPT OF ENVIRONMENT PROTECTION,1984-04-30T00:00:00.000,MANHATTAN,SENIOR SEWAGE TREATMENT WORKER,CEASED,323.92,per Day,0,0.00,0,0.00,11992.95
2021,826,DEPT OF ENVIRONMENT PROTECTION,1978-03-03T00:00:00.000,MANHATTAN,SEWAGE TREATMENT WORKER,CEASED,334.08,per Day,0,0.00,0,0.00,10665.28
2021,826,DEPT OF ENVIRONMENT PROTECTION,2011-02-07T00:00:00.000,BROOKLYN,SEWAGE TREATMENT WORKER,CEASED,340.80,per Day,0,-0.26,0,0.00,5065.15
2021,826,DEPT OF ENVIRONMENT PROTECTION,1981-10-09T00:00:00.000,RICHMOND,SENIOR SEWAGE TREATMENT WORKER,CEASED,308.16,per Day,0,0.00,0,0.00,2619.37
2021,826,DEPT OF ENVIRONMENT PROTECTION,2011-10-11T00:00:00.000,WESTCHESTER,CIVIL ENGINEER,ACTIVE,92640.00,per Annum,1820,92379.38,0,0.00,2987.72
2021,826,DEPT OF ENVIRONMENT PROTECTION,2007-02-12T00:00:00.000,QUEENS,ADM MANAGER-NON-MGRL,ACTIVE,94687.00,per Annum,1820,93612.16,16,881.68,825.62
2021,826,DEPT OF ENVIRONMENT PROTECTION,2000-07-19T00:00:00.000,QUEENS,TELECOMMUNICATIONS ASSOCIATE,ACTIVE,84244.00,per Annum,1820,84006.97,90.5,4990.02,5877.42
2021,826,DEPT OF ENVIRONMENT PROTECTION,2011-08-22T00:00:00.000,MANHATTAN,SEWAGE TREATMENT WORKER,ACTIVE,359.84,per Day,2080,93558.40,14.5,978.32,226.44
2021,826,DEPT OF ENVIRONMENT PROTECTION,2018-06-25T00:00:00.000,DUTCHESS,HELICOPTER PILOT,ACTIVE,84254.00,per Annum,1820,84016.85,40.75,2242.40,-586.39
2021,826,DEPT OF ENVIRONMENT PROTECTION,2007-03-19T00:00:00.000,QUEENS,ADM MANAGER-NON-MGRL,ACTIVE,72242.00,per Annum,1820,57577.57,0,0.00,612.99
2021,826,DEPT OF ENVIRONMENT PROTECTION,2014-12-08T00:00:00.000,SULLIVAN,CITY RESEARCH SCIENTIST,ACTIVE,97138.00,per Annum,1820,96864.57,0,0.00,4145.42
2021,826,DEPT OF ENVIRONMENT PROTECTION,2003-07-21T00:00:00.000,QUEENS,PRINCIPAL ADMINISTRATIVE ASSOCIATE -  NON SUPVR,ACTIVE,71197.00,per Annum,1820,70380.19,444.25,25235.27,5394.50
2021,826,DEPT OF ENVIRONMENT PROTECTION,1998-02-02T00:00:00.000,RICHMOND,CONSTRUCTION LABORER,ACTIVE,352.32,per Day,2080,91603.20,51.5,3402.09,5989.44
2021,826,DEPT OF ENVIRONMENT PROTECTION,1986-06-16T00:00:00.000,QUEENS,CIVIL ENGINEER,ACTIVE,92837.00,per Annum,1820,92575.67,0,0.00,8261.98
2021,826,DEPT OF ENVIRONMENT PROTECTION,2011-05-16T00:00:00.000,QUEENS,ADMINISTRATIVE STAFF ANALYST,ACTIVE,117192.00,per Annum,1820,116862.27,142.25,11922.84,906.58
2021,826,DEPT OF ENVIRONMENT PROTECTION,2016-03-14T00:00:00.000,ALBANY,WATERSHED MAINTAINER,ACTIVE,57264.00,per Annum,2080,57029.28,213,8830.48,9113.97
2021,826,DEPT OF ENVIRONMENT PROTECTION,2013-01-28T00:00:00.000,QUEENS,ASSISTANT ENVIRONMENTAL ENGINEER,ACTIVE,65640.00,per Annum,1820,65455.28,22,867.13,1258.44
2021,826,DEPT OF ENVIRONMENT PROTECTION,1990-03-12T00:00:00.000,BRONX,CONSTRUCTION LABORER,ACTIVE,352.32,per Day,2080,86670.72,29,1915.74,11747.67
2021,826,DEPT OF ENVIRONMENT PROTECTION,2002-09-30T00:00:00.000,BRONX,SEWAGE TREATMENT WORKER,ACTIVE,359.84,per Day,2080,93558.40,33.25,2250.13,25170.37
2021,826,DEPT OF ENVIRONMENT PROTECTION,2016-05-23T00:00:00.000,SULLIVAN,AUTO MECHANIC,ACTIVE,347.20,per Day,2080,90272.00,136.5,8939.35,1004.87
2021,826,DEPT OF ENVIRONMENT PROTECTION,1992-06-01T00:00:00.000,BROOKLYN,SEWAGE TREATMENT WORKER,CEASED,294.00,per Day,0,0.00,0,0.00,8802.65
2021,826,DEPT OF ENVIRONMENT PROTECTION,2015-07-27T00:00:00.000,QUEENS,CONSTRUCTION LABORER,ACTIVE,352.32,per Day,2080,91603.20,320,21901.88,17052.91
2021,826,DEPT OF ENVIRONMENT PROTECTION,2016-09-12T00:00:00.000,QUEENS,ARCHITECT,ACTIVE,92848.00,per Annum,1820,92586.59,0,0.00,8670.73
2021,826,DEPT OF ENVIRONMENT PROTECTION,2017-02-13T00:00:00.000,ULSTER,STAFF ANALYST,ACTIVE,66875.00,per Annum,1820,66686.82,0,0.00,33.00
2021,826,DEPT OF ENVIRONMENT PROTECTION,2001-03-19T00:00:00.000,PUTNAM,WATERSHED MAINTAINER,ACTIVE,60076.00,per Annum,2080,59906.79,511.25,24034.58,17224.00
2021,826,DEPT OF ENVIRONMENT PROTECTION,2014-07-07T00:00:00.000,MANHATTAN,SEWAGE TREATMENT WORKER,ACTIVE,359.84,per Day,2080,93558.40,44.5,2825.89,24200.59
2021,826,DEPT OF ENVIRONMENT PROTECTION,2020-02-10T00:00:00.000,BRONX,ENVIRONMENTAL POLICE OFFICER,ACTIVE,48093.00,per Annum,2340,47129.61,45,450.17,1167.85
2021,826,DEPT OF ENVIRONMENT PROTECTION,2012-03-12T00:00:00.000,MANHATTAN,ENGINEERING TECHNICIAN,ACTIVE,64808.00,per Annum,1820,64625.68,303,13919.42,2920.29
2021,826,DEPT OF ENVIRONMENT PROTECTION,1990-09-24T00:00:00.000,MANHATTAN,STATIONARY ENGINEER,CEASED,467.20,per Day,0,0.00,0,0.00,4958.40
2021,826,DEPT OF ENVIRONMENT PROTECTION,2016-03-28T00:00:00.000,QUEENS,ASSISTANT MECHANICAL ENGINEER,ACTIVE,74727.00,per Annum,1820,74516.65,110.25,5274.96,1178.28
2021,826,DEPT OF ENVIRONMENT PROTECTION,1996-08-05T00:00:00.000,QUEENS,ADM MANAGER-NON-MGRL,ACTIVE,79993.00,per Annum,1820,79084.87,0,0.00,1757.73
2021,826,DEPT OF ENVIRONMENT PROTECTION,2008-02-19T00:00:00.000,ULSTER,INSTRUMENTAL SPECIALIST,ACTIVE,64997.00,per Annum,1820,64814.17,0,2.38,2216.02
2021,826,DEPT OF ENVIRONMENT PROTECTION,2018-01-08T00:00:00.000,QUEENS,ASSOCIATE PUBLIC HEALTH SANITARIAN,ACTIVE,69527.00,per Annum,2080,69331.33,0,0.00,11050.18
2021,826,DEPT OF ENVIRONMENT PROTECTION,2016-07-11T00:00:00.000,QUEENS,STAFF ANALYST,ACTIVE,66875.00,per Annum,1820,66877.39,0,0.00,0.00
2021,826,DEPT OF ENVIRONMENT PROTECTION,2020-03-23T00:00:00.000,MANHATTAN,ENGINEERING TECHNICIAN,ACTIVE,56354.00,per Annum,1820,54282.62,598,24066.14,1680.75
2021,826,DEPT OF ENVIRONMENT PROTECTION,2016-02-08T00:00:00.000,QUEENS,PROCUREMENT ANALYST,ACTIVE,74328.00,per Annum,1820,73929.23,28,1362.67,0.00
2021,826,DEPT OF ENVIRONMENT PROTECTION,1997-01-06T00:00:00.000,MANHATTAN,SEWAGE TREATMENT WORKER,ACTIVE,359.84,per Day,2080,93558.40,471.75,24629.93,13196.83
2021,826,DEPT OF ENVIRONMENT PROTECTION,2011-02-14T00:00:00.000,BROOKLYN,SEWAGE TREATMENT WORKER,ACTIVE,359.84,per Day,2080,93558.40,111.5,6690.80,30772.04
2021,826,DEPT OF ENVIRONMENT PROTECTION,2008-04-14T00:00:00.000,QUEENS,ASSISTANT ENVIRONMENTAL ENGINEER,ACTIVE,77921.00,per Annum,1820,77701.67,0,0.48,4100.17
2021,826,DEPT OF ENVIRONMENT PROTECTION,2015-09-08T00:00:00.000,RICHMOND,SEWAGE TREATMENT WORKER,ACTIVE,359.84,per Day,2080,93558.40,353,23639.26,16093.08
2021,826,DEPT OF ENVIRONMENT PROTECTION,2006-08-07T00:00:00.000,WESTCHESTER,ASSOCIATE CHEMIST,ACTIVE,89882.00,per Annum,1820,87905.30,0,0.00,5527.13
2021,826,DEPT OF ENVIRONMENT PROTECTION,2002-07-22T00:00:00.000,BRONX,SUPERVISOR,ACTIVE,96414.00,per Annum,2080,96142.60,356,25944.58,10612.13
2021,826,DEPT OF ENVIRONMENT PROTECTION,2001-07-23T00:00:00.000,BROOKLYN,ASSOCIATE AIR POLLUTION INSPR,ACTIVE,60029.00,per Annum,1820,59859.99,528.5,23601.86,9749.38
2021,826,DEPT OF ENVIRONMENT PROTECTION,1981-11-02T00:00:00.000,QUEENS,COMPUTER SPECIALIST,ACTIVE,108872.00,per Annum,1820,108565.51,14.75,1077.56,6201.54
2021,826,DEPT OF ENVIRONMENT PROTECTION,1989-10-02T00:00:00.000,QUEENS,PRINCIPAL ADMINISTRATIVE ASSOCIATE -  NON SUPVR,ACTIVE,89825.00,per Annum,1820,88796.95,0,0.00,4312.46
2021,826,DEPT OF ENVIRONMENT PROTECTION,2015-09-08T00:00:00.000,BROOKLYN,SENIOR STATIONARY ENGINEER,ACTIVE,578.00,per Day,2080,150280.00,755.5,81878.44,0.00
2021,826,DEPT OF ENVIRONMENT PROTECTION,2001-03-05T00:00:00.000,BROOKLYN,STATIONARY ENGINEER,ACTIVE,501.92,per Day,2080,130499.20,642.5,62176.30,39879.80
2021,826,DEPT OF ENVIRONMENT PROTECTION,1996-05-30T00:00:00.000,QUEENS,CITY LABORER,ACTIVE,290.00,per Day,2080,75400.00,29,1866.87,0.00
2021,826,DEPT OF ENVIRONMENT PROTECTION,2019-04-22T00:00:00.000,QUEENS,ELECTRICIANS HELPER,ACTIVE,271.18,per Day,1820,70421.80,388.5,22545.14,0.00
2021,826,DEPT OF ENVIRONMENT PROTECTION,1982-06-25T00:00:00.000,BROOKLYN,SEWAGE TREATMENT WORKER,CEASED,285.36,per Day,0,0.00,0,0.00,28454.97
2021,826,DEPT OF ENVIRONMENT PROTECTION,1996-12-02T00:00:00.000,BROOKLYN,STATIONARY ENGINEER,ACTIVE,501.92,per Day,2080,130499.20,636.25,60223.32,46366.54
2021,826,DEPT OF ENVIRONMENT PROTECTION,1989-08-07T00:00:00.000,QUEENS,ADMINISTRATIVE PROJECT MANAGER,ACTIVE,115589.00,per Annum,1820,115263.65,0,0.00,585.56
2021,826,DEPT OF ENVIRONMENT PROTECTION,2015-02-23T00:00:00.000,BROOKLYN,SUPERVISOR OF STOCK WORKERS,ACTIVE,44950.00,per Annum,1820,44805.61,958.75,32264.13,229.12
2021,826,DEPT OF ENVIRONMENT PROTECTION,2003-06-23T00:00:00.000,MANHATTAN,LABORATORY ASSOCIATE,ACTIVE,48879.00,per Annum,1820,48741.40,98.75,2891.35,6945.77
2021,826,DEPT OF ENVIRONMENT PROTECTION,2015-01-26T00:00:00.000,BROOKLYN,ELECTRICIAN,ACTIVE,427.35,per Day,1820,110977.00,394,35939.92,7886.15
2021,826,DEPT OF ENVIRONMENT PROTECTION,1996-12-02T00:00:00.000,BROOKLYN,SENIOR STATIONARY ENGINEER,ACTIVE,618.24,per Day,2080,160742.40,690,78651.72,0.00
2021,826,DEPT OF ENVIRONMENT PROTECTION,2010-03-22T00:00:00.000,BRONX,ASSOCIATE PROJECT MANAGER,ACTIVE,78156.00,per Annum,1820,77935.91,141.25,8423.93,5700.05
2021,826,DEPT OF ENVIRONMENT PROTECTION,2019-06-03T00:00:00.000,QUEENS,COLLEGE AIDE,CEASED,16.00,per Hour,377.75,6044.00,0,0.00,0.00
2021,826,DEPT OF ENVIRONMENT PROTECTION,2019-01-14T00:00:00.000,QUEENS,CLERICAL ASSOCIATE,ACTIVE,41848.00,per Annum,1820,38632.27,40.25,1111.65,1586.61
2021,826,DEPT OF ENVIRONMENT PROTECTION,1988-10-03T00:00:00.000,MANHATTAN,ELECTRICIAN,CEASED,373.03,per Day,0,0.00,0,0.00,14622.80
2021,826,DEPT OF ENVIRONMENT PROTECTION,2019-11-18T00:00:00.000,QUEENS,ASSISTANT ENVIRONMENTAL ENGINEER,ACTIVE,65640.00,per Annum,1820,65455.28,0,0.00,491.55
2021,826,DEPT OF ENVIRONMENT PROTECTION,2016-04-25T00:00:00.000,SULLIVAN,PROCUREMENT ANALYST,ACTIVE,58618.00,per Annum,1820,58303.45,0,0.00,908.06
2021,826,DEPT OF ENVIRONMENT PROTECTION,2019-08-26T00:00:00.000,DELAWARE,WATERSHED MAINTAINER,ACTIVE,42611.00,per Annum,2080,41641.19,0,0.00,0.00
2021,826,DEPT OF ENVIRONMENT PROTECTION,2018-06-11T00:00:00.000,MANHATTAN,CONSTRUCTION LABORER,ACTIVE,352.32,per Day,2080,91603.20,185.5,12362.02,11649.39
2021,826,DEPT OF ENVIRONMENT PROTECTION,2021-04-19T00:00:00.000,QUEENS,ASSOCIATE PUBLIC HEALTH SANITARIAN,ACTIVE,88500.00,per Annum,360,15275.34,0,0.00,0.00
2021,826,DEPT OF ENVIRONMENT PROTECTION,2016-09-12T00:00:00.000,QUEENS,CLERICAL ASSOCIATE,ACTIVE,41851.00,per Annum,1820,41733.11,8,217.62,6.87
2021,826,DEPT OF ENVIRONMENT PROTECTION,2003-03-24T00:00:00.000,QUEENS,PRINCIPAL ADMINISTRATIVE ASSOCIATE -  NON SUPVR,ACTIVE,54631.00,per Annum,1820,54002.54,0,0.00,4312.46
2021,826,DEPT OF ENVIRONMENT PROTECTION,2006-09-25T00:00:00.000,QUEENS,ADMINISTRATIVE PROJECT MANAGER,ACTIVE,82374.00,per Annum,1820,82142.14,11,496.95,18.99
2021,826,DEPT OF ENVIRONMENT PROTECTION,2018-07-23T00:00:00.000,BROOKLYN,WATER USE INSPECTOR,ACTIVE,52864.00,per Annum,1820,52339.39,361,13190.80,99.00
2021,826,DEPT OF ENVIRONMENT PROTECTION,2018-08-27T00:00:00.000,QUEENS,WATER USE INSPECTOR,ACTIVE,38216.00,per Annum,1820,38190.91,87,2302.47,16.50
2021,826,DEPT OF ENVIRONMENT PROTECTION,2006-07-17T00:00:00.000,MANHATTAN,STATIONARY ENGINEER,ACTIVE,501.92,per Day,2080,130499.20,1171.5,113120.90,50058.35
2021,826,DEPT OF ENVIRONMENT PROTECTION,2017-04-24T00:00:00.000,QUEENS,COMMUNITY ASSOCIATE,ACTIVE,49415.00,per Annum,1820,49275.92,1,27.05,189.33
2021,826,DEPT OF ENVIRONMENT PROTECTION,2008-01-07T00:00:00.000,BROOKLYN,MACHINIST,ACTIVE,347.20,per Day,2080,90272.00,115.5,7583.09,1050.28
2021,826,DEPT OF ENVIRONMENT PROTECTION,2014-02-10T00:00:00.000,QUEENS,ASSOCIATE PUBLIC HEALTH SANITARIAN,ACTIVE,84733.00,per Annum,2080,84494.44,138.25,8930.91,4971.88
2021,826,DEPT OF ENVIRONMENT PROTECTION,1990-08-27T00:00:00.000,QUEENS,ASSOCIATE CHEMIST,ACTIVE,90163.00,per Annum,1820,89909.31,0,0.00,8261.98
2021,826,DEPT OF ENVIRONMENT PROTECTION,2018-01-08T00:00:00.000,QUEENS,ASSOCIATE STAFF ANALYST,ACTIVE,75591.00,per Annum,1820,75378.22,206.5,11657.13,2275.56
2021,826,DEPT OF ENVIRONMENT PROTECTION,2015-09-28T00:00:00.000,MANHATTAN,CONSTRUCTION LABORER,ACTIVE,352.32,per Day,2080,77510.40,65.5,4326.93,7046.40
2021,826,DEPT OF ENVIRONMENT PROTECTION,2013-04-08T00:00:00.000,QUEENS,ADMINISTRATIVE STAFF ANALYST,ACTIVE,88620.00,per Annum,1820,88370.49,0,0.00,0.00
2021,826,DEPT OF ENVIRONMENT PROTECTION,2013-02-11T00:00:00.000,QUEENS,ADM MANAGER-NON-MGRL,ACTIVE,87965.00,per Annum,1820,86966.55,0,0.00,776.95
2021,826,DEPT OF ENVIRONMENT PROTECTION,1997-04-21T00:00:00.000,BRONX,OILER,ACTIVE,478.00,per Day,2080,124280.00,241,21599.62,193.40
2021,826,DEPT OF ENVIRONMENT PROTECTION,2003-04-14T00:00:00.000,BROOKLYN,SEWAGE TREATMENT WORKER,ACTIVE,359.84,per Day,2080,93558.40,224,14580.32,36616.73
2021,826,DEPT OF ENVIRONMENT PROTECTION,2012-03-26T00:00:00.000,BROOKLYN,ELECTRICIAN,ACTIVE,427.35,per Day,1820,110977.00,213,19463.98,13065.50
2021,826,DEPT OF ENVIRONMENT PROTECTION,2002-10-07T00:00:00.000,BROOKLYN,SEWAGE TREATMENT WORKER,ACTIVE,359.84,per Day,2080,93558.40,35,1667.64,30862.13
2021,826,DEPT OF ENVIRONMENT PROTECTION,2005-03-28T00:00:00.000,QUEENS,COMPUTER SYSTEMS MANAGER,ACTIVE,99613.00,per Annum,1820,99332.57,0,0.00,0.00
2021,826,DEPT OF ENVIRONMENT PROTECTION,2003-05-19T00:00:00.000,MANHATTAN,ADMINISTRATIVE PROJECT MANAGER,ACTIVE,125489.00,per Annum,1820,125135.88,0,0.00,28.08
2021,826,DEPT OF ENVIRONMENT PROTECTION,2015-04-27T00:00:00.000,MANHATTAN,ADMINISTRATIVE PROJECT MANAGER,ACTIVE,113696.00,per Annum,1820,113375.93,100,8774.18,2435.68
2021,826,DEPT OF ENVIRONMENT PROTECTION,2013-12-09T00:00:00.000,QUEENS,CITY RESEARCH SCIENTIST,ACTIVE,108795.00,per Annum,1820,108488.81,14.5,1097.92,2672.70
2021,826,DEPT OF ENVIRONMENT PROTECTION,2017-01-23T00:00:00.000,MANHATTAN,DISTRICT SUPERVISOR,ACTIVE,101210.00,per Annum,2080,99372.40,14,993.70,4219.78
2021,826,DEPT OF ENVIRONMENT PROTECTION,2016-08-08T00:00:00.000,QUEENS,ADMINISTRATIVE ENGINEER,ACTIVE,104553.00,per Annum,1820,104258.68,0,0.00,160.46
2021,826,DEPT OF ENVIRONMENT PROTECTION,1989-08-28T00:00:00.000,MANHATTAN,ASSOCIATE CHEMIST,ACTIVE,96142.00,per Annum,1820,95871.44,2,124.97,8261.98
2021,826,DEPT OF ENVIRONMENT PROTECTION,2014-12-08T00:00:00.000,RICHMOND,CONSTRUCTION LABORER,ACTIVE,352.32,per Day,2080,89489.28,111,7385.51,6693.96
2021,826,DEPT OF ENVIRONMENT PROTECTION,2019-09-09T00:00:00.000,BROOKLYN,SCIENTIST,ACTIVE,61058.00,per Annum,1820,60886.13,282.5,9445.62,170.77
2021,826,DEPT OF ENVIRONMENT PROTECTION,2015-10-26T00:00:00.000,QUEENS,PROCUREMENT ANALYST,ACTIVE,70145.00,per Annum,1820,69768.53,0,0.00,0.00
2021,826,DEPT OF ENVIRONMENT PROTECTION,2014-10-14T00:00:00.000,QUEENS,ASSISTANT CHEMICAL ENGINEER,ACTIVE,66714.00,per Annum,1820,66526.15,16.25,727.00,2402.84
2021,826,DEPT OF ENVIRONMENT PROTECTION,2009-01-20T00:00:00.000,MANHATTAN,MARINER,ACTIVE,68962.00,per Annum,1736,56070.71,26,1303.08,12207.43
2021,826,DEPT OF ENVIRONMENT PROTECTION,2019-02-25T00:00:00.000,QUEENS,MECHANICAL ENGINEERING INTERN,ACTIVE,59125.00,per Annum,1820,55159.65,354.5,13200.14,1020.89
2021,826,DEPT OF ENVIRONMENT PROTECTION,2019-02-25T00:00:00.000,QUEENS,CIVIL ENGINEERING INTERN,ACTIVE,59125.00,per Annum,1820,55159.65,0,0.00,208.77
2021,826,DEPT OF ENVIRONMENT PROTECTION,2015-09-14T00:00:00.000,QUEENS,PRINCIPAL ADMINISTRATIVE ASSOCIATE -  NON SUPVR,ACTIVE,54531.00,per Annum,1820,53912.11,0,0.00,1273.48
2021,826,DEPT OF ENVIRONMENT PROTECTION,2019-12-09T00:00:00.000,MANHATTAN,APPRENTICE,ACTIVE,50530.00,per Annum,2080,41409.02,134,4382.89,1374.87
2021,826,DEPT OF ENVIRONMENT PROTECTION,1988-10-17T00:00:00.000,RICHMOND,STATIONARY ENGINEER,CEASED,501.92,per Day,0,0.00,0,0.00,13918.54
2021,826,DEPT OF ENVIRONMENT PROTECTION,2006-07-17T00:00:00.000,MANHATTAN,SEWAGE TREATMENT WORKER,CEASED,334.08,per Day,0,0.00,0,0.00,12833.00
2021,826,DEPT OF ENVIRONMENT PROTECTION,1992-06-01T00:00:00.000,BRONX,SEWAGE TREATMENT WORKER,CEASED,334.08,per Day,0,0.00,-1,-19.88,12543.54
2021,826,DEPT OF ENVIRONMENT PROTECTION,1995-12-04T00:00:00.000,MANHATTAN,SEWAGE TREATMENT WORKER,CEASED,279.76,per Day,0,0.00,0,0.00,1812.23
2021,826,DEPT OF ENVIRONMENT PROTECTION,2008-04-07T00:00:00.000,MANHATTAN,SUPERVISOR ELECTRICIAN,ACTIVE,460.25,per Day,1820,119520.00,329,32440.09,16563.47
2021,826,DEPT OF ENVIRONMENT PROTECTION,2007-04-09T00:00:00.000,WESTCHESTER,ADMINISTRATIVE ENGINEER,ACTIVE,170804.00,per Annum,1820,170323.35,0,0.00,-3272.10
2021,826,DEPT OF ENVIRONMENT PROTECTION,2008-11-24T00:00:00.000,MANHATTAN,SENIOR SEWAGE TREATMENT WORKER,ACTIVE,396.40,per Day,2080,103064.00,572.25,42200.57,21045.54
2021,826,DEPT OF ENVIRONMENT PROTECTION,1999-04-19T00:00:00.000,RICHMOND,ELECTRICIAN,ACTIVE,427.35,per Day,1820,110977.00,390.5,35649.55,18286.49
2021,826,DEPT OF ENVIRONMENT PROTECTION,2013-02-11T00:00:00.000,BROOKLYN,STATIONARY ENGINEER,ACTIVE,501.92,per Day,2080,130499.20,208.5,19653.46,12978.95
2021,826,DEPT OF ENVIRONMENT PROTECTION,2017-01-30T00:00:00.000,QUEENS,EXECUTIVE AGENCY COUNSEL,ACTIVE,166507.00,per Annum,1820,166038.35,0,0.00,-3189.80
2021,826,DEPT OF ENVIRONMENT PROTECTION,1986-08-28T00:00:00.000,MANHATTAN,STATIONARY ENGINEER,ACTIVE,501.92,per Day,2080,130499.20,10.25,1215.59,27371.48
2021,826,DEPT OF ENVIRONMENT PROTECTION,2019-04-22T00:00:00.000,QUEENS,SEWAGE TREATMENT WORKER,ACTIVE,359.84,per Day,2080,93558.40,703.75,46314.83,18500.50
2021,826,DEPT OF ENVIRONMENT PROTECTION,2010-07-12T00:00:00.000,WESTCHESTER,ASSOCIATE PROJECT MANAGER,CEASED,103699.00,per Annum,0,0.00,0,0.00,1.84
2021,816,DEPT OF HEALTH/MENTAL HYGIENE,2015-10-26T00:00:00.000,QUEENS,HEALTH SERVICES MANAGER NON MANAGERIAL LEVEL I,ACTIVE,106220.00,per Annum,1820,105920.99,0,0.00,90.75
2021,816,DEPT OF HEALTH/MENTAL HYGIENE,2020-05-18T00:00:00.000,MANHATTAN,FORENSIC MORTUARY TECHNICIAN,ACTIVE,43074.00,per Annum,1820,42677.54,292.5,8935.68,1939.57
2021,816,DEPT OF HEALTH/MENTAL HYGIENE,2007-10-01T00:00:00.000,QUEENS,HEALTH SERVICES MANAGER NON MANAGERIAL LEVEL II,ACTIVE,113000.00,per Annum,1820,112682.04,0,0.00,0.00
2021,816,DEPT OF HEALTH/MENTAL HYGIENE,2016-01-11T00:00:00.000,MANHATTAN,CITY RESEARCH SCIENTIST,ACTIVE,86830.00,per Annum,1820,86585.71,367.25,24731.49,1534.68
2021,816,DEPT OF HEALTH/MENTAL HYGIENE,2012-11-26T00:00:00.000,MANHATTAN,CRIMINALIST,ACTIVE,86520.00,per Annum,1820,86276.59,89.25,5243.83,2909.36
2021,816,DEPT OF HEALTH/MENTAL HYGIENE,2019-09-09T00:00:00.000,QUEENS,PUBLIC HEALTH NURSE,ACTIVE,35.02,per Hour,1610,60651.10,76.75,3677.85,31545.09
2021,816,DEPT OF HEALTH/MENTAL HYGIENE,2015-12-07T00:00:00.000,QUEENS,HEALTH SERVICES MANAGER NON MANAGERIAL LEVEL I,ACTIVE,83517.00,per Annum,1820,83281.89,215,12330.94,0.00
2021,816,DEPT OF HEALTH/MENTAL HYGIENE,2019-01-07T00:00:00.000,QUEENS,COMMUNITY COORDINATOR,ACTIVE,70555.00,per Annum,1820,70356.44,434.25,22924.58,672.27
2021,816,DEPT OF HEALTH/MENTAL HYGIENE,2012-03-12T00:00:00.000,QUEENS,COMMUNITY ASSISTANT,CEASED,42191.00,per Annum,-8,-161.33,0,0.00,967.98
2021,816,DEPT OF HEALTH/MENTAL HYGIENE,2020-01-27T00:00:00.000,QUEENS,COMMUNITY ASSOCIATE,ACTIVE,50000.00,per Annum,1820,44412.72,0,0.00,0.00
2021,816,DEPT OF HEALTH/MENTAL HYGIENE,2020-04-13T00:00:00.000,QUEENS,CITY MEDICAL SPECIALIST,CEASED,90.21,per Hour,1499.4,136089.32,0,0.00,-552.30
2021,816,DEPT OF HEALTH/MENTAL HYGIENE,2017-07-31T00:00:00.000,QUEENS,COMMUNITY COORDINATOR,ACTIVE,69826.00,per Annum,1820,69629.53,298.25,14924.55,929.69
2021,816,DEPT OF HEALTH/MENTAL HYGIENE,2020-12-28T00:00:00.000,MANHATTAN,CITY RESEARCH SCIENTIST,ACTIVE,111288.00,per Annum,875,53357.25,0,0.00,16.50
2021,816,DEPT OF HEALTH/MENTAL HYGIENE,2017-07-17T00:00:00.000,QUEENS,SPECIAL OFFICER,ACTIVE,38287.00,per Annum,2080,37405.84,400.25,10963.77,4947.57
2021,816,DEPT OF HEALTH/MENTAL HYGIENE,2019-02-25T00:00:00.000,QUEENS,CITY MEDICAL SPECIALIST,CEASED,79.01,per Hour,0,5406.20,0,0.00,-2703.10
2021,816,DEPT OF HEALTH/MENTAL HYGIENE,2020-02-24T00:00:00.000,BROOKLYN,PUBLIC HEALTH NURSE,ACTIVE,35.02,per Hour,1663.5,61510.38,12.25,557.38,9519.12
2021,816,DEPT OF HEALTH/MENTAL HYGIENE,2016-05-09T00:00:00.000,QUEENS,SPEC CONSULTANT,ACTIVE,84057.00,per Annum,1820,82913.26,0,0.00,1677.51
2021,816,DEPT OF HEALTH/MENTAL HYGIENE,2018-09-17T00:00:00.000,QUEENS,PUBLIC HEALTH ADVISER,ACTIVE,24.62,per Hour,1757,41769.70,269.75,8490.56,2692.60
2021,816,DEPT OF HEALTH/MENTAL HYGIENE,2020-04-13T00:00:00.000,QUEENS,CITY RESEARCH SCIENTIST,ACTIVE,70554.00,per Annum,1820,65154.32,146.25,6050.65,422.85
2021,816,DEPT OF HEALTH/MENTAL HYGIENE,2007-10-01T00:00:00.000,QUEENS,*SR MANAGEMENT CONSULTANT,ACTIVE,71845.00,per Annum,1820,71642.82,0,0.00,8.25
2021,816,DEPT OF HEALTH/MENTAL HYGIENE,2017-11-20T00:00:00.000,QUEENS,COMMUNITY COORDINATOR,CEASED,68457.00,per Annum,1391.5,52190.81,12.5,580.78,0.00
2021,816,DEPT OF HEALTH/MENTAL HYGIENE,2018-11-05T00:00:00.000,MANHATTAN,CRIMINALIST,ACTIVE,70349.00,per Annum,1820,66349.88,136,5477.46,12988.67
2021,816,DEPT OF HEALTH/MENTAL HYGIENE,2004-08-30T00:00:00.000,QUEENS,ADM MANAGER-NON-MGRL,ACTIVE,70821.00,per Annum,1820,70016.99,0,0.00,1757.73
2021,816,DEPT OF HEALTH/MENTAL HYGIENE,2017-12-04T00:00:00.000,QUEENS,FORENSIC MORTUARY TECHNICIAN,ACTIVE,49535.00,per Annum,1820,48889.12,530.5,19401.34,3551.28
2021,816,DEPT OF HEALTH/MENTAL HYGIENE,2016-11-07T00:00:00.000,QUEENS,COMMUNITY COORDINATOR,ACTIVE,83532.00,per Annum,1820,83296.97,32.75,1737.38,5.72
2021,816,DEPT OF HEALTH/MENTAL HYGIENE,2017-06-05T00:00:00.000,QUEENS,CITY RESEARCH SCIENTIST,ACTIVE,86830.00,per Annum,1820,70667.53,272.5,13324.96,1048.48
2021,816,DEPT OF HEALTH/MENTAL HYGIENE,2012-07-23T00:00:00.000,BRONX,SR HEALTHCARE PROG PLAN ANLYST,ACTIVE,52712.00,per Annum,1820,52563.64,0,0.00,0.00
2021,816,DEPT OF HEALTH/MENTAL HYGIENE,2015-04-13T00:00:00.000,QUEENS,SECRETARY,ACTIVE,49700.00,per Annum,1820,49560.08,64,2235.83,732.80
2021,816,DEPT OF HEALTH/MENTAL HYGIENE,2019-02-11T00:00:00.000,QUEENS,CITY RESEARCH SCIENTIST,ACTIVE,86830.00,per Annum,1554,70528.35,0,0.00,1443.67
2021,816,DEPT OF HEALTH/MENTAL HYGIENE,2018-08-27T00:00:00.000,MANHATTAN,COMMUNITY COORDINATOR,ACTIVE,72100.00,per Annum,1820,71897.09,0,0.00,149.00
2021,816,DEPT OF HEALTH/MENTAL HYGIENE,1989-01-30T00:00:00.000,QUEENS,PRINCIPAL ADMINISTRATIVE ASSOCIATE -  NON SUPVR,ACTIVE,58199.00,per Annum,1820,57529.89,11,376.61,4327.87
2021,816,DEPT OF HEALTH/MENTAL HYGIENE,1992-03-27T00:00:00.000,QUEENS,COMPUTER SPECIALIST,ACTIVE,98925.00,per Annum,1820,98646.48,0,0.00,6071.60
2021,816,DEPT OF HEALTH/MENTAL HYGIENE,2018-07-23T00:00:00.000,MANHATTAN,CLERICAL ASSOCIATE,ACTIVE,41848.00,per Annum,1820,41730.25,0,1.83,2874.19
2021,816,DEPT OF HEALTH/MENTAL HYGIENE,2007-08-27T00:00:00.000,MANHATTAN,PUBLIC HEALTH SANITARIAN,ACTIVE,62533.00,per Annum,2080,62357.09,0,0.00,8663.27
2021,816,DEPT OF HEALTH/MENTAL HYGIENE,2017-06-26T00:00:00.000,QUEENS,PUBLIC HEALTH ADVISER,ACTIVE,48410.00,per Annum,1820,48273.70,130.25,4236.18,1126.69
2021,816,DEPT OF HEALTH/MENTAL HYGIENE,2017-11-13T00:00:00.000,QUEENS,PUBLIC HEALTH NURSE,ACTIVE,35.02,per Hour,1195.5,42824.60,20,807.03,18831.40
2021,816,DEPT OF HEALTH/MENTAL HYGIENE,2011-02-07T00:00:00.000,BROOKLYN,HEALTH SERVICES MANAGER NON MANAGERIAL LEVEL I,ACTIVE,83436.00,per Annum,1820,83262.41,193,11810.96,226.93
2021,816,DEPT OF HEALTH/MENTAL HYGIENE,2020-01-06T00:00:00.000,QUEENS,COLLEGE AIDE,CEASED,17.30,per Hour,318.75,5514.41,0,0.00,0.00
2021,816,DEPT OF HEALTH/MENTAL HYGIENE,2020-02-24T00:00:00.000,BRONX,PUBLIC HEALTH NURSE,ACTIVE,35.02,per Hour,768.93,27645.88,236.5,9924.65,6636.36
2021,816,DEPT OF HEALTH/MENTAL HYGIENE,2017-07-31T00:00:00.000,MANHATTAN,CLERICAL ASSOCIATE,ACTIVE,50490.00,per Annum,1750,43569.73,0,0.00,617.17
2021,816,DEPT OF HEALTH/MENTAL HYGIENE,2019-08-12T00:00:00.000,QUEENS,CONTRACT SPECIALIST,ACTIVE,61800.00,per Annum,1820,61626.03,0,0.00,64.75
2021,816,DEPT OF HEALTH/MENTAL HYGIENE,2000-08-21T00:00:00.000,BRONX,PUBLIC HEALTH ADVISER,ACTIVE,24.62,per Hour,1533,37742.46,0,0.00,6287.59
2021,816,DEPT OF HEALTH/MENTAL HYGIENE,2014-06-02T00:00:00.000,QUEENS,ACCOUNTANT,ACTIVE,64415.00,per Annum,1820,64233.64,0,0.00,6353.33
2021,816,DEPT OF HEALTH/MENTAL HYGIENE,2016-07-18T00:00:00.000,MANHATTAN,COMMUNITY COORDINATOR,ACTIVE,62215.00,per Annum,1820,62039.92,190,7823.81,951.92
2021,816,DEPT OF HEALTH/MENTAL HYGIENE,2017-05-15T00:00:00.000,MANHATTAN,CRIMINALIST,ACTIVE,70349.00,per Annum,1820,70151.05,3,121.04,546.05
2021,816,DEPT OF HEALTH/MENTAL HYGIENE,1998-06-26T00:00:00.000,MANHATTAN,PUBLIC HEALTH ADVISER,ACTIVE,54315.00,per Annum,1820,54162.24,0,0.00,5383.83
2021,816,DEPT OF HEALTH/MENTAL HYGIENE,2004-04-26T00:00:00.000,MANHATTAN,ASSOCIATE PUBLIC HEALTH SANITARIAN,ACTIVE,69503.00,per Annum,2080,69307.42,0,0.00,13650.72
2021,816,DEPT OF HEALTH/MENTAL HYGIENE,2020-02-24T00:00:00.000,QUEENS,PUBLIC HEALTH NURSE,ACTIVE,35.02,per Hour,1378.95,48972.00,32,1295.74,9323.54
2021,816,DEPT OF HEALTH/MENTAL HYGIENE,2014-09-29T00:00:00.000,QUEENS,PUBLIC HEALTH ADVISER,ACTIVE,24.62,per Hour,1715.25,42229.49,121.75,3368.05,4092.14
2021,816,DEPT OF HEALTH/MENTAL HYGIENE,2014-09-29T00:00:00.000,MANHATTAN,LABORATORY MICROBIOLOGIST,ACTIVE,56690.00,per Annum,1820,56530.42,9.25,289.55,2887.78
2021,816,DEPT OF HEALTH/MENTAL HYGIENE,2019-07-22T00:00:00.000,MANHATTAN,CITY RESEARCH SCIENTIST,ACTIVE,93138.00,per Annum,1820,92875.94,11,713.70,207.77
2021,816,DEPT OF HEALTH/MENTAL HYGIENE,1992-08-10T00:00:00.000,MANHATTAN,SUPERVISOR OF STOCK WORKERS,ACTIVE,63654.00,per Annum,1820,63449.23,26,1053.41,498.64
2021,816,DEPT OF HEALTH/MENTAL HYGIENE,1999-01-25T00:00:00.000,MANHATTAN,CONTRACT SPECIALIST,ACTIVE,64270.00,per Annum,1820,64089.09,0,5.60,1492.34
2021,816,DEPT OF HEALTH/MENTAL HYGIENE,2016-08-22T00:00:00.000,MANHATTAN,PUBLIC HEALTH SANITARIAN,ACTIVE,62533.00,per Annum,2080,62357.09,0,0.00,3248.56
2021,816,DEPT OF HEALTH/MENTAL HYGIENE,2011-05-06T00:00:00.000,MANHATTAN,POISON INFORMATION SPECIALIST,ACTIVE,51.42,per Hour,1134.28,58324.94,0,0.00,7409.65
2021,816,DEPT OF HEALTH/MENTAL HYGIENE,1995-04-09T00:00:00.000,MANHATTAN,SECRETARY,ACTIVE,60740.00,per Annum,1820,60568.95,0,0.00,5205.50
2021,816,DEPT OF HEALTH/MENTAL HYGIENE,2007-06-04T00:00:00.000,QUEENS,PROCUREMENT ANALYST,ACTIVE,85732.00,per Annum,1403,65808.77,0,0.00,0.00
2021,816,DEPT OF HEALTH/MENTAL HYGIENE,2019-09-30T00:00:00.000,QUEENS,SOCIAL WORKER,ACTIVE,65920.00,per Annum,1820,65734.50,0,0.00,189.75
2021,816,DEPT OF HEALTH/MENTAL HYGIENE,1999-09-16T00:00:00.000,QUEENS,PUBLIC HEALTH NURSE,ACTIVE,35.02,per Hour,1352.5,48970.32,2,84.78,28074.58
2021,816,DEPT OF HEALTH/MENTAL HYGIENE,2015-04-06T00:00:00.000,QUEENS,COMMUNITY COORDINATOR,ACTIVE,64454.00,per Annum,1820,64272.64,336.25,16470.67,1673.12
2021,816,DEPT OF HEALTH/MENTAL HYGIENE,2014-11-17T00:00:00.000,MANHATTAN,ASSOCIATE PUBLIC HEALTH SANITARIAN,ACTIVE,69503.00,per Annum,2080,69307.42,52.5,2821.66,5387.31
2021,816,DEPT OF HEALTH/MENTAL HYGIENE,2019-02-11T00:00:00.000,MANHATTAN,CONSULTANT PUBLIC HEALTH NURSE,ACTIVE,84252.00,per Annum,1680,78527.38,0,0.00,3460.36
2021,816,DEPT OF HEALTH/MENTAL HYGIENE,1999-01-11T00:00:00.000,MANHATTAN,PUBLIC HEALTH EPIDEMIOLOGIST,ACTIVE,70565.00,per Annum,1820,70366.33,88.5,3705.16,7891.13
2021,816,DEPT OF HEALTH/MENTAL HYGIENE,2015-06-22T00:00:00.000,RICHMOND,CRIMINALIST,ACTIVE,70349.00,per Annum,1820,70151.05,55.25,2721.85,4955.99
2021,816,DEPT OF HEALTH/MENTAL HYGIENE,2016-08-08T00:00:00.000,BRONX,CONSULTANT,ACTIVE,76408.00,per Annum,1820,76193.00,0,0.00,1641.51
2021,816,DEPT OF HEALTH/MENTAL HYGIENE,2015-07-01T00:00:00.000,BROOKLYN,CITY MEDICAL EXAMINER,CEASED,167824.00,per Annum,0,428.04,0,0.00,-214.02
2021,816,DEPT OF HEALTH/MENTAL HYGIENE,1993-09-13T00:00:00.000,QUEENS,PUBLIC HEALTH NURSE,ACTIVE,84252.00,per Annum,1820,84014.78,114.5,7287.48,24081.56
2021,816,DEPT OF HEALTH/MENTAL HYGIENE,2002-05-06T00:00:00.000,BROOKLYN,EVIDENCE AND PROPERTY CONTROL SPECIALIST,ACTIVE,66818.00,per Annum,1820,66603.09,868,43936.44,4288.94
2021,816,DEPT OF HEALTH/MENTAL HYGIENE,2003-06-20T00:00:00.000,QUEENS,COMPUTER SPECIALIST,ACTIVE,109090.00,per Annum,1820,108782.86,8,500.84,5273.97
2021,816,DEPT OF HEALTH/MENTAL HYGIENE,2011-05-16T00:00:00.000,QUEENS,CASEWORKER,CEASED,65920.00,per Annum,70,2523.50,0,0.00,3368.87
2021,816,DEPT OF HEALTH/MENTAL HYGIENE,2016-04-25T00:00:00.000,BROOKLYN,PUBLIC HEALTH ADVISER,ACTIVE,24.62,per Hour,1504.98,37052.71,4,102.12,3879.12
2021,816,DEPT OF HEALTH/MENTAL HYGIENE,2001-09-10T00:00:00.000,MANHATTAN,CRIMINALIST,ACTIVE,105740.00,per Annum,1820,105442.36,0,8.20,9047.18
2021,816,DEPT OF HEALTH/MENTAL HYGIENE,2019-02-04T00:00:00.000,QUEENS,PUBLIC HEALTH ASSISTANT,ACTIVE,20.21,per Hour,1434.5,26718.24,31.25,636.60,936.83
2021,816,DEPT OF HEALTH/MENTAL HYGIENE,2016-10-24T00:00:00.000,QUEENS,CITY RESEARCH SCIENTIST,ACTIVE,111288.00,per Annum,1820,110974.75,502.75,42143.48,2068.15
2021,816,DEPT OF HEALTH/MENTAL HYGIENE,1993-12-13T00:00:00.000,MANHATTAN,PUBLIC HEALTH ADVISER,ACTIVE,45111.00,per Annum,1820,44983.91,0,0.00,5225.41
2021,816,DEPT OF HEALTH/MENTAL HYGIENE,2003-12-08T00:00:00.000,MANHATTAN,CITY RESEARCH SCIENTIST,ACTIVE,113685.00,per Annum,1820,113365.01,406.25,36450.05,7124.30
2021,816,DEPT OF HEALTH/MENTAL HYGIENE,2019-10-21T00:00:00.000,BROOKLYN,CITY MORTUARY TECHNICIAN,ACTIVE,38811.00,per Annum,1820,38368.20,297.75,9106.48,2928.28
2021,816,DEPT OF HEALTH/MENTAL HYGIENE,2006-09-05T00:00:00.000,MANHATTAN,CITY RESEARCH SCIENTIST,ACTIVE,101200.00,per Annum,1820,100915.07,558,46814.45,9966.49
2021,816,DEPT OF HEALTH/MENTAL HYGIENE,2018-02-26T00:00:00.000,MANHATTAN,PUBLIC HEALTH NURSE,ACTIVE,35.02,per Hour,1406,50332.80,138,6312.71,26748.57
2021,816,DEPT OF HEALTH/MENTAL HYGIENE,2006-06-26T00:00:00.000,QUEENS,PUBLIC HEALTH ADVISER,ACTIVE,54228.00,per Annum,1820,54075.42,17,537.87,3660.64
2021,816,DEPT OF HEALTH/MENTAL HYGIENE,1968-01-29T00:00:00.000,MANHATTAN,ADMINISTRATIVE PROCUREMENT ANALYST-NON-MGRL,ACTIVE,83433.00,per Annum,1820,82984.53,0,0.00,373.49
2021,816,DEPT OF HEALTH/MENTAL HYGIENE,1996-03-03T00:00:00.000,QUEENS,PRINCIPAL ADMINISTRATIVE ASSOCIATE -  NON SUPVR,ACTIVE,54794.00,per Annum,1820,54163.57,0,0.00,4312.46
2021,816,DEPT OF HEALTH/MENTAL HYGIENE,2020-02-24T00:00:00.000,QUEENS,PUBLIC HEALTH NURSE,ACTIVE,35.02,per Hour,1337,47135.57,0,0.00,11361.74
2021,816,DEPT OF HEALTH/MENTAL HYGIENE,2007-10-01T00:00:00.000,BROOKLYN,PRINCIPAL ADMINISTRATIVE ASSOCIATE -  NON SUPVR,ACTIVE,54794.00,per Annum,1820,54163.57,0,0.00,4403.21
2021,816,DEPT OF HEALTH/MENTAL HYGIENE,1994-11-21T00:00:00.000,BROOKLYN,PRINCIPAL ADMINISTRATIVE ASSOCIATE -  NON SUPVR,ACTIVE,54794.00,per Annum,1820,54163.57,4,129.50,4318.93
2021,816,DEPT OF HEALTH/MENTAL HYGIENE,2006-08-21T00:00:00.000,MANHATTAN,STATIONARY ENGINEER,ACTIVE,508.80,per Day,2080,132288.00,1058,102299.01,19077.61
2021,816,DEPT OF HEALTH/MENTAL HYGIENE,2011-05-02T00:00:00.000,QUEENS,SUPERVISING SPECIAL OFFICER,ACTIVE,55853.00,per Annum,2080,55673.65,532.25,21355.93,6181.25
2021,816,DEPT OF HEALTH/MENTAL HYGIENE,1996-06-30T00:00:00.000,MANHATTAN,CITY MEDICAL EXAMINER,ACTIVE,238275.00,per Annum,2080,263793.11,188,25625.58,32439.49
2021,816,DEPT OF HEALTH/MENTAL HYGIENE,2020-07-15T00:00:00.000,BROOKLYN,FORENSIC MORTUARY TECHNICIAN,ACTIVE,54276.00,per Annum,1701,49012.01,210.25,8136.27,1818.55
2021,816,DEPT OF HEALTH/MENTAL HYGIENE,2003-02-20T00:00:00.000,BROOKLYN,PUBLIC HEALTH ADVISER,ACTIVE,54252.00,per Annum,1820,54099.34,2.5,80.84,4863.23
2021,816,DEPT OF HEALTH/MENTAL HYGIENE,2000-12-18T00:00:00.000,QUEENS,PUBLIC HEALTH ADVISER,ACTIVE,54252.00,per Annum,1820,54099.34,0,0.00,5260.12
2021,816,DEPT OF HEALTH/MENTAL HYGIENE,1987-01-11T00:00:00.000,QUEENS,PRINCIPAL ADMINISTRATIVE ASSOCIATE -  NON SUPVR,ACTIVE,72237.00,per Annum,1820,71408.47,0,0.00,1757.73
2021,816,DEPT OF HEALTH/MENTAL HYGIENE,2010-01-25T00:00:00.000,MANHATTAN,ASSOCIATE PUBLIC HEALTH SANITARIAN,ACTIVE,69503.00,per Annum,2080,69307.42,1.75,99.31,9520.14
2021,816,DEPT OF HEALTH/MENTAL HYGIENE,2017-10-23T00:00:00.000,MANHATTAN,COMMUNITY COORDINATOR,ACTIVE,78989.00,per Annum,1820,78766.80,0,0.00,41.25
2021,816,DEPT OF HEALTH/MENTAL HYGIENE,1990-05-16T00:00:00.000,MANHATTAN,ADM MANAGER-NON-MGRL,ACTIVE,70631.00,per Annum,1820,69829.30,129.25,6989.37,1757.73
2021,816,DEPT OF HEALTH/MENTAL HYGIENE,2018-09-24T00:00:00.000,QUEENS,CITY RESEARCH SCIENTIST,ACTIVE,70554.00,per Annum,1820,70355.39,47.5,2371.78,301.18
2021,816,DEPT OF HEALTH/MENTAL HYGIENE,2010-07-26T00:00:00.000,MANHATTAN,ASSOCIATE PUBLIC HEALTH SANITARIAN,ACTIVE,69503.00,per Annum,2080,69307.42,0,0.06,9008.22
2021,816,DEPT OF HEALTH/MENTAL HYGIENE,2019-01-28T00:00:00.000,QUEENS,CONSULTANT,ACTIVE,76408.00,per Annum,1820,72119.55,0,0.00,820.47
2021,816,DEPT OF HEALTH/MENTAL HYGIENE,2020-04-20T00:00:00.000,MANHATTAN,CRIMINALIST,ACTIVE,70349.00,per Annum,1820,69332.55,70.75,3571.35,0.00
2021,816,DEPT OF HEALTH/MENTAL HYGIENE,2017-06-12T00:00:00.000,QUEENS,CITY RESEARCH SCIENTIST,ACTIVE,110647.00,per Annum,1820,110335.46,85,6570.71,562.80
2021,816,DEPT OF HEALTH/MENTAL HYGIENE,2015-08-31T00:00:00.000,MANHATTAN,CITY RESEARCH SCIENTIST,ACTIVE,86830.00,per Annum,1820,86585.71,1144.75,79152.56,5457.12
2021,816,DEPT OF HEALTH/MENTAL HYGIENE,2020-04-13T00:00:00.000,QUEENS,CITY MEDICAL SPECIALIST,CEASED,90.21,per Hour,1722.2,156188.12,239.5,22088.12,-862.04
2021,816,DEPT OF HEALTH/MENTAL HYGIENE,2014-12-08T00:00:00.000,QUEENS,CITY RESEARCH SCIENTIST,ACTIVE,86830.00,per Annum,1820,86585.71,427.75,27602.74,3160.87
2021,816,DEPT OF HEALTH/MENTAL HYGIENE,2016-02-29T00:00:00.000,QUEENS,AGENCY MEDICAL DIRECTOR,ACTIVE,183000.00,per Annum,1820,175734.67,0,0.00,-3323.50
2021,816,DEPT OF HEALTH/MENTAL HYGIENE,2011-02-14T00:00:00.000,QUEENS,HEALTH SERVICES MANAGER NON MANAGERIAL LEVEL II,ACTIVE,117000.00,per Annum,1820,116670.66,27,1857.16,44.83
2021,816,DEPT OF HEALTH/MENTAL HYGIENE,2012-06-04T00:00:00.000,MANHATTAN,MEDICOLEGAL INVESTIGATOR,CEASED,62.69,per Hour,39.38,2468.94,0,0.00,505.88
2021,816,DEPT OF HEALTH/MENTAL HYGIENE,2018-08-20T00:00:00.000,QUEENS,CITY MEDICAL SPECIALIST,ACTIVE,84.62,per Hour,1709,155785.05,245,20853.45,2077.29
2021,816,DEPT OF HEALTH/MENTAL HYGIENE,2007-10-01T00:00:00.000,QUEENS,*COORDINATING MANAGER,CEASED,79292.00,per Annum,280,9302.40,0,0.00,514.46
2021,816,DEPT OF HEALTH/MENTAL HYGIENE,1994-07-25T00:00:00.000,BRONX,CITY MEDICAL SPECIALIST,ACTIVE,84.62,per Hour,1729,162531.29,68,6439.81,11471.95
2021,816,DEPT OF HEALTH/MENTAL HYGIENE,2016-10-31T00:00:00.000,BROOKLYN,PUBLIC HEALTH ASSISTANT,ACTIVE,20.21,per Hour,1743,35226.03,0,0.00,3069.73
2021,816,DEPT OF HEALTH/MENTAL HYGIENE,2019-09-23T00:00:00.000,QUEENS,COMMUNITY COORDINATOR,ACTIVE,56650.00,per Annum,1820,56490.63,0,0.00,0.00
2021,816,DEPT OF HEALTH/MENTAL HYGIENE,2018-02-26T00:00:00.000,QUEENS,ACCOUNTANT,ACTIVE,63191.00,per Annum,1820,63013.03,0,0.00,0.00
2021,816,DEPT OF HEALTH/MENTAL HYGIENE,2012-10-29T00:00:00.000,BROOKLYN,CITY MORTUARY TECHNICIAN,ACTIVE,44633.00,per Annum,1820,44507.36,297.65,10442.37,8162.48
2021,816,DEPT OF HEALTH/MENTAL HYGIENE,2016-05-31T00:00:00.000,MANHATTAN,CLERICAL ASSOCIATE,ACTIVE,45195.00,per Annum,1540,38133.84,0,0.28,1492.12
2021,816,DEPT OF HEALTH/MENTAL HYGIENE,2016-10-03T00:00:00.000,QUEENS,PROCUREMENT ANALYST,ACTIVE,63654.00,per Annum,1820,63312.36,0,0.00,8.25
2021,816,DEPT OF HEALTH/MENTAL HYGIENE,2017-09-11T00:00:00.000,BROOKLYN,COMMUNITY COORDINATOR,ACTIVE,64000.00,per Annum,1820,63819.75,6.5,227.71,30.58
2021,816,DEPT OF HEALTH/MENTAL HYGIENE,2017-02-13T00:00:00.000,BRONX,COMMUNITY ASSOCIATE,ACTIVE,50000.00,per Annum,1820,44412.72,39.25,947.08,34.00
2021,816,DEPT OF HEALTH/MENTAL HYGIENE,2018-07-16T00:00:00.000,MANHATTAN,COMMUNITY ASSOCIATE,ACTIVE,50000.00,per Annum,1820,44185.76,45,1447.73,69.50
2021,816,DEPT OF HEALTH/MENTAL HYGIENE,2019-04-15T00:00:00.000,MANHATTAN,CLERICAL ASSOCIATE,ACTIVE,46350.00,per Annum,1820,46219.59,0,0.00,0.00
2021,816,DEPT OF HEALTH/MENTAL HYGIENE,2015-11-09T00:00:00.000,BROOKLYN,PUBLIC HEALTH ADVISER,ACTIVE,53164.00,per Annum,1820,53014.44,0,0.00,2429.22
2021,816,DEPT OF HEALTH/MENTAL HYGIENE,2011-01-24T00:00:00.000,MANHATTAN,ASSOCIATE LABORATORY MICROBIOLOGIST,CEASED,63649.00,per Annum,0,0.00,0,0.00,6428.34
2021,816,DEPT OF HEALTH/MENTAL HYGIENE,2019-12-09T00:00:00.000,QUEENS,CONTRACT SPECIALIST,ACTIVE,53000.00,per Annum,1820,52850.91,84,3220.05,0.00
2021,816,DEPT OF HEALTH/MENTAL HYGIENE,1995-04-03T00:00:00.000,MANHATTAN,PRINCIPAL ADMINISTRATIVE ASSOCIATE -  NON SUPVR,ACTIVE,55723.00,per Annum,1820,52944.70,36,1541.92,1691.04
2021,816,DEPT OF HEALTH/MENTAL HYGIENE,2011-03-14T00:00:00.000,QUEENS,ADMINISTRATIVE STAFF ANALYST,ACTIVE,85375.00,per Annum,1820,79241.21,0,0.00,0.00
2021,816,DEPT OF HEALTH/MENTAL HYGIENE,2010-09-13T00:00:00.000,QUEENS,JR PHNURSE,ACTIVE,34.73,per Hour,1433.5,51155.09,260.5,14246.37,24787.25
2021,816,DEPT OF HEALTH/MENTAL HYGIENE,2006-10-29T00:00:00.000,QUEENS,PRINCIPAL ADMINISTRATIVE ASSOCIATE -  NON SUPVR,ACTIVE,89699.00,per Annum,1820,88680.71,0,0.00,1821.16
2021,816,DEPT OF HEALTH/MENTAL HYGIENE,2018-06-11T00:00:00.000,QUEENS,CITY RESEARCH SCIENTIST,ACTIVE,70554.00,per Annum,1820,70355.39,595.5,31415.17,941.85
2021,816,DEPT OF HEALTH/MENTAL HYGIENE,2006-09-11T00:00:00.000,BROOKLYN,PUBLIC HEALTH NURSE,ACTIVE,79039.00,per Annum,1820,78816.47,163.75,11354.90,16343.88
2021,816,DEPT OF HEALTH/MENTAL HYGIENE,2006-06-05T00:00:00.000,MANHATTAN,COMPUTER SYSTEMS MANAGER,ACTIVE,106613.00,per Annum,1820,106313.03,0,0.00,0.00
2021,816,DEPT OF HEALTH/MENTAL HYGIENE,2006-08-21T00:00:00.000,MANHATTAN,COMPUTER ASSOCIATE,ACTIVE,73360.00,per Annum,1820,73153.57,0,0.00,501.50
2021,816,DEPT OF HEALTH/MENTAL HYGIENE,2015-04-13T00:00:00.000,MANHATTAN,JR PHNURSE,CEASED,34.73,per Hour,0,0.00,0,0.00,-1015.76
2021,816,DEPT OF HEALTH/MENTAL HYGIENE,2002-06-17T00:00:00.000,MANHATTAN,PUBLIC HEALTH SANITARIAN,ACTIVE,62557.00,per Annum,2080,62381.02,1.5,79.03,10972.62
2021,816,DEPT OF HEALTH/MENTAL HYGIENE,2016-09-12T00:00:00.000,QUEENS,CERTIFIED IT DEVELOPER,ACTIVE,113736.00,per Annum,1820,113415.96,251.25,23249.67,6114.68
2021,816,DEPT OF HEALTH/MENTAL HYGIENE,2011-03-07T00:00:00.000,QUEENS,ADMINISTRATIVE MANAGEMENT AUDITOR,ACTIVE,145709.00,per Annum,1820,145298.93,0,0.00,-2791.35
2021,816,DEPT OF HEALTH/MENTAL HYGIENE,2017-11-13T00:00:00.000,BRONX,PUBLIC HEALTH NURSE,ACTIVE,35.02,per Hour,1666,62306.85,104.75,5006.49,31269.50
2021,816,DEPT OF HEALTH/MENTAL HYGIENE,2005-09-08T00:00:00.000,MANHATTAN,ADMINISTRATIVE PUBLIC HEALTH SANITARIAN,ACTIVE,128756.00,per Annum,1820,128393.69,0,0.00,-2466.60
2021,816,DEPT OF HEALTH/MENTAL HYGIENE,2009-10-05T00:00:00.000,QUEENS,COMPUTER SYSTEMS MANAGER,ACTIVE,128685.00,per Annum,1820,128322.73,0,0.00,-2465.25
2021,816,DEPT OF HEALTH/MENTAL HYGIENE,2002-03-18T00:00:00.000,QUEENS,CITY RESEARCH SCIENTIST,ACTIVE,111089.00,per Annum,1820,110776.38,61,4292.54,10208.85
2021,816,DEPT OF HEALTH/MENTAL HYGIENE,1987-05-31T00:00:00.000,QUEENS,ADMIN CONTRACT SPECIALIST,ACTIVE,128000.00,per Annum,1820,127639.76,0,0.00,-2452.10
2021,816,DEPT OF HEALTH/MENTAL HYGIENE,2012-03-26T00:00:00.000,QUEENS,SPEC CONSULTANT,ACTIVE,82086.00,per Annum,1820,81854.86,42,2598.62,4448.38
2021,816,DEPT OF HEALTH/MENTAL HYGIENE,2021-03-15T00:00:00.000,MANHATTAN,PUBLIC HEALTH SANITARIAN,ACTIVE,45722.00,per Annum,560,12276.04,53,1740.82,0.00
2021,816,DEPT OF HEALTH/MENTAL HYGIENE,1991-04-22T00:00:00.000,MANHATTAN,POISON INFORMATION SPECIALIST,CEASED,87992.00,per Annum,0,0.00,0,0.00,12967.67
2021,816,DEPT OF HEALTH/MENTAL HYGIENE,2011-02-28T00:00:00.000,QUEENS,HEALTH SERVICES MANAGER NON MANAGERIAL LEVEL II,ACTIVE,158689.00,per Annum,1820,158242.33,6.5,629.72,1026.06
2021,816,DEPT OF HEALTH/MENTAL HYGIENE,1992-07-20T00:00:00.000,QUEENS,HEALTH SERVICES MANAGER NON MANAGERIAL LEVEL I,ACTIVE,104271.00,per Annum,1820,103977.63,0,0.00,33.00
2021,816,DEPT OF HEALTH/MENTAL HYGIENE,2016-10-31T00:00:00.000,QUEENS,SPEC CONSULTANT,ACTIVE,87013.00,per Annum,1820,86767.97,0,0.00,1674.51
2021,816,DEPT OF HEALTH/MENTAL HYGIENE,1996-01-31T00:00:00.000,QUEENS,HEALTH SERVICES MANAGER NON MANAGERIAL LEVEL I,ACTIVE,88624.00,per Annum,1820,88374.64,0,0.00,41.25
2021,816,DEPT OF HEALTH/MENTAL HYGIENE,2016-03-28T00:00:00.000,QUEENS,CITY RESEARCH SCIENTIST,ACTIVE,97359.00,per Annum,1820,97085.03,4.25,234.76,951.70
2021,816,DEPT OF HEALTH/MENTAL HYGIENE,2001-08-27T00:00:00.000,MANHATTAN,CITY MEDICAL SPECIALIST,ACTIVE,84.62,per Hour,1654,155723.65,0,0.00,11267.63
2021,816,DEPT OF HEALTH/MENTAL HYGIENE,2006-04-24T00:00:00.000,MANHATTAN,PUBLIC HEALTH SANITARIAN,ACTIVE,62533.00,per Annum,2080,62357.09,12,608.88,7228.17
2021,816,DEPT OF HEALTH/MENTAL HYGIENE,1993-04-19T00:00:00.000,QUEENS,PRINCIPAL ADMINISTRATIVE ASSOCIATE -  NON SUPVR,ACTIVE,64526.00,per Annum,1820,63784.92,99.5,4295.73,2093.60
2021,816,DEPT OF HEALTH/MENTAL HYGIENE,2017-10-30T00:00:00.000,QUEENS,CONTRACT SPECIALIST,ACTIVE,65054.00,per Annum,1820,64870.85,92.5,3796.63,1380.57
2021,816,DEPT OF HEALTH/MENTAL HYGIENE,2017-07-24T00:00:00.000,QUEENS,SPECIAL CONSULTANT,ACTIVE,69152.00,per Annum,1820,68957.48,8,359.58,237.23
2021,816,DEPT OF HEALTH/MENTAL HYGIENE,2017-04-10T00:00:00.000,MANHATTAN,PUBLIC HEALTH SANITARIAN,ACTIVE,62533.00,per Annum,2080,62357.09,83.3,3925.59,3138.32
2021,816,DEPT OF HEALTH/MENTAL HYGIENE,2018-02-26T00:00:00.000,QUEENS,PUBLIC HEALTH NURSE,ACTIVE,35.02,per Hour,1239,43978.14,21,793.55,24556.43
2021,816,DEPT OF HEALTH/MENTAL HYGIENE,1999-12-01T00:00:00.000,BRONX,ASSOCIATE PUBLIC HEALTH SANITARIAN,ACTIVE,77435.00,per Annum,2080,73908.08,37,2374.17,11669.25
2021,816,DEPT OF HEALTH/MENTAL HYGIENE,2020-01-27T00:00:00.000,QUEENS,COMMUNITY COORDINATOR,ACTIVE,55000.00,per Annum,1820,54845.22,0,0.00,0.00
2021,816,DEPT OF HEALTH/MENTAL HYGIENE,2018-09-04T00:00:00.000,BRONX,PUBLIC HEALTH ADVISER,ACTIVE,54228.00,per Annum,1820,54075.42,0,0.00,738.76
2021,816,DEPT OF HEALTH/MENTAL HYGIENE,2016-02-01T00:00:00.000,QUEENS,CITY RESEARCH SCIENTIST,ACTIVE,110382.00,per Annum,1582,87208.66,0,0.00,580.04
2021,816,DEPT OF HEALTH/MENTAL HYGIENE,2017-12-18T00:00:00.000,MANHATTAN,PRINCIPAL ADMINISTRATIVE ASSOCIATE -  NON SUPVR,ACTIVE,54531.00,per Annum,1820,53912.11,0,0.00,519.27
2021,816,DEPT OF HEALTH/MENTAL HYGIENE,2018-02-26T00:00:00.000,QUEENS,PUBLIC HEALTH NURSE,ACTIVE,35.02,per Hour,1070.25,38133.58,128,4737.34,11351.40
2021,816,DEPT OF HEALTH/MENTAL HYGIENE,2008-02-11T00:00:00.000,QUEENS,ENVIRONMENTAL HEALTH TECHNICIAN,ACTIVE,42978.00,per Annum,1820,42857.00,0,0.00,4579.88
2021,816,DEPT OF HEALTH/MENTAL HYGIENE,1978-04-24T00:00:00.000,MANHATTAN,PUBLIC RECORDS AIDE,ACTIVE,39604.00,per Annum,1820,39492.60,58,1759.15,6085.07
2021,816,DEPT OF HEALTH/MENTAL HYGIENE,2020-11-09T00:00:00.000,QUEENS,JR PHNURSE,ACTIVE,34.73,per Hour,943.5,32767.76,225,9646.29,4527.83
2021,816,DEPT OF HEALTH/MENTAL HYGIENE,2017-11-13T00:00:00.000,QUEENS,PUBLIC HEALTH ADVISER,ACTIVE,24.62,per Hour,1743,42912.70,8.5,260.87,3427.07
2021,816,DEPT OF HEALTH/MENTAL HYGIENE,2018-06-04T00:00:00.000,BROOKLYN,PUBLIC HEALTH ASSISTANT,ACTIVE,34755.00,per Annum,1820,34657.22,72,1648.48,1578.33
2021,816,DEPT OF HEALTH/MENTAL HYGIENE,2011-10-03T00:00:00.000,QUEENS,ADM MANAGER-NON-MGRL,ACTIVE,104188.00,per Annum,1820,97655.79,0,0.00,1782.98
2021,816,DEPT OF HEALTH/MENTAL HYGIENE,2020-03-23T00:00:00.000,MANHATTAN,COMMUNITY COORDINATOR,ACTIVE,55000.00,per Annum,1820,54845.22,310,12530.79,1276.11
2021,816,DEPT OF HEALTH/MENTAL HYGIENE,2013-03-18T00:00:00.000,MANHATTAN,LABORATORY MICROBIOLOGIST,ACTIVE,63000.00,per Annum,1820,62822.72,0,0.00,5444.08
2021,816,DEPT OF HEALTH/MENTAL HYGIENE,2013-12-23T00:00:00.000,QUEENS,SOCIAL WORKER,ACTIVE,65884.00,per Annum,1820,65698.63,0,0.00,2534.81
2021,816,DEPT OF HEALTH/MENTAL HYGIENE,2017-09-26T00:00:00.000,MANHATTAN,PUBLIC HEALTH SANITARIAN,ACTIVE,62533.00,per Annum,2080,62357.09,0,0.00,5493.43
2021,816,DEPT OF HEALTH/MENTAL HYGIENE,2018-05-29T00:00:00.000,QUEENS,COLLEGE AIDE,ACTIVE,16.35,per Hour,1079.25,17645.74,0,0.00,0.00
2021,816,DEPT OF HEALTH/MENTAL HYGIENE,2019-02-11T00:00:00.000,MANHATTAN,PUBLIC HEALTH SANITARIAN,CEASED,52580.00,per Annum,1387.33,30544.22,0,0.00,396.61
2021,816,DEPT OF HEALTH/MENTAL HYGIENE,1988-11-28T00:00:00.000,QUEENS,COMMUNITY COORDINATOR,CEASED,62365.00,per Annum,1729,59079.58,8,278.94,1288.49
2021,816,DEPT OF HEALTH/MENTAL HYGIENE,2021-01-25T00:00:00.000,QUEENS,IT SERVICE MANAGEMENT SPECIALIST,ACTIVE,99860.00,per Annum,735,40217.62,32,2486.94,0.00
2021,816,DEPT OF HEALTH/MENTAL HYGIENE,1997-09-15T00:00:00.000,BROOKLYN,CITY PEST CONTROL AIDE,ACTIVE,38765.00,per Annum,1820,38655.97,0,0.00,4426.44
2021,816,DEPT OF HEALTH/MENTAL HYGIENE,2018-10-15T00:00:00.000,MANHATTAN,COMMUNITY COORDINATOR,ACTIVE,62215.00,per Annum,1820,60271.74,0,0.00,8.75
2021,816,DEPT OF HEALTH/MENTAL HYGIENE,1993-08-09T00:00:00.000,QUEENS,PRINCIPAL ADMINISTRATIVE ASSOCIATE -  NON SUPVR,ACTIVE,57250.00,per Annum,1512,47215.94,0,0.00,3594.14
2021,816,DEPT OF HEALTH/MENTAL HYGIENE,2010-12-06T00:00:00.000,QUEENS,LABORATORY ASSOCIATE,ACTIVE,45229.00,per Annum,1820,45101.68,27,843.94,5686.00
2021,816,DEPT OF HEALTH/MENTAL HYGIENE,2014-01-27T00:00:00.000,QUEENS,JR PHNURSE,ACTIVE,34.73,per Hour,1701,63598.95,0,0.28,32648.24
2021,816,DEPT OF HEALTH/MENTAL HYGIENE,2017-09-25T00:00:00.000,QUEENS,CITY RESEARCH SCIENTIST,ACTIVE,76198.00,per Annum,1820,75983.46,166.75,8379.02,2855.67
2021,816,DEPT OF HEALTH/MENTAL HYGIENE,2020-01-06T00:00:00.000,QUEENS,CITY RESEARCH SCIENTIST,ACTIVE,70554.00,per Annum,1820,66858.88,324,16514.88,3799.02
2021,816,DEPT OF HEALTH/MENTAL HYGIENE,2019-09-09T00:00:00.000,MANHATTAN,PUBLIC HEALTH NURSE,ACTIVE,35.02,per Hour,1582,58803.72,158.5,6965.52,21341.23
2021,816,DEPT OF HEALTH/MENTAL HYGIENE,2012-08-06T00:00:00.000,MANHATTAN,ASSOCIATE PUBLIC HEALTH SANITARIAN,ACTIVE,69503.00,per Annum,2080,69307.42,183,10117.44,7445.98
2021,816,DEPT OF HEALTH/MENTAL HYGIENE,1995-08-13T00:00:00.000,MANHATTAN,JR PHNURSE,ACTIVE,34.73,per Hour,1498,53616.80,0,0.15,32766.69
2021,816,DEPT OF HEALTH/MENTAL HYGIENE,2002-07-01T00:00:00.000,QUEENS,SPEC CONSULTANT,ACTIVE,82332.00,per Annum,1820,82100.28,0,0.00,4246.01
2021,816,DEPT OF HEALTH/MENTAL HYGIENE,1993-01-15T00:00:00.000,MANHATTAN,ASSOCIATE LABORATORY MICROBIOLOGIST,ACTIVE,70000.00,per Annum,1820,69802.94,201.5,4493.92,11899.86
2021,816,DEPT OF HEALTH/MENTAL HYGIENE,2007-09-04T00:00:00.000,QUEENS,ADMINISTRATIVE CONTRACT SPECIALIST,ACTIVE,94375.00,per Annum,1820,94109.30,624.5,44837.08,1386.73
2021,816,DEPT OF HEALTH/MENTAL HYGIENE,2008-11-17T00:00:00.000,QUEENS,CITY RESEARCH SCIENTIST,CEASED,100931.00,per Annum,1346.52,74461.08,224,17952.25,4187.34
2021,816,DEPT OF HEALTH/MENTAL HYGIENE,2011-05-16T00:00:00.000,QUEENS,*SR MANAGEMENT CONSULTANT,ACTIVE,96124.00,per Annum,1820,95853.50,0,0.00,1261.66
2021,816,DEPT OF HEALTH/MENTAL HYGIENE,2006-02-27T00:00:00.000,QUEENS,SCIENTIST,ACTIVE,91809.00,per Annum,1820,91550.57,8,506.37,5088.97
2021,816,DEPT OF HEALTH/MENTAL HYGIENE,2019-09-02T00:00:00.000,QUEENS,ADMINISTRATIVE STAFF ANALYST,ACTIVE,97850.00,per Annum,1820,97574.58,0,0.00,44.75
2021,816,DEPT OF HEALTH/MENTAL HYGIENE,2007-04-09T00:00:00.000,QUEENS,CITY RESEARCH SCIENTIST,ACTIVE,122290.00,per Annum,1820,121945.92,745.75,72351.72,7736.02
2021,816,DEPT OF HEALTH/MENTAL HYGIENE,1993-04-05T00:00:00.000,QUEENS,CITY RESEARCH SCIENTIST,ACTIVE,117394.00,per Annum,1820,117063.50,642.75,61545.69,12170.79
2021,816,DEPT OF HEALTH/MENTAL HYGIENE,2015-11-23T00:00:00.000,QUEENS,ADMINISTRATIVE SUPERVISOR OF BUILDING MAINTENANCE,ACTIVE,112686.00,per Annum,1820,112368.77,0,0.00,-2158.75
2021,816,DEPT OF HEALTH/MENTAL HYGIENE,2020-03-30T00:00:00.000,QUEENS,PUBLIC HEALTH EMERGENCY PREPAREDNESS SPECIALIST,ACTIVE,71000.00,per Annum,1820,70800.22,146.25,7053.33,-1044.17
2021,816,DEPT OF HEALTH/MENTAL HYGIENE,1993-01-28T00:00:00.000,MANHATTAN,ADM MANAGER-NON-MGRL,ACTIVE,74735.00,per Annum,1820,73886.69,25.75,1056.28,1765.98
2021,816,DEPT OF HEALTH/MENTAL HYGIENE,2007-04-09T00:00:00.000,QUEENS,SOCIAL WORKER,ACTIVE,72623.00,per Annum,1820,72418.60,0,0.00,4245.78
2021,816,DEPT OF HEALTH/MENTAL HYGIENE,2018-10-22T00:00:00.000,MANHATTAN,PUBLIC HEALTH SANITARIAN,ACTIVE,52580.00,per Annum,2080,50121.51,606.5,23987.97,2022.29
2021,816,DEPT OF HEALTH/MENTAL HYGIENE,2003-04-15T00:00:00.000,MANHATTAN,PUBLIC HEALTH SANITARIAN,ACTIVE,62557.00,per Annum,2080,62381.02,0,0.12,13541.09
2021,816,DEPT OF HEALTH/MENTAL HYGIENE,2017-08-28T00:00:00.000,QUEENS,CITY RESEARCH SCIENTIST,ACTIVE,72671.00,per Annum,1820,72466.44,57,2804.65,549.26
2021,816,DEPT OF HEALTH/MENTAL HYGIENE,2006-08-14T00:00:00.000,MANHATTAN,ASSOCIATE PUBLIC HEALTH SANITARIAN,CEASED,77435.00,per Annum,85.58,3177.38,0,0.00,431.37
2021,816,DEPT OF HEALTH/MENTAL HYGIENE,2017-06-05T00:00:00.000,MANHATTAN,PUBLIC HEALTH SANITARIAN,ACTIVE,62533.00,per Annum,2080,62357.09,208.5,9827.30,3121.82
2021,816,DEPT OF HEALTH/MENTAL HYGIENE,2017-09-11T00:00:00.000,QUEENS,SPECIAL CONSULTANT,ACTIVE,69152.00,per Annum,1820,68957.48,0,0.00,229.66
2021,816,DEPT OF HEALTH/MENTAL HYGIENE,2019-09-30T00:00:00.000,QUEENS,PUBLIC HEALTH EPIDEMIOLOGIST,ACTIVE,57691.00,per Annum,1820,57528.74,246,10232.55,1223.05
2021,816,DEPT OF HEALTH/MENTAL HYGIENE,2004-02-23T00:00:00.000,MANHATTAN,SUPERVISING PUBLIC HEALTH ADVISER,ACTIVE,64895.00,per Annum,1820,64712.27,0,0.00,4175.16
2021,816,DEPT OF HEALTH/MENTAL HYGIENE,2016-12-12T00:00:00.000,MANHATTAN,CRIMINALIST,CEASED,70349.00,per Annum,1750,67144.35,21.25,1086.43,608.12
2021,816,DEPT OF HEALTH/MENTAL HYGIENE,2019-09-03T00:00:00.000,QUEENS,COMMUNITY COORDINATOR,ACTIVE,66950.00,per Annum,1820,66761.68,52.5,2052.04,8.25
2021,816,DEPT OF HEALTH/MENTAL HYGIENE,2006-12-04T00:00:00.000,QUEENS,COMPUTER SYSTEMS MANAGER,ACTIVE,132207.00,per Annum,1820,131834.80,0,0.00,-1532.70
2021,816,DEPT OF HEALTH/MENTAL HYGIENE,1987-05-17T00:00:00.000,QUEENS,HEALTH SERVICES MANAGER,ACTIVE,122161.00,per Annum,1820,121817.23,0,0.00,-2340.25
2021,816,DEPT OF HEALTH/MENTAL HYGIENE,2016-10-17T00:00:00.000,QUEENS,PUBLIC HEALTH EMERGENCY PREPAREDNESS SPECIALIST,ACTIVE,87582.00,per Annum,1820,87335.50,485.5,32915.15,-826.82
2021,816,DEPT OF HEALTH/MENTAL HYGIENE,2012-07-02T00:00:00.000,MANHATTAN,ADMINISTRATIVE STAFF ANALYST,ACTIVE,109458.00,per Annum,1820,109149.95,0,0.00,330.00
2021,816,DEPT OF HEALTH/MENTAL HYGIENE,2007-10-01T00:00:00.000,QUEENS,COMPUTER SPECIALIST,ACTIVE,94375.00,per Annum,1820,94109.30,138.5,8798.13,6277.83
2021,816,DEPT OF HEALTH/MENTAL HYGIENE,2007-10-15T00:00:00.000,QUEENS,CERTIFIED IT ADMINISTRATOR,ACTIVE,101784.00,per Annum,1820,101497.42,51.75,3131.73,4140.15
2021,816,DEPT OF HEALTH/MENTAL HYGIENE,2009-07-13T00:00:00.000,QUEENS,CITY RESEARCH SCIENTIST,ACTIVE,57.59,per Hour,1286.5,74089.57,0,0.00,1024.75
2021,816,DEPT OF HEALTH/MENTAL HYGIENE,2019-12-23T00:00:00.000,BRONX,CONSULTANT,CEASED,72000.00,per Annum,502.75,19829.06,0,0.00,0.00
2021,816,DEPT OF HEALTH/MENTAL HYGIENE,2021-06-01T00:00:00.000,MANHATTAN,COMMUNITY ASSISTANT,ACTIVE,36923.67,per Annum,112,1982.82,0,0.00,0.00
2021,816,DEPT OF HEALTH/MENTAL HYGIENE,2002-06-17T00:00:00.000,QUEENS,PUBLIC HEALTH EPIDEMIOLOGIST,ACTIVE,65824.00,per Annum,1820,65638.83,68.25,3327.94,5950.24
2021,816,DEPT OF HEALTH/MENTAL HYGIENE,2020-05-04T00:00:00.000,QUEENS,CITY MORTUARY TECHNICIAN,ACTIVE,38811.00,per Annum,1820,38701.74,1014.25,31570.81,4484.89
2021,816,DEPT OF HEALTH/MENTAL HYGIENE,2000-10-31T00:00:00.000,BROOKLYN,PUBLIC HEALTH ADVISER,ACTIVE,24.63,per Hour,1743,42930.10,0,0.00,5292.08
2021,816,DEPT OF HEALTH/MENTAL HYGIENE,2018-02-26T00:00:00.000,QUEENS,SPECIAL CONSULTANT,ACTIVE,73722.00,per Annum,1820,73514.42,0,0.00,639.55
2021,816,DEPT OF HEALTH/MENTAL HYGIENE,2017-10-10T00:00:00.000,MANHATTAN,CLERICAL ASSOCIATE,CEASED,53669.00,per Annum,1442.85,42015.05,623,25948.53,6110.62
2021,816,DEPT OF HEALTH/MENTAL HYGIENE,2016-02-22T00:00:00.000,QUEENS,JR PHNURSE,ACTIVE,34.73,per Hour,1330,48427.67,248.25,10103.69,15498.20
2021,816,DEPT OF HEALTH/MENTAL HYGIENE,2005-08-29T00:00:00.000,MANHATTAN,LABORATORY MICROBIOLOGIST,CEASED,49891.00,per Annum,0,0.00,0,0.00,4955.14
2021,816,DEPT OF HEALTH/MENTAL HYGIENE,2019-04-09T00:00:00.000,QUEENS,SUMMER GRADUATE INTERN,CEASED,24.73,per Hour,201.95,4808.30,0,0.00,173.11
2021,816,DEPT OF HEALTH/MENTAL HYGIENE,2007-03-19T00:00:00.000,BROOKLYN,PUBLIC HEALTH ADVISER,ACTIVE,24.62,per Hour,1729,42568.01,18,472.10,4688.11
2021,816,DEPT OF HEALTH/MENTAL HYGIENE,2017-09-11T00:00:00.000,QUEENS,JR PHNURSE,ACTIVE,34.73,per Hour,1308.55,47709.09,0,0.00,19604.49
2021,816,DEPT OF HEALTH/MENTAL HYGIENE,2019-07-08T00:00:00.000,QUEENS,PUBLIC HEALTH ADVISER,ACTIVE,21.40,per Hour,1588.5,33993.90,0,0.00,538.44
2021,816,DEPT OF HEALTH/MENTAL HYGIENE,2017-09-11T00:00:00.000,MANHATTAN,PUBLIC HEALTH SANITARIAN,ACTIVE,62533.00,per Annum,2080,62357.09,13.5,636.20,3081.73
2021,816,DEPT OF HEALTH/MENTAL HYGIENE,2020-02-24T00:00:00.000,QUEENS,JR PHNURSE,ACTIVE,34.73,per Hour,1530,55383.31,1,35.22,10568.30
2021,816,DEPT OF HEALTH/MENTAL HYGIENE,2016-09-26T00:00:00.000,BROOKLYN,PUBLIC HEALTH ADVISER,ACTIVE,24.62,per Hour,1252.5,30836.55,0,0.00,2904.34
2021,816,DEPT OF HEALTH/MENTAL HYGIENE,2015-10-05T00:00:00.000,QUEENS,PUBLIC HEALTH ADVISER,ACTIVE,54228.00,per Annum,1820,54075.42,38,1494.15,2489.84
2021,816,DEPT OF HEALTH/MENTAL HYGIENE,2007-10-15T00:00:00.000,BROOKLYN,PUBLIC HEALTH ADVISER,ACTIVE,54228.00,per Annum,1820,54075.42,11,438.07,2916.11
2021,816,DEPT OF HEALTH/MENTAL HYGIENE,2016-09-12T00:00:00.000,MANHATTAN,JR PHNURSE,ACTIVE,34.73,per Hour,1658.5,61857.41,95.5,4503.89,34700.06
2021,816,DEPT OF HEALTH/MENTAL HYGIENE,2004-08-30T00:00:00.000,QUEENS,PUBLIC HEALTH NURSE,ACTIVE,35.02,per Hour,1470,52991.82,307,17623.48,30172.00
2021,816,DEPT OF HEALTH/MENTAL HYGIENE,2017-05-08T00:00:00.000,MANHATTAN,ASSOCIATE PUBLIC HEALTH SANITARIAN,ACTIVE,69503.00,per Annum,1631.57,54369.46,7,365.72,2515.31
2021,816,DEPT OF HEALTH/MENTAL HYGIENE,2008-06-30T00:00:00.000,MANHATTAN,PUBLIC HEALTH NURSE,ACTIVE,35.02,per Hour,1620.25,61619.09,118,5847.18,32164.21
2021,816,DEPT OF HEALTH/MENTAL HYGIENE,2007-02-20T00:00:00.000,QUEENS,COMPUTER ASSOCIATE,ACTIVE,76587.00,per Annum,1820,76371.35,0,0.00,5273.97
2021,816,DEPT OF HEALTH/MENTAL HYGIENE,2003-06-02T00:00:00.000,MANHATTAN,EVIDENCE AND PROPERTY CONTROL SPECIALIST,ACTIVE,58035.00,per Annum,1820,56703.56,0,0.00,488.77
2021,816,DEPT OF HEALTH/MENTAL HYGIENE,2018-10-29T00:00:00.000,BROOKLYN,CLERICAL AIDE,ACTIVE,18.56,per Hour,1743,30740.78,43,1020.80,1378.30
2021,816,DEPT OF HEALTH/MENTAL HYGIENE,2019-07-01T00:00:00.000,MANHATTAN,PUBLIC HEALTH SANITARIAN,ACTIVE,45722.00,per Annum,2080,45593.29,313,10402.50,1171.63
2021,816,DEPT OF HEALTH/MENTAL HYGIENE,2001-09-10T00:00:00.000,MANHATTAN,ASSOCIATE LABORATORY MICROBIOLOGIST,ACTIVE,67563.00,per Annum,1820,67372.90,23.25,1161.17,12652.51
2021,816,DEPT OF HEALTH/MENTAL HYGIENE,2005-06-13T00:00:00.000,MANHATTAN,PUBLIC HEALTH SANITARIAN,ACTIVE,62533.00,per Annum,2080,62357.09,162.25,8474.81,10353.21
2021,816,DEPT OF HEALTH/MENTAL HYGIENE,2017-03-20T00:00:00.000,QUEENS,CONSULTANT,ACTIVE,76408.00,per Annum,1820,76193.00,66.5,3332.24,1650.05
2021,816,DEPT OF HEALTH/MENTAL HYGIENE,2008-02-11T00:00:00.000,QUEENS,ADMINISTRATIVE CONTRACT SPECIALIST,ACTIVE,78280.00,per Annum,1820,78059.66,59,2635.08,69.86
2021,816,DEPT OF HEALTH/MENTAL HYGIENE,2001-04-23T00:00:00.000,BROOKLYN,CONSULTANT,ACTIVE,76469.00,per Annum,1820,76253.84,1.75,77.32,4246.01
2021,816,DEPT OF HEALTH/MENTAL HYGIENE,2019-05-28T00:00:00.000,MANHATTAN,PROCUREMENT ANALYST,ACTIVE,74776.00,per Annum,504,20454.08,0,0.00,0.00
2021,816,DEPT OF HEALTH/MENTAL HYGIENE,2019-03-06T00:00:00.000,QUEENS,COLLEGE AIDE,ACTIVE,16.35,per Hour,1239.5,20266.21,0,0.00,0.00
2021,816,DEPT OF HEALTH/MENTAL HYGIENE,2018-02-26T00:00:00.000,BRONX,PUBLIC HEALTH NURSE,CEASED,35.02,per Hour,235.65,9179.81,10,342.66,10660.30
2021,816,DEPT OF HEALTH/MENTAL HYGIENE,2016-02-22T00:00:00.000,QUEENS,PUBLIC HEALTH NURSE,ACTIVE,35.02,per Hour,1337,50485.78,211,9496.11,19894.85
2021,816,DEPT OF HEALTH/MENTAL HYGIENE,2016-02-22T00:00:00.000,QUEENS,PUBLIC HEALTH NURSE,ACTIVE,35.02,per Hour,1581.75,58986.13,34.5,1565.46,19272.62
2021,71,DEPT. OF HOMELESS SERVICES,1998-01-05T00:00:00.000,BRONX,COMMUNITY ASSOCIATE,ACTIVE,44175.00,per Annum,1820,44050.58,292,9472.03,11257.52
2021,71,DEPT. OF HOMELESS SERVICES,2016-06-20T00:00:00.000,MANHATTAN,ADMINISTRATIVE DIRECTOR OF SOCIAL SERVICES,ACTIVE,94234.00,per Annum,1820,93968.65,0,0.00,-1805.25
2021,71,DEPT. OF HOMELESS SERVICES,2007-08-27T00:00:00.000,MANHATTAN,SUPERVISING SPECIAL OFFICER,ACTIVE,64190.00,per Annum,2080,63983.73,139,6397.07,7033.90
2021,71,DEPT. OF HOMELESS SERVICES,2007-08-27T00:00:00.000,BROOKLYN,SUPERVISING SPECIAL OFFICER,CEASED,54226.00,per Annum,0,0.00,0,0.00,5.17
2021,71,DEPT. OF HOMELESS SERVICES,2015-03-16T00:00:00.000,MANHATTAN,MOTOR VEHICLE OPERATOR,ACTIVE,49927.00,per Annum,2080,49786.53,284.75,10643.26,4747.40
2021,71,DEPT. OF HOMELESS SERVICES,2005-06-27T00:00:00.000,BRONX,SUPERVISOR III SOCIAL WORK,CEASED,81535.00,per Annum,0,0.00,0,0.00,8.30
2021,71,DEPT. OF HOMELESS SERVICES,2005-08-08T00:00:00.000,BRONX,COMMUNITY ASSOCIATE,ACTIVE,44083.00,per Annum,1765,27868.81,32,940.82,1075.88
2021,71,DEPT. OF HOMELESS SERVICES,1994-04-17T00:00:00.000,BROOKLYN,SUPERVISOR OF MECHANICS,CEASED,511.76,per Day,0,0.00,0,0.00,176.67
2021,71,DEPT. OF HOMELESS SERVICES,2016-11-15T00:00:00.000,MANHATTAN,CASEWORKER,ACTIVE,47705.00,per Annum,1820,40198.03,115,4093.02,5819.74
2021,71,DEPT. OF HOMELESS SERVICES,2016-04-04T00:00:00.000,BRONX,SUPERVISOR II SOCIAL WORK,ACTIVE,76408.00,per Annum,1820,76193.00,108.25,5950.01,11195.81
2021,71,DEPT. OF HOMELESS SERVICES,2018-08-20T00:00:00.000,BROOKLYN,PRINCIPAL ADMINISTRATIVE ASSOCIATE -  NON SUPVR,ACTIVE,67499.00,per Annum,1820,65328.28,8.25,281.89,0.00
2021,71,DEPT. OF HOMELESS SERVICES,2018-08-06T00:00:00.000,MANHATTAN,SPECIAL OFFICER,CEASED,35985.00,per Annum,720,12405.24,524.5,14517.97,1586.27
2021,71,DEPT. OF HOMELESS SERVICES,2016-06-13T00:00:00.000,BRONX,PRINCIPAL ADMINISTRATIVE ASSOCIATE -  NON SUPVR,ACTIVE,63435.00,per Annum,1820,62706.30,479.5,21814.26,8007.03
2021,71,DEPT. OF HOMELESS SERVICES,2018-03-19T00:00:00.000,BRONX,FRAUD INVESTIGATOR,ACTIVE,47705.00,per Annum,1820,47570.71,6,159.36,1749.35
2021,71,DEPT. OF HOMELESS SERVICES,2017-03-13T00:00:00.000,MANHATTAN,SPECIAL OFFICER,ACTIVE,38287.00,per Annum,2080,37545.54,822.5,22910.15,5201.72
2021,71,DEPT. OF HOMELESS SERVICES,1993-09-05T00:00:00.000,MANHATTAN,COMMUNITY ASSOCIATE,CEASED,46738.00,per Annum,0,0.00,0,0.00,224.15
2021,71,DEPT. OF HOMELESS SERVICES,1998-05-26T00:00:00.000,BRONX,SPECIAL OFFICER,ACTIVE,50282.00,per Annum,2080,50120.16,198.25,7560.61,8015.11
2021,71,DEPT. OF HOMELESS SERVICES,2004-04-05T00:00:00.000,BRONX,SPECIAL OFFICER,ACTIVE,50222.00,per Annum,2011.43,48409.15,161.5,6014.49,4331.84
2021,71,DEPT. OF HOMELESS SERVICES,2002-09-16T00:00:00.000,MANHATTAN,ASSOCIATE FRAUD INVESTIGATOR,ACTIVE,76432.00,per Annum,1820,76216.92,1,53.77,6499.71
2021,71,DEPT. OF HOMELESS SERVICES,2016-07-04T00:00:00.000,MANHATTAN,SPECIAL OFFICER,ACTIVE,38287.00,per Annum,2080,38163.94,633.25,17598.82,3275.97
2021,71,DEPT. OF HOMELESS SERVICES,2005-09-12T00:00:00.000,BRONX,FRAUD INVESTIGATOR,ACTIVE,47705.00,per Annum,1820,47570.71,2,58.43,18133.00
2021,71,DEPT. OF HOMELESS SERVICES,2016-04-25T00:00:00.000,BRONX,SUPERVISOR II SOCIAL WORK,ACTIVE,76408.00,per Annum,1820,76193.00,127.5,6685.94,9086.60
2021,71,DEPT. OF HOMELESS SERVICES,2014-10-27T00:00:00.000,BRONX,COMMUNITY COORDINATOR,ACTIVE,62215.00,per Annum,1820,62039.92,19.25,689.56,1823.03
2021,71,DEPT. OF HOMELESS SERVICES,2018-10-01T00:00:00.000,MANHATTAN,SUPERVISOR I,ACTIVE,58879.00,per Annum,1820,56567.63,465,20439.76,6215.21
2021,71,DEPT. OF HOMELESS SERVICES,1994-04-17T00:00:00.000,BROOKLYN,MAINTENANCE WORKER,ACTIVE,249.28,per Day,2080,64812.80,0,0.00,1040.00
2021,71,DEPT. OF HOMELESS SERVICES,2017-05-22T00:00:00.000,BRONX,SPECIAL OFFICER,ACTIVE,38287.00,per Annum,2080,38132.94,708.25,20235.96,6136.40
2021,71,DEPT. OF HOMELESS SERVICES,1999-08-11T00:00:00.000,BRONX,ASSOCIATE FRAUD INVESTIGATOR,ACTIVE,69238.00,per Annum,1820,69043.02,97.5,4243.09,18659.56
2021,71,DEPT. OF HOMELESS SERVICES,2018-03-19T00:00:00.000,BRONX,FRAUD INVESTIGATOR,ACTIVE,47705.00,per Annum,1820,47570.71,440.75,15170.02,2247.34
2021,71,DEPT. OF HOMELESS SERVICES,2014-07-28T00:00:00.000,BRONX,FRAUD INVESTIGATOR,ACTIVE,48463.00,per Annum,1820,48326.48,134.5,4827.82,11835.93
2021,71,DEPT. OF HOMELESS SERVICES,1998-10-13T00:00:00.000,BRONX,FRAUD INVESTIGATOR,ACTIVE,58783.00,per Annum,1820,58617.54,6,209.10,24537.19
2021,71,DEPT. OF HOMELESS SERVICES,2014-04-21T00:00:00.000,MANHATTAN,SPECIAL OFFICER,ON LEAVE,42193.00,per Annum,0,0.00,0,0.00,6.19
2021,71,DEPT. OF HOMELESS SERVICES,2008-09-08T00:00:00.000,MANHATTAN,COMMUNITY COORDINATOR,ACTIVE,62215.00,per Annum,1820,62039.92,185.25,7893.24,7279.69
2021,71,DEPT. OF HOMELESS SERVICES,2018-05-21T00:00:00.000,MANHATTAN,SPECIAL OFFICER,ACTIVE,37136.00,per Annum,2080,36985.60,235.25,6439.99,6632.69
2021,71,DEPT. OF HOMELESS SERVICES,2014-12-15T00:00:00.000,MANHATTAN,ADMINISTRATIVE CONTRACT SPECIALIST,CEASED,105060.00,per Annum,981.58,56499.07,0,0.00,41.75
2021,71,DEPT. OF HOMELESS SERVICES,2017-08-07T00:00:00.000,MANHATTAN,SPECIAL OFFICER,ACTIVE,38287.00,per Annum,2080,37552.69,511,14831.41,4199.29
2021,71,DEPT. OF HOMELESS SERVICES,1993-09-05T00:00:00.000,BROOKLYN,COMMUNITY ASSISTANT,ACTIVE,39706.00,per Annum,1950,39594.24,120.25,3435.84,13291.72
2021,71,DEPT. OF HOMELESS SERVICES,2014-06-23T00:00:00.000,MANHATTAN,COMMUNITY COORDINATOR,ACTIVE,62215.00,per Annum,1820,62039.92,2,68.10,1014.08
2021,71,DEPT. OF HOMELESS SERVICES,2000-06-26T00:00:00.000,MANHATTAN,SUPERVISING SPECIAL OFFICER,ACTIVE,76409.00,per Annum,2080,76163.44,359.25,19813.81,6857.47
2021,71,DEPT. OF HOMELESS SERVICES,2002-07-15T00:00:00.000,MANHATTAN,COMMUNITY COORDINATOR,ACTIVE,62239.00,per Annum,1820,62063.84,2,69.68,1858.20
2021,71,DEPT. OF HOMELESS SERVICES,2018-09-17T00:00:00.000,BROOKLYN,ASSISTANT SUPERINTENDENT OF WELFARE SHELTERS,ACTIVE,69152.00,per Annum,1820,66783.68,123,5671.92,5883.80
2021,71,DEPT. OF HOMELESS SERVICES,2019-10-28T00:00:00.000,MANHATTAN,COMMUNITY COORDINATOR,ACTIVE,54100.00,per Annum,1820,53947.77,76.5,2613.18,6623.09
2021,71,DEPT. OF HOMELESS SERVICES,2015-10-26T00:00:00.000,BROOKLYN,COMMUNITY COORDINATOR,ACTIVE,62215.00,per Annum,1666,56789.97,671.5,32533.52,1971.73
2021,71,DEPT. OF HOMELESS SERVICES,2016-04-18T00:00:00.000,BRONX,SPECIAL OFFICER,ACTIVE,39438.00,per Annum,2080,39280.31,922.25,27550.83,5641.19
2021,71,DEPT. OF HOMELESS SERVICES,2020-04-13T00:00:00.000,BRONX,FRAUD INVESTIGATOR,ACTIVE,41483.00,per Annum,1820,41366.28,63,1759.68,2138.83
2021,71,DEPT. OF HOMELESS SERVICES,2005-09-12T00:00:00.000,BRONX,ASSOCIATE FRAUD INVESTIGATOR,ACTIVE,69152.00,per Annum,1820,68957.48,352.75,18516.96,19982.37
2021,71,DEPT. OF HOMELESS SERVICES,2007-04-02T00:00:00.000,BRONX,FRAUD INVESTIGATOR,CEASED,46316.00,per Annum,0,0.00,0,0.00,6324.22
2021,71,DEPT. OF HOMELESS SERVICES,1998-11-17T00:00:00.000,MANHATTAN,ADMINISTRATIVE CONTRACT SPECIALIST,ACTIVE,107151.00,per Annum,1820,106849.38,0,0.00,11166.62
2021,71,DEPT. OF HOMELESS SERVICES,2017-05-22T00:00:00.000,MANHATTAN,SPECIAL OFFICER,ACTIVE,38287.00,per Annum,2080,30259.34,439.75,10737.45,4383.83
2021,71,DEPT. OF HOMELESS SERVICES,2014-06-23T00:00:00.000,MANHATTAN,COMMUNITY COORDINATOR,ACTIVE,62215.00,per Annum,1820,62037.94,491.25,25080.28,14683.72
2021,71,DEPT. OF HOMELESS SERVICES,1993-09-05T00:00:00.000,BROOKLYN,COMMUNITY ASSISTANT,CEASED,37661.00,per Annum,0,0.00,0,0.00,3332.84
2021,71,DEPT. OF HOMELESS SERVICES,2014-05-27T00:00:00.000,BROOKLYN,COMMUNITY ASSOCIATE,ACTIVE,44083.00,per Annum,1820,43958.80,10.25,247.33,1329.32
2021,71,DEPT. OF HOMELESS SERVICES,2018-12-10T00:00:00.000,MANHATTAN,COMMUNITY ASSOCIATE,ACTIVE,44083.00,per Annum,1820,41250.23,5,117.50,-1463.96
2021,71,DEPT. OF HOMELESS SERVICES,2007-03-26T00:00:00.000,MANHATTAN,SUPERVISING SPECIAL OFFICER,ACTIVE,55853.00,per Annum,1840,42921.97,399,15889.19,4701.28
2021,71,DEPT. OF HOMELESS SERVICES,2017-10-16T00:00:00.000,MANHATTAN,SPECIAL OFFICER,ACTIVE,38287.00,per Annum,2080,37405.84,457.25,12886.09,6309.22
2021,71,DEPT. OF HOMELESS SERVICES,1993-09-05T00:00:00.000,MANHATTAN,CLERICAL ASSOCIATE,ACTIVE,42337.00,per Annum,1820,42217.72,246,7906.51,5603.10
2021,71,DEPT. OF HOMELESS SERVICES,2015-12-07T00:00:00.000,MANHATTAN,SPECIAL OFFICER,ON LEAVE,50207.00,per Annum,2080,50045.76,1169.75,45573.12,7418.74
2021,71,DEPT. OF HOMELESS SERVICES,2012-05-14T00:00:00.000,BRONX,FRAUD INVESTIGATOR,ACTIVE,58741.00,per Annum,1820,58575.69,54,2093.69,18096.73
2021,71,DEPT. OF HOMELESS SERVICES,2010-06-21T00:00:00.000,MANHATTAN,ASSISTANT SUPERINTENDENT OF WELFARE SHELTERS,ACTIVE,69152.00,per Annum,1820,68957.48,2,77.38,4134.69
2021,71,DEPT. OF HOMELESS SERVICES,2017-12-18T00:00:00.000,BROOKLYN,CLERICAL ASSOCIATE,ON LEAVE,41848.00,per Annum,560,12585.68,0,0.00,-3102.02
2021,71,DEPT. OF HOMELESS SERVICES,2007-04-02T00:00:00.000,MANHATTAN,ASSOCIATE FRAUD INVESTIGATOR,ACTIVE,69152.00,per Annum,1820,68957.48,278.25,14441.21,23964.55
2021,71,DEPT. OF HOMELESS SERVICES,2021-06-07T00:00:00.000,MANHATTAN,ADMINISTRATIVE STAFF ANALYST,ACTIVE,34.41,per Hour,35,1204.35,0,0.00,0.00
2021,71,DEPT. OF HOMELESS SERVICES,2016-07-18T00:00:00.000,MANHATTAN,COMMUNITY COORDINATOR,ACTIVE,62258.00,per Annum,1820,62082.82,0,0.25,1492.36
2021,71,DEPT. OF HOMELESS SERVICES,2001-12-17T00:00:00.000,BRONX,FRAUD INVESTIGATOR,ACTIVE,58795.00,per Annum,1820,58629.50,5,174.46,14517.21
2021,71,DEPT. OF HOMELESS SERVICES,2004-01-20T00:00:00.000,MANHATTAN,PRINCIPAL ADMINISTRATIVE ASSOCIATE -  NON SUPVR,CEASED,52943.00,per Annum,0,-13.91,0,0.00,13.50
2021,71,DEPT. OF HOMELESS SERVICES,2001-03-14T00:00:00.000,BRONX,ASSOCIATE FRAUD INVESTIGATOR,ACTIVE,69212.00,per Annum,1820,69017.28,39.5,1739.78,20312.65
2021,71,DEPT. OF HOMELESS SERVICES,2016-07-05T00:00:00.000,MANHATTAN,COMMUNITY COORDINATOR,ACTIVE,62301.00,per Annum,1820,62125.71,0,0.09,1492.34
2021,71,DEPT. OF HOMELESS SERVICES,1993-09-05T00:00:00.000,BROOKLYN,STAFF ANALYST,ACTIVE,67173.00,per Annum,1820,66983.97,0,0.00,6451.53
2021,71,DEPT. OF HOMELESS SERVICES,2019-06-10T00:00:00.000,MANHATTAN,COMMUNITY ASSOCIATE,ACTIVE,44083.00,per Annum,1820,38226.23,30,713.40,220.31
2021,71,DEPT. OF HOMELESS SERVICES,2018-05-21T00:00:00.000,MANHATTAN,SPECIAL OFFICER,ACTIVE,37136.00,per Annum,2080,36027.71,741.5,20869.95,6735.19
2021,71,DEPT. OF HOMELESS SERVICES,2000-11-06T00:00:00.000,MANHATTAN,PAINTER,CEASED,245.00,per Day,0,0.00,0,0.00,1250.96
2021,71,DEPT. OF HOMELESS SERVICES,2017-03-19T00:00:00.000,MANHATTAN,ADMIN CONTRACT SPECIALIST,ACTIVE,121389.00,per Annum,1820,121047.43,0,0.00,-2325.45
2021,71,DEPT. OF HOMELESS SERVICES,2018-03-19T00:00:00.000,MANHATTAN,SPECIAL OFFICER,ON LEAVE,37136.00,per Annum,1440,17958.72,39,898.57,2084.33
2021,71,DEPT. OF HOMELESS SERVICES,2018-08-06T00:00:00.000,MANHATTAN,SPECIAL OFFICER,CEASED,33819.00,per Annum,-64,-1034.56,0,0.00,0.00
2021,71,DEPT. OF HOMELESS SERVICES,2008-07-28T00:00:00.000,BRONX,SUPERVISING SPECIAL OFFICER,ACTIVE,55853.00,per Annum,2080,55039.90,496.25,19640.86,3489.94
2021,71,DEPT. OF HOMELESS SERVICES,2016-02-22T00:00:00.000,MANHATTAN,COMMUNITY ASSOCIATE,CEASED,47634.00,per Annum,0,-1457.68,0,0.00,0.00
2021,71,DEPT. OF HOMELESS SERVICES,2015-07-27T00:00:00.000,MANHATTAN,SPECIAL OFFICER,ACTIVE,50207.00,per Annum,2080,49651.79,363.65,13414.89,9628.53
2021,71,DEPT. OF HOMELESS SERVICES,2008-07-28T00:00:00.000,BRONX,SPECIAL OFFICER,ACTIVE,50207.00,per Annum,2080,50045.76,191.25,7282.25,6470.14
2021,71,DEPT. OF HOMELESS SERVICES,2019-11-11T00:00:00.000,MANHATTAN,ASSOCIATE STAFF ANALYST,ACTIVE,81638.00,per Annum,1820,81408.21,148.25,8819.51,485.53
2021,71,DEPT. OF HOMELESS SERVICES,2002-07-22T00:00:00.000,BROOKLYN,CASEWORKER,ACTIVE,47729.00,per Annum,1820,47594.63,3,88.05,16154.64
2021,71,DEPT. OF HOMELESS SERVICES,1993-09-05T00:00:00.000,QUEENS,CASEWORKER,CEASED,46616.00,per Annum,0,0.00,0,0.00,9510.19
2021,71,DEPT. OF HOMELESS SERVICES,2019-02-04T00:00:00.000,MANHATTAN,ADMINISTRATIVE SUPERVISOR OF BUILDING MAINTENANCE,ACTIVE,187911.00,per Annum,1820,187382.23,0,0.00,-2879.88
2021,71,DEPT. OF HOMELESS SERVICES,2013-05-28T00:00:00.000,BRONX,FRAUD INVESTIGATOR,ACTIVE,58741.00,per Annum,1820,58575.69,107,3713.36,23027.47
2021,71,DEPT. OF HOMELESS SERVICES,2005-09-12T00:00:00.000,BRONX,FRAUD INVESTIGATOR,ACTIVE,58741.00,per Annum,1820,58575.69,216.75,9424.85,17395.54
2021,71,DEPT. OF HOMELESS SERVICES,2016-12-05T00:00:00.000,MANHATTAN,PRINCIPAL ADMINISTRATIVE ASSOCIATE -  NON SUPVR,ACTIVE,89699.00,per Annum,1820,89825.90,0,0.00,4162.86
2021,71,DEPT. OF HOMELESS SERVICES,2017-05-22T00:00:00.000,MANHATTAN,SPECIAL OFFICER,ACTIVE,38287.00,per Annum,2080,38116.42,421.25,11820.52,3842.01
2021,71,DEPT. OF HOMELESS SERVICES,2000-12-12T00:00:00.000,MANHATTAN,ADMINISTRATIVE DIRECTOR OF SOCIAL SERVICES,CEASED,103000.00,per Annum,0,0.00,0,0.00,295.79
2021,71,DEPT. OF HOMELESS SERVICES,2007-06-04T00:00:00.000,BROOKLYN,MAINTENANCE WORKER,ACTIVE,249.28,per Day,2080,64812.80,117,5496.60,990.00
2021,71,DEPT. OF HOMELESS SERVICES,2016-10-11T00:00:00.000,MANHATTAN,COMMUNITY COORDINATOR,ACTIVE,62215.00,per Annum,1820,62039.92,2,68.10,487.01
2021,71,DEPT. OF HOMELESS SERVICES,2015-07-13T00:00:00.000,MANHATTAN,COMMUNITY COORDINATOR,ACTIVE,62215.00,per Annum,1820,62039.92,0,0.00,0.00
2021,71,DEPT. OF HOMELESS SERVICES,2017-01-30T00:00:00.000,BROOKLYN,COMMUNITY COORDINATOR,ACTIVE,62215.00,per Annum,1820,62039.92,0,0.00,0.00
2021,71,DEPT. OF HOMELESS SERVICES,2017-03-20T00:00:00.000,BROOKLYN,COMMUNITY COORDINATOR,ACTIVE,62215.00,per Annum,1820,62039.92,0,0.00,0.00
2021,71,DEPT. OF HOMELESS SERVICES,2016-10-24T00:00:00.000,MANHATTAN,COMMUNITY COORDINATOR,ACTIVE,62215.00,per Annum,1820,62039.92,0,0.00,0.00
2021,71,DEPT. OF HOMELESS SERVICES,1993-09-05T00:00:00.000,BROOKLYN,ADMINISTRATIVE SUPERVISOR OF BUILDING MAINTENANCE,ACTIVE,96402.00,per Annum,1820,96130.64,0,0.00,-1846.80
2021,71,DEPT. OF HOMELESS SERVICES,2016-04-18T00:00:00.000,MANHATTAN,SPECIAL OFFICER,CEASED,38287.00,per Annum,0,0.00,0,0.00,69.60
2021,71,DEPT. OF HOMELESS SERVICES,2018-04-02T00:00:00.000,MANHATTAN,FRAUD INVESTIGATOR,ACTIVE,58741.00,per Annum,1820,58575.69,22,837.86,3082.21
2021,71,DEPT. OF HOMELESS SERVICES,2015-12-07T00:00:00.000,BROOKLYN,SPECIAL OFFICER,ACTIVE,43603.00,per Annum,1840,38131.64,283.25,9352.61,5417.12
2021,71,DEPT. OF HOMELESS SERVICES,2014-10-13T00:00:00.000,BROOKLYN,SPECIAL OFFICER,ACTIVE,50207.00,per Annum,2080,50045.76,1383.75,50723.32,4761.54
2021,71,DEPT. OF HOMELESS SERVICES,2015-04-06T00:00:00.000,MANHATTAN,COMMUNITY COORDINATOR,ACTIVE,62215.00,per Annum,1820,62039.92,860,39842.53,2925.20
2021,71,DEPT. OF HOMELESS SERVICES,2019-12-09T00:00:00.000,BROOKLYN,CONSTRUCTION PROJECT MANAGER,ACTIVE,72063.00,per Annum,1820,71860.16,0,0.00,78.69
2021,71,DEPT. OF HOMELESS SERVICES,2019-05-28T00:00:00.000,MANHATTAN,COMMUNITY COORDINATOR,ACTIVE,62215.00,per Annum,1820,54459.12,289.25,11971.59,5495.50
2021,71,DEPT. OF HOMELESS SERVICES,2017-09-11T00:00:00.000,MANHATTAN,SPECIAL OFFICER,ACTIVE,38287.00,per Annum,2080,37552.69,903.5,25821.47,7275.67
2021,71,DEPT. OF HOMELESS SERVICES,2017-01-01T00:00:00.000,BRONX,FRAUD INVESTIGATOR,ACTIVE,58741.00,per Annum,1820,58575.69,71.25,2498.57,10799.15
2021,71,DEPT. OF HOMELESS SERVICES,2017-11-06T00:00:00.000,MANHATTAN,COMMUNITY COORDINATOR,ACTIVE,71921.00,per Annum,1820,71718.48,0,0.00,0.00
2021,71,DEPT. OF HOMELESS SERVICES,2004-01-20T00:00:00.000,MANHATTAN,PRINCIPAL ADMINISTRATIVE ASSOCIATE -  NON SUPVR,CEASED,67677.00,per Annum,0,0.00,0,0.00,-5900.60
2021,71,DEPT. OF HOMELESS SERVICES,2006-01-03T00:00:00.000,BROOKLYN,SUPERVISING SPECIAL OFFICER,ACTIVE,64190.00,per Annum,2080,63983.73,523.25,24093.85,6504.35
2021,71,DEPT. OF HOMELESS SERVICES,2019-01-28T00:00:00.000,MANHATTAN,COMMUNITY COORDINATOR,ACTIVE,62239.00,per Annum,1820,62063.84,32.25,1354.57,8282.47
2021,71,DEPT. OF HOMELESS SERVICES,1996-12-23T00:00:00.000,BRONX,FRAUD INVESTIGATOR,ACTIVE,47837.00,per Annum,1820,47702.26,15,481.24,14502.43
2021,71,DEPT. OF HOMELESS SERVICES,2016-02-22T00:00:00.000,MANHATTAN,COMMUNITY ASSOCIATE,ON LEAVE,47634.00,per Annum,1680,39883.72,238,8373.20,4200.90
2021,71,DEPT. OF HOMELESS SERVICES,2019-09-30T00:00:00.000,BROOKLYN,CARPENTER,ACTIVE,375.06,per Day,1820,98712.00,186,15085.81,0.00
2021,71,DEPT. OF HOMELESS SERVICES,2011-06-27T00:00:00.000,MANHATTAN,COMMUNITY ASSISTANT,CEASED,36309.00,per Annum,0,0.00,0,0.00,5059.30
2021,71,DEPT. OF HOMELESS SERVICES,2019-06-10T00:00:00.000,MANHATTAN,SPECIAL OFFICER,ACTIVE,35985.00,per Annum,2080,35148.39,172,4630.63,4959.18
2021,71,DEPT. OF HOMELESS SERVICES,2017-03-13T00:00:00.000,MANHATTAN,SPECIAL OFFICER,ACTIVE,37136.00,per Annum,1880,32476.09,0,0.00,2305.54
2021,71,DEPT. OF HOMELESS SERVICES,2018-08-06T00:00:00.000,MANHATTAN,SPECIAL OFFICER,ACTIVE,37136.00,per Annum,1312,19902.74,117.5,3212.44,1495.97
2021,71,DEPT. OF HOMELESS SERVICES,2018-09-17T00:00:00.000,MANHATTAN,COMMUNITY COORDINATOR,CEASED,62612.00,per Annum,341.33,11681.63,10.25,402.68,364.12
2021,71,DEPT. OF HOMELESS SERVICES,2016-12-19T00:00:00.000,BRONX,COMMUNITY ASSISTANT,ACTIVE,37398.00,per Annum,1950,37005.76,12.75,305.85,7349.95
2021,71,DEPT. OF HOMELESS SERVICES,2008-01-22T00:00:00.000,BRONX,SUPERVISING SPECIAL OFFICER,ACTIVE,55853.00,per Annum,2080,55673.65,623,24981.21,4183.83
2021,71,DEPT. OF HOMELESS SERVICES,2015-09-14T00:00:00.000,MANHATTAN,ADMIN COMMUNITY RELATIONS SPECIALIST,ACTIVE,85000.00,per Annum,1820,84760.66,0,0.00,0.00
2021,71,DEPT. OF HOMELESS SERVICES,2016-03-28T00:00:00.000,BROOKLYN,COMMUNITY COORDINATOR,ACTIVE,62878.00,per Annum,1820,62701.05,404.75,18924.35,2936.18
2021,71,DEPT. OF HOMELESS SERVICES,2018-05-21T00:00:00.000,MANHATTAN,SPECIAL OFFICER,ACTIVE,37136.00,per Annum,2080,36985.60,696,19452.97,5792.18
2021,71,DEPT. OF HOMELESS SERVICES,2016-08-29T00:00:00.000,MANHATTAN,SPECIAL OFFICER,CEASED,37172.00,per Annum,0,0.00,0,0.00,2805.52
2021,71,DEPT. OF HOMELESS SERVICES,2008-05-27T00:00:00.000,BRONX,SUPERVISING SPECIAL OFFICER,CEASED,54226.00,per Annum,0,0.00,0,0.00,2514.78
2021,71,DEPT. OF HOMELESS SERVICES,2013-10-14T00:00:00.000,BROOKLYN,SUPERVISING SPECIAL OFFICER,ACTIVE,55853.00,per Annum,2080,55673.65,770.25,30815.67,9191.30
2021,71,DEPT. OF HOMELESS SERVICES,2021-06-07T00:00:00.000,MANHATTAN,ADMINISTRATIVE STAFF ANALYST,ACTIVE,34.41,per Hour,28,963.48,0,0.00,0.00
2021,71,DEPT. OF HOMELESS SERVICES,2017-01-30T00:00:00.000,BROOKLYN,ADMINISTRATIVE DIRECTOR OF SOCIAL SERVICES,ACTIVE,103000.00,per Annum,1820,102709.98,0,0.00,-2367.84
2021,71,DEPT. OF HOMELESS SERVICES,1993-09-05T00:00:00.000,BROOKLYN,CLERICAL ASSOCIATE,ACTIVE,54671.00,per Annum,1820,54517.12,876.5,38959.91,6085.58
2021,71,DEPT. OF HOMELESS SERVICES,2014-06-30T00:00:00.000,MANHATTAN,COMMUNITY COORDINATOR,ACTIVE,62215.00,per Annum,1820,62039.92,210.75,8815.60,10810.41
2021,71,DEPT. OF HOMELESS SERVICES,2018-03-19T00:00:00.000,MANHATTAN,SPECIAL OFFICER,ACTIVE,37136.00,per Annum,2080,36985.60,1396.5,38744.98,5542.15
2021,71,DEPT. OF HOMELESS SERVICES,1993-09-05T00:00:00.000,BROOKLYN,ASSISTANT SUPERINTENDENT OF WELFARE SHELTERS,ACTIVE,69380.00,per Annum,1820,69184.71,106,4161.52,7620.60
2021,71,DEPT. OF HOMELESS SERVICES,2016-01-18T00:00:00.000,MANHATTAN,ADMINISTRATIVE STAFF ANALYST,ACTIVE,77878.00,per Annum,1820,77658.77,30,1470.23,1197.17
2021,71,DEPT. OF HOMELESS SERVICES,2015-07-27T00:00:00.000,BROOKLYN,SPECIAL OFFICER,ACTIVE,50207.00,per Annum,2000.83,47947.27,681,25649.19,6554.43
2021,71,DEPT. OF HOMELESS SERVICES,1993-09-05T00:00:00.000,MANHATTAN,MOTOR VEHICLE SUPERVISOR,ACTIVE,59425.00,per Annum,2080,59257.86,272,12339.54,8258.93
2021,71,DEPT. OF HOMELESS SERVICES,2004-09-03T00:00:00.000,MANHATTAN,SUPERVISING SPECIAL OFFICER,ACTIVE,55868.00,per Annum,2051.43,54922.96,480,19362.12,5541.62
2021,71,DEPT. OF HOMELESS SERVICES,2007-11-13T00:00:00.000,MANHATTAN,ADMINISTRATIVE DIRECTOR OF SOCIAL SERVICES,ACTIVE,123600.00,per Annum,1820,123252.07,0,0.00,-2367.80
2021,71,DEPT. OF HOMELESS SERVICES,2016-10-11T00:00:00.000,MANHATTAN,COMMUNITY COORDINATOR,ACTIVE,62215.00,per Annum,1820,62039.92,961,45410.23,2132.72
2021,71,DEPT. OF HOMELESS SERVICES,2019-09-30T00:00:00.000,BROOKLYN,CARPENTER,ACTIVE,375.06,per Day,1820,97187.99,146.5,11394.75,0.00
2021,71,DEPT. OF HOMELESS SERVICES,2019-03-18T00:00:00.000,BRONX,FRAUD INVESTIGATOR,ACTIVE,50376.00,per Annum,1820,50234.21,530.75,20460.80,4478.48
2021,71,DEPT. OF HOMELESS SERVICES,2007-09-17T00:00:00.000,MANHATTAN,COMMUNITY COORDINATOR,ACTIVE,62275.00,per Annum,1820,62099.72,238.25,10221.40,2529.72
2021,71,DEPT. OF HOMELESS SERVICES,2016-10-17T00:00:00.000,MANHATTAN,SPECIAL OFFICER,ACTIVE,39438.00,per Annum,2080,38700.05,699.5,21507.74,7375.74
2021,71,DEPT. OF HOMELESS SERVICES,1999-08-10T00:00:00.000,MANHATTAN,SPECIAL OFFICER,ACTIVE,50259.00,per Annum,2000,48030.52,428.5,15875.90,3528.14
2021,71,DEPT. OF HOMELESS SERVICES,2016-03-28T00:00:00.000,MANHATTAN,COMMUNITY COORDINATOR,ACTIVE,62878.00,per Annum,1820,62701.05,101,4699.44,32.19
2021,71,DEPT. OF HOMELESS SERVICES,2017-12-11T00:00:00.000,MANHATTAN,COMMUNITY COORDINATOR,ACTIVE,62215.00,per Annum,1820,62039.92,28,1123.76,4007.77
2021,71,DEPT. OF HOMELESS SERVICES,2013-05-20T00:00:00.000,BROOKLYN,MAINTENANCE WORKER,ACTIVE,249.28,per Day,2080,64812.80,25,1191.85,1045.00
2021,71,DEPT. OF HOMELESS SERVICES,2007-04-02T00:00:00.000,BRONX,FRAUD INVESTIGATOR,ACTIVE,47705.00,per Annum,1820,47570.71,6,182.05,18845.51
2021,71,DEPT. OF HOMELESS SERVICES,2016-05-23T00:00:00.000,MANHATTAN,SPECIAL OFFICER,ACTIVE,39438.00,per Annum,2080,39280.31,812.75,23538.69,3712.17
2021,71,DEPT. OF HOMELESS SERVICES,2017-12-26T00:00:00.000,BROOKLYN,COMMUNITY ASSISTANT,ACTIVE,37398.00,per Annum,1950,37292.64,796,22853.23,6261.83
2021,71,DEPT. OF HOMELESS SERVICES,2014-09-01T00:00:00.000,BROOKLYN,SPECIAL OFFICER,ACTIVE,50207.00,per Annum,2080,50045.76,344.5,12653.45,3492.10
2021,71,DEPT. OF HOMELESS SERVICES,2015-05-25T00:00:00.000,MANHATTAN,SPECIAL OFFICER,ACTIVE,50207.00,per Annum,2080,50045.76,131.5,4808.07,2873.10
2021,71,DEPT. OF HOMELESS SERVICES,2014-04-21T00:00:00.000,BROOKLYN,SPECIAL OFFICER,ACTIVE,50207.00,per Annum,2080,48583.43,64.5,2283.37,6598.35
2021,71,DEPT. OF HOMELESS SERVICES,2016-06-27T00:00:00.000,MANHATTAN,SPECIAL OFFICER,CEASED,39438.00,per Annum,2017.5,37493.41,496.75,14391.46,5200.54
2021,71,DEPT. OF HOMELESS SERVICES,2019-09-30T00:00:00.000,BROOKLYN,SPACE ANALYST,ACTIVE,57078.00,per Annum,1820,56917.27,0,0.00,121.27
2021,71,DEPT. OF HOMELESS SERVICES,2018-10-22T00:00:00.000,MANHATTAN,SPECIAL OFFICER,ACTIVE,37136.00,per Annum,1760,30600.15,496.5,13515.32,4431.29
2021,71,DEPT. OF HOMELESS SERVICES,2017-02-13T00:00:00.000,MANHATTAN,CASEWORKER,ACTIVE,47766.00,per Annum,1820,43265.70,0,0.00,4933.34
2021,71,DEPT. OF HOMELESS SERVICES,2019-10-15T00:00:00.000,MANHATTAN,COMMUNITY ASSISTANT,ACTIVE,32520.00,per Annum,1950,32428.40,412,10407.64,4840.50
2021,71,DEPT. OF HOMELESS SERVICES,2011-10-03T00:00:00.000,MANHATTAN,COMMUNITY COORDINATOR,CEASED,57916.00,per Annum,0,0.00,0,0.00,4867.17
2021,71,DEPT. OF HOMELESS SERVICES,2003-04-14T00:00:00.000,MANHATTAN,CASEWORKER,CEASED,46316.00,per Annum,0,0.00,0,0.00,4546.96
2021,71,DEPT. OF HOMELESS SERVICES,2020-09-29T00:00:00.000,MANHATTAN,COMMUNITY ASSOCIATE,CEASED,38333.00,per Annum,1194,25079.26,187.5,5244.91,3393.53
2021,71,DEPT. OF HOMELESS SERVICES,2019-11-25T00:00:00.000,MANHATTAN,COMMUNITY ASSISTANT,ACTIVE,32520.00,per Annum,1875,31181.06,0,0.00,2107.64
2021,71,DEPT. OF HOMELESS SERVICES,2021-04-25T00:00:00.000,MANHATTAN,COMMUNITY ASSISTANT,ACTIVE,32520.00,per Annum,300,4598.53,0,0.00,0.00
2021,71,DEPT. OF HOMELESS SERVICES,2012-08-31T00:00:00.000,MANHATTAN,FRAUD INVESTIGATOR,ON LEAVE,49223.00,per Annum,165.75,4466.77,0,0.00,170.46
2021,71,DEPT. OF HOMELESS SERVICES,2017-03-13T00:00:00.000,MANHATTAN,SPECIAL OFFICER,CEASED,36054.00,per Annum,0,0.00,0,0.00,11.84
2021,71,DEPT. OF HOMELESS SERVICES,1993-09-05T00:00:00.000,BROOKLYN,COMMUNITY ASSISTANT,CEASED,38492.00,per Annum,0,0.00,0,0.00,8357.45
2021,71,DEPT. OF HOMELESS SERVICES,2021-06-01T00:00:00.000,MANHATTAN,COMMUNITY ASSOCIATE,ACTIVE,38333.00,per Annum,95,1995.42,0,0.00,0.00
2021,71,DEPT. OF HOMELESS SERVICES,2017-05-22T00:00:00.000,BRONX,SPECIAL OFFICER,ACTIVE,38287.00,per Annum,2080,37834.96,251.25,7038.18,6254.49
2021,71,DEPT. OF HOMELESS SERVICES,2016-04-04T00:00:00.000,MANHATTAN,COMMUNITY COORDINATOR,ACTIVE,62215.00,per Annum,1820,61503.00,112.5,4783.00,9352.29
2021,71,DEPT. OF HOMELESS SERVICES,2018-09-04T00:00:00.000,MANHATTAN,COMMUNITY COORDINATOR,ACTIVE,62215.00,per Annum,1820,60373.28,199.5,7659.57,982.70
2021,71,DEPT. OF HOMELESS SERVICES,2007-01-16T00:00:00.000,MANHATTAN,SUPERINTENDENT OF ADULT INSTITUTIONS,ACTIVE,76408.00,per Annum,1820,76193.00,0,0.95,695.61
2021,71,DEPT. OF HOMELESS SERVICES,2020-01-06T00:00:00.000,MANHATTAN,ADMINISTRATIVE HOUSING DEVELOPMENT SPECIALIST,ACTIVE,125000.00,per Annum,1820,124648.16,0,0.00,-2394.65
2021,71,DEPT. OF HOMELESS SERVICES,2017-04-03T00:00:00.000,BROOKLYN,ASSOCIATE STAFF ANALYST,ACTIVE,75591.00,per Annum,1820,75378.22,0,0.00,8.25
2021,71,DEPT. OF HOMELESS SERVICES,2003-04-14T00:00:00.000,QUEENS,CASEWORKER,ACTIVE,47705.00,per Annum,1820,41470.55,0,0.00,1334.23
2021,71,DEPT. OF HOMELESS SERVICES,1993-09-05T00:00:00.000,BROOKLYN,COMMUNITY ASSISTANT,ACTIVE,39822.00,per Annum,1950,39709.94,0,39.50,12316.90
2021,71,DEPT. OF HOMELESS SERVICES,1993-09-05T00:00:00.000,QUEENS,CASEWORKER,ACTIVE,48097.00,per Annum,1267,32873.67,225.5,8962.75,18188.28
2021,71,DEPT. OF HOMELESS SERVICES,2020-02-03T00:00:00.000,MANHATTAN,COMMUNITY ASSOCIATE,ACTIVE,38333.00,per Annum,1820,29542.68,31.5,790.65,664.52
2021,71,DEPT. OF HOMELESS SERVICES,1993-09-05T00:00:00.000,BROOKLYN,COMMUNITY ASSISTANT,CEASED,37661.00,per Annum,0,0.00,0,0.00,7140.65
2021,71,DEPT. OF HOMELESS SERVICES,2016-06-27T00:00:00.000,MANHATTAN,SPECIAL OFFICER,ACTIVE,39438.00,per Annum,2080,38700.05,764.5,22722.37,6792.73
2021,71,DEPT. OF HOMELESS SERVICES,2012-12-31T00:00:00.000,MANHATTAN,COMMUNITY COORDINATOR,ACTIVE,62215.00,per Annum,1820,61791.06,89.5,3771.43,9938.67
2021,71,DEPT. OF HOMELESS SERVICES,2013-10-14T00:00:00.000,MANHATTAN,SPECIAL OFFICER,ON LEAVE,50207.00,per Annum,1309.25,31492.31,211.75,7940.39,4129.95
2021,71,DEPT. OF HOMELESS SERVICES,1999-08-11T00:00:00.000,MANHATTAN,ADMINISTRATIVE DIRECTOR OF SOCIAL SERVICES,ACTIVE,139800.00,per Annum,1820,109641.33,0,0.00,624.51
2021,71,DEPT. OF HOMELESS SERVICES,2000-08-21T00:00:00.000,BRONX,ASSOCIATE FRAUD INVESTIGATOR,CEASED,64388.00,per Annum,0,0.00,0,0.00,1472.96
2021,71,DEPT. OF HOMELESS SERVICES,2006-06-05T00:00:00.000,BRONX,SUPERVISING SPECIAL OFFICER,ACTIVE,55853.00,per Annum,2080,55673.65,408.75,16393.77,3646.34
2021,71,DEPT. OF HOMELESS SERVICES,2016-08-08T00:00:00.000,MANHATTAN,SPECIAL OFFICER,ACTIVE,38287.00,per Annum,1766.85,32415.51,257.5,7236.94,3669.70
2021,71,DEPT. OF HOMELESS SERVICES,2017-03-27T00:00:00.000,BRONX,SUPERVISOR I,ACTIVE,58965.00,per Annum,1820,58799.01,231,9781.33,7780.00
2021,71,DEPT. OF HOMELESS SERVICES,2016-03-28T00:00:00.000,MANHATTAN,COMMUNITY COORDINATOR,ACTIVE,62215.00,per Annum,1682,57335.43,1056.25,50250.06,14625.20
2021,71,DEPT. OF HOMELESS SERVICES,2002-07-22T00:00:00.000,MANHATTAN,COMMUNITY COORDINATOR,ACTIVE,67217.00,per Annum,1820,67027.90,0,0.00,1489.12
2021,71,DEPT. OF HOMELESS SERVICES,2016-02-01T00:00:00.000,BROOKLYN,SPECIAL OFFICER,ACTIVE,39438.00,per Annum,2080,39280.31,82,2372.59,2055.72
2021,71,DEPT. OF HOMELESS SERVICES,2017-01-16T00:00:00.000,MANHATTAN,SPECIAL OFFICER,CEASED,33075.00,per Annum,0,0.00,0,0.00,42.24
2021,71,DEPT. OF HOMELESS SERVICES,1993-09-05T00:00:00.000,BROOKLYN,COMMUNITY ASSISTANT,ACTIVE,39706.00,per Annum,1950,39594.24,34.5,1000.40,20679.15
2021,71,DEPT. OF HOMELESS SERVICES,2017-09-11T00:00:00.000,MANHATTAN,SPECIAL OFFICER,CEASED,38287.00,per Annum,1440,25500.33,51.5,1507.51,5090.78
2021,71,DEPT. OF HOMELESS SERVICES,1993-09-05T00:00:00.000,MANHATTAN,PRINCIPAL ADMINISTRATIVE ASSOCIATE -  NON SUPVR,ACTIVE,54996.00,per Annum,1820,54363.30,57.75,2431.31,4503.12
2021,71,DEPT. OF HOMELESS SERVICES,2010-04-26T00:00:00.000,BRONX,COMMUNITY COORDINATOR,CEASED,62354.00,per Annum,0,0.00,0,0.00,7433.06
2021,71,DEPT. OF HOMELESS SERVICES,2015-09-14T00:00:00.000,MANHATTAN,SPECIAL OFFICER,ACTIVE,50207.00,per Annum,1530.28,34183.37,154.5,5126.78,3595.75
2021,71,DEPT. OF HOMELESS SERVICES,2018-08-20T00:00:00.000,BROOKLYN,ELECTRICIAN,ACTIVE,427.35,per Day,1820,110977.00,127,11599.98,78.79
2021,71,DEPT. OF HOMELESS SERVICES,2015-07-06T00:00:00.000,BRONX,FRAUD INVESTIGATOR,CEASED,47791.00,per Annum,0,9.14,0,18.56,7650.74
2021,71,DEPT. OF HOMELESS SERVICES,2016-10-03T00:00:00.000,BROOKLYN,ASSISTANT SUPERINTENDENT OF WELFARE SHELTERS,ACTIVE,69152.00,per Annum,1820,68957.48,257.25,12589.67,5068.71
2021,71,DEPT. OF HOMELESS SERVICES,2015-05-14T00:00:00.000,MANHATTAN,ADMINISTRATIVE SUPERVISOR OF BUILDING MAINTENANCE,ACTIVE,153107.00,per Annum,1820,152676.13,0,0.00,-2933.10
2021,71,DEPT. OF HOMELESS SERVICES,2017-03-27T00:00:00.000,BRONX,SUPERVISOR I,ACTIVE,59000.00,per Annum,1820,58833.85,34,1367.61,7946.75
2021,71,DEPT. OF HOMELESS SERVICES,2013-05-28T00:00:00.000,BRONX,FRAUD INVESTIGATOR,ACTIVE,47705.00,per Annum,1820,47570.71,2.75,75.52,13195.27
2021,71,DEPT. OF HOMELESS SERVICES,2019-07-22T00:00:00.000,MANHATTAN,COMMUNITY COORDINATOR,ACTIVE,54100.00,per Annum,1820,53947.77,777.75,31114.98,2129.12
2021,71,DEPT. OF HOMELESS SERVICES,2017-07-24T00:00:00.000,MANHATTAN,COMMUNITY COORDINATOR,ACTIVE,62215.00,per Annum,1820,62039.92,5.5,191.94,-1676.39
2021,71,DEPT. OF HOMELESS SERVICES,1997-02-10T00:00:00.000,BROOKLYN,ADMINISTRATIVE STAFF ANALYST,ACTIVE,143555.00,per Annum,1820,143150.98,0,0.00,-2750.10
2021,71,DEPT. OF HOMELESS SERVICES,2018-01-16T00:00:00.000,MANHATTAN,COMMUNITY COORDINATOR,ACTIVE,62215.00,per Annum,1820,62039.92,414,18916.71,5935.64
2021,71,DEPT. OF HOMELESS SERVICES,2018-08-06T00:00:00.000,MANHATTAN,SPECIAL OFFICER,ACTIVE,35985.00,per Annum,1984,34212.50,482,13088.92,4047.05
2021,71,DEPT. OF HOMELESS SERVICES,2015-10-26T00:00:00.000,MANHATTAN,SPECIAL OFFICER,CEASED,32435.00,per Annum,0,0.00,0,0.00,43.98
2021,71,DEPT. OF HOMELESS SERVICES,2001-06-18T00:00:00.000,MANHATTAN,SUPERVISOR I,ACTIVE,69212.00,per Annum,1820,69017.28,0,0.00,6579.12
2021,71,DEPT. OF HOMELESS SERVICES,2016-02-01T00:00:00.000,MANHATTAN,SPECIAL OFFICER,ACTIVE,39438.00,per Annum,2080,36986.88,578.25,16037.40,7259.92
2021,71,DEPT. OF HOMELESS SERVICES,2017-05-22T00:00:00.000,MANHATTAN,SPECIAL OFFICER,ACTIVE,38287.00,per Annum,2080,35634.57,134,3766.36,2799.35
2021,71,DEPT. OF HOMELESS SERVICES,2002-07-22T00:00:00.000,BROOKLYN,CONSTRUCTION PROJECT MANAGER,ACTIVE,77897.00,per Annum,1820,77677.75,0,0.00,9204.87
2021,71,DEPT. OF HOMELESS SERVICES,2017-03-20T00:00:00.000,MANHATTAN,COMMUNITY COORDINATOR,ACTIVE,62215.00,per Annum,1820,62039.92,278.5,13033.96,308.39
2021,71,DEPT. OF HOMELESS SERVICES,2015-08-24T00:00:00.000,MANHATTAN,ADMIN COMMUNITY RELATIONS SPECIALIST,ACTIVE,77015.00,per Annum,1820,76798.23,0,0.00,8.25
2021,71,DEPT. OF HOMELESS SERVICES,1997-09-09T00:00:00.000,BRONX,ASSOCIATE FRAUD INVESTIGATOR,CEASED,77089.00,per Annum,0,0.00,0,0.00,60.19
2021,71,DEPT. OF HOMELESS SERVICES,2021-06-07T00:00:00.000,MANHATTAN,COMMUNITY ASSOCIATE,ACTIVE,20.98,per Hour,28,587.48,0,0.00,0.00
2021,71,DEPT. OF HOMELESS SERVICES,2019-08-26T00:00:00.000,MANHATTAN,ASSOCIATE CONTRACT SPECIALIST,ACTIVE,69222.00,per Annum,1820,69027.16,0,0.00,33.00
2021,71,DEPT. OF HOMELESS SERVICES,2015-12-07T00:00:00.000,BROOKLYN,SPECIAL OFFICER,ACTIVE,50207.00,per Annum,2022.85,48273.04,144,5582.91,7462.20
2021,71,DEPT. OF HOMELESS SERVICES,2018-09-17T00:00:00.000,MANHATTAN,COMMUNITY COORDINATOR,ACTIVE,62215.00,per Annum,1820,60084.29,102,4204.48,3629.26
2021,71,DEPT. OF HOMELESS SERVICES,2017-09-25T00:00:00.000,MANHATTAN,ADMINISTRATIVE DIRECTOR OF SOCIAL SERVICES,ACTIVE,125000.00,per Annum,1820,124648.16,0,0.00,-2394.65
2021,71,DEPT. OF HOMELESS SERVICES,2017-09-05T00:00:00.000,MANHATTAN,ASSOCIATE STAFF ANALYST,ACTIVE,75591.00,per Annum,1820,75378.22,0,0.00,0.00
2021,71,DEPT. OF HOMELESS SERVICES,2016-04-18T00:00:00.000,MANHATTAN,SPECIAL OFFICER,CEASED,37136.00,per Annum,0,0.00,0,0.00,3.14
2021,71,DEPT. OF HOMELESS SERVICES,1999-02-22T00:00:00.000,MANHATTAN,ADMINISTRATIVE DIRECTOR OF SOCIAL SERVICES,ACTIVE,125000.00,per Annum,1820,100453.06,0,0.00,-1926.80
2021,71,DEPT. OF HOMELESS SERVICES,2018-10-29T00:00:00.000,BROOKLYN,ELECTRICIAN,ACTIVE,427.35,per Day,1820,110977.00,155.5,14209.88,9.55
2021,71,DEPT. OF HOMELESS SERVICES,1994-04-17T00:00:00.000,BROOKLYN,OILER,ACTIVE,478.00,per Day,2080,124280.00,333,29730.29,4255.60
2021,71,DEPT. OF HOMELESS SERVICES,2002-09-16T00:00:00.000,MANHATTAN,ADMINISTRATIVE DIRECTOR OF SOCIAL SERVICES,ACTIVE,128902.00,per Annum,1820,128539.28,0,0.00,-2469.40
2021,71,DEPT. OF HOMELESS SERVICES,2016-04-04T00:00:00.000,MANHATTAN,ADMINISTRATIVE DIRECTOR OF SOCIAL SERVICES,ACTIVE,128905.00,per Annum,1820,128542.15,0,0.00,-2469.45
2021,71,DEPT. OF HOMELESS SERVICES,2017-02-06T00:00:00.000,MANHATTAN,ADMINISTRATIVE DIRECTOR OF SOCIAL SERVICES,ACTIVE,128906.00,per Annum,1820,128543.19,0,0.00,-2469.45
2021,71,DEPT. OF HOMELESS SERVICES,1993-09-05T00:00:00.000,MANHATTAN,ADMIN CONTRACT SPECIALIST,ACTIVE,128910.00,per Annum,1820,128547.09,0,0.00,-2469.55
2021,71,DEPT. OF HOMELESS SERVICES,2007-12-17T00:00:00.000,MANHATTAN,ADMINISTRATIVE DIRECTOR OF SOCIAL SERVICES,ACTIVE,128913.00,per Annum,1820,128550.21,0,0.00,-2469.60
2021,71,DEPT. OF HOMELESS SERVICES,2018-04-16T00:00:00.000,BROOKLYN,SUPERVISOR OF MECHANICS,ACTIVE,511.76,per Day,2080,133057.60,278,26355.83,3070.57
2021,71,DEPT. OF HOMELESS SERVICES,2019-06-24T00:00:00.000,MANHATTAN,CITY RESEARCH SCIENTIST,CEASED,75504.00,per Annum,413,8392.65,0,0.00,4465.80
2021,71,DEPT. OF HOMELESS SERVICES,2015-01-18T00:00:00.000,MANHATTAN,ADMINISTRATIVE DIRECTOR OF SOCIAL SERVICES,ACTIVE,150133.00,per Annum,1820,149710.53,0,0.00,-2876.10
2021,71,DEPT. OF HOMELESS SERVICES,2012-07-23T00:00:00.000,MANHATTAN,ADMINISTRATIVE DIRECTOR OF SOCIAL SERVICES,ACTIVE,165423.00,per Annum,1820,164957.35,0,0.00,-3169.00
2021,71,DEPT. OF HOMELESS SERVICES,2005-05-09T00:00:00.000,MANHATTAN,ASSOCIATE FRAUD INVESTIGATOR,ACTIVE,69152.00,per Annum,1820,68957.48,18.75,891.24,18082.41
2021,71,DEPT. OF HOMELESS SERVICES,1993-09-05T00:00:00.000,MANHATTAN,ASSISTANT SUPERINTENDENT OF WELFARE SHELTERS,ACTIVE,69261.00,per Annum,1820,69066.15,152,7460.89,11424.95
2021,71,DEPT. OF HOMELESS SERVICES,2003-04-14T00:00:00.000,MANHATTAN,COMMUNITY COORDINATOR,ACTIVE,62238.00,per Annum,1820,62062.80,504.5,23232.02,2925.66
2021,71,DEPT. OF HOMELESS SERVICES,2015-01-12T00:00:00.000,BRONX,FRAUD INVESTIGATOR,ACTIVE,58889.00,per Annum,1820,58046.95,384.75,18172.57,12079.97
2021,71,DEPT. OF HOMELESS SERVICES,1993-09-05T00:00:00.000,BRONX,COMMUNITY ASSOCIATE,ACTIVE,46706.00,per Annum,1820,44845.33,13.5,359.21,1875.20
2021,71,DEPT. OF HOMELESS SERVICES,1993-09-05T00:00:00.000,BROOKLYN,COUNSELOR,CEASED,51568.00,per Annum,0,0.00,0,0.00,480.31
2021,71,DEPT. OF HOMELESS SERVICES,1993-09-05T00:00:00.000,QUEENS,COMMUNITY ASSISTANT,ACTIVE,38815.00,per Annum,1950,38705.64,1.5,49.86,8712.66
2021,71,DEPT. OF HOMELESS SERVICES,2018-03-19T00:00:00.000,MANHATTAN,SPECIAL OFFICER,ACTIVE,37136.00,per Annum,2080,36910.52,520.25,14173.50,3081.91
2021,71,DEPT. OF HOMELESS SERVICES,2013-11-18T00:00:00.000,BROOKLYN,SPECIAL OFFICER,ACTIVE,50207.00,per Annum,2080,48584.93,79.5,2822.53,2936.64
2021,71,DEPT. OF HOMELESS SERVICES,2019-06-03T00:00:00.000,MANHATTAN,COMMUNITY COORDINATOR,ACTIVE,62215.00,per Annum,1820,54325.73,0,0.00,75.25
2021,71,DEPT. OF HOMELESS SERVICES,2018-12-17T00:00:00.000,BRONX,MOTOR VEHICLE OPERATOR,CEASED,49074.00,per Annum,880,12664.69,0.5,11.75,1176.97
2021,71,DEPT. OF HOMELESS SERVICES,2016-02-22T00:00:00.000,MANHATTAN,COMMUNITY COORDINATOR,ACTIVE,62215.00,per Annum,1820,62039.92,144.5,5541.91,2036.93
2021,71,DEPT. OF HOMELESS SERVICES,2002-08-19T00:00:00.000,MANHATTAN,CITY LABORER,ACTIVE,290.00,per Day,2080,75400.00,1442,81568.91,11178.30
2021,71,DEPT. OF HOMELESS SERVICES,2017-01-23T00:00:00.000,BROOKLYN,ADMINISTRATIVE DIRECTOR OF SOCIAL SERVICES,ACTIVE,91311.00,per Annum,1820,91054.01,0,0.00,-1749.25
2021,71,DEPT. OF HOMELESS SERVICES,2012-07-30T00:00:00.000,MANHATTAN,ADMINISTRATIVE DIRECTOR OF SOCIAL SERVICES,ON LEAVE,100900.00,per Annum,1820,100616.08,0,0.00,3364.29
2021,71,DEPT. OF HOMELESS SERVICES,2015-10-26T00:00:00.000,MANHATTAN,SPECIAL OFFICER,ACTIVE,50207.00,per Annum,2080,49853.19,1335.5,48896.62,5376.31
2021,71,DEPT. OF HOMELESS SERVICES,2015-01-26T00:00:00.000,MANHATTAN,ADMIN JOB OPPORTUNITY SPEC NM,ACTIVE,105669.00,per Annum,1820,104469.55,0,0.00,85.00
2021,71,DEPT. OF HOMELESS SERVICES,1999-02-01T00:00:00.000,BRONX,ASSOCIATE FRAUD INVESTIGATOR,ACTIVE,69238.00,per Annum,1820,69043.02,213.25,11296.69,17542.38
2021,71,DEPT. OF HOMELESS SERVICES,2005-01-10T00:00:00.000,BRONX,ASSOCIATE FRAUD INVESTIGATOR,ACTIVE,69152.00,per Annum,1820,68957.48,196.75,9377.20,19581.28
2021,71,DEPT. OF HOMELESS SERVICES,2016-03-28T00:00:00.000,MANHATTAN,ADMIN JOB OPPORTUNITY SPEC NM,ACTIVE,90122.00,per Annum,1820,89098.95,0,0.00,8825.58
2021,71,DEPT. OF HOMELESS SERVICES,2019-12-16T00:00:00.000,BROOKLYN,PLUMBER,ACTIVE,369.53,per Day,1820,96077.80,128.5,13567.03,2850.66
2021,71,DEPT. OF HOMELESS SERVICES,2021-06-01T00:00:00.000,MANHATTAN,COMMUNITY COORDINATOR,ACTIVE,29.61,per Hour,63,1865.52,0,0.00,0.00
2021,858,DEPT OF INFO TECH & TELECOMM,2018-03-26T00:00:00.000,BROOKLYN,ADMINISTRATIVE MANAGER,ACTIVE,121116.00,per Annum,1820,120775.23,0,0.00,-2320.25
2021,858,DEPT OF INFO TECH & TELECOMM,2009-05-04T00:00:00.000,BROOKLYN,COMPUTER SYSTEMS MANAGER,ACTIVE,116230.00,per Annum,1820,115902.93,0,0.00,2326.19
2021,858,DEPT OF INFO TECH & TELECOMM,2018-07-23T00:00:00.000,BROOKLYN,COMPUTER SPECIALIST,ACTIVE,117264.00,per Annum,1820,116934.01,0,0.00,1264.00
2021,858,DEPT OF INFO TECH & TELECOMM,2009-04-06T00:00:00.000,BROOKLYN,COMPUTER SYSTEMS MANAGER,ACTIVE,118362.00,per Annum,1820,118028.80,0,0.00,99.50
2021,858,DEPT OF INFO TECH & TELECOMM,2008-11-10T00:00:00.000,MANHATTAN,CALL CENTER REPRESENTATIVE,ON LEAVE,40345.00,per Annum,854,18411.95,0,0.00,2650.10
2021,858,DEPT OF INFO TECH & TELECOMM,2012-08-20T00:00:00.000,MANHATTAN,COMPUTER SYSTEMS MANAGER,ACTIVE,117428.00,per Annum,1820,117097.55,0,0.00,82.50
2021,858,DEPT OF INFO TECH & TELECOMM,2005-05-02T00:00:00.000,BROOKLYN,TELECOMMUNICATIONS MANAGER,ACTIVE,113636.00,per Annum,1820,113316.14,10,637.53,2944.96
2021,858,DEPT OF INFO TECH & TELECOMM,2018-04-09T00:00:00.000,BROOKLYN,ADMINISTRATIVE BUSINESS PROMOTION COORDINATOR,ACTIVE,173774.00,per Annum,1820,173284.79,0,0.00,-3329.00
2021,858,DEPT OF INFO TECH & TELECOMM,2019-10-15T00:00:00.000,BROOKLYN,IT SECURITY SPECIALIST,ACTIVE,154500.00,per Annum,1820,154065.21,154,14439.35,3365.12
2021,858,DEPT OF INFO TECH & TELECOMM,2020-02-03T00:00:00.000,BROOKLYN,DEPUTY COMMISSIONER OF IT,ACTIVE,176000.00,per Annum,1820,175504.51,0,0.00,-3371.65
2021,858,DEPT OF INFO TECH & TELECOMM,2010-03-29T00:00:00.000,BROOKLYN,ADMINISTRATIVE STAFF ANALYST,ACTIVE,177250.00,per Annum,1820,176751.12,0,0.00,-3395.60
2021,858,DEPT OF INFO TECH & TELECOMM,2012-11-19T00:00:00.000,BROOKLYN,IT SECURITY SPECIALIST,ACTIVE,160000.00,per Annum,1820,159549.75,128.5,13990.16,211.47
2021,858,DEPT OF INFO TECH & TELECOMM,2018-07-09T00:00:00.000,MANHATTAN,COMPUTER SYSTEMS MANAGER,ACTIVE,180000.00,per Annum,1820,179493.38,0,0.00,-3448.30
2021,858,DEPT OF INFO TECH & TELECOMM,2006-09-05T00:00:00.000,BROOKLYN,COMPUTER SYSTEMS MANAGER,ACTIVE,198368.00,per Annum,1820,185129.67,0,0.00,-3518.65
2021,858,DEPT OF INFO TECH & TELECOMM,2008-11-10T00:00:00.000,MANHATTAN,ASSOCIATE CALL CENTER REPRESENTATIVE-NON-SPVR,ACTIVE,56237.00,per Annum,1820,55598.76,0,0.00,859.44
2021,858,DEPT OF INFO TECH & TELECOMM,2008-07-21T00:00:00.000,MANHATTAN,CALL CENTER REPRESENTATIVE,ACTIVE,40345.00,per Annum,1820,35833.67,3,69.79,3067.23
2021,858,DEPT OF INFO TECH & TELECOMM,2018-10-22T00:00:00.000,MANHATTAN,CALL CENTER REPRESENTATIVE,ACTIVE,40345.00,per Annum,1820,37282.78,49,1169.71,629.12
2021,858,DEPT OF INFO TECH & TELECOMM,2014-12-01T00:00:00.000,MANHATTAN,CALL CENTER REPRESENTATIVE,ACTIVE,40345.00,per Annum,1820,38838.71,0,0.00,444.96
2021,858,DEPT OF INFO TECH & TELECOMM,2004-06-07T00:00:00.000,MANHATTAN,COMPUTER ASSOCIATE,ACTIVE,59047.00,per Annum,1820,58376.76,64,2233.99,2364.30
2021,858,DEPT OF INFO TECH & TELECOMM,2018-09-24T00:00:00.000,MANHATTAN,CALL CENTER REPRESENTATIVE,ACTIVE,40345.00,per Annum,1820,39482.09,3,63.80,8.25
2021,858,DEPT OF INFO TECH & TELECOMM,2021-06-07T00:00:00.000,MANHATTAN,CALL CENTER REPRESENTATIVE,CEASED,35083.00,per Annum,70,1345.01,0,0.00,0.00
2021,858,DEPT OF INFO TECH & TELECOMM,2016-10-17T00:00:00.000,BROOKLYN,ADMINISTRATIVE BUSINESS PROMOTION COORDINATOR,CEASED,132416.00,per Annum,0,0.00,0,0.00,63710.15
2021,858,DEPT OF INFO TECH & TELECOMM,2010-05-24T00:00:00.000,MANHATTAN,CALL CENTER REPRESENTATIVE,ACTIVE,40345.00,per Annum,1820,40231.46,5.75,135.46,4626.62
2021,858,DEPT OF INFO TECH & TELECOMM,2003-01-06T00:00:00.000,MANHATTAN,CALL CENTER REPRESENTATIVE,ACTIVE,41160.00,per Annum,1820,41044.16,4,99.03,4370.56
2021,858,DEPT OF INFO TECH & TELECOMM,2019-10-28T00:00:00.000,BROOKLYN,COMMUNITY ASSOCIATE,CEASED,53500.00,per Annum,1540,45141.10,0,0.48,563.44
2021,858,DEPT OF INFO TECH & TELECOMM,2019-05-06T00:00:00.000,BROOKLYN,STAFF ANALYST,ACTIVE,57590.00,per Annum,1820,45999.04,0,0.00,0.00
2021,858,DEPT OF INFO TECH & TELECOMM,2019-04-08T00:00:00.000,BROOKLYN,COMMUNITY ASSOCIATE,ACTIVE,46350.00,per Annum,1820,46219.59,0,0.00,0.00
2021,858,DEPT OF INFO TECH & TELECOMM,2013-10-28T00:00:00.000,MANHATTAN,ASSOCIATE CALL CENTER REPRESENTATIVE-NON-SPVR,ACTIVE,56237.00,per Annum,1820,55598.76,0,0.00,0.00
2021,858,DEPT OF INFO TECH & TELECOMM,2017-03-27T00:00:00.000,BROOKLYN,CONFIDENTIAL STRATEGY PLANNER,ACTIVE,55752.00,per Annum,1820,55595.01,0,0.00,144.75
2021,858,DEPT OF INFO TECH & TELECOMM,2017-10-23T00:00:00.000,MANHATTAN,CALL CENTER REPRESENTATIVE,ON LEAVE,40345.00,per Annum,210,154.65,0,0.00,0.00
2021,858,DEPT OF INFO TECH & TELECOMM,2020-01-27T00:00:00.000,MANHATTAN,COMMUNITY COORDINATOR,ACTIVE,68800.00,per Annum,1820,68606.25,211,9593.25,246.83
2021,858,DEPT OF INFO TECH & TELECOMM,2018-10-29T00:00:00.000,BROOKLYN,PROCUREMENT ANALYST,ACTIVE,78989.00,per Annum,1820,78565.24,0,0.00,0.00
2021,858,DEPT OF INFO TECH & TELECOMM,2010-08-30T00:00:00.000,MANHATTAN,BUSINESS PROMOTION COORDINATOR,ACTIVE,69098.00,per Annum,1820,68903.41,0,0.00,9672.58
2021,858,DEPT OF INFO TECH & TELECOMM,1988-07-03T00:00:00.000,BROOKLYN,CLERICAL ASSOCIATE,CEASED,41544.00,per Annum,0,1589.11,0,0.00,-1566.66
2021,858,DEPT OF INFO TECH & TELECOMM,2008-02-04T00:00:00.000,BROOKLYN,COMMUNITY ASSOCIATE,ON LEAVE,44083.00,per Annum,0,0.00,0,0.00,0.00
2021,858,DEPT OF INFO TECH & TELECOMM,2017-09-18T00:00:00.000,MANHATTAN,CALL CENTER REPRESENTATIVE,CEASED,40345.00,per Annum,0,-22.12,0,0.00,-0.48
2021,858,DEPT OF INFO TECH & TELECOMM,2011-06-13T00:00:00.000,BROOKLYN,COMPUTER SYSTEMS MANAGER,ACTIVE,106741.00,per Annum,1820,106440.68,0,0.00,52.00
2021,858,DEPT OF INFO TECH & TELECOMM,2017-05-15T00:00:00.000,BROOKLYN,COMPUTER ASSOCIATE,ACTIVE,102052.00,per Annum,1820,101764.69,0,0.00,5129.46
2021,858,DEPT OF INFO TECH & TELECOMM,2006-08-07T00:00:00.000,BROOKLYN,COMPUTER SYSTEMS MANAGER,ACTIVE,116815.00,per Annum,1820,116486.33,0,0.00,74.50
2021,858,DEPT OF INFO TECH & TELECOMM,2016-02-22T00:00:00.000,MANHATTAN,COMPUTER SYSTEMS MANAGER,ACTIVE,103309.00,per Annum,1820,103018.30,0,0.00,69.50
2021,858,DEPT OF INFO TECH & TELECOMM,2019-09-16T00:00:00.000,BROOKLYN,COMPUTER SPECIALIST,ACTIVE,99581.00,per Annum,1820,99300.84,39,2466.43,706.02
2021,858,DEPT OF INFO TECH & TELECOMM,2015-11-02T00:00:00.000,BROOKLYN,CERTIFIED IT ADMINISTRATOR,ACTIVE,96304.00,per Annum,1820,96032.90,0,0.00,6199.32
2021,858,DEPT OF INFO TECH & TELECOMM,2003-01-06T00:00:00.000,MANHATTAN,ADM MANAGER-NON-MGRL,ACTIVE,82263.00,per Annum,1820,81329.18,45.5,2369.61,7292.24
2021,858,DEPT OF INFO TECH & TELECOMM,2017-12-18T00:00:00.000,BROOKLYN,PROCUREMENT ANALYST,ACTIVE,91311.00,per Annum,1820,90821.00,0,0.00,0.00
2021,858,DEPT OF INFO TECH & TELECOMM,2019-08-12T00:00:00.000,MANHATTAN,CYBER SECURITY ANALYST,ON SEPARATION LEAVE,79310.00,per Annum,1820,79086.84,7,303.87,-45.12
2021,858,DEPT OF INFO TECH & TELECOMM,2016-05-09T00:00:00.000,MANHATTAN,BUSINESS PROMOTION COORDINATOR,CEASED,67058.00,per Annum,0,0.00,0,0.00,6670.23
2021,858,DEPT OF INFO TECH & TELECOMM,2005-11-07T00:00:00.000,BROOKLYN,ADMINISTRATIVE STAFF ANALYST,CEASED,85000.00,per Annum,197.3,9182.72,0,0.00,45.10
2021,858,DEPT OF INFO TECH & TELECOMM,2021-05-03T00:00:00.000,MANHATTAN,PRINCIPAL ADMINISTRATIVE ASSOCIATE -  NON SUPVR,ACTIVE,72500.00,per Annum,245,9732.87,14,555.57,8.25
2021,858,DEPT OF INFO TECH & TELECOMM,2018-02-26T00:00:00.000,BROOKLYN,COMPUTER SYSTEMS MANAGER,ACTIVE,131647.00,per Annum,1820,131276.37,0,0.00,-2521.95
2021,858,DEPT OF INFO TECH & TELECOMM,2017-10-10T00:00:00.000,BROOKLYN,COMPUTER SYSTEMS MANAGER,ACTIVE,131647.00,per Annum,1820,131276.37,0,0.00,-2521.95
2021,858,DEPT OF INFO TECH & TELECOMM,2019-09-30T00:00:00.000,BROOKLYN,IT PROJECT SPECIALIST,ACTIVE,128750.00,per Annum,1820,128387.72,0,0.00,250.50
2021,858,DEPT OF INFO TECH & TELECOMM,2016-10-17T00:00:00.000,BROOKLYN,COMPUTER SPECIALIST,ACTIVE,123537.00,per Annum,1820,123189.41,0,0.00,5273.97
2021,858,DEPT OF INFO TECH & TELECOMM,2012-06-04T00:00:00.000,BROOKLYN,CERTIFIED IT ADMINISTRATOR,ACTIVE,122511.00,per Annum,1820,122166.14,0,0.00,6250.40
2021,858,DEPT OF INFO TECH & TELECOMM,2017-06-26T00:00:00.000,BROOKLYN,CERTIFIED IT ADMINISTRATOR,ACTIVE,118167.00,per Annum,1820,117834.34,5.75,413.89,4095.50
2021,858,DEPT OF INFO TECH & TELECOMM,2016-03-21T00:00:00.000,BROOKLYN,IT INFRASTRUCTURE ENGINEER,ACTIVE,143398.00,per Annum,1820,135050.57,0,0.00,4341.39
2021,858,DEPT OF INFO TECH & TELECOMM,2020-01-21T00:00:00.000,MANHATTAN,COLLEGE AIDE - ASSIGNMENT LEVELS II AND III,CEASED,20.76,per Hour,737,15300.12,0,0.00,3102.16
2021,858,DEPT OF INFO TECH & TELECOMM,2016-11-07T00:00:00.000,BROOKLYN,CERTIFIED IT ADMINISTRATOR,ACTIVE,117178.00,per Annum,1820,116848.22,4,268.13,5275.20
2021,858,DEPT OF INFO TECH & TELECOMM,2011-06-06T00:00:00.000,BROOKLYN,COMPUTER SYSTEMS MANAGER,ACTIVE,142323.00,per Annum,1820,141922.31,0,0.00,-2726.50
2021,858,DEPT OF INFO TECH & TELECOMM,2013-06-10T00:00:00.000,MANHATTAN,CALL CENTER REPRESENTATIVE,CEASED,40345.00,per Annum,0,0.00,0,0.00,41.86
2021,858,DEPT OF INFO TECH & TELECOMM,2019-08-12T00:00:00.000,MANHATTAN,CYBER SECURITY ANALYST,ACTIVE,77250.00,per Annum,1820,77032.49,0,0.00,-295.98
2021,858,DEPT OF INFO TECH & TELECOMM,1995-07-31T00:00:00.000,MANHATTAN,ASSOCIATE CALL CENTER REPRESENTATIVE-NON-SPVR,ACTIVE,73379.00,per Annum,1820,72537.74,0,0.00,4356.71
2021,858,DEPT OF INFO TECH & TELECOMM,2020-01-06T00:00:00.000,MANHATTAN,TELECOMMUNICATION MANAGER,ACTIVE,145000.00,per Annum,1820,144591.79,0,0.00,-2777.80
2021,858,DEPT OF INFO TECH & TELECOMM,2016-03-07T00:00:00.000,BROOKLYN,COMPUTER SPECIALIST,ACTIVE,106023.00,per Annum,1820,105724.70,0,0.00,5273.97
2021,858,DEPT OF INFO TECH & TELECOMM,2015-10-05T00:00:00.000,BROOKLYN,COMPUTER SYSTEMS MANAGER,ACTIVE,139050.00,per Annum,1820,138658.52,0,0.00,16.50
2021,858,DEPT OF INFO TECH & TELECOMM,2015-03-23T00:00:00.000,MANHATTAN,ADMINISTRATIVE BUSINESS PROMOTION COORDINATOR,ACTIVE,141766.00,per Annum,1820,141366.99,0,0.00,-2715.80
2021,858,DEPT OF INFO TECH & TELECOMM,2021-05-03T00:00:00.000,BROOKLYN,TELECOMMUNICATIONS MANAGER,ACTIVE,125000.00,per Annum,245,16780.82,0,0.00,0.00
2021,858,DEPT OF INFO TECH & TELECOMM,2013-12-23T00:00:00.000,BROOKLYN,CERTIFIED IT ADMINISTRATOR,ACTIVE,145000.00,per Annum,1820,126833.74,111,9246.65,5773.56
2021,858,DEPT OF INFO TECH & TELECOMM,2021-03-29T00:00:00.000,BROOKLYN,IT PROJECT SPECIALIST,ACTIVE,80000.00,per Annum,420,18410.94,0,0.00,0.00
2021,858,DEPT OF INFO TECH & TELECOMM,2015-07-27T00:00:00.000,BROOKLYN,COMPUTER SPECIALIST,ACTIVE,124755.00,per Annum,1820,124403.79,97.25,8167.81,5433.19
2021,858,DEPT OF INFO TECH & TELECOMM,2018-10-22T00:00:00.000,MANHATTAN,CALL CENTER REPRESENTATIVE,ACTIVE,40345.00,per Annum,1820,30491.75,4,86.71,463.53
2021,858,DEPT OF INFO TECH & TELECOMM,2016-05-02T00:00:00.000,BROOKLYN,COMPUTER SPECIALIST,ACTIVE,132776.00,per Annum,1820,132402.34,0,0.00,5480.22
2021,858,DEPT OF INFO TECH & TELECOMM,2018-05-14T00:00:00.000,MANHATTAN,IT SECURITY SPECIALIST,ACTIVE,111240.00,per Annum,1820,110926.91,0,0.00,0.00
2021,858,DEPT OF INFO TECH & TELECOMM,2021-04-26T00:00:00.000,BROOKLYN,IT SECURITY SPECIALIST,ACTIVE,115000.00,per Annum,280,17643.84,0,0.00,0.00
2021,858,DEPT OF INFO TECH & TELECOMM,2005-08-15T00:00:00.000,BROOKLYN,COMPUTER ASSOCIATE,ACTIVE,105575.00,per Annum,1820,105277.80,4,244.48,5967.62
2021,858,DEPT OF INFO TECH & TELECOMM,2007-06-18T00:00:00.000,MANHATTAN,COMPUTER SYSTEMS MANAGER,ACTIVE,111713.00,per Annum,1820,111398.52,0,0.00,100.50
2021,858,DEPT OF INFO TECH & TELECOMM,2019-12-02T00:00:00.000,MANHATTAN,CALL CENTER REPRESENTATIVE,CEASED,38856.00,per Annum,903,17486.35,21.5,456.08,238.20
2021,858,DEPT OF INFO TECH & TELECOMM,2009-01-20T00:00:00.000,BROOKLYN,TELECOMMUNICATION MANAGER,ACTIVE,126429.00,per Annum,1820,126073.11,0,0.00,-2422.00
2021,858,DEPT OF INFO TECH & TELECOMM,2010-08-09T00:00:00.000,MANHATTAN,COMPUTER ASSOCIATE,ACTIVE,70691.00,per Annum,1820,70492.15,4,166.34,6001.75
2021,858,DEPT OF INFO TECH & TELECOMM,2019-02-11T00:00:00.000,MANHATTAN,CALL CENTER REPRESENTATIVE,ACTIVE,40345.00,per Annum,1820,39272.94,101.25,2889.76,16.50
2021,858,DEPT OF INFO TECH & TELECOMM,2020-08-17T00:00:00.000,MANHATTAN,IT SECURITY SPECIALIST,ACTIVE,145000.00,per Annum,1540,122356.08,0,0.00,0.00
2021,858,DEPT OF INFO TECH & TELECOMM,2014-08-04T00:00:00.000,MANHATTAN,CERTIFIED IT ADMINISTRATOR,ACTIVE,130000.00,per Annum,1820,129634.07,0,0.00,18818.21
2021,858,DEPT OF INFO TECH & TELECOMM,2008-01-14T00:00:00.000,BROOKLYN,COMPUTER SYSTEMS MANAGER,ACTIVE,151903.00,per Annum,1820,151475.55,0,0.00,-2910.00
2021,858,DEPT OF INFO TECH & TELECOMM,2016-02-29T00:00:00.000,BROOKLYN,CERTIFIED IT ADMINISTRATOR,ACTIVE,143841.00,per Annum,1820,143436.17,0,0.00,5273.97
2021,858,DEPT OF INFO TECH & TELECOMM,2008-12-08T00:00:00.000,MANHATTAN,COMPUTER SYSTEMS MANAGER,ACTIVE,153478.00,per Annum,1820,153046.09,0,0.00,-2940.20
2021,858,DEPT OF INFO TECH & TELECOMM,2004-07-05T00:00:00.000,MANHATTAN,CALL CENTER REPRESENTATIVE,ACTIVE,42124.00,per Annum,1820,42005.56,0,0.00,9662.07
2021,858,DEPT OF INFO TECH & TELECOMM,2003-03-12T00:00:00.000,BROOKLYN,COMPUTER SYSTEMS MANAGER,ACTIVE,220000.00,per Annum,1820,205665.19,0,0.00,-3910.10
2021,858,DEPT OF INFO TECH & TELECOMM,2020-03-23T00:00:00.000,BROOKLYN,DEPUTY COMMISSIONER OF IT,ACTIVE,229948.00,per Annum,1820,229300.71,0,0.00,-4405.15
2021,858,DEPT OF INFO TECH & TELECOMM,2020-03-02T00:00:00.000,BROOKLYN,COMPUTER SYSTEMS MANAGER,ACTIVE,229948.00,per Annum,1820,229300.71,0,0.00,-4405.15
2021,858,DEPT OF INFO TECH & TELECOMM,2020-06-15T00:00:00.000,BROOKLYN,EXECUTIVE AGENCY COUNSEL,ACTIVE,236900.00,per Annum,1820,230234.02,0,0.00,-4405.15
2021,858,DEPT OF INFO TECH & TELECOMM,2017-04-24T00:00:00.000,BROOKLYN,COMPUTER ASSOCIATE,ACTIVE,84362.00,per Annum,1820,84124.49,5,239.56,13407.03
2021,858,DEPT OF INFO TECH & TELECOMM,2014-01-20T00:00:00.000,MANHATTAN,ADM MANAGER-NON-MGRL,ACTIVE,98628.00,per Annum,1820,97508.34,0,0.00,0.00
2021,858,DEPT OF INFO TECH & TELECOMM,2010-08-30T00:00:00.000,MANHATTAN,ADMINISTRATIVE BUSINESS PROMOTION COORDINATOR,ACTIVE,99581.00,per Annum,1820,99300.84,0,0.00,-1907.70
2021,858,DEPT OF INFO TECH & TELECOMM,2004-12-13T00:00:00.000,MANHATTAN,RADIO AND TELEVISION OPERATOR,ACTIVE,55469.00,per Annum,1820,55312.93,2.5,88.29,13094.17
2021,858,DEPT OF INFO TECH & TELECOMM,2005-08-14T00:00:00.000,BROOKLYN,TELECOMMUNICATIONS ASSOCIATE,ACTIVE,67194.00,per Annum,1820,67004.77,0,0.00,8364.41
2021,858,DEPT OF INFO TECH & TELECOMM,2021-06-14T00:00:00.000,MANHATTAN,CALL CENTER REPRESENTATIVE,ACTIVE,35083.00,per Annum,35,672.82,0,0.00,0.00
2021,858,DEPT OF INFO TECH & TELECOMM,2021-04-05T00:00:00.000,MANHATTAN,CALL CENTER REPRESENTATIVE,CEASED,35083.00,per Annum,35,672.82,0,0.00,0.00
2021,858,DEPT OF INFO TECH & TELECOMM,2019-11-18T00:00:00.000,BROOKLYN,IT SECURITY SPECIALIST,ACTIVE,110000.00,per Annum,1820,109690.44,14,963.32,938.46
2021,858,DEPT OF INFO TECH & TELECOMM,2017-08-07T00:00:00.000,BROOKLYN,CERTIFIED IT DEVELOPER,ACTIVE,118167.00,per Annum,1820,117834.34,0,0.00,3809.23
2021,858,DEPT OF INFO TECH & TELECOMM,2015-04-06T00:00:00.000,MANHATTAN,CALL CENTER REPRESENTATIVE,ACTIVE,40345.00,per Annum,1820,40231.46,49.25,1164.83,780.08
2021,858,DEPT OF INFO TECH & TELECOMM,2006-07-17T00:00:00.000,BROOKLYN,ADMINISTRATIVE STAFF ANALYST,ACTIVE,110135.00,per Annum,1820,109825.11,0,0.00,435.24
2021,858,DEPT OF INFO TECH & TELECOMM,2017-10-23T00:00:00.000,MANHATTAN,CALL CENTER REPRESENTATIVE,ACTIVE,40345.00,per Annum,1820,40231.46,3,66.25,2593.33
2021,858,DEPT OF INFO TECH & TELECOMM,2005-10-03T00:00:00.000,MANHATTAN,CALL CENTER REPRESENTATIVE,ACTIVE,40345.00,per Annum,1855,39668.05,0,0.00,3964.77
2021,858,DEPT OF INFO TECH & TELECOMM,2016-03-28T00:00:00.000,BROOKLYN,COMPUTER SYSTEMS MANAGER,ACTIVE,144200.00,per Annum,1820,143794.16,0,0.00,-2762.45
2021,858,DEPT OF INFO TECH & TELECOMM,2018-12-17T00:00:00.000,MANHATTAN,ADMINISTRATIVE BUSINESS PROMOTION COORDINATOR,ACTIVE,144200.00,per Annum,1820,143794.16,0,0.00,-2762.45
2021,858,DEPT OF INFO TECH & TELECOMM,2016-01-19T00:00:00.000,BROOKLYN,ADMINISTRATIVE CONSTRUCTION PROJECT MANAGER,ACTIVE,143841.00,per Annum,1820,143436.17,0,0.00,-2755.55
2021,858,DEPT OF INFO TECH & TELECOMM,2021-05-17T00:00:00.000,BROOKLYN,TELECOMMUNICATIONS MANAGER,ACTIVE,90000.00,per Annum,175,8630.13,0,0.00,0.00
2021,858,DEPT OF INFO TECH & TELECOMM,2018-11-05T00:00:00.000,MANHATTAN,IT PROJECT SPECIALIST,CEASED,85000.00,per Annum,1750,81500.39,0,0.00,24.75
2021,858,DEPT OF INFO TECH & TELECOMM,2020-01-20T00:00:00.000,MANHATTAN,Executive Program Specialist,ON LEAVE,118000.00,per Annum,1575,101826.62,0,0.00,-2260.55
2021,858,DEPT OF INFO TECH & TELECOMM,2014-05-27T00:00:00.000,BROOKLYN,COMPUTER ASSOCIATE,ACTIVE,94244.00,per Annum,1820,93978.78,0,0.00,5703.47
2021,858,DEPT OF INFO TECH & TELECOMM,2019-10-14T00:00:00.000,BROOKLYN,ADM MANAGER-NON-MGRL,ACTIVE,101202.00,per Annum,1820,100053.19,0,0.00,0.00
2021,858,DEPT OF INFO TECH & TELECOMM,2019-12-30T00:00:00.000,BROOKLYN,PROCUREMENT ANALYST,ACTIVE,100875.00,per Annum,1820,100333.76,0,0.00,0.00
2021,858,DEPT OF INFO TECH & TELECOMM,2017-01-17T00:00:00.000,MANHATTAN,PROCUREMENT ANALYST,ACTIVE,80568.00,per Annum,1820,80135.67,0,0.00,8.25
2021,858,DEPT OF INFO TECH & TELECOMM,2018-03-12T00:00:00.000,BROOKLYN,ADMINISTRATIVE PROCUREMENT ANALYST-NON-MGRL,ACTIVE,80568.00,per Annum,1820,80135.67,0,0.00,0.00
2021,858,DEPT OF INFO TECH & TELECOMM,2011-06-13T00:00:00.000,BROOKLYN,COMPUTER SYSTEMS MANAGER,ACTIVE,130000.00,per Annum,1820,129634.07,0,0.00,1000.00
2021,858,DEPT OF INFO TECH & TELECOMM,2008-04-14T00:00:00.000,MANHATTAN,COMPUTER SYSTEMS MANAGER,ACTIVE,130424.00,per Annum,1820,130056.80,0,0.00,57.75
2021,858,DEPT OF INFO TECH & TELECOMM,2008-08-18T00:00:00.000,BROOKLYN,COMPUTER SYSTEMS MANAGER,ACTIVE,130462.00,per Annum,1820,130094.76,0,0.00,8.25
2021,858,DEPT OF INFO TECH & TELECOMM,2018-03-26T00:00:00.000,MANHATTAN,COMPUTER SYSTEMS MANAGER,ACTIVE,121116.00,per Annum,1820,120775.23,0,0.00,0.00
2021,858,DEPT OF INFO TECH & TELECOMM,1999-12-13T00:00:00.000,BROOKLYN,COMPUTER SPECIALIST,ACTIVE,114428.00,per Annum,1820,114105.96,0,0.00,6071.60
2021,858,DEPT OF INFO TECH & TELECOMM,2001-07-23T00:00:00.000,BROOKLYN,COMPUTER SPECIALIST,ACTIVE,113778.00,per Annum,1820,113457.82,0,0.00,6106.10
2021,858,DEPT OF INFO TECH & TELECOMM,2016-10-03T00:00:00.000,BROOKLYN,COMPUTER SPECIALIST,ACTIVE,96682.00,per Annum,1820,96409.86,0,0.00,12423.86
2021,858,DEPT OF INFO TECH & TELECOMM,2006-08-28T00:00:00.000,MANHATTAN,ASSOCIATE CALL CENTER REPRESENTATIVE-NON-SPVR,ACTIVE,73116.00,per Annum,1820,72285.97,0,0.00,2884.46
2021,858,DEPT OF INFO TECH & TELECOMM,2005-01-03T00:00:00.000,MANHATTAN,ASSOCIATE CALL CENTER REPRESENTATIVE-NON-SPVR,ACTIVE,73116.00,per Annum,1820,72285.97,15,650.17,787.30
2021,858,DEPT OF INFO TECH & TELECOMM,2012-10-09T00:00:00.000,MANHATTAN,STAFF ANALYST,ACTIVE,66875.00,per Annum,1820,66686.82,0,0.00,0.00
2021,858,DEPT OF INFO TECH & TELECOMM,2013-06-10T00:00:00.000,MANHATTAN,CALL CENTER REPRESENTATIVE,ACTIVE,40345.00,per Annum,1820,16711.36,2,45.22,2101.36
2021,858,DEPT OF INFO TECH & TELECOMM,2021-03-15T00:00:00.000,MANHATTAN,CYBER SECURITY ANALYST,ACTIVE,75000.00,per Annum,490,20136.97,0,0.00,0.00
2021,858,DEPT OF INFO TECH & TELECOMM,2019-09-23T00:00:00.000,MANHATTAN,COMMUNITY COORDINATOR,ACTIVE,56650.00,per Annum,1820,56490.63,0,0.00,691.25
2021,858,DEPT OF INFO TECH & TELECOMM,2016-08-15T00:00:00.000,BROOKLYN,STAFF ANALYST,ACTIVE,57590.00,per Annum,1820,57427.87,0,0.00,0.00
2021,858,DEPT OF INFO TECH & TELECOMM,2019-11-18T00:00:00.000,MANHATTAN,COMMUNITY COORDINATOR,ACTIVE,56000.00,per Annum,1820,55842.50,61.25,2103.43,24.75
2021,858,DEPT OF INFO TECH & TELECOMM,2010-02-16T00:00:00.000,MANHATTAN,CERTIFIED IT ADMINISTRATOR,ACTIVE,141327.00,per Annum,1820,140929.18,0,0.00,5273.97
2021,858,DEPT OF INFO TECH & TELECOMM,2018-11-26T00:00:00.000,MANHATTAN,COMPUTER SYSTEMS MANAGER,ACTIVE,149350.00,per Annum,1820,148929.56,0,0.00,-2861.10
2021,858,DEPT OF INFO TECH & TELECOMM,2019-08-19T00:00:00.000,MANHATTAN,ADMINISTRATIVE BUSINESS PROMOTION COORDINATOR,ACTIVE,149350.00,per Annum,1820,148929.56,0,0.00,-2861.10
2021,858,DEPT OF INFO TECH & TELECOMM,2012-11-21T00:00:00.000,BROOKLYN,COMPUTER SYSTEMS MANAGER,ACTIVE,145332.00,per Annum,1820,144923.00,0,0.00,8.25
2021,858,DEPT OF INFO TECH & TELECOMM,2015-02-16T00:00:00.000,BROOKLYN,CERTIFIED IT ADMINISTRATOR,ACTIVE,130424.00,per Annum,1750,125067.90,87,9322.36,9643.02
2021,858,DEPT OF INFO TECH & TELECOMM,2016-01-19T00:00:00.000,BROOKLYN,CERTIFIED IT ADMINISTRATOR,ACTIVE,138308.00,per Annum,1820,137918.61,0,0.00,5425.47
2021,858,DEPT OF INFO TECH & TELECOMM,2019-02-11T00:00:00.000,MANHATTAN,EXECUTIVE AGENCY COUNSEL,ACTIVE,146260.00,per Annum,1820,145848.27,0,0.00,-2801.90
2021,858,DEPT OF INFO TECH & TELECOMM,2016-07-05T00:00:00.000,BROOKLYN,COMPUTER SPECIALIST,ACTIVE,119610.00,per Annum,1820,119273.32,21,1435.62,5448.75
2021,858,DEPT OF INFO TECH & TELECOMM,2019-12-23T00:00:00.000,BROOKLYN,IT SECURITY SPECIALIST,ACTIVE,125000.00,per Annum,1820,124648.16,0,0.00,17.00
2021,858,DEPT OF INFO TECH & TELECOMM,2018-03-26T00:00:00.000,BROOKLYN,COMPUTER OPERATIONS MANAGER,ACTIVE,121116.00,per Annum,1820,120775.23,0,0.00,3421.08
2021,858,DEPT OF INFO TECH & TELECOMM,2015-08-10T00:00:00.000,BROOKLYN,COMPUTER SPECIALIST,ACTIVE,119083.00,per Annum,1820,118747.90,0,0.00,5420.22
2021,858,DEPT OF INFO TECH & TELECOMM,2014-12-22T00:00:00.000,BROOKLYN,COMPUTER SPECIALIST,ACTIVE,119083.00,per Annum,1820,118747.90,0,0.00,5306.97
2021,858,DEPT OF INFO TECH & TELECOMM,2018-05-07T00:00:00.000,BROOKLYN,CERTIFIED IT DEVELOPER,ON SEPARATION LEAVE,107243.00,per Annum,1820,106941.16,0,0.00,5431.72
2021,858,DEPT OF INFO TECH & TELECOMM,2007-03-19T00:00:00.000,BROOKLYN,CERTIFIED IT ADMINISTRATOR,ACTIVE,97493.00,per Annum,1820,97218.66,1,56.26,14762.27
2021,858,DEPT OF INFO TECH & TELECOMM,1998-07-13T00:00:00.000,MANHATTAN,ADMINISTRATIVE STAFF ANALYST,ACTIVE,109872.00,per Annum,1820,109562.80,0,0.00,2144.11
2021,858,DEPT OF INFO TECH & TELECOMM,1990-03-05T00:00:00.000,BROOKLYN,COMPUTER SPECIALIST,ACTIVE,102127.00,per Annum,1820,101839.56,45.5,3746.40,6071.60
2021,858,DEPT OF INFO TECH & TELECOMM,2013-06-03T00:00:00.000,BROOKLYN,COMPUTER SPECIALIST,ACTIVE,97774.00,per Annum,1820,97498.92,0,0.00,6808.66
2021,858,DEPT OF INFO TECH & TELECOMM,2017-12-19T00:00:00.000,MANHATTAN,RADIO AND TELEVISION OPERATOR,ACTIVE,49299.00,per Annum,1820,49160.23,66.25,2004.74,3069.72
2021,858,DEPT OF INFO TECH & TELECOMM,2007-05-14T00:00:00.000,MANHATTAN,CALL CENTER REPRESENTATIVE,ACTIVE,40345.00,per Annum,1820,40231.46,0,0.00,6846.89
2021,858,DEPT OF INFO TECH & TELECOMM,2010-05-24T00:00:00.000,MANHATTAN,CALL CENTER REPRESENTATIVE,ACTIVE,40345.00,per Annum,1820,39767.21,43.5,1226.44,5522.12
2021,858,DEPT OF INFO TECH & TELECOMM,2019-08-26T00:00:00.000,MANHATTAN,CALL CENTER REPRESENTATIVE,ACTIVE,38856.00,per Annum,1820,38064.74,0,0.00,8.25
2021,858,DEPT OF INFO TECH & TELECOMM,2019-07-08T00:00:00.000,MANHATTAN,CALL CENTER REPRESENTATIVE,ACTIVE,38856.00,per Annum,1820,37840.90,0,0.00,231.56
2021,858,DEPT OF INFO TECH & TELECOMM,2020-05-18T00:00:00.000,MANHATTAN,CALL CENTER REPRESENTATIVE,ACTIVE,38856.00,per Annum,1820,35325.39,27,589.04,1795.11
2021,858,DEPT OF INFO TECH & TELECOMM,2012-11-26T00:00:00.000,BROOKLYN,ADMINISTRATIVE MANAGER,CEASED,216954.00,per Annum,0,0.00,0,0.00,25077.46
2021,858,DEPT OF INFO TECH & TELECOMM,2021-04-05T00:00:00.000,MANHATTAN,CALL CENTER REPRESENTATIVE,CEASED,35083.00,per Annum,91,1614.66,0,0.00,0.00
2021,858,DEPT OF INFO TECH & TELECOMM,2020-02-03T00:00:00.000,BROOKLYN,COMPUTER SYSTEMS MANAGER,ACTIVE,165000.00,per Annum,1820,164535.67,0,0.00,-3160.90
2021,858,DEPT OF INFO TECH & TELECOMM,2019-08-26T00:00:00.000,MANHATTAN,CALL CENTER REPRESENTATIVE,ACTIVE,38856.00,per Annum,1820,35648.16,9,183.14,1690.37
2021,858,DEPT OF INFO TECH & TELECOMM,2018-10-22T00:00:00.000,MANHATTAN,COMPUTER OPERATIONS MANAGER,ACTIVE,165000.00,per Annum,1820,164535.67,0,0.00,-2700.33
2021,858,DEPT OF INFO TECH & TELECOMM,2020-05-18T00:00:00.000,MANHATTAN,CALL CENTER REPRESENTATIVE,ACTIVE,38856.00,per Annum,1820,35325.39,3,57.61,2013.66
2021,858,DEPT OF INFO TECH & TELECOMM,2020-05-18T00:00:00.000,MANHATTAN,CALL CENTER REPRESENTATIVE,ACTIVE,38856.00,per Annum,1820,35325.39,0,0.00,1972.21
2021,858,DEPT OF INFO TECH & TELECOMM,2002-07-22T00:00:00.000,MANHATTAN,COMPUTER SYSTEMS MANAGER,ACTIVE,165970.00,per Annum,1820,165502.80,0,0.00,-3179.50
2021,858,DEPT OF INFO TECH & TELECOMM,2020-03-09T00:00:00.000,MANHATTAN,CALL CENTER REPRESENTATIVE,ACTIVE,38856.00,per Annum,1820,36042.58,4.25,84.19,805.46
2021,858,DEPT OF INFO TECH & TELECOMM,2016-07-18T00:00:00.000,BROOKLYN,COMPUTER SYSTEMS MANAGER,ACTIVE,164800.00,per Annum,1820,164336.26,0,0.00,84.00
2021,858,DEPT OF INFO TECH & TELECOMM,2002-03-29T00:00:00.000,BROOKLYN,COMPUTER SYSTEMS MANAGER,ACTIVE,168405.00,per Annum,1820,167931.01,0,0.00,-3226.15
2021,858,DEPT OF INFO TECH & TELECOMM,2016-04-04T00:00:00.000,BROOKLYN,COMPUTER SYSTEMS MANAGER,ACTIVE,168508.00,per Annum,1820,168033.70,0,0.00,-3228.10
2021,858,DEPT OF INFO TECH & TELECOMM,2015-09-08T00:00:00.000,MANHATTAN,COMPUTER SYSTEMS MANAGER,ACTIVE,169546.00,per Annum,1820,169068.69,0,0.00,-3248.00
2021,858,DEPT OF INFO TECH & TELECOMM,2021-04-05T00:00:00.000,MANHATTAN,CALL CENTER REPRESENTATIVE,CEASED,35083.00,per Annum,91,1749.22,0,0.00,0.00
2021,858,DEPT OF INFO TECH & TELECOMM,2010-03-08T00:00:00.000,BROOKLYN,TELECOMMUNICATIONS ASSOCIATE,ACTIVE,94244.00,per Annum,1820,93978.78,0,0.00,5273.97
2021,858,DEPT OF INFO TECH & TELECOMM,2008-09-08T00:00:00.000,BROOKLYN,CERTIFIED IT ADMINISTRATOR,ACTIVE,94244.00,per Annum,1820,93978.78,0,0.00,5273.97
2021,858,DEPT OF INFO TECH & TELECOMM,2018-04-23T00:00:00.000,BROOKLYN,TELECOMMUNICATIONS MANAGER,ACTIVE,89520.00,per Annum,1820,89267.94,0,0.00,75.25
2021,858,DEPT OF INFO TECH & TELECOMM,2009-05-26T00:00:00.000,MANHATTAN,PROGRAM PRODUCER,ACTIVE,83079.00,per Annum,1820,82845.12,12.25,633.81,5215.97
2021,858,DEPT OF INFO TECH & TELECOMM,2014-10-06T00:00:00.000,BROOKLYN,COMPUTER ASSOCIATE,ACTIVE,79957.00,per Annum,1820,79731.86,36,2407.63,5576.67
2021,858,DEPT OF INFO TECH & TELECOMM,2014-02-03T00:00:00.000,BROOKLYN,COMPUTER SYSTEMS MANAGER,ACTIVE,147445.00,per Annum,1820,147029.89,0,0.00,0.00
2021,858,DEPT OF INFO TECH & TELECOMM,2019-01-21T00:00:00.000,BROOKLYN,ADMINISTRATIVE PROCUREMENT ANALYST-NON-MGRL,ACTIVE,115865.00,per Annum,1820,115242.62,0,0.00,332.24
2021,858,DEPT OF INFO TECH & TELECOMM,2016-02-29T00:00:00.000,BROOKLYN,COMPUTER ASSOCIATE,ACTIVE,99581.00,per Annum,1820,99300.84,52,3786.97,11926.63
2021,858,DEPT OF INFO TECH & TELECOMM,2018-07-16T00:00:00.000,BROOKLYN,COMPUTER ASSOCIATE,ACTIVE,59047.00,per Annum,1820,58022.42,22,829.95,997.68
2021,858,DEPT OF INFO TECH & TELECOMM,2020-03-23T00:00:00.000,BROOKLYN,PRINCIPAL ADMINISTRATIVE ASSOCIATE -  NON SUPVR,ACTIVE,89529.00,per Annum,1820,88504.17,0,0.00,4312.46
2021,858,DEPT OF INFO TECH & TELECOMM,2004-06-07T00:00:00.000,BROOKLYN,COMPUTER SYSTEMS MANAGER,ACTIVE,159837.00,per Annum,1820,159387.02,0,0.00,-3062.00
2021,858,DEPT OF INFO TECH & TELECOMM,2016-09-19T00:00:00.000,MANHATTAN,CALL CENTER REPRESENTATIVE,ACTIVE,40345.00,per Annum,1820,40231.46,3,66.25,541.03
2021,858,DEPT OF INFO TECH & TELECOMM,2008-09-08T00:00:00.000,BROOKLYN,CERTIFIED IT ADMINISTRATOR,ACTIVE,128280.00,per Annum,1820,127918.98,0,0.00,3762.38
2021,858,DEPT OF INFO TECH & TELECOMM,2011-09-06T00:00:00.000,MANHATTAN,COMPUTER SYSTEMS MANAGER,ACTIVE,154500.00,per Annum,1820,154065.21,0,0.00,-2959.75
2021,858,DEPT OF INFO TECH & TELECOMM,1998-09-21T00:00:00.000,BROOKLYN,COMPUTER SYSTEMS MANAGER,ACTIVE,144224.00,per Annum,1820,143818.09,57.5,5984.41,2643.95
2021,858,DEPT OF INFO TECH & TELECOMM,2001-06-11T00:00:00.000,BROOKLYN,COMPUTER SPECIALIST,ACTIVE,108401.00,per Annum,1820,108095.99,0,0.00,6105.60
2021,858,DEPT OF INFO TECH & TELECOMM,2014-02-24T00:00:00.000,MANHATTAN,COMMUNITY ASSOCIATE,ACTIVE,49661.00,per Annum,1820,49521.34,2,54.36,0.00
2021,858,DEPT OF INFO TECH & TELECOMM,2005-03-07T00:00:00.000,BROOKLYN,COMPUTER SYSTEMS MANAGER,ACTIVE,159380.00,per Annum,1820,158931.52,0,0.00,-3053.25
2021,858,DEPT OF INFO TECH & TELECOMM,2013-10-07T00:00:00.000,BROOKLYN,CERTIFIED IT ADMINISTRATOR,ACTIVE,109358.00,per Annum,1820,109050.11,2,188.25,5537.97
2021,858,DEPT OF INFO TECH & TELECOMM,2016-11-14T00:00:00.000,BROOKLYN,ADMINISTRATIVE BUSINESS PROMOTION COORDINATOR,ACTIVE,118450.00,per Annum,1820,118116.67,0,0.00,-2269.15
2021,858,DEPT OF INFO TECH & TELECOMM,2008-12-08T00:00:00.000,BROOKLYN,INSPECTOR,ACTIVE,57680.00,per Annum,1820,57517.57,0,0.00,1963.15
2021,858,DEPT OF INFO TECH & TELECOMM,2013-09-09T00:00:00.000,MANHATTAN,CALL CENTER REPRESENTATIVE,ACTIVE,40345.00,per Annum,1820,40231.46,0,0.27,1035.47
2021,858,DEPT OF INFO TECH & TELECOMM,2009-08-31T00:00:00.000,MANHATTAN,ASSOCIATE CALL CENTER REPRESENTATIVE-NON-SPVR,ACTIVE,56237.00,per Annum,1820,42564.36,0,0.00,-791.64
2021,858,DEPT OF INFO TECH & TELECOMM,2006-07-31T00:00:00.000,BROOKLYN,ASSOCIATE INVESTIGATOR,ACTIVE,58880.00,per Annum,1820,58714.25,0,0.00,5964.93
2021,858,DEPT OF INFO TECH & TELECOMM,2018-10-22T00:00:00.000,MANHATTAN,CALL CENTER REPRESENTATIVE,ACTIVE,40345.00,per Annum,1820,40231.46,0,0.00,1048.80
2021,858,DEPT OF INFO TECH & TELECOMM,2016-09-12T00:00:00.000,BROOKLYN,COMPUTER SYSTEMS MANAGER,ACTIVE,134280.00,per Annum,1820,133902.16,0,0.00,-1543.44
2021,858,DEPT OF INFO TECH & TELECOMM,2013-04-29T00:00:00.000,MANHATTAN,COMMUNITY ASSOCIATE,ACTIVE,49301.00,per Annum,1820,49162.30,0,0.00,0.00
2021,858,DEPT OF INFO TECH & TELECOMM,2018-08-06T00:00:00.000,MANHATTAN,COMMUNITY COORDINATOR,ACTIVE,82148.00,per Annum,1820,81916.73,194,10678.71,542.11
2021,858,DEPT OF INFO TECH & TELECOMM,2010-08-30T00:00:00.000,MANHATTAN,ADMINISTRATIVE BUSINESS PROMOTION COORDINATOR,ON LEAVE,176749.00,per Annum,1060,116204.54,0,0.00,0.00
2021,858,DEPT OF INFO TECH & TELECOMM,2018-07-02T00:00:00.000,BROOKLYN,COMPUTER ASSOCIATE,ACTIVE,59047.00,per Annum,1820,58344.03,24,1011.97,6063.42
2021,858,DEPT OF INFO TECH & TELECOMM,2017-12-10T00:00:00.000,BROOKLYN,CERTIFIED IT ADMINISTRATOR,ACTIVE,111461.00,per Annum,1820,111147.37,0,0.00,3120.31
2021,858,DEPT OF INFO TECH & TELECOMM,2020-02-24T00:00:00.000,BROOKLYN,COMMISSIONER OF DEPT OF INFO TECHNOLOGY & TELECOMMUNICATIONS,ACTIVE,243171.00,per Annum,1820,242486.66,0,0.00,-4658.45
2021,858,DEPT OF INFO TECH & TELECOMM,2017-05-01T00:00:00.000,MANHATTAN,COMMUNITY COORDINATOR,ACTIVE,64454.00,per Annum,1820,64272.64,0,0.00,0.00
2021,858,DEPT OF INFO TECH & TELECOMM,2004-06-28T00:00:00.000,BROOKLYN,ASSOCIATE STAFF ANALYST,ACTIVE,75693.00,per Annum,1820,75479.87,22.5,1249.29,5389.21
2021,858,DEPT OF INFO TECH & TELECOMM,2016-12-05T00:00:00.000,BROOKLYN,IT AUTOMATION AND MONITORING ENGINEER,ACTIVE,114611.00,per Annum,1820,114288.46,0,0.00,8.75
2021,858,DEPT OF INFO TECH & TELECOMM,2012-05-07T00:00:00.000,BROOKLYN,CERTIFIED IT ADMINISTRATOR,ACTIVE,110237.00,per Annum,1820,109926.77,0,0.00,5273.97
2021,858,DEPT OF INFO TECH & TELECOMM,2013-01-28T00:00:00.000,MANHATTAN,CALL CENTER REPRESENTATIVE,ACTIVE,40345.00,per Annum,1820,38960.31,270.75,8285.45,1738.97
2021,858,DEPT OF INFO TECH & TELECOMM,2020-02-24T00:00:00.000,BROOKLYN,COMPUTER SYSTEMS MANAGER,ACTIVE,236900.00,per Annum,1820,236233.34,0,0.00,-4538.30
2021,858,DEPT OF INFO TECH & TELECOMM,2018-10-15T00:00:00.000,MANHATTAN,CITY RESEARCH SCIENTIST,ACTIVE,86830.00,per Annum,1820,82269.19,0,0.00,208.21
2021,858,DEPT OF INFO TECH & TELECOMM,2015-08-31T00:00:00.000,MANHATTAN,PROGRAM PRODUCER,CEASED,89189.00,per Annum,0,0.00,0,0.00,10.22
2021,858,DEPT OF INFO TECH & TELECOMM,2019-12-02T00:00:00.000,BROOKLYN,COMMUNITY ASSOCIATE,ACTIVE,50000.00,per Annum,1820,49859.32,0,0.00,0.00
2021,858,DEPT OF INFO TECH & TELECOMM,2013-03-25T00:00:00.000,BROOKLYN,CERTIFIED IT ADMINISTRATOR,ACTIVE,122079.00,per Annum,1820,121735.34,0,0.00,11627.86
2021,858,DEPT OF INFO TECH & TELECOMM,2015-12-07T00:00:00.000,BROOKLYN,COMPUTER SYSTEMS MANAGER,ACTIVE,157976.00,per Annum,1820,157531.27,0,0.00,-3026.35
2021,858,DEPT OF INFO TECH & TELECOMM,2013-09-09T00:00:00.000,BROOKLYN,COMPUTER OPERATIONS MANAGER,ACTIVE,156952.00,per Annum,1820,156510.33,0,0.00,-3006.75
2021,858,DEPT OF INFO TECH & TELECOMM,2015-02-02T00:00:00.000,BROOKLYN,COMPUTER SYSTEMS MANAGER,ACTIVE,154241.00,per Annum,1820,153806.79,0,0.00,16.50
2021,858,DEPT OF INFO TECH & TELECOMM,2019-02-19T00:00:00.000,MANHATTAN,COMPUTER OPERATIONS MANAGER,ACTIVE,92700.00,per Annum,1820,92439.18,0,0.00,0.00
2021,858,DEPT OF INFO TECH & TELECOMM,2019-04-08T00:00:00.000,MANHATTAN,COMMUNITY COORDINATOR,ACTIVE,82400.00,per Annum,1820,82168.13,0,0.00,33.00
2021,858,DEPT OF INFO TECH & TELECOMM,2021-04-05T00:00:00.000,BROOKLYN,COMPUTER SYSTEMS MANAGER,ACTIVE,195000.00,per Annum,385,41136.98,0,0.00,0.00
2021,858,DEPT OF INFO TECH & TELECOMM,2018-09-24T00:00:00.000,MANHATTAN,CALL CENTER REPRESENTATIVE,ACTIVE,40345.00,per Annum,1849,38119.08,305.5,8881.12,3283.03
2021,858,DEPT OF INFO TECH & TELECOMM,2010-07-26T00:00:00.000,BROOKLYN,COMPUTER SPECIALIST,CEASED,113736.00,per Annum,1758.62,109590.43,0,0.00,5096.09
2021,858,DEPT OF INFO TECH & TELECOMM,2013-07-15T00:00:00.000,MANHATTAN,CERTIFIED IT ADMINISTRATOR,ACTIVE,148972.00,per Annum,1820,148552.59,38,3208.34,5273.97
2021,858,DEPT OF INFO TECH & TELECOMM,2019-07-08T00:00:00.000,MANHATTAN,CALL CENTER REPRESENTATIVE,CEASED,35083.00,per Annum,35,670.75,25,650.97,1431.93
2021,858,DEPT OF INFO TECH & TELECOMM,2020-05-18T00:00:00.000,MANHATTAN,COMMUNITY ASSOCIATE,ACTIVE,44083.00,per Annum,1820,43958.80,0,0.00,0.00
2021,858,DEPT OF INFO TECH & TELECOMM,2020-04-06T00:00:00.000,MANHATTAN,CYBER SECURITY ANALYST,ACTIVE,85000.00,per Annum,1820,84760.66,1,46.52,-494.59
2021,858,DEPT OF INFO TECH & TELECOMM,2020-01-20T00:00:00.000,BROOKLYN,STAFF ANALYST,ACTIVE,62197.00,per Annum,1820,62021.98,0,0.00,0.00
2021,858,DEPT OF INFO TECH & TELECOMM,2014-12-01T00:00:00.000,BROOKLYN,ADMINISTRATIVE STAFF ANALYST,CEASED,112000.00,per Annum,581,35647.39,0,0.00,0.00
2021,858,DEPT OF INFO TECH & TELECOMM,2019-09-23T00:00:00.000,BROOKLYN,CONFIDENTIAL STRATEGY PLANNER,ACTIVE,71753.00,per Annum,1820,71551.04,0,0.00,0.00
2021,858,DEPT OF INFO TECH & TELECOMM,2016-11-28T00:00:00.000,BROOKLYN,COMPUTER ASSOCIATE,ACTIVE,80568.00,per Annum,1820,80341.25,0,0.00,5273.97
2021,858,DEPT OF INFO TECH & TELECOMM,2011-03-21T00:00:00.000,BROOKLYN,COMPUTER SPECIALIST,ACTIVE,100812.00,per Annum,1820,100528.22,0,0.00,5273.97
2021,858,DEPT OF INFO TECH & TELECOMM,2006-04-10T00:00:00.000,BROOKLYN,PRINCIPAL ADMINISTRATIVE ASSOCIATE -  NON SUPVR,ACTIVE,89470.00,per Annum,1820,88454.49,76.5,5074.44,2150.50
2021,858,DEPT OF INFO TECH & TELECOMM,2017-10-23T00:00:00.000,MANHATTAN,COMMUNITY ASSOCIATE,ACTIVE,44083.00,per Annum,1820,43958.80,0,0.00,501.53
2021,858,DEPT OF INFO TECH & TELECOMM,2016-08-29T00:00:00.000,BROOKLYN,COMPUTER ASSOCIATE,ACTIVE,82985.00,per Annum,1820,82751.52,100,5942.87,5410.51
2021,858,DEPT OF INFO TECH & TELECOMM,2015-10-19T00:00:00.000,MANHATTAN,PROGRAM PRODUCER,ACTIVE,82985.00,per Annum,1820,82751.52,0,0.00,1526.26
2021,858,DEPT OF INFO TECH & TELECOMM,2020-06-08T00:00:00.000,MANHATTAN,CALL CENTER REPRESENTATIVE,ACTIVE,38856.00,per Annum,1820,35108.31,31,700.92,156.37
2021,858,DEPT OF INFO TECH & TELECOMM,2019-06-03T00:00:00.000,MANHATTAN,IT SECURITY SPECIALIST,ACTIVE,133900.00,per Annum,1820,133523.12,0,0.00,103.50
2021,858,DEPT OF INFO TECH & TELECOMM,2011-05-23T00:00:00.000,BROOKLYN,ADM MANAGER-NON-MGRL,CEASED,140000.00,per Annum,266,20394.55,0,0.00,32439.38
2021,858,DEPT OF INFO TECH & TELECOMM,2019-07-15T00:00:00.000,BROOKLYN,INSPECTOR,ACTIVE,53124.00,per Annum,1820,52974.41,0,0.00,0.00
2021,858,DEPT OF INFO TECH & TELECOMM,2003-01-13T00:00:00.000,MANHATTAN,ASSOCIATE CALL CENTER REPRESENTATIVE-NON-SPVR,ACTIVE,73969.00,per Annum,1820,73120.80,15.5,647.61,11384.41
2021,858,DEPT OF INFO TECH & TELECOMM,2007-12-31T00:00:00.000,BROOKLYN,TELECOMMUNICATIONS ASSOCIATE,ACTIVE,90730.00,per Annum,1820,90474.51,0,0.00,5273.97
2021,858,DEPT OF INFO TECH & TELECOMM,2019-05-20T00:00:00.000,BROOKLYN,IT PROJECT SPECIALIST,ACTIVE,133900.00,per Annum,1820,133523.12,0,0.00,0.00
2021,858,DEPT OF INFO TECH & TELECOMM,2019-09-03T00:00:00.000,MANHATTAN,IT SECURITY SPECIALIST,ACTIVE,133900.00,per Annum,1820,133523.12,0,0.00,0.00
2021,858,DEPT OF INFO TECH & TELECOMM,2017-06-12T00:00:00.000,BROOKLYN,ADMINISTRATIVE STAFF ANALYST,ACTIVE,105000.00,per Annum,1820,104704.53,0,0.00,816.96
2021,858,DEPT OF INFO TECH & TELECOMM,2010-08-30T00:00:00.000,MANHATTAN,BUSINESS PROMOTION COORDINATOR,ACTIVE,53712.00,per Annum,1820,53560.91,0,0.00,0.00
2021,858,DEPT OF INFO TECH & TELECOMM,2012-01-30T00:00:00.000,BROOKLYN,TELECOMMUNICATIONS ASSOCIATE,ACTIVE,83564.00,per Annum,1820,83328.69,0,0.00,650.00
2021,858,DEPT OF INFO TECH & TELECOMM,2020-06-29T00:00:00.000,MANHATTAN,CALL CENTER REPRESENTATIVE,ACTIVE,35083.00,per Annum,1785,33602.04,3,57.61,1581.74
2021,858,DEPT OF INFO TECH & TELECOMM,2021-04-25T00:00:00.000,MANHATTAN,ASSOCIATE STAFF ANALYST,ACTIVE,80000.00,per Annum,280,12273.96,4.25,186.10,0.00
2021,858,DEPT OF INFO TECH & TELECOMM,2016-02-08T00:00:00.000,BROOKLYN,CERTIFIED IT ADMINISTRATOR,ACTIVE,118450.00,per Annum,1820,118116.67,119,10023.77,6310.07
2021,858,DEPT OF INFO TECH & TELECOMM,2007-09-10T00:00:00.000,BROOKLYN,COMPUTER SYSTEMS MANAGER,ACTIVE,138541.00,per Annum,1820,138151.03,0,0.00,-2654.05
2021,858,DEPT OF INFO TECH & TELECOMM,2015-07-06T00:00:00.000,BROOKLYN,COMPUTER SPECIALIST,ACTIVE,107742.00,per Annum,1820,107438.75,0,0.00,5290.97
2021,858,DEPT OF INFO TECH & TELECOMM,2016-04-04T00:00:00.000,BROOKLYN,COMPUTER PROGRAMMER ANALYST,ACTIVE,58918.00,per Annum,1750,56498.52,0,0.00,5068.90
2021,858,DEPT OF INFO TECH & TELECOMM,2015-11-16T00:00:00.000,BROOKLYN,IT PROJECT SPECIALIST,ACTIVE,85939.00,per Annum,1820,85697.11,0,0.00,0.00
2021,858,DEPT OF INFO TECH & TELECOMM,2008-02-19T00:00:00.000,BROOKLYN,CLERICAL ASSOCIATE,ACTIVE,59102.00,per Annum,1820,58935.75,16.5,571.05,2827.80
2021,858,DEPT OF INFO TECH & TELECOMM,2020-03-09T00:00:00.000,MANHATTAN,CALL CENTER REPRESENTATIVE,ACTIVE,38856.00,per Annum,1820,36048.99,0,0.00,8.25
2021,858,DEPT OF INFO TECH & TELECOMM,2016-06-06T00:00:00.000,MANHATTAN,ADM MANAGER-NON-MGRL,ACTIVE,138566.00,per Annum,1820,136993.10,0,0.00,247.50
2021,858,DEPT OF INFO TECH & TELECOMM,2018-10-01T00:00:00.000,MANHATTAN,ADMINISTRATIVE STAFF ANALYST,ACTIVE,85000.00,per Annum,1820,84760.66,0,0.00,947.07
2021,846,DEPT OF PARKS & RECREATION,2021-06-09T00:00:00.000,BROOKLYN,CITY PARK WORKER,ACTIVE,16.63,per Hour,32,532.04,0,0.00,0.00
2021,846,DEPT OF PARKS & RECREATION,1989-05-22T00:00:00.000,QUEENS,ASSOCIATE PROJECT MANAGER,ACTIVE,118450.00,per Annum,1820,118116.67,0,6.55,10895.09
2021,846,DEPT OF PARKS & RECREATION,2001-05-14T00:00:00.000,BRONX,PARK SUPERVISOR,ACTIVE,86205.00,per Annum,2080,85962.29,189.25,12408.99,17972.05
2021,846,DEPT OF PARKS & RECREATION,2013-09-30T00:00:00.000,MANHATTAN,COMMUNITY COORDINATOR,ACTIVE,77000.00,per Annum,1820.72,76734.13,448,23628.55,1718.66
2021,846,DEPT OF PARKS & RECREATION,2021-01-05T00:00:00.000,RICHMOND,CITY SEASONAL AIDE,ACTIVE,15.45,per Hour,664.05,10259.63,1,15.45,89.00
2021,846,DEPT OF PARKS & RECREATION,1988-05-31T00:00:00.000,MANHATTAN,ASSOCIATE PARK SERVICE WORKER,ACTIVE,65168.00,per Annum,2080,64984.47,162,9054.98,17384.40
2021,846,DEPT OF PARKS & RECREATION,2013-11-19T00:00:00.000,MANHATTAN,ADMINISTRATIVE STAFF ANALYST,ACTIVE,74000.00,per Annum,1820,73629.63,0,0.00,10.75
2021,846,DEPT OF PARKS & RECREATION,2021-01-21T00:00:00.000,BROOKLYN,JOB TRAINING PARTICIPANT,CEASED,15.45,per Hour,-16,-247.20,0,0.00,0.00
2021,846,DEPT OF PARKS & RECREATION,1994-05-02T00:00:00.000,MANHATTAN,COMMUNITY COORDINATOR,ACTIVE,72145.00,per Annum,1820,71942.05,0,6.21,1501.09
2021,846,DEPT OF PARKS & RECREATION,2009-01-05T00:00:00.000,BRONX,CLIMBER & PRUNER,ACTIVE,69093.00,per Annum,2080,68898.47,0,0.99,4523.60
2021,846,DEPT OF PARKS & RECREATION,2014-09-09T00:00:00.000,MANHATTAN,COMMUNITY COORDINATOR,ACTIVE,78419.00,per Annum,1820,78198.24,0,0.00,24.75
2021,846,DEPT OF PARKS & RECREATION,2013-04-22T00:00:00.000,BRONX,ASSOCIATE PARK SERVICE WORKER,CEASED,52247.00,per Annum,0,0.00,0,35.45,113.18
2021,846,DEPT OF PARKS & RECREATION,2017-06-30T00:00:00.000,QUEENS,FORESTER,ACTIVE,59497.00,per Annum,1820,59329.62,288.25,13027.86,418.92
2021,846,DEPT OF PARKS & RECREATION,2007-12-03T00:00:00.000,MANHATTAN,PROCUREMENT ANALYST,ACTIVE,73049.00,per Annum,1820,72657.01,0,0.00,0.00
2021,846,DEPT OF PARKS & RECREATION,2019-07-29T00:00:00.000,MANHATTAN,URBAN PARK RANGER,ACTIVE,50635.00,per Annum,2080,50492.37,72.75,2653.65,2676.93
2021,846,DEPT OF PARKS & RECREATION,2008-01-07T00:00:00.000,QUEENS,COMMUNITY ASSOCIATE,ACTIVE,55742.00,per Annum,1820,54944.89,0,0.00,686.64
2021,846,DEPT OF PARKS & RECREATION,2016-05-23T00:00:00.000,QUEENS,PARK SUPERVISOR,ACTIVE,72687.00,per Annum,2080,54451.83,360.42,14528.30,3557.89
2021,846,DEPT OF PARKS & RECREATION,2015-01-26T00:00:00.000,BROOKLYN,PRINCIPAL ADMINISTRATIVE ASSOCIATE -  NON SUPVR,ACTIVE,54531.00,per Annum,1820,53912.11,8,306.49,1204.23
2021,846,DEPT OF PARKS & RECREATION,2019-04-15T00:00:00.000,QUEENS,GARDENER,ACTIVE,23.91,per Hour,2072,44100.24,32.5,1013.52,1054.08
2021,846,DEPT OF PARKS & RECREATION,2019-05-29T00:00:00.000,QUEENS,CITY PARK WORKER,ACTIVE,52247.00,per Annum,2080,36299.27,277,7623.27,1730.61
2021,846,DEPT OF PARKS & RECREATION,2019-03-22T00:00:00.000,MANHATTAN,CITY PARK WORKER,ACTIVE,39923.00,per Annum,2119.45,35254.81,138.5,3456.72,633.31
2021,846,DEPT OF PARKS & RECREATION,2019-10-21T00:00:00.000,BRONX,EXTERMINATOR,ACTIVE,49440.00,per Annum,1820,48916.20,327.5,11514.52,2615.25
2021,846,DEPT OF PARKS & RECREATION,2001-03-26T00:00:00.000,BRONX,CITY SEASONAL AIDE,ACTIVE,18.10,per Hour,2054.85,37192.81,4.5,124.74,1815.74
2021,846,DEPT OF PARKS & RECREATION,1996-04-24T00:00:00.000,QUEENS,ASSOCIATE PARK SERVICE WORKER,ACTIVE,52307.00,per Annum,2080,52159.88,1,40.59,4478.85
2021,846,DEPT OF PARKS & RECREATION,2012-05-07T00:00:00.000,MANHATTAN,CITY SEASONAL AIDE,ACTIVE,18.72,per Hour,2012.37,37671.50,0,0.00,1272.96
2021,846,DEPT OF PARKS & RECREATION,2017-05-26T00:00:00.000,QUEENS,CITY PARK WORKER,ACTIVE,39923.00,per Annum,1920,38126.14,8.5,243.78,554.92
2021,846,DEPT OF PARKS & RECREATION,2016-08-08T00:00:00.000,BROOKLYN,CITY PARK WORKER,CEASED,39923.00,per Annum,1800,34450.94,24,692.14,3759.44
2021,846,DEPT OF PARKS & RECREATION,2015-11-10T00:00:00.000,RICHMOND,RECREATION SUPERVISOR,ACTIVE,59269.00,per Annum,1820,52964.17,32.5,1280.73,2133.02
2021,846,DEPT OF PARKS & RECREATION,2019-07-25T00:00:00.000,QUEENS,CITY PARK WORKER,ACTIVE,16.62,per Hour,2033.1,33790.13,155.75,3821.71,922.67
2021,846,DEPT OF PARKS & RECREATION,2020-06-04T00:00:00.000,BROOKLYN,CITY PARK WORKER,ACTIVE,16.62,per Hour,2063.1,34288.74,126.5,3130.72,1086.24
2021,846,DEPT OF PARKS & RECREATION,2020-01-15T00:00:00.000,QUEENS,CITY SEASONAL AIDE,ACTIVE,15.45,per Hour,1414.13,21848.48,25,540.75,83.43
2021,846,DEPT OF PARKS & RECREATION,2013-03-04T00:00:00.000,QUEENS,ASSISTANT LANDSCAPE ARCHITECT,ACTIVE,33758.00,Prorated Annual,612,22012.11,0,0.00,384.03
2021,846,DEPT OF PARKS & RECREATION,1985-08-12T00:00:00.000,BROOKLYN,BOROUGH COMMISSIONER,ACTIVE,177145.00,per Annum,1820,176646.35,0,0.00,-3393.60
2021,846,DEPT OF PARKS & RECREATION,2021-04-25T00:00:00.000,BRONX,CITY PARK WORKER,CEASED,16.63,per Hour,8,133.01,0,0.00,0.00
2021,846,DEPT OF PARKS & RECREATION,2021-05-24T00:00:00.000,BRONX,CITY PARK WORKER,CEASED,16.63,per Hour,8,133.01,0,0.00,0.00
2021,846,DEPT OF PARKS & RECREATION,2014-09-22T00:00:00.000,QUEENS,LANDSCAPE ARCHITECT,ACTIVE,77921.00,per Annum,1820,77093.24,0,0.00,2542.38
2021,846,DEPT OF PARKS & RECREATION,2021-01-28T00:00:00.000,QUEENS,JOB TRAINING PARTICIPANT,ACTIVE,15.45,per Hour,214.17,3308.89,0,0.00,0.00
2021,846,DEPT OF PARKS & RECREATION,2021-04-12T00:00:00.000,BROOKLYN,CITY PARK WORKER,ACTIVE,16.63,per Hour,344,5719.43,20,506.28,169.71
2021,846,DEPT OF PARKS & RECREATION,2021-03-16T00:00:00.000,MANHATTAN,JOB TRAINING PARTICIPANT,ACTIVE,15.45,per Hour,424,6550.80,0,0.00,44.50
2021,846,DEPT OF PARKS & RECREATION,2020-07-23T00:00:00.000,QUEENS,CITY SEASONAL AIDE,ACTIVE,15.45,per Hour,544,8404.80,19.5,451.91,247.20
2021,846,DEPT OF PARKS & RECREATION,2019-08-14T00:00:00.000,MANHATTAN,JOB TRAINING PARTICIPANT,CEASED,15.45,per Hour,619.43,9570.26,0,0.00,-411.58
2021,846,DEPT OF PARKS & RECREATION,2016-06-17T00:00:00.000,BROOKLYN,LIFE GUARD,ACTIVE,19.46,per Hour,397,7725.64,9,260.29,1378.35
2021,846,DEPT OF PARKS & RECREATION,2021-01-14T00:00:00.000,BROOKLYN,JOB TRAINING PARTICIPANT,CEASED,15.45,per Hour,671.42,10373.39,5.25,117.16,44.50
2021,846,DEPT OF PARKS & RECREATION,2021-01-26T00:00:00.000,BROOKLYN,JOB TRAINING PARTICIPANT,ACTIVE,15.45,per Hour,630.48,9740.98,11.5,266.51,0.00
2021,846,DEPT OF PARKS & RECREATION,2010-07-07T00:00:00.000,QUEENS,LIFE GUARD,ACTIVE,19.46,per Hour,310.25,6037.47,32.75,1013.45,3005.04
2021,846,DEPT OF PARKS & RECREATION,2021-01-14T00:00:00.000,QUEENS,JOB TRAINING PARTICIPANT,ACTIVE,15.45,per Hour,640.27,9892.14,4,77.25,89.00
2021,846,DEPT OF PARKS & RECREATION,2021-05-20T00:00:00.000,MANHATTAN,JOB TRAINING PARTICIPANT,ACTIVE,15.45,per Hour,80,1236.00,0,0.00,0.00
2021,846,DEPT OF PARKS & RECREATION,2021-05-13T00:00:00.000,RICHMOND,JOB TRAINING PARTICIPANT,ACTIVE,15.45,per Hour,80,1236.00,0,0.00,0.00
2021,846,DEPT OF PARKS & RECREATION,2021-06-04T00:00:00.000,QUEENS,LIFE GUARD,ACTIVE,16.10,per Hour,8,128.80,0,0.00,0.00
2021,846,DEPT OF PARKS & RECREATION,1995-07-01T00:00:00.000,QUEENS,CITY SEASONAL AIDE,ACTIVE,18.10,per Hour,1336,23589.60,0,0.00,3877.32
2021,846,DEPT OF PARKS & RECREATION,2021-06-09T00:00:00.000,BROOKLYN,LIFE GUARD,ACTIVE,16.10,per Hour,8,128.80,0,0.00,0.00
2021,846,DEPT OF PARKS & RECREATION,1984-10-09T00:00:00.000,MANHATTAN,COMMUNITY COORDINATOR,ACTIVE,79876.00,per Annum,1820,79651.25,135,7553.12,2076.42
2021,846,DEPT OF PARKS & RECREATION,2005-12-19T00:00:00.000,BROOKLYN,COMMUNITY COORDINATOR,ACTIVE,83985.00,per Annum,1820,83748.55,62,3584.25,1206.88
2021,846,DEPT OF PARKS & RECREATION,2013-09-23T00:00:00.000,QUEENS,PLUMBER,ACTIVE,369.53,per Day,1820,96077.80,141.5,14939.57,1478.12
2021,846,DEPT OF PARKS & RECREATION,2008-07-14T00:00:00.000,MANHATTAN,ASSISTANT ARCHITECT,ACTIVE,65640.00,per Annum,1820,65455.28,18.5,866.25,4067.67
2021,846,DEPT OF PARKS & RECREATION,2013-08-16T00:00:00.000,MANHATTAN,COMMUNITY COORDINATOR,ACTIVE,69707.00,per Annum,1820,69510.72,0,0.00,0.00
2021,846,DEPT OF PARKS & RECREATION,2010-06-26T00:00:00.000,MANHATTAN,ASSOCIATE PARK SERVICE WORKER,ACTIVE,52247.00,per Annum,2080,52099.83,12.5,483.17,2798.68
2021,846,DEPT OF PARKS & RECREATION,2020-03-23T00:00:00.000,RICHMOND,COMMUNITY COORDINATOR,ACTIVE,54100.00,per Annum,1820,53947.77,0,0.00,1074.48
2021,846,DEPT OF PARKS & RECREATION,2021-05-21T00:00:00.000,RICHMOND,LIFE GUARD,ACTIVE,16.10,per Hour,27.75,446.78,1.75,42.26,0.00
2021,846,DEPT OF PARKS & RECREATION,2018-07-05T00:00:00.000,BRONX,CITY SEASONAL AIDE,CEASED,15.45,per Hour,32,494.40,0,0.00,0.00
2021,846,DEPT OF PARKS & RECREATION,2014-07-23T00:00:00.000,MANHATTAN,CITY PARK WORKER,ACTIVE,39923.00,per Annum,2080,39810.55,469.25,13515.41,1116.27
2021,846,DEPT OF PARKS & RECREATION,2018-08-20T00:00:00.000,MANHATTAN,ASSOCIATE URBAN PARK RANGER,ACTIVE,59054.00,per Annum,2080,51461.13,44,1639.83,1250.54
2021,846,DEPT OF PARKS & RECREATION,2006-08-27T00:00:00.000,MANHATTAN,STATIONARY ENGINEER,ACTIVE,63.60,per Hour,575.1,36576.36,0,0.00,10855.03
2021,846,DEPT OF PARKS & RECREATION,2019-10-09T00:00:00.000,RICHMOND,CITY PARK WORKER,ACTIVE,16.62,per Hour,2080,34569.60,74,1850.27,807.42
2021,846,DEPT OF PARKS & RECREATION,2019-03-11T00:00:00.000,QUEENS,CITY PARK WORKER,ACTIVE,16.63,per Hour,1552.65,25814.79,5,83.14,1064.19
2021,846,DEPT OF PARKS & RECREATION,2017-04-24T00:00:00.000,MANHATTAN,GARDENER,ACTIVE,49922.00,per Annum,1016,24318.26,17,609.68,545.05
2021,846,DEPT OF PARKS & RECREATION,2008-06-14T00:00:00.000,RICHMOND,LIFE GUARD,ACTIVE,19.47,per Hour,470.25,9155.77,18,557.28,4284.39
2021,846,DEPT OF PARKS & RECREATION,2002-06-24T00:00:00.000,QUEENS,LIFE GUARD,ACTIVE,19.48,per Hour,456,8882.88,9.75,318.09,4720.76
2021,846,DEPT OF PARKS & RECREATION,2021-05-18T00:00:00.000,QUEENS,LIFE GUARD,ACTIVE,16.10,per Hour,56,901.60,1.75,42.26,64.40
2021,846,DEPT OF PARKS & RECREATION,2014-05-12T00:00:00.000,RICHMOND,LIFE GUARD,ACTIVE,19.47,per Hour,488,9501.36,10,299.40,3850.07
2021,846,DEPT OF PARKS & RECREATION,2019-06-04T00:00:00.000,MANHATTAN,LIFE GUARD,ACTIVE,19.46,per Hour,520,9102.24,56,1443.96,2957.17
2021,846,DEPT OF PARKS & RECREATION,2019-10-31T00:00:00.000,QUEENS,JOB TRAINING PARTICIPANT,CEASED,15.45,per Hour,778.7,12031.01,51.5,965.69,0.00
2021,846,DEPT OF PARKS & RECREATION,2014-06-01T00:00:00.000,QUEENS,LIFE GUARD,SEASONAL,19.47,per Hour,437,8508.39,43.25,1294.91,3175.92
2021,846,DEPT OF PARKS & RECREATION,2017-05-24T00:00:00.000,MANHATTAN,CITY SEASONAL AIDE,ACTIVE,17.76,per Hour,631,11505.12,8,224.64,1169.44
2021,846,DEPT OF PARKS & RECREATION,2017-12-21T00:00:00.000,MANHATTAN,CITY SEASONAL AIDE,ACTIVE,17.76,per Hour,647,11804.64,2,53.28,947.81
2021,846,DEPT OF PARKS & RECREATION,2021-05-02T00:00:00.000,BRONX,CITY PARK WORKER,ACTIVE,16.63,per Hour,239.75,3986.14,0,0.00,170.50
2021,846,DEPT OF PARKS & RECREATION,2004-02-27T00:00:00.000,MANHATTAN,ELECTRICIAN,ACTIVE,427.35,per Day,1820,110977.00,389,35606.57,22053.19
2021,846,DEPT OF PARKS & RECREATION,2021-05-23T00:00:00.000,RICHMOND,CITY PARK WORKER,ACTIVE,16.63,per Hour,104,1729.13,0,0.00,66.51
2021,846,DEPT OF PARKS & RECREATION,2020-07-21T00:00:00.000,QUEENS,CITY SEASONAL AIDE,SEASONAL,15.45,per Hour,112,1730.40,0,0.00,0.00
2021,846,DEPT OF PARKS & RECREATION,2019-07-17T00:00:00.000,MANHATTAN,CITY SEASONAL AIDE,CEASED,15.45,per Hour,92.5,1429.13,0,0.00,247.73
2021,846,DEPT OF PARKS & RECREATION,2021-06-01T00:00:00.000,QUEENS,CITY SEASONAL AIDE,ACTIVE,15.45,per Hour,72,1112.40,0,0.00,30.88
2021,846,DEPT OF PARKS & RECREATION,2020-11-20T00:00:00.000,MANHATTAN,JOB TRAINING PARTICIPANT,CEASED,15.45,per Hour,8,123.60,0,0.00,0.00
2021,846,DEPT OF PARKS & RECREATION,2021-05-25T00:00:00.000,BRONX,JOB TRAINING PARTICIPANT,ACTIVE,15.45,per Hour,72,1112.40,0,0.00,0.00
2021,846,DEPT OF PARKS & RECREATION,2019-05-21T00:00:00.000,MANHATTAN,CITY SEASONAL AIDE,CEASED,15.45,per Hour,40,618.00,0,0.00,0.00
2021,846,DEPT OF PARKS & RECREATION,2021-05-24T00:00:00.000,QUEENS,LIFE GUARD,ACTIVE,16.10,per Hour,80,1288.00,1.75,42.26,257.60
2021,846,DEPT OF PARKS & RECREATION,2012-11-27T00:00:00.000,RICHMOND,MAINTENANCE WORKER,ACTIVE,249.28,per Day,2080,64812.80,409.5,19307.66,3353.63
2021,846,DEPT OF PARKS & RECREATION,1990-02-20T00:00:00.000,BROOKLYN,COMMUNITY COORDINATOR,ACTIVE,83953.00,per Annum,1820,83716.83,397,24474.90,2708.90
2021,846,DEPT OF PARKS & RECREATION,2021-02-26T00:00:00.000,QUEENS,JOB TRAINING PARTICIPANT,ACTIVE,15.45,per Hour,471.77,7288.80,16.5,347.63,0.00
2021,846,DEPT OF PARKS & RECREATION,2019-08-07T00:00:00.000,MANHATTAN,CITY SEASONAL AIDE,CEASED,15.45,per Hour,478.5,7392.84,0,0.00,332.95
2021,846,DEPT OF PARKS & RECREATION,2021-01-26T00:00:00.000,BRONX,JOB TRAINING PARTICIPANT,ACTIVE,15.45,per Hour,485.93,7507.70,0,0.00,44.50
2021,846,DEPT OF PARKS & RECREATION,2019-05-23T00:00:00.000,BROOKLYN,LIFE GUARD,SEASONAL,17.19,per Hour,272,4675.68,16,412.56,2385.82
2021,846,DEPT OF PARKS & RECREATION,2020-11-16T00:00:00.000,BROOKLYN,JOB TRAINING PARTICIPANT,CEASED,15.45,per Hour,457.3,7065.35,20.75,438.40,42.64
2021,846,DEPT OF PARKS & RECREATION,2021-05-02T00:00:00.000,RICHMOND,CITY SEASONAL AIDE,ACTIVE,15.45,per Hour,240,3708.00,0,0.00,61.80
2021,846,DEPT OF PARKS & RECREATION,2019-08-06T00:00:00.000,MANHATTAN,CITY SEASONAL AIDE,SEASONAL,15.45,per Hour,437.5,6759.41,0,0.00,421.09
2021,846,DEPT OF PARKS & RECREATION,2014-09-15T00:00:00.000,MANHATTAN,URBAN PARK RANGER,CEASED,50635.00,per Annum,0,0.00,0,0.00,3753.00
2021,846,DEPT OF PARKS & RECREATION,2015-06-14T00:00:00.000,QUEENS,ASSOCIATE PARK SERVICE WORKER,ACTIVE,52247.00,per Annum,2080,51598.83,88.5,3897.89,5503.63
2021,846,DEPT OF PARKS & RECREATION,2014-05-04T00:00:00.000,QUEENS,PARK SUPERVISOR,ACTIVE,72687.00,per Annum,2080,54059.83,57,2303.16,5068.48
2021,846,DEPT OF PARKS & RECREATION,2020-11-18T00:00:00.000,QUEENS,CITY PARK WORKER,ACTIVE,16.63,per Hour,1084.5,16941.40,12,270.38,155.51
2021,846,DEPT OF PARKS & RECREATION,2019-01-14T00:00:00.000,BROOKLYN,CITY SEASONAL AIDE,ACTIVE,15.45,per Hour,240,3708.00,0,0.00,0.00
2021,846,DEPT OF PARKS & RECREATION,2019-12-19T00:00:00.000,MANHATTAN,JOB TRAINING PARTICIPANT,CEASED,15.45,per Hour,494.5,7640.03,0,0.00,44.50
2021,846,DEPT OF PARKS & RECREATION,2014-06-01T00:00:00.000,QUEENS,LIFE GUARD,ACTIVE,19.47,per Hour,536,10435.92,0,0.00,7073.85
2021,846,DEPT OF PARKS & RECREATION,2007-12-03T00:00:00.000,MANHATTAN,ASSOCIATE URBAN PARK RANGER,ACTIVE,59054.00,per Annum,2080,58887.67,54.25,2520.20,6680.72
2021,846,DEPT OF PARKS & RECREATION,1981-01-12T00:00:00.000,BRONX,CITY PARK WORKER,ACTIVE,52842.00,per Annum,2080,52693.36,31.5,1304.76,6031.34
2021,846,DEPT OF PARKS & RECREATION,2015-05-11T00:00:00.000,QUEENS,ASSISTANT LANDSCAPE ARCHITECT,ACTIVE,65640.00,per Annum,1820,65455.28,0,0.00,2866.40
2021,846,DEPT OF PARKS & RECREATION,2017-12-13T00:00:00.000,BROOKLYN,CITY PARK WORKER,CEASED,39923.00,per Annum,1200,16994.74,0,0.00,1200.72
2021,846,DEPT OF PARKS & RECREATION,2019-12-23T00:00:00.000,QUEENS,JOB TRAINING PARTICIPANT,CEASED,15.45,per Hour,1053.08,16270.18,86,1854.02,80.65
2021,846,DEPT OF PARKS & RECREATION,2019-05-01T00:00:00.000,BROOKLYN,PLAYGROUND ASSOCIATE,ACTIVE,17.72,per Hour,140,2480.80,0,0.00,1059.37
2021,846,DEPT OF PARKS & RECREATION,2005-03-16T00:00:00.000,BRONX,PARK SUPERVISOR,ACTIVE,75632.00,per Annum,2080,75419.04,52.5,3026.02,19009.18
2021,846,DEPT OF PARKS & RECREATION,2011-07-02T00:00:00.000,QUEENS,RECREATION DIRECTOR,ACTIVE,47909.00,per Annum,1820,47774.27,7,197.72,3369.51
2021,846,DEPT OF PARKS & RECREATION,2019-05-18T00:00:00.000,MANHATTAN,GARDENER,ACTIVE,23.91,per Hour,2071,43505.39,208,6765.70,1885.73
2021,846,DEPT OF PARKS & RECREATION,2016-01-25T00:00:00.000,MANHATTAN,URBAN PARK RANGER,ACTIVE,50635.00,per Annum,2080,50298.15,0,0.00,1294.10
2021,846,DEPT OF PARKS & RECREATION,2016-06-08T00:00:00.000,MANHATTAN,ASSOCIATE URBAN PARK RANGER,ACTIVE,59054.00,per Annum,2080,51299.67,0,0.00,765.83
2021,846,DEPT OF PARKS & RECREATION,1990-08-27T00:00:00.000,BRONX,ASSOCIATE PARK SERVICE WORKER,ACTIVE,52519.00,per Annum,2080,52371.25,10,422.02,7409.17
2021,846,DEPT OF PARKS & RECREATION,2021-04-21T00:00:00.000,MANHATTAN,JOB TRAINING PARTICIPANT,ACTIVE,15.45,per Hour,232,3584.40,0,0.00,0.00
2021,846,DEPT OF PARKS & RECREATION,2013-06-20T00:00:00.000,MANHATTAN,LIFE GUARD,ACTIVE,19.47,per Hour,1362.5,26527.88,24.25,726.05,4743.98
2021,846,DEPT OF PARKS & RECREATION,2018-05-07T00:00:00.000,BRONX,CITY SEASONAL AIDE,ACTIVE,18.01,per Hour,191.5,3448.92,0,0.00,138.64
2021,846,DEPT OF PARKS & RECREATION,2016-06-13T00:00:00.000,BRONX,ASSOCIATE PARK SERVICE WORKER,ACTIVE,52247.00,per Annum,2080,46087.86,54.5,2151.31,2508.89
2021,846,DEPT OF PARKS & RECREATION,2021-02-26T00:00:00.000,QUEENS,JOB TRAINING PARTICIPANT,CEASED,15.45,per Hour,93,1436.85,0,0.00,0.00
2021,846,DEPT OF PARKS & RECREATION,2020-01-23T00:00:00.000,BRONX,CITY SEASONAL AIDE,ACTIVE,15.45,per Hour,1883.27,29096.48,135.5,2904.65,89.00
2021,846,DEPT OF PARKS & RECREATION,2019-10-28T00:00:00.000,MANHATTAN,URBAN PARK RANGER,ON LEAVE,50635.00,per Annum,2080,30573.19,2.5,60.63,542.73
2021,846,DEPT OF PARKS & RECREATION,2011-08-26T00:00:00.000,MANHATTAN,ASSOCIATE URBAN PARK RANGER,ACTIVE,59054.00,per Annum,2080,58887.67,31.5,1454.48,8431.60
2021,846,DEPT OF PARKS & RECREATION,2001-05-07T00:00:00.000,BRONX,ADM MANAGER-NON-MGRL,ACTIVE,76270.00,per Annum,1820,69818.54,0,0.00,-946.94
2021,846,DEPT OF PARKS & RECREATION,2019-12-31T00:00:00.000,BROOKLYN,CITY SEASONAL AIDE,ACTIVE,15.45,per Hour,1877.5,29007.38,78,1545.02,264.52
2021,846,DEPT OF PARKS & RECREATION,2020-01-27T00:00:00.000,BROOKLYN,CITY SEASONAL AIDE,ACTIVE,15.45,per Hour,1852.83,28626.29,97.25,2000.81,195.30
2021,846,DEPT OF PARKS & RECREATION,2013-09-30T00:00:00.000,MANHATTAN,COMMUNITY COORDINATOR,ACTIVE,75067.00,per Annum,1820,74855.66,9,451.97,41.19
2021,846,DEPT OF PARKS & RECREATION,2021-06-07T00:00:00.000,MANHATTAN,COMMUNITY ASSOCIATE,ACTIVE,20.98,per Hour,28,587.48,0,0.00,0.00
2021,846,DEPT OF PARKS & RECREATION,2017-08-07T00:00:00.000,QUEENS,PAINTER,ACTIVE,292.53,per Day,1820,76057.80,25,1567.14,133.70
2021,846,DEPT OF PARKS & RECREATION,2016-12-19T00:00:00.000,QUEENS,COMMUNITY COORDINATOR,ACTIVE,77250.00,per Annum,1820,77032.49,0,0.00,0.00
2021,846,DEPT OF PARKS & RECREATION,2007-11-05T00:00:00.000,MANHATTAN,ASSOCIATE PARK SERVICE WORKER,ACTIVE,52247.00,per Annum,2080,51499.18,146,5844.27,8606.02
2021,846,DEPT OF PARKS & RECREATION,1997-04-17T00:00:00.000,BROOKLYN,MAINTENANCE WORKER,ACTIVE,249.28,per Day,2080,64812.80,0,0.00,1015.00
2021,846,DEPT OF PARKS & RECREATION,1985-07-08T00:00:00.000,BROOKLYN,CITY PARK WORKER,ACTIVE,52642.00,per Annum,2080,52493.96,103.25,4286.44,8948.49
2021,846,DEPT OF PARKS & RECREATION,2013-06-06T00:00:00.000,BROOKLYN,PAINTER,CEASED,292.53,per Day,1271.75,53146.92,140,8779.02,3586.16
2021,846,DEPT OF PARKS & RECREATION,2015-02-16T00:00:00.000,MANHATTAN,ADMIN COMMUNITY RELATIONS SPECIALIST,CEASED,74460.00,per Annum,1540,62826.43,0,0.00,2674.15
2021,846,DEPT OF PARKS & RECREATION,2014-10-27T00:00:00.000,BRONX,GARDENER,ACTIVE,64177.00,per Annum,2080,52515.38,294,11293.07,1202.21
2021,846,DEPT OF PARKS & RECREATION,2007-06-22T00:00:00.000,QUEENS,GARDENER,ACTIVE,49922.00,per Annum,2080,49781.58,152,5774.26,4160.92
2021,846,DEPT OF PARKS & RECREATION,1998-09-01T00:00:00.000,QUEENS,ASSOCIATE PARK SERVICE WORKER,ACTIVE,52354.00,per Annum,2080,52005.87,32.5,1314.24,5224.14
2021,846,DEPT OF PARKS & RECREATION,2016-06-27T00:00:00.000,BROOKLYN,PLUMBER,ACTIVE,369.53,per Day,1820,96077.80,570.5,60233.39,844.64
2021,846,DEPT OF PARKS & RECREATION,2018-01-24T00:00:00.000,BRONX,GARDENER,ACTIVE,49922.00,per Annum,2080,47212.91,52,1641.88,1336.44
2021,846,DEPT OF PARKS & RECREATION,2014-08-11T00:00:00.000,QUEENS,CITY PARK WORKER,ACTIVE,39923.00,per Annum,2080,40681.52,0,0.00,1197.69
2021,846,DEPT OF PARKS & RECREATION,2014-06-23T00:00:00.000,MANHATTAN,CITY SEASONAL AIDE,ACTIVE,18.10,per Hour,2025.32,36653.40,152.98,4114.38,1015.87
2021,846,DEPT OF PARKS & RECREATION,2012-03-21T00:00:00.000,MANHATTAN,CITY SEASONAL AIDE,ACTIVE,18.10,per Hour,2053.5,37168.35,121,3249.01,1300.99
2021,846,DEPT OF PARKS & RECREATION,2009-09-29T00:00:00.000,QUEENS,ADMINISTRATIVE PUBLIC INFORMATION SPECIALIST,ACTIVE,118601.00,per Annum,1820,118267.20,0,0.00,-2272.05
2021,846,DEPT OF PARKS & RECREATION,2013-09-30T00:00:00.000,BROOKLYN,COMMUNITY COORDINATOR,ACTIVE,83791.00,per Annum,1820,83555.13,0,0.00,207.25
2021,846,DEPT OF PARKS & RECREATION,2015-09-08T00:00:00.000,QUEENS,CONSTRUCTION PROJECT MANAGER,ACTIVE,82872.00,per Annum,1820,82638.70,0,0.00,810.28
2021,846,DEPT OF PARKS & RECREATION,2019-07-01T00:00:00.000,MANHATTAN,ASSISTANT ARCHITECT,ACTIVE,82400.00,per Annum,1820,82168.13,13.5,610.11,163.85
2021,846,DEPT OF PARKS & RECREATION,2009-06-08T00:00:00.000,MANHATTAN,CITY PARK WORKER,ACTIVE,52247.00,per Annum,2080,42646.75,165,4937.00,1749.54
2021,846,DEPT OF PARKS & RECREATION,2013-04-29T00:00:00.000,MANHATTAN,COMMUNITY COORDINATOR,ACTIVE,82563.00,per Annum,1820,82330.62,0,0.00,0.00
2021,846,DEPT OF PARKS & RECREATION,1997-06-26T00:00:00.000,MANHATTAN,CITY SEASONAL AIDE,ACTIVE,18.77,per Hour,2013.92,37801.23,11.5,330.34,2197.74
2021,846,DEPT OF PARKS & RECREATION,2013-11-19T00:00:00.000,MANHATTAN,CITY PARK WORKER,ACTIVE,39923.00,per Annum,1520,27789.96,62,1676.15,764.85
2021,846,DEPT OF PARKS & RECREATION,2016-05-02T00:00:00.000,MANHATTAN,CITY PARK WORKER,ACTIVE,16.63,per Hour,1368,22744.71,185.5,4731.51,2637.84
2021,846,DEPT OF PARKS & RECREATION,2015-07-06T00:00:00.000,QUEENS,RECREATION SPECIALIST,ACTIVE,21.65,per Hour,1349.57,29218.17,0,0.00,75.78
2021,846,DEPT OF PARKS & RECREATION,2019-10-23T00:00:00.000,QUEENS,CITY SEASONAL AIDE,ACTIVE,15.45,per Hour,1835.8,28363.20,18.75,434.53,106.30
2021,846,DEPT OF PARKS & RECREATION,2019-09-26T00:00:00.000,BRONX,CITY PARK WORKER,CEASED,16.63,per Hour,1048.32,16206.10,0,0.00,84.55
2021,846,DEPT OF PARKS & RECREATION,1998-03-30T00:00:00.000,BROOKLYN,CITY SEASONAL AIDE,ACTIVE,18.10,per Hour,760,13758.80,0,0.00,2441.00
2021,846,DEPT OF PARKS & RECREATION,2020-12-16T00:00:00.000,BRONX,CITY SEASONAL AIDE,ACTIVE,15.45,per Hour,968,14955.60,55.5,1100.83,106.30
2021,846,DEPT OF PARKS & RECREATION,2003-12-05T00:00:00.000,BROOKLYN,CITY SEASONAL AIDE,ACTIVE,18.10,per Hour,718.85,13011.19,3.5,97.02,2827.41
2021,846,DEPT OF PARKS & RECREATION,2019-09-26T00:00:00.000,RICHMOND,CITY PARK WORKER,ACTIVE,16.63,per Hour,1750,27329.24,30.25,695.25,244.51
2021,846,DEPT OF PARKS & RECREATION,2019-12-11T00:00:00.000,QUEENS,JOB TRAINING PARTICIPANT,CEASED,15.45,per Hour,808,12483.60,133.5,2908.48,44.50
2021,846,DEPT OF PARKS & RECREATION,2020-11-06T00:00:00.000,BROOKLYN,CITY SEASONAL AIDE,ACTIVE,15.45,per Hour,976.5,15086.92,3.5,54.08,56.86
2021,846,DEPT OF PARKS & RECREATION,2019-09-26T00:00:00.000,BRONX,JOB TRAINING PARTICIPANT,CEASED,15.45,per Hour,872,13472.40,65.75,1485.17,44.50
2021,846,DEPT OF PARKS & RECREATION,2020-03-02T00:00:00.000,MANHATTAN,CITY SEASONAL AIDE,CEASED,15.45,per Hour,720,11124.00,122,2827.36,803.40
2021,846,DEPT OF PARKS & RECREATION,2002-06-24T00:00:00.000,MANHATTAN,CHIEF LIFEGUARD,ACTIVE,31.40,per Hour,224,7033.60,42.5,2214.70,5397.71
2021,846,DEPT OF PARKS & RECREATION,1994-06-28T00:00:00.000,MANHATTAN,CITY PARK WORKER,CEASED,39982.00,per Annum,720,12821.37,0,9.77,1635.39
2021,846,DEPT OF PARKS & RECREATION,2009-02-17T00:00:00.000,MANHATTAN,CITY SEASONAL AIDE,ACTIVE,18.10,per Hour,312,5647.20,0,0.00,192.48
2021,846,DEPT OF PARKS & RECREATION,2021-05-16T00:00:00.000,BROOKLYN,CITY SEASONAL AIDE,CEASED,15.45,per Hour,48,741.60,0,0.00,0.00
2021,846,DEPT OF PARKS & RECREATION,2021-03-31T00:00:00.000,WESTCHESTER,JOB TRAINING PARTICIPANT,ACTIVE,15.45,per Hour,48,741.60,0,0.00,0.00
2021,846,DEPT OF PARKS & RECREATION,2017-09-25T00:00:00.000,BRONX,GARDENER,ACTIVE,49922.00,per Annum,2080,47292.34,51.25,1838.01,628.79
2021,846,DEPT OF PARKS & RECREATION,2018-09-24T00:00:00.000,BROOKLYN,FORESTER,CEASED,53712.00,per Annum,0,0.00,0,0.00,9.06
2021,846,DEPT OF PARKS & RECREATION,2019-09-25T00:00:00.000,BROOKLYN,CITY SEASONAL AIDE,ACTIVE,15.45,per Hour,136,2101.20,0,0.00,61.80
2021,846,DEPT OF PARKS & RECREATION,2021-02-11T00:00:00.000,QUEENS,JOB TRAINING PARTICIPANT,ACTIVE,15.45,per Hour,560,8652.00,0,0.00,0.00
2021,846,DEPT OF PARKS & RECREATION,2019-02-27T00:00:00.000,QUEENS,CITY SEASONAL AIDE,ACTIVE,15.45,per Hour,296,4573.20,0,0.00,0.00
2021,846,DEPT OF PARKS & RECREATION,2016-06-01T00:00:00.000,MANHATTAN,LIFE GUARD,ACTIVE,19.46,per Hour,222,4320.12,0,0.00,311.36
2021,846,DEPT OF PARKS & RECREATION,2019-10-28T00:00:00.000,BROOKLYN,JOB TRAINING PARTICIPANT,CEASED,15.45,per Hour,578.25,8933.96,0,0.00,0.00
2021,846,DEPT OF PARKS & RECREATION,2019-10-16T00:00:00.000,BROOKLYN,JOB TRAINING PARTICIPANT,CEASED,15.45,per Hour,27.5,424.88,0,0.00,0.00
2021,846,DEPT OF PARKS & RECREATION,2021-02-19T00:00:00.000,MANHATTAN,JOB TRAINING PARTICIPANT,ACTIVE,15.45,per Hour,533.5,8242.58,0,0.00,0.00
2021,846,DEPT OF PARKS & RECREATION,2020-03-02T00:00:00.000,MANHATTAN,CITY SEASONAL AIDE,SEASONAL,15.45,per Hour,480,7416.00,12,278.10,185.40
2021,846,DEPT OF PARKS & RECREATION,2015-06-01T00:00:00.000,QUEENS,LIFE GUARD,SEASONAL,19.47,per Hour,256,4984.32,40,1197.60,2835.64
2021,846,DEPT OF PARKS & RECREATION,2021-05-07T00:00:00.000,QUEENS,CITY PARK WORKER,ACTIVE,16.63,per Hour,216,3591.27,50.75,1265.70,66.51
2021,846,DEPT OF PARKS & RECREATION,2021-05-10T00:00:00.000,QUEENS,GARDENER,ACTIVE,20.79,per Hour,199.87,4155.23,16,498.96,83.16
2021,846,DEPT OF PARKS & RECREATION,2020-11-27T00:00:00.000,MANHATTAN,JOB TRAINING PARTICIPANT,CEASED,15.45,per Hour,16,247.20,0,0.00,0.00
2021,846,DEPT OF PARKS & RECREATION,2021-01-21T00:00:00.000,BRONX,CITY SEASONAL AIDE,ACTIVE,15.45,per Hour,1080.75,17831.81,0,0.00,1019.72
2021,846,DEPT OF PARKS & RECREATION,2021-06-04T00:00:00.000,MANHATTAN,JOB TRAINING PARTICIPANT,ACTIVE,15.45,per Hour,1298.1,20055.74,0,0.00,44.50
2021,846,DEPT OF PARKS & RECREATION,2001-09-11T00:00:00.000,RICHMOND,ASSOCIATE PARK SERVICE WORKER,ON LEAVE,52247.00,per Annum,1298,17314.86,0,4.78,3085.78
2021,846,DEPT OF PARKS & RECREATION,2019-12-19T00:00:00.000,BROOKLYN,CITY PARK WORKER,ACTIVE,16.63,per Hour,2042.23,31765.43,39.5,909.39,200.01
2021,846,DEPT OF PARKS & RECREATION,2019-07-14T00:00:00.000,RICHMOND,CITY PARK WORKER,CEASED,16.62,per Hour,1980.5,32915.91,35.5,885.06,448.44
2021,846,DEPT OF PARKS & RECREATION,2005-12-30T00:00:00.000,BROOKLYN,CITY PARK WORKER,ACTIVE,16.62,per Hour,1903.78,32434.16,46.5,1027.17,821.40
2021,846,DEPT OF PARKS & RECREATION,2016-04-15T00:00:00.000,QUEENS,RECREATION SPECIALIST,ACTIVE,45494.00,per Annum,1820,45522.81,30,874.72,1248.59
2021,846,DEPT OF PARKS & RECREATION,2013-07-04T00:00:00.000,QUEENS,RECREATION SPECIALIST,ACTIVE,24.90,per Hour,1801.62,44860.30,53.5,1543.59,1636.75
2021,846,DEPT OF PARKS & RECREATION,2012-08-09T00:00:00.000,MANHATTAN,CLERICAL ASSOCIATE,ACTIVE,49791.00,per Annum,1820,47914.74,0,0.68,999.37
2021,846,DEPT OF PARKS & RECREATION,2021-01-11T00:00:00.000,MANHATTAN,PLUMBER,ACTIVE,52.79,per Hour,770,40648.30,126.5,13355.87,2956.24
2021,846,DEPT OF PARKS & RECREATION,1988-05-23T00:00:00.000,MANHATTAN,CITY PARK WORKER,ACTIVE,40250.00,per Annum,2080,38593.03,127.5,4918.87,13652.62
2021,846,DEPT OF PARKS & RECREATION,2005-05-16T00:00:00.000,BRONX,CITY PARK WORKER,ACTIVE,52247.00,per Annum,2080,52099.83,192.5,7919.06,5961.60
2021,846,DEPT OF PARKS & RECREATION,1998-07-28T00:00:00.000,MANHATTAN,PARK SUPERVISOR,ACTIVE,72687.00,per Annum,2080,55647.81,70.5,3376.86,7411.62
2021,846,DEPT OF PARKS & RECREATION,2012-04-05T00:00:00.000,MANHATTAN,ASSOCIATE URBAN PARK RANGER,ACTIVE,59054.00,per Annum,2080,53398.03,238.5,9906.05,3159.48
2021,846,DEPT OF PARKS & RECREATION,2013-07-22T00:00:00.000,MANHATTAN,COMMUNITY COORDINATOR,ACTIVE,67000.00,per Annum,1820,66811.35,0,0.00,0.00
2021,846,DEPT OF PARKS & RECREATION,2013-07-01T00:00:00.000,MANHATTAN,COMMUNITY COORDINATOR,ACTIVE,74160.00,per Annum,1820,73951.19,0,0.00,0.00
2021,846,DEPT OF PARKS & RECREATION,1998-05-04T00:00:00.000,MANHATTAN,COMMUNITY COORDINATOR,ACTIVE,73000.00,per Annum,1820,72794.54,0,4.86,1479.38
2021,846,DEPT OF PARKS & RECREATION,2013-06-10T00:00:00.000,BROOKLYN,CLIMBER & PRUNER,ACTIVE,69093.00,per Annum,2080,68898.47,108.5,5413.45,982.93
2021,846,DEPT OF PARKS & RECREATION,2019-07-15T00:00:00.000,MANHATTAN,CITY RESEARCH SCIENTIST,ACTIVE,108150.00,per Annum,1820,107845.63,0,0.00,146.02
2021,846,DEPT OF PARKS & RECREATION,2006-09-29T00:00:00.000,MANHATTAN,CITY PLANNER,ACTIVE,101861.00,per Annum,1820,101574.37,0,1.89,8047.97
2021,846,DEPT OF PARKS & RECREATION,2000-09-25T00:00:00.000,MANHATTAN,ADMINISTRATIVE STAFF ANALYST,ACTIVE,115875.00,per Annum,1820,115548.84,38,3321.80,949.54
2021,846,DEPT OF PARKS & RECREATION,2014-10-27T00:00:00.000,MANHATTAN,COMMUNITY COORDINATOR,ACTIVE,80333.00,per Annum,1820,80107.00,0,0.00,0.00
2021,846,DEPT OF PARKS & RECREATION,2005-04-04T00:00:00.000,MANHATTAN,ADMINISTRATIVE STAFF ANALYST,ACTIVE,78507.00,per Annum,1820,78286.10,0,0.00,1917.54
2021,846,DEPT OF PARKS & RECREATION,2008-09-02T00:00:00.000,MANHATTAN,COMMUNITY COORDINATOR,ACTIVE,80456.00,per Annum,1820,80229.46,0,0.00,694.71
2021,846,DEPT OF PARKS & RECREATION,2002-07-08T00:00:00.000,RICHMOND,RECREATION SUPERVISOR,ACTIVE,72137.00,per Annum,1820,71934.00,68,3600.99,5727.92
2021,846,DEPT OF PARKS & RECREATION,1999-05-20T00:00:00.000,BROOKLYN,COMMUNITY COORDINATOR,ACTIVE,79496.00,per Annum,1820,79272.21,18.5,908.26,1526.70
2021,846,DEPT OF PARKS & RECREATION,1993-09-18T00:00:00.000,BROOKLYN,ADMIN COMMUNITY RELATIONS SPECIALIST,ACTIVE,100000.00,per Annum,1820,99718.63,0,0.00,0.00
2021,846,DEPT OF PARKS & RECREATION,2016-09-06T00:00:00.000,QUEENS,CONSTRUCTION PROJECT MANAGER,ACTIVE,92700.00,per Annum,1820,92439.18,73,5016.94,3430.69
2021,846,DEPT OF PARKS & RECREATION,2017-06-29T00:00:00.000,QUEENS,CITY SEASONAL AIDE,ACTIVE,18.71,per Hour,100.5,1880.36,0,0.00,39.27
2021,846,DEPT OF PARKS & RECREATION,2021-05-24T00:00:00.000,BRONX,CITY PARK WORKER,ACTIVE,16.63,per Hour,119.35,1984.34,0,0.00,0.00
2021,846,DEPT OF PARKS & RECREATION,2020-07-12T00:00:00.000,BRONX,CITY SEASONAL AIDE,CEASED,15.45,per Hour,127.08,1963.44,2,46.35,0.00
2021,846,DEPT OF PARKS & RECREATION,2021-05-24T00:00:00.000,BROOKLYN,CITY PARK WORKER,ACTIVE,16.63,per Hour,120,1995.15,0,0.00,93.15
2021,846,DEPT OF PARKS & RECREATION,2019-12-16T00:00:00.000,MANHATTAN,JOB TRAINING PARTICIPANT,CEASED,15.45,per Hour,344,5314.80,0,0.00,0.00
2021,846,DEPT OF PARKS & RECREATION,2021-06-01T00:00:00.000,QUEENS,CITY PARK WORKER,ACTIVE,16.63,per Hour,56,931.07,0,0.00,0.00
2021,846,DEPT OF PARKS & RECREATION,2021-05-17T00:00:00.000,BRONX,CITY PARK WORKER,ACTIVE,16.63,per Hour,56,931.07,0,0.00,0.00
2021,846,DEPT OF PARKS & RECREATION,1993-06-13T00:00:00.000,RICHMOND,PARK SUPERVISOR,CEASED,86293.00,per Annum,62.05,2560.00,0,0.00,132.28
2021,846,DEPT OF PARKS & RECREATION,2021-05-04T00:00:00.000,BROOKLYN,JOB TRAINING PARTICIPANT,ACTIVE,15.45,per Hour,174.75,2699.90,0,0.00,0.00
2021,846,DEPT OF PARKS & RECREATION,2019-04-09T00:00:00.000,BROOKLYN,CITY SEASONAL AIDE,CEASED,15.45,per Hour,0,0.00,0,0.00,857.48
2021,846,DEPT OF PARKS & RECREATION,2019-03-18T00:00:00.000,BROOKLYN,GARDENER,CEASED,20.79,per Hour,0,0.00,0,0.00,862.79
2021,846,DEPT OF PARKS & RECREATION,2021-01-11T00:00:00.000,BRONX,JOB TRAINING PARTICIPANT,CEASED,15.45,per Hour,56,865.20,0,0.00,0.00
2021,846,DEPT OF PARKS & RECREATION,2007-02-05T00:00:00.000,MANHATTAN,COMMUNITY COORDINATOR,ACTIVE,70423.00,per Annum,1820,70224.89,0,0.50,1525.34
2021,846,DEPT OF PARKS & RECREATION,2020-01-07T00:00:00.000,MANHATTAN,EXECUTIVE ASSISTANT TO THE COMMISSIONER,ON LEAVE,140000.00,per Annum,1260,96647.01,0,0.00,-1072.80
2021,846,DEPT OF PARKS & RECREATION,2018-04-11T00:00:00.000,RICHMOND,CITY PARK WORKER,ACTIVE,16.63,per Hour,1374.7,22850.21,3,74.79,1994.34
2021,846,DEPT OF PARKS & RECREATION,2018-12-24T00:00:00.000,QUEENS,ASSISTANT LANDSCAPE ARCHITECT,ACTIVE,65640.00,per Annum,1820,62449.16,0,0.00,192.47
2021,846,DEPT OF PARKS & RECREATION,2020-01-28T00:00:00.000,BRONX,CITY SEASONAL AIDE,ACTIVE,15.45,per Hour,1416.27,21881.41,38.5,687.56,188.35
2021,846,DEPT OF PARKS & RECREATION,2020-01-02T00:00:00.000,MANHATTAN,CITY PARK WORKER,ACTIVE,16.62,per Hour,2063.35,31925.56,154.5,3589.95,208.12
2021,846,DEPT OF PARKS & RECREATION,2021-04-07T00:00:00.000,MANHATTAN,JOB TRAINING PARTICIPANT,ACTIVE,15.45,per Hour,1290.18,21022.61,1.75,35.67,1648.33
2021,846,DEPT OF PARKS & RECREATION,2017-05-22T00:00:00.000,BROOKLYN,CITY SEASONAL AIDE,ACTIVE,16.27,per Hour,638.9,11293.29,1,13.58,1080.13
2021,846,DEPT OF PARKS & RECREATION,2017-03-30T00:00:00.000,MANHATTAN,AUTOMOTIVE SERVICE WORKER,ACTIVE,42712.00,per Annum,1719.38,33647.02,47.25,1460.57,944.64
2021,846,DEPT OF PARKS & RECREATION,1989-01-31T00:00:00.000,QUEENS,CITY PARK WORKER,ACTIVE,40250.00,per Annum,2080,38675.19,4,131.88,6128.10
2021,846,DEPT OF PARKS & RECREATION,2016-08-17T00:00:00.000,QUEENS,GARDENER,ACTIVE,23.91,per Hour,2080,43842.24,2,62.37,970.92
2021,846,DEPT OF PARKS & RECREATION,2001-05-20T00:00:00.000,QUEENS,CITY PARK WORKER,ACTIVE,39923.00,per Annum,2080,39810.55,111,3243.64,1686.39
2021,846,DEPT OF PARKS & RECREATION,2013-09-10T00:00:00.000,BROOKLYN,ELECTRICIAN,CEASED,409.78,per Day,0,0.00,0,0.00,12215.71
2021,846,DEPT OF PARKS & RECREATION,2015-03-24T00:00:00.000,RICHMOND,CITY PARK WORKER,ACTIVE,52247.00,per Annum,2080,41228.65,70.5,2061.42,1154.12
2021,846,DEPT OF PARKS & RECREATION,2007-03-12T00:00:00.000,BROOKLYN,CITY PARK WORKER,ACTIVE,39923.00,per Annum,2080,39810.55,20.5,631.87,3956.77
2021,846,DEPT OF PARKS & RECREATION,2021-04-26T00:00:00.000,BRONX,CITY PARK WORKER,ACTIVE,16.63,per Hour,272,4522.34,17,357.89,179.73
2021,846,DEPT OF PARKS & RECREATION,2014-08-11T00:00:00.000,BRONX,ASSOCIATE PARK SERVICE WORKER,ACTIVE,52247.00,per Annum,2080,52099.83,127,4862.75,5034.92
2021,846,DEPT OF PARKS & RECREATION,2019-09-09T00:00:00.000,MANHATTAN,URBAN PARK RANGER,ACTIVE,50635.00,per Annum,2080,50492.37,224,8421.66,2985.87
2021,846,DEPT OF PARKS & RECREATION,2016-01-25T00:00:00.000,MANHATTAN,URBAN PARK RANGER,ACTIVE,50635.00,per Annum,2080,50492.37,45.25,1653.84,1420.26
2021,846,DEPT OF PARKS & RECREATION,2015-07-29T00:00:00.000,MANHATTAN,ASSOCIATE PARK SERVICE WORKER,ACTIVE,52247.00,per Annum,2080,52099.83,0,0.00,1431.02
2021,846,DEPT OF PARKS & RECREATION,2016-08-29T00:00:00.000,MANHATTAN,ASSOCIATE URBAN PARK RANGER,ACTIVE,59054.00,per Annum,2080,38322.26,112.75,4421.78,1312.97
2021,846,DEPT OF PARKS & RECREATION,2014-05-21T00:00:00.000,MANHATTAN,ASSOCIATE PARK SERVICE WORKER,ACTIVE,52247.00,per Annum,2080,52099.83,5.5,209.67,1084.14
2021,846,DEPT OF PARKS & RECREATION,2012-06-25T00:00:00.000,BROOKLYN,LIFE GUARD,ACTIVE,19.47,per Hour,392,7632.24,34,1017.96,3067.22
2021,846,DEPT OF PARKS & RECREATION,2016-05-23T00:00:00.000,QUEENS,ASSOCIATE PARK SERVICE WORKER,ON LEAVE,52247.00,per Annum,1456,36468.67,161.5,7025.35,726.86
2021,846,DEPT OF PARKS & RECREATION,2018-06-28T00:00:00.000,BROOKLYN,JOB TRAINING PARTICIPANT,CEASED,13.80,per Hour,0,0.00,16,317.40,0.00
2021,846,DEPT OF PARKS & RECREATION,2012-11-15T00:00:00.000,MANHATTAN,CITY PARK WORKER,ACTIVE,16.63,per Hour,327.5,5446.33,0,0.00,66.52
2021,846,DEPT OF PARKS & RECREATION,2015-06-10T00:00:00.000,MANHATTAN,COMMUNITY COORDINATOR,ACTIVE,62215.00,per Annum,1820,62039.92,0,0.00,82.50
2021,846,DEPT OF PARKS & RECREATION,2012-08-16T00:00:00.000,BROOKLYN,CITY PARK WORKER,ACTIVE,52247.00,per Annum,1920,42507.57,11,419.92,1404.19
2021,846,DEPT OF PARKS & RECREATION,2020-12-09T00:00:00.000,MANHATTAN,JOB TRAINING PARTICIPANT,ACTIVE,15.45,per Hour,349.75,5403.65,0,0.00,0.00
2021,846,DEPT OF PARKS & RECREATION,2015-05-14T00:00:00.000,MANHATTAN,COMMUNITY COORDINATOR,ACTIVE,62215.00,per Annum,1820,62039.92,0,0.00,141.83
2021,57,FIRE DEPARTMENT,2007-08-06T00:00:00.000,MANHATTAN,FIREFIGHTER,ACTIVE,85292.00,per Annum,2080,85051.84,377,18595.91,26989.77
2021,57,FIRE DEPARTMENT,1996-03-17T00:00:00.000,BRONX,EMERGENCY MEDICAL SPECIALIST-EMT,CEASED,53163.00,per Annum,1138.5,29864.23,12,319.65,4144.17
2021,57,FIRE DEPARTMENT,2006-11-19T00:00:00.000,RICHMOND,FIREFIGHTER,ACTIVE,85292.00,per Annum,2080,85051.84,674.4,28398.93,16941.05
2021,57,FIRE DEPARTMENT,2002-05-05T00:00:00.000,BRONX,LIEUTENANT,ACTIVE,98300.00,per Annum,2080,99637.97,230.98,13103.22,17399.21
2021,57,FIRE DEPARTMENT,2003-12-10T00:00:00.000,RICHMOND,FIREFIGHTER,ACTIVE,85292.00,per Annum,2080,85051.84,614.6,27122.92,17929.95
2021,57,FIRE DEPARTMENT,2002-07-01T00:00:00.000,QUEENS,LIEUTENANT,ACTIVE,98951.00,per Annum,2080,106126.28,141.58,8035.27,15939.25
2021,57,FIRE DEPARTMENT,2002-01-27T00:00:00.000,RICHMOND,FIREFIGHTER,ACTIVE,85292.00,per Annum,2080,85051.84,571.87,25203.51,19799.77
2021,57,FIRE DEPARTMENT,2014-12-29T00:00:00.000,MANHATTAN,FIREFIGHTER,ACTIVE,85292.00,per Annum,2080,85051.84,762.1,31192.20,13810.98
2021,57,FIRE DEPARTMENT,2006-11-19T00:00:00.000,BROOKLYN,FIREFIGHTER,ACTIVE,85292.00,per Annum,2080,85051.84,630.8,28821.40,16150.34
2021,57,FIRE DEPARTMENT,2013-01-14T00:00:00.000,QUEENS,FIREFIGHTER,ACTIVE,85292.00,per Annum,2080,85051.84,796.12,31213.83,13452.59
2021,57,FIRE DEPARTMENT,2007-08-06T00:00:00.000,RICHMOND,FIREFIGHTER,ACTIVE,85292.00,per Annum,2080,85051.84,496.72,21027.48,14474.58
2021,57,FIRE DEPARTMENT,2014-07-14T00:00:00.000,QUEENS,FIREFIGHTER,ACTIVE,85292.00,per Annum,2080,85051.84,532.07,22008.13,12863.98
2021,57,FIRE DEPARTMENT,1979-08-25T00:00:00.000,BROOKLYN,BATTALION CHIEF,CEASED,171310.00,per Annum,0,11518.42,0,0.00,55171.73
2021,57,FIRE DEPARTMENT,2014-07-14T00:00:00.000,BROOKLYN,FIREFIGHTER,ACTIVE,85292.00,per Annum,2080,85051.84,439.17,21221.40,12754.36
2021,57,FIRE DEPARTMENT,1997-04-07T00:00:00.000,BROOKLYN,SPVSG FAD-DEP DIR DSPTCH DTAIL,ACTIVE,112795.00,per Annum,1820,112477.44,0,0.00,-2701.05
2021,57,FIRE DEPARTMENT,2001-10-22T00:00:00.000,QUEENS,SUPERVISING EMERGENCY MEDICAL SERVICE SPECIALIST-DPTY CHIEFS,ACTIVE,105041.00,per Annum,1950,103898.36,0,0.00,5774.87
2021,57,FIRE DEPARTMENT,2018-06-11T00:00:00.000,BRONX,FIREFIGHTER,ACTIVE,55192.00,per Annum,2080,50155.45,505.88,12279.05,4845.81
2021,57,FIRE DEPARTMENT,1994-07-17T00:00:00.000,BROOKLYN,FIREFIGHTER,ACTIVE,85292.00,per Annum,2080,85051.84,193.5,8242.08,16173.35
2021,57,FIRE DEPARTMENT,2006-07-17T00:00:00.000,QUEENS,SUPERVISING EMERGENCY MEDICAL SERVICE SPECIALIST,ACTIVE,71202.00,per Annum,2270.5,82497.06,369.25,16980.86,9587.02
2021,57,FIRE DEPARTMENT,2001-07-15T00:00:00.000,MANHATTAN,FIREFIGHTER,ACTIVE,85292.00,per Annum,2080,85051.84,165.13,7359.93,16298.43
2021,57,FIRE DEPARTMENT,2001-07-15T00:00:00.000,BROOKLYN,FIREFIGHTER,CEASED,85292.00,per Annum,1034.32,42290.04,405.5,17640.30,21790.43
2021,57,FIRE DEPARTMENT,2017-06-12T00:00:00.000,BRONX,FIREFIGHTER,ACTIVE,60837.00,per Annum,2080,55160.30,820.92,20651.54,5874.65
2021,57,FIRE DEPARTMENT,2013-07-29T00:00:00.000,BROOKLYN,FIREFIGHTER,CEASED,85292.00,per Annum,1262.88,51636.94,353,14294.11,15256.10
2021,57,FIRE DEPARTMENT,2016-12-12T00:00:00.000,BROOKLYN,FIREFIGHTER,ACTIVE,60837.00,per Annum,2080,57975.06,707.87,19661.08,3325.09
2021,57,FIRE DEPARTMENT,2017-12-11T00:00:00.000,BROOKLYN,FIREFIGHTER,ACTIVE,55192.00,per Annum,2080,52658.08,838.42,21915.94,6283.73
2021,57,FIRE DEPARTMENT,2000-03-31T00:00:00.000,BRONX,EMERGENCY MEDICAL SPECIALIST-EMT,ACTIVE,53163.00,per Annum,2244,60489.57,329.5,11437.74,8842.42
2021,57,FIRE DEPARTMENT,2008-09-29T00:00:00.000,BROOKLYN,CLERICAL ASSOCIATE,ACTIVE,61970.00,per Annum,1820,61795.54,281,10937.89,2073.97
2021,57,FIRE DEPARTMENT,2000-09-29T00:00:00.000,BROOKLYN,EMERGENCY MEDICAL SPECIALIST-EMT,ACTIVE,53163.00,per Annum,2276,61671.38,178.75,3989.55,8607.11
2021,57,FIRE DEPARTMENT,2017-12-11T00:00:00.000,BROOKLYN,FIREFIGHTER,ACTIVE,55192.00,per Annum,2080,52658.08,667.27,15272.39,6118.64
2021,57,FIRE DEPARTMENT,2014-02-10T00:00:00.000,BRONX,EMERGENCY MEDICAL SPECIALIST-PARAMEDIC,ACTIVE,55302.00,per Annum,2262.5,60516.79,242,7474.92,7002.87
2021,57,FIRE DEPARTMENT,2015-11-16T00:00:00.000,BROOKLYN,ASSOCIATE FIRE PROTECTION INSPECTOR,ACTIVE,59872.00,per Annum,1950,59703.48,422,18511.38,1673.77
2021,57,FIRE DEPARTMENT,2017-06-12T00:00:00.000,BROOKLYN,FIREFIGHTER,ACTIVE,60837.00,per Annum,2080,55160.30,507.15,13830.34,6049.25
2021,57,FIRE DEPARTMENT,2017-03-06T00:00:00.000,BRONX,EMERGENCY MEDICAL SPECIALIST-EMT,ACTIVE,43901.00,per Annum,2266,49752.28,144.08,2330.05,5773.81
2021,57,FIRE DEPARTMENT,1981-11-07T00:00:00.000,BROOKLYN,LIEUTENANT,CEASED,111821.00,per Annum,0,2150.78,0,738.83,-1339.50
2021,57,FIRE DEPARTMENT,2020-06-22T00:00:00.000,QUEENS,EMERGENCY MEDICAL SPECIALIST TRAINEE,CEASED,32520.00,per Annum,225,3739.58,0,0.00,0.00
2021,57,FIRE DEPARTMENT,2011-02-14T00:00:00.000,BRONX,EMERGENCY MEDICAL SPECIALIST-PARAMEDIC,CEASED,65226.00,per Annum,1131,35510.75,59.5,2327.75,5381.66
2021,57,FIRE DEPARTMENT,2019-06-10T00:00:00.000,MANHATTAN,EMERGENCY MEDICAL SPECIALIST-EMT,ACTIVE,37914.00,per Annum,2262,43388.95,291.22,5593.44,1972.42
2021,57,FIRE DEPARTMENT,2014-02-10T00:00:00.000,BROOKLYN,EMERGENCY MEDICAL SPECIALIST-EMT,ACTIVE,50604.00,per Annum,2152.5,48357.44,23,810.68,2224.67
2021,57,FIRE DEPARTMENT,1990-01-18T00:00:00.000,BROOKLYN,FIREFIGHTER,CEASED,85292.00,per Annum,434.3,17753.48,81,4827.87,29220.46
2021,57,FIRE DEPARTMENT,2006-09-05T00:00:00.000,BROOKLYN,CLERICAL ASSOCIATE,ACTIVE,62820.00,per Annum,1820,62643.08,38.5,1498.90,3773.65
2021,57,FIRE DEPARTMENT,2017-12-11T00:00:00.000,QUEENS,FIREFIGHTER,ACTIVE,55192.00,per Annum,2080,52658.08,467.73,12164.14,3170.65
2021,57,FIRE DEPARTMENT,2005-05-02T00:00:00.000,QUEENS,EMERGENCY MEDICAL SPECIALIST-EMT,ACTIVE,53163.00,per Annum,2154,57168.71,144.25,4018.75,7234.18
2021,57,FIRE DEPARTMENT,2013-01-14T00:00:00.000,QUEENS,EMERGENCY MEDICAL SPECIALIST-EMT,ACTIVE,50604.00,per Annum,2244,57446.49,143,3135.56,8564.96
2021,57,FIRE DEPARTMENT,2016-12-12T00:00:00.000,BROOKLYN,FIREFIGHTER,ACTIVE,60837.00,per Annum,2080,57975.06,513.75,13912.89,3544.32
2021,57,FIRE DEPARTMENT,2017-12-11T00:00:00.000,BROOKLYN,FIREFIGHTER,ACTIVE,55192.00,per Annum,2080,52658.08,686.35,17486.61,6192.24
2021,57,FIRE DEPARTMENT,2018-06-11T00:00:00.000,BROOKLYN,FIREFIGHTER,ACTIVE,55192.00,per Annum,2080,50155.45,792.57,19810.52,6567.71
2021,57,FIRE DEPARTMENT,2014-10-06T00:00:00.000,QUEENS,EMERGENCY MEDICAL SPECIALIST-PARAMEDIC,ACTIVE,61005.00,per Annum,2145.97,64762.08,208.75,7756.68,4101.19
2021,57,FIRE DEPARTMENT,2018-12-07T00:00:00.000,MANHATTAN,FIREFIGHTER,ACTIVE,50173.00,per Annum,2080,48130.49,892.52,20042.78,8796.72
2021,57,FIRE DEPARTMENT,2012-12-17T00:00:00.000,BROOKLYN,ADMIN COMMUNITY RELATIONS SPECIALIST,ACTIVE,110211.00,per Annum,1820,109900.77,0,0.00,74.75
2021,57,FIRE DEPARTMENT,2013-04-15T00:00:00.000,RICHMOND,FIRE ALARM DISPATCHER,ACTIVE,63500.00,per Annum,2080,63321.36,946.25,40175.32,7466.02
2021,57,FIRE DEPARTMENT,1994-07-17T00:00:00.000,BROOKLYN,FIREFIGHTER,ACTIVE,85292.00,per Annum,2080,85051.84,944.8,38936.39,23695.16
2021,57,FIRE DEPARTMENT,2006-01-15T00:00:00.000,BROOKLYN,LIEUTENANT,ACTIVE,98951.00,per Annum,2080,104045.63,597.18,31483.22,12177.42
2021,57,FIRE DEPARTMENT,2008-07-01T00:00:00.000,QUEENS,FIREFIGHTER,ACTIVE,85292.00,per Annum,2080,85051.84,997.1,45245.17,18408.76
2021,57,FIRE DEPARTMENT,1986-01-09T00:00:00.000,BROOKLYN,BATTALION CHIEF,CEASED,176449.00,per Annum,840.02,85892.84,0,0.00,62839.54
2021,57,FIRE DEPARTMENT,1985-12-09T00:00:00.000,BROOKLYN,CAPTAIN,CEASED,135511.00,per Annum,1262.88,93437.86,0,4368.96,52130.47
2021,57,FIRE DEPARTMENT,2004-12-05T00:00:00.000,BROOKLYN,CAPTAIN,ACTIVE,121290.00,per Annum,2080,129767.98,689.38,50022.10,14288.62
2021,57,FIRE DEPARTMENT,1996-02-04T00:00:00.000,BROOKLYN,BATTALION CHIEF,ACTIVE,136221.00,per Annum,2080,146651.64,406.48,35000.04,13915.62
2021,57,FIRE DEPARTMENT,1997-04-15T00:00:00.000,MANHATTAN,CAPTAIN,ACTIVE,135511.00,per Annum,2080,146527.13,514.3,36530.28,14448.66
2021,57,FIRE DEPARTMENT,1982-09-27T00:00:00.000,QUEENS,LIEUTENANT,ACTIVE,118056.00,per Annum,2080,127655.43,844.25,63976.61,12260.05
2021,57,FIRE DEPARTMENT,1995-07-09T00:00:00.000,QUEENS,BATTALION CHIEF,ACTIVE,176449.00,per Annum,2080,190794.36,0,0.00,17796.21
2021,57,FIRE DEPARTMENT,1985-10-07T00:00:00.000,BRONX,BATTALION CHIEF,ACTIVE,176449.00,per Annum,2080,190794.36,0,0.00,17806.56
2021,57,FIRE DEPARTMENT,1992-06-30T00:00:00.000,QUEENS,LIEUTENANT,ACTIVE,118056.00,per Annum,2080,127655.43,946.48,64585.42,16612.63
2021,57,FIRE DEPARTMENT,1993-08-30T00:00:00.000,MANHATTAN,BATTALION CHIEF,ACTIVE,176449.00,per Annum,2080,189752.31,0,0.00,19279.95
2021,57,FIRE DEPARTMENT,1984-07-11T00:00:00.000,BROOKLYN,BATTALION CHIEF,ACTIVE,176449.00,per Annum,2080,190794.36,0,0.00,20018.34
2021,57,FIRE DEPARTMENT,1991-08-11T00:00:00.000,BROOKLYN,CAPTAIN,ACTIVE,135511.00,per Annum,2080,146527.13,762.05,60418.97,13380.33
2021,57,FIRE DEPARTMENT,1996-07-14T00:00:00.000,RICHMOND,CAPTAIN,ACTIVE,135511.00,per Annum,2080,146527.13,835.75,58206.96,17427.86
2021,57,FIRE DEPARTMENT,1985-02-04T00:00:00.000,MANHATTAN,LIEUTENANT,ACTIVE,118056.00,per Annum,2080,127655.43,850.8,69105.36,32513.51
2021,57,FIRE DEPARTMENT,2016-06-27T00:00:00.000,BROOKLYN,FIREFIGHTER,ACTIVE,85292.00,per Annum,2080,60573.13,844.05,23253.13,3455.58
2021,57,FIRE DEPARTMENT,2016-12-12T00:00:00.000,MANHATTAN,FIREFIGHTER,ACTIVE,60837.00,per Annum,2080,57975.06,936.3,24603.55,3946.27
2021,57,FIRE DEPARTMENT,1986-07-15T00:00:00.000,BROOKLYN,FIREFIGHTER,ACTIVE,85292.00,per Annum,2080,85051.84,842.32,38397.28,18305.61
2021,57,FIRE DEPARTMENT,2006-04-11T00:00:00.000,QUEENS,FIREFIGHTER,ACTIVE,85292.00,per Annum,2080,85051.84,900.48,37513.40,18111.61
2021,57,FIRE DEPARTMENT,2003-09-14T00:00:00.000,MANHATTAN,LIEUTENANT,ACTIVE,98951.00,per Annum,2080,105761.66,361.5,19761.61,14923.35
2021,57,FIRE DEPARTMENT,2001-10-28T00:00:00.000,BROOKLYN,FIREFIGHTER,ACTIVE,85292.00,per Annum,2080,85051.84,1118.28,40364.87,15009.79
2021,57,FIRE DEPARTMENT,2007-01-08T00:00:00.000,BROOKLYN,SUPERVISING EMERGENCY MEDICAL SERVICE SPECIALIST,ACTIVE,71202.00,per Annum,2262,82180.12,999.25,52210.54,5051.19
2021,57,FIRE DEPARTMENT,2002-05-05T00:00:00.000,BROOKLYN,FIREFIGHTER,ACTIVE,85292.00,per Annum,2080,85051.84,817.85,36672.38,17459.15
2021,57,FIRE DEPARTMENT,1993-10-24T00:00:00.000,MANHATTAN,FIREFIGHTER,ACTIVE,85292.00,per Annum,2080,85051.84,479.32,24599.10,29465.41
2021,57,FIRE DEPARTMENT,2006-11-19T00:00:00.000,BRONX,FIREFIGHTER,ACTIVE,85292.00,per Annum,2080,85051.84,962.42,38474.49,15280.79
2021,57,FIRE DEPARTMENT,2008-07-01T00:00:00.000,RICHMOND,FIREFIGHTER,ACTIVE,85292.00,per Annum,2080,85051.84,884.2,37647.74,15963.68
2021,57,FIRE DEPARTMENT,2014-01-27T00:00:00.000,MANHATTAN,FIREFIGHTER,ACTIVE,85292.00,per Annum,2080,85051.84,996.4,39483.81,13282.65
2021,57,FIRE DEPARTMENT,2015-06-29T00:00:00.000,BROOKLYN,FIREFIGHTER,ACTIVE,85292.00,per Annum,2080,84517.31,1019.17,40203.94,12802.67
2021,57,FIRE DEPARTMENT,2013-01-14T00:00:00.000,BRONX,FIREFIGHTER,ACTIVE,85292.00,per Annum,2080,85051.84,539.5,22139.46,16300.43
2021,57,FIRE DEPARTMENT,2013-07-29T00:00:00.000,BROOKLYN,FIREFIGHTER,ACTIVE,85292.00,per Annum,2080,85051.84,586.87,24745.72,12973.60
2021,57,FIRE DEPARTMENT,2013-01-07T00:00:00.000,BROOKLYN,ADMINISTRATIVE STAFF ANALYST,ACTIVE,62862.00,per Annum,1820,62685.19,0,0.00,0.00
2021,57,FIRE DEPARTMENT,2016-12-12T00:00:00.000,MANHATTAN,FIREFIGHTER,ACTIVE,60837.00,per Annum,2080,57975.06,749.77,21076.04,5884.41
2021,57,FIRE DEPARTMENT,2009-07-27T00:00:00.000,MANHATTAN,EMERGENCY MEDICAL SPECIALIST-PARAMEDIC,ACTIVE,65226.00,per Annum,2262,75227.57,56.5,2132.22,7515.14
2021,57,FIRE DEPARTMENT,2007-08-06T00:00:00.000,MANHATTAN,LIEUTENANT,ACTIVE,98300.00,per Annum,2080,101070.87,323.58,20892.91,14168.11
2021,57,FIRE DEPARTMENT,2017-03-06T00:00:00.000,MANHATTAN,EMERGENCY MEDICAL SPECIALIST-EMT,ACTIVE,43901.00,per Annum,2262,50853.51,235.25,5400.67,5763.93
2021,57,FIRE DEPARTMENT,2017-06-26T00:00:00.000,BROOKLYN,EMERGENCY MEDICAL SPECIALIST-PARAMEDIC,ACTIVE,48237.00,per Annum,2058.5,48266.55,79.75,1862.63,3361.30
2021,57,FIRE DEPARTMENT,2008-01-21T00:00:00.000,QUEENS,FIREFIGHTER,ACTIVE,85292.00,per Annum,2080,85051.84,308.78,13548.06,14240.32
2021,57,FIRE DEPARTMENT,2017-06-12T00:00:00.000,BROOKLYN,FIREFIGHTER,ACTIVE,60837.00,per Annum,2080,55160.30,885.37,23938.17,6189.76
2021,57,FIRE DEPARTMENT,2019-04-22T00:00:00.000,BROOKLYN,TELECOMMUNICATIONS ASSOCIATE,ACTIVE,83564.00,per Annum,1820,83328.69,426.33,29135.43,640.25
2021,57,FIRE DEPARTMENT,2016-06-20T00:00:00.000,QUEENS,AUTOMOTIVE SERVICE WORKER,ON LEAVE,48270.00,per Annum,1160,26842.34,175.5,6135.09,1927.91
2021,57,FIRE DEPARTMENT,2016-01-11T00:00:00.000,BRONX,EMERGENCY MEDICAL SPECIALIST-EMT,ACTIVE,50604.00,per Annum,1993.28,34720.51,1.5,239.07,1395.98
2021,57,FIRE DEPARTMENT,2014-07-14T00:00:00.000,QUEENS,FIREFIGHTER,ACTIVE,85292.00,per Annum,2080,85051.84,720.57,31687.37,19989.44
2021,57,FIRE DEPARTMENT,2008-07-01T00:00:00.000,MANHATTAN,FIREFIGHTER,ACTIVE,85292.00,per Annum,2080,85051.84,874.63,37031.25,14588.30
2021,57,FIRE DEPARTMENT,1985-10-07T00:00:00.000,BROOKLYN,BATTALION CHIEF,CEASED,171310.00,per Annum,0,5163.00,0,0.00,-2371.94
2021,57,FIRE DEPARTMENT,2007-11-27T00:00:00.000,BRONX,SUPERVISING EMERGENCY MEDICAL SERVICE SPECIALIST,ACTIVE,68000.00,per Annum,2262,76562.59,363,14096.53,4619.03
2021,57,FIRE DEPARTMENT,2016-04-18T00:00:00.000,QUEENS,EMERGENCY MEDICAL SPECIALIST-EMT,ACTIVE,50604.00,per Annum,2114.5,48994.08,45,732.88,2508.97
2021,57,FIRE DEPARTMENT,2002-05-05T00:00:00.000,MANHATTAN,FIREFIGHTER,ACTIVE,85292.00,per Annum,2080,85051.84,323.6,13974.81,15009.79
2021,57,FIRE DEPARTMENT,2003-12-10T00:00:00.000,BROOKLYN,LIEUTENANT,ACTIVE,98951.00,per Annum,2080,104511.42,270.8,17372.30,12982.67
2021,57,FIRE DEPARTMENT,2005-05-31T00:00:00.000,QUEENS,FIREFIGHTER,ACTIVE,85292.00,per Annum,2080,85051.84,892.68,35170.14,16187.21
2021,57,FIRE DEPARTMENT,2005-09-25T00:00:00.000,MANHATTAN,FIREFIGHTER,ACTIVE,85292.00,per Annum,2080,85051.84,742.23,31148.89,17826.35
2021,57,FIRE DEPARTMENT,2000-02-01T00:00:00.000,MANHATTAN,FIREFIGHTER,ACTIVE,85292.00,per Annum,2080,85051.84,623.03,32700.00,16327.75
2021,57,FIRE DEPARTMENT,2018-02-05T00:00:00.000,QUEENS,EMERGENCY MEDICAL SPECIALIST-EMT,ACTIVE,43901.00,per Annum,2262,46678.53,191.75,3269.25,2811.88
2021,57,FIRE DEPARTMENT,2018-06-11T00:00:00.000,BROOKLYN,FIREFIGHTER,ACTIVE,55192.00,per Annum,2080,50155.45,612.43,14534.93,6273.99
2021,57,FIRE DEPARTMENT,2017-06-12T00:00:00.000,QUEENS,FIREFIGHTER,ACTIVE,60837.00,per Annum,2080,55160.30,398.83,10271.02,5761.98
2021,57,FIRE DEPARTMENT,2018-10-29T00:00:00.000,BRONX,FIRE ALARM DISPATCHER,ACTIVE,48003.00,per Annum,2080,45044.57,750.5,21069.47,5402.94
2021,57,FIRE DEPARTMENT,2005-10-31T00:00:00.000,MANHATTAN,EMPLOYEE ASSISTANCE PROGRAM SPECIALIST,CEASED,44.55,per Hour,1680.5,74861.53,0,0.00,3118.30
2021,57,FIRE DEPARTMENT,2017-06-26T00:00:00.000,BRONX,EMERGENCY MEDICAL SPECIALIST-EMT,ON LEAVE,43901.00,per Annum,1905.02,33496.32,111,3198.07,2480.83
2021,57,FIRE DEPARTMENT,2017-06-12T00:00:00.000,QUEENS,FIREFIGHTER,ACTIVE,60837.00,per Annum,2080,55160.30,547.48,14101.90,3435.57
2021,57,FIRE DEPARTMENT,2019-05-13T00:00:00.000,BRONX,FIREFIGHTER,ACTIVE,50173.00,per Annum,2080,46364.00,914.63,21324.03,5124.85
2021,57,FIRE DEPARTMENT,2018-06-11T00:00:00.000,BROOKLYN,FIREFIGHTER,ACTIVE,55192.00,per Annum,2080,50155.45,698.68,16914.84,6089.34
2021,57,FIRE DEPARTMENT,2018-12-07T00:00:00.000,MANHATTAN,FIREFIGHTER,ACTIVE,50173.00,per Annum,2080,48130.49,818.62,18222.69,6989.42
2021,57,FIRE DEPARTMENT,2014-02-10T00:00:00.000,BROOKLYN,EMERGENCY MEDICAL SPECIALIST-EMT,ACTIVE,50604.00,per Annum,2170.5,55753.72,257.75,8626.68,9018.84
2021,57,FIRE DEPARTMENT,1978-10-14T00:00:00.000,BROOKLYN,BATTALION CHIEF,CEASED,167132.00,per Annum,0,2105.99,0,0.00,-947.75
2021,57,FIRE DEPARTMENT,2013-01-14T00:00:00.000,QUEENS,FIREFIGHTER,ACTIVE,85292.00,per Annum,2080,85051.84,208.05,8602.42,12736.20
2021,57,FIRE DEPARTMENT,2018-09-17T00:00:00.000,QUEENS,AUTO MECHANIC,ACTIVE,309.20,per Day,2080,79703.09,191,11213.44,15757.89
2021,57,FIRE DEPARTMENT,2004-12-05T00:00:00.000,MANHATTAN,FIREFIGHTER,ACTIVE,85292.00,per Annum,2080,85051.84,388.6,16094.70,15289.19
2021,57,FIRE DEPARTMENT,2013-07-29T00:00:00.000,BROOKLYN,FIREFIGHTER,ON LEAVE,85292.00,per Annum,948.6,39252.17,156.23,6107.38,10880.28
2021,57,FIRE DEPARTMENT,2017-10-16T00:00:00.000,BROOKLYN,EMERGENCY MEDICAL SPECIALIST-EMT,ACTIVE,43901.00,per Annum,2258.5,48545.26,202,3861.61,4134.11
2021,57,FIRE DEPARTMENT,2018-06-11T00:00:00.000,BRONX,EMERGENCY MEDICAL SPECIALIST-EMT,ACTIVE,43901.00,per Annum,2282,44702.62,411.5,9408.25,2587.56
2021,57,FIRE DEPARTMENT,2020-02-18T00:00:00.000,BRONX,EMERGENCY MEDICAL SPECIALIST-EMT,ACTIVE,37250.00,per Annum,2252,41744.75,156,1906.78,2599.32
2021,57,FIRE DEPARTMENT,2020-04-20T00:00:00.000,BROOKLYN,CLERICAL ASSOCIATE,ACTIVE,46019.00,per Annum,1820,45889.42,0,0.00,148.20
2021,57,FIRE DEPARTMENT,2019-10-15T00:00:00.000,BROOKLYN,FIRE PROTECTION INSPECTOR,CEASED,46607.00,per Annum,1912.5,45582.01,9.75,285.82,105.15
2021,57,FIRE DEPARTMENT,2005-10-31T00:00:00.000,MANHATTAN,EMPLOYEE ASSISTANCE PROGRAM SPECIALIST,ACTIVE,35.36,per Hour,1708,60394.88,0,0.00,2722.72
2021,57,FIRE DEPARTMENT,2015-09-21T00:00:00.000,BROOKLYN,EMERGENCY MEDICAL SPECIALIST-EMT,ACTIVE,50604.00,per Annum,2244,55812.89,109.5,2368.60,4962.15
2021,57,FIRE DEPARTMENT,2019-08-05T00:00:00.000,BROOKLYN,PROCUREMENT ANALYST,ACTIVE,45320.00,per Annum,1820,45076.79,0,0.00,0.00
2021,57,FIRE DEPARTMENT,2002-06-17T00:00:00.000,BROOKLYN,CLERICAL ASSOCIATE,ACTIVE,58567.00,per Annum,1820,58402.27,10.25,357.61,5205.06
2021,57,FIRE DEPARTMENT,1996-03-17T00:00:00.000,MANHATTAN,SUPERVISING EMERGENCY MEDICAL SERVICE SPECIALIST,ACTIVE,75000.00,per Annum,2254,85996.31,145.25,4191.59,12420.90
2021,57,FIRE DEPARTMENT,2015-03-16T00:00:00.000,RICHMOND,SUPERVISING FIRE ALARM DISPATCHER,ACTIVE,74282.00,per Annum,2080,71533.62,523,22030.96,8538.04
2021,57,FIRE DEPARTMENT,2015-12-28T00:00:00.000,BROOKLYN,FIREFIGHTER,ACTIVE,85292.00,per Annum,2080,72323.67,613.18,21254.53,8418.69
2021,57,FIRE DEPARTMENT,1999-10-15T00:00:00.000,BROOKLYN,SUPERVISING EMERGENCY MEDICAL SERVICE SPECIALIST,ACTIVE,68000.00,per Annum,2262,78574.66,269,9290.21,14083.37
2021,57,FIRE DEPARTMENT,2008-03-31T00:00:00.000,BROOKLYN,SUPERVISING FIRE ALARM DISPATCHER,ACTIVE,71311.00,per Annum,2080,68572.17,583,24372.51,8879.19
2021,57,FIRE DEPARTMENT,2016-08-22T00:00:00.000,BROOKLYN,EMERGENCY MEDICAL SPECIALIST-PARAMEDIC,ACTIVE,65226.00,per Annum,2282,73055.34,394.75,15635.82,1701.49
2021,57,FIRE DEPARTMENT,1996-03-17T00:00:00.000,MANHATTAN,EMERGENCY MEDICAL SPECIALIST-EMT,ACTIVE,53163.00,per Annum,2276,61671.38,185.4,4768.87,13148.66
2021,57,FIRE DEPARTMENT,2017-12-11T00:00:00.000,QUEENS,FIREFIGHTER,ACTIVE,55192.00,per Annum,2080,52658.08,804.62,20212.67,6698.29
2021,57,FIRE DEPARTMENT,1996-03-17T00:00:00.000,BROOKLYN,EMERGENCY MEDICAL SPECIALIST-PARAMEDIC,CEASED,55796.00,per Annum,0,-2140.12,0,0.00,2140.12
2021,57,FIRE DEPARTMENT,1996-03-17T00:00:00.000,QUEENS,EMERGENCY MEDICAL SPECIALIST-PARAMEDIC,CEASED,59658.00,per Annum,0,-2059.47,0,0.00,2059.47
2021,57,FIRE DEPARTMENT,2009-05-11T00:00:00.000,MANHATTAN,EMERGENCY MEDICAL SPECIALIST-EMT,CEASED,33740.00,per Annum,0,-62.20,0,0.00,62.20
2021,57,FIRE DEPARTMENT,2002-09-13T00:00:00.000,MANHATTAN,EMERGENCY MEDICAL SPECIALIST-EMT,CEASED,48153.00,per Annum,0,843.74,0,0.00,-843.74
2021,57,FIRE DEPARTMENT,2002-09-13T00:00:00.000,BROOKLYN,EMERGENCY MEDICAL SPECIALIST-PARAMEDIC,CEASED,59658.00,per Annum,0,2288.25,0,0.00,-2288.25
2021,57,FIRE DEPARTMENT,2013-01-14T00:00:00.000,RICHMOND,FIREFIGHTER,ACTIVE,85292.00,per Annum,2080,85051.84,362.05,16142.20,16376.83
2021,57,FIRE DEPARTMENT,2006-01-15T00:00:00.000,BROOKLYN,FIREFIGHTER,ACTIVE,85292.00,per Annum,2080,85051.84,611.37,27054.13,14322.75
2021,57,FIRE DEPARTMENT,2013-07-29T00:00:00.000,QUEENS,FIREFIGHTER,ACTIVE,85292.00,per Annum,2080,85051.84,568.35,24914.54,16833.22
2021,57,FIRE DEPARTMENT,2014-12-29T00:00:00.000,QUEENS,FIREFIGHTER,ACTIVE,85292.00,per Annum,2080,85051.84,695.27,28904.06,13112.91
2021,57,FIRE DEPARTMENT,2014-01-27T00:00:00.000,BRONX,FIREFIGHTER,ACTIVE,85292.00,per Annum,2080,85051.84,724.52,29312.90,12959.90
2021,57,FIRE DEPARTMENT,2005-05-31T00:00:00.000,BROOKLYN,FIREFIGHTER,ACTIVE,85292.00,per Annum,2080,85051.84,530.82,22040.93,20293.11
2021,57,FIRE DEPARTMENT,2003-02-02T00:00:00.000,BROOKLYN,FIREFIGHTER,ACTIVE,85292.00,per Annum,2080,85051.84,613.13,26503.93,16013.85
2021,57,FIRE DEPARTMENT,2008-07-01T00:00:00.000,QUEENS,LIEUTENANT,ACTIVE,98951.00,per Annum,2080,104928.22,147.1,8861.13,14055.49
2021,57,FIRE DEPARTMENT,2007-03-25T00:00:00.000,BROOKLYN,LIEUTENANT,ACTIVE,118056.00,per Annum,2080,121728.89,790.32,51766.81,14371.92
2021,57,FIRE DEPARTMENT,2002-07-28T00:00:00.000,BROOKLYN,CAPTAIN,ACTIVE,121290.00,per Annum,2080,129441.34,643,45388.75,12704.97
2021,57,FIRE DEPARTMENT,2001-10-28T00:00:00.000,BROOKLYN,LIEUTENANT,ACTIVE,118056.00,per Annum,2080,127655.43,728.87,47365.65,12391.59
2021,57,FIRE DEPARTMENT,1997-10-19T00:00:00.000,BRONX,LIEUTENANT,ACTIVE,118056.00,per Annum,2080,127655.43,654.2,41087.26,13669.27
2021,57,FIRE DEPARTMENT,2002-05-05T00:00:00.000,QUEENS,CAPTAIN,ACTIVE,123407.00,per Annum,2080,132961.67,484.33,33724.27,15447.34
2021,57,FIRE DEPARTMENT,2004-12-05T00:00:00.000,BROOKLYN,CAPTAIN,ACTIVE,121290.00,per Annum,2080,130058.87,624,39086.72,12833.42
2021,57,FIRE DEPARTMENT,2002-07-01T00:00:00.000,MANHATTAN,MARINE ENGINEER,ACTIVE,94328.00,per Annum,2080,93554.81,1529,72102.19,15801.35
2021,57,FIRE DEPARTMENT,2001-10-28T00:00:00.000,RICHMOND,FIREFIGHTER,ACTIVE,85292.00,per Annum,2080,85051.84,515.55,23486.01,19968.43
2021,57,FIRE DEPARTMENT,2002-07-22T00:00:00.000,BRONX,LIEUTENANT,ACTIVE,118056.00,per Annum,2080,127575.80,604.23,40322.98,11965.15
2021,57,FIRE DEPARTMENT,2013-01-14T00:00:00.000,MANHATTAN,FIREFIGHTER,ACTIVE,85292.00,per Annum,2080,85051.84,701.9,28242.49,15261.94
2021,57,FIRE DEPARTMENT,1993-08-30T00:00:00.000,MANHATTAN,MARINE ENGINEER,ACTIVE,94065.00,per Annum,2080,93800.18,623,37424.22,46809.58
2021,57,FIRE DEPARTMENT,2001-05-06T00:00:00.000,MANHATTAN,LIEUTENANT,ACTIVE,118056.00,per Annum,2080,119467.55,621.83,40805.42,15536.39
2021,57,FIRE DEPARTMENT,2008-07-01T00:00:00.000,BRONX,FIREFIGHTER,ACTIVE,85292.00,per Annum,2080,85051.84,698.1,29329.04,14352.05
2021,57,FIRE DEPARTMENT,1991-04-14T00:00:00.000,MANHATTAN,LIEUTENANT,ACTIVE,118056.00,per Annum,2080,127655.43,474.58,29591.59,15440.55
2021,57,FIRE DEPARTMENT,2002-01-27T00:00:00.000,RICHMOND,CAPTAIN,ACTIVE,123407.00,per Annum,2080,131633.21,347.52,26048.28,13711.22
2021,57,FIRE DEPARTMENT,1988-12-22T00:00:00.000,QUEENS,FIREFIGHTER,ACTIVE,85292.00,per Annum,2080,85051.84,1096.45,52733.35,28890.70
2021,57,FIRE DEPARTMENT,2004-12-06T00:00:00.000,MANHATTAN,LIEUTENANT,ACTIVE,98951.00,per Annum,2080,103368.10,833.12,46136.21,16005.57
2021,57,FIRE DEPARTMENT,2004-09-12T00:00:00.000,MANHATTAN,LIEUTENANT,ACTIVE,118056.00,per Annum,2080,127519.37,430.7,24871.51,12997.36
2021,57,FIRE DEPARTMENT,2002-05-05T00:00:00.000,BROOKLYN,LIEUTENANT,ACTIVE,118056.00,per Annum,2080,119467.55,466.35,28868.25,16122.21
2021,57,FIRE DEPARTMENT,2004-05-25T00:00:00.000,BROOKLYN,FIREFIGHTER,ACTIVE,85292.00,per Annum,2080,85051.84,1009.43,42661.76,31485.94
2021,57,FIRE DEPARTMENT,1996-03-17T00:00:00.000,BROOKLYN,SUPERVISING EMERGENCY MEDICAL SERVICE SPECIALIST,ACTIVE,71202.00,per Annum,2276,82702.14,126.25,4956.14,11434.98
2021,57,FIRE DEPARTMENT,2005-05-02T00:00:00.000,QUEENS,SUPERVISING EMERGENCY MEDICAL SERVICE SPECIALIST,ACTIVE,71202.00,per Annum,2262,82180.12,218.5,9119.14,7561.94
2021,57,FIRE DEPARTMENT,2006-05-08T00:00:00.000,BROOKLYN,FIRE ALARM DISPATCHER,ACTIVE,63500.00,per Annum,2080,63321.36,732.5,27497.08,7016.02
2021,57,FIRE DEPARTMENT,2008-09-29T00:00:00.000,BROOKLYN,EMERGENCY MEDICAL SPECIALIST-EMT,ACTIVE,50604.00,per Annum,2217.5,57677.94,525.93,22162.36,9779.88
2021,57,FIRE DEPARTMENT,2016-06-27T00:00:00.000,QUEENS,FIREFIGHTER,ACTIVE,85292.00,per Annum,2080,60573.13,753.43,21620.74,7191.84
2021,57,FIRE DEPARTMENT,2008-07-01T00:00:00.000,MANHATTAN,FIREFIGHTER,ON LEAVE,85292.00,per Annum,2080,69313.26,181,7261.31,12681.28
2021,57,FIRE DEPARTMENT,2001-10-28T00:00:00.000,QUEENS,LIEUTENANT,ACTIVE,100409.00,per Annum,2080,107607.18,430.13,27236.86,11612.87
2021,57,FIRE DEPARTMENT,2000-03-01T00:00:00.000,QUEENS,FIREFIGHTER,ACTIVE,85292.00,per Annum,2080,85051.84,968.98,43437.57,17846.82
2021,57,FIRE DEPARTMENT,2004-03-07T00:00:00.000,MANHATTAN,LIEUTENANT,ACTIVE,98300.00,per Annum,2080,101070.87,559.37,29662.83,15505.07
2021,57,FIRE DEPARTMENT,2004-05-24T00:00:00.000,BROOKLYN,FIREFIGHTER,ACTIVE,85292.00,per Annum,2080,85051.84,961.87,43166.60,17313.80
2021,57,FIRE DEPARTMENT,1998-08-16T00:00:00.000,QUEENS,LIEUTENANT,ACTIVE,98951.00,per Annum,2080,103368.10,454.25,23703.91,18251.75
2021,57,FIRE DEPARTMENT,1990-10-15T00:00:00.000,QUEENS,FIREFIGHTER,ACTIVE,85292.00,per Annum,2080,85051.84,1069,43744.94,16173.35
2021,57,FIRE DEPARTMENT,2014-07-14T00:00:00.000,BRONX,FIREFIGHTER,ACTIVE,85292.00,per Annum,2080,85051.84,1104.77,46361.83,13069.54
2021,57,FIRE DEPARTMENT,2006-01-15T00:00:00.000,BROOKLYN,FIREFIGHTER,ACTIVE,85292.00,per Annum,2080,85051.84,543.95,29921.63,29208.40
2021,57,FIRE DEPARTMENT,1999-02-16T00:00:00.000,BRONX,FIREFIGHTER,ACTIVE,85292.00,per Annum,2080,85051.84,959.82,41428.50,17666.69
2021,57,FIRE DEPARTMENT,2014-07-14T00:00:00.000,MANHATTAN,FIREFIGHTER,ACTIVE,85292.00,per Annum,2080,85051.84,938.27,40451.55,18003.20
2021,57,FIRE DEPARTMENT,2004-09-12T00:00:00.000,QUEENS,FIREFIGHTER,ACTIVE,85292.00,per Annum,2080,85051.84,599.68,30150.99,27840.83
2021,57,FIRE DEPARTMENT,1996-07-14T00:00:00.000,BROOKLYN,FIREFIGHTER,ACTIVE,85292.00,per Annum,2080,85051.84,813.9,35807.38,22145.72
2021,57,FIRE DEPARTMENT,2003-12-10T00:00:00.000,MANHATTAN,FIREFIGHTER,ACTIVE,85292.00,per Annum,2080,85051.84,630.03,31194.42,26415.78
2021,57,FIRE DEPARTMENT,2013-01-14T00:00:00.000,QUEENS,FIREFIGHTER,ACTIVE,85292.00,per Annum,2080,85051.84,688.28,31131.89,26409.21
2021,57,FIRE DEPARTMENT,2014-01-27T00:00:00.000,RICHMOND,FIREFIGHTER,ACTIVE,85292.00,per Annum,2080,85051.84,989.6,44193.12,12836.68
2021,57,FIRE DEPARTMENT,1991-12-27T00:00:00.000,QUEENS,RADIO REPAIR MECHANIC,ON SEPARATION LEAVE,421.68,per Day,2080,109636.80,8,424.32,16263.12
2021,57,FIRE DEPARTMENT,2001-10-28T00:00:00.000,MANHATTAN,FIREFIGHTER,ACTIVE,85292.00,per Annum,2080,85051.84,444.85,19935.22,19822.31
2021,57,FIRE DEPARTMENT,2007-03-25T00:00:00.000,MANHATTAN,FIREFIGHTER,ACTIVE,85292.00,per Annum,2080,85051.84,567.25,24510.81,15200.26
2021,57,FIRE DEPARTMENT,2007-08-06T00:00:00.000,MANHATTAN,FIREFIGHTER,ACTIVE,85292.00,per Annum,2080,85051.84,505.25,21851.57,17668.34
2021,57,FIRE DEPARTMENT,1999-11-22T00:00:00.000,BROOKLYN,COMPUTER SPECIALIST,ACTIVE,106108.00,per Annum,1820,105809.46,0,0.00,6778.83
2021,57,FIRE DEPARTMENT,2014-07-14T00:00:00.000,BRONX,FIREFIGHTER,ACTIVE,85292.00,per Annum,2080,85051.84,341.03,14234.82,12886.25
2021,57,FIRE DEPARTMENT,2020-01-21T00:00:00.000,BROOKLYN,TELECOMMUNICATIONS ASSOCIATE,ACTIVE,60550.00,per Annum,1820,60379.68,875.75,41170.43,2940.90
2021,57,FIRE DEPARTMENT,2004-05-25T00:00:00.000,BROOKLYN,FIREFIGHTER,ACTIVE,85292.00,per Annum,2080,85051.84,92.5,4218.21,15009.79
2021,57,FIRE DEPARTMENT,2015-01-05T00:00:00.000,MANHATTAN,CLERICAL ASSOCIATE,ACTIVE,62820.00,per Annum,1820,68512.60,0,0.00,1598.32
2021,57,FIRE DEPARTMENT,2018-12-07T00:00:00.000,QUEENS,FIREFIGHTER,ACTIVE,50173.00,per Annum,2080,48130.49,609.15,14149.73,7500.86
2021,57,FIRE DEPARTMENT,2019-11-12T00:00:00.000,BROOKLYN,FIREFIGHTER,ACTIVE,46066.00,per Annum,2080,45083.63,234.25,5006.39,5300.85
2021,57,FIRE DEPARTMENT,2019-02-19T00:00:00.000,MANHATTAN,EMERGENCY MEDICAL SPECIALIST-EMT,ACTIVE,37914.00,per Annum,2262,43775.46,325.5,6859.41,4470.82
2021,57,FIRE DEPARTMENT,2019-02-25T00:00:00.000,BROOKLYN,COMPUTER ASSOCIATE,ACTIVE,59047.00,per Annum,1820,53189.42,45.75,1669.57,72.57
2021,57,FIRE DEPARTMENT,2019-04-01T00:00:00.000,QUEENS,FIRE PROTECTION INSPECTOR,ACTIVE,53598.00,per Annum,1950,47597.00,30,1080.30,-1231.42
2021,57,FIRE DEPARTMENT,2017-10-16T00:00:00.000,BROOKLYN,EMERGENCY MEDICAL SPECIALIST-EMT,ACTIVE,43901.00,per Annum,1950,41875.13,118,3549.86,1652.53
2021,57,FIRE DEPARTMENT,2019-02-19T00:00:00.000,QUEENS,EMERGENCY MEDICAL SPECIALIST-EMT,ACTIVE,37914.00,per Annum,2269,43746.11,141.25,1661.06,1507.01
2021,57,FIRE DEPARTMENT,2016-04-18T00:00:00.000,QUEENS,EMERGENCY MEDICAL SPECIALIST-EMT,ACTIVE,50604.00,per Annum,1950,44952.70,8,247.52,1382.98
2021,57,FIRE DEPARTMENT,2005-05-31T00:00:00.000,BROOKLYN,FIREFIGHTER,CEASED,85292.00,per Annum,222.88,9107.83,39,1664.02,15062.45
2021,57,FIRE DEPARTMENT,2020-10-26T00:00:00.000,QUEENS,EMERGENCY MEDICAL SPECIALIST-EMT,ACTIVE,35254.00,per Annum,1305.5,23374.78,45.25,848.32,709.89
2021,57,FIRE DEPARTMENT,2015-07-13T00:00:00.000,BRONX,EMERGENCY MEDICAL SPECIALIST-EMT,CEASED,37914.00,per Annum,750,12429.31,0,83.05,941.24
2021,57,FIRE DEPARTMENT,2018-06-11T00:00:00.000,BROOKLYN,FIREFIGHTER,ACTIVE,55192.00,per Annum,2080,50155.45,422.15,10252.62,4284.94
2021,57,FIRE DEPARTMENT,2016-10-24T00:00:00.000,BROOKLYN,ADMIN COMMUNITY RELATIONS SPECIALIST,ACTIVE,65757.00,per Annum,1820,65572.01,0,0.00,16.50
2021,57,FIRE DEPARTMENT,2013-09-23T00:00:00.000,BROOKLYN,EMERGENCY MEDICAL SPECIALIST-EMT,ACTIVE,50604.00,per Annum,1768.5,25542.96,97.87,3200.22,1499.76
2021,57,FIRE DEPARTMENT,2017-06-12T00:00:00.000,RICHMOND,FIREFIGHTER,ACTIVE,60837.00,per Annum,2080,55160.30,212.07,5489.86,5173.99
2021,57,FIRE DEPARTMENT,2015-04-20T00:00:00.000,MANHATTAN,EMERGENCY MEDICAL SPECIALIST-PARAMEDIC,ACTIVE,53135.00,per Annum,2260.5,59499.38,152.75,3277.28,3165.19
2021,57,FIRE DEPARTMENT,2007-03-25T00:00:00.000,BROOKLYN,LIEUTENANT,ACTIVE,98951.00,per Annum,2080,104511.42,497.37,32138.61,13981.77
2021,57,FIRE DEPARTMENT,2001-05-06T00:00:00.000,BROOKLYN,LIEUTENANT,ACTIVE,118056.00,per Annum,2080,127655.43,127.75,9821.40,13125.50
2021,57,FIRE DEPARTMENT,2003-11-05T00:00:00.000,BROOKLYN,EMERGENCY MEDICAL SPECIALIST-EMT,ACTIVE,53163.00,per Annum,2251.5,60990.15,152.5,4793.19,11913.31
2021,57,FIRE DEPARTMENT,2006-01-15T00:00:00.000,BROOKLYN,FIREFIGHTER,CEASED,85292.00,per Annum,222.88,9107.83,125,5568.42,14258.52
2021,57,FIRE DEPARTMENT,2013-01-14T00:00:00.000,QUEENS,FIREFIGHTER,ACTIVE,85292.00,per Annum,2080,85051.84,366.1,14841.19,15912.07
2021,57,FIRE DEPARTMENT,2014-07-14T00:00:00.000,BROOKLYN,FIREFIGHTER,ACTIVE,85292.00,per Annum,2080,85051.84,375.67,15545.69,15424.57
2021,57,FIRE DEPARTMENT,2005-03-08T00:00:00.000,MANHATTAN,FIREFIGHTER,ACTIVE,85292.00,per Annum,2080,85051.84,538.22,27155.35,19325.81
2021,57,FIRE DEPARTMENT,2014-12-29T00:00:00.000,MANHATTAN,FIREFIGHTER,ACTIVE,85292.00,per Annum,2080,85051.84,740.67,32646.07,14092.55
2021,57,FIRE DEPARTMENT,2003-09-07T00:00:00.000,BRONX,FIREFIGHTER,ACTIVE,85292.00,per Annum,2080,85051.84,828.75,31042.92,17229.81
2021,57,FIRE DEPARTMENT,2016-06-27T00:00:00.000,QUEENS,FIREFIGHTER,ACTIVE,85292.00,per Annum,2080,60573.13,647.57,17781.97,3490.01
2021,57,FIRE DEPARTMENT,2016-06-27T00:00:00.000,BROOKLYN,FIREFIGHTER,ACTIVE,85292.00,per Annum,2080,60573.13,652.33,17499.10,3824.01
2021,57,FIRE DEPARTMENT,2017-06-12T00:00:00.000,QUEENS,FIREFIGHTER,ACTIVE,60837.00,per Annum,2080,55160.30,761.18,20383.70,6705.91
2021,57,FIRE DEPARTMENT,2004-07-01T00:00:00.000,MANHATTAN,LIEUTENANT,ACTIVE,98300.00,per Annum,2080,99637.97,659.2,34394.30,17876.30
2021,57,FIRE DEPARTMENT,1995-01-30T00:00:00.000,MANHATTAN,FIREFIGHTER,ACTIVE,85292.00,per Annum,2080,85051.84,1117.2,48128.35,18626.79
2021,57,FIRE DEPARTMENT,1992-10-25T00:00:00.000,QUEENS,DEPUTY CHIEF,ACTIVE,195575.00,per Annum,2080,211474.04,0,0.00,18772.13
2021,57,FIRE DEPARTMENT,2006-11-19T00:00:00.000,QUEENS,FIREFIGHTER,ACTIVE,85292.00,per Annum,2080,85051.84,979.23,42073.86,24023.63
2021,57,FIRE DEPARTMENT,1979-07-14T00:00:00.000,BROOKLYN,DEPUTY CHIEF,ACTIVE,195575.00,per Annum,2080,211474.04,0,0.00,18772.13
2021,57,FIRE DEPARTMENT,1982-11-20T00:00:00.000,BROOKLYN,LIEUTENANT,CEASED,114617.00,per Annum,40.02,4050.53,0,1308.38,35538.37
2021,57,FIRE DEPARTMENT,2019-11-12T00:00:00.000,BROOKLYN,FIREFIGHTER,ACTIVE,46066.00,per Annum,2080,45083.62,466.75,10648.55,3669.52
2021,57,FIRE DEPARTMENT,2019-05-13T00:00:00.000,MANHATTAN,FIREFIGHTER,ACTIVE,50173.00,per Annum,2080,46364.00,351.33,8365.23,4700.13
2021,57,FIRE DEPARTMENT,2012-10-09T00:00:00.000,QUEENS,EMERGENCY MEDICAL SPECIALIST-PARAMEDIC,ACTIVE,53135.00,per Annum,2216.5,59567.40,396.5,15487.49,7572.78
2021,57,FIRE DEPARTMENT,2006-06-11T00:00:00.000,BROOKLYN,FIREFIGHTER,CEASED,85292.00,per Annum,0,0.00,0,0.00,2430.72
2021,57,FIRE DEPARTMENT,2004-02-17T00:00:00.000,QUEENS,CITY LABORER,ACTIVE,290.00,per Day,2080,75400.00,138.5,7517.40,0.00
2021,57,FIRE DEPARTMENT,2019-05-13T00:00:00.000,MANHATTAN,FIREFIGHTER,ACTIVE,50173.00,per Annum,2080,46364.00,391.47,8395.17,4796.01
2021,57,FIRE DEPARTMENT,1992-07-05T00:00:00.000,RICHMOND,CAPTAIN,ACTIVE,135511.00,per Annum,2080,146527.13,950.1,69905.93,16871.99
2021,57,FIRE DEPARTMENT,2000-10-02T00:00:00.000,BROOKLYN,LIEUTENANT,ACTIVE,118056.00,per Annum,2080,127655.43,200.03,12483.36,14540.72
2021,57,FIRE DEPARTMENT,2014-10-06T00:00:00.000,QUEENS,AUTO MECHANIC,ACTIVE,347.20,per Day,2080,90272.00,700,48408.36,14489.29
2021,57,FIRE DEPARTMENT,2006-06-11T00:00:00.000,BROOKLYN,LIEUTENANT,ACTIVE,118056.00,per Annum,2080,114028.27,496.72,28836.73,11944.94
2021,57,FIRE DEPARTMENT,2019-06-10T00:00:00.000,QUEENS,EMERGENCY MEDICAL SPECIALIST-EMT,ACTIVE,37914.00,per Annum,2262,43385.90,167.25,2083.56,4509.03
2021,57,FIRE DEPARTMENT,2001-02-04T00:00:00.000,BROOKLYN,FIRE MARSHAL,CEASED,95527.00,per Annum,0,0.00,0,0.00,15797.66
2021,57,FIRE DEPARTMENT,2000-02-01T00:00:00.000,BROOKLYN,FIREFIGHTER,CEASED,85292.00,per Annum,0,0.00,0,0.00,15928.03
2021,57,FIRE DEPARTMENT,1996-03-17T00:00:00.000,QUEENS,SUPERVISING EMERGENCY MEDICAL SERVICE SPECIALIST,ACTIVE,71202.00,per Annum,2101.5,75312.07,158.3,7691.13,9964.39
2021,57,FIRE DEPARTMENT,2017-06-12T00:00:00.000,QUEENS,FIREFIGHTER,ACTIVE,60837.00,per Annum,2080,55160.30,205.77,5798.61,3399.04
2021,57,FIRE DEPARTMENT,2003-09-14T00:00:00.000,BROOKLYN,FIREFIGHTER,ACTIVE,85292.00,per Annum,2080,85051.84,763.43,39031.30,29585.31
2021,57,FIRE DEPARTMENT,2001-02-04T00:00:00.000,BROOKLYN,FIREFIGHTER,ACTIVE,85292.00,per Annum,2080,85051.84,760.87,38272.29,30768.74
2021,806,HOUSING PRESERVATION & DVLPMNT,2017-05-08T00:00:00.000,MANHATTAN,COMMUNITY COORDINATOR,ACTIVE,64454.00,per Annum,1820,64272.64,0,0.00,0.00
2021,806,HOUSING PRESERVATION & DVLPMNT,2002-08-26T00:00:00.000,MANHATTAN,ASSOCIATE STAFF ANALYST,ACTIVE,90000.00,per Annum,1820,89746.57,0,0.00,3685.48
2021,806,HOUSING PRESERVATION & DVLPMNT,2015-06-22T00:00:00.000,MANHATTAN,AGENCY ATTORNEY,ACTIVE,109988.00,per Annum,1820,109678.49,0,0.00,4972.80
2021,806,HOUSING PRESERVATION & DVLPMNT,2019-05-13T00:00:00.000,BROOKLYN,INSPECTOR,ACTIVE,61598.00,per Annum,2080,54270.74,192.5,7603.39,2472.27
2021,806,HOUSING PRESERVATION & DVLPMNT,1987-09-14T00:00:00.000,MANHATTAN,BOOKKEEPER,ACTIVE,55797.00,per Annum,1820,55639.98,0,0.00,3685.73
2021,806,HOUSING PRESERVATION & DVLPMNT,2004-06-28T00:00:00.000,MANHATTAN,CONSTRUCTION PROJECT MANAGER,ACTIVE,77921.00,per Annum,1820,77701.67,0,0.00,4757.45
2021,806,HOUSING PRESERVATION & DVLPMNT,2019-05-13T00:00:00.000,BROOKLYN,INSPECTOR,ACTIVE,61598.00,per Annum,2080,54270.74,32.5,1323.52,3631.31
2021,806,HOUSING PRESERVATION & DVLPMNT,2018-05-21T00:00:00.000,MANHATTAN,COMMUNITY ASSOCIATE,ACTIVE,50218.00,per Annum,1820,50076.66,0,0.00,22.00
2021,806,HOUSING PRESERVATION & DVLPMNT,1989-01-03T00:00:00.000,MANHATTAN,PRINCIPAL ADMINISTRATIVE ASSOCIATE -  NON SUPVR,ACTIVE,61236.00,per Annum,1820,60532.34,0,0.00,4312.46
2021,806,HOUSING PRESERVATION & DVLPMNT,1992-11-16T00:00:00.000,MANHATTAN,ADMIN HOUSING DEVELOPMENT SPEC,CEASED,115364.00,per Annum,1028.75,65021.59,0,0.00,0.00
2021,806,HOUSING PRESERVATION & DVLPMNT,2007-02-12T00:00:00.000,MANHATTAN,HOUSING DEVELOPMENT SPECIALIST,ACTIVE,78816.00,per Annum,1820,78594.18,0,0.00,3811.26
2021,806,HOUSING PRESERVATION & DVLPMNT,2005-09-05T00:00:00.000,MANHATTAN,ADMINISTRATIVE MANAGER,ACTIVE,161053.00,per Annum,1820,160599.82,0,0.00,-3085.30
2021,806,HOUSING PRESERVATION & DVLPMNT,2019-10-15T00:00:00.000,MANHATTAN,CONSTRUCTION PROJECT MANAGER,CEASED,65640.00,per Annum,616,28036.98,23.75,1385.17,49.50
2021,806,HOUSING PRESERVATION & DVLPMNT,1997-02-18T00:00:00.000,MANHATTAN,PRINCIPAL ADMINISTRATIVE ASSOCIATE -  NON SUPVR,ACTIVE,61518.00,per Annum,1820,60811.09,0,0.00,4312.46
2021,806,HOUSING PRESERVATION & DVLPMNT,2015-06-22T00:00:00.000,MANHATTAN,INSPECTOR,ACTIVE,61598.00,per Annum,2080,61424.56,19,878.56,2938.97
2021,806,HOUSING PRESERVATION & DVLPMNT,2016-04-11T00:00:00.000,MANHATTAN,ADMIN COMMUNITY RELATIONS SPECIALIST,ACTIVE,58926.00,per Annum,1820,58760.26,0,0.00,41.25
2021,806,HOUSING PRESERVATION & DVLPMNT,2017-01-17T00:00:00.000,QUEENS,CLERICAL ASSOCIATE,ACTIVE,46933.00,per Annum,1820,46800.90,150.5,5652.06,5857.04
2021,806,HOUSING PRESERVATION & DVLPMNT,2019-06-24T00:00:00.000,MANHATTAN,ASSOCIATE HOUSING DEVELOPMENT SPECIALIST,ACTIVE,92700.00,per Annum,1820,92439.18,0,0.00,588.60
2021,806,HOUSING PRESERVATION & DVLPMNT,2013-09-30T00:00:00.000,BRONX,INSPECTOR,ACTIVE,61598.00,per Annum,2080,61424.56,0,0.00,4079.21
2021,806,HOUSING PRESERVATION & DVLPMNT,2015-01-12T00:00:00.000,MANHATTAN,COMMUNITY ASSOCIATE,ACTIVE,49373.00,per Annum,1820,49234.06,0,0.00,0.00
2021,806,HOUSING PRESERVATION & DVLPMNT,2014-05-19T00:00:00.000,BROOKLYN,INSPECTOR,ACTIVE,61598.00,per Annum,2080,61424.56,0,0.00,4176.28
2021,806,HOUSING PRESERVATION & DVLPMNT,2017-07-31T00:00:00.000,MANHATTAN,COMMUNITY COORDINATOR,ACTIVE,65839.00,per Annum,1820,65653.65,0,0.00,16.50
2021,806,HOUSING PRESERVATION & DVLPMNT,2013-05-20T00:00:00.000,MANHATTAN,INSPECTOR,ACTIVE,61598.00,per Annum,2080,61424.56,1.5,69.88,4324.71
2021,806,HOUSING PRESERVATION & DVLPMNT,1993-04-19T00:00:00.000,MANHATTAN,CONSTRUCTION PROJECT MANAGER,ACTIVE,78476.00,per Annum,1820,78255.16,57.25,3692.21,11017.59
2021,806,HOUSING PRESERVATION & DVLPMNT,2015-02-02T00:00:00.000,MANHATTAN,COMMUNITY COORDINATOR,ACTIVE,71945.00,per Annum,1820,71742.40,91,3975.75,1484.49
2021,806,HOUSING PRESERVATION & DVLPMNT,2016-11-07T00:00:00.000,BROOKLYN,CONSTRUCTION PROJECT MANAGER,CEASED,77921.00,per Annum,0,0.00,0,0.54,6.49
2021,806,HOUSING PRESERVATION & DVLPMNT,2018-12-03T00:00:00.000,BROOKLYN,COMMUNITY COORDINATOR,ACTIVE,62215.00,per Annum,1820,58394.34,0,0.00,106.00
2021,806,HOUSING PRESERVATION & DVLPMNT,2016-09-26T00:00:00.000,MANHATTAN,COMMUNITY COORDINATOR,ACTIVE,77250.00,per Annum,1820,77032.49,0,0.00,313.50
2021,806,HOUSING PRESERVATION & DVLPMNT,1994-04-25T00:00:00.000,MANHATTAN,ADM MANAGER-NON-MGRL,ACTIVE,75197.00,per Annum,1820,75591.37,0,0.00,1757.73
2021,806,HOUSING PRESERVATION & DVLPMNT,2018-07-02T00:00:00.000,MANHATTAN,COMPUTER SYSTEMS MANAGER,CEASED,143150.00,per Annum,0,0.00,0,0.00,2241.10
2021,806,HOUSING PRESERVATION & DVLPMNT,2002-08-26T00:00:00.000,MANHATTAN,COMMUNITY ASSISTANT,ACTIVE,40267.00,per Annum,1820,40153.72,0,0.00,1492.34
2021,806,HOUSING PRESERVATION & DVLPMNT,1986-05-12T00:00:00.000,MANHATTAN,ASSOCIATE REAL PROPERTY MANAGER,ACTIVE,77026.00,per Annum,1820,76809.16,0,0.00,5412.83
2021,806,HOUSING PRESERVATION & DVLPMNT,2020-10-19T00:00:00.000,MANHATTAN,INSPECTOR,ACTIVE,53563.00,per Annum,1400,35953.23,114,4470.68,1280.79
2021,806,HOUSING PRESERVATION & DVLPMNT,2014-08-25T00:00:00.000,MANHATTAN,ASSOCIATE HOUSING DEVELOPMENT SPECIALIST,ACTIVE,103000.00,per Annum,1820,81376.20,0,0.00,832.46
2021,806,HOUSING PRESERVATION & DVLPMNT,2000-04-10T00:00:00.000,BROOKLYN,INSPECTOR,ACTIVE,61600.00,per Annum,2080,61426.63,108,5549.96,10484.95
2021,806,HOUSING PRESERVATION & DVLPMNT,1988-08-22T00:00:00.000,MANHATTAN,SUPERVISOR OF ELECTRICAL INSTALLATIONS & MAINTENANCE,ACTIVE,88729.00,per Annum,1820,88479.16,0,0.00,3678.50
2021,806,HOUSING PRESERVATION & DVLPMNT,1983-03-14T00:00:00.000,MANHATTAN,ASSOCIATE REAL PROPERTY MANAGER,ACTIVE,85826.00,per Annum,1820,85584.53,0,0.00,6544.73
2021,806,HOUSING PRESERVATION & DVLPMNT,2010-09-13T00:00:00.000,MANHATTAN,ASSOCIATE PROJECT MANAGER,ACTIVE,77921.00,per Annum,1820,77732.76,0,0.00,5489.77
2021,806,HOUSING PRESERVATION & DVLPMNT,1982-05-03T00:00:00.000,MANHATTAN,ADM MANAGER-NON-MGRL,ACTIVE,76270.00,per Annum,1820,75404.36,0,0.00,2145.48
2021,806,HOUSING PRESERVATION & DVLPMNT,2019-07-22T00:00:00.000,MANHATTAN,NEW YORK CITY PUBLIC SERVICE FELLOW,ACTIVE,42127.00,per Annum,1820,42008.43,0,0.00,0.00
2021,806,HOUSING PRESERVATION & DVLPMNT,1988-06-27T00:00:00.000,MANHATTAN,ADMIN HOUSING DEVELOPMENT SPEC,ACTIVE,92197.00,per Annum,1820,91937.42,0,0.00,16.50
2021,806,HOUSING PRESERVATION & DVLPMNT,2018-09-24T00:00:00.000,MANHATTAN,COMPUTER SYSTEMS MANAGER,ACTIVE,92153.00,per Annum,1820,91893.74,0,0.00,58.25
2021,806,HOUSING PRESERVATION & DVLPMNT,2016-06-20T00:00:00.000,MANHATTAN,CLERICAL ASSOCIATE,ACTIVE,49373.00,per Annum,1820,49234.06,0,0.00,16.50
2021,806,HOUSING PRESERVATION & DVLPMNT,2019-07-22T00:00:00.000,MANHATTAN,COMMUNITY ASSOCIATE,ACTIVE,38334.00,per Annum,1820,38226.23,0,0.00,0.00
2021,806,HOUSING PRESERVATION & DVLPMNT,2019-06-24T00:00:00.000,MANHATTAN,COMMUNITY ASSOCIATE,ACTIVE,44083.00,per Annum,1820,38226.23,0,0.00,0.00
2021,806,HOUSING PRESERVATION & DVLPMNT,2019-10-15T00:00:00.000,MANHATTAN,COMMUNITY ASSOCIATE,ACTIVE,38334.00,per Annum,1820,38226.23,0,0.00,0.00
2021,806,HOUSING PRESERVATION & DVLPMNT,2020-10-19T00:00:00.000,MANHATTAN,INSPECTOR,ACTIVE,53563.00,per Annum,1400,35741.36,0.75,26.15,1198.30
2021,806,HOUSING PRESERVATION & DVLPMNT,2015-02-23T00:00:00.000,MANHATTAN,SUPERVISOR OF MECHANICAL INSTALLATIONS & MAINTENANCE,ACTIVE,89804.00,per Annum,1820,89551.31,0,62.05,8393.89
2021,806,HOUSING PRESERVATION & DVLPMNT,1978-08-28T00:00:00.000,MANHATTAN,PRINCIPAL ADMINISTRATIVE ASSOCIATE -  NON SUPVR,ACTIVE,66663.00,per Annum,1820,65897.79,0,0.00,4312.46
2021,806,HOUSING PRESERVATION & DVLPMNT,2004-06-21T00:00:00.000,BROOKLYN,INSPECTOR,ACTIVE,61598.00,per Annum,2080,61424.56,0,0.00,8667.04
2021,806,HOUSING PRESERVATION & DVLPMNT,2007-11-13T00:00:00.000,MANHATTAN,AGENCY ATTORNEY,ACTIVE,88708.00,per Annum,1820,88458.36,0,0.00,11063.18
2021,806,HOUSING PRESERVATION & DVLPMNT,2004-06-21T00:00:00.000,QUEENS,INSPECTOR,ACTIVE,61598.00,per Annum,2080,61424.56,2.5,122.80,8438.44
2021,806,HOUSING PRESERVATION & DVLPMNT,1993-09-27T00:00:00.000,BROOKLYN,INSPECTOR,ACTIVE,61598.00,per Annum,2080,61424.56,0,0.00,8402.64
2021,806,HOUSING PRESERVATION & DVLPMNT,2021-05-17T00:00:00.000,MANHATTAN,ADMINISTRATIVE PROJECT DIRECTOR,ACTIVE,137410.00,per Annum,175,13176.30,0,0.00,0.00
2021,806,HOUSING PRESERVATION & DVLPMNT,2017-11-13T00:00:00.000,BRONX,INSPECTOR,ACTIVE,61598.00,per Annum,2080,61424.56,110,5033.07,3293.73
2021,806,HOUSING PRESERVATION & DVLPMNT,1999-01-04T00:00:00.000,MANHATTAN,CLERICAL ASSOCIATE,ACTIVE,57674.00,per Annum,1820,57511.58,150.75,5327.28,6511.91
2021,806,HOUSING PRESERVATION & DVLPMNT,1986-08-25T00:00:00.000,BROOKLYN,CONSTRUCTION PROJECT MANAGER,ACTIVE,78879.00,per Annum,1820,78657.09,0,0.00,10372.48
2021,806,HOUSING PRESERVATION & DVLPMNT,1987-10-05T00:00:00.000,MANHATTAN,ASSOCIATE REAL PROPERTY MANAGER,ACTIVE,80031.00,per Annum,1820,79805.69,35.25,1926.28,6814.53
2021,806,HOUSING PRESERVATION & DVLPMNT,1979-02-02T00:00:00.000,MANHATTAN,ASSOCIATE HOUSING DEVELOPMENT SPECIALIST,ACTIVE,93532.00,per Annum,1820,93268.78,0,0.00,5527.23
2021,806,HOUSING PRESERVATION & DVLPMNT,2020-04-06T00:00:00.000,MANHATTAN,COMMUNITY ASSOCIATE,ACTIVE,38333.00,per Annum,1820,38225.19,0,0.00,0.00
2021,806,HOUSING PRESERVATION & DVLPMNT,2019-07-22T00:00:00.000,MANHATTAN,COMMUNITY ASSOCIATE,ACTIVE,44083.00,per Annum,1820,43958.80,101,2642.19,0.00
2021,806,HOUSING PRESERVATION & DVLPMNT,2019-12-09T00:00:00.000,MANHATTAN,COMMUNITY COORDINATOR,ACTIVE,54100.00,per Annum,1820,53947.77,0,0.00,0.00
2021,806,HOUSING PRESERVATION & DVLPMNT,2019-09-09T00:00:00.000,MANHATTAN,CITY PLANNER,ACTIVE,82400.00,per Annum,1820,82168.13,0,0.00,5803.63
2021,806,HOUSING PRESERVATION & DVLPMNT,2017-07-03T00:00:00.000,MANHATTAN,HOUSING DEVELOPMENT SPECIALIST,ACTIVE,87550.00,per Annum,1820,77229.27,0,0.00,674.00
2021,806,HOUSING PRESERVATION & DVLPMNT,1994-11-14T00:00:00.000,BROOKLYN,LEAD ABATEMENT WORKER,ACTIVE,53876.00,per Annum,1760,35817.08,0,0.00,2301.32
2021,806,HOUSING PRESERVATION & DVLPMNT,2021-06-07T00:00:00.000,MANHATTAN,COMMUNITY ASSOCIATE,ACTIVE,44083.00,per Annum,70,1690.85,0,0.00,0.00
2021,806,HOUSING PRESERVATION & DVLPMNT,2013-08-05T00:00:00.000,MANHATTAN,COMMUNITY ASSOCIATE,ACTIVE,47578.00,per Annum,1820,47444.10,0,0.00,0.00
2021,806,HOUSING PRESERVATION & DVLPMNT,2019-05-28T00:00:00.000,MANHATTAN,EXECUTIVE AGENCY COUNSEL,ACTIVE,127308.00,per Annum,1820,126949.77,0,0.00,-2438.85
2021,806,HOUSING PRESERVATION & DVLPMNT,2017-10-23T00:00:00.000,MANHATTAN,ADM MANAGER-NON-MGRL,ACTIVE,112638.00,per Annum,1820,111359.39,0,0.00,760.45
2021,806,HOUSING PRESERVATION & DVLPMNT,2021-05-24T00:00:00.000,MANHATTAN,INSPECTOR,CEASED,53563.00,per Annum,160,4070.42,0,0.00,0.00
2021,806,HOUSING PRESERVATION & DVLPMNT,2021-05-24T00:00:00.000,MANHATTAN,INSPECTOR,ACTIVE,53563.00,per Annum,160,4108.94,0,0.00,0.00
2021,806,HOUSING PRESERVATION & DVLPMNT,2000-05-22T00:00:00.000,MANHATTAN,DEPUTY GENERAL COUNSEL,ACTIVE,165970.00,per Annum,1820,165502.80,0,0.00,-2304.50
2021,806,HOUSING PRESERVATION & DVLPMNT,2006-11-27T00:00:00.000,MANHATTAN,CONSTRUCTION PROJECT MANAGER,ACTIVE,78044.00,per Annum,1820,77824.38,51,3452.47,8090.06
2021,806,HOUSING PRESERVATION & DVLPMNT,2019-12-23T00:00:00.000,MANHATTAN,ADM MANAGER-NON-MGRL,ACTIVE,103000.00,per Annum,1820,101830.80,15,860.16,1809.33
2021,806,HOUSING PRESERVATION & DVLPMNT,2021-05-17T00:00:00.000,MANHATTAN,COMMUNITY ASSOCIATE,ACTIVE,44083.00,per Annum,175,4227.13,0,0.00,0.00
2021,806,HOUSING PRESERVATION & DVLPMNT,2015-09-28T00:00:00.000,MANHATTAN,ADMINISTRATIVE PROCUREMENT ANALYST-NON-MGRL,ACTIVE,103995.00,per Annum,1820,103436.20,0,0.00,886.99
2021,806,HOUSING PRESERVATION & DVLPMNT,2020-10-19T00:00:00.000,BROOKLYN,INSPECTOR,ACTIVE,53563.00,per Annum,1400,29789.82,145.5,5884.41,1556.34
2021,806,HOUSING PRESERVATION & DVLPMNT,1995-05-01T00:00:00.000,MANHATTAN,ADMINISTRATIVE STAFF ANALYST,ACTIVE,101892.00,per Annum,1820,101605.30,0,0.00,1722.86
2021,806,HOUSING PRESERVATION & DVLPMNT,2019-03-18T00:00:00.000,MANHATTAN,COMMUNITY COORDINATOR,CEASED,62215.00,per Annum,1562.75,47290.05,0,0.00,0.00
2021,806,HOUSING PRESERVATION & DVLPMNT,2020-03-02T00:00:00.000,BRONX,COMMUNITY ASSOCIATE,CEASED,38333.00,per Annum,760,11817.77,29.75,715.99,0.00
2021,806,HOUSING PRESERVATION & DVLPMNT,1988-08-15T00:00:00.000,MANHATTAN,QUALITY ASSURANCE SPECIALIST,ACTIVE,70549.00,per Annum,1820,70169.65,0,0.00,299.24
2021,806,HOUSING PRESERVATION & DVLPMNT,2006-07-31T00:00:00.000,MANHATTAN,ACCOUNTANT,ACTIVE,64109.00,per Annum,1820,63928.67,0,0.00,6444.08
2021,806,HOUSING PRESERVATION & DVLPMNT,2008-08-18T00:00:00.000,MANHATTAN,ADMIN HOUSING DEVELOPMENT SPEC,ACTIVE,98478.00,per Annum,1820,98200.87,0,0.00,0.00
2021,806,HOUSING PRESERVATION & DVLPMNT,2000-05-15T00:00:00.000,MANHATTAN,COMMUNITY ASSOCIATE,CEASED,44142.00,per Annum,1050,25393.50,0,0.00,892.84
2021,806,HOUSING PRESERVATION & DVLPMNT,2015-09-28T00:00:00.000,MANHATTAN,COMPUTER ASSOCIATE,ACTIVE,94244.00,per Annum,1008,35070.86,0,0.00,4633.21
2021,806,HOUSING PRESERVATION & DVLPMNT,2004-06-01T00:00:00.000,MANHATTAN,CONSTRUCTION PROJECT MANAGER,CEASED,80588.00,per Annum,0,0.00,0,0.00,23.55
2021,806,HOUSING PRESERVATION & DVLPMNT,2020-03-09T00:00:00.000,MANHATTAN,INSPECTOR,ACTIVE,53563.00,per Annum,2080,53412.21,32.5,1274.53,1646.84
2021,806,HOUSING PRESERVATION & DVLPMNT,2015-11-09T00:00:00.000,MANHATTAN,HOUSING DEVELOPMENT SPECIALIST,ACTIVE,77250.00,per Annum,1820,77032.49,0,0.00,908.44
2021,806,HOUSING PRESERVATION & DVLPMNT,2010-09-13T00:00:00.000,BROOKLYN,PRINCIPAL ADMINISTRATIVE ASSOCIATE -  NON SUPVR,ACTIVE,54531.00,per Annum,1820,53912.11,0,0.00,2181.43
2021,806,HOUSING PRESERVATION & DVLPMNT,2017-08-28T00:00:00.000,MANHATTAN,COMMUNITY ASSOCIATE,ACTIVE,45118.00,per Annum,1820,44990.92,0,0.00,339.88
2021,806,HOUSING PRESERVATION & DVLPMNT,2019-05-13T00:00:00.000,MANHATTAN,COMMUNITY ASSOCIATE,ACTIVE,44083.00,per Annum,1820,38840.48,0,0.00,0.00
2021,806,HOUSING PRESERVATION & DVLPMNT,2019-05-13T00:00:00.000,MANHATTAN,COMMUNITY ASSOCIATE,ACTIVE,44083.00,per Annum,1820,38840.48,0,0.00,0.00
2021,806,HOUSING PRESERVATION & DVLPMNT,2020-02-18T00:00:00.000,MANHATTAN,COMMUNITY ASSOCIATE,ACTIVE,38333.00,per Annum,1820,38225.19,52,1408.37,8.25
2021,806,HOUSING PRESERVATION & DVLPMNT,2002-11-04T00:00:00.000,MANHATTAN,COMPUTER SPECIALIST,ACTIVE,112198.00,per Annum,1820,111882.09,0,0.00,6088.10
2021,806,HOUSING PRESERVATION & DVLPMNT,2006-12-17T00:00:00.000,MANHATTAN,ASSOCIATE REAL PROPERTY MANAGER,ACTIVE,74266.00,per Annum,1820,73772.14,0,0.00,5857.42
2021,806,HOUSING PRESERVATION & DVLPMNT,1984-05-21T00:00:00.000,MANHATTAN,ADMINISTRATIVE STAFF ANALYST,ACTIVE,116302.00,per Annum,1820,115974.69,0,0.00,1722.86
2021,806,HOUSING PRESERVATION & DVLPMNT,1994-04-18T00:00:00.000,RICHMOND,ASSOCIATE INSPECTOR,ACTIVE,70161.00,per Annum,2080,69963.61,0,0.00,9706.79
2021,806,HOUSING PRESERVATION & DVLPMNT,2003-06-23T00:00:00.000,BROOKLYN,INSPECTOR,ACTIVE,61598.00,per Annum,2080,61424.56,162,8156.94,9472.66
2021,806,HOUSING PRESERVATION & DVLPMNT,2015-10-13T00:00:00.000,MANHATTAN,ADMINISTRATIVE PUBLIC INFORMATION SPECIALIST,ACTIVE,110216.00,per Annum,1820,109905.72,0,0.00,-2111.40
2021,806,HOUSING PRESERVATION & DVLPMNT,1990-08-10T00:00:00.000,MANHATTAN,CONSTRUCTION PROJECT MANAGER,ACTIVE,94044.00,per Annum,1820,93779.38,0,0.00,13904.51
2021,806,HOUSING PRESERVATION & DVLPMNT,2020-02-03T00:00:00.000,MANHATTAN,ADMINISTRATIVE PROJECT DIRECTOR,ACTIVE,120000.00,per Annum,1820,119662.26,0,0.00,-2298.85
2021,806,HOUSING PRESERVATION & DVLPMNT,2015-08-03T00:00:00.000,MANHATTAN,COMPUTER SPECIALIST,ACTIVE,101222.00,per Annum,1820,100937.16,0,0.00,5299.22
2021,806,HOUSING PRESERVATION & DVLPMNT,1988-10-24T00:00:00.000,MANHATTAN,PRINCIPAL ADMINISTRATIVE ASSOCIATE -  NON SUPVR,CEASED,56646.00,per Annum,0,1590.99,0,0.00,-1020.52
2021,806,HOUSING PRESERVATION & DVLPMNT,2018-02-12T00:00:00.000,MANHATTAN,COMMUNITY ASSOCIATE,ACTIVE,56149.00,per Annum,1820,55990.96,0,0.00,0.00
2021,806,HOUSING PRESERVATION & DVLPMNT,2017-03-27T00:00:00.000,MANHATTAN,COMPUTER ASSOCIATE,ACTIVE,102483.00,per Annum,1820,102194.43,0,0.00,5306.97
2021,806,HOUSING PRESERVATION & DVLPMNT,2007-03-19T00:00:00.000,MANHATTAN,CONSTRUCTION PROJECT MANAGER,ACTIVE,94858.00,per Annum,1820,94591.04,36.25,2176.90,9413.42
2021,806,HOUSING PRESERVATION & DVLPMNT,2019-03-11T00:00:00.000,MANHATTAN,ASSOCIATE STAFF ANALYST,ACTIVE,90000.00,per Annum,1820,89746.57,0,0.00,0.00
2021,806,HOUSING PRESERVATION & DVLPMNT,2006-09-18T00:00:00.000,MANHATTAN,ADMINISTRATIVE PROJECT DIRECTOR,ACTIVE,120400.00,per Annum,1806,119137.45,0,0.00,-2306.50
2021,806,HOUSING PRESERVATION & DVLPMNT,2019-01-07T00:00:00.000,MANHATTAN,CONSTRUCTION PROJECT MANAGER,ACTIVE,73130.00,per Annum,1820,72924.26,0,0.00,209.03
2021,806,HOUSING PRESERVATION & DVLPMNT,2016-01-25T00:00:00.000,MANHATTAN,AGENCY ATTORNEY,CEASED,110589.00,per Annum,-70,-4230.18,0,0.00,-152.58
2021,806,HOUSING PRESERVATION & DVLPMNT,1999-11-29T00:00:00.000,MANHATTAN,ASSISTANT ARCHITECT,CEASED,65640.00,per Annum,0,0.00,0,0.00,135.52
2021,806,HOUSING PRESERVATION & DVLPMNT,2008-06-09T00:00:00.000,MANHATTAN,MANAGEMENT AUDITOR,ACTIVE,73176.00,per Annum,1820,72970.02,0,0.00,5840.47
2021,806,HOUSING PRESERVATION & DVLPMNT,2007-07-09T00:00:00.000,MANHATTAN,AGENCY ATTORNEY,ACTIVE,117211.00,per Annum,1820,116880.99,0,0.00,11747.53
2021,806,HOUSING PRESERVATION & DVLPMNT,2005-07-11T00:00:00.000,MANHATTAN,ASSOCIATE STAFF ANALYST,ACTIVE,75646.00,per Annum,1820,75433.08,0,0.00,3589.43
2021,806,HOUSING PRESERVATION & DVLPMNT,2011-06-27T00:00:00.000,MANHATTAN,CLERICAL ASSOCIATE,ACTIVE,41848.00,per Annum,1820,41730.25,0,0.00,4122.82
2021,806,HOUSING PRESERVATION & DVLPMNT,2007-08-27T00:00:00.000,MANHATTAN,ASSOCIATE HOUSING DEVELOPMENT SPECIALIST,ACTIVE,102773.00,per Annum,1820,102483.79,30,1736.43,2323.87
2021,806,HOUSING PRESERVATION & DVLPMNT,1981-10-26T00:00:00.000,MANHATTAN,REAL PROPERTY MANAGER,ACTIVE,57759.00,per Annum,1820,57596.34,0,0.00,6523.72
2021,806,HOUSING PRESERVATION & DVLPMNT,1988-07-18T00:00:00.000,MANHATTAN,PRINCIPAL ADMINISTRATIVE ASSOCIATE -  NON SUPVR,ACTIVE,68663.00,per Annum,1820,67875.08,0,0.00,4312.46
2021,806,HOUSING PRESERVATION & DVLPMNT,2017-08-14T00:00:00.000,MANHATTAN,COMMUNITY ASSOCIATE,CEASED,42799.00,per Annum,0,-105.24,0,0.00,105.24
2021,806,HOUSING PRESERVATION & DVLPMNT,2020-05-04T00:00:00.000,MANHATTAN,STAFF ANALYST,ACTIVE,72225.00,per Annum,1820,72021.62,0,0.00,273.25
2021,806,HOUSING PRESERVATION & DVLPMNT,2013-07-01T00:00:00.000,MANHATTAN,ADMINISTRATIVE PROJECT DIRECTOR,CEASED,128635.00,per Annum,0,0.00,0,0.00,3349.49
2021,806,HOUSING PRESERVATION & DVLPMNT,2019-12-09T00:00:00.000,BROOKLYN,CONSTRUCTION PROJECT MANAGER,ACTIVE,65640.00,per Annum,1820,70040.42,47.75,2243.53,201.19
2021,806,HOUSING PRESERVATION & DVLPMNT,2020-08-24T00:00:00.000,MANHATTAN,INSPECTOR,ACTIVE,53563.00,per Annum,1720,44171.11,0,0.00,1046.03
2021,806,HOUSING PRESERVATION & DVLPMNT,2019-09-16T00:00:00.000,MANHATTAN,HOUSING DEVELOPMENT SPECIALIST,ACTIVE,72100.00,per Annum,1820,71897.09,0,0.00,750.27
2021,806,HOUSING PRESERVATION & DVLPMNT,2015-07-27T00:00:00.000,MANHATTAN,ADMIN COMMUNITY RELATIONS SPECIALIST,ACTIVE,105000.00,per Annum,1820,70866.00,40,1847.64,0.00
2021,806,HOUSING PRESERVATION & DVLPMNT,1989-01-30T00:00:00.000,BROOKLYN,PRINCIPAL ADMINISTRATIVE ASSOCIATE -  NON SUPVR,ON SEPARATION LEAVE,69205.00,per Annum,1820,68410.90,0,0.00,4328.96
2021,806,HOUSING PRESERVATION & DVLPMNT,2015-03-02T00:00:00.000,MANHATTAN,COMMUNITY COORDINATOR,ACTIVE,72100.00,per Annum,1820,71897.09,19.75,848.47,56.95
2021,806,HOUSING PRESERVATION & DVLPMNT,2019-12-09T00:00:00.000,MANHATTAN,COMMUNITY ASSOCIATE,ACTIVE,38333.00,per Annum,1820,38225.19,24.5,561.25,0.00
2021,806,HOUSING PRESERVATION & DVLPMNT,2019-09-16T00:00:00.000,MANHATTAN,COMMUNITY ASSOCIATE,ACTIVE,38334.00,per Annum,1820,38226.23,6.5,152.12,0.00
2021,806,HOUSING PRESERVATION & DVLPMNT,2004-04-19T00:00:00.000,MANHATTAN,COMMUNITY COORDINATOR,CEASED,66066.00,per Annum,0,0.00,0,0.00,0.30
2021,806,HOUSING PRESERVATION & DVLPMNT,2019-06-10T00:00:00.000,BROOKLYN,COMMUNITY ASSOCIATE,ACTIVE,44083.00,per Annum,1820,38399.48,0,0.00,66.75
2021,806,HOUSING PRESERVATION & DVLPMNT,1993-10-18T00:00:00.000,BROOKLYN,MULTIPLE DWELLING SPECIALIST,ACTIVE,67121.00,per Annum,2080,52442.38,80.5,3721.29,7556.92
2021,806,HOUSING PRESERVATION & DVLPMNT,2004-06-28T00:00:00.000,BROOKLYN,COMMUNITY COORDINATOR,ACTIVE,62215.00,per Annum,1820,62039.92,0,0.00,1492.34
2021,806,HOUSING PRESERVATION & DVLPMNT,2002-07-22T00:00:00.000,MANHATTAN,CLERICAL ASSOCIATE,ACTIVE,58757.00,per Annum,1820,58591.54,0,0.00,4903.73
2021,806,HOUSING PRESERVATION & DVLPMNT,1997-02-24T00:00:00.000,MANHATTAN,COMMUNITY ASSOCIATE,ACTIVE,61879.00,per Annum,1820,61704.81,0,0.00,1561.62
2021,806,HOUSING PRESERVATION & DVLPMNT,2017-08-28T00:00:00.000,MANHATTAN,COMMUNITY ASSOCIATE,ACTIVE,61015.00,per Annum,1820,60843.24,55.75,2012.16,0.00
2021,806,HOUSING PRESERVATION & DVLPMNT,2008-01-07T00:00:00.000,MANHATTAN,COMMUNITY ASSOCIATE,ACTIVE,61015.00,per Annum,1820,60843.24,33,1306.02,694.71
2021,806,HOUSING PRESERVATION & DVLPMNT,1988-06-06T00:00:00.000,MANHATTAN,REAL PROPERTY MANAGER,ACTIVE,69392.00,per Annum,1820,69196.67,0,0.00,6544.75
2021,806,HOUSING PRESERVATION & DVLPMNT,2004-06-28T00:00:00.000,MANHATTAN,ADMINISTRATIVE QUALITY ASSURANCE SPECIALIST,ACTIVE,100016.00,per Annum,1820,99479.33,169.5,10808.74,314.29
2021,806,HOUSING PRESERVATION & DVLPMNT,1992-12-07T00:00:00.000,BROOKLYN,CONSTRUCTION PROJECT MANAGER,ACTIVE,102081.00,per Annum,1820,101793.80,103,7732.20,12548.42
2021,806,HOUSING PRESERVATION & DVLPMNT,1983-01-03T00:00:00.000,MANHATTAN,ADM MANAGER-NON-MGRL,ACTIVE,74693.00,per Annum,1820,73845.07,0,0.00,1757.73
2021,806,HOUSING PRESERVATION & DVLPMNT,1979-10-09T00:00:00.000,QUEENS,ADM MANAGER-NON-MGRL,ACTIVE,78565.00,per Annum,1820,77673.26,112.5,5751.02,3231.89
2021,806,HOUSING PRESERVATION & DVLPMNT,2016-01-04T00:00:00.000,MANHATTAN,ADMINISTRATIVE MANAGEMENT AUDITOR,ACTIVE,126691.00,per Annum,1820,126334.39,0,0.00,-2427.05
2021,806,HOUSING PRESERVATION & DVLPMNT,2019-11-12T00:00:00.000,MANHATTAN,PRINCIPAL ADMINISTRATIVE ASSOCIATE -  NON SUPVR,ACTIVE,61015.00,per Annum,1820,60322.42,0,0.00,0.00
2021,806,HOUSING PRESERVATION & DVLPMNT,2019-05-13T00:00:00.000,BROOKLYN,INSPECTOR,ACTIVE,61598.00,per Annum,2080,54270.74,44.5,1808.56,4045.49
2021,806,HOUSING PRESERVATION & DVLPMNT,1989-05-08T00:00:00.000,MANHATTAN,COMMUNITY COORDINATOR,ACTIVE,75474.00,per Annum,1820,75261.49,0,0.00,1492.34
2021,806,HOUSING PRESERVATION & DVLPMNT,2010-09-13T00:00:00.000,MANHATTAN,INSPECTOR,ACTIVE,61598.00,per Annum,2080,61424.56,24,1172.08,6293.83
2021,806,HOUSING PRESERVATION & DVLPMNT,2015-01-05T00:00:00.000,MANHATTAN,CLERICAL ASSOCIATE,ACTIVE,46869.00,per Annum,1820,46737.19,140,4552.04,838.66
2021,806,HOUSING PRESERVATION & DVLPMNT,2016-05-09T00:00:00.000,MANHATTAN,CERTIFIED IT ADMINISTRATOR,ACTIVE,135314.00,per Annum,1820,134933.24,0,0.00,6870.45
2021,806,HOUSING PRESERVATION & DVLPMNT,2016-07-18T00:00:00.000,MANHATTAN,ASSOCIATE HOUSING DEVELOPMENT SPECIALIST,ACTIVE,90000.00,per Annum,1820,86813.29,0,0.00,485.26
2021,806,HOUSING PRESERVATION & DVLPMNT,2013-03-25T00:00:00.000,MANHATTAN,ADMINISTRATIVE HOUSING DEVELOPMENT SPECIALIST,ACTIVE,145022.00,per Annum,1820,144613.88,0,0.00,-2778.20
2021,806,HOUSING PRESERVATION & DVLPMNT,2006-10-02T00:00:00.000,MANHATTAN,ACCOUNTANT,ACTIVE,62676.00,per Annum,1820,62499.57,0,0.00,5840.47
2021,806,HOUSING PRESERVATION & DVLPMNT,1997-03-17T00:00:00.000,BROOKLYN,ADM MANAGER-NON-MGRL,ACTIVE,75197.00,per Annum,1820,74719.76,0,0.00,1798.98
2021,806,HOUSING PRESERVATION & DVLPMNT,2007-10-29T00:00:00.000,MANHATTAN,CLERICAL ASSOCIATE,ACTIVE,61015.00,per Annum,1820,60843.24,118.5,4467.78,2816.48
2021,806,HOUSING PRESERVATION & DVLPMNT,2020-03-02T00:00:00.000,MANHATTAN,HOUSING DEVELOPMENT SPECIALIST,ACTIVE,67757.00,per Annum,1820,67566.32,13,482.50,37.03
2021,806,HOUSING PRESERVATION & DVLPMNT,2002-09-23T00:00:00.000,MANHATTAN,PRINCIPAL ADMINISTRATIVE ASSOCIATE -  NON SUPVR,ACTIVE,59128.00,per Annum,1820,56467.62,0,0.00,3573.40
2021,806,HOUSING PRESERVATION & DVLPMNT,2015-11-30T00:00:00.000,MANHATTAN,CONSTRUCTION PROJECT MANAGER,ACTIVE,65640.00,per Annum,1820,64511.14,0,5.33,3477.57
2021,806,HOUSING PRESERVATION & DVLPMNT,2020-03-02T00:00:00.000,MANHATTAN,ASSOCIATE REAL PROPERTY MANAGER,ACTIVE,54997.00,per Annum,1820,51888.84,0,0.00,0.00
2021,806,HOUSING PRESERVATION & DVLPMNT,2004-06-28T00:00:00.000,BROOKLYN,CLERICAL ASSOCIATE,ACTIVE,41848.00,per Annum,1680,29531.28,0,0.00,2811.65
2021,806,HOUSING PRESERVATION & DVLPMNT,2018-11-19T00:00:00.000,MANHATTAN,CITY PLANNER,ACTIVE,105000.00,per Annum,1595,84567.53,0,0.00,1261.90
2021,806,HOUSING PRESERVATION & DVLPMNT,2019-05-13T00:00:00.000,BROOKLYN,CONSTRUCTION PROJECT MANAGER,ACTIVE,65640.00,per Annum,1820,73135.67,416.5,21294.55,1551.88
2021,806,HOUSING PRESERVATION & DVLPMNT,2019-02-11T00:00:00.000,BROOKLYN,INSPECTOR,ACTIVE,61598.00,per Annum,2080,56273.98,36.5,1512.40,3480.82
2021,806,HOUSING PRESERVATION & DVLPMNT,2010-09-13T00:00:00.000,BROOKLYN,CLERICAL ASSOCIATE,ACTIVE,46225.00,per Annum,1890,47867.82,0,0.00,4293.16
2021,806,HOUSING PRESERVATION & DVLPMNT,2008-08-11T00:00:00.000,MANHATTAN,COMMUNITY COORDINATOR,CEASED,81203.00,per Annum,0,0.00,0,0.00,58.51
2021,806,HOUSING PRESERVATION & DVLPMNT,2014-07-07T00:00:00.000,MANHATTAN,ADMIN HOUSING DEVELOPMENT SPEC,ACTIVE,86461.00,per Annum,1820,86217.59,0,0.00,0.00
2021,806,HOUSING PRESERVATION & DVLPMNT,1995-09-05T00:00:00.000,MANHATTAN,CONSTRUCTION PROJECT MANAGER,ACTIVE,110000.00,per Annum,1820,109690.44,210.5,18169.34,12982.55
2021,806,HOUSING PRESERVATION & DVLPMNT,2014-10-27T00:00:00.000,MANHATTAN,COMMUNITY ASSOCIATE,ACTIVE,61015.00,per Annum,1820,60843.24,4,133.59,0.00
2021,806,HOUSING PRESERVATION & DVLPMNT,2005-01-18T00:00:00.000,BROOKLYN,CLERICAL ASSOCIATE,ACTIVE,43885.00,per Annum,1820,43761.47,68.5,2112.33,4632.16
2021,806,HOUSING PRESERVATION & DVLPMNT,2015-08-10T00:00:00.000,MANHATTAN,COMMUNITY ASSOCIATE,ACTIVE,61015.00,per Annum,1820,60843.24,0,0.00,40.06
2021,806,HOUSING PRESERVATION & DVLPMNT,2019-08-26T00:00:00.000,BROOKLYN,INSPECTOR,CEASED,53563.00,per Annum,1088,27936.68,9.25,376.70,4493.33
2021,806,HOUSING PRESERVATION & DVLPMNT,2004-04-19T00:00:00.000,MANHATTAN,ASSOCIATE INSPECTOR,ACTIVE,70161.00,per Annum,2080,69963.61,14.5,827.75,9308.53
2021,806,HOUSING PRESERVATION & DVLPMNT,2016-05-09T00:00:00.000,MANHATTAN,COMMUNITY COORDINATOR,ACTIVE,64932.00,per Annum,1820,64749.18,354,15313.77,167.13
2021,806,HOUSING PRESERVATION & DVLPMNT,2006-04-24T00:00:00.000,MANHATTAN,COMMUNITY COORDINATOR,ACTIVE,79198.00,per Annum,1820,78975.05,0,21.23,821.91
2021,806,HOUSING PRESERVATION & DVLPMNT,2004-08-30T00:00:00.000,MANHATTAN,AGENCY ATTORNEY,ACTIVE,117211.00,per Annum,1820,116880.99,0,0.00,14122.29
2021,806,HOUSING PRESERVATION & DVLPMNT,2019-05-13T00:00:00.000,BROOKLYN,INSPECTOR,ACTIVE,61598.00,per Annum,2080,54270.74,12,488.69,3427.84
2021,806,HOUSING PRESERVATION & DVLPMNT,1995-05-01T00:00:00.000,MANHATTAN,COMMUNITY COORDINATOR,CEASED,71706.00,per Annum,805,32417.23,0,0.00,706.37
2021,806,HOUSING PRESERVATION & DVLPMNT,2017-06-05T00:00:00.000,MANHATTAN,COMMUNITY COORDINATOR,ACTIVE,80568.00,per Annum,1820,80341.25,0,0.00,0.00
2021,806,HOUSING PRESERVATION & DVLPMNT,2006-11-27T00:00:00.000,MANHATTAN,INSPECTOR,ACTIVE,61598.00,per Annum,2080,58348.69,0,0.00,7616.09
2021,806,HOUSING PRESERVATION & DVLPMNT,2016-11-07T00:00:00.000,MANHATTAN,COMPUTER SPECIALIST,ACTIVE,116113.00,per Annum,1820,115786.21,0,0.00,5273.97
2021,806,HOUSING PRESERVATION & DVLPMNT,2017-07-17T00:00:00.000,MANHATTAN,INSPECTOR,ACTIVE,61598.00,per Annum,2080,61424.56,0,0.00,4628.09
2021,806,HOUSING PRESERVATION & DVLPMNT,2017-03-27T00:00:00.000,MANHATTAN,INSPECTOR,ACTIVE,61598.00,per Annum,2080,61424.56,32,1477.89,3177.76
2021,806,HOUSING PRESERVATION & DVLPMNT,2019-07-01T00:00:00.000,MANHATTAN,ADMINISTRATIVE MANAGEMENT AUDITOR,ACTIVE,123600.00,per Annum,1820,123252.07,0,0.00,-2367.80
2021,806,HOUSING PRESERVATION & DVLPMNT,2016-07-11T00:00:00.000,MANHATTAN,COMMUNITY ASSOCIATE,ACTIVE,61015.00,per Annum,1820,60843.24,169.5,5760.93,65.84
2021,806,HOUSING PRESERVATION & DVLPMNT,2010-09-13T00:00:00.000,MANHATTAN,REAL PROPERTY MANAGER,ACTIVE,64844.00,per Annum,1820,64661.56,9,399.96,1711.02
2021,806,HOUSING PRESERVATION & DVLPMNT,2018-01-02T00:00:00.000,MANHATTAN,COMMUNITY COORDINATOR,ACTIVE,62215.00,per Annum,1820,62039.92,101.75,4188.55,679.09
2021,806,HOUSING PRESERVATION & DVLPMNT,2001-04-30T00:00:00.000,MANHATTAN,ADMIN HOUSING DEVELOPMENT SPEC,ACTIVE,80483.00,per Annum,1820,80256.50,0,0.00,181.50
2021,806,HOUSING PRESERVATION & DVLPMNT,2019-06-03T00:00:00.000,MANHATTAN,HOUSING DEVELOPMENT SPECIALIST,ACTIVE,66950.00,per Annum,1820,66761.68,0,0.00,246.35
2021,806,HOUSING PRESERVATION & DVLPMNT,1990-09-17T00:00:00.000,MANHATTAN,CLERICAL ASSOCIATE,ACTIVE,61558.00,per Annum,1820,61384.77,4,171.43,5726.28
2021,806,HOUSING PRESERVATION & DVLPMNT,2018-10-22T00:00:00.000,MANHATTAN,AGENCY ATTORNEY,ACTIVE,106348.00,per Annum,1820,106048.64,0,0.00,3217.35
2021,806,HOUSING PRESERVATION & DVLPMNT,2019-12-23T00:00:00.000,MANHATTAN,INDUSTRIAL HYGIENIST,ACTIVE,67000.00,per Annum,1820,66811.35,0,0.00,654.97
2021,806,HOUSING PRESERVATION & DVLPMNT,2018-02-12T00:00:00.000,MANHATTAN,ASSOCIATE HOUSING DEVELOPMENT SPECIALIST,ACTIVE,108150.00,per Annum,1820,107845.63,0,0.00,1179.93
2021,806,HOUSING PRESERVATION & DVLPMNT,2020-02-03T00:00:00.000,MANHATTAN,ADMINISTRATIVE PROJECT DIRECTOR,ACTIVE,115000.00,per Annum,1820,110895.50,0,0.00,-2203.05
2021,806,HOUSING PRESERVATION & DVLPMNT,2018-05-07T00:00:00.000,MANHATTAN,COMMUNITY ASSOCIATE,CEASED,47393.00,per Annum,308.5,8007.72,0,0.00,0.00
2021,806,HOUSING PRESERVATION & DVLPMNT,1984-08-06T00:00:00.000,MANHATTAN,ADM MANAGER-NON-MGRL,ACTIVE,73049.00,per Annum,1820,72026.72,0,0.00,1757.73
2021,806,HOUSING PRESERVATION & DVLPMNT,2004-06-28T00:00:00.000,MANHATTAN,ADMINISTRATIVE PROJECT MANAGER,ACTIVE,103211.00,per Annum,1820,102920.55,0,0.00,-1977.20
2021,806,HOUSING PRESERVATION & DVLPMNT,2016-11-07T00:00:00.000,MANHATTAN,CONSTRUCTION PROJECT MANAGER,CEASED,65640.00,per Annum,0,5.23,0,0.00,8.50
2021,806,HOUSING PRESERVATION & DVLPMNT,1994-07-18T00:00:00.000,MANHATTAN,SUPERVISING DEMOLITION INSPECTOR,ACTIVE,81643.00,per Annum,1820,81413.15,222.25,12231.77,6611.21
2021,806,HOUSING PRESERVATION & DVLPMNT,1970-11-23T00:00:00.000,MANHATTAN,REAL PROPERTY MANAGER,ACTIVE,75169.00,per Annum,1820,74957.32,0,0.00,6544.73
2021,806,HOUSING PRESERVATION & DVLPMNT,2004-04-19T00:00:00.000,MANHATTAN,COMMUNITY ASSISTANT,ACTIVE,46184.00,per Annum,1820,46053.99,0,0.00,1492.35
2021,806,HOUSING PRESERVATION & DVLPMNT,2013-09-03T00:00:00.000,BROOKLYN,REPAIR CREW CHIEF,ACTIVE,46552.00,per Annum,1820,46421.07,14,414.38,750.05
2021,806,HOUSING PRESERVATION & DVLPMNT,2015-06-15T00:00:00.000,MANHATTAN,COMMUNITY ASSOCIATE,ACTIVE,44083.00,per Annum,1820,43958.80,141,3884.73,0.00
2021,806,HOUSING PRESERVATION & DVLPMNT,2004-04-19T00:00:00.000,MANHATTAN,COMMUNITY ASSISTANT,ACTIVE,47089.00,per Annum,1820,46956.37,0,0.00,1550.09
2021,806,HOUSING PRESERVATION & DVLPMNT,2002-09-30T00:00:00.000,MANHATTAN,COMMUNITY ASSOCIATE,ACTIVE,47212.00,per Annum,1820,47079.09,0,0.00,1492.34
2021,806,HOUSING PRESERVATION & DVLPMNT,1987-11-16T00:00:00.000,MANHATTAN,ACCOUNTANT,ACTIVE,92213.00,per Annum,1820,91953.53,0,0.00,9672.58
2021,806,HOUSING PRESERVATION & DVLPMNT,2018-06-18T00:00:00.000,MANHATTAN,HOUSING DEVELOPMENT SPECIALIST,ACTIVE,73933.00,per Annum,1820,73725.00,0,0.00,445.49
2021,806,HOUSING PRESERVATION & DVLPMNT,2019-01-28T00:00:00.000,MANHATTAN,COMMUNITY COORDINATOR,ACTIVE,78000.00,per Annum,1820,71674.83,40,2145.33,350.51
2021,806,HOUSING PRESERVATION & DVLPMNT,2004-06-21T00:00:00.000,BROOKLYN,INSPECTOR,ACTIVE,61598.00,per Annum,2080,61424.56,76,3834.27,9536.17
2021,806,HOUSING PRESERVATION & DVLPMNT,2000-09-18T00:00:00.000,QUEENS,INSPECTOR,ACTIVE,61598.00,per Annum,2080,61424.56,116.5,5723.03,7128.44
2021,806,HOUSING PRESERVATION & DVLPMNT,2015-04-13T00:00:00.000,MANHATTAN,AGENCY CHIEF CONTRACTING OFFICER,CEASED,148245.00,per Annum,1260,96652.77,0,0.00,3414.15
2021,806,HOUSING PRESERVATION & DVLPMNT,2002-10-28T00:00:00.000,BRONX,CONSTRUCTION PROJECT MANAGER,ACTIVE,70891.00,per Annum,1820,70691.55,0,10.15,4147.59
2021,806,HOUSING PRESERVATION & DVLPMNT,2020-04-20T00:00:00.000,MANHATTAN,SUPERVISOR OF MECHANICAL INSTALLATIONS & MAINTENANCE,ACTIVE,74650.00,per Annum,1820,74439.27,0,0.00,8.25
2021,806,HOUSING PRESERVATION & DVLPMNT,2013-12-30T00:00:00.000,MANHATTAN,CITY PLANNER,ACTIVE,75189.00,per Annum,1771,72958.20,0,0.00,1885.97
2021,806,HOUSING PRESERVATION & DVLPMNT,2018-02-12T00:00:00.000,MANHATTAN,HOUSING DEVELOPMENT SPECIALIST,ACTIVE,73722.00,per Annum,1820,73514.42,8,364.83,648.32
2021,806,HOUSING PRESERVATION & DVLPMNT,1988-12-27T00:00:00.000,MANHATTAN,ADMINISTRATIVE PROCUREMENT ANALYST-NON-MGRL,ACTIVE,81039.00,per Annum,1820,80603.50,0,0.00,299.24
2021,806,HOUSING PRESERVATION & DVLPMNT,1989-09-25T00:00:00.000,MANHATTAN,ASSOCIATE REAL PROPERTY MANAGER,ACTIVE,74629.00,per Annum,1820,74418.89,0,0.00,6544.73
2021,806,HOUSING PRESERVATION & DVLPMNT,1986-12-22T00:00:00.000,MANHATTAN,CONSTRUCTION PROJECT MANAGER,ACTIVE,86749.00,per Annum,1820,86504.86,146.5,8111.59,10780.84
2021,806,HOUSING PRESERVATION & DVLPMNT,1984-08-20T00:00:00.000,BROOKLYN,ADMINISTRATIVE REAL PROPERTY MANAGER,ACTIVE,105470.00,per Annum,1820,105173.03,0,0.00,0.00
2021,806,HOUSING PRESERVATION & DVLPMNT,2006-05-08T00:00:00.000,MANHATTAN,ADMINISTRATIVE STAFF ANALYST,ACTIVE,103035.00,per Annum,1820,102745.06,23,1307.60,1023.17
2021,806,HOUSING PRESERVATION & DVLPMNT,2004-06-28T00:00:00.000,MANHATTAN,PROJECT MANAGER,ACTIVE,65640.00,per Annum,1820,65455.28,0,0.00,6431.78
2021,806,HOUSING PRESERVATION & DVLPMNT,2019-05-13T00:00:00.000,MANHATTAN,INSPECTOR,ACTIVE,61598.00,per Annum,2080,54270.74,364.5,14397.04,3183.22
2021,806,HOUSING PRESERVATION & DVLPMNT,2004-06-21T00:00:00.000,MANHATTAN,CONSTRUCTION PROJECT MANAGER,ACTIVE,65640.00,per Annum,1820,65455.28,0,0.00,6025.74
2021,806,HOUSING PRESERVATION & DVLPMNT,2004-06-21T00:00:00.000,BROOKLYN,INSPECTOR,ACTIVE,61598.00,per Annum,2080,61424.56,59,2898.37,6981.19
2021,806,HOUSING PRESERVATION & DVLPMNT,2004-06-14T00:00:00.000,BROOKLYN,INSPECTOR,ACTIVE,61598.00,per Annum,2080,61424.56,0.5,25.18,9519.42
2021,806,HOUSING PRESERVATION & DVLPMNT,1979-02-02T00:00:00.000,MANHATTAN,ASSOCIATE REAL PROPERTY MANAGER,ACTIVE,88360.00,per Annum,1820,88111.29,0,0.00,6544.73
2021,806,HOUSING PRESERVATION & DVLPMNT,2018-03-12T00:00:00.000,MANHATTAN,COMMUNITY ASSOCIATE,ACTIVE,44083.00,per Annum,1820,43958.80,0,0.00,8.25
2021,806,HOUSING PRESERVATION & DVLPMNT,2017-06-26T00:00:00.000,MANHATTAN,CLERICAL ASSOCIATE,ACTIVE,41848.00,per Annum,1820,41730.25,0,0.00,2816.44
2021,806,HOUSING PRESERVATION & DVLPMNT,2014-10-01T00:00:00.000,MANHATTAN,ADMINISTRATIVE STAFF ANALYST,ACTIVE,95000.00,per Annum,1820,94732.73,0,0.00,82.50
2021,806,HOUSING PRESERVATION & DVLPMNT,1992-12-07T00:00:00.000,MANHATTAN,AGENCY ATTORNEY,ACTIVE,118867.00,per Annum,1820,118532.38,0,0.00,17800.56
2021,806,HOUSING PRESERVATION & DVLPMNT,2015-09-14T00:00:00.000,MANHATTAN,COMMUNITY COORDINATOR,ACTIVE,62215.00,per Annum,1820,62039.92,0,0.00,0.00
2021,806,HOUSING PRESERVATION & DVLPMNT,2018-08-27T00:00:00.000,MANHATTAN,EXECUTIVE PROGRAM SPECIALIST,ACTIVE,87550.00,per Annum,1820,87303.53,0,0.00,-1677.20
2021,806,HOUSING PRESERVATION & DVLPMNT,2007-01-22T00:00:00.000,BROOKLYN,ASSOCIATE INSPECTOR,ACTIVE,78087.00,per Annum,2080,77867.27,135.25,8288.19,7717.46
2021,806,HOUSING PRESERVATION & DVLPMNT,2002-09-09T00:00:00.000,BRONX,ADMIN COMMUNITY RELATIONS SPECIALIST,ACTIVE,93684.00,per Annum,1820,93420.34,6,307.66,347.33
2021,806,HOUSING PRESERVATION & DVLPMNT,2019-10-15T00:00:00.000,MANHATTAN,COMMUNITY COORDINATOR,ACTIVE,61800.00,per Annum,1820,61626.03,0,0.00,182.50
2021,806,HOUSING PRESERVATION & DVLPMNT,2014-12-08T00:00:00.000,MANHATTAN,COMMUNITY COORDINATOR,ACTIVE,62215.00,per Annum,1820,62039.92,0,0.00,348.25
2021,806,HOUSING PRESERVATION & DVLPMNT,2019-02-19T00:00:00.000,MANHATTAN,HOUSING DEVELOPMENT SPECIALIST,ACTIVE,83945.00,per Annum,1820,83708.78,0,0.00,283.28
2021,806,HOUSING PRESERVATION & DVLPMNT,2019-12-09T00:00:00.000,MANHATTAN,CLERICAL ASSOCIATE,ACTIVE,36390.00,per Annum,1820,36287.55,0,0.00,0.00
2021,806,HOUSING PRESERVATION & DVLPMNT,2002-01-14T00:00:00.000,MANHATTAN,COMPUTER SPECIALIST,ACTIVE,107801.00,per Annum,1820,107497.51,0,0.00,6071.60
2021,806,HOUSING PRESERVATION & DVLPMNT,2017-04-10T00:00:00.000,MANHATTAN,CITY RESEARCH SCIENTIST,ACTIVE,93776.00,per Annum,1820,93512.12,0,0.00,1721.83
2021,806,HOUSING PRESERVATION & DVLPMNT,1978-10-30T00:00:00.000,MANHATTAN,CLERICAL ASSOCIATE,ACTIVE,47475.00,per Annum,1820,47341.40,0,0.00,5205.50
2021,806,HOUSING PRESERVATION & DVLPMNT,2017-05-08T00:00:00.000,MANHATTAN,ADMINISTRATIVE HOUSING DEVELOPMENT SPECIALIST,ACTIVE,116018.00,per Annum,1820,115691.57,0,0.00,-2222.55
2021,806,HOUSING PRESERVATION & DVLPMNT,2019-04-29T00:00:00.000,MANHATTAN,COMPUTER SPECIALIST,ACTIVE,98177.00,per Annum,1820,95428.14,0,0.00,0.00
2021,806,HOUSING PRESERVATION & DVLPMNT,2018-02-12T00:00:00.000,MANHATTAN,COMMUNITY COORDINATOR,ACTIVE,62215.00,per Annum,1820,62039.92,0,0.00,0.00
2021,806,HOUSING PRESERVATION & DVLPMNT,2008-12-01T00:00:00.000,MANHATTAN,CONSTRUCTION PROJECT MANAGER,ACTIVE,90494.00,per Annum,1820,90239.23,0,0.00,5267.95
2021,806,HOUSING PRESERVATION & DVLPMNT,2019-12-23T00:00:00.000,MANHATTAN,COMMUNITY COORDINATOR,ACTIVE,65640.00,per Annum,1820,61256.98,0,0.00,248.18
2021,806,HOUSING PRESERVATION & DVLPMNT,1989-04-19T00:00:00.000,BROOKLYN,CONSTRUCTION PROJECT MANAGER,CEASED,65640.00,per Annum,0,5.23,0,0.00,72.97
2021,806,HOUSING PRESERVATION & DVLPMNT,2015-08-24T00:00:00.000,BROOKLYN,COMMUNITY COORDINATOR,ACTIVE,62215.00,per Annum,1820,62039.92,0,0.00,106.00
2021,806,HOUSING PRESERVATION & DVLPMNT,2002-09-09T00:00:00.000,MANHATTAN,ADM MANAGER-NON-MGRL,ACTIVE,133948.00,per Annum,1820,132427.65,0,0.00,1757.73
2021,806,HOUSING PRESERVATION & DVLPMNT,2016-07-11T00:00:00.000,MANHATTAN,COMMUNITY ASSOCIATE,ACTIVE,44083.00,per Annum,1820,43958.80,0,0.00,0.00
2021,806,HOUSING PRESERVATION & DVLPMNT,2017-11-20T00:00:00.000,MANHATTAN,COMPUTER SYSTEMS MANAGER,ACTIVE,94786.00,per Annum,1820,94519.28,0,0.00,0.00
2021,806,HOUSING PRESERVATION & DVLPMNT,2018-09-24T00:00:00.000,BRONX,INSPECTOR,ACTIVE,61598.00,per Annum,2080,59355.88,1,45.76,2708.61
2021,69,HRA/DEPT OF SOCIAL SERVICES,2005-09-25T00:00:00.000,BRONX,CLERICAL ASSOCIATE,ACTIVE,41970.00,per Annum,1820,41851.92,0,0.00,5205.50
2021,69,HRA/DEPT OF SOCIAL SERVICES,2015-02-23T00:00:00.000,BROOKLYN,COMMUNITY ASSOCIATE,ACTIVE,47634.00,per Annum,1820,47500.00,0,0.00,0.00
2021,69,HRA/DEPT OF SOCIAL SERVICES,2019-03-18T00:00:00.000,MANHATTAN,ADMINISTRATIVE STAFF ANALYST,ACTIVE,88000.00,per Annum,1820,87752.25,0,0.00,984.35
2021,69,HRA/DEPT OF SOCIAL SERVICES,1983-06-13T00:00:00.000,BRONX,CLERICAL ASSOCIATE,ACTIVE,41890.00,per Annum,1820,41772.11,0,0.00,5205.04
2021,69,HRA/DEPT OF SOCIAL SERVICES,1989-02-06T00:00:00.000,BRONX,JOB OPPORTUNITY SPECIALIST,ACTIVE,49034.00,per Annum,1820,48896.09,0,0.00,5043.41
2021,69,HRA/DEPT OF SOCIAL SERVICES,2005-10-17T00:00:00.000,MANHATTAN,BOOKKEEPER,ACTIVE,49870.00,per Annum,1820,49729.59,0,0.00,4619.07
2021,69,HRA/DEPT OF SOCIAL SERVICES,2010-09-27T00:00:00.000,BROOKLYN,ELIGIBILITY SPECIALIST,ACTIVE,43496.00,per Annum,1820,43373.59,2.5,185.21,3341.95
2021,69,HRA/DEPT OF SOCIAL SERVICES,1988-04-04T00:00:00.000,MANHATTAN,ADMINISTRATIVE INVESTIGATOR,ACTIVE,147673.00,per Annum,1820,147257.36,0,0.00,-2829.00
2021,69,HRA/DEPT OF SOCIAL SERVICES,1986-04-14T00:00:00.000,BROOKLYN,ADMINISTRATIVE DIRECTOR OF SOCIAL SERVICES,ACTIVE,146688.00,per Annum,1820,146275.16,0,0.00,-2810.10
2021,69,HRA/DEPT OF SOCIAL SERVICES,2015-07-27T00:00:00.000,MANHATTAN,ADMINISTRATIVE DIRECTOR OF SOCIAL SERVICES,ACTIVE,146494.00,per Annum,1820,146081.73,0,0.00,-2806.40
2021,69,HRA/DEPT OF SOCIAL SERVICES,1983-08-08T00:00:00.000,MANHATTAN,ADMINISTRATIVE MANAGER,ACTIVE,128487.00,per Annum,1820,128125.40,0,0.00,-2461.45
2021,69,HRA/DEPT OF SOCIAL SERVICES,2018-09-04T00:00:00.000,MANHATTAN,CLERICAL ASSOCIATE,ACTIVE,46019.00,per Annum,1820,44947.23,54.75,1536.42,396.50
2021,69,HRA/DEPT OF SOCIAL SERVICES,2000-09-18T00:00:00.000,BROOKLYN,ELIGIBILITY SPECIALIST,ACTIVE,43703.00,per Annum,1820,43580.01,1571.75,60413.88,8555.51
2021,69,HRA/DEPT OF SOCIAL SERVICES,2003-12-15T00:00:00.000,BROOKLYN,COMPUTER SPECIALIST,ACTIVE,106023.00,per Annum,1820,105724.70,0,0.00,6088.10
2021,69,HRA/DEPT OF SOCIAL SERVICES,2007-06-04T00:00:00.000,BROOKLYN,PRINCIPAL ADMINISTRATIVE ASSOCIATE -  NON SUPVR,ACTIVE,67499.00,per Annum,1820,66760.34,691.5,35720.29,2037.03
2021,69,HRA/DEPT OF SOCIAL SERVICES,2001-05-14T00:00:00.000,MANHATTAN,COMMUNITY ASSOCIATE,ACTIVE,54028.00,per Annum,1820,51838.86,0,0.00,2464.83
2021,69,HRA/DEPT OF SOCIAL SERVICES,2008-04-14T00:00:00.000,MANHATTAN,COMMUNITY COORDINATOR,ACTIVE,38.45,per Hour,1743,67018.35,0,0.00,3066.21
2021,69,HRA/DEPT OF SOCIAL SERVICES,2009-07-20T00:00:00.000,BROOKLYN,ELIGIBILITY SPECIALIST,ACTIVE,43496.00,per Annum,1820,43373.59,0,0.00,3339.24
2021,69,HRA/DEPT OF SOCIAL SERVICES,2014-03-03T00:00:00.000,BRONX,PRINCIPAL ADMINISTRATIVE ASSOCIATE -  NON SUPVR,ACTIVE,52943.00,per Annum,700,22353.69,86.75,3363.60,772.46
2021,69,HRA/DEPT OF SOCIAL SERVICES,2018-06-11T00:00:00.000,QUEENS,ELIGIBILITY SPECIALIST,ACTIVE,37748.00,per Annum,665,13361.76,0,0.00,0.00
2021,69,HRA/DEPT OF SOCIAL SERVICES,1990-09-04T00:00:00.000,MANHATTAN,PRINCIPAL ADMINISTRATIVE ASSOCIATE -  NON SUPVR,ACTIVE,67600.00,per Annum,1820,66824.22,0,0.00,2776.12
2021,69,HRA/DEPT OF SOCIAL SERVICES,2005-05-31T00:00:00.000,MANHATTAN,SUPERVISOR I,ACTIVE,58879.00,per Annum,1820,58713.22,40,1715.43,8855.39
2021,69,HRA/DEPT OF SOCIAL SERVICES,2011-05-23T00:00:00.000,BROOKLYN,PRINCIPAL ADMINISTRATIVE ASSOCIATE -  NON SUPVR,ACTIVE,54531.00,per Annum,1820,53912.11,0.5,14.69,1472.39
2021,69,HRA/DEPT OF SOCIAL SERVICES,2015-04-06T00:00:00.000,BROOKLYN,COMMUNITY ASSOCIATE,ACTIVE,47634.00,per Annum,1820,46769.16,0,0.00,0.00
2021,69,HRA/DEPT OF SOCIAL SERVICES,2008-09-08T00:00:00.000,BRONX,CASEWORKER,ACTIVE,47705.00,per Annum,1820,47387.73,0,0.00,8003.30
2021,69,HRA/DEPT OF SOCIAL SERVICES,2010-06-01T00:00:00.000,BROOKLYN,ASSOCIATE JOB OPPORTUNITY SPECIALIST,ACTIVE,59649.00,per Annum,1340.5,43808.86,0,0.00,2615.43
2021,69,HRA/DEPT OF SOCIAL SERVICES,2008-03-31T00:00:00.000,BROOKLYN,ELIGIBILITY SPECIALIST,ACTIVE,43547.00,per Annum,1820,43424.54,0,39.31,3795.04
2021,69,HRA/DEPT OF SOCIAL SERVICES,2017-09-18T00:00:00.000,BROOKLYN,COMMUNITY ASSISTANT,ACTIVE,37427.00,per Annum,2080,37321.76,0,0.00,0.00
2021,69,HRA/DEPT OF SOCIAL SERVICES,2007-05-29T00:00:00.000,MANHATTAN,ELIGIBILITY SPECIALIST,ACTIVE,43602.00,per Annum,1820,43479.39,0,0.00,3794.98
2021,69,HRA/DEPT OF SOCIAL SERVICES,1983-06-13T00:00:00.000,MANHATTAN,CLERICAL ASSOCIATE,ACTIVE,42337.00,per Annum,1820,42217.72,0,0.00,5205.50
2021,69,HRA/DEPT OF SOCIAL SERVICES,2015-07-27T00:00:00.000,MANHATTAN,COMMUNITY COORDINATOR,CEASED,83981.00,per Annum,559.1,25721.53,0,0.00,43.75
2021,69,HRA/DEPT OF SOCIAL SERVICES,2020-02-24T00:00:00.000,QUEENS,ELIGIBILITY SPECIALIST,ACTIVE,37748.00,per Annum,1820,37641.80,0,0.00,24.75
2021,69,HRA/DEPT OF SOCIAL SERVICES,2009-01-20T00:00:00.000,QUEENS,PRINCIPAL ADMINISTRATIVE ASSOCIATE -  NON SUPVR,ACTIVE,54531.00,per Annum,1820,53792.59,0,0.00,816.51
2021,69,HRA/DEPT OF SOCIAL SERVICES,2015-02-23T00:00:00.000,BROOKLYN,COMMUNITY ASSOCIATE,ACTIVE,47434.00,per Annum,1820,47300.58,0,0.00,0.00
2021,69,HRA/DEPT OF SOCIAL SERVICES,2011-02-28T00:00:00.000,BROOKLYN,COMMUNITY ASSISTANT,ACTIVE,37398.00,per Annum,2080,37292.64,0,0.00,136.11
2021,69,HRA/DEPT OF SOCIAL SERVICES,2010-06-28T00:00:00.000,BROOKLYN,ELIGIBILITY SPECIALIST,ACTIVE,43410.00,per Annum,1820,43471.24,0,1.41,3652.49
2021,69,HRA/DEPT OF SOCIAL SERVICES,2006-01-17T00:00:00.000,MANHATTAN,ASSISTANT COMMISSIONER,ACTIVE,170980.00,per Annum,1820,170498.83,0,0.00,-2275.50
2021,69,HRA/DEPT OF SOCIAL SERVICES,2014-08-25T00:00:00.000,BROOKLYN,COMPUTER SPECIALIST,ACTIVE,94244.00,per Annum,1820,93978.78,0,0.00,5306.97
2021,69,HRA/DEPT OF SOCIAL SERVICES,1999-04-04T00:00:00.000,MANHATTAN,ADMINISTRATIVE STAFF ANALYST,ACTIVE,97156.00,per Annum,1820,96882.51,0,0.00,1846.68
2021,69,HRA/DEPT OF SOCIAL SERVICES,1987-04-13T00:00:00.000,BROOKLYN,PRINCIPAL ADMINISTRATIVE ASSOCIATE -  NON SUPVR,ACTIVE,67761.00,per Annum,1820,66983.19,459.75,23724.74,7453.04
2021,69,HRA/DEPT OF SOCIAL SERVICES,2009-05-26T00:00:00.000,BROOKLYN,JOB OPPORTUNITY SPECIALIST,ACTIVE,48747.00,per Annum,1820,48609.85,874.75,35327.18,5488.77
2021,69,HRA/DEPT OF SOCIAL SERVICES,2003-12-08T00:00:00.000,MANHATTAN,ADMINISTRATIVE STAFF ANALYST,ON LEAVE,96175.00,per Annum,1680,88526.40,0,0.00,851.65
2021,69,HRA/DEPT OF SOCIAL SERVICES,2020-02-18T00:00:00.000,MANHATTAN,COMMUNITY ASSOCIATE,ACTIVE,20.98,per Hour,1737.58,36447.82,0,0.00,0.00
2021,69,HRA/DEPT OF SOCIAL SERVICES,1980-09-15T00:00:00.000,BROOKLYN,PRINCIPAL ADMINISTRATIVE ASSOCIATE -  NON SUPVR,CEASED,54657.00,per Annum,1569.63,46529.72,160.25,5601.83,2400.35
2021,69,HRA/DEPT OF SOCIAL SERVICES,2019-07-15T00:00:00.000,MANHATTAN,EXECUTIVE AGENCY COUNSEL,ACTIVE,113300.00,per Annum,1820,112981.02,0,0.00,-2170.50
2021,69,HRA/DEPT OF SOCIAL SERVICES,2010-07-06T00:00:00.000,MANHATTAN,ADMINISTRATIVE STOREKEEPER,ACTIVE,112673.00,per Annum,1820,112355.77,0,0.00,-2158.50
2021,69,HRA/DEPT OF SOCIAL SERVICES,1992-04-13T00:00:00.000,MANHATTAN,SUPERVISOR I SOCIAL WORK,ACTIVE,65372.00,per Annum,1820,65188.03,50.75,2220.77,8977.81
2021,69,HRA/DEPT OF SOCIAL SERVICES,2008-12-08T00:00:00.000,MANHATTAN,JOB OPPORTUNITY SPECIALIST,CEASED,48747.00,per Annum,0,0.00,0,0.00,46.53
2021,69,HRA/DEPT OF SOCIAL SERVICES,1993-10-12T00:00:00.000,BROOKLYN,PRINCIPAL ADMINISTRATIVE ASSOCIATE -  NON SUPVR,ACTIVE,54704.00,per Annum,1820,54074.73,258.75,10130.88,4794.44
2021,69,HRA/DEPT OF SOCIAL SERVICES,2018-02-20T00:00:00.000,BRONX,FRAUD INVESTIGATOR,ACTIVE,67495.00,per Annum,1820,67305.05,0,0.00,1662.59
2021,69,HRA/DEPT OF SOCIAL SERVICES,2016-12-26T00:00:00.000,MANHATTAN,STAFF ANALYST,ACTIVE,69040.00,per Annum,1820,68845.69,0,0.00,16.50
2021,69,HRA/DEPT OF SOCIAL SERVICES,2016-11-28T00:00:00.000,BROOKLYN,COMPUTER SPECIALIST,ACTIVE,106023.00,per Annum,1820,105724.70,0,0.00,5834.72
2021,69,HRA/DEPT OF SOCIAL SERVICES,2017-05-15T00:00:00.000,QUEENS,STAFF NURSE,ACTIVE,83159.00,per Annum,2080,82656.78,0,0.00,13492.38
2021,69,HRA/DEPT OF SOCIAL SERVICES,2003-02-10T00:00:00.000,QUEENS,PRINCIPAL ADMINISTRATIVE ASSOCIATE -  NON SUPVR,ACTIVE,54561.00,per Annum,1820,53933.22,603.25,26972.24,6615.86
2021,69,HRA/DEPT OF SOCIAL SERVICES,2010-09-27T00:00:00.000,BROOKLYN,PRINCIPAL ADMINISTRATIVE ASSOCIATE -  NON SUPVR,ACTIVE,54531.00,per Annum,1820,53912.11,762.75,30995.04,961.63
2021,69,HRA/DEPT OF SOCIAL SERVICES,1982-09-13T00:00:00.000,MANHATTAN,ADMIN COMMUNITY RELATIONS SPECIALIST,ACTIVE,136009.00,per Annum,1820,135626.10,0,0.00,2587.70
2021,69,HRA/DEPT OF SOCIAL SERVICES,2009-03-23T00:00:00.000,BROOKLYN,PRINCIPAL ADMINISTRATIVE ASSOCIATE -  NON SUPVR,ACTIVE,61015.00,per Annum,1820,60088.39,0,0.00,757.50
2021,69,HRA/DEPT OF SOCIAL SERVICES,2017-11-27T00:00:00.000,MANHATTAN,PUBLIC HEALTH EDUCATOR,ACTIVE,60573.00,per Annum,1820,60378.46,0,0.00,0.00
2021,69,HRA/DEPT OF SOCIAL SERVICES,1999-06-28T00:00:00.000,BRONX,PRINCIPAL ADMINISTRATIVE ASSOCIATE -  NON SUPVR,ACTIVE,54657.00,per Annum,1820,54028.05,0,0.00,6264.88
2021,69,HRA/DEPT OF SOCIAL SERVICES,2015-04-20T00:00:00.000,BRONX,ELIGIBILITY SPECIALIST,ACTIVE,46126.00,per Annum,1820,45996.26,35.5,1165.10,3365.05
2021,69,HRA/DEPT OF SOCIAL SERVICES,2016-10-17T00:00:00.000,BRONX,ELIGIBILITY SPECIALIST,ACTIVE,43410.00,per Annum,1820,43002.37,10.5,258.39,389.73
2021,69,HRA/DEPT OF SOCIAL SERVICES,2010-06-14T00:00:00.000,BROOKLYN,CLERICAL ASSOCIATE,ACTIVE,41848.00,per Annum,1820,41730.25,0,0.00,1918.82
2021,69,HRA/DEPT OF SOCIAL SERVICES,2018-07-23T00:00:00.000,MANHATTAN,COMMUNITY ASSOCIATE,ACTIVE,44083.00,per Annum,1820,43455.14,0,0.00,0.00
2021,69,HRA/DEPT OF SOCIAL SERVICES,2016-03-07T00:00:00.000,QUEENS,ELIGIBILITY SPECIALIST,ACTIVE,43410.00,per Annum,1820,43287.80,0,0.00,67.50
2021,69,HRA/DEPT OF SOCIAL SERVICES,2010-08-23T00:00:00.000,MANHATTAN,PARALEGAL AIDE,ACTIVE,49677.00,per Annum,1820,49537.21,0,0.00,1899.95
2021,69,HRA/DEPT OF SOCIAL SERVICES,2019-08-26T00:00:00.000,BRONX,JOB OPPORTUNITY SPECIALIST,ACTIVE,42389.00,per Annum,1820,42269.71,303,8594.13,522.42
2021,69,HRA/DEPT OF SOCIAL SERVICES,2001-07-23T00:00:00.000,MANHATTAN,CLERICAL ASSOCIATE,ACTIVE,45608.00,per Annum,1820,45479.68,0,0.00,5205.42
2021,69,HRA/DEPT OF SOCIAL SERVICES,1996-07-15T00:00:00.000,MANHATTAN,ELIGIBILITY SPECIALIST,ACTIVE,44748.00,per Annum,1820,44622.01,0,0.00,6033.68
2021,69,HRA/DEPT OF SOCIAL SERVICES,2013-10-07T00:00:00.000,MANHATTAN,CLERICAL ASSOCIATE,ACTIVE,41848.00,per Annum,1820,41730.25,0,0.00,1043.08
2021,69,HRA/DEPT OF SOCIAL SERVICES,2013-07-15T00:00:00.000,BROOKLYN,CLERICAL ASSOCIATE,ACTIVE,41848.00,per Annum,1820,41730.25,0,0.00,1032.30
2021,69,HRA/DEPT OF SOCIAL SERVICES,2013-11-18T00:00:00.000,MANHATTAN,CLERICAL ASSOCIATE,ACTIVE,41848.00,per Annum,1820,41730.25,0,0.00,1015.85
2021,69,HRA/DEPT OF SOCIAL SERVICES,2019-09-23T00:00:00.000,MANHATTAN,CASEWORKER,ON LEAVE,47705.00,per Annum,658,17196.14,0,0.00,1369.46
2021,69,HRA/DEPT OF SOCIAL SERVICES,1990-05-14T00:00:00.000,MANHATTAN,ADMINISTRATIVE STAFF ANALYST,ACTIVE,110000.00,per Annum,1820,109690.44,0,0.00,1700.61
2021,69,HRA/DEPT OF SOCIAL SERVICES,2003-10-06T00:00:00.000,BROOKLYN,COMPUTER SPECIALIST,ACTIVE,98177.00,per Annum,1820,97900.59,103.75,6777.06,6680.69
2021,69,HRA/DEPT OF SOCIAL SERVICES,1987-05-26T00:00:00.000,BROOKLYN,ADMINISTRATIVE DIRECTOR OF SOCIAL SERVICES,ACTIVE,94049.00,per Annum,1820,93784.31,0,0.00,1973.95
2021,69,HRA/DEPT OF SOCIAL SERVICES,2009-12-14T00:00:00.000,MANHATTAN,ASSOCIATE JOB OPPORTUNITY SPECIALIST,ACTIVE,77050.00,per Annum,1820,76833.07,221.75,13055.82,5649.66
2021,69,HRA/DEPT OF SOCIAL SERVICES,1996-12-30T00:00:00.000,MANHATTAN,ADMINISTRATIVE STAFF ANALYST,ACTIVE,92761.00,per Annum,1820,92500.01,0,0.00,1689.86
2021,69,HRA/DEPT OF SOCIAL SERVICES,2008-11-10T00:00:00.000,MANHATTAN,STAFF ANALYST,ACTIVE,66875.00,per Annum,1820,66686.82,328.25,16165.44,2688.29
2021,69,HRA/DEPT OF SOCIAL SERVICES,2004-06-28T00:00:00.000,BRONX,ELIGIBILITY SPECIALIST,ACTIVE,43644.00,per Annum,1820,43521.25,961,34855.28,6713.80
2021,69,HRA/DEPT OF SOCIAL SERVICES,2011-10-03T00:00:00.000,BROOKLYN,JOB OPPORTUNITY SPECIALIST,ACTIVE,48747.00,per Annum,1820,48609.85,804.25,31590.09,4646.64
2021,69,HRA/DEPT OF SOCIAL SERVICES,2005-09-12T00:00:00.000,BROOKLYN,COMPUTER SPECIALIST,ACTIVE,113736.00,per Annum,1820,113415.96,198,15374.95,5628.72
2021,69,HRA/DEPT OF SOCIAL SERVICES,2004-06-21T00:00:00.000,BROOKLYN,COMPUTER SPECIALIST,ACTIVE,110094.00,per Annum,1820,109784.04,216,16486.25,7338.02
2021,69,HRA/DEPT OF SOCIAL SERVICES,2008-04-07T00:00:00.000,MANHATTAN,AGENCY ATTORNEY,ACTIVE,95632.00,per Annum,1820,95362.92,0,0.00,10594.35
2021,69,HRA/DEPT OF SOCIAL SERVICES,2005-05-02T00:00:00.000,MANHATTAN,CERTIFIED IT ADMINISTRATOR,ACTIVE,99257.00,per Annum,1823,99140.80,0,0.00,6160.42
2021,69,HRA/DEPT OF SOCIAL SERVICES,1988-03-07T00:00:00.000,MANHATTAN,PRINCIPAL ADMINISTRATIVE ASSOCIATE -  NON SUPVR,ACTIVE,67923.00,per Annum,1820,67143.67,0,0.00,4312.46
2021,69,HRA/DEPT OF SOCIAL SERVICES,2003-08-25T00:00:00.000,MANHATTAN,SUPERVISOR I,ACTIVE,58921.00,per Annum,1820,58755.07,173.5,7195.78,5043.41
2021,69,HRA/DEPT OF SOCIAL SERVICES,2005-05-16T00:00:00.000,MANHATTAN,PRINCIPAL ADMINISTRATIVE ASSOCIATE -  NON SUPVR,ACTIVE,67529.00,per Annum,1820,66753.87,0,0.00,3794.26
2021,69,HRA/DEPT OF SOCIAL SERVICES,2009-03-09T00:00:00.000,MANHATTAN,FRAUD INVESTIGATOR,ACTIVE,58741.00,per Annum,1820,58575.69,0,0.00,4143.09
2021,69,HRA/DEPT OF SOCIAL SERVICES,1993-12-13T00:00:00.000,BRONX,PRINCIPAL ADMINISTRATIVE ASSOCIATE -  NON SUPVR,ACTIVE,54694.00,per Annum,1820,54064.66,49.5,1839.33,6368.15
2021,69,HRA/DEPT OF SOCIAL SERVICES,2006-08-14T00:00:00.000,MANHATTAN,PRINCIPAL ADMINISTRATIVE ASSOCIATE -  NON SUPVR,ACTIVE,61015.00,per Annum,1820,60322.42,0,0.00,1347.24
2021,69,HRA/DEPT OF SOCIAL SERVICES,2006-05-30T00:00:00.000,BROOKLYN,ELIGIBILITY SPECIALIST,ACTIVE,43622.00,per Annum,1820,43499.16,423.5,13703.67,4263.29
2021,69,HRA/DEPT OF SOCIAL SERVICES,2013-12-09T00:00:00.000,MANHATTAN,CASEWORKER,ACTIVE,47705.00,per Annum,1820,47570.71,0,0.00,6331.49
2021,69,HRA/DEPT OF SOCIAL SERVICES,1996-01-31T00:00:00.000,MANHATTAN,JOB OPPORTUNITY SPECIALIST,ACTIVE,48884.00,per Annum,1820,48746.35,0,0.00,5043.41
2021,69,HRA/DEPT OF SOCIAL SERVICES,2010-06-14T00:00:00.000,MANHATTAN,PRINCIPAL ADMINISTRATIVE ASSOCIATE -  NON SUPVR,ACTIVE,54531.00,per Annum,1820,52866.31,0,0.00,725.29
2021,69,HRA/DEPT OF SOCIAL SERVICES,2003-08-25T00:00:00.000,MANHATTAN,CASEWORKER,ACTIVE,47995.00,per Annum,1820,47859.81,0,0.00,5224.91
2021,69,HRA/DEPT OF SOCIAL SERVICES,2011-06-27T00:00:00.000,MANHATTAN,CLERICAL ASSOCIATE,ACTIVE,48744.00,per Annum,1820,48606.73,12,346.99,4128.39
2021,69,HRA/DEPT OF SOCIAL SERVICES,2010-06-01T00:00:00.000,BROOKLYN,JOB OPPORTUNITY SPECIALIST,ACTIVE,48747.00,per Annum,1820,48609.85,5,217.28,4194.63
2021,69,HRA/DEPT OF SOCIAL SERVICES,2010-07-26T00:00:00.000,MANHATTAN,JOB OPPORTUNITY SPECIALIST,ACTIVE,48747.00,per Annum,1820,48609.85,0,0.00,3996.84
2021,69,HRA/DEPT OF SOCIAL SERVICES,2017-10-30T00:00:00.000,MANHATTAN,CASEWORKER,ACTIVE,47705.00,per Annum,1820,47570.71,0,0.00,5028.66
2021,69,HRA/DEPT OF SOCIAL SERVICES,2001-01-22T00:00:00.000,BRONX,FRAUD INVESTIGATOR,ACTIVE,47766.00,per Annum,1820,47631.54,0,0.00,4938.83
2021,69,HRA/DEPT OF SOCIAL SERVICES,2012-08-27T00:00:00.000,MANHATTAN,PRINCIPAL ADMINISTRATIVE ASSOCIATE -  NON SUPVR,ON LEAVE,54531.00,per Annum,1750,51820.51,19.25,691.88,25.65
2021,69,HRA/DEPT OF SOCIAL SERVICES,2009-07-20T00:00:00.000,MANHATTAN,ELIGIBILITY SPECIALIST,ACTIVE,46374.00,per Annum,1820,46046.58,53.5,1587.50,4732.93
2021,69,HRA/DEPT OF SOCIAL SERVICES,2006-02-13T00:00:00.000,BROOKLYN,CLERICAL ASSOCIATE,ACTIVE,41848.00,per Annum,1820,41730.25,0,0.00,3068.74
2021,69,HRA/DEPT OF SOCIAL SERVICES,2005-10-17T00:00:00.000,MANHATTAN,CLERICAL ASSOCIATE,ACTIVE,41848.00,per Annum,1820,41730.25,0,0.00,3056.61
2021,69,HRA/DEPT OF SOCIAL SERVICES,2017-03-20T00:00:00.000,BROOKLYN,ELIGIBILITY SPECIALIST,ACTIVE,43410.00,per Annum,1820,43287.80,50.5,1214.73,0.00
2021,69,HRA/DEPT OF SOCIAL SERVICES,2020-03-02T00:00:00.000,RICHMOND,JOB OPPORTUNITY SPECIALIST,ACTIVE,42389.00,per Annum,1820,42267.39,70.25,1880.20,185.88
2021,69,HRA/DEPT OF SOCIAL SERVICES,2020-02-18T00:00:00.000,MANHATTAN,COMMUNITY ASSOCIATE,ACTIVE,20.98,per Hour,1658.8,34795.50,0,0.00,0.00
2021,69,HRA/DEPT OF SOCIAL SERVICES,1981-07-27T00:00:00.000,BROOKLYN,ASSOCIATE JOB OPPORTUNITY SPECIALIST,CEASED,70237.00,per Annum,587.2,22593.63,0,0.00,1575.60
2021,69,HRA/DEPT OF SOCIAL SERVICES,2003-08-25T00:00:00.000,MANHATTAN,BOOKKEEPER,CEASED,49870.00,per Annum,807.18,22053.25,0,0.00,2048.36
2021,69,HRA/DEPT OF SOCIAL SERVICES,2004-07-12T00:00:00.000,MANHATTAN,ELECTRICIAN,CEASED,373.03,per Day,0,0.00,0,0.00,12383.47
2021,69,HRA/DEPT OF SOCIAL SERVICES,2008-10-06T00:00:00.000,MANHATTAN,ELECTRICIAN,CEASED,360.43,per Day,0,0.00,0,0.00,11875.84
2021,69,HRA/DEPT OF SOCIAL SERVICES,2020-01-21T00:00:00.000,QUEENS,ELIGIBILITY SPECIALIST,CEASED,37748.00,per Annum,770,9465.20,0,0.00,1929.90
2021,69,HRA/DEPT OF SOCIAL SERVICES,2021-05-03T00:00:00.000,BROOKLYN,STAFF NURSE,ACTIVE,82071.00,per Annum,280,11017.75,0,0.00,0.00
2021,69,HRA/DEPT OF SOCIAL SERVICES,1993-06-30T00:00:00.000,MANHATTAN,ADM MANAGER-NON-MGRL,ACTIVE,77453.00,per Annum,1820,76573.83,0,0.00,1801.48
2021,69,HRA/DEPT OF SOCIAL SERVICES,2018-05-14T00:00:00.000,BROOKLYN,ELIGIBILITY SPECIALIST,ACTIVE,43410.00,per Annum,1820,43287.80,1034.75,34342.11,855.36
2021,69,HRA/DEPT OF SOCIAL SERVICES,2010-04-12T00:00:00.000,QUEENS,PRINCIPAL ADMINISTRATIVE ASSOCIATE -  NON SUPVR,ACTIVE,54531.00,per Annum,1820,54519.64,496.75,21117.31,3350.33
2021,69,HRA/DEPT OF SOCIAL SERVICES,2009-07-20T00:00:00.000,BRONX,ELIGIBILITY SPECIALIST,CEASED,46346.00,per Annum,-2.78,-70.46,0,0.00,-6.13
2021,69,HRA/DEPT OF SOCIAL SERVICES,2011-02-28T00:00:00.000,MANHATTAN,CASEWORKER,CEASED,43173.00,per Annum,0,-1651.43,0,0.00,1651.43
2021,69,HRA/DEPT OF SOCIAL SERVICES,1988-05-31T00:00:00.000,BROOKLYN,CLERICAL ASSOCIATE,CEASED,42172.00,per Annum,0,-1451.83,0,1.28,1450.55
2021,69,HRA/DEPT OF SOCIAL SERVICES,2012-01-30T00:00:00.000,MANHATTAN,JOB OPPORTUNITY SPECIALIST,CEASED,45378.00,per Annum,0,-1218.38,0,0.00,1218.38
2021,69,HRA/DEPT OF SOCIAL SERVICES,2010-06-01T00:00:00.000,QUEENS,ASSOCIATE JOB OPPORTUNITY SPECIALIST,ON LEAVE,59649.00,per Annum,0,-142.41,0,0.00,142.41
2021,69,HRA/DEPT OF SOCIAL SERVICES,2004-06-28T00:00:00.000,MANHATTAN,ELIGIBILITY SPECIALIST,CEASED,43644.00,per Annum,0,0.00,0,2.56,-2.56
2021,69,HRA/DEPT OF SOCIAL SERVICES,2007-10-15T00:00:00.000,QUEENS,PRINCIPAL ADMINISTRATIVE ASSOCIATE -  NON SUPVR,CEASED,56798.00,per Annum,0,0.00,0,0.00,0.00
2021,69,HRA/DEPT OF SOCIAL SERVICES,1997-08-04T00:00:00.000,MANHATTAN,CLERICAL ASSOCIATE,CEASED,40953.00,per Annum,0,0.00,0,0.00,0.00
2021,69,HRA/DEPT OF SOCIAL SERVICES,2011-10-24T00:00:00.000,MANHATTAN,CASEWORKER,ON LEAVE,47705.00,per Annum,0,1771.65,0,0.00,-1771.65
2021,69,HRA/DEPT OF SOCIAL SERVICES,2008-12-08T00:00:00.000,MANHATTAN,JOB OPPORTUNITY SPECIALIST,CEASED,48747.00,per Annum,0,1819.16,0,0.00,-1819.16
2021,69,HRA/DEPT OF SOCIAL SERVICES,1992-09-28T00:00:00.000,BROOKLYN,ASSOCIATE FRAUD INVESTIGATOR,CEASED,69302.00,per Annum,1127,42791.16,0,0.00,3088.03
2021,69,HRA/DEPT OF SOCIAL SERVICES,2018-11-13T00:00:00.000,BROOKLYN,FRAUD INVESTIGATOR,ACTIVE,47705.00,per Annum,1820,45099.45,0,0.00,819.71
2021,69,HRA/DEPT OF SOCIAL SERVICES,2019-02-04T00:00:00.000,BROOKLYN,ELIGIBILITY SPECIALIST,ACTIVE,43410.00,per Annum,1820,39144.91,0,0.00,0.00
2021,69,HRA/DEPT OF SOCIAL SERVICES,2011-10-24T00:00:00.000,MANHATTAN,CLERICAL ASSOCIATE,ACTIVE,37777.00,per Annum,1820,37670.65,0,0.00,1446.36
2021,69,HRA/DEPT OF SOCIAL SERVICES,2012-12-10T00:00:00.000,BROOKLYN,ELIGIBILITY SPECIALIST,ACTIVE,43410.00,per Annum,1820,44899.94,0,0.00,1247.59
2021,69,HRA/DEPT OF SOCIAL SERVICES,2001-09-30T00:00:00.000,BROOKLYN,CASEWORKER,ACTIVE,47748.00,per Annum,1820,47613.61,0,0.00,8831.84
2021,69,HRA/DEPT OF SOCIAL SERVICES,2001-09-17T00:00:00.000,QUEENS,CASEWORKER,ACTIVE,47748.00,per Annum,1820,47613.61,0,0.00,8831.84
2021,69,HRA/DEPT OF SOCIAL SERVICES,2010-07-12T00:00:00.000,MANHATTAN,SUPERVISING SPECIAL OFFICER,ON LEAVE,55930.00,per Annum,2032,54462.89,0,0.00,1987.14
2021,69,HRA/DEPT OF SOCIAL SERVICES,2010-09-07T00:00:00.000,BRONX,CASEWORKER,ACTIVE,47791.00,per Annum,1820,47656.51,0,0.00,8831.84
2021,69,HRA/DEPT OF SOCIAL SERVICES,1998-11-16T00:00:00.000,BRONX,CASEWORKER,ACTIVE,47814.00,per Annum,1820,47679.38,0,0.00,8831.84
2021,69,HRA/DEPT OF SOCIAL SERVICES,1990-08-20T00:00:00.000,BRONX,CASEWORKER,ACTIVE,47974.00,per Annum,1820,47839.01,0,0.00,8828.25
2021,69,HRA/DEPT OF SOCIAL SERVICES,1989-08-21T00:00:00.000,MANHATTAN,CASEWORKER,ACTIVE,47931.00,per Annum,1820,47796.11,4,122.80,8831.84
2021,69,HRA/DEPT OF SOCIAL SERVICES,1993-12-13T00:00:00.000,BROOKLYN,PRINCIPAL ADMINISTRATIVE ASSOCIATE -  NON SUPVR,ACTIVE,61115.00,per Annum,1820,60412.86,0,0.00,2815.62
2021,69,HRA/DEPT OF SOCIAL SERVICES,1986-03-24T00:00:00.000,BROOKLYN,FRAUD INVESTIGATOR,ACTIVE,58741.00,per Annum,1820,58575.69,0,0.13,4940.72
2021,69,HRA/DEPT OF SOCIAL SERVICES,2005-11-14T00:00:00.000,MANHATTAN,FRAUD INVESTIGATOR,ACTIVE,58765.00,per Annum,1820,58599.60,0,0.00,4940.72
2021,69,HRA/DEPT OF SOCIAL SERVICES,1996-06-03T00:00:00.000,BROOKLYN,FRAUD INVESTIGATOR,ACTIVE,58783.00,per Annum,1820,58617.54,0,0.00,4940.72
2021,69,HRA/DEPT OF SOCIAL SERVICES,1999-10-12T00:00:00.000,MANHATTAN,FRAUD INVESTIGATOR,ACTIVE,58800.00,per Annum,1820,58634.44,0,0.00,4933.84
2021,69,HRA/DEPT OF SOCIAL SERVICES,2001-03-12T00:00:00.000,QUEENS,FRAUD INVESTIGATOR,ACTIVE,58800.00,per Annum,1820,58634.44,0,0.00,4940.72
2021,69,HRA/DEPT OF SOCIAL SERVICES,2001-03-12T00:00:00.000,MANHATTAN,FRAUD INVESTIGATOR,ACTIVE,58800.00,per Annum,1820,58634.44,0,1.37,4940.77
2021,69,HRA/DEPT OF SOCIAL SERVICES,1995-06-19T00:00:00.000,BROOKLYN,FRAUD INVESTIGATOR,ACTIVE,58880.00,per Annum,1820,58714.25,0,0.00,4948.97
2021,69,HRA/DEPT OF SOCIAL SERVICES,2011-04-25T00:00:00.000,BROOKLYN,JOB OPPORTUNITY SPECIALIST,ACTIVE,48747.00,per Annum,1820,48609.85,307,11387.80,3765.27
2021,69,HRA/DEPT OF SOCIAL SERVICES,2020-03-03T00:00:00.000,MANHATTAN,COMMUNITY ASSOCIATE,ACTIVE,38333.00,per Annum,1820,38225.19,0,0.00,33.00
2021,69,HRA/DEPT OF SOCIAL SERVICES,2020-03-16T00:00:00.000,QUEENS,JOB OPPORTUNITY SPECIALIST,ACTIVE,48747.00,per Annum,1820,43489.06,383.5,11767.51,194.13
2021,69,HRA/DEPT OF SOCIAL SERVICES,2019-05-28T00:00:00.000,MANHATTAN,COMMUNITY COORDINATOR,ACTIVE,62215.00,per Annum,1820,54459.12,29.25,1025.29,0.00
2021,69,HRA/DEPT OF SOCIAL SERVICES,2000-09-05T00:00:00.000,QUEENS,PRINCIPAL ADMINISTRATIVE ASSOCIATE -  NON SUPVR,ACTIVE,54601.00,per Annum,1820,53981.25,123,4971.09,4952.08
2021,69,HRA/DEPT OF SOCIAL SERVICES,2008-03-10T00:00:00.000,QUEENS,JOB OPPORTUNITY SPECIALIST,ACTIVE,48747.00,per Annum,1820,48609.85,283.5,10717.81,4600.23
2021,69,HRA/DEPT OF SOCIAL SERVICES,1973-01-08T00:00:00.000,BROOKLYN,ELIGIBILITY SPECIALIST,CEASED,46509.00,per Annum,0,-8895.15,0,0.00,9062.83
2021,69,HRA/DEPT OF SOCIAL SERVICES,2003-08-25T00:00:00.000,BROOKLYN,SOCIAL WORKER,ACTIVE,58741.00,per Annum,1820,58575.69,0,0.00,5586.14
2021,69,HRA/DEPT OF SOCIAL SERVICES,2012-03-05T00:00:00.000,BRONX,JOB OPPORTUNITY SPECIALIST,ACTIVE,48747.00,per Annum,1820,48609.85,523.25,20034.35,4344.06
2021,69,HRA/DEPT OF SOCIAL SERVICES,2010-06-14T00:00:00.000,MANHATTAN,PRINCIPAL ADMINISTRATIVE ASSOCIATE -  NON SUPVR,ACTIVE,54531.00,per Annum,1820,53912.11,0,0.00,1740.04
2021,69,HRA/DEPT OF SOCIAL SERVICES,2016-09-06T00:00:00.000,MANHATTAN,CASEWORKER,CEASED,47705.00,per Annum,737.83,19283.09,0,0.00,2221.11
2021,69,HRA/DEPT OF SOCIAL SERVICES,1993-10-12T00:00:00.000,BRONX,ASSOCIATE JOB OPPORTUNITY SPECIALIST,ACTIVE,59799.00,per Annum,1820,59630.68,541.5,25076.84,5219.39
2021,69,HRA/DEPT OF SOCIAL SERVICES,2017-03-06T00:00:00.000,BROOKLYN,JOB OPPORTUNITY SPECIALIST,ACTIVE,48747.00,per Annum,1820,48609.85,1024.75,39868.28,2138.87
2021,69,HRA/DEPT OF SOCIAL SERVICES,2005-04-11T00:00:00.000,MANHATTAN,ADMINISTRATIVE CONTRACT SPECIALIST,ACTIVE,90422.00,per Annum,1820,90167.48,0,0.00,1176.32
2021,69,HRA/DEPT OF SOCIAL SERVICES,2008-11-30T00:00:00.000,MANHATTAN,PRINCIPAL ADMINISTRATIVE ASSOCIATE -  NON SUPVR,ACTIVE,67529.00,per Annum,1820,66753.87,355.25,19101.97,5559.02
2021,69,HRA/DEPT OF SOCIAL SERVICES,1994-12-12T00:00:00.000,QUEENS,ASSOCIATE JOB OPPORTUNITY SPECIALIST,ACTIVE,59878.00,per Annum,1820,59709.46,545.25,26180.30,5597.83
2021,69,HRA/DEPT OF SOCIAL SERVICES,1988-02-01T00:00:00.000,BROOKLYN,STAFF ANALYST,ACTIVE,67499.00,per Annum,1820,67308.95,542.25,28710.18,5689.00
2021,69,HRA/DEPT OF SOCIAL SERVICES,1996-11-12T00:00:00.000,QUEENS,ASSOCIATE JOB OPPORTUNITY SPECIALIST,ACTIVE,59709.00,per Annum,1820,59540.99,201.25,8824.83,5190.42
2021,69,HRA/DEPT OF SOCIAL SERVICES,2001-01-08T00:00:00.000,MANHATTAN,CUSTODIAN,ACTIVE,62724.00,per Annum,2080,62522.26,124.75,5969.17,4977.40
2021,69,HRA/DEPT OF SOCIAL SERVICES,2003-02-10T00:00:00.000,BROOKLYN,ELIGIBILITY SPECIALIST,ACTIVE,43668.00,per Annum,1820,44380.36,634.5,23054.32,5963.53
2021,69,HRA/DEPT OF SOCIAL SERVICES,2019-10-21T00:00:00.000,MANHATTAN,CONSULTANT,ACTIVE,66442.00,per Annum,1820,66254.99,142.75,6861.73,188.92
2021,69,HRA/DEPT OF SOCIAL SERVICES,1989-07-17T00:00:00.000,BROOKLYN,STAFF ANALYST,ACTIVE,67385.00,per Annum,1820,67195.34,9.25,453.58,5654.24
2021,69,HRA/DEPT OF SOCIAL SERVICES,2012-02-06T00:00:00.000,QUEENS,ELIGIBILITY SPECIALIST,ACTIVE,43410.00,per Annum,1820,43287.80,1538.25,55112.35,4622.67
2021,69,HRA/DEPT OF SOCIAL SERVICES,2016-12-19T00:00:00.000,BROOKLYN,COMPUTER SPECIALIST,ACTIVE,98177.00,per Annum,1820,97900.59,0,0.00,5273.97
2021,69,HRA/DEPT OF SOCIAL SERVICES,1999-08-08T00:00:00.000,MANHATTAN,SENIOR STATIONARY ENGINEER,ACTIVE,603.84,per Day,2080,156998.40,253,28342.74,1358.64
2021,69,HRA/DEPT OF SOCIAL SERVICES,2013-09-16T00:00:00.000,MANHATTAN,BOOKKEEPER,ACTIVE,53705.00,per Annum,1820,53553.90,0,0.00,3301.35
2021,69,HRA/DEPT OF SOCIAL SERVICES,2007-11-05T00:00:00.000,BRONX,ASSISTANT SUPERINTENDENT OF WELFARE SHELTERS,ACTIVE,69283.00,per Annum,1820,69088.00,71,2881.25,8778.46
2021,69,HRA/DEPT OF SOCIAL SERVICES,1990-10-22T00:00:00.000,BROOKLYN,CLERICAL ASSOCIATE,CEASED,38044.00,per Annum,1363.32,28416.79,0,1.44,4895.10
2021,69,HRA/DEPT OF SOCIAL SERVICES,1999-03-22T00:00:00.000,MANHATTAN,SUPERVISOR II,ACTIVE,69195.00,per Annum,1820,69000.12,0,0.00,5043.41
2021,69,HRA/DEPT OF SOCIAL SERVICES,2010-06-07T00:00:00.000,BRONX,SUPERVISOR I,ACTIVE,58879.00,per Annum,1820,58713.22,0,0.00,8831.84
2021,69,HRA/DEPT OF SOCIAL SERVICES,2000-09-18T00:00:00.000,QUEENS,SUPERVISOR I,ACTIVE,58903.00,per Annum,1820,58737.13,0,0.00,8831.84
2021,69,HRA/DEPT OF SOCIAL SERVICES,2017-12-26T00:00:00.000,BRONX,CASEWORKER,ACTIVE,47705.00,per Annum,1820,47570.71,0,0.00,845.71
2021,69,HRA/DEPT OF SOCIAL SERVICES,2018-09-04T00:00:00.000,MANHATTAN,IT PROJECT SPECIALIST,ACTIVE,100052.00,per Annum,1820,99770.37,0,0.00,0.00
2021,69,HRA/DEPT OF SOCIAL SERVICES,2001-02-12T00:00:00.000,BRONX,SUPERVISOR I,ACTIVE,58938.00,per Annum,1820,58772.23,0,0.00,8831.84
2021,69,HRA/DEPT OF SOCIAL SERVICES,2019-06-24T00:00:00.000,MANHATTAN,CASEWORKER,ACTIVE,47705.00,per Annum,1820,41366.28,55,1641.23,4699.31
2021,69,HRA/DEPT OF SOCIAL SERVICES,1985-07-22T00:00:00.000,MANHATTAN,CLERICAL ASSOCIATE,ACTIVE,42242.00,per Annum,1820,42123.08,13,377.62,5205.50
2021,69,HRA/DEPT OF SOCIAL SERVICES,2004-06-28T00:00:00.000,QUEENS,ELIGIBILITY SPECIALIST,ACTIVE,46699.00,per Annum,1820,46567.45,141,4733.44,6604.85
2021,69,HRA/DEPT OF SOCIAL SERVICES,2005-11-07T00:00:00.000,BROOKLYN,ELIGIBILITY SPECIALIST,ACTIVE,43622.00,per Annum,1820,43499.16,0,0.00,4085.98
2021,69,HRA/DEPT OF SOCIAL SERVICES,1996-06-10T00:00:00.000,MANHATTAN,INVESTIGATOR,ACTIVE,79361.00,per Annum,1820,79137.54,0,0.00,1492.34
2021,69,HRA/DEPT OF SOCIAL SERVICES,2008-12-01T00:00:00.000,BROOKLYN,COMMUNITY COORDINATOR,ACTIVE,66517.00,per Annum,1820,66329.85,0,0.26,669.62
2021,69,HRA/DEPT OF SOCIAL SERVICES,2011-07-18T00:00:00.000,BRONX,JOB OPPORTUNITY SPECIALIST,ACTIVE,48747.00,per Annum,1820,43961.85,38.25,1163.14,3405.86
2021,69,HRA/DEPT OF SOCIAL SERVICES,1995-05-30T00:00:00.000,MANHATTAN,ASSOCIATE JOB OPPORTUNITY SPECIALIST,ACTIVE,69912.00,per Annum,1820,69715.32,0,4.60,5043.41
2021,69,HRA/DEPT OF SOCIAL SERVICES,2020-03-16T00:00:00.000,BRONX,JOB OPPORTUNITY SPECIALIST,ACTIVE,42389.00,per Annum,1470,32514.43,0,0.00,1700.16
2021,69,HRA/DEPT OF SOCIAL SERVICES,1996-11-25T00:00:00.000,MANHATTAN,ASSOCIATE STAFF ANALYST,ACTIVE,75935.00,per Annum,1820,75721.39,0,0.00,5451.53
2021,69,HRA/DEPT OF SOCIAL SERVICES,2017-01-23T00:00:00.000,MANHATTAN,CASEWORKER,ACTIVE,60156.00,per Annum,1820,59986.60,0,6.71,6202.66
2021,69,HRA/DEPT OF SOCIAL SERVICES,2012-09-10T00:00:00.000,BRONX,JOB OPPORTUNITY SPECIALIST,ACTIVE,48747.00,per Annum,1820,48609.85,612,22714.48,2904.18
2021,69,HRA/DEPT OF SOCIAL SERVICES,2020-02-18T00:00:00.000,MANHATTAN,COMMUNITY COORDINATOR,ACTIVE,29.61,per Hour,1756.73,52007.65,373.75,14222.06,4.44
2021,69,HRA/DEPT OF SOCIAL SERVICES,2004-02-23T00:00:00.000,QUEENS,JOB OPPORTUNITY SPECIALIST,ACTIVE,48747.00,per Annum,1820,48609.85,343,12480.23,5303.53
2021,69,HRA/DEPT OF SOCIAL SERVICES,2014-11-17T00:00:00.000,MANHATTAN,EXECUTIVE AGENCY COUNSEL,ACTIVE,124143.00,per Annum,1820,123793.61,0,0.00,-2378.20
2021,69,HRA/DEPT OF SOCIAL SERVICES,1987-01-26T00:00:00.000,BROOKLYN,SUPERVISOR II,CEASED,74534.00,per Annum,1504.15,61424.65,22.5,971.62,4034.77
2021,69,HRA/DEPT OF SOCIAL SERVICES,2019-08-19T00:00:00.000,MANHATTAN,COMPUTER ASSOCIATE,ACTIVE,66597.00,per Annum,1820,66409.67,0,0.00,53.75
2021,69,HRA/DEPT OF SOCIAL SERVICES,1995-01-30T00:00:00.000,BROOKLYN,ASSOCIATE FRAUD INVESTIGATOR,ACTIVE,76539.00,per Annum,1820,76323.51,0,0.00,4940.72
2021,69,HRA/DEPT OF SOCIAL SERVICES,1985-04-15T00:00:00.000,BROOKLYN,COMPUTER SPECIALIST,ACTIVE,114451.00,per Annum,1820,114128.84,0,0.00,6071.60
2021,69,HRA/DEPT OF SOCIAL SERVICES,1992-09-28T00:00:00.000,BROOKLYN,PRINCIPAL ADMINISTRATIVE ASSOCIATE -  NON SUPVR,ACTIVE,61233.00,per Annum,1820,60529.24,239.75,9373.54,4461.41
2021,69,HRA/DEPT OF SOCIAL SERVICES,2012-03-05T00:00:00.000,BROOKLYN,ASSOCIATE JOB OPPORTUNITY SPECIALIST,ACTIVE,59649.00,per Annum,1820,59481.19,91.75,3356.11,3756.96
2021,69,HRA/DEPT OF SOCIAL SERVICES,2001-07-09T00:00:00.000,BROOKLYN,ASSOCIATE FRAUD INVESTIGATOR,ACTIVE,69195.00,per Annum,1820,69000.12,134.5,6699.89,5386.10
2021,69,HRA/DEPT OF SOCIAL SERVICES,2020-03-16T00:00:00.000,BRONX,JOB OPPORTUNITY SPECIALIST,ACTIVE,42389.00,per Annum,1820,42269.71,1163.75,38094.08,689.71
2021,69,HRA/DEPT OF SOCIAL SERVICES,1996-07-23T00:00:00.000,MANHATTAN,CUSTODIAN,ACTIVE,62776.00,per Annum,2080,62574.22,279.5,13379.36,5083.43
2021,69,HRA/DEPT OF SOCIAL SERVICES,1993-06-21T00:00:00.000,MANHATTAN,ASSOCIATE FRAUD INVESTIGATOR,ACTIVE,76556.00,per Annum,1820,76046.77,0,0.00,4921.68
2021,69,HRA/DEPT OF SOCIAL SERVICES,2012-02-27T00:00:00.000,MANHATTAN,PRINCIPAL ADMINISTRATIVE ASSOCIATE -  NON SUPVR,ACTIVE,67499.00,per Annum,1820,66732.76,0,0.00,-54.43
2021,69,HRA/DEPT OF SOCIAL SERVICES,2014-03-17T00:00:00.000,MANHATTAN,PRINCIPAL ADMINISTRATIVE ASSOCIATE -  NON SUPVR,ACTIVE,67499.00,per Annum,1820,66732.76,0,0.00,0.00
2021,69,HRA/DEPT OF SOCIAL SERVICES,2017-12-26T00:00:00.000,BROOKLYN,JOB OPPORTUNITY SPECIALIST,ACTIVE,48747.00,per Annum,1820,48609.85,474.75,17005.73,1134.51
2021,69,HRA/DEPT OF SOCIAL SERVICES,2000-09-25T00:00:00.000,BROOKLYN,ELIGIBILITY SPECIALIST,ACTIVE,43872.00,per Annum,1820,43748.48,215.5,7274.87,7055.31
2021,69,HRA/DEPT OF SOCIAL SERVICES,2016-10-17T00:00:00.000,QUEENS,ELIGIBILITY SPECIALIST,ACTIVE,43410.00,per Annum,1400,33463.49,0,0.00,126.75
2021,69,HRA/DEPT OF SOCIAL SERVICES,2019-09-16T00:00:00.000,QUEENS,JOB OPPORTUNITY SPECIALIST,ACTIVE,42389.00,per Annum,1820,42269.71,226,7045.91,731.18
2021,69,HRA/DEPT OF SOCIAL SERVICES,2018-02-05T00:00:00.000,MANHATTAN,COMMUNITY COORDINATOR,ACTIVE,36.29,per Hour,1740,63144.60,0,0.00,2802.58
2021,69,HRA/DEPT OF SOCIAL SERVICES,1994-12-12T00:00:00.000,BROOKLYN,ELIGIBILITY SPECIALIST,ACTIVE,43951.00,per Annum,1820,43827.25,0,0.00,6033.68
2021,69,HRA/DEPT OF SOCIAL SERVICES,2018-05-07T00:00:00.000,BROOKLYN,ELIGIBILITY SPECIALIST,ACTIVE,43410.00,per Annum,1820,43287.80,1017.25,33165.99,731.71
2021,69,HRA/DEPT OF SOCIAL SERVICES,1999-11-29T00:00:00.000,MANHATTAN,PRINCIPAL ADMINISTRATIVE ASSOCIATE -  NON SUPVR,CEASED,54657.00,per Annum,1569.03,46302.11,171.75,7887.99,5321.90
2021,69,HRA/DEPT OF SOCIAL SERVICES,2009-02-02T00:00:00.000,MANHATTAN,ELIGIBILITY SPECIALIST,ACTIVE,46293.00,per Annum,1820,46162.66,256.25,8328.24,5033.56
2021,69,HRA/DEPT OF SOCIAL SERVICES,2016-06-13T00:00:00.000,MANHATTAN,JOB OPPORTUNITY SPECIALIST,ACTIVE,48747.00,per Annum,1820,48609.85,0,0.00,1559.09
2021,69,HRA/DEPT OF SOCIAL SERVICES,2017-12-11T00:00:00.000,BROOKLYN,ELIGIBILITY SPECIALIST,ACTIVE,43410.00,per Annum,1820,43287.80,226.5,6486.48,392.37
2021,69,HRA/DEPT OF SOCIAL SERVICES,1994-08-29T00:00:00.000,MANHATTAN,ADMINISTRATIVE STAFF ANALYST,ACTIVE,79326.00,per Annum,1820,79102.71,0,0.00,3480.73
2021,69,HRA/DEPT OF SOCIAL SERVICES,2019-02-04T00:00:00.000,MANHATTAN,COMMUNITY ASSOCIATE,ACTIVE,44083.00,per Annum,1820,40368.23,0,0.00,0.00
2021,69,HRA/DEPT OF SOCIAL SERVICES,1989-10-10T00:00:00.000,RICHMOND,PRINCIPAL ADMINISTRATIVE ASSOCIATE -  NON SUPVR,ACTIVE,54694.00,per Annum,1890,52841.37,10.75,372.37,5610.70
2021,69,HRA/DEPT OF SOCIAL SERVICES,2017-06-12T00:00:00.000,BRONX,ELIGIBILITY SPECIALIST,ACTIVE,43410.00,per Annum,1820,43287.80,484.25,15179.67,1342.97
2021,69,HRA/DEPT OF SOCIAL SERVICES,2004-11-01T00:00:00.000,MANHATTAN,OFFICE MACHINE AIDE,ACTIVE,37777.00,per Annum,1820,37670.65,0,0.00,3098.83
2021,69,HRA/DEPT OF SOCIAL SERVICES,2018-12-17T00:00:00.000,MANHATTAN,COMMUNITY ASSOCIATE,ACTIVE,24.13,per Hour,1743,39258.24,0,0.00,1725.71
2021,69,HRA/DEPT OF SOCIAL SERVICES,2006-03-13T00:00:00.000,BRONX,JOB OPPORTUNITY SPECIALIST,ACTIVE,48747.00,per Annum,1820,48609.85,694.75,27677.20,6708.92
2021,69,HRA/DEPT OF SOCIAL SERVICES,2018-10-22T00:00:00.000,MANHATTAN,CASEWORKER,ACTIVE,47705.00,per Annum,1820,45474.47,6.75,191.89,4634.13
2021,69,HRA/DEPT OF SOCIAL SERVICES,2007-10-15T00:00:00.000,QUEENS,CLERICAL AIDE,ACTIVE,37777.00,per Annum,1680,46918.66,83,2433.79,-8228.97
2021,69,HRA/DEPT OF SOCIAL SERVICES,2007-11-05T00:00:00.000,BROOKLYN,PRINCIPAL ADMINISTRATIVE ASSOCIATE -  NON SUPVR,ACTIVE,54531.00,per Annum,1820,53912.11,649.25,27621.09,1583.72
2021,69,HRA/DEPT OF SOCIAL SERVICES,2001-02-12T00:00:00.000,BROOKLYN,ELIGIBILITY SPECIALIST,ACTIVE,46792.00,per Annum,1820,46660.26,64,2313.44,9691.06
2021,69,HRA/DEPT OF SOCIAL SERVICES,1994-12-15T00:00:00.000,MANHATTAN,ASSOCIATE JOB OPPORTUNITY SPECIALIST,ACTIVE,59799.00,per Annum,1820,59630.68,0,0.30,5043.26
2021,69,HRA/DEPT OF SOCIAL SERVICES,1992-05-04T00:00:00.000,MANHATTAN,ASSOCIATE JOB OPPORTUNITY SPECIALIST,ACTIVE,59836.00,per Annum,1820,59667.60,0,1.32,5048.89
2021,69,HRA/DEPT OF SOCIAL SERVICES,1989-09-18T00:00:00.000,MANHATTAN,SUPERVISOR I,ACTIVE,59172.00,per Annum,1820,59005.43,16.5,678.10,5055.58
2021,69,HRA/DEPT OF SOCIAL SERVICES,2010-03-08T00:00:00.000,BROOKLYN,ASSOCIATE JOB OPPORTUNITY SPECIALIST,ACTIVE,59649.00,per Annum,1820,59481.19,31.25,1094.43,4189.26
2021,69,HRA/DEPT OF SOCIAL SERVICES,1993-03-01T00:00:00.000,MANHATTAN,PRINCIPAL ADMINISTRATIVE ASSOCIATE -  NON SUPVR,ACTIVE,54684.00,per Annum,1820,54054.71,0,0.00,4559.96
2021,69,HRA/DEPT OF SOCIAL SERVICES,1988-12-12T00:00:00.000,MANHATTAN,ADMINISTRATIVE SPACE ANALYST,ACTIVE,82447.00,per Annum,1820,82214.93,0,0.00,1383.19
2021,69,HRA/DEPT OF SOCIAL SERVICES,1996-09-30T00:00:00.000,MANHATTAN,ADMINISTRATIVE STAFF ANALYST,ACTIVE,80441.00,per Annum,1820,80214.64,0,0.00,3447.73
2021,69,HRA/DEPT OF SOCIAL SERVICES,2015-04-19T00:00:00.000,MANHATTAN,ADMINISTRATIVE PROCUREMENT ANALYST-NON-MGRL,ACTIVE,65232.00,per Annum,1820,64881.98,0,0.00,108.25
2021,69,HRA/DEPT OF SOCIAL SERVICES,1984-10-15T00:00:00.000,BROOKLYN,ADMINISTRATIVE STAFF ANALYST,ACTIVE,80477.00,per Annum,1820,80250.52,0,0.00,3431.23
2021,69,HRA/DEPT OF SOCIAL SERVICES,2019-02-04T00:00:00.000,BROOKLYN,JOB OPPORTUNITY SPECIALIST,ACTIVE,48747.00,per Annum,1820,44638.73,148.5,4436.97,557.71
2021,69,HRA/DEPT OF SOCIAL SERVICES,2017-02-06T00:00:00.000,BRONX,ELIGIBILITY SPECIALIST,ACTIVE,43410.00,per Annum,1820,36545.39,152,4214.43,1083.42
2021,69,HRA/DEPT OF SOCIAL SERVICES,2016-06-06T00:00:00.000,QUEENS,JOB OPPORTUNITY SPECIALIST,ACTIVE,48747.00,per Annum,1820,47791.10,5.5,151.85,1661.69
2021,69,HRA/DEPT OF SOCIAL SERVICES,2004-06-28T00:00:00.000,MANHATTAN,ADMIN JOB OPPORTUNITY SPEC NM,ACTIVE,88688.00,per Annum,1820,87672.87,0,0.00,4312.46
2021,69,HRA/DEPT OF SOCIAL SERVICES,2014-04-01T00:00:00.000,MANHATTAN,HUMAN RESOURCES ADMINISTRATOR,ACTIVE,243171.00,per Annum,1820,242486.66,0,0.00,-4658.45
2021,69,HRA/DEPT OF SOCIAL SERVICES,2005-10-03T00:00:00.000,QUEENS,CLERICAL ASSOCIATE,ACTIVE,43228.00,per Annum,1820,43106.32,81.75,2148.52,4128.39
2021,69,HRA/DEPT OF SOCIAL SERVICES,1992-11-30T00:00:00.000,MANHATTAN,PRINCIPAL ADMINISTRATIVE ASSOCIATE -  NON SUPVR,ACTIVE,54673.00,per Annum,1820,54043.79,0,0.00,4312.46
2021,69,HRA/DEPT OF SOCIAL SERVICES,2020-01-13T00:00:00.000,BRONX,CASEWORKER,ACTIVE,47705.00,per Annum,1680,46648.15,0,0.00,2899.42
2021,69,HRA/DEPT OF SOCIAL SERVICES,2001-04-16T00:00:00.000,BRONX,ELIGIBILITY SPECIALIST,ACTIVE,43872.00,per Annum,1820,43748.48,1108.5,42154.46,7675.53
2021,69,HRA/DEPT OF SOCIAL SERVICES,1996-08-19T00:00:00.000,QUEENS,ADM MANAGER-NON-MGRL,ACTIVE,84006.00,per Annum,1820,83239.68,110.5,7539.08,2613.18
2021,69,HRA/DEPT OF SOCIAL SERVICES,2017-05-30T00:00:00.000,MANHATTAN,ADMINISTRATIVE STAFF ANALYST,ACTIVE,88493.00,per Annum,1820,88243.88,0,0.00,4073.48
2021,69,HRA/DEPT OF SOCIAL SERVICES,2018-01-22T00:00:00.000,MANHATTAN,CASEWORKER,ACTIVE,47705.00,per Annum,1820,47570.71,50.5,1730.41,1062.48
2021,996,NYC HOUSING AUTHORITY,2004-03-01T00:00:00.000,MANHATTAN,PAINTER,CEASED,292.53,per Day,0,0.00,0,0.00,9149.26
2021,996,NYC HOUSING AUTHORITY,2021-02-25T00:00:00.000,MANHATTAN,CARETAKER,ACTIVE,32950.00,per Annum,616,8791.50,10.5,248.55,74.17
2021,996,NYC HOUSING AUTHORITY,2020-05-19T00:00:00.000,MANHATTAN,CITY SEASONAL AIDE,CEASED,35277.00,per Annum,560,7700.80,0,0.00,1923.34
2021,996,NYC HOUSING AUTHORITY,2020-06-15T00:00:00.000,MANHATTAN,SUMMER GRADUATE INTERN,ACTIVE,18771.00,Prorated Annual,1208,20569.44,0,0.00,0.00
2021,996,NYC HOUSING AUTHORITY,2019-12-16T00:00:00.000,BROOKLYN,CARETAKER,ACTIVE,32950.00,per Annum,1344.28,17577.76,86.5,2023.67,1233.00
2021,996,NYC HOUSING AUTHORITY,2020-03-16T00:00:00.000,BROOKLYN,CITY SEASONAL AIDE,CEASED,40317.00,per Annum,880,14255.92,0,0.00,6794.51
2021,996,NYC HOUSING AUTHORITY,2020-07-01T00:00:00.000,BROOKLYN,CITY SEASONAL AIDE,CEASED,40317.00,per Annum,1017.15,20876.59,0,0.00,347.94
2021,996,NYC HOUSING AUTHORITY,2003-09-15T00:00:00.000,QUEENS,PLUMBER,ACTIVE,369.53,per Day,1820,96077.80,304.25,32122.73,1161.38
2021,996,NYC HOUSING AUTHORITY,2020-10-21T00:00:00.000,MANHATTAN,CARETAKER,CEASED,32950.00,per Annum,1000,15798.01,191.25,4838.74,1290.52
2021,996,NYC HOUSING AUTHORITY,2017-02-27T00:00:00.000,BROOKLYN,CARETAKER,ON LEAVE,46278.00,per Annum,803,15864.66,132.5,4754.83,1791.38
2021,996,NYC HOUSING AUTHORITY,1999-03-24T00:00:00.000,BROOKLYN,ASSISTANT RESIDENT BUILDING SUPT,ACTIVE,71246.00,per Annum,2080,70149.86,654,33443.12,3200.95
2021,996,NYC HOUSING AUTHORITY,2019-10-21T00:00:00.000,BROOKLYN,CARETAKER,ACTIVE,32950.00,per Annum,2040,37272.99,65.25,1481.41,693.99
2021,996,NYC HOUSING AUTHORITY,1995-05-17T00:00:00.000,QUEENS,ASSISTANT RESIDENT BUILDING SUPT,ACTIVE,76064.00,per Annum,2080,70604.20,566.75,29367.04,6583.88
2021,996,NYC HOUSING AUTHORITY,2019-06-17T00:00:00.000,MANHATTAN,PLUMBER'S HELPER,ACTIVE,258.65,per Day,1820,67249.00,496.5,36691.37,2327.85
2021,996,NYC HOUSING AUTHORITY,2002-10-28T00:00:00.000,BRONX,SUPERVISOR OF HOUSING CARETAKER,ACTIVE,65449.00,per Annum,1648,49121.35,427,21328.85,2951.26
2021,996,NYC HOUSING AUTHORITY,1997-08-04T00:00:00.000,MANHATTAN,PAINTER,ACTIVE,292.53,per Day,1820,76057.80,359.75,22540.66,4439.75
2021,996,NYC HOUSING AUTHORITY,2009-02-23T00:00:00.000,MANHATTAN,ELEVATOR MECHANIC,ACTIVE,398.48,per Day,2080,103604.80,587.75,48029.27,19569.14
2021,996,NYC HOUSING AUTHORITY,1996-07-22T00:00:00.000,MANHATTAN,SUPERVISOR PAINTER,ACTIVE,334.32,per Day,1820,86923.20,1015.75,72732.51,14123.25
2021,996,NYC HOUSING AUTHORITY,1993-08-30T00:00:00.000,BROOKLYN,SUPERVISOR PLASTERER,ACTIVE,368.08,per Day,2080,95700.80,857.25,78815.15,4922.40
2021,996,NYC HOUSING AUTHORITY,1985-06-21T00:00:00.000,BRONX,ADMINISTRATIVE HOUSING MANAGER,ACTIVE,107818.00,per Annum,1820,107508.77,0,0.00,0.00
2021,996,NYC HOUSING AUTHORITY,2018-09-04T00:00:00.000,MANHATTAN,ADMINISTRATIVE SPACE ANALYST,ACTIVE,107424.00,per Annum,1820,107115.95,0,0.00,0.00
2021,996,NYC HOUSING AUTHORITY,2012-04-23T00:00:00.000,BROOKLYN,CARETAKER,CEASED,46278.00,per Annum,0,-1769.67,0,0.00,1769.67
2021,996,NYC HOUSING AUTHORITY,2002-04-10T00:00:00.000,MANHATTAN,CARETAKER,ACTIVE,46278.00,per Annum,2080,41645.96,369.5,13340.45,1250.01
2021,996,NYC HOUSING AUTHORITY,2002-11-18T00:00:00.000,MANHATTAN,CARETAKER,ACTIVE,46278.00,per Annum,1891.43,43384.76,272,9996.02,2648.65
2021,996,NYC HOUSING AUTHORITY,2016-05-31T00:00:00.000,BROOKLYN,PLUMBER,ACTIVE,369.53,per Day,1820,96077.80,871.5,92012.98,0.00
2021,996,NYC HOUSING AUTHORITY,1995-03-27T00:00:00.000,MANHATTAN,HOUSING ASSISTANT,ACTIVE,63367.00,per Annum,1820,62796.23,0,0.00,1335.19
2021,996,NYC HOUSING AUTHORITY,1989-02-14T00:00:00.000,MANHATTAN,HOUSING ASSISTANT,ACTIVE,63367.00,per Annum,1820,62796.23,0,0.00,1335.19
2021,996,NYC HOUSING AUTHORITY,1993-05-12T00:00:00.000,BROOKLYN,HOUSING ASSISTANT,ACTIVE,63367.00,per Annum,1820,62796.23,0,0.00,1335.19
2021,996,NYC HOUSING AUTHORITY,2007-04-16T00:00:00.000,BROOKLYN,HOUSING ASSISTANT,ACTIVE,63367.00,per Annum,1820,62796.23,0,0.00,205.38
2021,996,NYC HOUSING AUTHORITY,2017-03-06T00:00:00.000,MANHATTAN,ASSISTANT RESIDENT BUILDING SUPT,ACTIVE,67446.00,per Annum,2080,65142.39,268.5,12559.99,696.42
2021,996,NYC HOUSING AUTHORITY,2020-03-09T00:00:00.000,QUEENS,MAINTENANCE WORKER,ACTIVE,239.84,per Day,2080,62358.40,30,1341.62,98.80
2021,996,NYC HOUSING AUTHORITY,2007-08-27T00:00:00.000,BROOKLYN,CARETAKER,ACTIVE,46278.00,per Annum,2080,44496.60,472.75,16764.49,2715.08
2021,996,NYC HOUSING AUTHORITY,2011-08-08T00:00:00.000,BRONX,CARETAKER,ACTIVE,46278.00,per Annum,2080,44099.05,401.5,13939.45,6206.20
2021,996,NYC HOUSING AUTHORITY,1993-03-15T00:00:00.000,BRONX,ASSISTANT HOUSING MANAGER,ACTIVE,77454.00,per Annum,1820,76756.35,20,884.09,1335.19
2021,996,NYC HOUSING AUTHORITY,2012-06-25T00:00:00.000,BROOKLYN,ADMINISTRATIVE STAFF ANALYST,ACTIVE,81900.00,per Annum,1820,79069.24,0,0.00,0.00
2021,996,NYC HOUSING AUTHORITY,1997-05-19T00:00:00.000,BRONX,MAINTENANCE WORKER,ACTIVE,249.28,per Day,2080,64812.80,149.25,7094.92,472.72
2021,996,NYC HOUSING AUTHORITY,2013-11-25T00:00:00.000,BRONX,MAINTENANCE WORKER,ACTIVE,249.28,per Day,2080,64812.80,128.5,6098.66,1617.85
2021,996,NYC HOUSING AUTHORITY,2001-07-30T00:00:00.000,MANHATTAN,COMPUTER ASSOCIATE,ACTIVE,70904.00,per Annum,1820,70047.07,16.25,706.90,1830.58
2021,996,NYC HOUSING AUTHORITY,2013-03-11T00:00:00.000,QUEENS,HOUSING ASSISTANT,ACTIVE,63367.00,per Annum,1820,62796.23,0,0.00,0.00
2021,996,NYC HOUSING AUTHORITY,2015-08-10T00:00:00.000,BRONX,HOUSING ASSISTANT,ACTIVE,63367.00,per Annum,1820,62796.23,0,0.00,0.00
2021,996,NYC HOUSING AUTHORITY,1987-08-26T00:00:00.000,MANHATTAN,ADM MANAGER-NON-MGRL,ACTIVE,71437.00,per Annum,1820,70194.84,0,0.00,2719.28
2021,996,NYC HOUSING AUTHORITY,1998-04-15T00:00:00.000,MANHATTAN,CARETAKER,ACTIVE,46278.00,per Annum,2080,45861.17,218.25,8010.16,1973.73
2021,996,NYC HOUSING AUTHORITY,2012-02-06T00:00:00.000,QUEENS,HOUSING EXTERMINATOR,ACTIVE,54820.00,per Annum,2080,54326.03,0,0.00,1540.56
2021,996,NYC HOUSING AUTHORITY,2021-01-05T00:00:00.000,MANHATTAN,ELEVATOR MECHANIC HELPER,ON LEAVE,248.00,per Day,870,26971.44,226.25,11644.39,1576.36
2021,996,NYC HOUSING AUTHORITY,2017-03-27T00:00:00.000,BRONX,CARETAKER,ACTIVE,46278.00,per Annum,2080,45861.17,158.25,5466.06,4191.70
2021,996,NYC HOUSING AUTHORITY,2019-05-13T00:00:00.000,QUEENS,HOUSING EXTERMINATOR,ACTIVE,47353.00,per Annum,2080,41779.09,36.25,1290.98,2795.46
2021,996,NYC HOUSING AUTHORITY,2020-05-26T00:00:00.000,MANHATTAN,CITY LABORER,ACTIVE,290.00,per Day,2080,75400.00,226.5,13620.98,1699.22
2021,996,NYC HOUSING AUTHORITY,2020-05-18T00:00:00.000,MANHATTAN,ELEVATOR MECHANIC HELPER,ACTIVE,248.00,per Day,2080,62465.00,548.25,27582.25,731.80
2021,996,NYC HOUSING AUTHORITY,2010-09-27T00:00:00.000,MANHATTAN,HOUSING MANAGER,ACTIVE,95934.00,per Annum,1716,90794.74,0,0.00,0.00
2021,996,NYC HOUSING AUTHORITY,2007-06-04T00:00:00.000,MANHATTAN,RESIDENT BUILDING SUPERINTENDENT,ACTIVE,93630.00,per Annum,1820,89445.54,31.75,1517.08,0.00
2021,996,NYC HOUSING AUTHORITY,2004-07-26T00:00:00.000,MANHATTAN,HEARING EXAMINER,ACTIVE,128812.00,per Annum,1820,128442.60,0,0.00,0.00
2021,996,NYC HOUSING AUTHORITY,1995-05-17T00:00:00.000,BROOKLYN,ADMINISTRATIVE HOUSING SUPERINTENDENT,ACTIVE,128909.00,per Annum,1820,128539.31,0,0.00,0.00
2021,996,NYC HOUSING AUTHORITY,2014-04-21T00:00:00.000,BRONX,HOUSING ASSISTANT,ACTIVE,63367.00,per Annum,1820,62796.23,0,0.00,0.00
2021,996,NYC HOUSING AUTHORITY,1980-06-02T00:00:00.000,MANHATTAN,COMMUNITY COORDINATOR,ACTIVE,71704.00,per Annum,1820,71498.42,0,0.00,1495.23
2021,996,NYC HOUSING AUTHORITY,2020-03-16T00:00:00.000,BROOKLYN,CITY SEASONAL AIDE,CEASED,40317.00,per Annum,960,20876.53,0,0.00,6958.80
2021,996,NYC HOUSING AUTHORITY,2019-02-11T00:00:00.000,MANHATTAN,MANAGEMENT AUDITOR,ON LEAVE,56013.00,per Annum,910,27922.59,0,0.00,0.00
2021,996,NYC HOUSING AUTHORITY,2020-08-06T00:00:00.000,MANHATTAN,CARETAKER,CEASED,32950.00,per Annum,657.98,10902.93,11.25,278.14,1339.71
2021,996,NYC HOUSING AUTHORITY,2020-03-16T00:00:00.000,MANHATTAN,CITY SEASONAL AIDE,CEASED,40317.00,per Annum,520,7925.35,0,0.00,4784.19
2021,996,NYC HOUSING AUTHORITY,2018-02-20T00:00:00.000,MANHATTAN,CARETAKER,ACTIVE,46278.00,per Annum,400,8792.79,81,2665.86,1326.11
2021,996,NYC HOUSING AUTHORITY,1977-10-24T00:00:00.000,MANHATTAN,ELECTRICIAN,CEASED,373.03,per Day,0,0.00,0,0.00,13561.34
2021,996,NYC HOUSING AUTHORITY,2019-07-09T00:00:00.000,MANHATTAN,CARETAKER,CEASED,32950.00,per Annum,810,12242.85,2,48.63,1621.52
2021,996,NYC HOUSING AUTHORITY,1990-04-02T00:00:00.000,BROOKLYN,SUPERVISOR OF HOUSING CARETAKER,CEASED,63543.00,per Annum,240,2430.61,54,2680.10,19826.16
2021,996,NYC HOUSING AUTHORITY,2018-10-09T00:00:00.000,BROOKLYN,CARETAKER,CEASED,38557.00,per Annum,1462.57,16540.91,279.75,6508.25,2411.17
2021,996,NYC HOUSING AUTHORITY,2020-10-22T00:00:00.000,MANHATTAN,CARETAKER,ACTIVE,32950.00,per Annum,1336,21106.01,129,3118.66,1619.06
2021,996,NYC HOUSING AUTHORITY,2021-01-12T00:00:00.000,BROOKLYN,MAINTENANCE WORKER,ACTIVE,239.84,per Day,872,25902.96,0,0.00,41.26
2021,996,NYC HOUSING AUTHORITY,2020-09-17T00:00:00.000,MANHATTAN,SECRETARY,ACTIVE,36390.00,per Annum,1329,26798.98,0,0.00,0.00
2021,996,NYC HOUSING AUTHORITY,2020-08-13T00:00:00.000,MANHATTAN,CARETAKER,ON LEAVE,32950.00,per Annum,1460.5,22586.25,103.75,2330.94,1954.37
2021,996,NYC HOUSING AUTHORITY,2019-04-01T00:00:00.000,BROOKLYN,CARETAKER,ACTIVE,38557.00,per Annum,2080,31077.07,137.75,3350.20,2171.81
2021,996,NYC HOUSING AUTHORITY,2020-12-17T00:00:00.000,MANHATTAN,PROCUREMENT ANALYST,ACTIVE,75000.00,per Annum,889,36534.22,0,0.00,74.25
2021,996,NYC HOUSING AUTHORITY,2019-06-17T00:00:00.000,BRONX,CARETAKER,ACTIVE,38557.00,per Annum,2080,31393.96,108.75,2471.58,3019.08
2021,996,NYC HOUSING AUTHORITY,2019-01-28T00:00:00.000,QUEENS,CARETAKER,ACTIVE,38557.00,per Annum,2080,34742.35,30.5,737.51,1878.92
2021,996,NYC HOUSING AUTHORITY,2020-01-06T00:00:00.000,MANHATTAN,CARETAKER,ACTIVE,32950.00,per Annum,2080,32653.20,110.5,2396.70,2451.60
2021,996,NYC HOUSING AUTHORITY,2018-12-17T00:00:00.000,BROOKLYN,CARETAKER,ACTIVE,38557.00,per Annum,2080,34694.29,21.75,467.56,2688.12
2021,996,NYC HOUSING AUTHORITY,2018-12-10T00:00:00.000,BROOKLYN,CARETAKER,ACTIVE,38557.00,per Annum,2080,35138.07,24.5,630.84,2149.97
2021,996,NYC HOUSING AUTHORITY,2020-12-10T00:00:00.000,MANHATTAN,AGENCY ATTORNEY,ACTIVE,91563.00,per Annum,909,46358.53,0,0.00,0.00
2021,996,NYC HOUSING AUTHORITY,2014-01-21T00:00:00.000,QUEENS,CUSTOMER INFORMATION REPRESENTATIVE MA L 1549,ACTIVE,47823.00,per Annum,1590.75,35460.92,262.5,9133.85,2101.33
2021,996,NYC HOUSING AUTHORITY,1989-02-08T00:00:00.000,MANHATTAN,SECRETARY,ACTIVE,42135.00,per Annum,1820,42014.27,0,0.00,5203.76
2021,996,NYC HOUSING AUTHORITY,2019-08-19T00:00:00.000,RICHMOND,CARETAKER,ACTIVE,32950.00,per Annum,2080,32653.20,454.25,10973.43,3803.29
2021,996,NYC HOUSING AUTHORITY,2012-09-04T00:00:00.000,MANHATTAN,HOUSING EXTERMINATOR,ACTIVE,54820.00,per Annum,2080,54326.03,0,0.00,0.00
2021,996,NYC HOUSING AUTHORITY,2015-01-05T00:00:00.000,BROOKLYN,CARETAKER,ACTIVE,46278.00,per Annum,2080,45861.17,136.5,5277.00,3750.15
2021,996,NYC HOUSING AUTHORITY,2006-06-05T00:00:00.000,MANHATTAN,CARETAKER,ACTIVE,46278.00,per Annum,2080,45861.17,302.25,10660.36,-1560.26
2021,996,NYC HOUSING AUTHORITY,2017-04-03T00:00:00.000,QUEENS,HEATING PLANT TECHNICIAN,ACTIVE,54119.00,per Annum,2080,47771.66,120.25,4354.22,2889.61
2021,996,NYC HOUSING AUTHORITY,1991-01-07T00:00:00.000,MANHATTAN,COMMUNITY COORDINATOR,ACTIVE,68004.00,per Annum,1820,67808.98,0,0.00,1622.65
2021,996,NYC HOUSING AUTHORITY,2007-07-16T00:00:00.000,BRONX,ASSISTANT RESIDENT BUILDING SUPT,ACTIVE,76064.00,per Annum,2080,67174.89,0,0.00,2676.33
2021,996,NYC HOUSING AUTHORITY,2012-07-16T00:00:00.000,MANHATTAN,CARETAKER,ACTIVE,46278.00,per Annum,2080,45861.17,664.75,23334.49,1007.87
2021,996,NYC HOUSING AUTHORITY,2020-11-10T00:00:00.000,QUEENS,ELECTRICIANS HELPER,ACTIVE,271.18,per Day,1078,41761.84,460,26730.66,1859.53
2021,996,NYC HOUSING AUTHORITY,1996-11-20T00:00:00.000,MANHATTAN,ADMINISTRATIVE HOUSING SUPERINTENDENT,ACTIVE,112550.00,per Annum,1820,112227.41,0,0.00,0.00
2021,996,NYC HOUSING AUTHORITY,2001-05-04T00:00:00.000,BRONX,ADMINISTRATIVE HOUSING MANAGER,ACTIVE,129403.00,per Annum,1820,104056.06,127.25,7384.81,989.38
2021,996,NYC HOUSING AUTHORITY,2012-04-30T00:00:00.000,BROOKLYN,PLUMBER'S HELPER,ACTIVE,258.65,per Day,1820,67249.00,769.5,56866.05,83.14
2021,996,NYC HOUSING AUTHORITY,2018-12-17T00:00:00.000,MANHATTAN,CONSTRUCTION PROJECT MANAGER,ACTIVE,88054.00,per Annum,1820,87373.30,2,99.22,1249.42
2021,996,NYC HOUSING AUTHORITY,1991-10-24T00:00:00.000,BRONX,RESIDENT BUILDING SUPERINTENDENT,ACTIVE,87673.00,per Annum,1820,84807.19,192.75,10754.75,2370.50
2021,996,NYC HOUSING AUTHORITY,2011-11-07T00:00:00.000,MANHATTAN,ADMINISTRATIVE STAFF ANALYST,ACTIVE,168566.00,per Annum,1750,161616.92,0,0.00,0.00
2021,996,NYC HOUSING AUTHORITY,2018-12-10T00:00:00.000,BRONX,CARPENTER,ACTIVE,375.06,per Day,1820,97133.39,805.25,62434.79,750.12
2021,996,NYC HOUSING AUTHORITY,2020-03-16T00:00:00.000,MANHATTAN,CITY SEASONAL AIDE,ON LEAVE,40317.00,per Annum,1000,19020.84,0,0.00,8041.28
2021,996,NYC HOUSING AUTHORITY,2020-03-16T00:00:00.000,BRONX,CITY SEASONAL AIDE,CEASED,40317.00,per Annum,552,9379.90,0,0.00,6465.90
2021,996,NYC HOUSING AUTHORITY,2020-09-03T00:00:00.000,BRONX,HOUSING ASSISTANT,ACTIVE,39098.00,per Annum,1414,28943.29,0,0.00,0.00
2021,996,NYC HOUSING AUTHORITY,2014-05-19T00:00:00.000,BRONX,HOUSING ASSISTANT,ACTIVE,63367.00,per Annum,1820,59206.08,0,0.00,17.00
2021,996,NYC HOUSING AUTHORITY,2003-01-06T00:00:00.000,MANHATTAN,CARETAKER,ACTIVE,46278.00,per Annum,2080,45861.17,313.5,11336.49,2389.22
2021,996,NYC HOUSING AUTHORITY,2020-10-01T00:00:00.000,BROOKLYN,CARETAKER,ACTIVE,32950.00,per Annum,1456,22693.72,230.5,6134.28,1687.62
2021,996,NYC HOUSING AUTHORITY,2017-11-27T00:00:00.000,MANHATTAN,COMMUNITY COORDINATOR,ACTIVE,62215.00,per Annum,1820,59763.98,0,0.00,8.25
2021,996,NYC HOUSING AUTHORITY,2019-08-12T00:00:00.000,BROOKLYN,CARETAKER,ACTIVE,32950.00,per Annum,2080,32653.20,194.5,5014.40,2964.96
2021,996,NYC HOUSING AUTHORITY,2019-12-02T00:00:00.000,BRONX,CARETAKER,ACTIVE,32950.00,per Annum,2080,32653.20,212.5,4947.88,3134.05
2021,996,NYC HOUSING AUTHORITY,2019-03-25T00:00:00.000,MANHATTAN,EMERGENCY SERVICE AIDE,ACTIVE,38557.00,per Annum,2080,32837.54,261,6128.96,2168.29
2021,996,NYC HOUSING AUTHORITY,1993-02-01T00:00:00.000,MANHATTAN,SUPERVISOR OF HOUSING STOCK WORKERS,ACTIVE,63538.00,per Annum,1820,62965.52,0,0.00,1335.19
2021,996,NYC HOUSING AUTHORITY,2007-06-04T00:00:00.000,BROOKLYN,CARETAKER,ACTIVE,46278.00,per Annum,2080,45128.98,344.25,12694.59,855.25
2021,996,NYC HOUSING AUTHORITY,1991-08-30T00:00:00.000,MANHATTAN,SUPERVISOR OF HOUSING STOCK WORKERS,ACTIVE,63538.00,per Annum,1820,62965.52,5,173.50,1342.19
2021,996,NYC HOUSING AUTHORITY,2007-06-04T00:00:00.000,BROOKLYN,CARETAKER,ACTIVE,46278.00,per Annum,2080,45861.17,481,17094.03,1290.16
2021,996,NYC HOUSING AUTHORITY,1998-03-16T00:00:00.000,QUEENS,ASSISTANT HOUSING MANAGER,ACTIVE,68077.00,per Annum,1820,62796.23,13,460.40,1335.19
2021,996,NYC HOUSING AUTHORITY,2003-02-03T00:00:00.000,BROOKLYN,CARETAKER,ACTIVE,46278.00,per Annum,2080,45861.17,368,12977.72,5911.12
2021,996,NYC HOUSING AUTHORITY,2019-01-14T00:00:00.000,BROOKLYN,CARETAKER,ACTIVE,38557.00,per Annum,2080,34957.41,154.25,3852.60,3049.27
2021,996,NYC HOUSING AUTHORITY,2007-04-16T00:00:00.000,MANHATTAN,HOUSING ASSISTANT,CEASED,63367.00,per Annum,1457.5,50209.42,0,0.00,164.47
2021,996,NYC HOUSING AUTHORITY,1986-03-04T00:00:00.000,QUEENS,SECRETARY,ACTIVE,42242.00,per Annum,1820,42120.87,59.25,1612.54,6416.88
2021,996,NYC HOUSING AUTHORITY,2000-03-20T00:00:00.000,MANHATTAN,PLASTERER,ACTIVE,358.56,per Day,2080,93225.60,683.5,60932.80,1113.80
2021,996,NYC HOUSING AUTHORITY,1997-08-18T00:00:00.000,BROOKLYN,MAINTENANCE WORKER,ON LEAVE,249.28,per Day,2080,43992.94,97,4639.65,473.50
2021,996,NYC HOUSING AUTHORITY,2021-05-04T00:00:00.000,MANHATTAN,MAINTENANCE WORKER,ON LEAVE,239.84,per Day,232,5299.20,8.5,299.80,24.86
2021,996,NYC HOUSING AUTHORITY,2019-05-20T00:00:00.000,MANHATTAN,MAINTENANCE WORKER,CEASED,239.84,per Day,16,-0.96,16,659.56,1558.96
2021,996,NYC HOUSING AUTHORITY,2017-05-30T00:00:00.000,QUEENS,ELECTRICIANS HELPER,CEASED,260.05,per Day,0,0.00,0,0.00,783.34
2021,996,NYC HOUSING AUTHORITY,2021-06-07T00:00:00.000,BROOKLYN,CITY SEASONAL AIDE,ACTIVE,40317.00,per Annum,40,773.20,0,0.00,0.00
2021,996,NYC HOUSING AUTHORITY,2021-06-07T00:00:00.000,MANHATTAN,CITY SEASONAL AIDE,ACTIVE,40317.00,per Annum,40,773.20,0,0.00,0.00
2021,996,NYC HOUSING AUTHORITY,2001-04-16T00:00:00.000,BRONX,PLASTERER,ACTIVE,358.56,per Day,2080,45861.17,964,37998.42,7970.08
2021,996,NYC HOUSING AUTHORITY,2017-05-22T00:00:00.000,QUEENS,MAINTENANCE WORKER,ACTIVE,249.28,per Day,2080,63067.84,165.75,6937.00,13424.47
2021,996,NYC HOUSING AUTHORITY,1996-05-20T00:00:00.000,BROOKLYN,MAINTENANCE WORKER,ACTIVE,249.28,per Day,2080,64563.52,338,15950.39,2168.14
2021,996,NYC HOUSING AUTHORITY,1995-10-20T00:00:00.000,MANHATTAN,ADMINISTRATIVE STAFF ANALYST,ACTIVE,79246.00,per Annum,1820,79018.75,0,0.00,3431.05
2021,996,NYC HOUSING AUTHORITY,2000-01-18T00:00:00.000,MANHATTAN,ASSOCIATE STAFF ANALYST,ACTIVE,77083.00,per Annum,1820,76862.05,0,0.00,5451.26
2021,996,NYC HOUSING AUTHORITY,2013-03-18T00:00:00.000,MANHATTAN,PAINTER,ACTIVE,292.53,per Day,1820,76057.80,35.5,2225.34,3801.38
2021,996,NYC HOUSING AUTHORITY,2019-05-28T00:00:00.000,MANHATTAN,ADMINISTRATIVE INSPECTOR,ACTIVE,115000.00,per Annum,1820,115175.62,0,0.00,0.00
2021,996,NYC HOUSING AUTHORITY,2007-06-11T00:00:00.000,MANHATTAN,SUPERVISOR OF HOUSING CARETAKER,ACTIVE,55070.00,per Annum,2080,51537.48,655.25,24795.62,1074.39
2021,996,NYC HOUSING AUTHORITY,2020-01-13T00:00:00.000,BROOKLYN,MAINTENANCE WORKER,ACTIVE,239.84,per Day,2080,61399.04,312.5,13895.63,1867.49
2021,996,NYC HOUSING AUTHORITY,1997-10-06T00:00:00.000,QUEENS,MAINTENANCE WORKER,ACTIVE,249.28,per Day,2080,64812.80,18.75,876.38,127.58
2021,996,NYC HOUSING AUTHORITY,2012-12-03T00:00:00.000,BROOKLYN,CARETAKER,ACTIVE,46278.00,per Annum,2080,45080.73,403.25,13282.12,6854.86
2021,996,NYC HOUSING AUTHORITY,1995-02-06T00:00:00.000,MANHATTAN,ADMINISTRATIVE STAFF ANALYST,ACTIVE,152732.00,per Annum,1820,152061.79,0,0.00,1690.29
2021,996,NYC HOUSING AUTHORITY,1989-05-01T00:00:00.000,MANHATTAN,CONSTRUCTION PROJECT MANAGER,CEASED,78907.00,per Annum,0,0.00,0,0.00,203.53
2021,996,NYC HOUSING AUTHORITY,2018-04-16T00:00:00.000,MANHATTAN,PAINTER,ACTIVE,292.53,per Day,1820,76057.80,300,18805.68,940.28
2021,996,NYC HOUSING AUTHORITY,2002-02-04T00:00:00.000,QUEENS,RESIDENT BUILDING SUPERINTENDENT,ACTIVE,87673.00,per Annum,1820,82356.89,201.5,10876.02,1027.12
2021,996,NYC HOUSING AUTHORITY,1988-07-25T00:00:00.000,MANHATTAN,PRINCIPAL ADMINISTRATIVE ASSOCIATE -  NON SUPVR,ACTIVE,88855.00,per Annum,1820,87783.28,39.5,2109.82,4359.87
2021,996,NYC HOUSING AUTHORITY,1994-01-24T00:00:00.000,MANHATTAN,MAINTENANCE WORKER,ACTIVE,249.28,per Day,2080,64812.80,570.25,26772.67,2602.41
2021,996,NYC HOUSING AUTHORITY,1988-05-02T00:00:00.000,QUEENS,HEATING PLANT TECHNICIAN,ACTIVE,54119.00,per Annum,2080,53631.63,678,26377.73,5400.23
2021,996,NYC HOUSING AUTHORITY,2016-05-31T00:00:00.000,BROOKLYN,MAINTENANCE WORKER,ACTIVE,249.28,per Day,2080,63846.84,403.5,19188.55,2199.62
2021,996,NYC HOUSING AUTHORITY,1988-03-23T00:00:00.000,QUEENS,HEATING PLANT TECHNICIAN,ACTIVE,54119.00,per Annum,2080,53631.63,658,25012.29,6306.23
2021,996,NYC HOUSING AUTHORITY,2009-02-09T00:00:00.000,BRONX,CARETAKER,ACTIVE,46278.00,per Annum,2080,45861.17,818.25,31048.74,7703.85
2021,996,NYC HOUSING AUTHORITY,2014-02-24T00:00:00.000,MANHATTAN,ADMINISTRATIVE STAFF ANALYST,ACTIVE,160000.00,per Annum,1820,137278.98,0,0.00,0.00
2021,996,NYC HOUSING AUTHORITY,2014-06-09T00:00:00.000,BRONX,CARPENTER,ACTIVE,375.06,per Day,1820,97133.39,503,38597.42,0.00
2021,996,NYC HOUSING AUTHORITY,2014-11-03T00:00:00.000,MANHATTAN,SUPERVISOR PAINTER,ACTIVE,334.32,per Day,1820,86923.20,334,23927.76,2197.31
2021,996,NYC HOUSING AUTHORITY,2005-05-16T00:00:00.000,MANHATTAN,ADMINISTRATIVE STAFF ANALYST,ACTIVE,111000.00,per Annum,1820,110681.67,0,0.00,2241.43
2021,996,NYC HOUSING AUTHORITY,2013-02-19T00:00:00.000,QUEENS,PLASTERER,ACTIVE,358.56,per Day,2080,93225.60,216,19182.96,280.80
2021,996,NYC HOUSING AUTHORITY,2003-06-09T00:00:00.000,MANHATTAN,ELEVATOR MECHANIC,ACTIVE,398.48,per Day,2080,103604.80,16,1195.44,127.58
2021,996,NYC HOUSING AUTHORITY,1999-10-25T00:00:00.000,BRONX,HOUSING ASSISTANT,ACTIVE,63367.00,per Annum,1820,62796.23,175,7525.96,1472.81
2021,996,NYC HOUSING AUTHORITY,1988-02-01T00:00:00.000,MANHATTAN,CARETAKER,ACTIVE,46278.00,per Annum,2080,45861.17,528.75,20093.08,5503.75
2021,996,NYC HOUSING AUTHORITY,2018-01-08T00:00:00.000,MANHATTAN,MAINTENANCE WORKER,ACTIVE,249.28,per Day,2080,64812.80,117.75,5624.74,138.80
2021,996,NYC HOUSING AUTHORITY,2012-10-22T00:00:00.000,BRONX,HOUSING ASSISTANT,ACTIVE,63367.00,per Annum,1820,62796.23,0,0.00,0.00
2021,996,NYC HOUSING AUTHORITY,2019-08-12T00:00:00.000,MANHATTAN,CARETAKER,ON LEAVE,32950.00,per Annum,2080,32534.72,992,23789.27,6026.04
2021,996,NYC HOUSING AUTHORITY,2015-01-05T00:00:00.000,MANHATTAN,CARETAKER,ACTIVE,46278.00,per Annum,2080,44314.47,362.75,11998.46,5130.28
2021,996,NYC HOUSING AUTHORITY,2000-05-15T00:00:00.000,BROOKLYN,CARETAKER,ACTIVE,46278.00,per Annum,2080,45861.17,20,766.30,7070.74
2021,996,NYC HOUSING AUTHORITY,1997-02-24T00:00:00.000,MANHATTAN,EMERGENCY SERVICE AIDE,ACTIVE,46278.00,per Annum,2080,45861.17,113,3713.89,3896.33
2021,996,NYC HOUSING AUTHORITY,2017-01-30T00:00:00.000,MANHATTAN,INTERPRETER,ACTIVE,53557.00,per Annum,1820,53403.43,0,0.00,0.00
2021,996,NYC HOUSING AUTHORITY,2005-03-14T00:00:00.000,BRONX,CARETAKER,ACTIVE,46278.00,per Annum,2080,45861.17,75,2474.19,4808.00
2021,996,NYC HOUSING AUTHORITY,2005-12-12T00:00:00.000,MANHATTAN,CARETAKER,ACTIVE,46278.00,per Annum,2080,40870.48,277.25,10037.31,1990.23
2021,996,NYC HOUSING AUTHORITY,1999-05-03T00:00:00.000,BROOKLYN,CARETAKER,ACTIVE,46278.00,per Annum,2080,45861.17,0,0.00,7035.74
2021,996,NYC HOUSING AUTHORITY,2003-08-18T00:00:00.000,BRONX,CARETAKER,ACTIVE,46278.00,per Annum,2080,45861.17,50.25,1792.28,5201.98
2021,996,NYC HOUSING AUTHORITY,1989-10-23T00:00:00.000,MANHATTAN,SECRETARY,ACTIVE,47748.00,per Annum,1820,47611.11,0,0.00,5219.39
2021,996,NYC HOUSING AUTHORITY,2012-05-14T00:00:00.000,RICHMOND,CARETAKER,ACTIVE,46278.00,per Annum,2080,45861.17,210.75,7507.78,-821.37
2021,996,NYC HOUSING AUTHORITY,2020-01-06T00:00:00.000,BRONX,CARETAKER,ACTIVE,32950.00,per Annum,2080,31635.83,439,10196.03,3137.56
2021,996,NYC HOUSING AUTHORITY,2018-07-23T00:00:00.000,BROOKLYN,CARETAKER,ACTIVE,38557.00,per Annum,2080,35707.86,286.25,7225.65,1688.05
2021,996,NYC HOUSING AUTHORITY,2017-06-26T00:00:00.000,MANHATTAN,CARETAKER,ACTIVE,46278.00,per Annum,2080,40955.94,50.25,1738.73,1630.06
2021,996,NYC HOUSING AUTHORITY,1995-02-27T00:00:00.000,MANHATTAN,SECRETARY,CEASED,62941.00,per Annum,560,16891.24,0,0.32,18983.00
2021,996,NYC HOUSING AUTHORITY,2020-01-06T00:00:00.000,MANHATTAN,CARETAKER,ACTIVE,32950.00,per Annum,2080,32495.22,29.5,691.39,2571.95
2021,996,NYC HOUSING AUTHORITY,2019-12-16T00:00:00.000,MANHATTAN,CARETAKER,ACTIVE,32950.00,per Annum,2080,31860.51,43.75,955.66,2854.92
2021,996,NYC HOUSING AUTHORITY,2018-04-23T00:00:00.000,MANHATTAN,CARETAKER,ACTIVE,46278.00,per Annum,2080,31748.19,103.75,2788.95,1020.72
2021,996,NYC HOUSING AUTHORITY,1995-06-19T00:00:00.000,MANHATTAN,CARETAKER,CEASED,46278.00,per Annum,1120,17460.37,0,0.00,17939.50
2021,996,NYC HOUSING AUTHORITY,1992-04-20T00:00:00.000,BRONX,COMMUNITY ASSOCIATE,ON LEAVE,44203.00,per Annum,1376,33322.17,0,0.00,1974.17
2021,996,NYC HOUSING AUTHORITY,2021-01-05T00:00:00.000,MANHATTAN,ELEVATOR MECHANIC HELPER,ACTIVE,248.00,per Day,912,28272.25,114.5,6083.76,581.16
2021,996,NYC HOUSING AUTHORITY,2020-03-16T00:00:00.000,BRONX,CITY SEASONAL AIDE,CEASED,40317.00,per Annum,1000,17532.44,0,0.00,7065.12
2021,996,NYC HOUSING AUTHORITY,2020-01-27T00:00:00.000,BRONX,CARETAKER,ON LEAVE,32950.00,per Annum,1520,22235.65,20.75,405.55,1703.05
2021,996,NYC HOUSING AUTHORITY,2020-03-16T00:00:00.000,BRONX,CITY SEASONAL AIDE,CEASED,40317.00,per Annum,1000,19673.22,0,0.00,4329.92
2021,996,NYC HOUSING AUTHORITY,2019-09-09T00:00:00.000,MANHATTAN,CARPENTER,ON LEAVE,364.16,per Day,287.25,33151.94,30,2289.00,-11601.36
2021,996,NYC HOUSING AUTHORITY,2020-10-08T00:00:00.000,BROOKLYN,CARETAKER,ACTIVE,32950.00,per Annum,1376,20947.95,62.25,1553.42,771.44
2021,996,NYC HOUSING AUTHORITY,2020-11-10T00:00:00.000,BROOKLYN,CARETAKER,ACTIVE,32950.00,per Annum,1232,19084.06,128.25,3266.58,842.48
2021,996,NYC HOUSING AUTHORITY,2020-06-08T00:00:00.000,BROOKLYN,CITY SEASONAL AIDE,CEASED,40317.00,per Annum,1152,22263.12,0,0.00,927.85
2021,996,NYC HOUSING AUTHORITY,2021-03-24T00:00:00.000,BROOKLYN,CARPENTER,ACTIVE,375.06,per Day,406,20628.35,31.5,2397.71,0.00
2021,996,NYC HOUSING AUTHORITY,2020-03-16T00:00:00.000,MANHATTAN,CITY SEASONAL AIDE,CEASED,40317.00,per Annum,104,1932.98,0,0.00,3532.56
2021,996,NYC HOUSING AUTHORITY,2008-06-02T00:00:00.000,QUEENS,CARETAKER,ACTIVE,46278.00,per Annum,2080,45861.17,873,29266.03,6257.36
2021,996,NYC HOUSING AUTHORITY,1998-06-22T00:00:00.000,MANHATTAN,SECRETARY,CEASED,41954.00,per Annum,0,0.00,0,0.00,8101.48
2021,996,NYC HOUSING AUTHORITY,2020-08-06T00:00:00.000,BRONX,HOUSING ASSISTANT TRAINEE,ACTIVE,32265.00,per Annum,1554,33217.96,0,0.00,0.00
2021,996,NYC HOUSING AUTHORITY,2020-07-29T00:00:00.000,BRONX,CARETAKER,ACTIVE,32950.00,per Annum,1490.3,30229.10,140.5,3538.84,234.93
2021,996,NYC HOUSING AUTHORITY,2021-02-18T00:00:00.000,BRONX,CARETAKER,ACTIVE,32950.00,per Annum,1808,32530.10,66.5,1668.82,0.00
2021,996,NYC HOUSING AUTHORITY,2019-09-30T00:00:00.000,QUEENS,CARETAKER,ACTIVE,32950.00,per Annum,2040,31579.82,186,4697.15,-2069.65
2021,996,NYC HOUSING AUTHORITY,2020-02-10T00:00:00.000,BRONX,CARETAKER,ACTIVE,32950.00,per Annum,2080,31705.85,31.25,658.59,2116.67
2021,996,NYC HOUSING AUTHORITY,2020-06-23T00:00:00.000,MANHATTAN,CARETAKER,ACTIVE,32950.00,per Annum,1931.43,33481.25,24.5,614.46,441.84
2021,996,NYC HOUSING AUTHORITY,1994-05-02T00:00:00.000,MANHATTAN,MAINTENANCE WORKER,ACTIVE,249.28,per Day,2080,64812.80,0,0.00,9975.79
2021,996,NYC HOUSING AUTHORITY,2016-08-15T00:00:00.000,MANHATTAN,CARETAKER,ACTIVE,46278.00,per Annum,2080,42001.11,122.75,4189.47,1860.37
2021,996,NYC HOUSING AUTHORITY,2010-11-29T00:00:00.000,MANHATTAN,PAINTER,ACTIVE,292.53,per Day,1820,76057.80,383.25,24024.26,8075.21
2021,996,NYC HOUSING AUTHORITY,1985-08-23T00:00:00.000,MANHATTAN,ADMINISTRATIVE HOUSING MANAGER,CEASED,165848.00,per Annum,1120,101759.54,0,0.00,6424.90
2021,996,NYC HOUSING AUTHORITY,2017-06-19T00:00:00.000,BROOKLYN,CARETAKER,ACTIVE,46278.00,per Annum,2080,45758.77,16.5,545.17,2398.32
2021,996,NYC HOUSING AUTHORITY,2018-01-29T00:00:00.000,MANHATTAN,MAINTENANCE WORKER,CEASED,249.28,per Day,1816,56814.99,202.75,9781.98,960.49
2021,996,NYC HOUSING AUTHORITY,2011-07-05T00:00:00.000,BRONX,SUPERVISING HOUSING GROUNDSKEEPER,ACTIVE,65449.00,per Annum,2080,64859.47,784.25,36455.08,7952.40
2021,996,NYC HOUSING AUTHORITY,2006-06-19T00:00:00.000,BROOKLYN,CARETAKER,ACTIVE,46278.00,per Annum,2080,45861.17,0,0.00,3081.13
2021,996,NYC HOUSING AUTHORITY,2001-03-26T00:00:00.000,QUEENS,CONSTRUCTION PROJECT MANAGER,ACTIVE,92387.00,per Annum,1820,92122.11,0,0.00,8432.54
2021,996,NYC HOUSING AUTHORITY,2011-10-03T00:00:00.000,QUEENS,MAINTENANCE WORKER,ACTIVE,249.28,per Day,2080,64812.80,913,43403.17,10848.73
2021,996,NYC HOUSING AUTHORITY,2009-11-02T00:00:00.000,MANHATTAN,ELEVATOR MECHANIC,ACTIVE,398.48,per Day,2080,103604.80,178,15490.91,909.76
2021,996,NYC HOUSING AUTHORITY,1994-09-12T00:00:00.000,MANHATTAN,COMPUTER SYSTEMS MANAGER,ACTIVE,140000.00,per Annum,1820,117794.28,14,951.56,2684.97
2021,996,NYC HOUSING AUTHORITY,2006-06-19T00:00:00.000,RICHMOND,CARETAKER,ACTIVE,46278.00,per Annum,2080,45861.17,894.25,29956.00,5578.46
2021,996,NYC HOUSING AUTHORITY,2007-06-04T00:00:00.000,MANHATTAN,CARETAKER,ACTIVE,46278.00,per Annum,2080,45861.17,292,10503.64,1540.56
2021,996,NYC HOUSING AUTHORITY,2017-02-27T00:00:00.000,MANHATTAN,CARETAKER,ACTIVE,46278.00,per Annum,2080,45151.15,285,10020.70,2057.67
2021,996,NYC HOUSING AUTHORITY,2010-08-30T00:00:00.000,MANHATTAN,ASSOCIATE INSPECTOR,ACTIVE,77091.00,per Annum,2080,76870.09,0,0.00,2960.21
2021,996,NYC HOUSING AUTHORITY,1986-02-24T00:00:00.000,BRONX,CARETAKER,ACTIVE,46278.00,per Annum,2080,45861.17,779,28915.39,5267.96
2021,996,NYC HOUSING AUTHORITY,2003-06-23T00:00:00.000,QUEENS,MAINTENANCE WORKER,ACTIVE,249.28,per Day,1771.5,53953.90,7.75,1208.71,2165.16
2021,996,NYC HOUSING AUTHORITY,2014-11-16T00:00:00.000,MANHATTAN,ASSOCIATE STAFF ANALYST,ACTIVE,79371.00,per Annum,1820,78781.52,0,0.00,1842.65
2021,996,NYC HOUSING AUTHORITY,2021-05-19T00:00:00.000,BRONX,PAINTER,ACTIVE,292.53,per Day,126,5265.58,54.5,3416.37,0.00
2021,996,NYC HOUSING AUTHORITY,2020-11-19T00:00:00.000,BROOKLYN,CARETAKER,ACTIVE,32950.00,per Annum,1176,18199.19,16,378.74,7.00
2021,996,NYC HOUSING AUTHORITY,2020-12-23T00:00:00.000,BROOKLYN,CARETAKER,ACTIVE,32950.00,per Annum,961.15,15545.35,132.75,3422.45,14.00
2021,996,NYC HOUSING AUTHORITY,1994-06-06T00:00:00.000,MANHATTAN,CARETAKER,CEASED,46278.00,per Annum,240,-9796.23,0,0.00,14760.33
2021,996,NYC HOUSING AUTHORITY,2016-07-18T00:00:00.000,BROOKLYN,CARETAKER,ACTIVE,46278.00,per Annum,1872.85,30042.57,8.5,188.39,658.60
2021,996,NYC HOUSING AUTHORITY,2017-06-05T00:00:00.000,BROOKLYN,CARETAKER,ON LEAVE,46278.00,per Annum,1120,24283.22,166.5,6001.02,1491.24
2021,996,NYC HOUSING AUTHORITY,2013-05-13T00:00:00.000,BROOKLYN,MASONS HELPER,ON LEAVE,282.03,per Day,1190,61765.97,224.75,11638.88,-12760.59
2021,996,NYC HOUSING AUTHORITY,1992-06-01T00:00:00.000,BROOKLYN,PRINCIPAL ADMINISTRATIVE ASSOCIATE -  NON SUPVR,ACTIVE,73818.00,per Annum,1820,72926.17,0,0.00,2766.77
2021,996,NYC HOUSING AUTHORITY,2001-12-10T00:00:00.000,QUEENS,LEAD ABATEMENT WORKER,ACTIVE,53919.00,per Annum,2080,53351.46,5.25,207.09,7408.63
2021,996,NYC HOUSING AUTHORITY,2016-09-19T00:00:00.000,BROOKLYN,HOUSING ASSISTANT,ACTIVE,63367.00,per Annum,1820,61094.88,0,0.00,33.00
2021,996,NYC HOUSING AUTHORITY,2008-08-18T00:00:00.000,MANHATTAN,CARETAKER,ACTIVE,46278.00,per Annum,2000,40065.44,79.25,2792.80,-599.23
2021,996,NYC HOUSING AUTHORITY,2008-06-09T00:00:00.000,BRONX,CARETAKER,ACTIVE,46278.00,per Annum,2080,45861.17,882.25,34019.70,7522.65
2021,996,NYC HOUSING AUTHORITY,2016-12-12T00:00:00.000,MANHATTAN,ELEVATOR MECHANIC,ACTIVE,398.48,per Day,2080,103604.80,1207,98013.65,8395.78
2021,996,NYC HOUSING AUTHORITY,2017-03-27T00:00:00.000,BRONX,CARETAKER,ACTIVE,46278.00,per Annum,2080,45861.17,566.75,20277.68,3039.37
2021,996,NYC HOUSING AUTHORITY,2009-07-20T00:00:00.000,BROOKLYN,ASSISTANT RESIDENT BUILDING SUPT,ACTIVE,71246.00,per Annum,2080,67619.37,357.75,17317.52,2124.73
2021,996,NYC HOUSING AUTHORITY,1989-04-25T00:00:00.000,QUEENS,HOUSING MANAGER,ACTIVE,89063.00,per Annum,1820,85133.09,0,0.00,1335.19
2021,996,NYC HOUSING AUTHORITY,2019-03-04T00:00:00.000,MANHATTAN,PAINTER,ACTIVE,292.53,per Day,1645,70207.20,256.5,16078.90,0.00
2021,996,NYC HOUSING AUTHORITY,1996-08-26T00:00:00.000,BRONX,MAINTENANCE WORKER,ACTIVE,249.28,per Day,2080,64812.80,421.25,19797.25,1610.56
2021,996,NYC HOUSING AUTHORITY,2012-12-26T00:00:00.000,MANHATTAN,SUPERVISING HOUSING GROUNDSKEEPER,CEASED,56899.00,per Annum,1120,24716.02,292,10922.89,7493.68
2021,996,NYC HOUSING AUTHORITY,2002-02-25T00:00:00.000,QUEENS,CONSTRUCTION PROJECT MANAGER,ACTIVE,78140.00,per Annum,1820,77915.95,0,0.00,8130.77
2021,996,NYC HOUSING AUTHORITY,2010-04-19T00:00:00.000,QUEENS,SUPERVISING HOUSING GROUNDSKEEPER,ACTIVE,56899.00,per Annum,1894.5,48779.90,453.5,19507.84,617.31
2021,996,NYC HOUSING AUTHORITY,2020-02-03T00:00:00.000,MANHATTAN,CARETAKER,ACTIVE,32950.00,per Annum,2080,30801.53,424.25,9525.61,3204.75
2021,996,NYC HOUSING AUTHORITY,2018-02-26T00:00:00.000,MANHATTAN,EMERGENCY SERVICE AIDE,ACTIVE,46278.00,per Annum,2080,40473.14,75.5,1764.35,1485.06
2021,996,NYC HOUSING AUTHORITY,2000-10-02T00:00:00.000,MANHATTAN,ADMINISTRATIVE STAFF ANALYST,ACTIVE,124165.00,per Annum,1805,119521.02,0,0.00,2147.21
2021,996,NYC HOUSING AUTHORITY,2018-04-16T00:00:00.000,MANHATTAN,EXECUTIVE AGENCY COUNSEL,ACTIVE,122092.00,per Annum,1820,121741.94,0,0.00,0.00
2021,996,NYC HOUSING AUTHORITY,2017-06-05T00:00:00.000,RICHMOND,CARETAKER,ACTIVE,46278.00,per Annum,2080,45195.53,41.5,1361.29,4258.32
2021,996,NYC HOUSING AUTHORITY,2020-01-06T00:00:00.000,BROOKLYN,MAINTENANCE WORKER,ACTIVE,239.84,per Day,2080,62358.40,99,4452.03,1025.78
2021,996,NYC HOUSING AUTHORITY,1995-10-30T00:00:00.000,MANHATTAN,ADMINISTRATIVE HOUSING SUPERINTENDENT,ACTIVE,129403.00,per Annum,1820,123574.84,0,0.00,0.00
2021,996,NYC HOUSING AUTHORITY,2016-08-15T00:00:00.000,BRONX,CARETAKER,ACTIVE,46278.00,per Annum,2080,43775.50,174,5973.39,2196.97
2021,996,NYC HOUSING AUTHORITY,2020-02-24T00:00:00.000,BROOKLYN,CARETAKER,CEASED,31990.00,per Annum,50,458.58,0,0.00,168.35
2021,996,NYC HOUSING AUTHORITY,2011-08-22T00:00:00.000,MANHATTAN,PAINTER,CEASED,257.46,per Day,0,0.00,0,0.00,3698.33
2021,996,NYC HOUSING AUTHORITY,2021-05-23T00:00:00.000,MANHATTAN,CITY SEASONAL AIDE,CEASED,40317.00,per Annum,136,1546.28,0,0.00,0.00
2021,996,NYC HOUSING AUTHORITY,1989-10-16T00:00:00.000,QUEENS,ELECTRICIAN,ACTIVE,427.35,per Day,1820,110930.10,785.75,71753.28,10942.04
2021,996,NYC HOUSING AUTHORITY,2014-11-10T00:00:00.000,MANHATTAN,MAINTENANCE WORKER,ACTIVE,249.28,per Day,2080,64812.80,420.25,19808.96,12351.35
2021,996,NYC HOUSING AUTHORITY,1995-05-17T00:00:00.000,MANHATTAN,HOUSING MANAGER,ACTIVE,95934.00,per Annum,1820,95069.88,0,0.00,1335.19
2021,996,NYC HOUSING AUTHORITY,2020-03-16T00:00:00.000,BROOKLYN,CITY SEASONAL AIDE,CEASED,40317.00,per Annum,656,10708.75,0,0.00,6794.50
2021,996,NYC HOUSING AUTHORITY,1989-12-04T00:00:00.000,MANHATTAN,HOUSING MANAGER,ACTIVE,95934.00,per Annum,1820,95069.88,0,0.00,1335.19
2021,996,NYC HOUSING AUTHORITY,2015-05-11T00:00:00.000,RICHMOND,RESIDENT BUILDING SUPERINTENDENT,ACTIVE,87673.00,per Annum,1610,74718.79,390.5,22434.12,0.00
2021,996,NYC HOUSING AUTHORITY,2014-10-06T00:00:00.000,BROOKLYN,CARETAKER,ACTIVE,46278.00,per Annum,768.57,23314.39,32.75,1149.74,-7058.53
2021,996,NYC HOUSING AUTHORITY,2020-12-23T00:00:00.000,MANHATTAN,CARETAKER,ACTIVE,32950.00,per Annum,984,15166.21,69.25,1859.59,1450.74
2021,996,NYC HOUSING AUTHORITY,2019-09-23T00:00:00.000,MANHATTAN,AGENCY ATTORNEY,ACTIVE,91563.00,per Annum,1820,95949.31,0,0.00,1475.54
2021,996,NYC HOUSING AUTHORITY,2021-04-22T00:00:00.000,QUEENS,PLUMBER,ACTIVE,369.53,per Day,259,13672.56,34.5,3642.51,0.00
2021,996,NYC HOUSING AUTHORITY,1997-05-05T00:00:00.000,QUEENS,CARETAKER,CEASED,44930.00,per Annum,400,1718.63,0,0.00,15551.08
2021,56,POLICE DEPARTMENT,1998-12-20T00:00:00.000,QUEENS,SUPERVISOR OF SCHOOL SECURITY,ACTIVE,74344.00,per Annum,2080,72195.31,229,12654.69,8864.02
2021,56,POLICE DEPARTMENT,2017-03-06T00:00:00.000,BRONX,SCHOOL SAFETY AGENT,ACTIVE,38287.00,per Annum,2080,38132.94,0,0.00,3782.86
2021,56,POLICE DEPARTMENT,2017-10-18T00:00:00.000,RICHMOND,POLICE OFFICER,ACTIVE,47000.00,per Annum,2080,46043.06,598.48,11392.82,7590.83
2021,56,POLICE DEPARTMENT,2006-04-17T00:00:00.000,MANHATTAN,CLERICAL ASSOCIATE,ACTIVE,59377.00,per Annum,1820,59209.78,62.75,2860.19,2887.90
2021,56,POLICE DEPARTMENT,2017-05-01T00:00:00.000,BROOKLYN,POLICE ADMINISTRATIVE AIDE,ACTIVE,41848.00,per Annum,1820,41730.25,0,0.00,0.00
2021,56,POLICE DEPARTMENT,2018-01-10T00:00:00.000,BROOKLYN,POLICE OFFICER,ACTIVE,46000.00,per Annum,2080,45818.46,329.92,6184.31,7832.85
2021,56,POLICE DEPARTMENT,2014-06-24T00:00:00.000,BROOKLYN,SCHOOL SAFETY AGENT,ACTIVE,50207.00,per Annum,2080,50045.76,120.5,4336.57,5439.58
2021,56,POLICE DEPARTMENT,1998-12-20T00:00:00.000,BRONX,SCHOOL SAFETY AGENT,ACTIVE,50207.00,per Annum,2080,50045.76,52.5,2114.05,7642.31
2021,56,POLICE DEPARTMENT,2005-09-26T00:00:00.000,MANHATTAN,SCHOOL SAFETY AGENT,ON LEAVE,50207.00,per Annum,0,0.00,0,0.00,2293.53
2021,56,POLICE DEPARTMENT,2012-06-19T00:00:00.000,QUEENS,SCHOOL SAFETY AGENT,ACTIVE,50207.00,per Annum,2080,50045.76,116,4180.82,5511.35
2021,56,POLICE DEPARTMENT,2020-11-02T00:00:00.000,BROOKLYN,POLICE OFFICER,ACTIVE,47000.00,per Annum,1280,29613.69,0,0.00,992.66
2021,56,POLICE DEPARTMENT,1993-05-07T00:00:00.000,QUEENS,SCHOOL CROSSING GUARD,ACTIVE,15.45,per Hour,940.72,14534.09,0,0.00,775.24
2021,56,POLICE DEPARTMENT,2015-10-07T00:00:00.000,BROOKLYN,POLICE OFFICER,ACTIVE,85292.00,per Annum,2080,67441.39,172.08,5894.11,10485.21
2021,56,POLICE DEPARTMENT,2016-01-06T00:00:00.000,BROOKLYN,POLICE OFFICER,ACTIVE,63125.00,per Annum,2080,62794.50,274.33,7438.09,12965.64
2021,56,POLICE DEPARTMENT,1994-02-28T00:00:00.000,MANHATTAN,POLICE OFFICER,CEASED,85292.00,per Annum,99.08,4313.07,21.62,937.10,23549.13
2021,56,POLICE DEPARTMENT,1999-07-09T00:00:00.000,BRONX,SUPERVISOR OF SCHOOL SECURITY,ACTIVE,74344.00,per Annum,2080,72195.31,82.75,4553.22,5415.21
2021,56,POLICE DEPARTMENT,2010-01-11T00:00:00.000,MANHATTAN,P.O. DA DET GR3,ACTIVE,97324.00,per Annum,2080,97050.19,406.67,21142.06,14730.93
2021,56,POLICE DEPARTMENT,2004-07-01T00:00:00.000,QUEENS,POLICE OFFICER D/A DETECTIVE 2ND GR,ACTIVE,109360.00,per Annum,2080,102985.69,605.92,33602.83,20809.09
2021,56,POLICE DEPARTMENT,1995-06-30T00:00:00.000,QUEENS,P.O. DA DET GR3,ACTIVE,97324.00,per Annum,2080,97050.19,883.35,38465.70,21143.90
2021,56,POLICE DEPARTMENT,1996-07-26T00:00:00.000,QUEENS,POLICE OFFICER,ACTIVE,85292.00,per Annum,2080,85051.84,547.8,24440.94,22403.18
2021,56,POLICE DEPARTMENT,1996-07-18T00:00:00.000,MANHATTAN,POLICE OFFICER,ACTIVE,85292.00,per Annum,2080,85051.84,630.33,24867.46,21816.63
2021,56,POLICE DEPARTMENT,2002-07-22T00:00:00.000,MANHATTAN,SERGEANT-,ACTIVE,109360.00,per Annum,2080,109052.20,488.8,23962.23,23289.56
2021,56,POLICE DEPARTMENT,2015-02-17T00:00:00.000,MANHATTAN,RADIO REPAIR MECHANIC,ACTIVE,421.68,per Day,2080,109636.80,16,1278.22,4720.29
2021,56,POLICE DEPARTMENT,2005-07-11T00:00:00.000,MANHATTAN,P.O. DA DET GR3,ACTIVE,96502.00,per Annum,2080,96198.15,4,301.87,19095.57
2021,56,POLICE DEPARTMENT,2000-03-01T00:00:00.000,MANHATTAN,P.O. DA DET GR3,ACTIVE,97324.00,per Annum,2080,97050.19,679.97,35860.28,19839.75
2021,56,POLICE DEPARTMENT,2003-07-01T00:00:00.000,MANHATTAN,LIEUTENANT,ACTIVE,123939.00,per Annum,2080,122046.74,267.25,16692.03,19082.43
2021,56,POLICE DEPARTMENT,1989-07-05T00:00:00.000,BRONX,SERGEANT-,ACTIVE,109360.00,per Annum,2080,109052.20,271.08,16693.55,24869.81
2021,56,POLICE DEPARTMENT,2004-07-01T00:00:00.000,MANHATTAN,POLICE OFFICER D/A DETECTIVE 2ND GR,ACTIVE,109360.00,per Annum,2080,109052.20,302,25349.92,16176.26
2021,56,POLICE DEPARTMENT,1995-06-30T00:00:00.000,MANHATTAN,POLICE OFFICER D/A DETECTIVE 2ND GR,ACTIVE,109360.00,per Annum,2080,109052.20,512,24706.36,21278.76
2021,56,POLICE DEPARTMENT,2007-07-09T00:00:00.000,BROOKLYN,CAPTAIN,ACTIVE,138620.00,per Annum,2080,136682.84,0,0.00,18222.54
2021,56,POLICE DEPARTMENT,2007-01-10T00:00:00.000,MANHATTAN,SERGEANT-,ACTIVE,109360.00,per Annum,2080,109052.20,505.08,27336.27,18052.78
2021,56,POLICE DEPARTMENT,2017-08-25T00:00:00.000,BROOKLYN,POLICE COMMUNICATIONS TECHNICIAN,ACTIVE,53251.00,per Annum,1820,52476.40,52.1,1862.50,11422.05
2021,56,POLICE DEPARTMENT,2002-07-01T00:00:00.000,BROOKLYN,SERGEANT-,ACTIVE,89190.00,per Annum,2080,88709.45,117.6,7073.25,18486.81
2021,56,POLICE DEPARTMENT,2006-01-09T00:00:00.000,QUEENS,POLICE OFFICER,ACTIVE,85292.00,per Annum,2080,85051.84,206.67,7858.81,22078.53
2021,56,POLICE DEPARTMENT,2019-07-01T00:00:00.000,MANHATTAN,POLICE OFFICER,ACTIVE,45000.00,per Annum,2080,43544.83,425.97,7499.88,7933.34
2021,56,POLICE DEPARTMENT,2004-02-23T00:00:00.000,BRONX,SCHOOL SAFETY AGENT,ACTIVE,50207.00,per Annum,2080,50045.76,65,2352.72,5979.70
2021,56,POLICE DEPARTMENT,2020-01-06T00:00:00.000,BRONX,POLICE OFFICER,ACTIVE,42500.00,per Annum,2080,42380.45,187.55,3523.03,4561.43
2021,56,POLICE DEPARTMENT,1993-04-12T00:00:00.000,MANHATTAN,POLICE ADMINISTRATIVE AIDE,ACTIVE,41997.00,per Annum,1820,41878.70,12,320.24,7717.36
2021,56,POLICE DEPARTMENT,2012-07-11T00:00:00.000,MANHATTAN,POLICE OFFICER,ACTIVE,85292.00,per Annum,2080,85051.84,87.22,3645.34,13797.65
2021,56,POLICE DEPARTMENT,2005-01-10T00:00:00.000,BROOKLYN,POLICE OFFICER,ACTIVE,85292.00,per Annum,2080,85051.84,0,0.00,17801.97
2021,56,POLICE DEPARTMENT,2002-07-01T00:00:00.000,BRONX,POLICE OFFICER,ACTIVE,85292.00,per Annum,2080,85051.84,35.33,2433.95,15775.47
2021,56,POLICE DEPARTMENT,1997-04-14T00:00:00.000,MANHATTAN,SERGEANT-D/A SUPERVISOR DETECTIVE SQUAD,ACTIVE,111851.00,per Annum,2121.25,113808.42,506.5,38530.67,18602.14
2021,56,POLICE DEPARTMENT,2006-01-09T00:00:00.000,QUEENS,LIEUTENANT,ACTIVE,135511.00,per Annum,2080,131784.07,254.83,14192.69,25104.85
2021,56,POLICE DEPARTMENT,2005-07-11T00:00:00.000,QUEENS,LIEUTENANT,ACTIVE,122892.00,per Annum,2080,115725.57,630.5,31604.60,23941.25
2021,56,POLICE DEPARTMENT,1993-08-30T00:00:00.000,MANHATTAN,POLICE OFFICER D/A DETECTIVE 1ST GR,ACTIVE,125531.00,per Annum,2122.75,127947.54,349.13,25022.88,19159.55
2021,56,POLICE DEPARTMENT,2002-07-01T00:00:00.000,QUEENS,LIEUTENANT,ACTIVE,123939.00,per Annum,2080,122126.90,582.33,32912.00,26800.86
2021,56,POLICE DEPARTMENT,2017-01-04T00:00:00.000,BROOKLYN,POLICE OFFICER,ACTIVE,59401.00,per Annum,2080,59055.74,209.25,6125.45,8086.42
2021,56,POLICE DEPARTMENT,1996-08-08T00:00:00.000,BROOKLYN,ASSOCIATE TRAFFIC ENFORCEMENT AGENT,ACTIVE,68841.00,per Annum,2080,67538.26,27.25,1407.36,4382.26
2021,56,POLICE DEPARTMENT,2016-01-06T00:00:00.000,QUEENS,POLICE OFFICER,ACTIVE,63125.00,per Annum,2080,62794.50,52.42,2246.90,7971.27
2021,56,POLICE DEPARTMENT,2012-01-09T00:00:00.000,QUEENS,POLICE OFFICER,ACTIVE,85292.00,per Annum,2080,85051.84,44.83,1722.33,19652.92
2021,56,POLICE DEPARTMENT,2011-07-06T00:00:00.000,BRONX,POLICE OFFICER,ACTIVE,85292.00,per Annum,2080,85051.84,204,10371.74,11072.16
2021,56,POLICE DEPARTMENT,2007-05-29T00:00:00.000,RICHMOND,SCHOOL SAFETY AGENT,ACTIVE,50207.00,per Annum,2080,50045.76,230.75,8322.69,5626.43
2021,56,POLICE DEPARTMENT,2004-09-10T00:00:00.000,BROOKLYN,POLICE COMMUNICATIONS TECHNICIAN,ACTIVE,53251.00,per Annum,1820,49123.01,25.75,1212.00,13307.71
2021,56,POLICE DEPARTMENT,2007-05-29T00:00:00.000,BRONX,SCHOOL SAFETY AGENT,ACTIVE,50207.00,per Annum,2080,50045.76,27,973.82,5547.75
2021,56,POLICE DEPARTMENT,2019-04-15T00:00:00.000,BRONX,POLICE OFFICER,ACTIVE,45000.00,per Annum,2080,44079.07,304.62,5374.16,7107.59
2021,56,POLICE DEPARTMENT,2015-03-31T00:00:00.000,BROOKLYN,TRAFFIC ENFORCEMENT AGENT,ACTIVE,42947.00,per Annum,2080,42488.84,284.25,9406.86,4644.21
2021,56,POLICE DEPARTMENT,2010-09-29T00:00:00.000,MANHATTAN,SCHOOL SAFETY AGENT,ON LEAVE,50207.00,per Annum,0,0.00,0,0.00,3035.94
2021,56,POLICE DEPARTMENT,2018-07-02T00:00:00.000,MANHATTAN,POLICE OFFICER,ACTIVE,46000.00,per Annum,2080,45336.35,229.17,6635.72,4242.11
2021,56,POLICE DEPARTMENT,2012-02-10T00:00:00.000,BROOKLYN,SCHOOL SAFETY AGENT,ACTIVE,50207.00,per Annum,2080,48697.77,54.25,1956.70,5506.71
2021,56,POLICE DEPARTMENT,2012-06-19T00:00:00.000,RICHMOND,SCHOOL SAFETY AGENT,ACTIVE,50207.00,per Annum,2080,50045.76,9,324.61,5722.61
2021,56,POLICE DEPARTMENT,2020-01-06T00:00:00.000,MANHATTAN,POLICE OFFICER,ACTIVE,42500.00,per Annum,2080,42380.45,378.68,7301.57,6396.40
2021,56,POLICE DEPARTMENT,2001-03-02T00:00:00.000,BRONX,SCHOOL SAFETY AGENT,ACTIVE,50207.00,per Annum,2080,50045.76,2.5,91.13,5910.11
2021,56,POLICE DEPARTMENT,1998-12-20T00:00:00.000,QUEENS,SCHOOL SAFETY AGENT,ACTIVE,50207.00,per Annum,2080,50045.66,0,0.00,5977.46
2021,56,POLICE DEPARTMENT,1999-12-03T00:00:00.000,MANHATTAN,SCHOOL SAFETY AGENT,CEASED,47672.00,per Annum,0,0.00,0,0.00,3155.26
2021,56,POLICE DEPARTMENT,2000-09-29T00:00:00.000,MANHATTAN,POLICE OFFICER,CEASED,85292.00,per Annum,577.15,23595.16,161.82,6277.55,25759.87
2021,56,POLICE DEPARTMENT,2003-09-08T00:00:00.000,MANHATTAN,SCHOOL SAFETY AGENT,CEASED,47672.00,per Annum,0,0.00,0,0.00,3181.77
2021,56,POLICE DEPARTMENT,2016-01-06T00:00:00.000,BROOKLYN,POLICE OFFICER,ACTIVE,63125.00,per Annum,2080,62794.50,107.58,2886.73,13004.85
2021,56,POLICE DEPARTMENT,2005-01-11T00:00:00.000,MANHATTAN,SCHOOL SAFETY AGENT,CEASED,47672.00,per Annum,0,0.00,0,0.00,3195.03
2021,56,POLICE DEPARTMENT,2005-07-11T00:00:00.000,MANHATTAN,P.O. DA DET GR3,ACTIVE,97324.00,per Annum,2080,97050.19,253.35,13491.41,18981.37
2021,56,POLICE DEPARTMENT,2011-01-24T00:00:00.000,BROOKLYN,TRAFFIC ENFORCEMENT AGENT,ACTIVE,43334.00,per Annum,2080,43119.89,11,355.70,2655.67
2021,56,POLICE DEPARTMENT,2000-03-01T00:00:00.000,MANHATTAN,POLICE OFFICER,ACTIVE,85292.00,per Annum,2080,85000.74,329.67,22658.69,21409.71
2021,56,POLICE DEPARTMENT,2018-06-18T00:00:00.000,BROOKLYN,POLICE COMMUNICATIONS TECHNICIAN,ACTIVE,45228.00,per Annum,1962,43446.35,7.5,200.86,2423.00
2021,56,POLICE DEPARTMENT,2011-07-06T00:00:00.000,MANHATTAN,P.O. DA DET GR3,ACTIVE,97324.00,per Annum,2080,97050.19,369.55,17450.90,13400.41
2021,56,POLICE DEPARTMENT,2003-07-01T00:00:00.000,QUEENS,POLICE OFFICER,ACTIVE,85292.00,per Annum,2080,85051.84,518.77,19502.01,22813.25
2021,56,POLICE DEPARTMENT,2007-12-09T00:00:00.000,MANHATTAN,POLICE ADMINISTRATIVE AIDE,ACTIVE,42317.00,per Annum,1820,39653.16,0,0.00,6220.31
2021,56,POLICE DEPARTMENT,2004-07-01T00:00:00.000,MANHATTAN,POLICE OFFICER,ACTIVE,85292.00,per Annum,2080,85051.84,503.33,19407.95,22452.39
2021,56,POLICE DEPARTMENT,2008-01-07T00:00:00.000,BROOKLYN,P.O. DA DET GR3,ACTIVE,96302.00,per Annum,2080,85051.84,514.33,23385.37,18166.56
2021,56,POLICE DEPARTMENT,2008-01-07T00:00:00.000,QUEENS,POLICE OFFICER,ACTIVE,85292.00,per Annum,2080,85051.84,313.5,12111.54,21428.77
2021,56,POLICE DEPARTMENT,2014-07-09T00:00:00.000,BROOKLYN,POLICE OFFICER,ACTIVE,85292.00,per Annum,2080,85051.84,359.02,18566.90,14801.98
2021,56,POLICE DEPARTMENT,2006-01-09T00:00:00.000,QUEENS,POLICE OFFICER,ACTIVE,85292.00,per Annum,2080,85051.84,247.68,11606.21,21725.51
2021,56,POLICE DEPARTMENT,2007-01-10T00:00:00.000,BRONX,POLICE OFFICER,ACTIVE,85292.00,per Annum,2080,85051.84,281.83,12471.77,20767.41
2021,56,POLICE DEPARTMENT,2012-01-09T00:00:00.000,BROOKLYN,POLICE OFFICER,ACTIVE,85292.00,per Annum,2080,85051.84,336.22,18567.21,14487.95
2021,56,POLICE DEPARTMENT,2000-09-29T00:00:00.000,BROOKLYN,POLICE OFFICER,ACTIVE,85292.00,per Annum,2080,85051.84,222.83,8752.14,23606.10
2021,56,POLICE DEPARTMENT,2013-07-09T00:00:00.000,BRONX,POLICE OFFICER,ACTIVE,85292.00,per Annum,2080,85051.84,305.67,11832.62,19871.82
2021,56,POLICE DEPARTMENT,2014-02-25T00:00:00.000,MANHATTAN,SCHOOL SAFETY AGENT,ON LEAVE,50207.00,per Annum,1823.07,39822.71,0,0.00,5354.04
2021,56,POLICE DEPARTMENT,2019-09-16T00:00:00.000,QUEENS,TRAFFIC ENFORCEMENT AGENT,ACTIVE,41881.00,per Annum,2080,41671.64,38,1186.46,2211.04
2021,56,POLICE DEPARTMENT,2000-05-30T00:00:00.000,MANHATTAN,SCHOOL SAFETY AGENT,CEASED,50207.00,per Annum,1402.73,33742.60,12.5,455.65,5789.21
2021,56,POLICE DEPARTMENT,2000-09-29T00:00:00.000,MANHATTAN,SERGEANT-,CEASED,109360.00,per Annum,582.87,30553.08,47.73,2208.85,6505.69
2021,56,POLICE DEPARTMENT,1990-08-01T00:00:00.000,QUEENS,POLICE ADMINISTRATIVE AIDE,ACTIVE,42076.00,per Annum,1890,33202.06,0,0.00,5925.09
2021,56,POLICE DEPARTMENT,1977-11-18T00:00:00.000,QUEENS,SCHOOL CROSSING GUARD,ACTIVE,16.06,per Hour,1251.8,20103.92,0,0.00,1425.18
2021,56,POLICE DEPARTMENT,2000-03-01T00:00:00.000,MANHATTAN,POLICE OFFICER,CEASED,85292.00,per Annum,57.17,2330.52,0,0.00,19071.60
2021,56,POLICE DEPARTMENT,2016-10-12T00:00:00.000,BRONX,SCHOOL CROSSING GUARD,ACTIVE,15.45,per Hour,1311.03,20255.47,0,0.00,844.77
2021,56,POLICE DEPARTMENT,2009-07-14T00:00:00.000,BRONX,POLICE OFFICER,ACTIVE,85292.00,per Annum,2080,85051.84,32.5,1201.20,21428.77
2021,56,POLICE DEPARTMENT,2011-07-06T00:00:00.000,BROOKLYN,POLICE OFFICER,ACTIVE,85292.00,per Annum,2080,85051.84,168.45,9329.16,13352.59
2021,56,POLICE DEPARTMENT,2000-08-02T00:00:00.000,RICHMOND,SCHOOL CROSSING GUARD,ACTIVE,15.46,per Hour,1251.33,19345.61,0,0.00,1400.66
2021,56,POLICE DEPARTMENT,2020-12-29T00:00:00.000,QUEENS,POLICE OFFICER,ACTIVE,42500.00,per Annum,960,20143.87,0,0.00,469.45
2021,56,POLICE DEPARTMENT,2016-07-13T00:00:00.000,MANHATTAN,POLICE OFFICER,CEASED,59401.00,per Annum,271.43,7725.86,0,0.00,1604.73
2021,56,POLICE DEPARTMENT,2017-01-17T00:00:00.000,QUEENS,PLUMBER,ACTIVE,369.53,per Day,1820,96077.80,463.5,48936.33,633.48
2021,56,POLICE DEPARTMENT,1995-06-30T00:00:00.000,BRONX,POLICE OFFICER D/A DETECTIVE 2ND GR,ACTIVE,109360.00,per Annum,2080,109052.20,473.5,33061.41,21050.05
2021,56,POLICE DEPARTMENT,1998-07-01T00:00:00.000,BRONX,P.O. DA DET GR3,ACTIVE,97324.00,per Annum,2080,97050.19,547.67,28280.00,20449.56
2021,56,POLICE DEPARTMENT,1998-08-31T00:00:00.000,MANHATTAN,SERGEANT-,CEASED,109360.00,per Annum,1925.72,100962.65,709.18,35476.38,27340.22
2021,56,POLICE DEPARTMENT,2000-03-01T00:00:00.000,BROOKLYN,LIEUTENANT,ACTIVE,135511.00,per Annum,2080,133691.63,128.95,13378.65,18025.49
2021,56,POLICE DEPARTMENT,2001-07-02T00:00:00.000,QUEENS,POLICE OFFICER D/A DETECTIVE 2ND GR,ACTIVE,109360.00,per Annum,2080,109052.20,739.9,36547.49,19977.04
2021,56,POLICE DEPARTMENT,1995-11-20T00:00:00.000,QUEENS,POLICE SURGEON,ACTIVE,149006.00,per Annum,2080,148586.64,0,0.00,17866.08
2021,56,POLICE DEPARTMENT,2012-01-09T00:00:00.000,MANHATTAN,SERGEANT-,ACTIVE,109360.00,per Annum,2080,134993.82,205.47,14956.81,17363.31
2021,56,POLICE DEPARTMENT,2000-03-01T00:00:00.000,MANHATTAN,SERGEANT-,ACTIVE,109360.00,per Annum,2124.75,111855.65,586.47,34375.48,21339.51
2021,56,POLICE DEPARTMENT,2007-07-09T00:00:00.000,BROOKLYN,POLICE OFFICER,ACTIVE,85292.00,per Annum,2080,85051.84,515.83,20128.45,20442.75
2021,56,POLICE DEPARTMENT,2008-07-08T00:00:00.000,MANHATTAN,POLICE OFFICER,ACTIVE,85292.00,per Annum,2080,85051.84,528.53,20471.53,20649.18
2021,56,POLICE DEPARTMENT,2002-07-01T00:00:00.000,MANHATTAN,SERGEANT-,ACTIVE,109360.00,per Annum,2080,109052.20,229.7,16526.55,16895.28
2021,56,POLICE DEPARTMENT,2005-01-10T00:00:00.000,BROOKLYN,P.O. DA DET GR3,ACTIVE,97324.00,per Annum,2080,97050.19,587.25,27846.54,17997.92
2021,56,POLICE DEPARTMENT,2004-01-20T00:00:00.000,MANHATTAN,CAPTAIN,ACTIVE,141422.00,per Annum,2080,138452.02,0,0.00,20269.12
2021,56,POLICE DEPARTMENT,1992-12-02T00:00:00.000,BROOKLYN,POLICE OFFICER D/A DETECTIVE 2ND GR,ACTIVE,109360.00,per Annum,2080,109052.20,592.47,28506.04,21608.86
2021,56,POLICE DEPARTMENT,2007-07-09T00:00:00.000,BRONX,SERGEANT-,ACTIVE,109360.00,per Annum,2080,109052.20,663.8,33272.88,17116.79
2021,56,POLICE DEPARTMENT,2001-07-02T00:00:00.000,QUEENS,P.O. DA DET GR3,ACTIVE,97324.00,per Annum,2080,97050.19,439.27,29416.48,17061.54
2021,56,POLICE DEPARTMENT,1998-08-31T00:00:00.000,RICHMOND,SERGEANT-,ACTIVE,109360.00,per Annum,2080,109052.20,297.92,14078.50,20602.82
2021,56,POLICE DEPARTMENT,2003-07-01T00:00:00.000,BROOKLYN,P.O. DA DET GR3,ACTIVE,97324.00,per Annum,2080,97050.19,478.55,29425.39,17289.85
2021,56,POLICE DEPARTMENT,2019-10-07T00:00:00.000,MANHATTAN,POLICE OFFICER,CEASED,42500.00,per Annum,0,0.00,0,0.00,110.31
2021,56,POLICE DEPARTMENT,2020-11-02T00:00:00.000,MANHATTAN,POLICE OFFICER,CEASED,42500.00,per Annum,1329.15,26322.95,0.67,6.94,1219.09
2021,56,POLICE DEPARTMENT,2020-11-02T00:00:00.000,QUEENS,POLICE OFFICER,ACTIVE,42500.00,per Annum,1280,26897.31,0.67,6.94,941.26
2021,56,POLICE DEPARTMENT,1998-12-20T00:00:00.000,MANHATTAN,SCHOOL SAFETY AGENT,CEASED,48745.00,per Annum,0,0.00,0,0.00,3924.19
2021,56,POLICE DEPARTMENT,2017-08-28T00:00:00.000,MANHATTAN,SCHOOL CROSSING GUARD,ON LEAVE,15.45,per Hour,289.43,4436.98,0,0.00,0.00
2021,56,POLICE DEPARTMENT,2018-04-25T00:00:00.000,MANHATTAN,POLICE OFFICER,ON LEAVE,46000.00,per Annum,2080,9818.41,0,0.00,4039.37
2021,56,POLICE DEPARTMENT,2017-04-12T00:00:00.000,MANHATTAN,POLICE OFFICER,ON LEAVE,47000.00,per Annum,2080,6994.35,0,2.52,7060.52
2021,56,POLICE DEPARTMENT,2020-01-29T00:00:00.000,QUEENS,SCHOOL SAFETY AGENT,ACTIVE,34834.00,per Annum,2080,34722.12,7.5,187.68,1603.44
2021,56,POLICE DEPARTMENT,1998-12-20T00:00:00.000,MANHATTAN,SCHOOL SAFETY AGENT,CEASED,50207.00,per Annum,1288,30980.82,0,0.00,5976.68
2021,56,POLICE DEPARTMENT,1988-01-26T00:00:00.000,MANHATTAN,POLICE OFFICER D/A DETECTIVE 1ST GR,CEASED,125531.00,per Annum,0,0.00,0,0.00,37218.49
2021,56,POLICE DEPARTMENT,1997-04-15T00:00:00.000,MANHATTAN,LIEUTENANT,CEASED,131564.00,per Annum,108.57,6838.21,0,0.00,30746.63
2021,56,POLICE DEPARTMENT,2001-12-28T00:00:00.000,BROOKLYN,POLICE COMMUNICATIONS TECHNICIAN,ACTIVE,53275.00,per Annum,1680,42102.17,0,0.00,4945.09
2021,56,POLICE DEPARTMENT,2020-01-06T00:00:00.000,BRONX,POLICE OFFICER,ACTIVE,42500.00,per Annum,2080,42380.45,294.27,5213.55,6805.15
2021,56,POLICE DEPARTMENT,2017-07-05T00:00:00.000,BROOKLYN,POLICE OFFICER,ACTIVE,47000.00,per Annum,2080,46325.28,20.08,504.41,7615.74
2021,56,POLICE DEPARTMENT,2019-10-07T00:00:00.000,BROOKLYN,POLICE OFFICER,ACTIVE,45000.00,per Annum,2080,42887.29,282.42,5679.44,6152.75
2021,56,POLICE DEPARTMENT,2015-07-08T00:00:00.000,BROOKLYN,POLICE OFFICER,ACTIVE,85292.00,per Annum,2080,72846.49,306.33,12507.84,13356.67
2021,56,POLICE DEPARTMENT,1998-12-20T00:00:00.000,BRONX,SUPERVISOR OF SCHOOL SECURITY,ACTIVE,74344.00,per Annum,2080,72195.31,107.5,5934.99,11322.52
2021,56,POLICE DEPARTMENT,2003-05-05T00:00:00.000,BROOKLYN,TRAFFIC ENFORCEMENT AGENT,ACTIVE,46393.00,per Annum,2080,46262.49,523.5,18697.86,4657.40
2021,56,POLICE DEPARTMENT,2004-01-20T00:00:00.000,QUEENS,POLICE OFFICER,ACTIVE,85292.00,per Annum,2080,85051.84,33.95,2088.28,16552.62
2021,56,POLICE DEPARTMENT,2002-07-01T00:00:00.000,MANHATTAN,P.O. DET SPEC,ACTIVE,96302.00,per Annum,2080,85051.84,65.27,4185.28,14803.54
2021,56,POLICE DEPARTMENT,2012-01-09T00:00:00.000,MANHATTAN,POLICE OFFICER,ACTIVE,85292.00,per Annum,2080,85051.84,242.55,12246.29,15302.52
2021,56,POLICE DEPARTMENT,2002-07-01T00:00:00.000,MANHATTAN,POLICE OFFICER,ACTIVE,85292.00,per Annum,2080,85051.84,439.25,17270.73,22160.02
2021,56,POLICE DEPARTMENT,2014-07-09T00:00:00.000,QUEENS,POLICE OFFICER,ACTIVE,85292.00,per Annum,2080,85051.84,393.08,19391.83,20174.19
2021,56,POLICE DEPARTMENT,2010-07-06T00:00:00.000,BRONX,SERGEANT-,ACTIVE,89371.00,per Annum,2080,89028.78,416.9,17962.49,17771.06
2021,56,POLICE DEPARTMENT,2020-01-06T00:00:00.000,MANHATTAN,POLICE OFFICER,ACTIVE,42500.00,per Annum,2080,42380.45,239.25,4181.68,6560.09
2021,56,POLICE DEPARTMENT,2020-01-06T00:00:00.000,BROOKLYN,POLICE OFFICER,ACTIVE,42500.00,per Annum,2080,42380.45,312.83,5290.27,5607.37
2021,56,POLICE DEPARTMENT,2019-07-01T00:00:00.000,BRONX,POLICE OFFICER,ACTIVE,45000.00,per Annum,2080,43544.83,206.5,3867.13,6062.86
2021,56,POLICE DEPARTMENT,2007-01-22T00:00:00.000,BROOKLYN,SCHOOL SAFETY AGENT,ACTIVE,50207.00,per Annum,2080,50045.76,12,432.83,3057.87
2021,56,POLICE DEPARTMENT,2019-04-15T00:00:00.000,BRONX,POLICE OFFICER,ACTIVE,45000.00,per Annum,2080,44079.07,185.33,4429.81,5158.10
2021,56,POLICE DEPARTMENT,2016-08-26T00:00:00.000,BROOKLYN,POLICE COMMUNICATIONS TECHNICIAN,ACTIVE,53251.00,per Annum,1820,53101.02,114.67,3780.57,4845.62
2021,56,POLICE DEPARTMENT,2001-01-22T00:00:00.000,BRONX,SENIOR POLICE ADMINISTRATIVE AIDE,ACTIVE,56675.00,per Annum,1820,56515.60,0,3.07,5215.36
2021,56,POLICE DEPARTMENT,2015-09-18T00:00:00.000,BROOKLYN,POLICE COMMUNICATIONS TECHNICIAN,ACTIVE,53251.00,per Annum,1820,53101.02,21,641.31,8073.29
2021,56,POLICE DEPARTMENT,1980-11-24T00:00:00.000,RICHMOND,SENIOR POLICE ADMINISTRATIVE AIDE,ACTIVE,57117.00,per Annum,1820,56956.26,0,0.00,5214.87
2021,56,POLICE DEPARTMENT,2012-10-24T00:00:00.000,QUEENS,SCHOOL SAFETY AGENT,ACTIVE,50207.00,per Annum,2080,50045.76,186.5,6736.31,5731.78
2021,56,POLICE DEPARTMENT,1998-12-20T00:00:00.000,BROOKLYN,SCHOOL SAFETY AGENT,ACTIVE,50207.00,per Annum,2080,50045.76,176.5,6426.81,6057.79
2021,56,POLICE DEPARTMENT,1998-08-31T00:00:00.000,MANHATTAN,SERGEANT-D/A SPECIAL ASSIGNMENT,CEASED,125531.00,per Annum,0,0.00,0,0.00,24552.06
2021,56,POLICE DEPARTMENT,2016-10-11T00:00:00.000,RICHMOND,POLICE OFFICER,ACTIVE,63125.00,per Annum,2080,59947.90,53.83,1948.33,9017.29
2021,56,POLICE DEPARTMENT,2020-03-13T00:00:00.000,BROOKLYN,POLICE ADMINISTRATIVE AIDE,ACTIVE,36390.00,per Annum,1817,36227.92,0,0.00,6.97
2021,56,POLICE DEPARTMENT,1998-07-01T00:00:00.000,MANHATTAN,POLICE OFFICER,CEASED,85292.00,per Annum,350.32,14688.87,152.58,6076.90,23117.99
2021,56,POLICE DEPARTMENT,2015-07-08T00:00:00.000,RICHMOND,POLICE OFFICER,ACTIVE,85292.00,per Annum,2080,72846.49,187.33,5630.32,17219.89
2021,56,POLICE DEPARTMENT,2000-03-01T00:00:00.000,MANHATTAN,P.O. DA DET GR3,CEASED,97324.00,per Annum,1434.32,66920.82,175.37,13576.74,15004.15
2021,56,POLICE DEPARTMENT,2016-05-10T00:00:00.000,QUEENS,CRIMINALIST,ACTIVE,82196.00,per Annum,1820,81964.57,43.75,2435.92,786.23
2021,56,POLICE DEPARTMENT,2006-01-09T00:00:00.000,QUEENS,POLICE OFFICER,ACTIVE,85292.00,per Annum,2080,85051.84,609.33,35434.50,16645.96
2021,56,POLICE DEPARTMENT,2002-07-01T00:00:00.000,MANHATTAN,P.O. DA DET GR3,ACTIVE,97324.00,per Annum,2080,97050.19,368,18718.29,18609.47
2021,56,POLICE DEPARTMENT,2008-07-08T00:00:00.000,BROOKLYN,POLICE OFFICER,ACTIVE,85292.00,per Annum,2080,85051.84,126.12,8048.56,20907.29
2021,56,POLICE DEPARTMENT,1998-12-20T00:00:00.000,MANHATTAN,SCHOOL SAFETY AGENT,CEASED,47672.00,per Annum,0,0.00,0,0.00,2744.28
2021,56,POLICE DEPARTMENT,2005-07-11T00:00:00.000,MANHATTAN,POLICE OFFICER,CEASED,85292.00,per Annum,174.28,7120.60,0,0.00,4035.74
2021,56,POLICE DEPARTMENT,2015-06-19T00:00:00.000,MANHATTAN,SCHOOL CROSSING GUARD,ACTIVE,15.45,per Hour,740.58,11442.19,0,0.00,844.77
2021,56,POLICE DEPARTMENT,2019-07-09T00:00:00.000,BROOKLYN,POLICE COMMUNICATIONS TECHNICIAN,ACTIVE,40636.00,per Annum,1820,40457.20,41,1019.35,3404.79
2021,56,POLICE DEPARTMENT,2006-06-19T00:00:00.000,BROOKLYN,POLICE ADMINISTRATIVE AIDE,ACTIVE,41848.00,per Annum,1820,41730.25,0.02,0.41,3192.98
2021,56,POLICE DEPARTMENT,2020-01-06T00:00:00.000,BRONX,POLICE OFFICER,ACTIVE,42500.00,per Annum,2113,42934.85,160.67,2806.76,6770.98
2021,56,POLICE DEPARTMENT,2014-10-16T00:00:00.000,QUEENS,SCHOOL SAFETY AGENT,ACTIVE,41741.00,per Annum,2080,40995.67,210.25,6260.37,5344.88
2021,56,POLICE DEPARTMENT,2001-05-04T00:00:00.000,MANHATTAN,POLICE ADMINISTRATIVE AIDE,ACTIVE,46077.00,per Annum,1820,45947.38,5.25,159.80,6571.50
2021,56,POLICE DEPARTMENT,2015-10-07T00:00:00.000,QUEENS,POLICE OFFICER,ACTIVE,85292.00,per Annum,2080,67441.39,52.67,2565.37,9857.70
2021,56,POLICE DEPARTMENT,1993-06-04T00:00:00.000,BROOKLYN,POLICE ADMINISTRATIVE AIDE,ACTIVE,44517.00,per Annum,1820,44391.67,549.5,19757.34,9894.54
2021,56,POLICE DEPARTMENT,2004-07-01T00:00:00.000,QUEENS,P.O. DET SPEC,ACTIVE,97324.00,per Annum,2080,97050.19,271.95,19175.86,14704.08
2021,56,POLICE DEPARTMENT,2016-01-06T00:00:00.000,BROOKLYN,POLICE OFFICER,ACTIVE,63125.00,per Annum,2080,62794.50,67.75,3076.93,7983.96
2021,56,POLICE DEPARTMENT,2011-07-06T00:00:00.000,MANHATTAN,POLICE OFFICER,ACTIVE,85292.00,per Annum,2080,85051.84,367.92,14279.87,21286.10
2021,56,POLICE DEPARTMENT,2007-07-09T00:00:00.000,BRONX,POLICE OFFICER,ACTIVE,85292.00,per Annum,2080,85051.84,56.67,2105.53,20907.29
2021,56,POLICE DEPARTMENT,2005-07-11T00:00:00.000,BRONX,POLICE OFFICER,ACTIVE,85292.00,per Annum,2080,85051.84,18.5,672.99,22592.43
2021,56,POLICE DEPARTMENT,2012-07-11T00:00:00.000,MANHATTAN,POLICE OFFICER,ACTIVE,85292.00,per Annum,2080,85051.84,167.5,9158.29,14200.10
2021,56,POLICE DEPARTMENT,2001-07-02T00:00:00.000,BRONX,POLICE OFFICER,ACTIVE,85292.00,per Annum,2080,85051.84,134.33,6145.49,17363.75
2021,56,POLICE DEPARTMENT,2008-02-25T00:00:00.000,MANHATTAN,SCHOOL SAFETY AGENT,ACTIVE,50207.00,per Annum,2080,50045.76,64,2308.34,5670.06
2021,56,POLICE DEPARTMENT,2008-01-07T00:00:00.000,MANHATTAN,SERGEANT-,ACTIVE,109360.00,per Annum,2080,109052.20,115.33,6319.48,14864.18
2021,56,POLICE DEPARTMENT,2015-06-22T00:00:00.000,MANHATTAN,ECONOMIST,ACTIVE,67474.00,per Annum,1820,67283.99,0,0.00,0.00
2021,56,POLICE DEPARTMENT,2014-01-08T00:00:00.000,BRONX,POLICE OFFICER,ACTIVE,85292.00,per Annum,2080,85051.84,191.17,8790.99,15936.62
2021,56,POLICE DEPARTMENT,2007-12-10T00:00:00.000,QUEENS,ASSOCIATE TRAFFIC ENFORCEMENT AGENT,ACTIVE,51370.00,per Annum,2080,50403.72,318.25,12140.36,4496.52
2021,56,POLICE DEPARTMENT,2013-07-09T00:00:00.000,BROOKLYN,POLICE OFFICER,ACTIVE,85292.00,per Annum,2080,85051.84,551.93,30419.12,14289.88
2021,56,POLICE DEPARTMENT,2005-07-11T00:00:00.000,MANHATTAN,POLICE OFFICER,ACTIVE,85292.00,per Annum,2080,85051.84,288,18434.11,17051.83
2021,56,POLICE DEPARTMENT,2014-01-08T00:00:00.000,BROOKLYN,POLICE OFFICER,ACTIVE,85292.00,per Annum,2080,85051.84,425.5,15659.37,19745.85
2021,56,POLICE DEPARTMENT,2004-01-20T00:00:00.000,BROOKLYN,SERGEANT-,ACTIVE,89190.00,per Annum,2080,88851.12,212.5,12432.22,19054.25
2021,56,POLICE DEPARTMENT,2021-06-01T00:00:00.000,MANHATTAN,BOOKKEEPER,ACTIVE,38361.00,per Annum,95,1996.87,0,0.00,0.00
2021,56,POLICE DEPARTMENT,2012-01-09T00:00:00.000,MANHATTAN,POLICE OFFICER,ON LEAVE,85292.00,per Annum,2080,79074.72,200.92,8145.96,13152.92
2021,56,POLICE DEPARTMENT,2005-01-10T00:00:00.000,QUEENS,POLICE OFFICER,ACTIVE,85292.00,per Annum,2080,85051.84,8,551.08,15826.59
2021,56,POLICE DEPARTMENT,1992-11-04T00:00:00.000,BRONX,POLICE ADMINISTRATIVE AIDE,ACTIVE,41997.00,per Annum,1820,41878.70,0,0.00,6774.38
2021,56,POLICE DEPARTMENT,2019-09-16T00:00:00.000,QUEENS,TRAFFIC ENFORCEMENT AGENT,ACTIVE,41881.00,per Annum,2080,41671.64,197,5918.03,1000.86
2021,56,POLICE DEPARTMENT,2010-06-02T00:00:00.000,MANHATTAN,SUPERVISOR OF STOCK WORKERS,ACTIVE,47769.00,per Annum,1820,47615.66,23,693.47,222.75
2021,56,POLICE DEPARTMENT,2015-06-25T00:00:00.000,BROOKLYN,SCHOOL SAFETY AGENT,ACTIVE,40590.00,per Annum,2080,40428.66,80.25,2340.06,4913.76
2021,56,POLICE DEPARTMENT,2012-07-11T00:00:00.000,MANHATTAN,POLICE OFFICER,ON LEAVE,85292.00,per Annum,942.88,38551.07,0,0.00,9117.36
2021,56,POLICE DEPARTMENT,2000-03-01T00:00:00.000,MANHATTAN,POLICE OFFICER,CEASED,85292.00,per Annum,228.6,9341.59,47.53,3316.63,21152.80
2021,56,POLICE DEPARTMENT,2016-09-16T00:00:00.000,QUEENS,SCHOOL CROSSING GUARD,ACTIVE,15.45,per Hour,1261.7,19493.27,0,0.00,844.77
2021,56,POLICE DEPARTMENT,2008-06-19T00:00:00.000,QUEENS,SCHOOL CROSSING GUARD,ACTIVE,15.45,per Hour,1254.87,19387.70,0,0.00,844.77
2021,56,POLICE DEPARTMENT,1999-11-19T00:00:00.000,MANHATTAN,SCHOOL CROSSING GUARD,ACTIVE,15.46,per Hour,1147.17,17735.19,0,0.00,1355.87
2021,56,POLICE DEPARTMENT,2016-01-06T00:00:00.000,BRONX,POLICE OFFICER,ACTIVE,63125.00,per Annum,2080,62794.50,216.5,5643.93,12890.38
2021,56,POLICE DEPARTMENT,2003-04-11T00:00:00.000,BROOKLYN,SUPERVISING POLICE COMMUNICATIONS TECHNICIAN,ACTIVE,68612.00,per Annum,1820,68418.80,57.5,3071.13,9486.97
2021,56,POLICE DEPARTMENT,2011-09-26T00:00:00.000,BROOKLYN,SCHOOL SAFETY AGENT,ACTIVE,50207.00,per Annum,2080,49762.92,65.75,2369.40,5454.08
2021,56,POLICE DEPARTMENT,2005-07-11T00:00:00.000,MANHATTAN,POLICE OFFICER,ON LEAVE,85292.00,per Annum,1554.32,62230.76,70.25,4007.13,13946.77
2021,56,POLICE DEPARTMENT,2018-04-25T00:00:00.000,MANHATTAN,POLICE OFFICER,ACTIVE,46000.00,per Annum,2080,45525.36,241.55,5566.81,6556.22
2021,56,POLICE DEPARTMENT,2019-01-14T00:00:00.000,MANHATTAN,POLICE CADET,ACTIVE,16.80,per Hour,1823.4,30633.12,0,0.00,0.00
2021,56,POLICE DEPARTMENT,2018-06-04T00:00:00.000,BROOKLYN,SCHOOL CROSSING GUARD,ACTIVE,15.45,per Hour,1140.63,17622.84,0,0.00,844.77
2021,56,POLICE DEPARTMENT,2013-09-05T00:00:00.000,BROOKLYN,SCHOOL CROSSING GUARD,ACTIVE,15.45,per Hour,1090.78,16852.66,0,0.00,844.77
2021,56,POLICE DEPARTMENT,2015-07-08T00:00:00.000,BROOKLYN,POLICE OFFICER,ACTIVE,85292.00,per Annum,2080,72846.49,239.17,12565.12,11673.25
2021,56,POLICE DEPARTMENT,2005-09-16T00:00:00.000,BROOKLYN,SCHOOL CROSSING GUARD,ACTIVE,15.45,per Hour,1070.98,16546.79,0,0.00,878.75
2021,56,POLICE DEPARTMENT,2007-07-18T00:00:00.000,MANHATTAN,POLICE OFFICER,ACTIVE,85292.00,per Annum,2080,85051.84,183.63,11701.53,14657.87
2021,56,POLICE DEPARTMENT,2014-01-08T00:00:00.000,MANHATTAN,SERGEANT-,ACTIVE,89371.00,per Annum,2080,88992.10,139.9,7624.22,14163.98
2021,56,POLICE DEPARTMENT,2008-01-07T00:00:00.000,MANHATTAN,POLICE OFFICER,ACTIVE,85292.00,per Annum,2080,85051.84,107.08,5410.36,20083.29
2021,56,POLICE DEPARTMENT,2013-07-09T00:00:00.000,BRONX,SERGEANT-,ACTIVE,89371.00,per Annum,2080,88962.85,377.42,18748.87,15273.28
2021,56,POLICE DEPARTMENT,2016-01-06T00:00:00.000,BRONX,POLICE OFFICER,ACTIVE,63125.00,per Annum,2080,62794.50,29.08,1355.65,12637.63
2021,56,POLICE DEPARTMENT,2000-07-10T00:00:00.000,MANHATTAN,PRINCIPAL ADMINISTRATIVE ASSOCIATE -  NON SUPVR,ACTIVE,70879.00,per Annum,1820,70065.87,0,0.00,6412.22
2021,56,POLICE DEPARTMENT,2017-10-10T00:00:00.000,MANHATTAN,CRIME ANALYST,ACTIVE,67677.00,per Annum,1820,67486.52,27.25,1129.78,16.50
2021,56,POLICE DEPARTMENT,2016-10-11T00:00:00.000,RICHMOND,POLICE OFFICER,ACTIVE,63125.00,per Annum,2080,59947.90,103,3350.85,5023.63
2021,56,POLICE DEPARTMENT,1998-12-20T00:00:00.000,QUEENS,SCHOOL SAFETY AGENT,ACTIVE,50207.00,per Annum,2080,50045.76,130,4793.84,6565.51
2021,56,POLICE DEPARTMENT,2018-02-20T00:00:00.000,BROOKLYN,POLICE COMMUNICATIONS TECHNICIAN,ON SEPARATION LEAVE,53251.00,per Annum,1750,48713.07,128.38,3869.44,8655.23
2021,56,POLICE DEPARTMENT,2018-10-24T00:00:00.000,BROOKLYN,POLICE OFFICER,ACTIVE,46000.00,per Annum,2080,45029.55,342.42,9859.36,5652.77
2021,56,POLICE DEPARTMENT,1994-02-28T00:00:00.000,MANHATTAN,POLICE OFFICER D/A DETECTIVE 1ST GR,CEASED,125531.00,per Annum,234.32,14092.77,119,8796.35,37594.03
2021,56,POLICE DEPARTMENT,2017-10-18T00:00:00.000,BRONX,POLICE OFFICER,ACTIVE,47000.00,per Annum,2080,46043.06,298.65,9791.27,4157.44
2021,56,POLICE DEPARTMENT,2015-01-07T00:00:00.000,BROOKLYN,POLICE OFFICER,ACTIVE,85292.00,per Annum,2080,84081.80,555.58,24018.03,15331.34
2021,56,POLICE DEPARTMENT,2014-07-09T00:00:00.000,BRONX,POLICE OFFICER,ACTIVE,85292.00,per Annum,2080,85051.84,538,20422.79,18501.12
2021,56,POLICE DEPARTMENT,2004-01-20T00:00:00.000,BROOKLYN,SERGEANT-,ACTIVE,109360.00,per Annum,2080,109052.20,167.17,7559.33,21187.48
2021,56,POLICE DEPARTMENT,2017-03-06T00:00:00.000,BRONX,SCHOOL SAFETY AGENT,ACTIVE,38287.00,per Annum,2080,38132.94,330.5,9096.97,3846.41
2021,56,POLICE DEPARTMENT,2006-01-09T00:00:00.000,MANHATTAN,P.O. DA DET GR3,ACTIVE,96302.00,per Annum,2080,85051.84,763.6,31024.82,22140.75
2021,56,POLICE DEPARTMENT,2000-03-01T00:00:00.000,QUEENS,POLICE OFFICER,ACTIVE,85292.00,per Annum,2080,85051.84,925.25,30231.81,23010.76
2021,56,POLICE DEPARTMENT,2015-03-12T00:00:00.000,BROOKLYN,POLICE ADMINISTRATIVE AIDE,ACTIVE,50619.00,per Annum,1820,50476.51,0,0.00,211.72
2021,56,POLICE DEPARTMENT,2006-01-31T00:00:00.000,BROOKLYN,P.O. DA DET GR3,ACTIVE,97324.00,per Annum,2080,97050.19,515.42,26620.98,16147.39
2021,56,POLICE DEPARTMENT,2013-01-09T00:00:00.000,MANHATTAN,P.O. DA DET GR3,ACTIVE,96502.00,per Annum,2080,96170.21,592.2,31741.97,12194.49
2021,56,POLICE DEPARTMENT,2000-09-29T00:00:00.000,MANHATTAN,SERGEANT-,ACTIVE,109360.00,per Annum,2080,109052.20,196.07,9927.42,21796.43
2021,56,POLICE DEPARTMENT,2018-03-19T00:00:00.000,MANHATTAN,SCHOOL SAFETY AGENT,ACTIVE,37136.00,per Annum,2080,36985.60,181.85,4849.47,1642.28
2021,56,POLICE DEPARTMENT,2016-10-11T00:00:00.000,BROOKLYN,POLICE OFFICER,ACTIVE,63125.00,per Annum,2080,59947.90,624.92,15769.62,10336.25
2021,56,POLICE DEPARTMENT,1999-07-07T00:00:00.000,MANHATTAN,SERGEANT-,CEASED,109360.00,per Annum,234.32,12277.33,11.17,953.95,29775.35
2021,56,POLICE DEPARTMENT,2015-07-08T00:00:00.000,BROOKLYN,POLICE OFFICER,ACTIVE,85292.00,per Annum,2080,72846.49,37.17,2495.83,11019.41
2021,56,POLICE DEPARTMENT,2017-06-30T00:00:00.000,BROOKLYN,SCHOOL SAFETY AGENT,ACTIVE,38287.00,per Annum,2080,38132.94,110.75,3046.19,1589.85
2021,56,POLICE DEPARTMENT,2007-03-12T00:00:00.000,MANHATTAN,CITY CUSTODIAL ASSISTANT,ACTIVE,36915.00,per Annum,2080,36811.16,60.75,1766.01,3977.03
2021,56,POLICE DEPARTMENT,2000-09-29T00:00:00.000,MANHATTAN,SERGEANT-,CEASED,90685.00,per Annum,582.87,25335.65,0,0.00,6781.55
2021,56,POLICE DEPARTMENT,1993-08-30T00:00:00.000,MANHATTAN,POLICE OFFICER,ACTIVE,85292.00,per Annum,2080,85051.84,22.5,2254.80,23860.70
2021,56,POLICE DEPARTMENT,1998-07-01T00:00:00.000,MANHATTAN,SERGEANT-,CEASED,109360.00,per Annum,508.57,26657.28,0,0.00,4624.33
2021,56,POLICE DEPARTMENT,2001-07-02T00:00:00.000,BROOKLYN,P.O. DA DET GR3,ACTIVE,97324.00,per Annum,2080,97050.19,552.5,32531.14,19303.48
2021,56,POLICE DEPARTMENT,2010-07-06T00:00:00.000,QUEENS,LIEUTENANT,ACTIVE,123376.00,per Annum,2080,121515.43,165.17,14436.07,13784.54
2021,56,POLICE DEPARTMENT,1997-12-08T00:00:00.000,QUEENS,LIEUTENANT,ACTIVE,135511.00,per Annum,2080,133691.63,518.58,32469.01,25141.69
2021,56,POLICE DEPARTMENT,2001-07-02T00:00:00.000,MANHATTAN,LIEUTENANT,ACTIVE,135511.00,per Annum,2080,133415.36,539.75,41053.22,17894.78
2021,56,POLICE DEPARTMENT,1991-04-30T00:00:00.000,MANHATTAN,CAPTAIN,CEASED,171310.00,per Annum,1954.3,160503.10,0,0.00,32007.32
2021,56,POLICE DEPARTMENT,2008-01-07T00:00:00.000,MANHATTAN,SERGEANT-,ACTIVE,109360.00,per Annum,2080,144510.37,610.77,33530.69,20579.07
2021,56,POLICE DEPARTMENT,1981-01-26T00:00:00.000,MANHATTAN,CAPTAIN D/A DEPUTY CHIEF INSPECTOR,ACTIVE,200011.00,per Annum,2080,199447.93,0,0.00,25062.01
2021,56,POLICE DEPARTMENT,2020-12-29T00:00:00.000,MANHATTAN,POLICE OFFICER,CEASED,42500.00,per Annum,37.15,1339.11,0,0.00,84.71
2021,56,POLICE DEPARTMENT,2007-11-20T00:00:00.000,MANHATTAN,SCHOOL SAFETY AGENT,ON LEAVE,50207.00,per Annum,0,0.00,0,0.00,3844.64
