fiscal_year,payroll_number,agency_name,agency_start_date,work_location_borough,title_description,leave_status_as_of_june_30,base_salary,pay_basis,regular_hours,regular_gross_paid,ot_hours,total_ot_paid,total_other_pay
2020,67,ADMIN FOR CHILDREN'S SVCS,2019-04-22T00:00:00.000,BROOKLYN,YOUTH DEVELOPMENT SPECIALIST,ACTIVE,45759.00,per Annum,1645,39643.70,207.25,6733.91,150.52
2020,67,ADMIN FOR CHILDREN'S SVCS,2019-01-21T00:00:00.000,MANHATTAN,CLERICAL ASSOCIATE,ACTIVE,47771.00,per Annum,1820,46488.62,0,0.00,0.00
2020,67,ADMIN FOR CHILDREN'S SVCS,2016-09-26T00:00:00.000,MANHATTAN,COMMUNITY ASSOCIATE,ACTIVE,47610.00,per Annum,1820,46215.52,0,0.00,8.25
2020,67,ADMIN FOR CHILDREN'S SVCS,2006-05-08T00:00:00.000,BRONX,CLERICAL ASSOCIATE,ACTIVE,44349.00,per Annum,1820,42192.72,42.5,1042.71,1997.19
2020,67,ADMIN FOR CHILDREN'S SVCS,2004-05-24T00:00:00.000,QUEENS,CLERICAL ASSOCIATE,ACTIVE,41848.00,per Annum,1820,41205.35,0,0.00,3954.41
2020,67,ADMIN FOR CHILDREN'S SVCS,2006-04-10T00:00:00.000,MANHATTAN,COMMUNITY COORDINATOR,ON LEAVE,65948.00,per Annum,658,7251.12,0,0.00,55.27
2020,67,ADMIN FOR CHILDREN'S SVCS,2019-10-15T00:00:00.000,MANHATTAN,PRINCIPAL ADMINISTRATIVE ASSOCIATE -  NON SUPVR,CEASED,28.19,per Hour,220.75,6222.94,0,0.00,0.00
2020,67,ADMIN FOR CHILDREN'S SVCS,2019-02-04T00:00:00.000,QUEENS,CHILD PROTECTIVE SPECIALIST,CEASED,49279.00,per Annum,105,2830.09,46.75,1621.73,1516.83
2020,67,ADMIN FOR CHILDREN'S SVCS,2019-07-01T00:00:00.000,MANHATTAN,SUMMER COLLEGE INTERN,CEASED,15.50,per Hour,371,5750.50,0,0.00,217.00
2020,67,ADMIN FOR CHILDREN'S SVCS,2019-10-28T00:00:00.000,MANHATTAN,YOUTH DEVELOPMENT SPECIALIST,CEASED,45759.00,per Annum,246.25,5594.46,0,0.00,16.28
2020,67,ADMIN FOR CHILDREN'S SVCS,2007-02-19T00:00:00.000,MANHATTAN,PRINCIPAL ADMINISTRATIVE ASSOCIATE -  NON SUPVR,CEASED,59519.00,per Annum,70,3766.69,0,0.00,236.32
2020,67,ADMIN FOR CHILDREN'S SVCS,2019-06-24T00:00:00.000,BROOKLYN,SUMMER COLLEGE INTERN,CEASED,15.50,per Hour,249.15,3861.83,0,0.00,108.50
2020,67,ADMIN FOR CHILDREN'S SVCS,2019-07-09T00:00:00.000,MANHATTAN,SUMMER COLLEGE INTERN,CEASED,15.50,per Hour,220.12,3411.81,0,0.00,108.50
2020,67,ADMIN FOR CHILDREN'S SVCS,2019-07-09T00:00:00.000,MANHATTAN,SUMMER COLLEGE INTERN,CEASED,15.50,per Hour,216.2,3351.11,0,0.00,108.50
2020,67,ADMIN FOR CHILDREN'S SVCS,2016-05-09T00:00:00.000,MANHATTAN,STAFF ANALYST,CEASED,66875.00,per Annum,70,2562.06,0,0.00,0.00
2020,67,ADMIN FOR CHILDREN'S SVCS,2018-12-24T00:00:00.000,MANHATTAN,ASSOCIATE STAFF ANALYST,CEASED,65731.00,per Annum,70,2518.24,0,0.00,0.00
2020,67,ADMIN FOR CHILDREN'S SVCS,2015-09-08T00:00:00.000,MANHATTAN,AGENCY ATTORNEY,CEASED,79552.00,per Annum,0,1965.44,0,0.00,67.83
2020,67,ADMIN FOR CHILDREN'S SVCS,2019-09-16T00:00:00.000,BRONX,AGENCY ATTORNEY INTERNE,CEASED,71757.00,per Annum,42,1629.00,0,0.00,0.00
2020,67,ADMIN FOR CHILDREN'S SVCS,2014-12-01T00:00:00.000,MANHATTAN,AGENCY ATTORNEY,ON LEAVE,82137.00,per Annum,0,1200.94,0,0.00,46.28
2020,67,ADMIN FOR CHILDREN'S SVCS,2011-07-18T00:00:00.000,BRONX,AGENCY ATTORNEY,CEASED,77801.00,per Annum,0,872.10,0,0.00,52.93
2020,67,ADMIN FOR CHILDREN'S SVCS,2016-12-12T00:00:00.000,MANHATTAN,AGENCY ATTORNEY,CEASED,74909.00,per Annum,0,773.89,0,0.00,0.00
2020,67,ADMIN FOR CHILDREN'S SVCS,2018-04-23T00:00:00.000,BROOKLYN,CHILD PROTECTIVE SPECIALIST,CEASED,53519.00,per Annum,0,0.00,10,366.17,0.00
2020,67,ADMIN FOR CHILDREN'S SVCS,2014-10-06T00:00:00.000,MANHATTAN,AGENCY ATTORNEY,CEASED,77801.00,per Annum,0,290.20,0,0.00,10.05
2020,67,ADMIN FOR CHILDREN'S SVCS,2018-02-05T00:00:00.000,BRONX,CHILD PROTECTIVE SPECIALIST,CEASED,53519.00,per Annum,0,0.00,4,153.99,0.00
2020,67,ADMIN FOR CHILDREN'S SVCS,1999-09-13T00:00:00.000,MANHATTAN,PROGRAM EVALUATOR,CEASED,87473.00,per Annum,0,-299.57,0,0.00,299.57
2020,67,ADMIN FOR CHILDREN'S SVCS,1996-06-23T00:00:00.000,MANHATTAN,SUPERVISOR II,CEASED,67234.00,per Annum,35,-294.82,0,0.00,294.82
2020,67,ADMIN FOR CHILDREN'S SVCS,2006-10-16T00:00:00.000,BRONX,CHILD PROTECTIVE SPECIALIST,CEASED,54720.00,per Annum,0,-3801.97,0,0.00,3801.97
2020,67,ADMIN FOR CHILDREN'S SVCS,2017-07-10T00:00:00.000,BROOKLYN,JUVENILE COUNSELOR,CEASED,44426.00,per Annum,0,-5178.09,0,5.92,4.13
2020,67,ADMIN FOR CHILDREN'S SVCS,2019-09-16T00:00:00.000,BROOKLYN,AGENCY ATTORNEY INTERNE,ACTIVE,71757.00,per Annum,1400,43564.99,0,0.00,33.00
2020,67,ADMIN FOR CHILDREN'S SVCS,2016-11-14T00:00:00.000,BROOKLYN,CHILD PROTECTIVE SPECIALIST,ACTIVE,60327.00,per Annum,1385,39339.76,99,3490.64,633.36
2020,67,ADMIN FOR CHILDREN'S SVCS,2019-08-26T00:00:00.000,BROOKLYN,YOUTH DEVELOPMENT SPECIALIST,ON LEAVE,45759.00,per Annum,1512.25,38704.39,112.5,3865.95,585.00
2020,67,ADMIN FOR CHILDREN'S SVCS,2019-11-18T00:00:00.000,MANHATTAN,PROGRAM EVALUATOR,ACTIVE,76745.00,per Annum,1085,41916.17,0,0.00,0.00
2020,67,ADMIN FOR CHILDREN'S SVCS,2019-09-09T00:00:00.000,MANHATTAN,CONGREG CARE SPEC - ACS,ACTIVE,42731.00,per Annum,1435,33174.37,144.25,3953.34,3052.95
2020,67,ADMIN FOR CHILDREN'S SVCS,2019-08-26T00:00:00.000,BROOKLYN,YOUTH DEVELOPMENT SPECIALIST,ACTIVE,45759.00,per Annum,1333.75,39332.84,11.75,340.45,136.14
2020,67,ADMIN FOR CHILDREN'S SVCS,2020-01-09T00:00:00.000,MANHATTAN,ADMINISTRATIVE DIRECTOR OF RESIDENTIAL CHILD CARE,ACTIVE,85000.00,per Annum,840,39016.44,0,0.00,35.11
2020,67,ADMIN FOR CHILDREN'S SVCS,2019-10-15T00:00:00.000,MANHATTAN,COMMUNITY COORDINATOR,ACTIVE,56650.00,per Annum,1253,38735.90,0,0.00,0.00
2020,67,ADMIN FOR CHILDREN'S SVCS,2019-02-04T00:00:00.000,MANHATTAN,CHILD PROTECTIVE SPECIALIST,CEASED,55125.00,per Annum,1190,34814.21,40,1443.91,2309.50
2020,67,ADMIN FOR CHILDREN'S SVCS,2019-11-25T00:00:00.000,BRONX,PROTECTION AGENT,ACTIVE,66809.00,per Annum,1200,38333.10,0,0.00,0.00
2020,67,ADMIN FOR CHILDREN'S SVCS,2004-04-19T00:00:00.000,MANHATTAN,COMMUNITY ASSISTANT,ACTIVE,37398.00,per Annum,1820,36823.81,21.75,508.69,598.77
2020,67,ADMIN FOR CHILDREN'S SVCS,2019-04-29T00:00:00.000,BROOKLYN,CHILD PROTECTIVE SPECIALIST,ACTIVE,50757.00,per Annum,1364,37698.24,0,0.00,8.25
2020,67,ADMIN FOR CHILDREN'S SVCS,2019-10-07T00:00:00.000,MANHATTAN,CONGREG CARE SPEC - ACS,ACTIVE,42731.00,per Annum,1295,30007.14,172.25,5392.23,1792.87
2020,67,ADMIN FOR CHILDREN'S SVCS,2019-09-23T00:00:00.000,BRONX,YOUTH DEVELOPMENT SPECIALIST,ACTIVE,45759.00,per Annum,1295,35138.44,26.25,864.06,392.80
2020,67,ADMIN FOR CHILDREN'S SVCS,2018-10-01T00:00:00.000,BROOKLYN,YOUTH DEVELOPMENT SPECIALIST,ACTIVE,49318.00,per Annum,1400,32329.86,82.75,2617.01,1268.23
2020,67,ADMIN FOR CHILDREN'S SVCS,2016-06-27T00:00:00.000,BRONX,*COOK,ON LEAVE,41388.00,per Annum,1920,32403.17,37.75,1174.10,877.51
2020,67,ADMIN FOR CHILDREN'S SVCS,2019-11-12T00:00:00.000,BROOKLYN,CHILD PROTECTIVE SPECIALIST,ACTIVE,55125.00,per Annum,1113,31277.75,47,1771.07,71.56
2020,67,ADMIN FOR CHILDREN'S SVCS,1996-06-23T00:00:00.000,QUEENS,CHILD WELFARE SPECIALIST,ACTIVE,65138.00,per Annum,1015,29799.81,17.5,670.86,2221.60
2020,67,ADMIN FOR CHILDREN'S SVCS,2019-11-12T00:00:00.000,QUEENS,CHILD PROTECTIVE SPECIALIST,ACTIVE,55125.00,per Annum,1113,31153.39,39.5,1257.09,13.81
2020,67,ADMIN FOR CHILDREN'S SVCS,2019-11-12T00:00:00.000,MANHATTAN,CHILD PROTECTIVE SPECIALIST,ACTIVE,55125.00,per Annum,1113,31347.54,21.5,736.96,136.47
2020,67,ADMIN FOR CHILDREN'S SVCS,2007-11-19T00:00:00.000,BROOKLYN,CHILD PROTECTIVE SPECIALIST,CEASED,60327.00,per Annum,910,28716.99,34.75,1354.78,2114.64
2020,67,ADMIN FOR CHILDREN'S SVCS,2016-11-29T00:00:00.000,MANHATTAN,ADMINISTRATIVE STAFF ANALYST,CEASED,114000.00,per Annum,490,30531.44,0,0.00,579.74
2020,67,ADMIN FOR CHILDREN'S SVCS,2008-09-08T00:00:00.000,RICHMOND,CHILD WELFARE SPECIALIST SUPERVISOR,ACTIVE,81126.00,per Annum,270.75,29819.01,0,0.00,311.18
2020,67,ADMIN FOR CHILDREN'S SVCS,2017-02-13T00:00:00.000,RICHMOND,AGENCY ATTORNEY,CEASED,79552.00,per Annum,112,8750.10,0,0.00,20310.74
2020,67,ADMIN FOR CHILDREN'S SVCS,2019-11-25T00:00:00.000,BROOKLYN,YOUTH DEVELOPMENT SPECIALIST,ACTIVE,45759.00,per Annum,1050,25325.53,70.5,2060.01,132.65
2020,67,ADMIN FOR CHILDREN'S SVCS,2019-07-22T00:00:00.000,BRONX,CHILD PROTECTIVE SPECIALIST,CEASED,55125.00,per Annum,980,26054.37,15.25,476.51,96.14
2020,67,ADMIN FOR CHILDREN'S SVCS,2020-01-21T00:00:00.000,MANHATTAN,STAFF ANALYST,ACTIVE,57590.00,per Annum,763,24011.58,0,0.00,0.00
2020,67,ADMIN FOR CHILDREN'S SVCS,2019-11-12T00:00:00.000,BROOKLYN,CHILD PROTECTIVE SPECIALIST,CEASED,55125.00,per Annum,833,22972.98,31.75,1014.02,22.06
2020,67,ADMIN FOR CHILDREN'S SVCS,2019-12-30T00:00:00.000,MANHATTAN,CONGREG CARE SPEC - ACS,ACTIVE,41486.00,per Annum,875,19833.98,86,2293.99,648.21
2020,67,ADMIN FOR CHILDREN'S SVCS,2019-03-25T00:00:00.000,BRONX,YOUTH DEVELOPMENT SPECIALIST,CEASED,45759.00,per Annum,707.25,16779.71,92.25,2729.88,1072.44
2020,67,ADMIN FOR CHILDREN'S SVCS,2018-07-09T00:00:00.000,BRONX,YOUTH DEVELOPMENT SPECIALIST,ACTIVE,49318.00,per Annum,660,17926.75,20.25,604.00,372.52
2020,67,ADMIN FOR CHILDREN'S SVCS,2020-02-24T00:00:00.000,MANHATTAN,STAFF ANALYST,ACTIVE,57590.00,per Annum,595,18724.65,0,0.00,0.00
2020,67,ADMIN FOR CHILDREN'S SVCS,2019-09-30T00:00:00.000,BROOKLYN,PRINCIPAL ADMINISTRATIVE ASSOCIATE -  NON SUPVR,ACTIVE,25.19,per Hour,717.4,18071.36,0,0.00,0.00
2020,67,ADMIN FOR CHILDREN'S SVCS,2018-04-23T00:00:00.000,BRONX,CHILD PROTECTIVE SPECIALIST,CEASED,53519.00,per Annum,525,15356.60,0,0.00,1997.99
2020,67,ADMIN FOR CHILDREN'S SVCS,2005-09-19T00:00:00.000,MANHATTAN,CHILD PROTECTIVE SPECIALIST,CEASED,57070.00,per Annum,516.35,16105.92,0,0.00,1122.61
2020,67,ADMIN FOR CHILDREN'S SVCS,2020-03-16T00:00:00.000,BROOKLYN,YOUTH DEVELOPMENT SPECIALIST,ACTIVE,45759.00,per Annum,560,14498.55,0,0.00,84.54
2020,67,ADMIN FOR CHILDREN'S SVCS,2011-07-04T00:00:00.000,BROOKLYN,YOUTH DEVELOPMENT SPECIALIST,CEASED,45759.00,per Annum,630,9832.02,9.5,251.69,1941.01
2020,67,ADMIN FOR CHILDREN'S SVCS,2006-06-26T00:00:00.000,MANHATTAN,SUPERVISING SPECIAL OFFICER,CEASED,54226.00,per Annum,136,4702.41,60.5,2881.64,3274.54
2020,67,ADMIN FOR CHILDREN'S SVCS,2019-02-04T00:00:00.000,BROOKLYN,CHILD PROTECTIVE SPECIALIST,CEASED,53519.00,per Annum,315,8571.27,25.75,811.72,1270.31
2020,67,ADMIN FOR CHILDREN'S SVCS,2018-10-29T00:00:00.000,QUEENS,CHILD PROTECTIVE SPECIALIST,ACTIVE,58782.00,per Annum,1820,54808.05,222.25,8724.23,635.92
2020,67,ADMIN FOR CHILDREN'S SVCS,2016-10-17T00:00:00.000,MANHATTAN,COMMUNITY COORDINATOR,ACTIVE,64890.00,per Annum,1820,63896.56,0,0.00,110.99
2020,67,ADMIN FOR CHILDREN'S SVCS,2002-04-29T00:00:00.000,MANHATTAN,CHILD PROTECTIVE SPECIALIST,ACTIVE,60351.00,per Annum,1820,58958.81,0,0.00,4830.40
2020,67,ADMIN FOR CHILDREN'S SVCS,2016-02-08T00:00:00.000,BRONX,CHILD PROTECTIVE SPECIALIST,ACTIVE,64547.00,per Annum,1751,61450.32,15,582.23,1629.03
2020,67,ADMIN FOR CHILDREN'S SVCS,2019-02-04T00:00:00.000,BROOKLYN,CHILD PROTECTIVE SPECIALIST,ACTIVE,55125.00,per Annum,1820,53791.70,264.25,9533.52,48.10
2020,67,ADMIN FOR CHILDREN'S SVCS,2008-01-14T00:00:00.000,MANHATTAN,CHILD PROTECTIVE SPECIALIST,ACTIVE,60327.00,per Annum,1820,58937.60,10.75,359.21,4052.30
2020,67,ADMIN FOR CHILDREN'S SVCS,2013-12-09T00:00:00.000,MANHATTAN,ACCOUNTANT,ACTIVE,64558.00,per Annum,1820,56723.08,0,0.00,6590.82
2020,67,ADMIN FOR CHILDREN'S SVCS,2007-08-13T00:00:00.000,QUEENS,CHILD PROTECTIVE SPECIALIST,ACTIVE,60327.00,per Annum,1820,58937.60,0,0.00,4125.51
2020,67,ADMIN FOR CHILDREN'S SVCS,2015-12-14T00:00:00.000,MANHATTAN,STAFF ANALYST,ACTIVE,65307.00,per Annum,1820,62812.52,0,0.00,49.50
2020,67,ADMIN FOR CHILDREN'S SVCS,2018-09-04T00:00:00.000,MANHATTAN,COMMUNITY COORDINATOR,ACTIVE,65000.00,per Annum,1820,62610.50,0,0.00,0.00
2020,67,ADMIN FOR CHILDREN'S SVCS,2014-08-04T00:00:00.000,BRONX,CHILD PROTECTIVE SPECIALIST,ACTIVE,60327.00,per Annum,1820,58937.60,25.25,1128.48,2529.49
2020,67,ADMIN FOR CHILDREN'S SVCS,2009-04-20T00:00:00.000,MANHATTAN,CHILD PROTECTIVE SPECIALIST,ACTIVE,60327.00,per Annum,1680,54571.58,106.75,4078.86,3943.74
2020,67,ADMIN FOR CHILDREN'S SVCS,2011-07-04T00:00:00.000,MANHATTAN,COMMUNITY COORDINATOR,ACTIVE,62215.00,per Annum,1820,61259.83,10.25,369.22,626.20
2020,67,ADMIN FOR CHILDREN'S SVCS,2011-07-04T00:00:00.000,MANHATTAN,ADMINISTRATIVE DIRECTOR OF SOCIAL SERVICES,ON LEAVE,71760.00,per Annum,1330,51443.81,158,7531.32,2952.10
2020,67,ADMIN FOR CHILDREN'S SVCS,2018-10-29T00:00:00.000,QUEENS,CHILD PROTECTIVE SPECIALIST,ACTIVE,58782.00,per Annum,1820,54808.05,179.75,6582.62,523.93
2020,67,ADMIN FOR CHILDREN'S SVCS,2013-10-21T00:00:00.000,MANHATTAN,CHILD PROTECTIVE SPECIALIST,ACTIVE,60327.00,per Annum,1820,58937.60,0,0.00,2426.99
2020,67,ADMIN FOR CHILDREN'S SVCS,2019-10-28T00:00:00.000,BROOKLYN,YOUTH DEVELOPMENT SPECIALIST,CEASED,45759.00,per Annum,323.5,8155.32,15.25,381.95,86.40
2020,67,ADMIN FOR CHILDREN'S SVCS,2016-02-08T00:00:00.000,MANHATTAN,COMMUNITY COORDINATOR,ACTIVE,62215.00,per Annum,1820,60749.67,3.25,104.45,275.15
2020,67,ADMIN FOR CHILDREN'S SVCS,2014-02-10T00:00:00.000,BROOKLYN,CHILD PROTECTIVE SPECIALIST,ACTIVE,60327.00,per Annum,1820,53815.33,109.75,4531.08,2461.96
2020,67,ADMIN FOR CHILDREN'S SVCS,2018-10-29T00:00:00.000,BRONX,CHILD PROTECTIVE SPECIALIST,ACTIVE,58782.00,per Annum,1820,54808.05,155.25,5324.85,407.60
2020,67,ADMIN FOR CHILDREN'S SVCS,2017-02-06T00:00:00.000,BRONX,CHILD PROTECTIVE SPECIALIST,ACTIVE,60327.00,per Annum,1820,58937.60,6.75,224.55,1066.42
2020,67,ADMIN FOR CHILDREN'S SVCS,2011-07-04T00:00:00.000,BROOKLYN,CUSTODIAN,ACTIVE,62709.00,per Annum,2000,53090.49,155.25,6659.96,310.09
2020,67,ADMIN FOR CHILDREN'S SVCS,1996-06-23T00:00:00.000,BROOKLYN,CHILD WELFARE SPECIALIST,ACTIVE,55982.00,per Annum,1820,55114.48,0,0.00,4830.40
2020,67,ADMIN FOR CHILDREN'S SVCS,1996-06-23T00:00:00.000,MANHATTAN,CHILD WELFARE SPECIALIST,ACTIVE,55880.00,per Annum,1820,55014.06,0,0.00,4830.40
2020,67,ADMIN FOR CHILDREN'S SVCS,2018-02-05T00:00:00.000,MANHATTAN,CHILD PROTECTIVE SPECIALIST,ACTIVE,60327.00,per Annum,1820,58033.77,8.93,398.57,1367.68
2020,67,ADMIN FOR CHILDREN'S SVCS,2019-02-25T00:00:00.000,BRONX,YOUTH DEVELOPMENT SPECIALIST,ACTIVE,49318.00,per Annum,1820,47863.50,262.5,9296.19,2630.38
2020,67,ADMIN FOR CHILDREN'S SVCS,2019-04-22T00:00:00.000,BROOKLYN,YOUTH DEVELOPMENT SPECIALIST,ACTIVE,49318.00,per Annum,1820,47093.64,305.25,10650.30,1789.73
2020,67,ADMIN FOR CHILDREN'S SVCS,2019-04-29T00:00:00.000,QUEENS,CHILD PROTECTIVE SPECIALIST,ACTIVE,55125.00,per Annum,1820,52424.56,195.5,6847.53,200.91
2020,67,ADMIN FOR CHILDREN'S SVCS,2017-02-06T00:00:00.000,MANHATTAN,CHILD PROTECTIVE SPECIALIST,ON LEAVE,60327.00,per Annum,1820,57734.35,21.5,734.64,999.52
2020,67,ADMIN FOR CHILDREN'S SVCS,2018-10-29T00:00:00.000,BROOKLYN,CHILD PROTECTIVE SPECIALIST,ACTIVE,58782.00,per Annum,1820,54808.05,89.75,3594.84,799.05
2020,67,ADMIN FOR CHILDREN'S SVCS,2018-09-10T00:00:00.000,BROOKLYN,YOUTH DEVELOPMENT SPECIALIST,ACTIVE,49318.00,per Annum,1820,49025.72,287.25,10004.41,156.16
2020,67,ADMIN FOR CHILDREN'S SVCS,2019-04-29T00:00:00.000,QUEENS,CHILD PROTECTIVE SPECIALIST,ACTIVE,55125.00,per Annum,1820,52794.38,163.75,5791.04,80.28
2020,67,ADMIN FOR CHILDREN'S SVCS,1996-06-23T00:00:00.000,BROOKLYN,PRINCIPAL ADMINISTRATIVE ASSOCIATE -  NON SUPVR,ACTIVE,53295.00,per Annum,1820,54340.25,0,0.00,4219.78
2020,67,ADMIN FOR CHILDREN'S SVCS,2018-04-23T00:00:00.000,BROOKLYN,CHILD PROTECTIVE SPECIALIST,ACTIVE,60327.00,per Annum,1820,56935.62,13.75,513.08,973.51
2020,67,ADMIN FOR CHILDREN'S SVCS,2014-03-17T00:00:00.000,MANHATTAN,PRINCIPAL ADMINISTRATIVE ASSOCIATE -  NON SUPVR,ACTIVE,61335.00,per Annum,1820,57810.83,0,10.01,57.75
2020,67,ADMIN FOR CHILDREN'S SVCS,2018-04-23T00:00:00.000,BRONX,CHILD PROTECTIVE SPECIALIST,ACTIVE,55125.00,per Annum,1820,54278.50,21.5,696.98,783.26
2020,67,ADMIN FOR CHILDREN'S SVCS,2018-09-17T00:00:00.000,MANHATTAN,COMMUNITY COORDINATOR,ACTIVE,54765.00,per Annum,1820,53924.28,0,0.00,0.00
2020,67,ADMIN FOR CHILDREN'S SVCS,1998-03-23T00:00:00.000,MANHATTAN,BOOKKEEPER,ACTIVE,49870.00,per Annum,1820,49104.24,0,0.00,4560.87
2020,67,ADMIN FOR CHILDREN'S SVCS,2005-01-24T00:00:00.000,MANHATTAN,CHILD PROTECTIVE SPECIALIST,ACTIVE,60327.00,per Annum,1750,49150.99,0,0.00,3528.98
2020,67,ADMIN FOR CHILDREN'S SVCS,2019-03-25T00:00:00.000,BROOKLYN,YOUTH DEVELOPMENT SPECIALIST,ACTIVE,49318.00,per Annum,1708.5,44055.19,241.25,7826.21,162.26
2020,67,ADMIN FOR CHILDREN'S SVCS,2016-05-16T00:00:00.000,BROOKLYN,CHILD PROTECTIVE SPECIALIST,ACTIVE,60327.00,per Annum,1666,50324.36,0,0.00,1299.40
2020,67,ADMIN FOR CHILDREN'S SVCS,2007-09-10T00:00:00.000,MANHATTAN,CHILD PROTECTIVE SPECIALIST,ACTIVE,60327.00,per Annum,1470,47020.75,22.75,973.17,3434.76
2020,67,ADMIN FOR CHILDREN'S SVCS,2019-06-24T00:00:00.000,BRONX,YOUTH DEVELOPMENT SPECIALIST,ACTIVE,45759.00,per Annum,1885.25,48255.06,63,1917.78,1133.84
2020,67,ADMIN FOR CHILDREN'S SVCS,2019-04-22T00:00:00.000,BRONX,YOUTH DEVELOPMENT SPECIALIST,ACTIVE,49318.00,per Annum,1820,47269.64,76.25,2355.15,1500.69
2020,67,ADMIN FOR CHILDREN'S SVCS,2019-04-22T00:00:00.000,BRONX,YOUTH DEVELOPMENT SPECIALIST,ACTIVE,49318.00,per Annum,1820,44102.55,221.75,6620.72,152.90
2020,67,ADMIN FOR CHILDREN'S SVCS,2015-03-23T00:00:00.000,MANHATTAN,COMMUNITY ASSOCIATE,ACTIVE,50928.00,per Annum,1820,50146.26,0,0.00,0.00
2020,67,ADMIN FOR CHILDREN'S SVCS,2014-08-04T00:00:00.000,MANHATTAN,CHILD PROTECTIVE SPECIALIST,ACTIVE,60327.00,per Annum,1470,47399.53,29,1020.24,1647.23
2020,67,ADMIN FOR CHILDREN'S SVCS,1999-09-13T00:00:00.000,QUEENS,CHILD PROTECTIVE SPECIALIST,CEASED,64525.00,per Annum,1274,46279.05,2.5,95.00,3556.40
2020,67,ADMIN FOR CHILDREN'S SVCS,2017-07-17T00:00:00.000,BROOKLYN,SPECIAL OFFICER,ACTIVE,35985.00,per Annum,2080,35562.62,368.5,9736.73,3902.26
2020,67,ADMIN FOR CHILDREN'S SVCS,2018-04-23T00:00:00.000,QUEENS,CHILD PROTECTIVE SPECIALIST,ON LEAVE,58782.00,per Annum,1610,47555.37,17.25,530.05,858.13
2020,67,ADMIN FOR CHILDREN'S SVCS,2019-02-04T00:00:00.000,QUEENS,CHILD PROTECTIVE SPECIALIST,ACTIVE,55125.00,per Annum,1610,46969.39,46.75,1485.40,227.78
2020,67,ADMIN FOR CHILDREN'S SVCS,2019-08-26T00:00:00.000,BROOKLYN,YOUTH DEVELOPMENT SPECIALIST,ACTIVE,45759.00,per Annum,1505,38166.17,296.5,10013.88,165.83
2020,67,ADMIN FOR CHILDREN'S SVCS,2016-05-16T00:00:00.000,MANHATTAN,CHILD PROTECTIVE SPECIALIST,CEASED,60327.00,per Annum,1400,45092.06,0,0.00,2298.12
2020,67,ADMIN FOR CHILDREN'S SVCS,2014-10-20T00:00:00.000,BROOKLYN,CHILD PROTECTIVE SPECIALIST,ACTIVE,60327.00,per Annum,1400,45571.05,5.5,189.52,1382.66
2020,67,ADMIN FOR CHILDREN'S SVCS,2006-04-10T00:00:00.000,MANHATTAN,CERTIFIED IT DEVELOPER,ACTIVE,101783.00,per Annum,1820,97211.36,0,0.00,6003.42
2020,67,ADMIN FOR CHILDREN'S SVCS,1996-06-23T00:00:00.000,BRONX,CHILD PROTECTIVE SPECIALIST SUPERVISOR,ACTIVE,86138.00,per Annum,1820,84807.59,239.75,13705.32,4908.19
2020,67,ADMIN FOR CHILDREN'S SVCS,2001-02-12T00:00:00.000,MANHATTAN,ADMINISTRATIVE DIRECTOR OF SOCIAL SERVICES,ACTIVE,105298.00,per Annum,1820,103698.00,0,0.00,0.00
2020,67,ADMIN FOR CHILDREN'S SVCS,2004-08-23T00:00:00.000,QUEENS,AGENCY ATTORNEY,ACTIVE,82137.00,per Annum,1820,85378.48,116,6705.03,11651.55
2020,67,ADMIN FOR CHILDREN'S SVCS,1999-08-02T00:00:00.000,MANHATTAN,CHILD PROTECTIVE SPECIALIST,ACTIVE,80666.00,per Annum,1820,78956.17,249.75,14189.37,13484.54
2020,67,ADMIN FOR CHILDREN'S SVCS,2005-06-20T00:00:00.000,MANHATTAN,TELECOMMUNICATIONS ASSOCIATE,ACTIVE,104176.00,per Annum,1820,98784.10,43.75,3033.17,5269.42
2020,67,ADMIN FOR CHILDREN'S SVCS,1997-09-15T00:00:00.000,BROOKLYN,DIRECTOR OF FIELD OPERATIONS,ACTIVE,115927.00,per Annum,1820,107836.83,0,0.00,0.00
2020,67,ADMIN FOR CHILDREN'S SVCS,1996-06-23T00:00:00.000,BROOKLYN,DIRECTOR OF FIELD OPERATIONS,ACTIVE,109573.00,per Annum,1820,107908.30,0,0.00,0.00
2020,67,ADMIN FOR CHILDREN'S SVCS,2011-04-25T00:00:00.000,BROOKLYN,CHILD PROTECTIVE SPECIALIST SUPERVISOR,ACTIVE,86096.00,per Annum,1820,84774.03,326.75,19260.24,4456.67
2020,67,ADMIN FOR CHILDREN'S SVCS,1996-06-23T00:00:00.000,BROOKLYN,DIRECTOR OF FIELD OPERATIONS,ACTIVE,115927.00,per Annum,1820,108898.32,0,0.00,0.00
2020,67,ADMIN FOR CHILDREN'S SVCS,1996-06-23T00:00:00.000,BRONX,CHILD AND FAMILY SPECIALIST,ACTIVE,88061.00,per Annum,1820,86700.98,329.75,21004.25,1674.78
2020,67,ADMIN FOR CHILDREN'S SVCS,1996-06-23T00:00:00.000,BROOKLYN,CHILD PROTECTIVE SPECIALIST SUPERVISOR,ACTIVE,86204.00,per Annum,1820,84872.49,327,20322.42,4972.40
2020,67,ADMIN FOR CHILDREN'S SVCS,2017-02-13T00:00:00.000,MANHATTAN,DIRECTOR OF ADVOCACY,ACTIVE,113300.00,per Annum,1820,111578.45,0,0.00,0.00
2020,67,ADMIN FOR CHILDREN'S SVCS,2005-03-21T00:00:00.000,QUEENS,CHILD PROTECTIVE SPECIALIST SUPERVISOR,ACTIVE,86096.00,per Annum,1820,84774.03,352.75,22329.59,4680.76
2020,67,ADMIN FOR CHILDREN'S SVCS,2009-02-23T00:00:00.000,BRONX,CHILD PROTECTIVE SPECIALIST SUPERVISOR,ACTIVE,86096.00,per Annum,1820,77644.19,462.5,29750.13,4690.74
2020,67,ADMIN FOR CHILDREN'S SVCS,1996-06-23T00:00:00.000,MANHATTAN,ADMINISTRATIVE STAFF ANALYST,ACTIVE,115108.00,per Annum,1820,112070.74,0,0.00,1685.42
2020,67,ADMIN FOR CHILDREN'S SVCS,2015-06-01T00:00:00.000,MANHATTAN,ADMINISTRATIVE DIRECTOR OF RESIDENTIAL CHILD CARE,ACTIVE,120047.00,per Annum,1820,114433.39,0,0.00,0.00
2020,67,ADMIN FOR CHILDREN'S SVCS,1996-06-23T00:00:00.000,MANHATTAN,CHILD WELFARE SPECIALIST,ACTIVE,59769.00,per Annum,1820,58843.47,1027.5,50018.85,5660.11
2020,67,ADMIN FOR CHILDREN'S SVCS,2007-11-19T00:00:00.000,MANHATTAN,CHILD PROTECTIVE SPECIALIST SUPERVISOR,ACTIVE,86096.00,per Annum,1820,84774.03,311.75,19903.65,11147.90
2020,67,ADMIN FOR CHILDREN'S SVCS,2005-09-12T00:00:00.000,MANHATTAN,ADMINISTRATIVE DIRECTOR OF SOCIAL SERVICES,ACTIVE,112887.00,per Annum,1820,111153.69,80,4864.78,166.35
2020,67,ADMIN FOR CHILDREN'S SVCS,2000-06-26T00:00:00.000,BRONX,CHILD PROTECTIVE SPECIALIST SUPERVISOR,ACTIVE,86156.00,per Annum,1820,84825.00,430.75,26968.56,5138.10
2020,67,ADMIN FOR CHILDREN'S SVCS,2005-09-19T00:00:00.000,MANHATTAN,COMPUTER SPECIALIST,ACTIVE,113828.00,per Annum,1820,112072.34,0,0.00,6003.42
2020,67,ADMIN FOR CHILDREN'S SVCS,2011-07-04T00:00:00.000,BROOKLYN,ASSOCIATE YOUTH DEVELOPMENT SPECIALIST,ACTIVE,71567.00,per Annum,1820,72984.96,772.75,44189.27,4758.29
2020,67,ADMIN FOR CHILDREN'S SVCS,2015-04-13T00:00:00.000,BROOKLYN,AGENCY ATTORNEY,ACTIVE,95632.00,per Annum,1820,99263.39,222.75,17357.86,5608.80
2020,67,ADMIN FOR CHILDREN'S SVCS,2015-11-09T00:00:00.000,MANHATTAN,COMPUTER SPECIALIST,ACTIVE,119499.00,per Annum,1820,117664.10,0,0.00,5207.79
2020,67,ADMIN FOR CHILDREN'S SVCS,2005-10-03T00:00:00.000,MANHATTAN,ADMINISTRATIVE STAFF ANALYST,ACTIVE,127050.00,per Annum,1820,123278.65,0,0.00,1685.42
2020,67,ADMIN FOR CHILDREN'S SVCS,2014-12-08T00:00:00.000,MANHATTAN,ADMINISTRATIVE DIRECTOR OF SOCIAL SERVICES,ACTIVE,121389.00,per Annum,1820,119525.18,71.5,5686.47,103.98
2020,67,ADMIN FOR CHILDREN'S SVCS,2008-01-07T00:00:00.000,MANHATTAN,EXECUTIVE AGENCY COUNSEL,ACTIVE,128909.00,per Annum,1820,127318.35,0,3.00,27.47
2020,67,ADMIN FOR CHILDREN'S SVCS,1996-06-23T00:00:00.000,MANHATTAN,AGENCY ATTORNEY,ACTIVE,112946.00,per Annum,1820,117402.54,0,0.00,18558.60
2020,67,ADMIN FOR CHILDREN'S SVCS,2000-06-05T00:00:00.000,MANHATTAN,EXECUTIVE AGENCY COUNSEL,ACTIVE,139652.00,per Annum,1820,137529.86,0,0.00,0.00
2020,67,ADMIN FOR CHILDREN'S SVCS,1997-07-06T00:00:00.000,MANHATTAN,ASSOCIATE PROJECT MANAGER,ACTIVE,86838.00,per Annum,1820,85504.72,599.25,42306.55,10816.85
2020,67,ADMIN FOR CHILDREN'S SVCS,2016-11-28T00:00:00.000,MANHATTAN,PAINTER,ACTIVE,292.53,per Day,1820,76057.80,998.5,62591.32,364.81
2020,67,ADMIN FOR CHILDREN'S SVCS,2007-10-15T00:00:00.000,MANHATTAN,CHILD PROTECTIVE SPECIALIST SUPERVISOR,ACTIVE,67392.00,per Annum,1820,66357.31,51,2702.01,4477.66
2020,67,ADMIN FOR CHILDREN'S SVCS,2016-10-17T00:00:00.000,BROOKLYN,CHILD PROTECTIVE SPECIALIST,ACTIVE,60327.00,per Annum,1820,58937.60,286.75,11408.25,1665.54
2020,67,ADMIN FOR CHILDREN'S SVCS,2018-02-05T00:00:00.000,MANHATTAN,INVESTIGATOR,ACTIVE,73399.00,per Annum,1820,71726.78,0,0.00,0.00
2020,67,ADMIN FOR CHILDREN'S SVCS,2007-12-03T00:00:00.000,MANHATTAN,CHILD PROTECTIVE SPECIALIST SUPERVISOR,ACTIVE,67392.00,per Annum,1820,66357.31,22.25,1030.47,4276.16
2020,67,ADMIN FOR CHILDREN'S SVCS,2018-02-20T00:00:00.000,MANHATTAN,PROTECTION AGENT,ACTIVE,66809.00,per Annum,2080,64929.36,20.62,1086.85,5239.37
2020,67,ADMIN FOR CHILDREN'S SVCS,2008-01-07T00:00:00.000,RICHMOND,PROTECTION AGENT,ACTIVE,66809.00,per Annum,2080,65783.28,96,4608.38,528.62
2020,67,ADMIN FOR CHILDREN'S SVCS,2016-08-29T00:00:00.000,MANHATTAN,CLERICAL ASSOCIATE,ACTIVE,41848.00,per Annum,1820,41205.35,926.25,29254.91,352.02
2020,67,ADMIN FOR CHILDREN'S SVCS,2019-05-14T00:00:00.000,BRONX,PROTECTION AGENT,ACTIVE,66809.00,per Annum,2080,65783.28,100.5,4770.33,90.75
2020,67,ADMIN FOR CHILDREN'S SVCS,2017-10-16T00:00:00.000,MANHATTAN,CHILD PROTECTIVE SPECIALIST,ACTIVE,60327.00,per Annum,1820,57376.39,293.25,11925.33,1226.24
2020,67,ADMIN FOR CHILDREN'S SVCS,2012-08-20T00:00:00.000,MANHATTAN,COMPUTER ASSOCIATE,ACTIVE,69451.00,per Annum,1820,64664.55,9,387.83,5238.35
2020,67,ADMIN FOR CHILDREN'S SVCS,2018-10-09T00:00:00.000,MANHATTAN,COMMUNITY COORDINATOR,ACTIVE,71360.00,per Annum,1820,70264.54,0,0.00,0.00
2020,67,ADMIN FOR CHILDREN'S SVCS,2014-10-20T00:00:00.000,MANHATTAN,CHILD PROTECTIVE SPECIALIST,ACTIVE,60327.00,per Annum,1820,59662.49,142.75,5893.71,4438.84
2020,67,ADMIN FOR CHILDREN'S SVCS,2006-03-20T00:00:00.000,BRONX,CHILD PROTECTIVE SPECIALIST,ACTIVE,60327.00,per Annum,1820,58937.60,169.5,6666.05,4336.12
2020,67,ADMIN FOR CHILDREN'S SVCS,2011-07-04T00:00:00.000,BROOKLYN,YOUTH DEVELOPMENT SPECIALIST,ACTIVE,60036.00,per Annum,2030,51048.55,287.75,10680.99,7976.00
2020,67,ADMIN FOR CHILDREN'S SVCS,1996-06-23T00:00:00.000,BRONX,CHILD WELFARE SPECIALIST,ACTIVE,65304.00,per Annum,1820,64293.52,0,0.00,4863.40
2020,67,ADMIN FOR CHILDREN'S SVCS,2019-06-10T00:00:00.000,MANHATTAN,PRINCIPAL ADMINISTRATIVE ASSOCIATE -  NON SUPVR,ACTIVE,65533.00,per Annum,1820,65282.42,45.75,1864.67,1824.99
2020,67,ADMIN FOR CHILDREN'S SVCS,2011-07-04T00:00:00.000,BROOKLYN,YOUTH DEVELOPMENT SPECIALIST,ACTIVE,60036.00,per Annum,1820,53982.96,202.75,8886.50,5501.19
2020,67,ADMIN FOR CHILDREN'S SVCS,2007-02-12T00:00:00.000,QUEENS,CHILD PROTECTIVE SPECIALIST,ACTIVE,60327.00,per Annum,1820,58937.60,133.75,5073.57,4342.48
2020,67,ADMIN FOR CHILDREN'S SVCS,2019-03-25T00:00:00.000,BRONX,YOUTH DEVELOPMENT SPECIALIST,ACTIVE,49318.00,per Annum,1820,47375.64,466.5,16614.96,4359.77
2020,67,ADMIN FOR CHILDREN'S SVCS,2015-01-05T00:00:00.000,MANHATTAN,CHILD PROTECTIVE SPECIALIST,ACTIVE,60327.00,per Annum,1820,58937.60,11,358.94,8038.64
2020,67,ADMIN FOR CHILDREN'S SVCS,2016-08-08T00:00:00.000,BROOKLYN,CHILD PROTECTIVE SPECIALIST,ACTIVE,60327.00,per Annum,1820,58937.60,149.5,6539.34,1847.70
2020,67,ADMIN FOR CHILDREN'S SVCS,2018-04-23T00:00:00.000,BROOKLYN,CHILD PROTECTIVE SPECIALIST,ACTIVE,60327.00,per Annum,1820,56931.96,235.25,9086.34,916.62
2020,67,ADMIN FOR CHILDREN'S SVCS,2017-12-18T00:00:00.000,RICHMOND,COMMUNITY COORDINATOR,ACTIVE,67392.00,per Annum,1820,66357.31,0,0.00,559.18
2020,67,ADMIN FOR CHILDREN'S SVCS,2015-02-09T00:00:00.000,MANHATTAN,CHILD PROTECTIVE SPECIALIST,ACTIVE,60327.00,per Annum,1820,58937.60,164.75,6067.55,1855.61
2020,67,ADMIN FOR CHILDREN'S SVCS,2018-10-29T00:00:00.000,BROOKLYN,CHILD PROTECTIVE SPECIALIST,ACTIVE,58782.00,per Annum,1820,54808.05,308.75,11459.36,438.04
2020,67,ADMIN FOR CHILDREN'S SVCS,2012-04-30T00:00:00.000,BROOKLYN,CHILD PROTECTIVE SPECIALIST,ACTIVE,60327.00,per Annum,1820,58937.60,118.75,4924.15,2802.09
2020,67,ADMIN FOR CHILDREN'S SVCS,2017-10-23T00:00:00.000,BROOKLYN,YOUTH DEVELOPMENT SPECIALIST,ACTIVE,52877.00,per Annum,1820,51257.32,361.25,13099.43,2199.09
2020,67,ADMIN FOR CHILDREN'S SVCS,2011-07-04T00:00:00.000,BROOKLYN,ASSOCIATE YOUTH DEVELOPMENT SPECIALIST,ACTIVE,71603.00,per Annum,1655,53950.58,143.75,7679.22,4817.25
2020,67,ADMIN FOR CHILDREN'S SVCS,2014-08-04T00:00:00.000,QUEENS,CHILD PROTECTIVE SPECIALIST,ACTIVE,60327.00,per Annum,1820,58937.60,124.25,4928.37,2505.01
2020,67,ADMIN FOR CHILDREN'S SVCS,2006-11-20T00:00:00.000,QUEENS,PROTECTION AGENT,ACTIVE,66809.00,per Annum,2080,65783.28,0,0.00,528.62
2020,67,ADMIN FOR CHILDREN'S SVCS,2008-02-11T00:00:00.000,BRONX,PROTECTION AGENT,ACTIVE,66809.00,per Annum,2080,65783.28,0,0.00,528.62
2020,67,ADMIN FOR CHILDREN'S SVCS,2018-07-09T00:00:00.000,BROOKLYN,YOUTH DEVELOPMENT SPECIALIST,ACTIVE,49318.00,per Annum,1820,49915.27,455.5,16253.95,127.93
2020,67,ADMIN FOR CHILDREN'S SVCS,2017-04-10T00:00:00.000,BRONX,CHILD PROTECTIVE SPECIALIST,ACTIVE,60327.00,per Annum,1820,58937.60,162.5,6307.90,859.67
2020,67,ADMIN FOR CHILDREN'S SVCS,2018-04-23T00:00:00.000,QUEENS,CHILD PROTECTIVE SPECIALIST,ACTIVE,60327.00,per Annum,1820,56944.63,197.75,7944.66,1112.63
2020,67,ADMIN FOR CHILDREN'S SVCS,2019-05-20T00:00:00.000,BROOKLYN,ASSOCIATE YOUTH DEVELOPMENT SPECIALIST,ACTIVE,61520.00,per Annum,1680,54308.63,316.75,11058.27,162.20
2020,67,ADMIN FOR CHILDREN'S SVCS,1999-09-13T00:00:00.000,MANHATTAN,CHILD PROTECTIVE SPECIALIST,CEASED,60351.00,per Annum,1715,55508.63,111.25,5137.49,4810.92
2020,67,ADMIN FOR CHILDREN'S SVCS,2017-10-16T00:00:00.000,BRONX,CHILD PROTECTIVE SPECIALIST,ACTIVE,60327.00,per Annum,1820,58929.41,157,5661.02,843.63
2020,67,ADMIN FOR CHILDREN'S SVCS,2018-10-29T00:00:00.000,QUEENS,CHILD PROTECTIVE SPECIALIST,ACTIVE,58782.00,per Annum,1820,54808.05,244,9506.57,664.16
2020,67,ADMIN FOR CHILDREN'S SVCS,2018-10-29T00:00:00.000,QUEENS,CHILD PROTECTIVE SPECIALIST,ACTIVE,58782.00,per Annum,1820,54808.05,256.75,9425.08,532.59
2020,67,ADMIN FOR CHILDREN'S SVCS,2016-06-13T00:00:00.000,RICHMOND,CHILD PROTECTIVE SPECIALIST,ACTIVE,60327.00,per Annum,1820,58937.60,99.75,3863.49,1946.08
2020,67,ADMIN FOR CHILDREN'S SVCS,2017-06-26T00:00:00.000,RICHMOND,CHILD PROTECTIVE SPECIALIST,ACTIVE,60327.00,per Annum,1820,58937.60,121.5,4724.34,1085.10
2020,67,ADMIN FOR CHILDREN'S SVCS,2017-07-10T00:00:00.000,BROOKLYN,ASSOCIATE YOUTH DEVELOPMENT SPECIALIST,ACTIVE,70164.00,per Annum,1470,57279.05,107.25,5557.23,1859.01
2020,67,ADMIN FOR CHILDREN'S SVCS,2019-05-13T00:00:00.000,BROOKLYN,CHILD PROTECTIVE SPECIALIST,ACTIVE,60327.00,per Annum,1820,58937.60,163.25,5663.85,16.50
2020,67,ADMIN FOR CHILDREN'S SVCS,2018-08-06T00:00:00.000,BRONX,ASSOCIATE YOUTH DEVELOPMENT SPECIALIST,ACTIVE,61520.00,per Annum,1779,55089.72,453.75,18283.41,257.81
2020,67,ADMIN FOR CHILDREN'S SVCS,1996-06-23T00:00:00.000,MANHATTAN,CHILD WELFARE SPECIALIST SUPERVISOR,ACTIVE,67451.00,per Annum,1820,66407.33,49,2205.82,5160.40
2020,67,ADMIN FOR CHILDREN'S SVCS,2011-10-24T00:00:00.000,BRONX,CHILD PROTECTIVE SPECIALIST,ACTIVE,60327.00,per Annum,1820,58937.60,284,11496.88,3735.66
2020,67,ADMIN FOR CHILDREN'S SVCS,2012-04-02T00:00:00.000,MANHATTAN,CHILD PROTECTIVE SPECIALIST,ACTIVE,60327.00,per Annum,1820,58937.60,522.5,23174.32,8967.64
2020,67,ADMIN FOR CHILDREN'S SVCS,2016-10-17T00:00:00.000,BROOKLYN,CHILD PROTECTIVE SPECIALIST,ACTIVE,60327.00,per Annum,1820,58937.60,364.75,15023.26,1365.34
2020,67,ADMIN FOR CHILDREN'S SVCS,2007-08-27T00:00:00.000,BROOKLYN,PRINCIPAL ADMINISTRATIVE ASSOCIATE -  NON SUPVR,ACTIVE,52943.00,per Annum,1820,53958.71,417,17074.87,4427.07
2020,67,ADMIN FOR CHILDREN'S SVCS,2001-08-27T00:00:00.000,MANHATTAN,PROGRAM EVALUATOR,ACTIVE,89699.00,per Annum,1820,87850.76,0,0.00,1787.28
2020,67,ADMIN FOR CHILDREN'S SVCS,1996-06-23T00:00:00.000,MANHATTAN,CHILD WELFARE SPECIALIST SUPERVISOR,ACTIVE,72469.00,per Annum,1820,71348.41,0,0.00,4830.40
2020,67,ADMIN FOR CHILDREN'S SVCS,1997-07-06T00:00:00.000,MANHATTAN,PRINCIPAL ADMINISTRATIVE ASSOCIATE -  NON SUPVR,ACTIVE,73530.00,per Annum,1820,74813.59,0,0.00,1995.10
2020,67,ADMIN FOR CHILDREN'S SVCS,2007-02-12T00:00:00.000,BRONX,CHILD PROTECTIVE SPECIALIST SUPERVISOR,ACTIVE,86096.00,per Annum,1820,83375.29,6.75,365.45,4015.73
2020,67,ADMIN FOR CHILDREN'S SVCS,1996-06-23T00:00:00.000,MANHATTAN,CHILD PROTECTIVE SPECIALIST SUPERVISOR,ACTIVE,86320.00,per Annum,1820,84986.87,0,0.00,4830.40
2020,67,ADMIN FOR CHILDREN'S SVCS,2006-06-05T00:00:00.000,BROOKLYN,CHILD PROTECTIVE SPECIALIST,ACTIVE,60327.00,per Annum,1820,58937.60,358.25,15324.17,4352.92
2020,67,ADMIN FOR CHILDREN'S SVCS,2001-03-26T00:00:00.000,BROOKLYN,CHILD PROTECTIVE SPECIALIST SUPERVISOR,ACTIVE,86180.00,per Annum,1820,84848.92,24.25,1476.18,4994.08
2020,67,ADMIN FOR CHILDREN'S SVCS,1997-07-06T00:00:00.000,MANHATTAN,ADM MANAGER-NON-MGRL,ACTIVE,76525.00,per Annum,1820,77872.92,10.5,491.74,1224.78
2020,67,ADMIN FOR CHILDREN'S SVCS,2008-04-14T00:00:00.000,MANHATTAN,CHILD WELFARE SPECIALIST SUPERVISOR,ACTIVE,81126.00,per Annum,1820,79880.35,132,6343.50,1656.14
2020,67,ADMIN FOR CHILDREN'S SVCS,2019-05-06T00:00:00.000,BROOKLYN,CHILD AND FAMILY SPECIALIST,ACTIVE,83981.00,per Annum,1820,82691.66,86,4384.09,804.56
2020,67,ADMIN FOR CHILDREN'S SVCS,1996-06-23T00:00:00.000,MANHATTAN,ADMINISTRATIVE STAFF ANALYST,ACTIVE,85143.00,per Annum,1820,84682.94,0,0.00,3422.33
2020,67,ADMIN FOR CHILDREN'S SVCS,2011-08-30T00:00:00.000,RICHMOND,CHILD PROTECTIVE SPECIALIST,ACTIVE,60327.00,per Annum,1820,58937.60,300.83,13135.46,9810.96
2020,67,ADMIN FOR CHILDREN'S SVCS,2017-11-13T00:00:00.000,MANHATTAN,CHILD PROTECTIVE SPECIALIST,ACTIVE,60327.00,per Annum,1820,58812.44,390.75,17136.51,5983.81
2020,67,ADMIN FOR CHILDREN'S SVCS,1996-06-23T00:00:00.000,BROOKLYN,PRINCIPAL ADMINISTRATIVE ASSOCIATE -  NON SUPVR,ACTIVE,67842.00,per Annum,1820,69130.86,221.5,10466.31,2416.08
2020,67,ADMIN FOR CHILDREN'S SVCS,2001-07-16T00:00:00.000,MANHATTAN,CONSTRUCTION PROJECT MANAGER,CEASED,93463.00,per Annum,1260,63427.40,182.5,12940.83,12220.22
2020,67,ADMIN FOR CHILDREN'S SVCS,2011-07-04T00:00:00.000,BROOKLYN,YOUTH DEVELOPMENT SPECIALIST,ACTIVE,59995.00,per Annum,1820,61183.85,396.25,18999.57,8438.74
2020,67,ADMIN FOR CHILDREN'S SVCS,2010-07-09T00:00:00.000,MANHATTAN,ADMINISTRATIVE STAFF ANALYST,ACTIVE,79295.00,per Annum,1820,78866.39,0,0.00,3422.33
2020,67,ADMIN FOR CHILDREN'S SVCS,2004-02-09T00:00:00.000,MANHATTAN,CHILD AND FAMILY SPECIALIST,ACTIVE,87965.00,per Annum,1820,86606.53,16.75,805.20,1337.70
2020,67,ADMIN FOR CHILDREN'S SVCS,2017-07-03T00:00:00.000,BROOKLYN,CHILD AND FAMILY SPECIALIST,ACTIVE,83981.00,per Annum,1820,82360.36,0,0.00,305.25
2020,67,ADMIN FOR CHILDREN'S SVCS,2014-12-01T00:00:00.000,BROOKLYN,CHILD AND FAMILY SPECIALIST,ACTIVE,83981.00,per Annum,1820,82691.66,0,0.00,41.25
2020,67,ADMIN FOR CHILDREN'S SVCS,1996-06-23T00:00:00.000,MANHATTAN,CHILD WELFARE SPECIALIST,ACTIVE,79708.00,per Annum,1820,78476.19,0,0.00,4847.90
2020,67,ADMIN FOR CHILDREN'S SVCS,2011-04-25T00:00:00.000,BROOKLYN,CHILD PROTECTIVE SPECIALIST SUPERVISOR,ACTIVE,86096.00,per Annum,1820,84774.03,49.5,2760.18,4649.38
2020,67,ADMIN FOR CHILDREN'S SVCS,2007-08-13T00:00:00.000,BROOKLYN,CHILD PROTECTIVE SPECIALIST SUPERVISOR,ACTIVE,67392.00,per Annum,1820,73919.41,80.5,5983.49,4253.18
2020,67,ADMIN FOR CHILDREN'S SVCS,2015-06-01T00:00:00.000,BRONX,SUPERVISING SPECIAL OFFICER,ACTIVE,55853.00,per Annum,2080,50022.42,955.5,35957.62,6215.83
2020,67,ADMIN FOR CHILDREN'S SVCS,2004-07-26T00:00:00.000,MANHATTAN,ADM MANAGER-NON-MGRL,ACTIVE,91721.00,per Annum,1820,88758.80,0,379.45,1770.25
2020,67,ADMIN FOR CHILDREN'S SVCS,1996-06-23T00:00:00.000,MANHATTAN,CHILD WELFARE SPECIALIST SUPERVISOR,ACTIVE,81288.00,per Annum,1820,80039.85,12,607.01,4848.72
2020,67,ADMIN FOR CHILDREN'S SVCS,2017-05-22T00:00:00.000,BRONX,CHILD PROTECTIVE SPECIALIST,ACTIVE,60327.00,per Annum,1820,58937.60,550,25340.99,1298.34
2020,67,ADMIN FOR CHILDREN'S SVCS,2014-02-24T00:00:00.000,MANHATTAN,DEPUTY COMMISSIONER,CEASED,201450.00,per Annum,651,69702.58,0,0.00,22933.74
2020,67,ADMIN FOR CHILDREN'S SVCS,1996-06-23T00:00:00.000,MANHATTAN,CHILD WELFARE SPECIALIST SUPERVISOR,ACTIVE,86100.00,per Annum,1820,84770.06,67.5,3448.38,5354.64
2020,67,ADMIN FOR CHILDREN'S SVCS,2006-06-26T00:00:00.000,MANHATTAN,SUPERVISING SPECIAL OFFICER,ACTIVE,55853.00,per Annum,2080,55106.46,838.5,33098.62,5541.98
2020,67,ADMIN FOR CHILDREN'S SVCS,2018-09-10T00:00:00.000,BRONX,AGENCY ATTORNEY,ACTIVE,72712.00,per Annum,1820,73919.00,308.75,18111.37,2127.97
2020,67,ADMIN FOR CHILDREN'S SVCS,1996-06-23T00:00:00.000,BRONX,CHILD PROTECTIVE SPECIALIST SUPERVISOR,ACTIVE,86384.00,per Annum,1820,85049.93,81.25,4127.68,5118.45
2020,67,ADMIN FOR CHILDREN'S SVCS,1999-04-26T00:00:00.000,BROOKLYN,CHILD PROTECTIVE SPECIALIST SUPERVISOR,ACTIVE,86204.00,per Annum,1820,84872.49,90,5065.01,5157.01
2020,67,ADMIN FOR CHILDREN'S SVCS,2016-10-17T00:00:00.000,QUEENS,CHILD PROTECTIVE SPECIALIST,ACTIVE,60327.00,per Annum,1820,58937.60,800.25,35893.26,1674.20
2020,67,ADMIN FOR CHILDREN'S SVCS,2007-04-16T00:00:00.000,MANHATTAN,DIRECTOR OF FIELD OPERATIONS,ACTIVE,102226.00,per Annum,1820,96558.22,0,61.03,1.63
2020,67,ADMIN FOR CHILDREN'S SVCS,1997-02-03T00:00:00.000,MANHATTAN,ADMINISTRATIVE DIRECTOR OF SOCIAL SERVICES,ACTIVE,97755.00,per Annum,1820,96261.91,0,0.00,853.39
2020,67,ADMIN FOR CHILDREN'S SVCS,2004-03-01T00:00:00.000,MANHATTAN,COMPUTER SPECIALIST,ACTIVE,97993.00,per Annum,1820,92940.35,0,0.00,5207.78
2020,67,ADMIN FOR CHILDREN'S SVCS,1997-07-06T00:00:00.000,MANHATTAN,ADMINISTRATIVE STAFF ANALYST,ACTIVE,95560.00,per Annum,1820,95043.53,1.25,67.73,3429.10
2020,67,ADMIN FOR CHILDREN'S SVCS,2017-03-20T00:00:00.000,MANHATTAN,AGENCY ATTORNEY,ACTIVE,91563.00,per Annum,1820,94843.47,0,0.00,3898.43
2020,67,ADMIN FOR CHILDREN'S SVCS,2006-05-01T00:00:00.000,MANHATTAN,ADMINISTRATIVE STAFF ANALYST,ACTIVE,100000.00,per Annum,1750,99459.62,0,0.00,0.00
2020,67,ADMIN FOR CHILDREN'S SVCS,2002-05-20T00:00:00.000,MANHATTAN,CHILD PROTECTIVE SPECIALIST SUPERVISOR,ACTIVE,90597.00,per Annum,1820,89198.04,0,22.13,10308.82
2020,67,ADMIN FOR CHILDREN'S SVCS,1996-06-23T00:00:00.000,QUEENS,CHILD PROTECTIVE SPECIALIST SUPERVISOR,ACTIVE,92515.00,per Annum,1820,91086.64,65,4325.16,5505.14
2020,67,ADMIN FOR CHILDREN'S SVCS,1996-06-23T00:00:00.000,MANHATTAN,ADMINISTRATIVE DIRECTOR OF SOCIAL SERVICES,ACTIVE,101803.00,per Annum,1820,100239.93,0,0.00,803.89
2020,67,ADMIN FOR CHILDREN'S SVCS,2016-03-07T00:00:00.000,MANHATTAN,ADMINISTRATIVE PROJECT MANAGER,ACTIVE,102901.00,per Annum,1820,101321.02,0,0.00,0.00
2020,67,ADMIN FOR CHILDREN'S SVCS,1999-04-26T00:00:00.000,MANHATTAN,CHILD PROTECTIVE SPECIALIST SUPERVISOR,ACTIVE,86204.00,per Annum,1820,84872.49,204,11422.89,5209.43
2020,67,ADMIN FOR CHILDREN'S SVCS,1999-05-24T00:00:00.000,QUEENS,CHILD PROTECTIVE SPECIALIST SUPERVISOR,ACTIVE,86180.00,per Annum,1820,84848.91,197.5,11426.27,5290.21
2020,67,ADMIN FOR CHILDREN'S SVCS,2012-04-30T00:00:00.000,BRONX,CHILD PROTECTIVE SPECIALIST SUPERVISOR,ACTIVE,86096.00,per Annum,1890,88067.32,186.25,10794.67,2828.37
2020,67,ADMIN FOR CHILDREN'S SVCS,1999-04-26T00:00:00.000,MANHATTAN,CITY RESEARCH SCIENTIST,ACTIVE,98768.00,per Annum,1820,95109.34,0,0.00,7809.86
2020,72,DEPARTMENT OF CORRECTION,2019-01-28T00:00:00.000,MANHATTAN,*COOK,ACTIVE,36627.00,per Annum,2080,35635.67,172,4883.87,6803.81
2020,72,DEPARTMENT OF CORRECTION,1990-08-02T00:00:00.000,QUEENS,CORRECTION OFFICER,ON SEPARATION LEAVE,85292.00,per Annum,2080,36944.29,0,0.00,12328.69
2020,72,DEPARTMENT OF CORRECTION,1989-08-03T00:00:00.000,QUEENS,WARDEN-ASSISTANT DEPUTY WARDEN TED < 11/1/92,CEASED,125531.00,per Annum,224,13450.98,0,0.00,36120.04
2020,72,DEPARTMENT OF CORRECTION,2019-02-11T00:00:00.000,QUEENS,CORRECTION OFFICER,ACTIVE,44333.00,per Annum,2080,44093.45,85.73,2730.50,3413.98
2020,72,DEPARTMENT OF CORRECTION,2019-02-11T00:00:00.000,QUEENS,CORRECTION OFFICER,ACTIVE,44333.00,per Annum,2080,44093.45,127.9,2148.72,4201.11
2020,72,DEPARTMENT OF CORRECTION,2018-01-08T00:00:00.000,QUEENS,CORRECTION OFFICER,ACTIVE,48371.00,per Annum,2080,47874.00,2,69.50,3878.21
2020,72,DEPARTMENT OF CORRECTION,2018-07-23T00:00:00.000,QUEENS,CORRECTION OFFICER,ACTIVE,48371.00,per Annum,2080,45759.41,96.75,3191.57,2967.70
2020,72,DEPARTMENT OF CORRECTION,2018-07-23T00:00:00.000,QUEENS,CORRECTION OFFICER,ON SEPARATION LEAVE,48371.00,per Annum,2080,45748.38,150,3947.44,3364.32
2020,72,DEPARTMENT OF CORRECTION,2017-06-19T00:00:00.000,QUEENS,CORRECTION OFFICER,ACTIVE,52170.00,per Annum,2000,47409.17,71,2512.26,3635.86
2020,72,DEPARTMENT OF CORRECTION,2016-10-03T00:00:00.000,QUEENS,MANAGEMENT AUDITOR,CEASED,85939.00,per Annum,1155,53389.70,7.5,349.37,217.47
2020,72,DEPARTMENT OF CORRECTION,2018-01-08T00:00:00.000,QUEENS,CORRECTION OFFICER,ACTIVE,48371.00,per Annum,2080,47954.95,64,1148.64,4889.26
2020,72,DEPARTMENT OF CORRECTION,2019-04-29T00:00:00.000,QUEENS,CLERICAL ASSOCIATE,ACTIVE,40017.00,per Annum,1820,39402.32,326.5,10752.92,4209.16
2020,72,DEPARTMENT OF CORRECTION,2001-04-09T00:00:00.000,QUEENS,ASSOCIATE INVESTIGATOR,ACTIVE,37.85,per Hour,1456.13,54530.59,0,0.00,39.76
2020,72,DEPARTMENT OF CORRECTION,2017-06-19T00:00:00.000,QUEENS,CORRECTION OFFICER,ACTIVE,52170.00,per Annum,2080,49935.75,43,1461.36,3269.49
2020,72,DEPARTMENT OF CORRECTION,2018-01-08T00:00:00.000,MANHATTAN,CORRECTION OFFICER,ACTIVE,48371.00,per Annum,2080,47954.95,120.07,4143.20,3141.57
2020,72,DEPARTMENT OF CORRECTION,2016-12-19T00:00:00.000,BRONX,CORRECTION OFFICER,ACTIVE,57587.00,per Annum,2080,50445.21,55,1984.75,3662.64
2020,72,DEPARTMENT OF CORRECTION,2017-06-22T00:00:00.000,QUEENS,CORRECTION OFFICER,ACTIVE,52170.00,per Annum,2080,49849.02,72.5,1485.93,5226.19
2020,72,DEPARTMENT OF CORRECTION,2017-06-19T00:00:00.000,QUEENS,CORRECTION OFFICER,ACTIVE,52170.00,per Annum,2080,50040.21,109.5,4022.02,3240.36
2020,72,DEPARTMENT OF CORRECTION,2017-12-18T00:00:00.000,QUEENS,PROGRAM SPECIALIST  CORRECTION,ACTIVE,61694.00,per Annum,1820,57213.77,3,98.35,10.13
2020,72,DEPARTMENT OF CORRECTION,2017-06-19T00:00:00.000,QUEENS,CORRECTION OFFICER,ACTIVE,52170.00,per Annum,2080,50006.54,102,3609.90,4107.95
2020,72,DEPARTMENT OF CORRECTION,2016-12-19T00:00:00.000,QUEENS,CORRECTION OFFICER,ACTIVE,57587.00,per Annum,2080,51932.36,80,1581.60,4912.50
2020,72,DEPARTMENT OF CORRECTION,2017-06-19T00:00:00.000,QUEENS,CORRECTION OFFICER,ACTIVE,52170.00,per Annum,2080,50040.21,142,5300.14,3225.00
2020,72,DEPARTMENT OF CORRECTION,2019-02-11T00:00:00.000,QUEENS,CORRECTION OFFICER,ACTIVE,44333.00,per Annum,2080,42649.21,695.5,11706.97,4458.40
2020,72,DEPARTMENT OF CORRECTION,2018-01-08T00:00:00.000,QUEENS,CORRECTION OFFICER,ACTIVE,48371.00,per Annum,2080,47468.47,349,6342.09,5018.16
2020,72,DEPARTMENT OF CORRECTION,2016-12-19T00:00:00.000,QUEENS,CORRECTION OFFICER,ACTIVE,57587.00,per Annum,2080,51932.36,99.25,2964.40,4344.81
2020,72,DEPARTMENT OF CORRECTION,2016-12-19T00:00:00.000,QUEENS,CORRECTION OFFICER,ACTIVE,57587.00,per Annum,2080,51932.36,86.48,3241.28,4106.87
2020,72,DEPARTMENT OF CORRECTION,2016-12-19T00:00:00.000,BRONX,CORRECTION OFFICER,ACTIVE,57587.00,per Annum,2000,45687.79,459,9074.43,4920.35
2020,72,DEPARTMENT OF CORRECTION,2005-12-01T00:00:00.000,QUEENS,PRINCIPAL ADMINISTRATIVE ASSOCIATE -  NON SUPVR,ACTIVE,58738.00,per Annum,1820,58944.33,0,0.00,774.84
2020,72,DEPARTMENT OF CORRECTION,2018-07-23T00:00:00.000,QUEENS,CORRECTION OFFICER,ACTIVE,48371.00,per Annum,2080,45759.41,511.17,8830.13,5207.20
2020,72,DEPARTMENT OF CORRECTION,2017-06-19T00:00:00.000,QUEENS,CORRECTION OFFICER,ACTIVE,52170.00,per Annum,2080,50040.21,249,4824.87,5454.06
2020,72,DEPARTMENT OF CORRECTION,2016-06-27T00:00:00.000,QUEENS,CORRECTION OFFICER,ACTIVE,57587.00,per Annum,2080,53818.98,106.7,2262.80,5159.70
2020,72,DEPARTMENT OF CORRECTION,2016-06-27T00:00:00.000,QUEENS,CORRECTION OFFICER,ACTIVE,57587.00,per Annum,2080,54522.48,83.25,3347.73,3422.19
2020,72,DEPARTMENT OF CORRECTION,2016-01-14T00:00:00.000,QUEENS,CORRECTION OFFICER,ACTIVE,57587.00,per Annum,1996.57,54666.95,84,3383.34,3425.81
2020,72,DEPARTMENT OF CORRECTION,2019-02-11T00:00:00.000,QUEENS,CORRECTION OFFICER,ACTIVE,44333.00,per Annum,2080,44072.25,776.6,13046.88,4478.36
2020,72,DEPARTMENT OF CORRECTION,2019-02-11T00:00:00.000,QUEENS,CORRECTION OFFICER,CEASED,44333.00,per Annum,1976,40855.83,856.32,15164.91,5773.79
2020,72,DEPARTMENT OF CORRECTION,2016-06-27T00:00:00.000,BRONX,CORRECTION OFFICER,ON LEAVE,57587.00,per Annum,2080,54522.48,97.7,1955.11,5319.64
2020,72,DEPARTMENT OF CORRECTION,2016-01-14T00:00:00.000,QUEENS,CORRECTION OFFICER,ACTIVE,57587.00,per Annum,2080,56964.60,0,0.00,4930.27
2020,72,DEPARTMENT OF CORRECTION,2016-12-19T00:00:00.000,QUEENS,CORRECTION OFFICER,CEASED,57587.00,per Annum,2092.08,52233.67,138.97,2848.28,7011.74
2020,72,DEPARTMENT OF CORRECTION,2016-01-14T00:00:00.000,QUEENS,CORRECTION OFFICER,ACTIVE,57587.00,per Annum,2080,56964.60,42,1424.77,3847.38
2020,72,DEPARTMENT OF CORRECTION,2017-06-19T00:00:00.000,QUEENS,CORRECTION OFFICER,ACTIVE,52170.00,per Annum,2080,50040.21,368,6883.68,5323.84
2020,72,DEPARTMENT OF CORRECTION,2018-01-08T00:00:00.000,QUEENS,CORRECTION OFFICER,ACTIVE,48371.00,per Annum,2080,47954.95,491.13,9165.09,5183.00
2020,72,DEPARTMENT OF CORRECTION,2015-08-06T00:00:00.000,QUEENS,CORRECTION OFFICER,ACTIVE,62247.00,per Annum,2080,58753.82,0,0.00,3557.18
2020,72,DEPARTMENT OF CORRECTION,2018-01-08T00:00:00.000,QUEENS,CORRECTION OFFICER,ACTIVE,48371.00,per Annum,2080,47954.95,523,9565.19,4873.69
2020,72,DEPARTMENT OF CORRECTION,2001-01-29T00:00:00.000,QUEENS,MOTOR VEHICLE SUPERVISOR,ACTIVE,58018.00,per Annum,2080,55154.73,0,0.00,7376.54
2020,72,DEPARTMENT OF CORRECTION,2018-01-08T00:00:00.000,MANHATTAN,CORRECTION OFFICER,ACTIVE,48371.00,per Annum,2080,47954.95,346.5,11774.43,3108.54
2020,72,DEPARTMENT OF CORRECTION,2016-12-19T00:00:00.000,QUEENS,CORRECTION OFFICER,ACTIVE,57587.00,per Annum,2080,51719.91,283,5594.91,5554.65
2020,72,DEPARTMENT OF CORRECTION,2016-06-27T00:00:00.000,QUEENS,CORRECTION OFFICER,ACTIVE,57587.00,per Annum,2080,54522.48,146.77,5501.55,3563.23
2020,72,DEPARTMENT OF CORRECTION,2018-01-08T00:00:00.000,QUEENS,CORRECTION OFFICER,ACTIVE,48371.00,per Annum,2080,47954.95,582,10611.47,5112.20
2020,72,DEPARTMENT OF CORRECTION,2015-03-05T00:00:00.000,QUEENS,CORRECTION OFFICER,ACTIVE,62247.00,per Annum,1916.57,56357.35,42.5,1713.39,5631.01
2020,72,DEPARTMENT OF CORRECTION,2018-01-08T00:00:00.000,QUEENS,CORRECTION OFFICER,ACTIVE,48371.00,per Annum,2080,47757.97,591.3,10775.85,5218.81
2020,72,DEPARTMENT OF CORRECTION,2018-07-23T00:00:00.000,QUEENS,CORRECTION OFFICER,ACTIVE,48371.00,per Annum,2080,45759.41,757,13452.81,5105.48
2020,72,DEPARTMENT OF CORRECTION,2015-03-05T00:00:00.000,QUEENS,CORRECTION OFFICER,ACTIVE,62247.00,per Annum,2080,58053.34,22,506.80,6472.81
2020,72,DEPARTMENT OF CORRECTION,2015-08-06T00:00:00.000,QUEENS,CORRECTION OFFICER,ACTIVE,62247.00,per Annum,2080,49625.63,320.68,11255.67,4219.07
2020,72,DEPARTMENT OF CORRECTION,2018-07-23T00:00:00.000,QUEENS,CORRECTION OFFICER,ACTIVE,48371.00,per Annum,2080,45759.41,829.3,14351.47,5168.07
2020,72,DEPARTMENT OF CORRECTION,2016-12-19T00:00:00.000,MANHATTAN,CORRECTION OFFICER,ACTIVE,57587.00,per Annum,2080,51932.36,389,8740.13,4787.99
2020,72,DEPARTMENT OF CORRECTION,2017-06-19T00:00:00.000,QUEENS,CORRECTION OFFICER,ACTIVE,52170.00,per Annum,2080,49970.81,343,12445.90,3225.00
2020,72,DEPARTMENT OF CORRECTION,2015-08-06T00:00:00.000,QUEENS,CORRECTION OFFICER,ACTIVE,62247.00,per Annum,2004.57,53703.54,79.23,3364.09,9067.40
2020,72,DEPARTMENT OF CORRECTION,2016-12-19T00:00:00.000,QUEENS,CORRECTION OFFICER,ACTIVE,57587.00,per Annum,2080,51932.36,477,9430.29,5342.20
2020,72,DEPARTMENT OF CORRECTION,2016-01-14T00:00:00.000,BRONX,CORRECTION OFFICER,ACTIVE,57587.00,per Annum,2080,56902.10,114,4263.15,5641.88
2020,72,DEPARTMENT OF CORRECTION,2018-01-08T00:00:00.000,MANHATTAN,CORRECTION OFFICER,ACTIVE,48371.00,per Annum,2080,47157.39,832,15268.70,4960.52
2020,72,DEPARTMENT OF CORRECTION,2016-12-19T00:00:00.000,MANHATTAN,CORRECTION OFFICER,ACTIVE,57587.00,per Annum,2080,51932.36,342.25,12508.29,3323.36
2020,72,DEPARTMENT OF CORRECTION,2017-06-19T00:00:00.000,QUEENS,CORRECTION OFFICER,ACTIVE,52170.00,per Annum,2080,49843.62,653.83,12395.25,5671.61
2020,72,DEPARTMENT OF CORRECTION,2016-09-19T00:00:00.000,QUEENS,ASSOCIATE CORRECTIONAL COUNSELOR,ACTIVE,69152.00,per Annum,1820,68090.32,0,0.00,43.67
2020,72,DEPARTMENT OF CORRECTION,2014-08-04T00:00:00.000,QUEENS,LOCKSMITH,ACTIVE,254.96,per Day,2080,66289.60,27,1171.22,1001.43
2020,72,DEPARTMENT OF CORRECTION,2016-01-14T00:00:00.000,QUEENS,CORRECTION OFFICER,ACTIVE,57587.00,per Annum,2080,56675.03,220.75,8653.53,3422.19
2020,72,DEPARTMENT OF CORRECTION,2016-12-19T00:00:00.000,QUEENS,CORRECTION OFFICER,ACTIVE,57587.00,per Annum,2080,51932.36,579.03,11642.29,5219.19
2020,72,DEPARTMENT OF CORRECTION,2015-08-06T00:00:00.000,QUEENS,CORRECTION OFFICER,ACTIVE,62247.00,per Annum,2080,58240.18,207.5,4655.38,5907.27
2020,72,DEPARTMENT OF CORRECTION,2015-03-05T00:00:00.000,QUEENS,CORRECTION OFFICER,ACTIVE,62247.00,per Annum,2080,60968.05,55.5,2613.71,5423.06
2020,72,DEPARTMENT OF CORRECTION,2016-01-14T00:00:00.000,QUEENS,CORRECTION OFFICER,ON LEAVE,57587.00,per Annum,2080,56964.60,201.5,8201.73,4007.02
2020,72,DEPARTMENT OF CORRECTION,2016-01-14T00:00:00.000,QUEENS,CORRECTION OFFICER,ACTIVE,57587.00,per Annum,2080,56964.60,310,6685.95,5569.69
2020,72,DEPARTMENT OF CORRECTION,2016-01-14T00:00:00.000,MANHATTAN,CORRECTION OFFICER,ACTIVE,57587.00,per Annum,2080,56964.60,235.55,8864.40,3754.46
2020,72,DEPARTMENT OF CORRECTION,2016-01-14T00:00:00.000,QUEENS,CORRECTION OFFICER,ACTIVE,57587.00,per Annum,2080,56964.60,354.13,8508.44,4683.40
2020,72,DEPARTMENT OF CORRECTION,2008-06-29T00:00:00.000,QUEENS,MOTOR VEHICLE OPERATOR,ACTIVE,50047.00,per Annum,2080,48713.40,335.5,13040.35,8454.12
2020,72,DEPARTMENT OF CORRECTION,2015-05-11T00:00:00.000,QUEENS,COMMUNITY COORDINATOR,ACTIVE,62215.00,per Annum,1820,61259.83,209,8606.60,352.94
2020,72,DEPARTMENT OF CORRECTION,2016-01-14T00:00:00.000,BRONX,CORRECTION OFFICER,ACTIVE,57587.00,per Annum,2080,56964.60,337.5,7400.69,5970.25
2020,72,DEPARTMENT OF CORRECTION,2016-01-14T00:00:00.000,QUEENS,CORRECTION OFFICER,ACTIVE,57587.00,per Annum,2080,55870.11,446,9724.67,5402.91
2020,72,DEPARTMENT OF CORRECTION,2015-08-06T00:00:00.000,QUEENS,CORRECTION OFFICER,ACTIVE,62247.00,per Annum,2080,58952.23,199.75,8379.88,4066.67
2020,72,DEPARTMENT OF CORRECTION,2015-08-06T00:00:00.000,QUEENS,CORRECTION OFFICER,ACTIVE,62247.00,per Annum,2080,58611.99,222.75,9295.50,3564.34
2020,72,DEPARTMENT OF CORRECTION,2016-06-27T00:00:00.000,MANHATTAN,CORRECTION OFFICER,ACTIVE,57587.00,per Annum,2080,54522.48,364.5,13645.46,3651.68
2020,72,DEPARTMENT OF CORRECTION,2012-09-06T00:00:00.000,QUEENS,CAPTAIN,ON LEAVE,88432.00,per Annum,2080,59881.50,40,1463.65,10482.93
2020,72,DEPARTMENT OF CORRECTION,2018-07-23T00:00:00.000,QUEENS,CORRECTION OFFICER,ACTIVE,48371.00,per Annum,2080,45759.41,1217.38,21170.07,5074.22
2020,72,DEPARTMENT OF CORRECTION,2015-08-06T00:00:00.000,QUEENS,CORRECTION OFFICER,ACTIVE,62247.00,per Annum,2080,59007.30,232,9597.82,3539.43
2020,72,DEPARTMENT OF CORRECTION,2016-12-19T00:00:00.000,QUEENS,CORRECTION OFFICER,ACTIVE,57587.00,per Annum,2080,51932.36,566.98,15966.65,4297.23
2020,72,DEPARTMENT OF CORRECTION,2016-12-19T00:00:00.000,QUEENS,CORRECTION OFFICER,ACTIVE,57587.00,per Annum,2080,51838.82,452.6,16476.39,4105.35
2020,72,DEPARTMENT OF CORRECTION,2016-01-14T00:00:00.000,QUEENS,CORRECTION OFFICER,ACTIVE,57587.00,per Annum,2080,56964.60,151.67,3254.32,12901.64
2020,72,DEPARTMENT OF CORRECTION,2015-03-05T00:00:00.000,QUEENS,CORRECTION OFFICER,ACTIVE,62247.00,per Annum,2080,60931.69,170.25,7011.20,5814.70
2020,72,DEPARTMENT OF CORRECTION,2018-01-08T00:00:00.000,MANHATTAN,CORRECTION OFFICER,ACTIVE,48371.00,per Annum,2080,47954.95,1111.63,20440.39,5367.65
2020,72,DEPARTMENT OF CORRECTION,2019-01-28T00:00:00.000,QUEENS,INVESTIGATOR,ACTIVE,58167.00,per Annum,1820,57274.03,407.5,16409.28,1339.49
2020,72,DEPARTMENT OF CORRECTION,2015-08-06T00:00:00.000,QUEENS,CORRECTION OFFICER,ACTIVE,62247.00,per Annum,2080,59007.30,386,8677.83,7406.33
2020,72,DEPARTMENT OF CORRECTION,2016-06-27T00:00:00.000,QUEENS,CORRECTION OFFICER,ACTIVE,57587.00,per Annum,2080,54522.48,454.22,17702.89,3427.00
2020,72,DEPARTMENT OF CORRECTION,2008-11-10T00:00:00.000,QUEENS,ADM MANAGER-NON-MGRL,ACTIVE,69356.00,per Annum,1820,72496.76,77.25,3223.38,-12.49
2020,72,DEPARTMENT OF CORRECTION,2014-10-30T00:00:00.000,QUEENS,CORRECTION OFFICER,ACTIVE,85292.00,per Annum,2080,64424.25,103.5,4927.75,6577.31
2020,72,DEPARTMENT OF CORRECTION,2015-10-19T00:00:00.000,QUEENS,DIRECTOR OF CORRECTIONAL STANDARDS REVIEW,ACTIVE,77345.00,per Annum,1820,76169.65,0,0.00,0.00
2020,72,DEPARTMENT OF CORRECTION,2015-08-06T00:00:00.000,QUEENS,CORRECTION OFFICER,ACTIVE,62247.00,per Annum,2080,57852.00,630,14292.17,5915.30
2020,72,DEPARTMENT OF CORRECTION,2016-06-27T00:00:00.000,MANHATTAN,CORRECTION OFFICER,ACTIVE,57587.00,per Annum,2080,54452.27,791.02,18161.84,5709.05
2020,72,DEPARTMENT OF CORRECTION,2016-01-14T00:00:00.000,QUEENS,CORRECTION OFFICER,ACTIVE,57587.00,per Annum,2080,56964.60,688.07,15439.52,6289.60
2020,72,DEPARTMENT OF CORRECTION,2015-03-05T00:00:00.000,QUEENS,CORRECTION OFFICER,ACTIVE,62247.00,per Annum,2080,60968.05,324.5,12881.02,4921.09
2020,72,DEPARTMENT OF CORRECTION,2018-09-10T00:00:00.000,QUEENS,INVESTIGATOR,ACTIVE,58167.00,per Annum,1820,57274.03,491.75,21621.00,366.42
2020,72,DEPARTMENT OF CORRECTION,1990-01-18T00:00:00.000,QUEENS,WARDEN-DEPUTY WARDEN TED < 11/1/92,ACTIVE,134440.00,per Annum,2080,131521.01,0,0.00,17295.57
2020,72,DEPARTMENT OF CORRECTION,2012-04-26T00:00:00.000,QUEENS,CORRECTION OFFICER,ACTIVE,85292.00,per Annum,2080,83461.44,383,24668.55,19664.43
2020,72,DEPARTMENT OF CORRECTION,2004-12-16T00:00:00.000,QUEENS,CORRECTION OFFICER,ACTIVE,85292.00,per Annum,2080,84729.76,849.63,30442.58,16913.87
2020,72,DEPARTMENT OF CORRECTION,1999-04-01T00:00:00.000,BRONX,CORRECTION OFFICER,ACTIVE,85292.00,per Annum,2080,84831.14,453,30153.38,12328.69
2020,72,DEPARTMENT OF CORRECTION,2002-06-06T00:00:00.000,QUEENS,CORRECTION OFFICER,ACTIVE,85292.00,per Annum,2080,84483.82,723.03,45488.61,13687.57
2020,72,DEPARTMENT OF CORRECTION,2016-11-14T00:00:00.000,QUEENS,EXECUTIVE DIRECTOR OF FOOD SERVICES,ACTIVE,145022.00,per Annum,1820,142818.45,0,0.00,250.00
2020,72,DEPARTMENT OF CORRECTION,2004-12-16T00:00:00.000,QUEENS,CORRECTION OFFICER,ACTIVE,85292.00,per Annum,2080,84194.00,1104.77,39637.97,17126.01
2020,72,DEPARTMENT OF CORRECTION,2008-01-02T00:00:00.000,QUEENS,CERTIFIED IT DEVELOPER,ACTIVE,136951.00,per Annum,1820,134848.20,0,0.00,6013.19
2020,72,DEPARTMENT OF CORRECTION,2007-08-30T00:00:00.000,QUEENS,WARDEN-ASSISTANT DEPUTY WARDEN TED < 11/1/92,ACTIVE,111352.00,per Annum,2080,109231.17,403,18408.62,12618.35
2020,72,DEPARTMENT OF CORRECTION,2006-06-29T00:00:00.000,QUEENS,CORRECTION OFFICER,ACTIVE,85292.00,per Annum,2080,84831.14,1037.03,36961.72,16747.16
2020,72,DEPARTMENT OF CORRECTION,2007-11-01T00:00:00.000,BROOKLYN,CAPTAIN,ACTIVE,109360.00,per Annum,2080,110223.43,286,12400.45,15389.36
2020,72,DEPARTMENT OF CORRECTION,1996-11-14T00:00:00.000,QUEENS,CORRECTION OFFICER,ACTIVE,85292.00,per Annum,2080,84831.14,904.67,33096.31,19825.18
2020,72,DEPARTMENT OF CORRECTION,1991-04-04T00:00:00.000,QUEENS,CORRECTION OFFICER,ACTIVE,85292.00,per Annum,2080,84831.14,661.25,27238.89,17943.28
2020,72,DEPARTMENT OF CORRECTION,2011-12-22T00:00:00.000,MANHATTAN,CORRECTION OFFICER,ACTIVE,85292.00,per Annum,2080,84831.14,1016.1,36079.76,16604.02
2020,72,DEPARTMENT OF CORRECTION,2012-04-26T00:00:00.000,MANHATTAN,CORRECTION OFFICER,ACTIVE,85292.00,per Annum,2080,84831.14,785.85,43418.42,9264.09
2020,72,DEPARTMENT OF CORRECTION,2016-02-29T00:00:00.000,QUEENS,ADMINISTRATIVE PUBLIC INFORMATION SPECIALIST,ACTIVE,139050.00,per Annum,1820,135888.32,0,0.00,0.00
2020,72,DEPARTMENT OF CORRECTION,2005-11-03T00:00:00.000,QUEENS,CORRECTION OFFICER,ACTIVE,85292.00,per Annum,2080,84831.14,791,28192.72,16340.29
2020,72,DEPARTMENT OF CORRECTION,2007-08-30T00:00:00.000,QUEENS,CORRECTION OFFICER,ACTIVE,85292.00,per Annum,2080,83248.14,1018,36283.36,15797.94
2020,72,DEPARTMENT OF CORRECTION,2002-06-06T00:00:00.000,QUEENS,CORRECTION OFFICER,ACTIVE,85292.00,per Annum,2080,84831.14,882,31755.88,18740.65
2020,72,DEPARTMENT OF CORRECTION,2001-07-16T00:00:00.000,QUEENS,ELECTRICIAN,ACTIVE,417.97,per Day,1825,108858.72,723.5,64739.38,19319.78
2020,72,DEPARTMENT OF CORRECTION,2001-06-07T00:00:00.000,QUEENS,CAPTAIN,ACTIVE,109360.00,per Annum,2080,108768.97,1212.5,66388.44,17386.08
2020,72,DEPARTMENT OF CORRECTION,1995-09-14T00:00:00.000,MANHATTAN,WARDEN-DEPUTY WARDEN TED < 11/1/92,ACTIVE,163644.00,per Annum,2080,162759.66,0,0.00,24565.36
2020,72,DEPARTMENT OF CORRECTION,1996-11-14T00:00:00.000,MANHATTAN,WARDEN-DEPUTY WARDEN TED < 11/1/92,ACTIVE,163644.00,per Annum,2080,162759.66,0,0.00,23863.71
2020,72,DEPARTMENT OF CORRECTION,2008-06-26T00:00:00.000,MANHATTAN,CORRECTION OFFICER,ACTIVE,85292.00,per Annum,2080,84831.14,535.03,33901.74,10255.32
2020,72,DEPARTMENT OF CORRECTION,2007-08-15T00:00:00.000,QUEENS,WELDER,ACTIVE,548.00,per Day,2080,150232.28,309,33980.11,848.33
2020,72,DEPARTMENT OF CORRECTION,2008-11-20T00:00:00.000,QUEENS,CAPTAIN,ACTIVE,87741.00,per Annum,2051.43,85881.41,1004,35207.85,13141.99
2020,72,DEPARTMENT OF CORRECTION,2014-10-27T00:00:00.000,QUEENS,OILER,ACTIVE,478.00,per Day,1906.28,113862.27,376,37666.47,18173.39
2020,72,DEPARTMENT OF CORRECTION,2001-06-07T00:00:00.000,QUEENS,CORRECTION OFFICER,ACTIVE,85292.00,per Annum,2080,84831.14,1659.03,60606.20,20900.78
2020,72,DEPARTMENT OF CORRECTION,2000-06-01T00:00:00.000,QUEENS,CAPTAIN,ACTIVE,109360.00,per Annum,2080,108768.97,569,42638.34,12559.50
2020,72,DEPARTMENT OF CORRECTION,1988-08-01T00:00:00.000,QUEENS,ADMINISTRATIVE PROJECT MANAGER,ACTIVE,163854.00,per Annum,1820,161364.43,0,0.00,0.00
2020,72,DEPARTMENT OF CORRECTION,1989-05-25T00:00:00.000,QUEENS,CORRECTION OFFICER,ACTIVE,85292.00,per Annum,2080,84831.14,732,26635.78,17099.23
2020,72,DEPARTMENT OF CORRECTION,2015-08-06T00:00:00.000,MANHATTAN,CORRECTION OFFICER,ACTIVE,62247.00,per Annum,2080,59007.30,739.5,16582.61,5827.46
2020,72,DEPARTMENT OF CORRECTION,2002-06-06T00:00:00.000,QUEENS,CORRECTION OFFICER,CEASED,85292.00,per Annum,1440,58730.82,0,0.00,22932.48
2020,72,DEPARTMENT OF CORRECTION,1999-04-01T00:00:00.000,QUEENS,CORRECTION OFFICER,CEASED,85292.00,per Annum,2016,81444.68,0,0.00,28082.30
2020,72,DEPARTMENT OF CORRECTION,2011-05-26T00:00:00.000,QUEENS,CORRECTION OFFICER,ACTIVE,85292.00,per Annum,2080,84831.14,251.02,16167.67,8838.65
2020,72,DEPARTMENT OF CORRECTION,2009-08-27T00:00:00.000,MANHATTAN,CORRECTION OFFICER,ACTIVE,85292.00,per Annum,2080,84831.14,289.97,10462.69,15909.88
2020,72,DEPARTMENT OF CORRECTION,2016-01-14T00:00:00.000,QUEENS,CORRECTION OFFICER,ACTIVE,57587.00,per Annum,2080,59503.86,766,17457.37,5980.05
2020,72,DEPARTMENT OF CORRECTION,2010-12-16T00:00:00.000,QUEENS,CORRECTION OFFICER,ACTIVE,85292.00,per Annum,2080,84831.14,313,19313.36,7119.53
2020,72,DEPARTMENT OF CORRECTION,2005-11-03T00:00:00.000,QUEENS,CORRECTION OFFICER,ACTIVE,85292.00,per Annum,2080,84831.14,249.5,16013.40,10842.11
2020,72,DEPARTMENT OF CORRECTION,2012-04-26T00:00:00.000,QUEENS,CORRECTION OFFICER,ACTIVE,85292.00,per Annum,2080,84831.14,318.02,19316.87,9218.64
2020,72,DEPARTMENT OF CORRECTION,1995-09-14T00:00:00.000,QUEENS,CORRECTION OFFICER,ACTIVE,85292.00,per Annum,2080,84831.14,260,9455.43,19956.94
2020,72,DEPARTMENT OF CORRECTION,1999-04-01T00:00:00.000,QUEENS,CORRECTION OFFICER,ON SEPARATION LEAVE,85292.00,per Annum,2080,84831.14,248,16507.94,13061.16
2020,72,DEPARTMENT OF CORRECTION,2007-11-01T00:00:00.000,QUEENS,CAPTAIN,ACTIVE,88432.00,per Annum,2080,85568.95,440.5,15508.49,13359.26
2020,72,DEPARTMENT OF CORRECTION,2005-05-30T00:00:00.000,MANHATTAN,CAPTAIN,CEASED,87741.00,per Annum,1488,62243.37,0,-9.31,22720.16
2020,72,DEPARTMENT OF CORRECTION,2013-09-26T00:00:00.000,QUEENS,CAPTAIN,ACTIVE,87741.00,per Annum,2080,87080.05,295.25,18638.50,9847.30
2020,72,DEPARTMENT OF CORRECTION,2002-06-06T00:00:00.000,QUEENS,CORRECTION OFFICER,ACTIVE,85292.00,per Annum,2080,84831.14,392.03,14114.92,17634.72
2020,72,DEPARTMENT OF CORRECTION,2011-05-26T00:00:00.000,MANHATTAN,CORRECTION OFFICER,ACTIVE,85292.00,per Annum,2080,84831.14,494,17602.47,14214.69
2020,72,DEPARTMENT OF CORRECTION,2011-08-25T00:00:00.000,QUEENS,CORRECTION OFFICER,ACTIVE,85292.00,per Annum,2080,84831.14,377.03,22652.94,9218.64
2020,72,DEPARTMENT OF CORRECTION,2016-04-25T00:00:00.000,QUEENS,CARPENTER,ACTIVE,364.14,per Day,1820,94635.73,308.5,23005.85,0.77
2020,72,DEPARTMENT OF CORRECTION,2013-09-26T00:00:00.000,QUEENS,CORRECTION OFFICER,ACTIVE,85292.00,per Annum,2080,84708.74,526,18556.62,14809.22
2020,72,DEPARTMENT OF CORRECTION,1990-08-30T00:00:00.000,QUEENS,CORRECTION OFFICER,CEASED,85292.00,per Annum,1968,80262.90,51,3394.74,37607.85
2020,72,DEPARTMENT OF CORRECTION,2005-11-10T00:00:00.000,QUEENS,CORRECTION OFFICER,ACTIVE,85292.00,per Annum,2080,84831.14,566,20173.28,16514.79
2020,72,DEPARTMENT OF CORRECTION,2008-01-17T00:00:00.000,QUEENS,CAPTAIN,ACTIVE,109360.00,per Annum,2080,108768.97,9,390.22,12458.54
2020,72,DEPARTMENT OF CORRECTION,1999-04-01T00:00:00.000,QUEENS,WARDEN,CEASED,206006.00,per Annum,0,0.00,0,0.00,122139.84
2020,72,DEPARTMENT OF CORRECTION,2009-08-27T00:00:00.000,QUEENS,CORRECTION OFFICER,ACTIVE,85292.00,per Annum,2080,84831.14,433.75,25687.06,11681.77
2020,72,DEPARTMENT OF CORRECTION,2001-10-11T00:00:00.000,MANHATTAN,CAPTAIN,ACTIVE,109360.00,per Annum,2080,108768.97,40.5,2444.22,12497.59
2020,72,DEPARTMENT OF CORRECTION,1999-08-02T00:00:00.000,QUEENS,ADMINISTRATIVE STAFF ANALYST,ACTIVE,123042.00,per Annum,1820,122376.89,8,644.14,893.03
2020,72,DEPARTMENT OF CORRECTION,2005-06-09T00:00:00.000,MANHATTAN,CORRECTION OFFICER,ACTIVE,85292.00,per Annum,2080,84831.14,620,22540.17,17330.45
2020,72,DEPARTMENT OF CORRECTION,2013-05-16T00:00:00.000,QUEENS,CAPTAIN,ACTIVE,87044.00,per Annum,2080,84726.25,722,28841.63,11457.32
2020,72,DEPARTMENT OF CORRECTION,2008-08-07T00:00:00.000,QUEENS,CORRECTION OFFICER,ACTIVE,85292.00,per Annum,2080,84831.14,468.03,29979.57,10279.95
2020,72,DEPARTMENT OF CORRECTION,1985-05-19T00:00:00.000,MANHATTAN,CORRECTION OFFICER,ACTIVE,85292.00,per Annum,2080,84831.14,589.7,23834.11,17125.01
2020,72,DEPARTMENT OF CORRECTION,2012-04-26T00:00:00.000,QUEENS,CORRECTION OFFICER,ACTIVE,85292.00,per Annum,2080,84831.14,752,26558.80,14644.53
2020,72,DEPARTMENT OF CORRECTION,2013-09-26T00:00:00.000,QUEENS,CORRECTION OFFICER,ACTIVE,85292.00,per Annum,2080,84831.14,506.5,32623.05,9218.64
2020,72,DEPARTMENT OF CORRECTION,2015-08-06T00:00:00.000,QUEENS,CORRECTION OFFICER,ACTIVE,62247.00,per Annum,2080,59007.30,717,23518.28,4361.95
2020,72,DEPARTMENT OF CORRECTION,2015-03-05T00:00:00.000,QUEENS,CORRECTION OFFICER,ACTIVE,62247.00,per Annum,2080,60968.05,797.47,18916.72,7974.45
2020,72,DEPARTMENT OF CORRECTION,2012-04-26T00:00:00.000,QUEENS,CORRECTION OFFICER,ACTIVE,85292.00,per Annum,1960,79898.70,0,0.00,8789.45
2020,72,DEPARTMENT OF CORRECTION,2014-05-08T00:00:00.000,QUEENS,CORRECTION OFFICER,ACTIVE,85292.00,per Annum,2080,76140.60,56.6,3559.67,9044.03
2020,72,DEPARTMENT OF CORRECTION,2018-05-29T00:00:00.000,QUEENS,MAINTENANCE WORKER,ACTIVE,239.84,per Day,2086,62508.63,532.5,24227.89,2384.22
2020,72,DEPARTMENT OF CORRECTION,2004-02-12T00:00:00.000,QUEENS,CORRECTION OFFICER,ACTIVE,85292.00,per Annum,2080,77595.14,10,658.46,11561.84
2020,72,DEPARTMENT OF CORRECTION,2013-01-03T00:00:00.000,QUEENS,CORRECTION OFFICER,ACTIVE,85292.00,per Annum,2080,78605.32,77.5,3465.99,9035.88
2020,72,DEPARTMENT OF CORRECTION,2014-05-08T00:00:00.000,QUEENS,CORRECTION OFFICER,ACTIVE,85292.00,per Annum,2080,76140.60,245.5,6211.43,9371.40
2020,72,DEPARTMENT OF CORRECTION,2006-06-29T00:00:00.000,MANHATTAN,CORRECTION OFFICER,ACTIVE,85292.00,per Annum,2080,82747.22,0,0.00,10124.22
2020,72,DEPARTMENT OF CORRECTION,2013-01-03T00:00:00.000,QUEENS,CORRECTION OFFICER,ACTIVE,85292.00,per Annum,2080,84831.14,0,0.00,9218.64
2020,72,DEPARTMENT OF CORRECTION,2015-08-06T00:00:00.000,QUEENS,CORRECTION OFFICER,ACTIVE,62247.00,per Annum,2080,59007.30,1313.47,29508.00,6034.35
2020,72,DEPARTMENT OF CORRECTION,2013-01-03T00:00:00.000,BRONX,CORRECTION OFFICER,ACTIVE,85292.00,per Annum,2080,84136.50,8.25,487.69,10361.86
2020,72,DEPARTMENT OF CORRECTION,2013-05-16T00:00:00.000,BRONX,CORRECTION OFFICER,ACTIVE,85292.00,per Annum,2080,84831.14,16,1030.55,9218.64
2020,72,DEPARTMENT OF CORRECTION,2013-05-16T00:00:00.000,QUEENS,CORRECTION OFFICER,ACTIVE,85292.00,per Annum,2080,84783.56,17.5,1127.16,9275.03
2020,72,DEPARTMENT OF CORRECTION,2013-01-03T00:00:00.000,QUEENS,CORRECTION OFFICER,ACTIVE,85292.00,per Annum,2080,81501.35,92,3118.34,10759.38
2020,72,DEPARTMENT OF CORRECTION,2005-11-03T00:00:00.000,MANHATTAN,CORRECTION OFFICER,ACTIVE,85292.00,per Annum,1994.28,81334.99,42,2735.33,11599.25
2020,72,DEPARTMENT OF CORRECTION,2008-11-20T00:00:00.000,QUEENS,CORRECTION OFFICER,ACTIVE,85292.00,per Annum,2080,83789.18,33.5,1709.98,10189.77
2020,72,DEPARTMENT OF CORRECTION,2012-09-06T00:00:00.000,QUEENS,CORRECTION OFFICER,ACTIVE,85292.00,per Annum,2080,84483.82,0,0.00,11226.27
2020,72,DEPARTMENT OF CORRECTION,2012-09-06T00:00:00.000,QUEENS,CORRECTION OFFICER,ACTIVE,85292.00,per Annum,2080,84831.14,8,282.24,10610.59
2020,72,DEPARTMENT OF CORRECTION,2000-06-01T00:00:00.000,QUEENS,CORRECTION OFFICER,ACTIVE,85292.00,per Annum,2080,84086.93,7.5,493.84,11665.18
2020,72,DEPARTMENT OF CORRECTION,2008-02-28T00:00:00.000,QUEENS,CORRECTION OFFICER,ACTIVE,85292.00,per Annum,2080,84831.14,0,0.00,11758.17
2020,72,DEPARTMENT OF CORRECTION,2008-06-26T00:00:00.000,QUEENS,CORRECTION OFFICER,ACTIVE,85292.00,per Annum,2080,84483.82,29.5,1921.25,10233.47
2020,72,DEPARTMENT OF CORRECTION,2008-01-17T00:00:00.000,QUEENS,CORRECTION OFFICER,ACTIVE,85292.00,per Annum,2080,83034.37,235.97,8498.70,16953.28
2020,72,DEPARTMENT OF CORRECTION,2013-01-03T00:00:00.000,QUEENS,CORRECTION OFFICER,ACTIVE,85292.00,per Annum,2080,84831.14,319,10812.58,12333.53
2020,72,DEPARTMENT OF CORRECTION,2007-04-12T00:00:00.000,QUEENS,CAPTAIN,ACTIVE,88432.00,per Annum,2080,87925.59,126.5,8513.53,11267.43
2020,72,DEPARTMENT OF CORRECTION,1997-10-23T00:00:00.000,QUEENS,CORRECTION OFFICER,CEASED,85292.00,per Annum,2080,84831.14,134,4933.58,17556.41
2020,72,DEPARTMENT OF CORRECTION,2011-12-22T00:00:00.000,QUEENS,CORRECTION OFFICER,ACTIVE,85292.00,per Annum,2080,84831.14,201.75,12528.36,9218.64
2020,72,DEPARTMENT OF CORRECTION,2014-12-15T00:00:00.000,QUEENS,COMPUTER SPECIALIST,ACTIVE,102072.00,per Annum,1820,100504.72,0,0.00,5216.53
2020,72,DEPARTMENT OF CORRECTION,2009-08-27T00:00:00.000,QUEENS,CAPTAIN,ACTIVE,89123.00,per Annum,2080,84320.98,214,10383.85,10776.14
2020,72,DEPARTMENT OF CORRECTION,2008-06-26T00:00:00.000,QUEENS,CORRECTION OFFICER,ACTIVE,85292.00,per Annum,2080,84001.24,143.67,5356.39,15963.97
2020,72,DEPARTMENT OF CORRECTION,2012-04-26T00:00:00.000,BRONX,CORRECTION OFFICER,ACTIVE,85292.00,per Annum,1851.43,74467.06,249,15950.37,14559.44
2020,72,DEPARTMENT OF CORRECTION,2005-06-02T00:00:00.000,QUEENS,CORRECTION OFFICER,ACTIVE,85292.00,per Annum,1971.43,80402.26,226.57,8653.11,15460.23
2020,72,DEPARTMENT OF CORRECTION,2005-11-10T00:00:00.000,QUEENS,CORRECTION OFFICER,ACTIVE,85292.00,per Annum,2080,84831.14,121,7880.41,11401.07
2020,72,DEPARTMENT OF CORRECTION,2005-06-02T00:00:00.000,BRONX,CORRECTION OFFICER,ACTIVE,85292.00,per Annum,2080,84831.14,125,8140.91,11056.39
2020,72,DEPARTMENT OF CORRECTION,2004-02-12T00:00:00.000,QUEENS,CORRECTION OFFICER,ACTIVE,85292.00,per Annum,2080,84831.14,116.35,7661.09,11513.44
2020,72,DEPARTMENT OF CORRECTION,2000-01-18T00:00:00.000,QUEENS,CARPENTER,ACTIVE,364.14,per Day,1575,77925.44,354.5,25997.00,0.77
2020,72,DEPARTMENT OF CORRECTION,2013-09-26T00:00:00.000,QUEENS,CORRECTION OFFICER,ACTIVE,85292.00,per Annum,2080,84493.77,151,9550.91,9748.34
2020,72,DEPARTMENT OF CORRECTION,2013-05-16T00:00:00.000,QUEENS,CORRECTION OFFICER,ACTIVE,85292.00,per Annum,2080,84831.14,128.08,7257.33,11480.02
2020,72,DEPARTMENT OF CORRECTION,2011-08-25T00:00:00.000,QUEENS,CORRECTION OFFICER,ACTIVE,85292.00,per Annum,2080,84831.14,146,9403.68,9218.64
2020,72,DEPARTMENT OF CORRECTION,2008-01-17T00:00:00.000,BROOKLYN,CORRECTION OFFICER,ACTIVE,85292.00,per Annum,2080,84831.14,133,6096.69,12237.31
2020,72,DEPARTMENT OF CORRECTION,2005-06-02T00:00:00.000,MANHATTAN,CORRECTION OFFICER,ACTIVE,85292.00,per Annum,2080,84831.14,83,3282.60,14252.77
2020,72,DEPARTMENT OF CORRECTION,2005-11-03T00:00:00.000,BRONX,CORRECTION OFFICER,ACTIVE,85292.00,per Annum,2080,84483.82,14,498.98,17191.19
2020,72,DEPARTMENT OF CORRECTION,2001-12-20T00:00:00.000,QUEENS,CORRECTION OFFICER,ACTIVE,85292.00,per Annum,2080,84483.82,23,828.10,16605.37
2020,72,DEPARTMENT OF CORRECTION,2009-08-27T00:00:00.000,BROOKLYN,CORRECTION OFFICER,ACTIVE,85292.00,per Annum,2080,84831.14,87.32,5623.95,11363.97
2020,72,DEPARTMENT OF CORRECTION,2009-08-27T00:00:00.000,QUEENS,CORRECTION OFFICER,ACTIVE,85292.00,per Annum,2080,84831.14,31.92,1627.93,15159.30
2020,72,DEPARTMENT OF CORRECTION,2013-05-16T00:00:00.000,QUEENS,CORRECTION OFFICER,ACTIVE,85292.00,per Annum,2080,84831.14,116.5,7007.48,9760.59
2020,72,DEPARTMENT OF CORRECTION,2009-08-27T00:00:00.000,MANHATTAN,CORRECTION OFFICER,ACTIVE,85292.00,per Annum,2080,84074.17,97.23,6328.24,11086.28
2020,72,DEPARTMENT OF CORRECTION,2007-11-01T00:00:00.000,QUEENS,CORRECTION OFFICER,ACTIVE,85292.00,per Annum,2080,84831.14,82,4337.94,12296.90
2020,72,DEPARTMENT OF CORRECTION,2018-06-11T00:00:00.000,QUEENS,INVESTIGATOR,ACTIVE,58167.00,per Annum,1820,57274.03,966.25,42658.02,1083.21
2020,72,DEPARTMENT OF CORRECTION,1973-05-14T00:00:00.000,MANHATTAN,CORRECTION OFFICER,ACTIVE,85292.00,per Annum,2080,84831.14,41,2608.32,13277.99
2020,72,DEPARTMENT OF CORRECTION,2004-12-22T00:00:00.000,BRONX,CORRECTION OFFICER,ACTIVE,85292.00,per Annum,2080,84831.14,73.25,4770.59,10255.32
2020,72,DEPARTMENT OF CORRECTION,2005-06-02T00:00:00.000,QUEENS,CORRECTION OFFICER,ACTIVE,85292.00,per Annum,2080,84130.38,32,1140.54,14409.73
2020,72,DEPARTMENT OF CORRECTION,2006-06-29T00:00:00.000,QUEENS,CORRECTION OFFICER,ACTIVE,85292.00,per Annum,2080,84831.14,65.25,4249.55,10255.32
2020,72,DEPARTMENT OF CORRECTION,2013-01-03T00:00:00.000,QUEENS,CORRECTION OFFICER,ACTIVE,85292.00,per Annum,2080,84482.86,46,2962.84,10995.82
2020,72,DEPARTMENT OF CORRECTION,2011-12-22T00:00:00.000,BROOKLYN,CORRECTION OFFICER,ACTIVE,85292.00,per Annum,2080,84831.14,5.5,194.03,13230.71
2020,72,DEPARTMENT OF CORRECTION,1989-05-01T00:00:00.000,QUEENS,ASSOCIATE STAFF ANALYST,ACTIVE,89417.00,per Annum,1820,88933.67,0,0.00,8891.93
2020,72,DEPARTMENT OF CORRECTION,2016-09-12T00:00:00.000,QUEENS,ASSOCIATE CORRECTIONAL COUNSELOR,ACTIVE,77345.00,per Annum,1820,96941.30,4.5,588.30,0.00
2020,72,DEPARTMENT OF CORRECTION,1996-07-01T00:00:00.000,MANHATTAN,CORRECTION OFFICER,CEASED,85292.00,per Annum,2080,84831.14,3.5,232.97,12347.20
2020,72,DEPARTMENT OF CORRECTION,2005-11-03T00:00:00.000,MANHATTAN,CORRECTION OFFICER,ACTIVE,85292.00,per Annum,2080,84831.14,3.5,227.94,12310.99
2020,72,DEPARTMENT OF CORRECTION,2008-01-17T00:00:00.000,QUEENS,CORRECTION OFFICER,ACTIVE,85292.00,per Annum,2000,80300.46,72,4689.18,12221.23
2020,72,DEPARTMENT OF CORRECTION,2010-12-16T00:00:00.000,QUEENS,CAPTAIN,ACTIVE,88432.00,per Annum,2080,87925.59,0,0.00,9220.21
2020,72,DEPARTMENT OF CORRECTION,2011-08-25T00:00:00.000,QUEENS,CORRECTION OFFICER,ACTIVE,85292.00,per Annum,2080,84831.14,2,128.82,12016.12
2020,72,DEPARTMENT OF CORRECTION,2007-11-01T00:00:00.000,QUEENS,CORRECTION OFFICER,ACTIVE,85292.00,per Annum,2080,84831.14,193.02,12305.31,12257.89
2020,72,DEPARTMENT OF CORRECTION,2008-07-21T00:00:00.000,QUEENS,CORRECTIONAL STANDARDS REVIEW SPECIALIST,CEASED,70497.00,per Annum,717.5,26942.93,24,1094.68,237.69
2020,72,DEPARTMENT OF CORRECTION,2018-07-23T00:00:00.000,QUEENS,CORRECTION OFFICER,ON LEAVE,48371.00,per Annum,2048,35319.80,114.8,3656.24,2980.99
2020,72,DEPARTMENT OF CORRECTION,2019-01-22T00:00:00.000,QUEENS,ASSOCIATE CORRECTIONAL COUNSELOR,CEASED,60132.00,per Annum,865,27680.64,0,0.00,2295.68
2020,72,DEPARTMENT OF CORRECTION,2017-01-17T00:00:00.000,QUEENS,DIRECTOR OF CORRECTIONAL STANDARDS REVIEW,CEASED,112795.00,per Annum,504,30166.41,0,0.00,0.00
2020,72,DEPARTMENT OF CORRECTION,2016-01-14T00:00:00.000,QUEENS,CORRECTION OFFICER,ON LEAVE,57587.00,per Annum,2080,27238.84,0,0.00,3422.19
2020,72,DEPARTMENT OF CORRECTION,2018-04-09T00:00:00.000,QUEENS,PROGRAM SPECIALIST  CORRECTION,ON LEAVE,69152.00,per Annum,707,26032.18,116,4642.28,0.00
2020,72,DEPARTMENT OF CORRECTION,2017-06-19T00:00:00.000,QUEENS,CORRECTION OFFICER,CEASED,52170.00,per Annum,1184,26507.41,0,0.00,6836.97
2020,72,DEPARTMENT OF CORRECTION,2019-02-11T00:00:00.000,QUEENS,CORRECTION OFFICER,CEASED,44333.00,per Annum,1090.1,23109.67,517.73,8765.64,3347.13
2020,72,DEPARTMENT OF CORRECTION,2017-06-19T00:00:00.000,QUEENS,CORRECTION OFFICER,CEASED,52170.00,per Annum,1176,27489.80,0,0.00,8004.07
2020,72,DEPARTMENT OF CORRECTION,2000-12-07T00:00:00.000,MANHATTAN,CAPTAIN,CEASED,109360.00,per Annum,392,20502.76,0,0.00,15869.09
2020,72,DEPARTMENT OF CORRECTION,1997-10-23T00:00:00.000,BRONX,CORRECTION OFFICER,CEASED,85292.00,per Annum,400,16316.66,7,465.95,20465.53
2020,72,DEPARTMENT OF CORRECTION,2017-06-19T00:00:00.000,QUEENS,CORRECTION OFFICER,CEASED,48371.00,per Annum,0,0.00,0,0.00,876.41
2020,72,DEPARTMENT OF CORRECTION,2016-08-22T00:00:00.000,QUEENS,AGENCY ATTORNEY,CEASED,99960.00,per Annum,0,1288.80,0,0.00,21.00
2020,72,DEPARTMENT OF CORRECTION,2018-05-14T00:00:00.000,QUEENS,STATIONARY ENGINEER,CEASED,63.60,per Hour,0,1616.74,0,0.00,161.25
2020,72,DEPARTMENT OF CORRECTION,2019-10-21T00:00:00.000,QUEENS,INVESTIGATOR,ACTIVE,58167.00,per Annum,1225,37129.20,0,0.00,553.90
2020,72,DEPARTMENT OF CORRECTION,2020-06-01T00:00:00.000,QUEENS,MACHINIST,ACTIVE,298.24,per Day,80,4473.60,5,287.06,74.60
2020,72,DEPARTMENT OF CORRECTION,2018-01-15T00:00:00.000,QUEENS,CORRECTION OFFICER,CEASED,44333.00,per Annum,56,284.55,-17,-285.60,4947.61
2020,72,DEPARTMENT OF CORRECTION,2018-01-15T00:00:00.000,QUEENS,CORRECTION OFFICER,CEASED,48371.00,per Annum,259.4,5770.27,0,0.00,1083.35
2020,72,DEPARTMENT OF CORRECTION,1988-11-28T00:00:00.000,QUEENS,PROGRAM SPECIALIST  CORRECTION,CEASED,88611.00,per Annum,203,9833.76,3.5,172.28,307.71
2020,72,DEPARTMENT OF CORRECTION,2011-12-22T00:00:00.000,QUEENS,CAPTAIN,ON LEAVE,88432.00,per Annum,280,12709.90,0,0.00,624.33
2020,72,DEPARTMENT OF CORRECTION,2020-03-16T00:00:00.000,QUEENS,INVESTIGATOR,ACTIVE,58167.00,per Annum,490,15574.79,0,0.00,19.11
2020,72,DEPARTMENT OF CORRECTION,2020-02-03T00:00:00.000,QUEENS,CLERICAL ASSOCIATE,ACTIVE,40017.00,per Annum,700,15307.00,0,0.00,1182.00
2020,72,DEPARTMENT OF CORRECTION,1988-06-13T00:00:00.000,QUEENS,ELECTRICIAN,CEASED,389.97,per Day,0,0.00,0,0.00,20478.04
2020,72,DEPARTMENT OF CORRECTION,2020-02-10T00:00:00.000,QUEENS,ASSOCIATE CORRECTIONAL COUNSELOR,ACTIVE,58741.00,per Annum,665,21345.74,0,0.00,19.29
2020,72,DEPARTMENT OF CORRECTION,2017-04-03T00:00:00.000,QUEENS,PUBLIC HEALTH SANITARIAN,ON LEAVE,65529.00,per Annum,520,15821.46,16.25,873.03,5373.43
2020,72,DEPARTMENT OF CORRECTION,2019-02-11T00:00:00.000,QUEENS,CORRECTION OFFICER,CEASED,44333.00,per Annum,1008.85,21387.38,40.42,1091.58,2574.85
2020,836,DEPARTMENT OF FINANCE,2019-08-19T00:00:00.000,MANHATTAN,CITY TAX AUDITOR,ACTIVE,46350.00,per Annum,1540,37278.42,0,0.00,0.00
2020,836,DEPARTMENT OF FINANCE,2019-08-19T00:00:00.000,MANHATTAN,CITY TAX AUDITOR,ACTIVE,46350.00,per Annum,1540,38395.79,0,0.00,0.00
2020,836,DEPARTMENT OF FINANCE,2019-09-30T00:00:00.000,MANHATTAN,PRINCIPAL ADMINISTRATIVE ASSOCIATE -  NON SUPVR,ACTIVE,52943.00,per Annum,1330,38477.66,0,0.00,0.00
2020,836,DEPARTMENT OF FINANCE,2019-08-19T00:00:00.000,MANHATTAN,CITY TAX AUDITOR,ACTIVE,46350.00,per Annum,1540,38750.39,0,0.00,0.00
2020,836,DEPARTMENT OF FINANCE,2019-09-09T00:00:00.000,QUEENS,ASSISTANT CITY ASSESSOR,ACTIVE,50848.00,per Annum,1435,39678.47,7,222.64,0.00
2020,836,DEPARTMENT OF FINANCE,2019-09-09T00:00:00.000,MANHATTAN,ASSISTANT CITY ASSESSOR,ACTIVE,50848.00,per Annum,1435,39483.97,9.5,382.68,115.50
2020,836,DEPARTMENT OF FINANCE,2019-05-15T00:00:00.000,MANHATTAN,HEARING OFFICER,ACTIVE,54.93,per Hour,734.98,40137.05,0,0.00,0.00
2020,836,DEPARTMENT OF FINANCE,2006-07-24T00:00:00.000,BRONX,CLERICAL ASSOCIATE,ACTIVE,41848.00,per Annum,1820,38890.33,0,0.00,1652.28
2020,836,DEPARTMENT OF FINANCE,2019-09-09T00:00:00.000,BROOKLYN,ASSISTANT CITY ASSESSOR,ACTIVE,50848.00,per Annum,1435,39678.47,0,0.00,1490.88
2020,836,DEPARTMENT OF FINANCE,2012-02-13T00:00:00.000,MANHATTAN,CLERICAL ASSOCIATE,ACTIVE,41848.00,per Annum,1820,41205.35,0,0.00,883.64
2020,836,DEPARTMENT OF FINANCE,2019-07-08T00:00:00.000,MANHATTAN,DEPUTY CITY SHERIFF - NON-SPVR,ACTIVE,44145.00,per Annum,2000,37022.97,157,4781.05,394.39
2020,836,DEPARTMENT OF FINANCE,2018-12-24T00:00:00.000,QUEENS,ASSISTANT CITY ASSESSOR,ACTIVE,50848.00,per Annum,1820,41452.98,23,821.01,0.00
2020,836,DEPARTMENT OF FINANCE,2016-06-20T00:00:00.000,MANHATTAN,CITY TAX AUDITOR,ACTIVE,64415.00,per Annum,1820,63426.00,0,0.00,2286.09
2020,836,DEPARTMENT OF FINANCE,1994-07-01T00:00:00.000,MANHATTAN,CLERICAL ASSOCIATE,ACTIVE,38134.00,per Annum,1820,37540.58,0,0.00,5004.22
2020,836,DEPARTMENT OF FINANCE,2002-10-07T00:00:00.000,MANHATTAN,CLERICAL AIDE,ACTIVE,41107.00,per Annum,1820,40467.74,12.5,295.65,2517.33
2020,836,DEPARTMENT OF FINANCE,2006-07-24T00:00:00.000,BROOKLYN,CLERICAL ASSOCIATE,ACTIVE,41848.00,per Annum,1820,41205.35,2,48.74,2636.91
2020,836,DEPARTMENT OF FINANCE,2015-03-23T00:00:00.000,MANHATTAN,CLERICAL ASSOCIATE,ACTIVE,41848.00,per Annum,1820,41205.35,40.5,990.15,1784.26
2020,836,DEPARTMENT OF FINANCE,2017-05-01T00:00:00.000,BROOKLYN,CLERICAL ASSOCIATE,ACTIVE,41848.00,per Annum,1820,41205.35,0,0.00,2873.88
2020,836,DEPARTMENT OF FINANCE,2019-02-18T00:00:00.000,MANHATTAN,DEPUTY CITY SHERIFF - NON-SPVR,ACTIVE,44145.00,per Annum,2080,42363.92,679.75,21968.09,1297.02
2020,836,DEPARTMENT OF FINANCE,2004-03-01T00:00:00.000,MANHATTAN,CLERICAL ASSOCIATE,ACTIVE,41848.00,per Annum,1820,41205.35,0,0.00,3940.64
2020,836,DEPARTMENT OF FINANCE,2004-03-01T00:00:00.000,MANHATTAN,CLERICAL ASSOCIATE,ACTIVE,41848.00,per Annum,1820,41205.35,0,0.00,3940.64
2020,836,DEPARTMENT OF FINANCE,2004-03-01T00:00:00.000,MANHATTAN,CLERICAL ASSOCIATE,ACTIVE,41848.00,per Annum,1820,41205.35,0,0.00,3940.64
2020,836,DEPARTMENT OF FINANCE,2004-03-15T00:00:00.000,RICHMOND,CLERICAL ASSOCIATE,ACTIVE,41848.00,per Annum,1820,41205.35,0,0.00,3940.64
2020,836,DEPARTMENT OF FINANCE,2004-02-23T00:00:00.000,QUEENS,CLERICAL ASSOCIATE,ACTIVE,41848.00,per Annum,1820,41205.35,0,0.00,3948.90
2020,836,DEPARTMENT OF FINANCE,1993-09-13T00:00:00.000,MANHATTAN,CLERICAL ASSOCIATE,ACTIVE,41997.00,per Annum,1820,40300.31,0,0.00,4877.84
2020,836,DEPARTMENT OF FINANCE,2008-01-17T00:00:00.000,MANHATTAN,HEARING OFFICER,ACTIVE,54.93,per Hour,825.35,45198.44,0,0.00,0.00
2020,836,DEPARTMENT OF FINANCE,2016-12-12T00:00:00.000,MANHATTAN,PRINCIPAL ADMINISTRATIVE ASSOCIATE -  NON SUPVR,ACTIVE,59258.00,per Annum,1820,60397.44,71,3140.46,2090.86
2020,836,DEPARTMENT OF FINANCE,2019-06-17T00:00:00.000,MANHATTAN,CITY TAX AUDITOR,ACTIVE,47350.00,per Annum,1820,45651.98,0,0.00,0.00
2020,836,DEPARTMENT OF FINANCE,2019-06-17T00:00:00.000,BROOKLYN,CITY TAX AUDITOR,ACTIVE,47350.00,per Annum,1820,45651.98,0,0.00,0.00
2020,836,DEPARTMENT OF FINANCE,1987-06-22T00:00:00.000,MANHATTAN,CLERICAL ASSOCIATE,ACTIVE,42076.00,per Annum,1820,41421.89,0,0.00,5004.22
2020,836,DEPARTMENT OF FINANCE,2011-05-16T00:00:00.000,MANHATTAN,CITY TAX AUDITOR,ACTIVE,49112.00,Prorated Annual,1092,46801.68,0,0.00,0.00
2020,836,DEPARTMENT OF FINANCE,1980-06-09T00:00:00.000,MANHATTAN,CLERICAL ASSOCIATE,ACTIVE,42485.00,per Annum,1820,41824.62,0,0.00,5004.22
2020,836,DEPARTMENT OF FINANCE,2019-09-16T00:00:00.000,MANHATTAN,COMMUNITY COORDINATOR,ACTIVE,61800.00,per Annum,1400,47069.66,0,0.00,0.00
2020,836,DEPARTMENT OF FINANCE,2004-03-22T00:00:00.000,BROOKLYN,CLERICAL ASSOCIATE,ACTIVE,45296.00,per Annum,1820,44600.56,0,0.00,3929.66
2020,836,DEPARTMENT OF FINANCE,2017-08-21T00:00:00.000,MANHATTAN,CLERICAL ASSOCIATE,ACTIVE,49440.00,per Annum,1820,48680.98,0,0.00,0.00
2020,836,DEPARTMENT OF FINANCE,2018-12-24T00:00:00.000,MANHATTAN,ASSISTANT CITY ASSESSOR,ACTIVE,50848.00,per Annum,1820,49233.01,0,0.00,0.00
2020,836,DEPARTMENT OF FINANCE,2018-12-24T00:00:00.000,QUEENS,ASSISTANT CITY ASSESSOR,ACTIVE,50848.00,per Annum,1820,49233.01,0,0.00,0.00
2020,836,DEPARTMENT OF FINANCE,2016-04-18T00:00:00.000,MANHATTAN,MOTOR VEHICLE OPERATOR,ACTIVE,49927.00,per Annum,2080,49160.57,12,428.31,0.00
2020,836,DEPARTMENT OF FINANCE,2018-01-02T00:00:00.000,MANHATTAN,CITY TAX AUDITOR,ACTIVE,52242.00,per Annum,1820,49954.35,0,0.00,0.00
2020,836,DEPARTMENT OF FINANCE,2018-01-02T00:00:00.000,MANHATTAN,CITY TAX AUDITOR,ACTIVE,52242.00,per Annum,1820,49954.35,0,0.00,0.00
2020,836,DEPARTMENT OF FINANCE,2016-07-25T00:00:00.000,MANHATTAN,CITY TAX AUDITOR,ACTIVE,64415.00,per Annum,1820,62973.20,0,0.00,1715.20
2020,836,DEPARTMENT OF FINANCE,2018-01-02T00:00:00.000,MANHATTAN,CITY TAX AUDITOR,ACTIVE,52242.00,per Annum,1820,49954.35,0,0.00,0.00
2020,836,DEPARTMENT OF FINANCE,2018-01-02T00:00:00.000,MANHATTAN,CITY TAX AUDITOR,ACTIVE,52242.00,per Annum,1820,49954.35,0,0.00,8.75
2020,836,DEPARTMENT OF FINANCE,2017-11-27T00:00:00.000,MANHATTAN,CITY TAX AUDITOR,ACTIVE,52242.00,per Annum,1820,50244.59,0,0.00,0.00
2020,836,DEPARTMENT OF FINANCE,2019-04-29T00:00:00.000,MANHATTAN,PRINCIPAL ADMINISTRATIVE ASSOCIATE -  NON SUPVR,ACTIVE,51511.00,per Annum,1820,51476.80,0,0.00,24.75
2020,836,DEPARTMENT OF FINANCE,1994-07-01T00:00:00.000,MANHATTAN,CLERICAL ASSOCIATE,ACTIVE,47443.00,per Annum,1820,46706.69,0,0.00,5004.22
2020,836,DEPARTMENT OF FINANCE,2017-03-06T00:00:00.000,MANHATTAN,CITY TAX AUDITOR,ACTIVE,52242.00,per Annum,1820,51439.80,0,0.00,525.17
2020,836,DEPARTMENT OF FINANCE,2019-05-15T00:00:00.000,MANHATTAN,HEARING OFFICER,ACTIVE,54.93,per Hour,960.13,52492.93,0,0.00,0.00
2020,836,DEPARTMENT OF FINANCE,2012-06-18T00:00:00.000,MANHATTAN,CLERICAL ASSOCIATE,ACTIVE,52316.00,per Annum,1820,50846.54,0,0.00,2137.36
2020,836,DEPARTMENT OF FINANCE,2004-03-08T00:00:00.000,BROOKLYN,CLERICAL ASSOCIATE,ACTIVE,49812.00,per Annum,1820,49047.16,0,0.00,3940.65
2020,836,DEPARTMENT OF FINANCE,2019-04-29T00:00:00.000,QUEENS,CLERICAL ASSOCIATE,ACTIVE,36390.00,per Annum,1820,35696.15,0,0.00,0.00
2020,836,DEPARTMENT OF FINANCE,2018-09-24T00:00:00.000,MANHATTAN,PRINCIPAL ADMINISTRATIVE ASSOCIATE -  NON SUPVR,ACTIVE,52943.00,per Annum,1820,53567.66,0,0.00,8.75
2020,836,DEPARTMENT OF FINANCE,2018-07-16T00:00:00.000,MANHATTAN,SUPERVISING SPECIAL OFFICER,ACTIVE,55853.00,per Annum,2080,52668.60,1,45.64,1306.38
2020,836,DEPARTMENT OF FINANCE,1995-07-09T00:00:00.000,QUEENS,CLERICAL ASSOCIATE,ACTIVE,49960.00,per Annum,1820,49185.13,0,0.00,5004.22
2020,836,DEPARTMENT OF FINANCE,2020-03-18T00:00:00.000,MANHATTAN,HEARING OFFICER,ACTIVE,54.93,per Hour,14,769.02,0,0.00,0.00
2020,836,DEPARTMENT OF FINANCE,2019-03-18T00:00:00.000,BROOKLYN,INVESTIGATOR,ACTIVE,41483.00,per Annum,1820,40846.11,481,14024.33,133.75
2020,836,DEPARTMENT OF FINANCE,2018-01-02T00:00:00.000,MANHATTAN,STAFF ANALYST,CEASED,75591.00,per Annum,0,0.00,0,0.00,702.84
2020,836,DEPARTMENT OF FINANCE,1995-07-09T00:00:00.000,QUEENS,CLERICAL ASSOCIATE,ACTIVE,45287.00,per Annum,1820,44583.86,170.75,5522.43,5108.06
2020,836,DEPARTMENT OF FINANCE,1981-11-30T00:00:00.000,BRONX,CLERICAL ASSOCIATE,ACTIVE,51293.00,per Annum,1820,50497.63,0,0.00,5004.22
2020,836,DEPARTMENT OF FINANCE,2019-07-08T00:00:00.000,MANHATTAN,CLERICAL ASSOCIATE,ACTIVE,36390.00,per Annum,1750,34477.75,0,0.00,0.00
2020,836,DEPARTMENT OF FINANCE,2019-07-22T00:00:00.000,MANHATTAN,PRINCIPAL ADMINISTRATIVE ASSOCIATE -  NON SUPVR,ACTIVE,59238.00,per Annum,1680,54382.32,15.25,504.79,685.68
2020,836,DEPARTMENT OF FINANCE,2019-10-21T00:00:00.000,MANHATTAN,ASSISTANT CITY ASSESSOR,ACTIVE,50848.00,per Annum,1225,34013.39,12.25,340.92,24.75
2020,836,DEPARTMENT OF FINANCE,2019-12-23T00:00:00.000,MANHATTAN,ADMINISTRATIVE STAFF ANALYST,ACTIVE,112000.00,per Annum,910,55693.95,0,0.00,0.00
2020,836,DEPARTMENT OF FINANCE,1994-09-12T00:00:00.000,BROOKLYN,COMPUTER ASSOCIATE,CEASED,58761.00,per Annum,0,468.09,0,0.00,24.79
2020,836,DEPARTMENT OF FINANCE,1994-07-01T00:00:00.000,MANHATTAN,PRINCIPAL ADMINISTRATIVE ASSOCIATE -  NON SUPVR,CEASED,64370.00,per Annum,0,466.43,0,0.00,22.23
2020,836,DEPARTMENT OF FINANCE,2012-05-21T00:00:00.000,MANHATTAN,PRINCIPAL ADMINISTRATIVE ASSOCIATE -  NON SUPVR,CEASED,64091.00,per Annum,0,429.92,0,0.00,16.05
2020,836,DEPARTMENT OF FINANCE,2014-07-14T00:00:00.000,MANHATTAN,PRINCIPAL ADMINISTRATIVE ASSOCIATE -  NON SUPVR,ACTIVE,59306.00,per Annum,1820,53725.97,0,0.00,2143.12
2020,836,DEPARTMENT OF FINANCE,2014-11-10T00:00:00.000,MANHATTAN,CITY TAX AUDITOR,ACTIVE,64415.00,per Annum,1820,63426.00,0,0.00,4211.64
2020,836,DEPARTMENT OF FINANCE,2017-03-27T00:00:00.000,MANHATTAN,PRINCIPAL ADMINISTRATIVE ASSOCIATE -  NON SUPVR,ACTIVE,52964.00,per Annum,1820,53982.53,9,274.41,1940.46
2020,836,DEPARTMENT OF FINANCE,1990-03-12T00:00:00.000,BROOKLYN,COMPUTER SPECIALIST,CEASED,106309.00,per Annum,933.83,53188.66,0,0.00,3054.86
2020,836,DEPARTMENT OF FINANCE,2015-05-26T00:00:00.000,MANHATTAN,CITY TAX AUDITOR,ACTIVE,64415.00,per Annum,1820,63426.00,0,0.00,2345.34
2020,836,DEPARTMENT OF FINANCE,2016-01-11T00:00:00.000,MANHATTAN,PRINCIPAL ADMINISTRATIVE ASSOCIATE -  NON SUPVR,ACTIVE,65533.00,per Annum,1820,66572.87,0,0.00,0.00
2020,836,DEPARTMENT OF FINANCE,2016-12-11T00:00:00.000,MANHATTAN,PRINCIPAL ADMINISTRATIVE ASSOCIATE -  NON SUPVR,ACTIVE,59238.00,per Annum,1820,60374.78,102.75,4511.77,2003.85
2020,836,DEPARTMENT OF FINANCE,2014-06-02T00:00:00.000,MANHATTAN,PRINCIPAL ADMINISTRATIVE ASSOCIATE -  NON SUPVR,ACTIVE,52943.00,per Annum,1820,53799.59,0,0.00,3211.67
2020,836,DEPARTMENT OF FINANCE,1985-01-14T00:00:00.000,MANHATTAN,PRINCIPAL ADMINISTRATIVE ASSOCIATE -  NON SUPVR,ACTIVE,53295.00,per Annum,1820,53003.95,0,0.00,4117.54
2020,836,DEPARTMENT OF FINANCE,2019-07-01T00:00:00.000,MANHATTAN,PRINCIPAL ADMINISTRATIVE ASSOCIATE -  NON SUPVR,ACTIVE,59238.00,per Annum,1750,57781.66,0,0.00,0.00
2020,836,DEPARTMENT OF FINANCE,2001-03-05T00:00:00.000,MANHATTAN,PRINCIPAL ADMINISTRATIVE ASSOCIATE -  NON SUPVR,ACTIVE,52964.00,per Annum,1820,53779.94,0,0.00,4204.02
2020,836,DEPARTMENT OF FINANCE,2019-11-18T00:00:00.000,MANHATTAN,CITY TAX AUDITOR,ACTIVE,52242.00,per Annum,1085,30974.11,0,0.00,0.00
2020,836,DEPARTMENT OF FINANCE,2015-07-06T00:00:00.000,BROOKLYN,ASSISTANT CITY ASSESSOR,ACTIVE,59287.00,per Annum,1820,58036.90,0,0.00,0.00
2020,836,DEPARTMENT OF FINANCE,2014-09-22T00:00:00.000,MANHATTAN,HEARING OFFICER,ACTIVE,54.93,per Hour,565.27,30921.77,0,0.00,0.00
2020,836,DEPARTMENT OF FINANCE,2020-03-02T00:00:00.000,MANHATTAN,ADMINISTRATIVE STAFF ANALYST,ACTIVE,100000.00,per Annum,560,30601.12,0,0.00,127.76
2020,836,DEPARTMENT OF FINANCE,2001-07-02T00:00:00.000,BROOKLYN,PRINCIPAL ADMINISTRATIVE ASSOCIATE -  NON SUPVR,ACTIVE,52983.00,per Annum,1820,54022.53,0,0.00,4219.81
2020,836,DEPARTMENT OF FINANCE,2019-10-02T00:00:00.000,MANHATTAN,HEARING OFFICER,ACTIVE,54.93,per Hour,530.47,29138.60,0,0.00,0.00
2020,836,DEPARTMENT OF FINANCE,2004-03-01T00:00:00.000,MANHATTAN,CLERICAL AIDE,ACTIVE,33906.00,per Annum,1820,28532.19,0,0.00,334.04
2020,836,DEPARTMENT OF FINANCE,2005-12-25T00:00:00.000,MANHATTAN,PRINCIPAL ADMINISTRATIVE ASSOCIATE -  NON SUPVR,ACTIVE,53062.00,per Annum,1820,54102.48,0,0.00,4219.81
2020,836,DEPARTMENT OF FINANCE,2012-10-01T00:00:00.000,MANHATTAN,COMPUTER ASSOCIATE,CEASED,88497.00,per Annum,350,16930.95,0,0.00,11616.86
2020,836,DEPARTMENT OF FINANCE,2013-12-16T00:00:00.000,QUEENS,CITY ASSESSOR,ACTIVE,70457.00,per Annum,1610,27438.94,0,0.00,17.00
2020,836,DEPARTMENT OF FINANCE,1994-07-01T00:00:00.000,MANHATTAN,PRINCIPAL ADMINISTRATIVE ASSOCIATE -  NON SUPVR,ACTIVE,53295.00,per Annum,1820,54340.71,0,0.00,4219.81
2020,836,DEPARTMENT OF FINANCE,2019-10-28T00:00:00.000,MANHATTAN,CLERICAL ASSOCIATE,ACTIVE,41848.00,per Annum,1190,27017.43,0,0.00,0.00
2020,836,DEPARTMENT OF FINANCE,1997-07-24T00:00:00.000,MANHATTAN,HEARING OFFICER,ACTIVE,54.93,per Hour,471.32,25717.09,0,0.00,0.00
2020,836,DEPARTMENT OF FINANCE,2019-10-28T00:00:00.000,MANHATTAN,CLERICAL ASSOCIATE,ACTIVE,36390.00,per Annum,1190,23663.49,27.75,659.81,25.75
2020,836,DEPARTMENT OF FINANCE,2017-02-21T00:00:00.000,QUEENS,PRINCIPAL ADMINISTRATIVE ASSOCIATE -  NON SUPVR,ON LEAVE,52943.00,per Annum,735,21202.60,53,1589.07,164.95
2020,836,DEPARTMENT OF FINANCE,2013-11-18T00:00:00.000,BRONX,CLERICAL ASSOCIATE,CEASED,41848.00,per Annum,876,19457.88,4.25,101.10,1600.01
2020,836,DEPARTMENT OF FINANCE,2019-07-15T00:00:00.000,MANHATTAN,CLERICAL ASSOCIATE,ON LEAVE,36390.00,per Annum,1015,19882.34,0,0.00,0.00
2020,836,DEPARTMENT OF FINANCE,1995-10-18T00:00:00.000,MANHATTAN,HEARING OFFICER,ACTIVE,54.93,per Hour,327.2,17845.70,0,0.00,0.00
2020,836,DEPARTMENT OF FINANCE,2005-12-12T00:00:00.000,BROOKLYN,CLERICAL ASSOCIATE,CEASED,45326.00,per Annum,604.13,14522.24,0,0.00,1634.36
2020,836,DEPARTMENT OF FINANCE,2019-06-03T00:00:00.000,QUEENS,COLLEGE AIDE,ACTIVE,18.30,per Hour,751.08,13450.97,0,0.00,122.50
2020,836,DEPARTMENT OF FINANCE,2016-07-18T00:00:00.000,MANHATTAN,CITY TAX AUDITOR,CEASED,50720.00,per Annum,385,10673.29,0,0.00,2258.84
2020,836,DEPARTMENT OF FINANCE,2017-05-31T00:00:00.000,MANHATTAN,HEARING OFFICER,ACTIVE,54.93,per Hour,1087.33,59727.32,0,0.00,0.00
2020,836,DEPARTMENT OF FINANCE,2019-09-30T00:00:00.000,MANHATTAN,ACCOUNTANT,ACTIVE,82400.00,per Annum,1330,59709.25,0,0.00,57.75
2020,836,DEPARTMENT OF FINANCE,1998-11-23T00:00:00.000,BRONX,CLERICAL ASSOCIATE,ACTIVE,55919.00,per Annum,1820,55052.52,0,0.00,5004.22
2020,836,DEPARTMENT OF FINANCE,2016-10-31T00:00:00.000,MANHATTAN,PRINCIPAL ADMINISTRATIVE ASSOCIATE -  NON SUPVR,ACTIVE,59238.00,per Annum,1820,60302.55,5,162.12,393.31
2020,836,DEPARTMENT OF FINANCE,2019-02-19T00:00:00.000,MANHATTAN,DEPUTY CITY SHERIFF - NON-SPVR,ACTIVE,44145.00,per Annum,2080,42363.92,677.5,21448.91,1021.81
2020,836,DEPARTMENT OF FINANCE,2013-08-12T00:00:00.000,MANHATTAN,PRINCIPAL ADMINISTRATIVE ASSOCIATE -  NON SUPVR,ACTIVE,59238.00,per Annum,1820,60374.78,6.5,351.29,396.77
2020,836,DEPARTMENT OF FINANCE,2019-10-15T00:00:00.000,MANHATTAN,CITY RESEARCH SCIENTIST,ACTIVE,90640.00,per Annum,1253,61618.64,0,0.00,0.00
2020,836,DEPARTMENT OF FINANCE,2018-10-01T00:00:00.000,MANHATTAN,PRINCIPAL ADMINISTRATIVE ASSOCIATE -  NON SUPVR,ACTIVE,65533.00,per Annum,1820,56555.43,118,5296.18,469.61
2020,836,DEPARTMENT OF FINANCE,2018-07-29T00:00:00.000,MANHATTAN,PRINCIPAL ADMINISTRATIVE ASSOCIATE -  NON SUPVR,ACTIVE,65533.00,per Annum,1820,65651.71,0,0.00,-3258.96
2020,836,DEPARTMENT OF FINANCE,2015-02-02T00:00:00.000,BROOKLYN,COMPUTER SPECIALIST,ACTIVE,98177.00,per Annum,1106,58056.60,0,0.00,4475.19
2020,836,DEPARTMENT OF FINANCE,2006-07-31T00:00:00.000,MANHATTAN,PRINCIPAL ADMINISTRATIVE ASSOCIATE -  NON SUPVR,ACTIVE,62496.00,per Annum,1820,62339.12,0,0.00,751.44
2020,836,DEPARTMENT OF FINANCE,2001-07-16T00:00:00.000,MANHATTAN,CITY TAX AUDITOR,ACTIVE,55116.00,per Annum,1820,54269.83,0,0.00,9074.55
2020,836,DEPARTMENT OF FINANCE,2012-02-13T00:00:00.000,MANHATTAN,CLERICAL ASSOCIATE,ACTIVE,41848.00,per Annum,924,12145.72,0,0.00,258.11
2020,836,DEPARTMENT OF FINANCE,2019-06-24T00:00:00.000,MANHATTAN,CLERICAL ASSOCIATE,CEASED,36390.00,per Annum,665,11512.13,0,0.00,16.50
2020,836,DEPARTMENT OF FINANCE,2019-06-03T00:00:00.000,MANHATTAN,SUMMER GRADUATE INTERN,CEASED,24.73,per Hour,377.75,9341.76,0,0.00,173.11
2020,836,DEPARTMENT OF FINANCE,1982-09-13T00:00:00.000,MANHATTAN,CITY TAX AUDITOR,CEASED,87440.00,per Annum,176.32,8429.27,0,0.00,907.81
2020,836,DEPARTMENT OF FINANCE,2009-10-19T00:00:00.000,MANHATTAN,CERTIFIED IT ADMINISTRATOR,ACTIVE,142323.00,per Annum,1820,140137.94,230.5,24581.71,5526.94
2020,836,DEPARTMENT OF FINANCE,2013-12-16T00:00:00.000,MANHATTAN,DEPUTY CITY SHERIFF - NON-SPVR,ACTIVE,88026.00,per Annum,2080,87085.24,1106.5,71267.14,4195.41
2020,836,DEPARTMENT OF FINANCE,2009-08-03T00:00:00.000,MANHATTAN,COMPUTER SYSTEMS MANAGER,ACTIVE,156556.00,per Annum,1820,147794.70,0,0.00,0.00
2020,836,DEPARTMENT OF FINANCE,2010-02-01T00:00:00.000,MANHATTAN,COMPUTER SYSTEMS MANAGER,ACTIVE,149962.00,per Annum,1820,147683.30,0,0.00,0.00
2020,836,DEPARTMENT OF FINANCE,2010-05-03T00:00:00.000,MANHATTAN,COMPUTER SYSTEMS MANAGER,ACTIVE,148253.00,per Annum,1820,146000.36,0,0.00,500.00
2020,836,DEPARTMENT OF FINANCE,2016-01-04T00:00:00.000,MANHATTAN,COMPUTER SYSTEMS MANAGER,ACTIVE,147445.00,per Annum,1820,145204.39,0,0.00,0.00
2020,836,DEPARTMENT OF FINANCE,1994-09-26T00:00:00.000,MANHATTAN,ADMINISTRATIVE MANAGEMENT AUDITOR,ACTIVE,145293.00,per Annum,1820,143085.37,0,0.00,379.94
2020,836,DEPARTMENT OF FINANCE,1995-07-09T00:00:00.000,RICHMOND,DEPUTY CITY SHERIFF - NON-SPVR,ACTIVE,96535.00,per Annum,2080,96013.38,523.25,39104.65,7454.39
2020,836,DEPARTMENT OF FINANCE,2014-01-27T00:00:00.000,MANHATTAN,COMPUTER SYSTEMS MANAGER,ACTIVE,143892.00,per Annum,1820,141705.67,0,0.00,0.00
2020,836,DEPARTMENT OF FINANCE,2014-02-03T00:00:00.000,MANHATTAN,COMPUTER SYSTEMS MANAGER,ACTIVE,143892.00,per Annum,1820,141627.04,0,0.00,0.00
2020,836,DEPARTMENT OF FINANCE,2014-11-10T00:00:00.000,MANHATTAN,COMPUTER SYSTEMS MANAGER,ACTIVE,144200.00,per Annum,1820,140880.68,0,0.00,500.00
2020,836,DEPARTMENT OF FINANCE,1984-07-20T00:00:00.000,QUEENS,CITY ASSESSOR,ACTIVE,117117.00,per Annum,1820,113900.27,235.25,21188.72,6278.94
2020,836,DEPARTMENT OF FINANCE,2005-06-20T00:00:00.000,MANHATTAN,COMPUTER SYSTEMS MANAGER,ACTIVE,142207.00,per Annum,1820,140046.13,0,0.00,500.00
2020,836,DEPARTMENT OF FINANCE,1990-08-27T00:00:00.000,MANHATTAN,*ATTORNEY AT LAW,ACTIVE,117228.00,per Annum,1820,121471.44,0,0.00,18933.60
2020,836,DEPARTMENT OF FINANCE,2010-02-16T00:00:00.000,MANHATTAN,COMPUTER SYSTEMS MANAGER,ACTIVE,142323.00,per Annum,1820,140160.59,0,0.00,0.00
2020,836,DEPARTMENT OF FINANCE,1995-07-09T00:00:00.000,MANHATTAN,SUPERVISING DEPUTY SHERIFF - AL 1 ONLY 40 HR,CEASED,106949.00,per Annum,2079.72,106355.16,294.75,24232.98,8554.28
2020,836,DEPARTMENT OF FINANCE,2016-01-07T00:00:00.000,MANHATTAN,EXECUTIVE AGENCY COUNSEL,ACTIVE,138308.00,per Annum,1820,136206.56,0,0.00,0.00
2020,836,DEPARTMENT OF FINANCE,2009-08-11T00:00:00.000,MANHATTAN,COMPUTER SYSTEMS MANAGER,ACTIVE,136393.00,per Annum,1820,134320.48,0,0.00,996.80
2020,836,DEPARTMENT OF FINANCE,2010-03-22T00:00:00.000,MANHATTAN,COMPUTER SYSTEMS MANAGER,ACTIVE,136393.00,per Annum,1820,134320.48,0,0.00,500.00
2020,836,DEPARTMENT OF FINANCE,2013-01-28T00:00:00.000,BROOKLYN,COMPUTER SPECIALIST,ACTIVE,127892.00,per Annum,1820,125928.32,0,0.00,5224.28
2020,836,DEPARTMENT OF FINANCE,2003-10-06T00:00:00.000,RICHMOND,EXECUTIVE AGENCY COUNSEL,ACTIVE,130564.00,per Annum,1820,128580.03,0,0.00,1000.00
2020,836,DEPARTMENT OF FINANCE,1994-07-01T00:00:00.000,QUEENS,ADMINISTRATIVE STAFF ANALYST,ACTIVE,128362.00,per Annum,1820,127668.21,0,0.00,1776.17
2020,836,DEPARTMENT OF FINANCE,2011-12-27T00:00:00.000,MANHATTAN,COMPUTER SYSTEMS MANAGER,ACTIVE,129170.00,per Annum,1820,127207.42,0,0.00,0.00
2020,836,DEPARTMENT OF FINANCE,2014-04-28T00:00:00.000,MANHATTAN,COMPUTER SYSTEMS MANAGER,ACTIVE,135478.00,per Annum,1820,126237.28,0,0.00,250.00
2020,836,DEPARTMENT OF FINANCE,2013-12-16T00:00:00.000,BRONX,DEPUTY CITY SHERIFF - NON-SPVR,ACTIVE,90177.00,per Annum,2080,89269.01,501.25,33044.47,4149.69
2020,836,DEPARTMENT OF FINANCE,2013-03-04T00:00:00.000,MANHATTAN,COMPUTER SYSTEMS MANAGER,ACTIVE,127892.00,per Annum,1820,125948.68,0,0.00,239.94
2020,836,DEPARTMENT OF FINANCE,2012-10-22T00:00:00.000,MANHATTAN,CERTIFIED IT ADMINISTRATOR,ACTIVE,109136.00,per Annum,1820,107460.24,169,12836.69,5453.41
2020,836,DEPARTMENT OF FINANCE,1994-07-01T00:00:00.000,BROOKLYN,ADMIN CONTRACT SPECIALIST,ACTIVE,126814.00,per Annum,1820,124887.01,0,0.00,0.00
2020,836,DEPARTMENT OF FINANCE,2015-08-17T00:00:00.000,MANHATTAN,COMPUTER SYSTEMS MANAGER,ACTIVE,124755.00,per Annum,1820,122859.26,0,0.00,1000.00
2020,836,DEPARTMENT OF FINANCE,2007-08-20T00:00:00.000,MANHATTAN,EXAMINER OF ACCOUNTS,ACTIVE,119501.00,per Annum,1820,117685.13,59.5,4496.82,631.18
2020,836,DEPARTMENT OF FINANCE,1985-07-01T00:00:00.000,MANHATTAN,ADMINISTRATIVE MANAGER,ACTIVE,122934.00,per Annum,1820,121065.91,0,0.00,0.00
2020,836,DEPARTMENT OF FINANCE,1987-03-02T00:00:00.000,MANHATTAN,ADMINISTRATIVE TAX AUDITOR,ACTIVE,119776.00,per Annum,1820,117936.95,0,0.00,795.64
2020,836,DEPARTMENT OF FINANCE,1987-11-23T00:00:00.000,MANHATTAN,COMPUTER SPECIALIST,ACTIVE,113911.00,per Annum,1820,112154.05,0,0.00,6003.42
2020,836,DEPARTMENT OF FINANCE,2006-08-14T00:00:00.000,BROOKLYN,COMPUTER SPECIALIST,ON SEPARATION LEAVE,113760.00,per Annum,1820,112005.36,0,0.00,6003.42
2020,836,DEPARTMENT OF FINANCE,1992-02-18T00:00:00.000,MANHATTAN,COMPUTER SPECIALIST,ACTIVE,112945.00,per Annum,1820,111202.86,0,0.00,6003.42
2020,836,DEPARTMENT OF FINANCE,2013-12-08T00:00:00.000,MANHATTAN,ADMINISTRATIVE STAFF ANALYST,ACTIVE,118945.00,per Annum,1820,117137.86,0,0.00,0.00
2020,836,DEPARTMENT OF FINANCE,1982-05-17T00:00:00.000,MANHATTAN,*ATTORNEY AT LAW,CEASED,111395.00,per Annum,1560.92,100018.50,0,0.00,16091.57
2020,836,DEPARTMENT OF FINANCE,1980-10-20T00:00:00.000,MANHATTAN,ADMINISTRATIVE ACCOUNTANT,ON SEPARATION LEAVE,114785.00,per Annum,1820,113022.65,0,0.00,820.39
2020,836,DEPARTMENT OF FINANCE,1987-07-06T00:00:00.000,QUEENS,COMPUTER SPECIALIST,ACTIVE,99170.00,per Annum,1820,97639.35,97.25,6526.31,6043.97
2020,836,DEPARTMENT OF FINANCE,2016-09-12T00:00:00.000,MANHATTAN,COMPUTER SPECIALIST,ACTIVE,92385.00,per Annum,1820,90966.45,212.5,13633.84,4359.40
2020,836,DEPARTMENT OF FINANCE,2017-05-01T00:00:00.000,MANHATTAN,COMPUTER SPECIALIST,ACTIVE,110647.00,per Annum,1820,108948.04,0,0.00,0.00
2020,836,DEPARTMENT OF FINANCE,1985-06-26T00:00:00.000,MANHATTAN,ADM MANAGER-NON-MGRL,ACTIVE,97061.00,per Annum,1820,98923.13,0,0.00,9880.10
2020,836,DEPARTMENT OF FINANCE,2015-10-26T00:00:00.000,MANHATTAN,EXECUTIVE AGENCY COUNSEL,ACTIVE,126000.00,per Annum,1820,104396.20,0,0.00,3644.43
2020,836,DEPARTMENT OF FINANCE,1997-05-05T00:00:00.000,MANHATTAN,COMPUTER SPECIALIST,ACTIVE,103602.00,per Annum,1820,102003.36,0,0.00,6028.17
2020,836,DEPARTMENT OF FINANCE,2018-10-03T00:00:00.000,BROOKLYN,COMPUTER SYSTEMS MANAGER,ACTIVE,108150.00,per Annum,1820,106506.75,0,0.00,0.00
2020,836,DEPARTMENT OF FINANCE,1997-11-19T00:00:00.000,MANHATTAN,HEARING OFFICER,ACTIVE,54.93,per Hour,1927.52,105334.55,0,0.00,0.00
2020,836,DEPARTMENT OF FINANCE,2016-04-18T00:00:00.000,QUEENS,DEPUTY CITY SHERIFF - NON-SPVR,ACTIVE,59401.00,per Annum,2080,57479.04,1052.5,44406.15,3254.90
2020,836,DEPARTMENT OF FINANCE,2001-07-23T00:00:00.000,MANHATTAN,COMPUTER SPECIALIST,ACTIVE,95761.00,per Annum,1820,94282.94,66.25,4313.64,6253.74
2020,836,DEPARTMENT OF FINANCE,2015-07-06T00:00:00.000,MANHATTAN,COMPUTER SPECIALIST,ACTIVE,98669.00,per Annum,1820,97153.94,0,0.00,5207.78
2020,836,DEPARTMENT OF FINANCE,2019-08-12T00:00:00.000,MANHATTAN,COMPUTER SPECIALIST,ACTIVE,113324.00,per Annum,1575,96842.76,2.5,163.40,5216.75
2020,836,DEPARTMENT OF FINANCE,2013-12-16T00:00:00.000,QUEENS,DEPUTY CITY SHERIFF - NON-SPVR,ACTIVE,89461.00,per Annum,2080,88617.59,121.5,7881.88,5513.39
2020,836,DEPARTMENT OF FINANCE,1982-09-01T00:00:00.000,MANHATTAN,COMPUTER ASSOCIATE,ACTIVE,84685.00,per Annum,1820,83376.79,152.5,9321.50,9235.82
2020,836,DEPARTMENT OF FINANCE,1987-07-13T00:00:00.000,MANHATTAN,ADMINISTRATIVE STAFF ANALYST,ACTIVE,99365.00,per Annum,1820,98828.04,23,1375.94,1685.42
2020,836,DEPARTMENT OF FINANCE,1988-02-29T00:00:00.000,MANHATTAN,ADMINISTRATIVE ACCOUNTANT,ACTIVE,108150.00,per Annum,1820,98656.09,0,0.00,2882.25
2020,836,DEPARTMENT OF FINANCE,2008-01-07T00:00:00.000,MANHATTAN,COMPUTER SPECIALIST,CEASED,113736.00,per Annum,1574.33,96720.49,0,0.00,4497.72
2020,836,DEPARTMENT OF FINANCE,1999-02-01T00:00:00.000,MANHATTAN,COMPUTER SPECIALIST,ACTIVE,94329.00,per Annum,1820,92872.60,0,0.00,6003.42
2020,836,DEPARTMENT OF FINANCE,1990-04-30T00:00:00.000,QUEENS,CITY TAX AUDITOR,ACTIVE,83152.00,per Annum,1820,81875.28,0,0.00,16489.44
2020,836,DEPARTMENT OF FINANCE,2012-08-27T00:00:00.000,MANHATTAN,ADMINISTRATIVE STAFF ANALYST,ACTIVE,97850.00,per Annum,1820,97321.26,0,0.00,173.75
2020,836,DEPARTMENT OF FINANCE,1983-02-01T00:00:00.000,MANHATTAN,ADM MANAGER-NON-MGRL,ACTIVE,86016.00,per Annum,1820,87665.92,0,0.00,9614.10
2020,836,DEPARTMENT OF FINANCE,1985-07-15T00:00:00.000,MANHATTAN,CITY TAX AUDITOR,ACTIVE,82147.00,per Annum,1820,80885.52,0,0.00,16340.94
2020,836,DEPARTMENT OF FINANCE,1988-04-04T00:00:00.000,MANHATTAN,CITY TAX AUDITOR,ACTIVE,82147.00,per Annum,1820,80885.52,0,0.00,16340.94
2020,836,DEPARTMENT OF FINANCE,1982-08-30T00:00:00.000,MANHATTAN,CITY TAX AUDITOR,ACTIVE,82147.00,per Annum,1820,80885.52,0,0.00,16340.94
2020,836,DEPARTMENT OF FINANCE,2011-05-16T00:00:00.000,MANHATTAN,MANAGEMENT AUDITOR,ACTIVE,91569.00,per Annum,1820,90163.08,0,0.00,5941.31
2020,836,DEPARTMENT OF FINANCE,2000-01-24T00:00:00.000,MANHATTAN,ADM MANAGER-NON-MGRL,ACTIVE,78574.00,per Annum,1820,80081.75,248.5,13158.01,812.94
2020,836,DEPARTMENT OF FINANCE,2011-07-05T00:00:00.000,MANHATTAN,CITY TAX AUDITOR,ACTIVE,81919.00,per Annum,1820,80661.19,0,0.00,13055.40
2020,836,DEPARTMENT OF FINANCE,1994-07-01T00:00:00.000,MANHATTAN,ADM MANAGER-NON-MGRL,ACTIVE,80644.00,per Annum,1820,82190.84,125.5,7281.00,3136.48
2020,836,DEPARTMENT OF FINANCE,2014-11-03T00:00:00.000,MANHATTAN,COMPUTER SYSTEMS MANAGER,ACTIVE,123600.00,per Annum,1365,91878.70,0,0.00,0.00
2020,836,DEPARTMENT OF FINANCE,2004-02-23T00:00:00.000,MANHATTAN,ADMINISTRATIVE STAFF ANALYST,ACTIVE,90537.00,per Annum,1820,90047.58,0,0.00,1660.98
2020,836,DEPARTMENT OF FINANCE,1984-12-10T00:00:00.000,QUEENS,CITY TAX AUDITOR,ACTIVE,82875.00,per Annum,1820,81602.44,3.25,159.87,9550.92
2020,836,DEPARTMENT OF FINANCE,2014-07-07T00:00:00.000,BROOKLYN,ADM MANAGER-NON-MGRL,ACTIVE,67792.00,per Annum,1820,68991.12,457.75,21474.32,422.77
2020,836,DEPARTMENT OF FINANCE,2013-02-19T00:00:00.000,QUEENS,DEPUTY CITY SHERIFF - NON-SPVR,ACTIVE,85292.00,per Annum,2080,84831.14,50.75,3182.53,2872.51
2020,836,DEPARTMENT OF FINANCE,2012-07-09T00:00:00.000,MANHATTAN,ADMINISTRATIVE STAFF ANALYST,ACTIVE,84445.00,per Annum,1820,83988.69,120,6725.01,0.00
2020,836,DEPARTMENT OF FINANCE,1988-03-07T00:00:00.000,MANHATTAN,ADMINISTRATIVE STAFF ANALYST,ACTIVE,87620.00,per Annum,1820,87146.33,0,0.00,3422.33
2020,836,DEPARTMENT OF FINANCE,1995-12-04T00:00:00.000,MANHATTAN,CITY TAX AUDITOR,ACTIVE,82147.00,per Annum,1820,80885.52,0,0.00,9550.92
2020,836,DEPARTMENT OF FINANCE,1986-02-03T00:00:00.000,MANHATTAN,CITY TAX AUDITOR,ACTIVE,82147.00,per Annum,1820,80885.52,0,0.00,9550.92
2020,836,DEPARTMENT OF FINANCE,2017-05-30T00:00:00.000,MANHATTAN,ADMINISTRATIVE STAFF ANALYST,ACTIVE,85000.00,per Annum,1820,81670.96,145.5,8235.85,90.75
2020,836,DEPARTMENT OF FINANCE,1997-12-08T00:00:00.000,MANHATTAN,ASSOCIATE STAFF ANALYST,ACTIVE,84272.00,per Annum,1820,83816.57,0,0.00,5437.45
2020,836,DEPARTMENT OF FINANCE,1998-12-08T00:00:00.000,MANHATTAN,COMPUTER PROGRAMMER ANALYST,ACTIVE,82527.00,per Annum,1820,81251.90,9.5,569.90,6083.56
2020,836,DEPARTMENT OF FINANCE,2013-04-01T00:00:00.000,MANHATTAN,ADM MANAGER-NON-MGRL,ACTIVE,85557.00,per Annum,1820,87198.92,0,0.00,226.61
2020,836,DEPARTMENT OF FINANCE,2013-09-16T00:00:00.000,MANHATTAN,CITY TAX AUDITOR,ACTIVE,81731.00,per Annum,1820,80475.94,0,0.00,6380.88
2020,836,DEPARTMENT OF FINANCE,2013-08-12T00:00:00.000,MANHATTAN,CITY TAX AUDITOR,ACTIVE,81731.00,per Annum,1820,80475.94,0,0.00,6265.38
2020,836,DEPARTMENT OF FINANCE,1985-10-15T00:00:00.000,BRONX,CITY ASSESSOR,ACTIVE,80638.00,per Annum,1820,78937.60,26,1500.09,6270.49
2020,836,DEPARTMENT OF FINANCE,2018-02-26T00:00:00.000,MANHATTAN,COMMUNITY COORDINATOR,ACTIVE,80522.00,per Annum,1820,79285.86,149.75,7226.69,24.75
2020,836,DEPARTMENT OF FINANCE,1988-02-29T00:00:00.000,MANHATTAN,CITY TAX AUDITOR,ACTIVE,78150.00,per Annum,1820,76950.07,0,0.00,9550.92
2020,836,DEPARTMENT OF FINANCE,1987-03-23T00:00:00.000,QUEENS,CITY ASSESSOR,ACTIVE,80638.00,per Annum,1820,78937.60,0,0.00,6270.49
2020,836,DEPARTMENT OF FINANCE,1985-06-24T00:00:00.000,MANHATTAN,CITY TAX AUDITOR,ACTIVE,76614.00,per Annum,1820,75437.83,0,0.00,9633.42
2020,836,DEPARTMENT OF FINANCE,2000-10-30T00:00:00.000,MANHATTAN,CITY TAX AUDITOR,ACTIVE,76614.00,per Annum,1820,75437.83,0,0.00,9550.92
2020,836,DEPARTMENT OF FINANCE,2013-01-18T00:00:00.000,BROOKLYN,ASSOCIATE STAFF ANALYST,ACTIVE,85000.00,per Annum,1820,83640.37,0,0.00,41.25
2020,836,DEPARTMENT OF FINANCE,1986-11-24T00:00:00.000,MANHATTAN,COMPUTER ASSOCIATE,ACTIVE,76996.00,per Annum,1820,78495.71,0,0.00,4417.81
2020,836,DEPARTMENT OF FINANCE,1995-07-09T00:00:00.000,QUEENS,PRINCIPAL ADMINISTRATIVE ASSOCIATE -  NON SUPVR,ACTIVE,78756.00,per Annum,1820,80289.77,0,0.00,1995.10
2020,836,DEPARTMENT OF FINANCE,2013-09-01T00:00:00.000,MANHATTAN,ADM MANAGER-NON-MGRL,ACTIVE,82000.00,per Annum,1820,81824.31,1.5,67.94,221.06
2020,836,DEPARTMENT OF FINANCE,2012-02-21T00:00:00.000,MANHATTAN,CITY TAX AUDITOR,ACTIVE,76387.00,per Annum,1820,75214.19,0,0.00,6265.38
2020,836,DEPARTMENT OF FINANCE,2012-12-03T00:00:00.000,MANHATTAN,CITY TAX AUDITOR,ACTIVE,76294.00,per Annum,1820,75122.70,0,0.00,6265.38
2020,836,DEPARTMENT OF FINANCE,1987-11-23T00:00:00.000,MANHATTAN,ADM MANAGER-NON-MGRL,ACTIVE,78542.00,per Annum,1820,79980.90,0,0.00,522.40
2020,836,DEPARTMENT OF FINANCE,2016-06-06T00:00:00.000,QUEENS,CITY ASSESSOR,ACTIVE,70457.00,per Annum,1820,68971.55,215.5,11217.07,121.18
2020,836,DEPARTMENT OF FINANCE,2018-01-22T00:00:00.000,MANHATTAN,ECONOMIST,ACTIVE,80568.00,per Annum,1820,79330.91,0,0.00,33.00
2020,836,DEPARTMENT OF FINANCE,1989-01-30T00:00:00.000,MANHATTAN,PRINCIPAL ADMINISTRATIVE ASSOCIATE -  NON SUPVR,ACTIVE,73420.00,per Annum,1820,74852.11,0,0.00,4219.81
2020,836,DEPARTMENT OF FINANCE,2014-07-28T00:00:00.000,BROOKLYN,CITY ASSESSOR,ACTIVE,80638.00,per Annum,1820,78417.00,0,0.00,0.00
2020,836,DEPARTMENT OF FINANCE,2014-10-20T00:00:00.000,QUEENS,CITY ASSESSOR,ACTIVE,80638.00,per Annum,1820,77483.07,9.5,422.94,57.75
2020,836,DEPARTMENT OF FINANCE,1988-10-24T00:00:00.000,MANHATTAN,ACCOUNTANT,CEASED,66366.00,per Annum,1415.5,50677.40,102.25,4982.88,21182.63
2020,836,DEPARTMENT OF FINANCE,2016-04-18T00:00:00.000,BROOKLYN,DEPUTY CITY SHERIFF - NON-SPVR,ACTIVE,59401.00,per Annum,2080,57492.72,429,18243.85,1058.84
2020,836,DEPARTMENT OF FINANCE,1995-09-04T00:00:00.000,MANHATTAN,ADM MANAGER-NON-MGRL,ACTIVE,71263.00,per Annum,1820,73694.82,0,1.40,3043.14
2020,836,DEPARTMENT OF FINANCE,2016-09-06T00:00:00.000,QUEENS,DEPUTY CITY SHERIFF - NON-SPVR,ACTIVE,59401.00,per Annum,2080,55563.74,423.5,17693.14,2784.43
2020,836,DEPARTMENT OF FINANCE,2001-07-23T00:00:00.000,BROOKLYN,CITY LABORER,ACTIVE,290.00,per Day,2080,74515.66,25.75,1370.25,0.00
2020,836,DEPARTMENT OF FINANCE,2019-01-07T00:00:00.000,QUEENS,COMMUNITY COORDINATOR,ACTIVE,63860.00,per Annum,1820,62879.43,46.5,1604.96,32.81
2020,836,DEPARTMENT OF FINANCE,2018-11-26T00:00:00.000,MANHATTAN,ASSOCIATE STAFF ANALYST,ACTIVE,75591.00,per Annum,1820,75182.49,0,0.00,0.00
2020,836,DEPARTMENT OF FINANCE,2016-02-29T00:00:00.000,RICHMOND,PRINCIPAL ADMINISTRATIVE ASSOCIATE -  NON SUPVR,ACTIVE,72613.00,per Annum,1820,73579.28,30.25,1257.37,65.70
2020,836,DEPARTMENT OF FINANCE,1986-10-06T00:00:00.000,MANHATTAN,CITY TAX AUDITOR,ACTIVE,66366.00,per Annum,1820,65347.02,0,0.00,9550.92
2020,836,DEPARTMENT OF FINANCE,2000-03-13T00:00:00.000,MANHATTAN,CITY LABORER,ACTIVE,290.00,per Day,2080,74515.66,7,380.63,0.00
2020,836,DEPARTMENT OF FINANCE,1990-12-03T00:00:00.000,MANHATTAN,CITY TAX AUDITOR,ACTIVE,66345.00,per Annum,1820,65326.56,0,0.00,9550.92
2020,836,DEPARTMENT OF FINANCE,1994-07-01T00:00:00.000,MANHATTAN,HEARING OFFICER,ACTIVE,54.93,per Hour,1096.12,59837.40,0,0.00,14656.46
2020,836,DEPARTMENT OF FINANCE,2016-11-07T00:00:00.000,MANHATTAN,ADMINISTRATIVE SPACE ANALYST,ACTIVE,75197.00,per Annum,1820,74042.56,0,0.00,0.00
2020,836,DEPARTMENT OF FINANCE,1989-08-21T00:00:00.000,MANHATTAN,CITY TAX AUDITOR,ACTIVE,66366.00,per Annum,1820,63541.88,0,0.00,9287.09
2020,836,DEPARTMENT OF FINANCE,1999-11-30T00:00:00.000,MANHATTAN,HEARING OFFICER,ACTIVE,54.93,per Hour,1325.45,72465.84,0,0.00,0.00
2020,836,DEPARTMENT OF FINANCE,2006-07-24T00:00:00.000,QUEENS,CLERICAL ASSOCIATE,CEASED,37918.00,per Annum,700,8012.38,0,0.00,1077.34
2020,836,DEPARTMENT OF FINANCE,1994-07-01T00:00:00.000,MANHATTAN,PRINCIPAL ADMINISTRATIVE ASSOCIATE -  NON SUPVR,ACTIVE,61567.00,per Annum,1820,62592.88,158.5,7342.72,1764.99
2020,836,DEPARTMENT OF FINANCE,1998-10-19T00:00:00.000,MANHATTAN,ADM MANAGER-NON-MGRL,ACTIVE,70921.00,per Annum,1820,68968.74,0,0.00,1896.74
2020,836,DEPARTMENT OF FINANCE,2015-09-08T00:00:00.000,MANHATTAN,CITY TAX AUDITOR,ACTIVE,76198.00,per Annum,1820,67933.20,0,0.00,2336.59
2020,836,DEPARTMENT OF FINANCE,2011-07-05T00:00:00.000,MANHATTAN,CITY TAX AUDITOR,ACTIVE,64605.00,per Annum,1820,63612.97,0,0.00,6265.38
2020,836,DEPARTMENT OF FINANCE,2013-01-14T00:00:00.000,MANHATTAN,CITY TAX AUDITOR,ACTIVE,64512.00,per Annum,1820,63042.31,0,0.00,6235.12
2020,836,DEPARTMENT OF FINANCE,2019-06-03T00:00:00.000,MANHATTAN,SUMMER GRADUATE INTERN,CEASED,24.73,per Hour,358.37,8862.41,0,0.00,173.11
2020,836,DEPARTMENT OF FINANCE,2016-10-03T00:00:00.000,QUEENS,CITY TAX AUDITOR,ACTIVE,64415.00,per Annum,1820,63426.00,0,0.00,1181.67
2020,836,DEPARTMENT OF FINANCE,2016-10-17T00:00:00.000,MANHATTAN,COMPUTER PROGRAMMER ANALYST,CEASED,66731.00,per Annum,175,6384.90,0,0.00,1185.41
2020,836,DEPARTMENT OF FINANCE,1988-03-07T00:00:00.000,MANHATTAN,PRINCIPAL ADMINISTRATIVE ASSOCIATE -  NON SUPVR,ON LEAVE,81727.00,per Annum,-70,31.46,0,0.00,6299.60
2020,836,DEPARTMENT OF FINANCE,2019-06-10T00:00:00.000,MANHATTAN,COLLEGE AIDE - ASSIGNMENT LEVELS II AND III,CEASED,20.12,per Hour,306.98,6176.50,0,0.00,0.00
2020,836,DEPARTMENT OF FINANCE,2019-06-03T00:00:00.000,MANHATTAN,SUMMER COLLEGE INTERN,CEASED,17.50,per Hour,287.4,5029.57,0,0.00,122.50
2020,836,DEPARTMENT OF FINANCE,2019-07-08T00:00:00.000,MANHATTAN,HIGH SCHOOL STUDENT AIDE,CEASED,15.00,per Hour,263.68,3955.25,0,0.00,0.00
2020,836,DEPARTMENT OF FINANCE,1994-07-01T00:00:00.000,MANHATTAN,ADM MANAGER-NON-MGRL,CEASED,63929.00,per Annum,0,0.00,0,0.00,3045.62
2020,836,DEPARTMENT OF FINANCE,2015-07-06T00:00:00.000,BRONX,CITY ASSESSOR,ACTIVE,70457.00,per Annum,1820,68673.16,0,0.00,0.00
2020,836,DEPARTMENT OF FINANCE,2018-10-15T00:00:00.000,MANHATTAN,ACCOUNTANT,ACTIVE,66950.00,per Annum,1820,65922.09,0,0.00,2344.84
2020,836,DEPARTMENT OF FINANCE,1994-07-01T00:00:00.000,MANHATTAN,PRINCIPAL ADMINISTRATIVE ASSOCIATE -  NON SUPVR,CEASED,64412.00,per Annum,0,1152.35,0,0.00,54.83
2020,836,DEPARTMENT OF FINANCE,2019-10-02T00:00:00.000,MANHATTAN,HEARING OFFICER,CEASED,54.93,per Hour,21,1153.53,0,0.00,0.00
2020,836,DEPARTMENT OF FINANCE,2014-08-18T00:00:00.000,MANHATTAN,CITY TAX AUDITOR,ACTIVE,64415.00,per Annum,1820,63426.00,0,0.00,4582.89
2020,836,DEPARTMENT OF FINANCE,2019-03-04T00:00:00.000,QUEENS,CLERICAL ASSOCIATE,ACTIVE,36390.00,per Annum,1820,35831.29,0,0.00,8.25
2020,836,DEPARTMENT OF FINANCE,2019-08-13T00:00:00.000,MANHATTAN,HEARING OFFICER,ACTIVE,54.93,per Hour,654.05,35926.99,0,0.00,0.00
2020,836,DEPARTMENT OF FINANCE,1994-07-01T00:00:00.000,MANHATTAN,COMMUNITY SERVICE AIDE,ACTIVE,35562.00,per Annum,1820,35008.16,0,0.00,1324.26
2020,827,DEPARTMENT OF SANITATION,2018-06-04T00:00:00.000,BROOKLYN,AUTO MECHANIC,ACTIVE,309.20,per Day,2080,79480.83,132.5,8387.06,8724.77
2020,827,DEPARTMENT OF SANITATION,2015-07-13T00:00:00.000,QUEENS,SANITATION WORKER,ACTIVE,63970.00,per Annum,2080,56059.97,441,19856.83,20297.33
2020,827,DEPARTMENT OF SANITATION,1999-12-27T00:00:00.000,BROOKLYN,SANITATION WORKER,ACTIVE,77318.00,per Annum,2080,75318.50,90,4148.31,16268.11
2020,827,DEPARTMENT OF SANITATION,2000-07-24T00:00:00.000,RICHMOND,SANITATION WORKER,ACTIVE,77318.00,per Annum,2080,75688.80,232,14998.49,5039.86
2020,827,DEPARTMENT OF SANITATION,2005-11-14T00:00:00.000,MANHATTAN,SANITATION WORKER,ACTIVE,77318.00,per Annum,2080,76429.40,252.5,14630.28,4405.11
2020,827,DEPARTMENT OF SANITATION,2017-03-13T00:00:00.000,QUEENS,AUTO MECHANIC,ACTIVE,347.20,per Day,2069,85240.79,114,7121.71,2772.08
2020,827,DEPARTMENT OF SANITATION,1984-02-21T00:00:00.000,BROOKLYN,ADMINISTRATIVE SANITATION ENFORCEMENT AGENT,ACTIVE,98266.00,per Annum,1820,96772.92,0,0.00,0.00
2020,827,DEPARTMENT OF SANITATION,2000-07-10T00:00:00.000,BROOKLYN,SANITATION WORKER,ACTIVE,77318.00,per Annum,2080,72275.87,224,13452.29,11377.34
2020,827,DEPARTMENT OF SANITATION,2013-09-16T00:00:00.000,MANHATTAN,SANITATION WORKER,ACTIVE,77318.00,per Annum,2080,74726.02,174,12585.30,10307.46
2020,827,DEPARTMENT OF SANITATION,2013-08-19T00:00:00.000,BROOKLYN,SANITATION WORKER,ACTIVE,77318.00,per Annum,2080,76725.64,100,3476.89,17783.81
2020,827,DEPARTMENT OF SANITATION,2014-04-29T00:00:00.000,QUEENS,ELECTRICIAN,CEASED,417.97,per Day,1330,79307.83,115.75,10367.18,8458.36
2020,827,DEPARTMENT OF SANITATION,2015-08-10T00:00:00.000,MANHATTAN,GRAPHIC ARTIST,ACTIVE,98578.00,per Annum,1820,97064.45,7.5,513.14,693.10
2020,827,DEPARTMENT OF SANITATION,2014-09-08T00:00:00.000,QUEENS,AUTO MECHANIC,ACTIVE,347.20,per Day,2080,93555.60,16,1329.48,3794.86
2020,827,DEPARTMENT OF SANITATION,2006-11-13T00:00:00.000,QUEENS,SANITATION WORKER,ACTIVE,77318.00,per Annum,2080,77021.88,225.75,13669.91,8412.66
2020,827,DEPARTMENT OF SANITATION,2008-08-11T00:00:00.000,MANHATTAN,SANITATION WORKER,ACTIVE,77318.00,per Annum,2080,77021.88,283,17086.16,5052.25
2020,827,DEPARTMENT OF SANITATION,2004-10-25T00:00:00.000,BROOKLYN,SANITATION WORKER,ACTIVE,77318.00,per Annum,2080,77021.88,278,17051.16,5307.18
2020,827,DEPARTMENT OF SANITATION,1987-09-28T00:00:00.000,MANHATTAN,ADM MANAGER-NON-MGRL,ACTIVE,88084.00,per Annum,1820,91798.73,37.5,2273.24,6037.86
2020,827,DEPARTMENT OF SANITATION,2007-09-24T00:00:00.000,QUEENS,CLERICAL ASSOCIATE,ACTIVE,55385.00,per Annum,1820,54526.77,18.25,754.59,6313.95
2020,827,DEPARTMENT OF SANITATION,2012-08-27T00:00:00.000,MANHATTAN,SANITATION WORKER,ACTIVE,77318.00,per Annum,2080,76725.64,349,20370.60,3036.02
2020,827,DEPARTMENT OF SANITATION,2014-10-13T00:00:00.000,BRONX,SANITATION WORKER,ACTIVE,77318.00,per Annum,2080,63361.13,279.5,14807.17,22180.41
2020,827,DEPARTMENT OF SANITATION,2001-05-21T00:00:00.000,BROOKLYN,SANITATION WORKER,ACTIVE,77318.00,per Annum,2080,76133.16,90,6068.91,18828.04
2020,827,DEPARTMENT OF SANITATION,2005-09-12T00:00:00.000,QUEENS,SANITATION WORKER,ACTIVE,77318.00,per Annum,2080,77021.88,305,19399.06,5311.46
2020,827,DEPARTMENT OF SANITATION,2014-10-13T00:00:00.000,BROOKLYN,SANITATION WORKER,ACTIVE,77318.00,per Annum,2080,64076.16,336,17950.54,19946.32
2020,827,DEPARTMENT OF SANITATION,2018-04-23T00:00:00.000,BROOKLYN,AUTO MECHANIC,ACTIVE,309.20,per Day,2080,79997.31,238,14411.22,7595.23
2020,827,DEPARTMENT OF SANITATION,2007-10-09T00:00:00.000,BROOKLYN,SANITATION WORKER,ACTIVE,77318.00,per Annum,2080,71689.56,301,19016.56,3902.49
2020,827,DEPARTMENT OF SANITATION,2018-10-29T00:00:00.000,MANHATTAN,SANITATION WORKER,ACTIVE,41770.00,per Annum,2080,40803.88,300.75,9568.98,11815.16
2020,827,DEPARTMENT OF SANITATION,2017-08-14T00:00:00.000,QUEENS,SANITATION WORKER,ACTIVE,44653.00,per Annum,2080,42626.11,205.5,6061.75,13775.43
2020,827,DEPARTMENT OF SANITATION,2013-12-09T00:00:00.000,QUEENS,ASSOCIATE STAFF ANALYST,ACTIVE,75591.00,per Annum,1820,75182.49,0,0.00,2105.17
2020,827,DEPARTMENT OF SANITATION,2013-11-11T00:00:00.000,BRONX,SANITATION WORKER,ACTIVE,77318.00,per Annum,2080,73115.22,36,1284.94,2579.90
2020,827,DEPARTMENT OF SANITATION,2019-07-22T00:00:00.000,QUEENS,MACHINIST,ACTIVE,298.24,per Day,1920,70888.97,85,4801.10,1206.72
2020,827,DEPARTMENT OF SANITATION,2019-08-12T00:00:00.000,QUEENS,ELECTRICIAN,ACTIVE,298.24,per Day,1800,66555.77,149,8452.32,1876.86
2020,827,DEPARTMENT OF SANITATION,2015-08-10T00:00:00.000,RICHMOND,SANITATION WORKER,ACTIVE,63970.00,per Annum,2080,52974.69,262,10844.43,10920.81
2020,827,DEPARTMENT OF SANITATION,2016-09-19T00:00:00.000,BRONX,SANITATION WORKER,ACTIVE,50173.00,per Annum,2080,45920.06,367,13552.87,14604.36
2020,827,DEPARTMENT OF SANITATION,2001-11-26T00:00:00.000,QUEENS,AUTO MECHANIC,CEASED,347.20,per Day,1488,67858.66,47,4397.92,904.26
2020,827,DEPARTMENT OF SANITATION,1990-07-09T00:00:00.000,RICHMOND,SANITATION WORKER,CEASED,77318.00,per Annum,1792,66354.96,18,351.81,6074.52
2020,827,DEPARTMENT OF SANITATION,2015-10-13T00:00:00.000,MANHATTAN,COMMUNITY COORDINATOR,ACTIVE,62215.00,per Annum,1820,61259.83,209,9756.30,536.48
2020,827,DEPARTMENT OF SANITATION,2017-08-14T00:00:00.000,QUEENS,SANITATION WORKER,ACTIVE,44653.00,per Annum,2080,42626.11,255.25,7717.45,16027.09
2020,827,DEPARTMENT OF SANITATION,2000-05-08T00:00:00.000,BROOKLYN,ASSOCIATE SANITATION ENFORCEMENT AGENT,ACTIVE,57929.00,per Annum,2080,57615.84,80.75,3479.54,4150.23
2020,827,DEPARTMENT OF SANITATION,2016-07-18T00:00:00.000,BROOKLYN,SANITATION WORKER,ACTIVE,50173.00,per Annum,2080,45588.23,348,12890.09,6764.44
2020,827,DEPARTMENT OF SANITATION,2019-04-22T00:00:00.000,QUEENS,SANITATION WORKER,ACTIVE,40820.00,per Annum,2080,39615.88,373.5,11245.51,14162.05
2020,827,DEPARTMENT OF SANITATION,2000-07-24T00:00:00.000,QUEENS,SANITATION WORKER,ACTIVE,77318.00,per Annum,2080,75540.68,155,9238.77,9525.57
2020,827,DEPARTMENT OF SANITATION,2017-01-09T00:00:00.000,QUEENS,PAINTER,ACTIVE,292.53,per Day,1820,76057.80,182.5,11440.01,6034.70
2020,827,DEPARTMENT OF SANITATION,2011-09-12T00:00:00.000,QUEENS,SANITATION WORKER,ACTIVE,77318.00,per Annum,2080,76725.64,227,13133.19,3179.74
2020,827,DEPARTMENT OF SANITATION,1985-04-01T00:00:00.000,QUEENS,ASSOCIATE STAFF ANALYST,ACTIVE,85589.00,per Annum,1820,85126.52,0,0.00,7778.39
2020,827,DEPARTMENT OF SANITATION,2008-08-11T00:00:00.000,QUEENS,SANITATION WORKER,ACTIVE,77318.00,per Annum,2080,77021.88,186,11161.44,4259.71
2020,827,DEPARTMENT OF SANITATION,2014-10-13T00:00:00.000,BROOKLYN,SANITATION WORKER,ACTIVE,77318.00,per Annum,2080,64566.36,194,9153.48,18089.65
2020,827,DEPARTMENT OF SANITATION,2016-12-19T00:00:00.000,MANHATTAN,ARCHITECT,ACTIVE,92640.00,per Annum,1820,91217.74,0,0.00,458.41
2020,827,DEPARTMENT OF SANITATION,1999-11-22T00:00:00.000,MANHATTAN,GENERAL SUPERINTENDENT,CEASED,144854.00,per Annum,1280,88488.77,0,0.00,2600.69
2020,827,DEPARTMENT OF SANITATION,2015-07-13T00:00:00.000,QUEENS,SANITATION WORKER,ACTIVE,63970.00,per Annum,2080,56059.97,278,11176.03,22766.43
2020,827,DEPARTMENT OF SANITATION,2018-11-26T00:00:00.000,QUEENS,AUTO MECHANIC,ACTIVE,37.28,per Hour,2056,77418.56,108,6406.05,5988.54
2020,827,DEPARTMENT OF SANITATION,2000-08-07T00:00:00.000,QUEENS,SANITATION WORKER,ACTIVE,77318.00,per Annum,2080,77021.88,162,7924.56,4382.07
2020,827,DEPARTMENT OF SANITATION,2015-08-10T00:00:00.000,BRONX,SANITATION WORKER,ACTIVE,63970.00,per Annum,2080,55002.73,684.5,32329.40,1288.35
2020,827,DEPARTMENT OF SANITATION,2000-07-10T00:00:00.000,QUEENS,SANITATION WORKER,ACTIVE,77318.00,per Annum,2080,76947.82,74,1507.73,9665.60
2020,827,DEPARTMENT OF SANITATION,2004-10-04T00:00:00.000,BROOKLYN,SANITATION WORKER,ACTIVE,77318.00,per Annum,2080,76521.98,122,4751.80,6358.65
2020,827,DEPARTMENT OF SANITATION,2018-04-02T00:00:00.000,QUEENS,AUTO MECHANIC,ACTIVE,309.20,per Day,2080,81140.17,52,3208.49,3072.84
2020,827,DEPARTMENT OF SANITATION,2008-08-11T00:00:00.000,RICHMOND,SANITATION WORKER,ACTIVE,77318.00,per Annum,2080,74392.75,80,5351.40,7660.14
2020,827,DEPARTMENT OF SANITATION,2007-06-04T00:00:00.000,QUEENS,METAL WORK MECHANIC,ACTIVE,84906.00,per Annum,2080,84447.10,4,250.08,2020.55
2020,827,DEPARTMENT OF SANITATION,2016-03-21T00:00:00.000,QUEENS,METAL WORK MECHANIC,ACTIVE,84906.00,per Annum,2080,84447.10,5.5,335.48,1634.99
2020,827,DEPARTMENT OF SANITATION,2000-07-24T00:00:00.000,QUEENS,SANITATION WORKER,ACTIVE,77318.00,per Annum,2080,76429.40,48,2628.61,7247.19
2020,827,DEPARTMENT OF SANITATION,1993-07-26T00:00:00.000,MANHATTAN,SANITATION WORKER,ACTIVE,77318.00,per Annum,2080,75096.32,80,5706.68,5171.58
2020,827,DEPARTMENT OF SANITATION,2015-08-10T00:00:00.000,MANHATTAN,SANITATION WORKER,ACTIVE,63970.00,per Annum,2080,53935.84,394,17154.48,14490.38
2020,827,DEPARTMENT OF SANITATION,2014-07-21T00:00:00.000,BRONX,SANITATION WORKER,ACTIVE,77318.00,per Annum,2080,69277.58,0,0.00,10783.80
2020,827,DEPARTMENT OF SANITATION,2016-08-22T00:00:00.000,BRONX,SANITATION WORKER,ACTIVE,50173.00,per Annum,2080,45604.33,414,15645.87,18975.69
2020,827,DEPARTMENT OF SANITATION,2013-11-11T00:00:00.000,BROOKLYN,SANITATION WORKER,ACTIVE,77318.00,per Annum,2080,73948.39,44,3325.85,3177.23
2020,827,DEPARTMENT OF SANITATION,1999-10-18T00:00:00.000,MANHATTAN,GENERAL SUPERINTENDENT,CEASED,126242.00,per Annum,920,55539.39,0,0.00,29030.38
2020,827,DEPARTMENT OF SANITATION,2012-08-27T00:00:00.000,BROOKLYN,SANITATION WORKER,ACTIVE,77318.00,per Annum,2080,76725.64,76,4384.03,2693.88
2020,827,DEPARTMENT OF SANITATION,2019-02-19T00:00:00.000,QUEENS,AUTO MECHANIC,ACTIVE,298.24,per Day,2080,77720.33,56,3151.35,2784.97
2020,827,DEPARTMENT OF SANITATION,2005-10-31T00:00:00.000,MANHATTAN,CLERICAL ASSOCIATE,ACTIVE,45591.00,per Annum,1820,42923.51,0,0.00,4875.97
2020,827,DEPARTMENT OF SANITATION,2016-08-22T00:00:00.000,BROOKLYN,SANITATION WORKER,ACTIVE,50173.00,per Annum,2080,45871.40,22.75,815.33,1147.41
2020,827,DEPARTMENT OF SANITATION,2016-10-03T00:00:00.000,BRONX,CLERICAL ASSOCIATE,ACTIVE,41848.00,per Annum,1820,41205.35,114,3303.44,3382.24
2020,827,DEPARTMENT OF SANITATION,2000-04-17T00:00:00.000,BRONX,SANITATION WORKER,CEASED,77318.00,per Annum,1960,72578.31,93,3865.67,4186.95
2020,827,DEPARTMENT OF SANITATION,2018-09-17T00:00:00.000,BRONX,SANITATION WORKER,ACTIVE,41770.00,per Annum,2080,40918.27,182,4348.71,4449.93
2020,827,DEPARTMENT OF SANITATION,2018-12-10T00:00:00.000,MANHATTAN,AUTOMOTIVE SERVICE WORKER,ACTIVE,43876.00,per Annum,2080,43282.15,160,5057.69,1612.25
2020,827,DEPARTMENT OF SANITATION,2018-10-29T00:00:00.000,QUEENS,SANITATION WORKER,ACTIVE,41770.00,per Annum,2080,40803.88,231,6139.61,4236.39
2020,827,DEPARTMENT OF SANITATION,2016-09-19T00:00:00.000,BROOKLYN,SANITATION WORKER,ACTIVE,50173.00,per Annum,2080,45727.83,88,3676.90,1919.03
2020,827,DEPARTMENT OF SANITATION,2020-01-27T00:00:00.000,QUEENS,AUTO MECHANIC,ACTIVE,347.20,per Day,840,36456.00,178.5,12454.79,2524.80
2020,827,DEPARTMENT OF SANITATION,2019-07-15T00:00:00.000,BRONX,SANITATION WORKER,ACTIVE,40820.00,per Annum,1960,36711.19,330,9811.73,5318.17
2020,827,DEPARTMENT OF SANITATION,2018-12-03T00:00:00.000,QUEENS,PROCUREMENT ANALYST,ACTIVE,62427.00,per Annum,1820,62089.65,25,926.99,336.28
2020,827,DEPARTMENT OF SANITATION,2019-04-22T00:00:00.000,BROOKLYN,SANITATION WORKER,ACTIVE,40820.00,per Annum,2080,39615.88,273,8495.60,4179.88
2020,827,DEPARTMENT OF SANITATION,2019-04-22T00:00:00.000,BRONX,SANITATION WORKER,ACTIVE,40820.00,per Annum,2080,39624.60,314,9243.70,3520.55
2020,827,DEPARTMENT OF SANITATION,2012-09-10T00:00:00.000,BRONX,SANITATION ENFORCEMENT AGENT,ACTIVE,41200.00,per Annum,2080,40977.42,271.25,8263.51,3691.66
2020,827,DEPARTMENT OF SANITATION,2019-04-22T00:00:00.000,MANHATTAN,SANITATION WORKER,ACTIVE,40820.00,per Annum,2080,39615.88,288.5,9881.84,3468.51
2020,827,DEPARTMENT OF SANITATION,2000-10-10T00:00:00.000,MANHATTAN,BOOKKEEPER,ACTIVE,49001.00,per Annum,1820,48248.80,0,0.00,4874.77
2020,827,DEPARTMENT OF SANITATION,2018-06-18T00:00:00.000,QUEENS,MACHINIST,ACTIVE,309.20,per Day,2048,78152.01,46.5,2792.35,1965.30
2020,827,DEPARTMENT OF SANITATION,2018-09-17T00:00:00.000,QUEENS,SANITATION WORKER,ACTIVE,41770.00,per Annum,2080,40675.62,214.33,6446.96,6479.25
2020,827,DEPARTMENT OF SANITATION,2019-07-15T00:00:00.000,MANHATTAN,SANITATION WORKER,ACTIVE,40820.00,per Annum,1960,36719.91,245,7064.85,9895.02
2020,827,DEPARTMENT OF SANITATION,2018-07-09T00:00:00.000,QUEENS,SANITATION WORKER,ACTIVE,41770.00,per Annum,2080,41093.00,163.5,3994.41,9093.43
2020,827,DEPARTMENT OF SANITATION,1988-11-21T00:00:00.000,MANHATTAN,CLERICAL ASSOCIATE,ACTIVE,42135.00,per Annum,1820,41479.94,176,5596.76,7234.95
2020,827,DEPARTMENT OF SANITATION,2011-05-09T00:00:00.000,MANHATTAN,PROCUREMENT ANALYST,ACTIVE,55379.00,per Annum,1820,55079.64,7,210.67,298.50
2020,827,DEPARTMENT OF SANITATION,2015-07-20T00:00:00.000,MANHATTAN,CLERICAL ASSOCIATE,ACTIVE,49440.00,per Annum,1820,47486.97,274,8019.28,284.14
2020,827,DEPARTMENT OF SANITATION,2000-09-05T00:00:00.000,BRONX,SANITATION WORKER,ACTIVE,77318.00,per Annum,2080,77021.88,0,0.00,4382.07
2020,827,DEPARTMENT OF SANITATION,2018-07-09T00:00:00.000,QUEENS,SANITATION WORKER,ACTIVE,41770.00,per Annum,2080,41012.98,356,11144.95,10880.32
2020,827,DEPARTMENT OF SANITATION,2018-09-17T00:00:00.000,BRONX,SANITATION WORKER,ACTIVE,41770.00,per Annum,2080,40918.27,218.5,5864.65,10717.64
2020,827,DEPARTMENT OF SANITATION,2017-07-10T00:00:00.000,BROOKLYN,SANITATION WORKER,ACTIVE,44653.00,per Annum,2080,42189.51,276,9657.75,6092.19
2020,827,DEPARTMENT OF SANITATION,2015-10-05T00:00:00.000,BROOKLYN,SANITATION WORKER,ACTIVE,63970.00,per Annum,2080,50813.86,104.5,5410.16,1924.98
2020,827,DEPARTMENT OF SANITATION,2018-09-17T00:00:00.000,BRONX,SANITATION WORKER,ACTIVE,41770.00,per Annum,2080,40918.27,378,12179.21,5054.77
2020,827,DEPARTMENT OF SANITATION,2016-07-18T00:00:00.000,QUEENS,SANITATION WORKER,ACTIVE,50173.00,per Annum,2080,46847.61,178,6163.36,5170.86
2020,827,DEPARTMENT OF SANITATION,2018-08-13T00:00:00.000,BROOKLYN,SANITATION WORKER,ACTIVE,41770.00,per Annum,2080,41001.48,153,3572.66,13813.14
2020,827,DEPARTMENT OF SANITATION,2016-07-18T00:00:00.000,BROOKLYN,SANITATION WORKER,ACTIVE,50173.00,per Annum,2080,45769.77,124,3543.38,9510.46
2020,827,DEPARTMENT OF SANITATION,2017-08-14T00:00:00.000,QUEENS,SANITATION WORKER,ACTIVE,44653.00,per Annum,2080,42626.11,163,4241.38,12159.09
2020,827,DEPARTMENT OF SANITATION,2014-06-16T00:00:00.000,RICHMOND,CLERICAL ASSOCIATE,ACTIVE,41848.00,per Annum,1820,52485.25,168,5768.80,1254.08
2020,827,DEPARTMENT OF SANITATION,2018-09-17T00:00:00.000,BROOKLYN,SANITATION WORKER,ACTIVE,41770.00,per Annum,2080,40915.68,255,7509.22,11118.88
2020,827,DEPARTMENT OF SANITATION,2017-07-10T00:00:00.000,BROOKLYN,SANITATION WORKER,ACTIVE,44653.00,per Annum,2080,42572.72,163,4583.24,12401.52
2020,827,DEPARTMENT OF SANITATION,2019-02-26T00:00:00.000,BRONX,JOB TRAINING PARTICIPANT,CEASED,15.00,per Hour,80,1200.00,0,0.00,0.00
2020,827,DEPARTMENT OF SANITATION,2018-12-20T00:00:00.000,QUEENS,JOB TRAINING PARTICIPANT,CEASED,15.00,per Hour,40,600.00,0,0.00,0.00
2020,827,DEPARTMENT OF SANITATION,1989-01-31T00:00:00.000,MANHATTAN,COMMUNITY COORDINATOR,CEASED,81535.00,per Annum,35,1563.55,0,0.00,25.35
2020,827,DEPARTMENT OF SANITATION,2019-07-23T00:00:00.000,BROOKLYN,JOB TRAINING PARTICIPANT,CEASED,15.00,per Hour,133.75,2006.25,0,0.00,0.00
2020,827,DEPARTMENT OF SANITATION,2015-12-07T00:00:00.000,BROOKLYN,CLERICAL ASSOCIATE,ACTIVE,41848.00,per Annum,1820,41205.35,21,591.09,3193.27
2020,827,DEPARTMENT OF SANITATION,2018-08-13T00:00:00.000,QUEENS,SANITATION WORKER,ACTIVE,41770.00,per Annum,2080,41001.48,125.25,2701.28,1044.00
2020,827,DEPARTMENT OF SANITATION,2018-09-17T00:00:00.000,BRONX,SANITATION WORKER,ACTIVE,41770.00,per Annum,2080,40683.34,84,1955.00,1436.86
2020,827,DEPARTMENT OF SANITATION,2018-09-17T00:00:00.000,QUEENS,SANITATION WORKER,ACTIVE,41770.00,per Annum,2080,40918.27,24,238.20,2856.69
2020,827,DEPARTMENT OF SANITATION,2016-03-07T00:00:00.000,QUEENS,AUTOMOTIVE SERVICE WORKER,ACTIVE,48264.00,per Annum,2080,41575.24,36,1122.93,921.29
2020,827,DEPARTMENT OF SANITATION,2019-11-19T00:00:00.000,BROOKLYN,JOB TRAINING PARTICIPANT,CEASED,15.45,per Hour,167.5,2587.88,0,0.00,0.00
2020,827,DEPARTMENT OF SANITATION,2019-09-23T00:00:00.000,BROOKLYN,SANITATION WORKER,ACTIVE,40820.00,per Annum,1560,28908.75,180,5199.97,7825.33
2020,827,DEPARTMENT OF SANITATION,2019-09-23T00:00:00.000,QUEENS,SANITATION WORKER,ACTIVE,40820.00,per Annum,1560,28908.75,219.5,6411.85,5440.25
2020,827,DEPARTMENT OF SANITATION,2015-02-09T00:00:00.000,MANHATTAN,CITY ATTENDANT,ACTIVE,37364.00,per Annum,2080,36790.37,112.5,3047.13,793.14
2020,827,DEPARTMENT OF SANITATION,2014-01-21T00:00:00.000,QUEENS,SANITATION ENFORCEMENT AGENT,ACTIVE,41200.00,per Annum,2080,38342.57,0,0.00,1968.86
2020,827,DEPARTMENT OF SANITATION,2019-09-23T00:00:00.000,MANHATTAN,SANITATION WORKER,ACTIVE,40820.00,per Annum,1560,28908.75,185,5399.16,3951.24
2020,827,DEPARTMENT OF SANITATION,2019-09-23T00:00:00.000,MANHATTAN,SANITATION WORKER,ACTIVE,40820.00,per Annum,1560,28908.75,106,2277.15,6219.74
2020,827,DEPARTMENT OF SANITATION,2016-02-16T00:00:00.000,MANHATTAN,CITY ATTENDANT,ACTIVE,37364.00,per Annum,2080,36888.63,0,0.00,0.00
2020,827,DEPARTMENT OF SANITATION,2019-03-18T00:00:00.000,BROOKLYN,CITY ATTENDANT,ACTIVE,32490.00,per Annum,2080,31991.31,0,0.00,1061.07
2020,827,DEPARTMENT OF SANITATION,2020-02-18T00:00:00.000,QUEENS,AUTO MECHANIC,ACTIVE,298.24,per Day,712,26543.28,32,1838.85,1006.70
2020,827,DEPARTMENT OF SANITATION,2012-08-27T00:00:00.000,BROOKLYN,AUTO MECHANIC,CEASED,336.24,per Day,464,23459.29,4,850.44,1513.38
2020,827,DEPARTMENT OF SANITATION,2018-10-29T00:00:00.000,BROOKLYN,SANITATION WORKER,ACTIVE,41770.00,per Annum,2080,40491.08,67.5,1891.46,4770.37
2020,827,DEPARTMENT OF SANITATION,2018-08-27T00:00:00.000,MANHATTAN,COMPUTER ASSOCIATE,CEASED,86221.00,per Annum,385,18143.97,0,0.00,0.00
2020,827,DEPARTMENT OF SANITATION,2019-07-15T00:00:00.000,QUEENS,SANITATION WORKER,ACTIVE,40820.00,per Annum,1960,36563.51,176,4433.09,5493.28
2020,827,DEPARTMENT OF SANITATION,2019-07-23T00:00:00.000,BROOKLYN,JOB TRAINING PARTICIPANT,CEASED,15.00,per Hour,188,2820.00,0,0.00,0.00
2020,827,DEPARTMENT OF SANITATION,2019-09-23T00:00:00.000,BROOKLYN,SANITATION WORKER,ACTIVE,40820.00,per Annum,1560,28908.75,279.5,8554.75,8013.93
2020,827,DEPARTMENT OF SANITATION,2017-03-13T00:00:00.000,QUEENS,STOCK WORKER,ACTIVE,40780.00,per Annum,483,11347.44,101,2791.58,310.29
2020,827,DEPARTMENT OF SANITATION,2017-01-17T00:00:00.000,QUEENS,SANITATION ENFORCEMENT AGENT,ON LEAVE,32342.00,per Annum,1000,13711.50,16,371.75,301.08
2020,827,DEPARTMENT OF SANITATION,2019-06-11T00:00:00.000,MANHATTAN,JOB TRAINING PARTICIPANT,CEASED,15.45,per Hour,864,13035.60,0,0.00,0.00
2020,827,DEPARTMENT OF SANITATION,2018-06-25T00:00:00.000,MANHATTAN,CLERICAL ASSOCIATE,CEASED,43282.00,per Annum,455,10360.27,0,0.00,0.00
2020,827,DEPARTMENT OF SANITATION,2019-08-20T00:00:00.000,BROOKLYN,JOB TRAINING PARTICIPANT,CEASED,15.45,per Hour,645.25,9836.81,0,0.00,0.00
2020,827,DEPARTMENT OF SANITATION,2017-12-26T00:00:00.000,MANHATTAN,COLLEGE AIDE,CEASED,17.30,per Hour,501.42,8674.56,0,0.00,0.00
2020,827,DEPARTMENT OF SANITATION,2019-03-26T00:00:00.000,BRONX,JOB TRAINING PARTICIPANT,CEASED,15.00,per Hour,535.5,8032.50,0,0.00,0.00
2020,827,DEPARTMENT OF SANITATION,2014-07-21T00:00:00.000,QUEENS,COLLEGE AIDE,CEASED,15.50,per Hour,511,7920.50,0,0.00,0.00
2020,827,DEPARTMENT OF SANITATION,2019-03-26T00:00:00.000,MANHATTAN,JOB TRAINING PARTICIPANT,CEASED,15.00,per Hour,497.5,7462.50,0,0.00,0.00
2020,827,DEPARTMENT OF SANITATION,2019-10-02T00:00:00.000,BROOKLYN,JOB TRAINING PARTICIPANT,CEASED,15.45,per Hour,453.92,6950.30,0,0.00,0.00
2020,827,DEPARTMENT OF SANITATION,2018-07-09T00:00:00.000,BROOKLYN,SANITATION WORKER,ON LEAVE,50173.00,per Annum,2000,6934.31,0,0.00,-71.86
2020,827,DEPARTMENT OF SANITATION,2019-12-17T00:00:00.000,BRONX,JOB TRAINING PARTICIPANT,CEASED,15.45,per Hour,420.5,6496.73,0,0.00,0.00
2020,827,DEPARTMENT OF SANITATION,2019-10-02T00:00:00.000,MANHATTAN,JOB TRAINING PARTICIPANT,CEASED,15.45,per Hour,406.75,6233.91,0,0.00,0.00
2020,827,DEPARTMENT OF SANITATION,2019-06-11T00:00:00.000,BROOKLYN,JOB TRAINING PARTICIPANT,CEASED,15.00,per Hour,384.63,5769.50,0,0.00,0.00
2020,827,DEPARTMENT OF SANITATION,2019-02-26T00:00:00.000,BROOKLYN,JOB TRAINING PARTICIPANT,CEASED,15.00,per Hour,383.5,5752.50,0,0.00,0.00
2020,827,DEPARTMENT OF SANITATION,1988-08-10T00:00:00.000,RICHMOND,ADM MANAGER-NON-MGRL,CEASED,65208.00,per Annum,0,84.81,0,0.00,4344.41
2020,827,DEPARTMENT OF SANITATION,2019-02-26T00:00:00.000,BRONX,JOB TRAINING PARTICIPANT,CEASED,15.00,per Hour,287.25,4308.75,0,0.00,0.00
2020,827,DEPARTMENT OF SANITATION,2020-01-27T00:00:00.000,BRONX,JOB TRAINING PARTICIPANT,CEASED,15.45,per Hour,267.45,4132.11,0,0.00,0.00
2020,827,DEPARTMENT OF SANITATION,2020-01-27T00:00:00.000,QUEENS,JOB TRAINING PARTICIPANT,CEASED,15.45,per Hour,248,3831.60,0,0.00,0.00
2020,827,DEPARTMENT OF SANITATION,1990-07-30T00:00:00.000,MANHATTAN,SANITATION WORKER,CEASED,77318.00,per Annum,1080,39992.13,22,899.02,4321.34
2020,827,DEPARTMENT OF SANITATION,1985-06-24T00:00:00.000,RICHMOND,ADM MANAGER-NON-MGRL,CEASED,56487.00,per Annum,0,0.00,0,0.00,3804.24
2020,827,DEPARTMENT OF SANITATION,2020-01-27T00:00:00.000,BROOKLYN,JOB TRAINING PARTICIPANT,CEASED,15.45,per Hour,240.25,3711.87,0,0.00,0.00
2020,827,DEPARTMENT OF SANITATION,2020-01-27T00:00:00.000,MANHATTAN,JOB TRAINING PARTICIPANT,CEASED,15.45,per Hour,230.17,3556.08,0,0.00,0.00
2020,827,DEPARTMENT OF SANITATION,2019-03-26T00:00:00.000,BRONX,JOB TRAINING PARTICIPANT,CEASED,15.00,per Hour,232.92,3493.75,0,0.00,0.00
2020,827,DEPARTMENT OF SANITATION,2018-12-20T00:00:00.000,BRONX,JOB TRAINING PARTICIPANT,CEASED,15.00,per Hour,16,240.00,0,0.00,0.00
2020,827,DEPARTMENT OF SANITATION,2015-03-02T00:00:00.000,QUEENS,AUTO MECHANIC,CEASED,292.88,per Day,0,230.40,0,19.69,16.00
2020,827,DEPARTMENT OF SANITATION,2019-03-26T00:00:00.000,MANHATTAN,JOB TRAINING PARTICIPANT,CEASED,15.00,per Hour,22,330.00,0,0.00,0.00
2020,827,DEPARTMENT OF SANITATION,2018-12-20T00:00:00.000,MANHATTAN,JOB TRAINING PARTICIPANT,CEASED,15.00,per Hour,24,360.00,0,0.00,0.00
2020,827,DEPARTMENT OF SANITATION,2012-10-22T00:00:00.000,QUEENS,SANITATION WORKER,ACTIVE,77318.00,per Annum,2080,74059.48,249,14313.61,18280.86
2020,827,DEPARTMENT OF SANITATION,2005-10-17T00:00:00.000,QUEENS,SANITATION WORKER,ACTIVE,77318.00,per Annum,2080,75836.92,298,17927.10,13907.87
2020,827,DEPARTMENT OF SANITATION,2005-12-05T00:00:00.000,BROOKLYN,SANITATION WORKER,ACTIVE,77318.00,per Annum,2080,77021.88,348,21462.91,9832.71
2020,827,DEPARTMENT OF SANITATION,1990-03-26T00:00:00.000,BRONX,SANITATION WORKER,ACTIVE,77318.00,per Annum,2080,77021.88,396,25953.77,6490.64
2020,827,DEPARTMENT OF SANITATION,2012-08-20T00:00:00.000,MANHATTAN,AUTO MECHANIC,ACTIVE,347.20,per Day,2080,93450.52,164,11528.83,5021.30
2020,827,DEPARTMENT OF SANITATION,2005-10-17T00:00:00.000,BROOKLYN,SANITATION WORKER,ACTIVE,77318.00,per Annum,2080,76725.64,245.5,14305.37,19135.00
2020,827,DEPARTMENT OF SANITATION,2004-09-13T00:00:00.000,BROOKLYN,SANITATION WORKER,ACTIVE,77318.00,per Annum,1960,73213.10,287,18107.67,19605.10
2020,827,DEPARTMENT OF SANITATION,2011-10-11T00:00:00.000,BROOKLYN,SUPERVISOR,ACTIVE,85758.00,per Annum,2080,84539.06,322.5,20625.03,6357.23
2020,827,DEPARTMENT OF SANITATION,2001-04-02T00:00:00.000,BROOKLYN,AUTO MECHANIC,ACTIVE,347.20,per Day,2080,93555.60,165,11545.56,6423.90
2020,827,DEPARTMENT OF SANITATION,2016-02-22T00:00:00.000,BROOKLYN,AUTO MECHANIC,ACTIVE,347.20,per Day,2080,93037.02,97.25,7554.35,10935.18
2020,827,DEPARTMENT OF SANITATION,2014-08-18T00:00:00.000,MANHATTAN,SANITATION WORKER,ACTIVE,77318.00,per Annum,2080,67555.91,425,23920.29,20366.85
2020,827,DEPARTMENT OF SANITATION,2010-08-23T00:00:00.000,BROOKLYN,AUTO MECHANIC,ACTIVE,347.20,per Day,2080,93555.60,117,9041.57,10283.52
2020,827,DEPARTMENT OF SANITATION,1999-11-01T00:00:00.000,QUEENS,AUTO MECHANIC,ACTIVE,347.20,per Day,2080,93555.60,196,13671.26,5763.79
2020,827,DEPARTMENT OF SANITATION,2005-11-14T00:00:00.000,BROOKLYN,SANITATION WORKER,ACTIVE,77318.00,per Annum,2080,73318.88,298,18385.83,21499.26
2020,827,DEPARTMENT OF SANITATION,2013-11-11T00:00:00.000,QUEENS,SANITATION WORKER,ACTIVE,77318.00,per Annum,2080,77021.88,286,16440.11,20111.81
2020,827,DEPARTMENT OF SANITATION,2000-09-25T00:00:00.000,RICHMOND,AUTO MECHANIC,ACTIVE,347.20,per Day,2080,93555.60,245,17661.51,2443.81
2020,827,DEPARTMENT OF SANITATION,2016-08-29T00:00:00.000,MANHATTAN,AUTO MECHANIC,ACTIVE,347.20,per Day,2008,87770.65,359,23233.99,3369.94
2020,827,DEPARTMENT OF SANITATION,2005-10-17T00:00:00.000,BROOKLYN,SANITATION WORKER,ACTIVE,77318.00,per Annum,2080,77021.88,291.25,18156.49,19352.00
2020,827,DEPARTMENT OF SANITATION,2001-10-09T00:00:00.000,BROOKLYN,SANITATION WORKER,ACTIVE,77318.00,per Annum,2080,77021.88,260,15771.64,22138.89
2020,827,DEPARTMENT OF SANITATION,2001-08-27T00:00:00.000,QUEENS,SANITATION WORKER,ACTIVE,77318.00,per Annum,2080,76725.64,322,19443.94,19451.30
2020,827,DEPARTMENT OF SANITATION,2015-04-20T00:00:00.000,QUEENS,AUTO MECHANIC,ACTIVE,347.20,per Day,2080,93452.23,236,16881.75,5300.56
2020,827,DEPARTMENT OF SANITATION,2006-10-16T00:00:00.000,MANHATTAN,AUTO MECHANIC,ACTIVE,347.20,per Day,2080,93555.60,248,17435.60,4720.27
2020,827,DEPARTMENT OF SANITATION,2001-04-16T00:00:00.000,BRONX,SANITATION WORKER,ACTIVE,77318.00,per Annum,2080,76873.76,291,17240.56,21919.07
2020,827,DEPARTMENT OF SANITATION,2005-07-18T00:00:00.000,QUEENS,SANITATION WORKER,ACTIVE,77318.00,per Annum,2080,74837.11,382.5,23527.02,17672.53
2020,827,DEPARTMENT OF SANITATION,2005-11-14T00:00:00.000,MANHATTAN,SANITATION WORKER,ACTIVE,77318.00,per Annum,2080,74614.93,326,21137.96,20290.78
2020,827,DEPARTMENT OF SANITATION,2006-10-16T00:00:00.000,MANHATTAN,SUPERVISOR,ACTIVE,85758.00,per Annum,2080,84817.59,328,22961.77,8339.76
2020,827,DEPARTMENT OF SANITATION,2007-10-09T00:00:00.000,BRONX,SANITATION WORKER,ACTIVE,77318.00,per Annum,2080,77021.88,254.75,14912.14,24777.09
2020,827,DEPARTMENT OF SANITATION,2012-07-30T00:00:00.000,BROOKLYN,SANITATION WORKER,ACTIVE,77318.00,per Annum,2053.72,81652.24,419,26567.13,9199.44
2020,827,DEPARTMENT OF SANITATION,2013-08-19T00:00:00.000,QUEENS,SANITATION WORKER,ACTIVE,77318.00,per Annum,2080,77021.88,365,22902.85,17605.15
2020,827,DEPARTMENT OF SANITATION,2006-11-13T00:00:00.000,QUEENS,SANITATION WORKER,ACTIVE,77318.00,per Annum,2080,76429.40,292.75,17798.09,23799.81
2020,827,DEPARTMENT OF SANITATION,2005-08-15T00:00:00.000,RICHMOND,SANITATION WORKER,ACTIVE,77318.00,per Annum,2080,77021.88,330,20067.67,21782.09
2020,827,DEPARTMENT OF SANITATION,2011-10-11T00:00:00.000,BROOKLYN,SANITATION WORKER,ACTIVE,77318.00,per Annum,2080,76133.16,333,20540.75,22403.99
2020,827,DEPARTMENT OF SANITATION,2011-09-12T00:00:00.000,MANHATTAN,SUPERVISOR,ACTIVE,103854.00,per Annum,2080,89443.13,223,16616.05,13096.06
2020,827,DEPARTMENT OF SANITATION,2005-12-05T00:00:00.000,BROOKLYN,SANITATION WORKER,ACTIVE,77318.00,per Annum,2080,75244.44,337,21539.34,22391.81
2020,827,DEPARTMENT OF SANITATION,2005-08-15T00:00:00.000,BROOKLYN,SANITATION WORKER,ACTIVE,77318.00,per Annum,2080,77021.88,560,36026.42,6293.86
2020,827,DEPARTMENT OF SANITATION,2012-10-22T00:00:00.000,BROOKLYN,SANITATION WORKER,ACTIVE,77318.00,per Annum,2080,77021.88,386,23205.18,19312.01
2020,827,DEPARTMENT OF SANITATION,1989-12-11T00:00:00.000,RICHMOND,SUPERVISOR,CEASED,103854.00,per Annum,1264,62771.49,235,20337.24,36485.26
2020,827,DEPARTMENT OF SANITATION,2012-09-24T00:00:00.000,RICHMOND,SUPERVISOR,ACTIVE,84910.00,per Annum,2080,81561.61,423.25,27249.73,10930.85
2020,827,DEPARTMENT OF SANITATION,2001-05-21T00:00:00.000,QUEENS,SANITATION WORKER,ACTIVE,77318.00,per Annum,2080,77021.88,329,20313.68,22790.40
2020,827,DEPARTMENT OF SANITATION,2012-10-22T00:00:00.000,MANHATTAN,SUPERVISOR,ACTIVE,84069.00,per Annum,2080,82861.22,438,28376.66,9184.06
2020,827,DEPARTMENT OF SANITATION,2000-04-03T00:00:00.000,QUEENS,SANITATION WORKER,ACTIVE,77318.00,per Annum,2080,76725.64,345.5,22340.09,21400.50
2020,827,DEPARTMENT OF SANITATION,1989-04-27T00:00:00.000,MANHATTAN,COMPUTER SPECIALIST,ACTIVE,116889.00,per Annum,1820,115086.24,0,0.00,6003.42
2020,827,DEPARTMENT OF SANITATION,2005-09-12T00:00:00.000,MANHATTAN,SANITATION WORKER,ACTIVE,77318.00,per Annum,2080,76799.70,340,21940.68,22848.14
2020,827,DEPARTMENT OF SANITATION,2013-07-29T00:00:00.000,QUEENS,ELECTRICIAN,ACTIVE,417.97,per Day,1820,108565.73,16.5,1467.29,11809.83
2020,827,DEPARTMENT OF SANITATION,2001-04-16T00:00:00.000,MANHATTAN,SANITATION WORKER,ACTIVE,77318.00,per Annum,2080,77021.88,488,32006.99,12898.61
2020,827,DEPARTMENT OF SANITATION,2005-10-17T00:00:00.000,RICHMOND,SANITATION WORKER,ACTIVE,77318.00,per Annum,2080,77021.88,363,22686.03,22838.31
2020,827,DEPARTMENT OF SANITATION,1999-03-15T00:00:00.000,MANHATTAN,SANITATION WORKER,ACTIVE,77318.00,per Annum,2080,77021.88,436.5,29422.72,16193.65
2020,827,DEPARTMENT OF SANITATION,1981-06-26T00:00:00.000,MANHATTAN,COMPUTER ASSOCIATE,ACTIVE,106369.00,per Annum,1820,108433.33,70,5743.66,8560.36
2020,827,DEPARTMENT OF SANITATION,2005-08-15T00:00:00.000,BRONX,SANITATION WORKER,ACTIVE,77318.00,per Annum,2080,77021.88,397.25,30827.72,15370.55
2020,827,DEPARTMENT OF SANITATION,2004-10-04T00:00:00.000,BROOKLYN,SANITATION WORKER,ACTIVE,77318.00,per Annum,2080,76725.64,312,19661.38,27108.17
2020,827,DEPARTMENT OF SANITATION,2006-08-21T00:00:00.000,MANHATTAN,SANITATION WORKER,ACTIVE,77318.00,per Annum,2080,77021.88,462,30770.48,16575.14
2020,827,DEPARTMENT OF SANITATION,2007-11-07T00:00:00.000,MANHATTAN,SANITATION WORKER,ACTIVE,77318.00,per Annum,2080,77021.88,388.75,25227.99,22249.10
2020,827,DEPARTMENT OF SANITATION,2008-08-11T00:00:00.000,BROOKLYN,SANITATION WORKER,ACTIVE,77318.00,per Annum,2080,76725.64,406,25724.88,22176.30
2020,827,DEPARTMENT OF SANITATION,1993-07-12T00:00:00.000,MANHATTAN,SANITATION WORKER,ACTIVE,77318.00,per Annum,2080,76503.46,357,23589.02,24577.28
2020,827,DEPARTMENT OF SANITATION,2007-11-07T00:00:00.000,BROOKLYN,SUPERVISOR,ACTIVE,85758.00,per Annum,2080,84732.38,410,27222.62,13713.16
2020,827,DEPARTMENT OF SANITATION,2001-10-09T00:00:00.000,QUEENS,SANITATION WORKER,ACTIVE,77318.00,per Annum,2080,77021.88,395,25087.66,23575.03
2020,827,DEPARTMENT OF SANITATION,2000-08-21T00:00:00.000,RICHMOND,SUPERVISOR,ACTIVE,103854.00,per Annum,2080,101702.65,182,14769.94,9415.41
2020,827,DEPARTMENT OF SANITATION,2005-05-09T00:00:00.000,MANHATTAN,SUPERVISOR,ACTIVE,86616.00,per Annum,2080,85397.65,526.75,34376.11,7667.93
2020,827,DEPARTMENT OF SANITATION,2007-10-09T00:00:00.000,MANHATTAN,SANITATION WORKER,ACTIVE,77318.00,per Annum,2080,77021.88,413.5,26307.83,24859.31
2020,827,DEPARTMENT OF SANITATION,2007-10-09T00:00:00.000,MANHATTAN,SANITATION WORKER,ACTIVE,77318.00,per Annum,2080,77021.88,481.92,32524.04,18989.70
2020,827,DEPARTMENT OF SANITATION,2005-05-31T00:00:00.000,QUEENS,SUPERVISOR,ACTIVE,103854.00,per Annum,2080,103292.77,212,16735.08,8643.83
2020,827,DEPARTMENT OF SANITATION,2006-09-18T00:00:00.000,QUEENS,SANITATION WORKER,ACTIVE,77318.00,per Annum,2080,77021.88,377,23030.08,29413.95
2020,827,DEPARTMENT OF SANITATION,2016-07-11T00:00:00.000,QUEENS,STEAM FITTER,ACTIVE,385.00,per Day,1820,100100.00,268,29480.00,0.00
2020,827,DEPARTMENT OF SANITATION,2006-08-21T00:00:00.000,BROOKLYN,SANITATION WORKER,ACTIVE,77318.00,per Annum,2080,77021.88,569.25,36475.62,16590.38
2020,827,DEPARTMENT OF SANITATION,2017-02-27T00:00:00.000,QUEENS,ELECTRICIAN,ACTIVE,417.97,per Day,1820,108565.73,175.25,15696.32,5830.30
2020,827,DEPARTMENT OF SANITATION,2001-08-27T00:00:00.000,MANHATTAN,SANITATION WORKER,ACTIVE,77318.00,per Annum,2080,77021.88,461,29513.72,23851.40
2020,827,DEPARTMENT OF SANITATION,2015-01-05T00:00:00.000,QUEENS,ELECTRICIAN,ACTIVE,417.97,per Day,1820,108565.73,153.25,13718.85,8312.13
2020,827,DEPARTMENT OF SANITATION,2008-04-28T00:00:00.000,MANHATTAN,COMPUTER SYSTEMS MANAGER,ACTIVE,132776.00,per Annum,1820,130758.57,0,0.00,0.00
2020,827,DEPARTMENT OF SANITATION,2000-09-05T00:00:00.000,RICHMOND,SANITATION WORKER,ACTIVE,77318.00,per Annum,2080,76935.84,430,27754.90,26591.78
2020,827,DEPARTMENT OF SANITATION,2004-03-22T00:00:00.000,QUEENS,SANITATION WORKER,ACTIVE,77318.00,per Annum,2080,77021.88,496.5,30963.31,24466.72
2020,827,DEPARTMENT OF SANITATION,2019-04-08T00:00:00.000,QUEENS,ELECTRICIAN,ACTIVE,417.97,per Day,1820,108565.73,219,19560.35,5962.77
2020,827,DEPARTMENT OF SANITATION,2004-03-22T00:00:00.000,QUEENS,SUPERVISOR,ACTIVE,103854.00,per Annum,2080,102895.51,266,21871.88,11172.91
2020,827,DEPARTMENT OF SANITATION,2001-08-27T00:00:00.000,BRONX,SANITATION WORKER,ACTIVE,77318.00,per Annum,2080,77021.88,580.67,35655.04,23435.21
2020,827,DEPARTMENT OF SANITATION,1999-10-04T00:00:00.000,RICHMOND,SANITATION WORKER,ACTIVE,77318.00,per Annum,2080,77021.88,501,30905.24,29022.76
2020,827,DEPARTMENT OF SANITATION,2001-04-16T00:00:00.000,MANHATTAN,SANITATION WORKER,ACTIVE,77318.00,per Annum,2080,77021.88,538.5,35708.24,24362.57
2020,827,DEPARTMENT OF SANITATION,1986-01-27T00:00:00.000,QUEENS,WELDER,CEASED,548.00,per Day,1720,125562.97,136,15228.53,30.48
2020,827,DEPARTMENT OF SANITATION,2012-08-27T00:00:00.000,RICHMOND,SUPERVISOR,ACTIVE,86616.00,per Annum,2080,84740.68,719,46515.53,11517.97
2020,827,DEPARTMENT OF SANITATION,2000-07-10T00:00:00.000,BROOKLYN,SUPERVISOR,ACTIVE,103854.00,per Annum,2080,102895.51,395,32241.71,9776.06
2020,827,DEPARTMENT OF SANITATION,2018-07-30T00:00:00.000,MANHATTAN,COMPUTER SYSTEMS MANAGER,ACTIVE,147445.00,per Annum,1820,145204.39,0,0.00,0.00
2020,827,DEPARTMENT OF SANITATION,1999-12-06T00:00:00.000,QUEENS,SUPERVISOR OF MECHANICS,ACTIVE,121196.00,per Annum,2080,122566.46,218,19914.26,3516.19
2020,827,DEPARTMENT OF SANITATION,2004-11-15T00:00:00.000,BROOKLYN,SANITATION WORKER,ACTIVE,77318.00,per Annum,2080,77021.88,647,41619.31,27367.91
2020,827,DEPARTMENT OF SANITATION,2019-05-13T00:00:00.000,QUEENS,STATIONARY ENGINEER,ACTIVE,508.80,per Day,2080,132864.64,94,9000.35,11329.68
2020,827,DEPARTMENT OF SANITATION,1993-05-10T00:00:00.000,MANHATTAN,SANITATION WORKER,ACTIVE,77318.00,per Annum,2080,77021.88,479.25,31137.64,45185.75
2020,827,DEPARTMENT OF SANITATION,2000-09-05T00:00:00.000,QUEENS,DEPUTY DIRECTOR OF MOTOR EQUIPMENT MAINTENANCE,ACTIVE,152926.00,per Annum,2080,150152.18,30.5,3289.93,3150.27
2020,827,DEPARTMENT OF SANITATION,2013-06-10T00:00:00.000,MANHATTAN,COMPUTER SYSTEMS MANAGER,ACTIVE,159569.00,per Annum,1820,157144.25,0,0.00,0.00
2020,827,DEPARTMENT OF SANITATION,2010-03-15T00:00:00.000,MANHATTAN,WELDER,ACTIVE,548.00,per Day,2137.13,143381.21,128,14348.06,0.00
2020,827,DEPARTMENT OF SANITATION,2004-04-12T00:00:00.000,MANHATTAN,SUPERVISOR,ACTIVE,103854.00,per Annum,2080,102895.51,489.5,40308.52,17438.78
2020,827,DEPARTMENT OF SANITATION,1995-09-11T00:00:00.000,BRONX,SUPERVISOR,ACTIVE,103854.00,per Annum,2080,103292.77,561.98,46151.67,12513.60
2020,827,DEPARTMENT OF SANITATION,2002-10-25T00:00:00.000,MANHATTAN,EXECUTIVE AGENCY COUNSEL,ACTIVE,167952.00,per Annum,1820,165399.92,0,0.00,375.00
2020,827,DEPARTMENT OF SANITATION,2005-07-18T00:00:00.000,RICHMOND,SUPERVISOR,ACTIVE,103854.00,per Annum,2080,103292.77,694.5,54070.16,15814.64
2020,827,DEPARTMENT OF SANITATION,2011-09-26T00:00:00.000,MANHATTAN,COMPUTER SYSTEMS MANAGER,ACTIVE,180480.00,per Annum,1820,177737.63,0,0.00,0.00
2020,827,DEPARTMENT OF SANITATION,2001-09-17T00:00:00.000,MANHATTAN,SUPERVISOR,ACTIVE,103854.00,per Annum,2080,103292.77,879.5,71701.20,16215.35
2020,827,DEPARTMENT OF SANITATION,1989-01-04T00:00:00.000,QUEENS,DIRECTOR OF MOTOR EQUIPMENT MAINTENANCE-NM,ACTIVE,188205.00,per Annum,1820,187187.87,8,824.11,4861.10
2020,827,DEPARTMENT OF SANITATION,2016-05-09T00:00:00.000,MANHATTAN,COMPUTER SYSTEMS MANAGER,ACTIVE,208821.00,per Annum,1820,205648.09,0,0.00,318.00
2020,841,DEPARTMENT OF TRANSPORTATION,2008-09-08T00:00:00.000,QUEENS,ELECTRICIAN,ACTIVE,417.97,per Day,1820,108565.73,550.5,49144.81,23076.44
2020,841,DEPARTMENT OF TRANSPORTATION,2003-08-17T00:00:00.000,QUEENS,ELECTRICIAN,ACTIVE,417.97,per Day,1820,108565.73,527.5,47157.39,24272.77
2020,841,DEPARTMENT OF TRANSPORTATION,1988-08-29T00:00:00.000,RICHMOND,GASOLINE ROLLER ENGINEER-L15,ACTIVE,536.67,per Day,2080,148044.66,187,19760.56,10783.51
2020,841,DEPARTMENT OF TRANSPORTATION,1985-07-08T00:00:00.000,MANHATTAN,ADMINISTRATIVE STAFF ANALYST,ACTIVE,180250.00,per Annum,1820,175631.34,0,0.00,0.00
2020,841,DEPARTMENT OF TRANSPORTATION,1988-05-02T00:00:00.000,MANHATTAN,ADMINISTRATIVE PROJECT MANAGER,ACTIVE,176134.00,per Annum,1820,173457.83,0,0.00,0.00
2020,841,DEPARTMENT OF TRANSPORTATION,1984-01-23T00:00:00.000,QUEENS,ADMINISTRATIVE PROJECT MANAGER,ACTIVE,144473.00,per Annum,1820,142246.94,271,27300.03,1348.39
2020,841,DEPARTMENT OF TRANSPORTATION,1993-05-03T00:00:00.000,QUEENS,SUPERVISOR HIGHWAY REPAIRER,ACTIVE,399.68,per Day,2080,110232.24,198.5,19244.87,40196.72
2020,841,DEPARTMENT OF TRANSPORTATION,1990-02-05T00:00:00.000,QUEENS,SUPERVISOR HIGHWAY REPAIRER,ACTIVE,399.68,per Day,2080,110232.24,207.5,20266.76,39025.64
2020,841,DEPARTMENT OF TRANSPORTATION,2002-04-01T00:00:00.000,BROOKLYN,BOROUGH COMMISSIONER,ACTIVE,168119.00,per Annum,1820,165564.32,0,0.00,0.00
2020,841,DEPARTMENT OF TRANSPORTATION,2007-07-16T00:00:00.000,BROOKLYN,ADMINISTRATIVE SUPERINTENDENT OF HIGHWAY OPERATIONS,ACTIVE,163400.00,per Annum,1820,160917.17,0,0.00,0.00
2020,841,DEPARTMENT OF TRANSPORTATION,2013-07-22T00:00:00.000,RICHMOND,ADMINISTRATIVE PROJECT MANAGER,ACTIVE,159622.00,per Annum,1820,157196.68,0,0.00,0.00
2020,841,DEPARTMENT OF TRANSPORTATION,2001-04-08T00:00:00.000,MANHATTAN,AREA SUPERVISOR,ACTIVE,108496.00,per Annum,2080,109356.20,350,28557.23,18420.43
2020,841,DEPARTMENT OF TRANSPORTATION,2019-02-04T00:00:00.000,MANHATTAN,ADMINISTRATIVE ENGINEER,ACTIVE,158620.00,per Annum,1820,156209.79,0,0.00,0.00
2020,841,DEPARTMENT OF TRANSPORTATION,2016-10-24T00:00:00.000,MANHATTAN,ADMINISTRATIVE STAFF ANALYST,ACTIVE,157154.00,per Annum,1820,154766.28,0,0.00,1000.00
2020,841,DEPARTMENT OF TRANSPORTATION,2016-02-01T00:00:00.000,MANHATTAN,STRATEGIC INITIATIVE SPECIALIST,ACTIVE,170197.00,per Annum,1820,155408.99,0,0.00,99.00
2020,841,DEPARTMENT OF TRANSPORTATION,1998-04-26T00:00:00.000,RICHMOND,AREA SUPERVISOR,ACTIVE,108532.00,per Annum,2080,106857.82,303,24285.35,23010.56
2020,841,DEPARTMENT OF TRANSPORTATION,2018-06-25T00:00:00.000,MANHATTAN,ELECTRICIAN,ACTIVE,417.97,per Day,1820,108565.73,411.5,36775.39,4376.04
2020,841,DEPARTMENT OF TRANSPORTATION,1988-02-08T00:00:00.000,MANHATTAN,ADMINISTRATIVE ENGINEER,ACTIVE,134277.00,per Annum,1820,132215.37,175.75,13088.72,2315.13
2020,841,DEPARTMENT OF TRANSPORTATION,2012-12-17T00:00:00.000,MANHATTAN,COMPUTER SPECIALIST,ACTIVE,136888.00,per Annum,1820,133013.78,122.75,9397.95,557.47
2020,841,DEPARTMENT OF TRANSPORTATION,1998-03-15T00:00:00.000,QUEENS,SUPERVISOR HIGHWAY REPAIRER,ACTIVE,399.68,per Day,2080,110181.62,248.5,20063.24,12675.39
2020,841,DEPARTMENT OF TRANSPORTATION,1992-06-18T00:00:00.000,QUEENS,SUPERVISOR OF MECHANICS,ACTIVE,121196.00,per Annum,2080,120540.92,222,19573.92,2679.01
2020,841,DEPARTMENT OF TRANSPORTATION,2010-03-15T00:00:00.000,QUEENS,ADMINISTRATIVE CITY PLANNER,ACTIVE,143948.00,per Annum,1820,141737.78,0,0.00,0.00
2020,841,DEPARTMENT OF TRANSPORTATION,2005-03-13T00:00:00.000,QUEENS,SUPERVISOR HIGHWAY REPAIRER,ACTIVE,399.68,per Day,2080,110232.24,329.75,26428.08,4801.93
2020,841,DEPARTMENT OF TRANSPORTATION,1990-04-30T00:00:00.000,MANHATTAN,ADM MANAGER-NON-MGRL,ACTIVE,130026.00,per Annum,1820,132695.67,0,465.38,7854.05
2020,841,DEPARTMENT OF TRANSPORTATION,2017-10-16T00:00:00.000,MANHATTAN,ELECTRICIAN,ACTIVE,417.97,per Day,1820,108565.73,303,26929.32,4677.31
2020,841,DEPARTMENT OF TRANSPORTATION,2018-06-18T00:00:00.000,BRONX,GASOLINE ROLLER ENGINEER-L15,ACTIVE,67.08,per Hour,1495,104234.69,166.5,17286.22,18581.96
2020,841,DEPARTMENT OF TRANSPORTATION,1997-02-18T00:00:00.000,QUEENS,ADMINISTRATIVE TRANSPORTATION COORDINATOR,ACTIVE,137922.00,per Annum,1820,135826.29,0,0.00,0.00
2020,841,DEPARTMENT OF TRANSPORTATION,1987-09-14T00:00:00.000,QUEENS,SUPERVISOR OF ELECTRICAL INSTALLATIONS & MAINTENANCE,ACTIVE,97346.00,per Annum,1820,95851.48,379,26909.39,10111.50
2020,841,DEPARTMENT OF TRANSPORTATION,2007-11-19T00:00:00.000,QUEENS,PLUMBER,ACTIVE,369.53,per Day,1820,96077.80,333.5,35210.93,1478.12
2020,841,DEPARTMENT OF TRANSPORTATION,1985-07-01T00:00:00.000,MANHATTAN,ADMINISTRATIVE SUPERINTENDENT OF BRIDGE OPERATIONS,CEASED,130931.00,per Annum,959,67338.19,0,0.00,63993.26
2020,841,DEPARTMENT OF TRANSPORTATION,2006-07-03T00:00:00.000,MANHATTAN,ADMINISTRATIVE PROJECT MANAGER,ACTIVE,131794.00,per Annum,1820,129770.30,0,0.00,0.00
2020,841,DEPARTMENT OF TRANSPORTATION,2007-04-09T00:00:00.000,QUEENS,SUPERVISOR HIGHWAY REPAIRER,CEASED,399.68,per Day,1712,88349.92,411.5,33049.93,5732.76
2020,841,DEPARTMENT OF TRANSPORTATION,2011-05-02T00:00:00.000,QUEENS,HIGHWAY REPAIRER,ACTIVE,380.64,per Day,2080,98655.03,186.25,14114.05,13563.29
2020,841,DEPARTMENT OF TRANSPORTATION,2007-03-12T00:00:00.000,BROOKLYN,HIGHWAY REPAIRER,ACTIVE,380.64,per Day,2080,97513.11,142.75,10568.07,14981.35
2020,841,DEPARTMENT OF TRANSPORTATION,1990-10-01T00:00:00.000,QUEENS,ADMINISTRATIVE TRANSPORTATION COORDINATOR,ACTIVE,123625.00,per Annum,1820,121746.54,0,0.00,0.00
2020,841,DEPARTMENT OF TRANSPORTATION,1988-08-08T00:00:00.000,BROOKLYN,ADMINISTRATIVE SUPERINTENDENT OF HIGHWAY OPERATIONS,ACTIVE,123600.00,per Annum,1820,121721.93,0,0.00,0.00
2020,841,DEPARTMENT OF TRANSPORTATION,2008-10-06T00:00:00.000,MANHATTAN,ADMINISTRATIVE ENGINEER,ACTIVE,114871.00,per Annum,1820,110755.31,100.5,7396.16,755.04
2020,841,DEPARTMENT OF TRANSPORTATION,1992-12-07T00:00:00.000,QUEENS,HIGHWAY REPAIRER,ACTIVE,380.64,per Day,2080,98655.03,257.25,18253.72,1855.56
2020,841,DEPARTMENT OF TRANSPORTATION,2014-06-30T00:00:00.000,MANHATTAN,ADMINISTRATIVE ENGINEER,ACTIVE,113736.00,per Annum,1820,109660.83,146.75,8762.51,16.50
2020,841,DEPARTMENT OF TRANSPORTATION,2012-04-02T00:00:00.000,RICHMOND,BOILER MAKER,ACTIVE,385.92,per Day,2080,98747.28,271.25,19627.65,0.00
2020,841,DEPARTMENT OF TRANSPORTATION,1997-05-04T00:00:00.000,BROOKLYN,HIGHWAY REPAIRER,ACTIVE,380.64,per Day,2080,98655.03,247.5,17867.31,1777.15
2020,841,DEPARTMENT OF TRANSPORTATION,2005-03-13T00:00:00.000,QUEENS,HIGHWAY REPAIRER,ACTIVE,380.64,per Day,2080,98655.03,221.5,15879.51,2294.57
2020,841,DEPARTMENT OF TRANSPORTATION,2007-03-12T00:00:00.000,QUEENS,HIGHWAY REPAIRER,ACTIVE,380.64,per Day,2080,98655.03,139,10322.26,6135.86
2020,841,DEPARTMENT OF TRANSPORTATION,2014-09-15T00:00:00.000,MANHATTAN,ADMINISTRATIVE STAFF ANALYST,ACTIVE,114000.00,per Annum,1820,113383.98,0,0.00,74.25
2020,841,DEPARTMENT OF TRANSPORTATION,2008-10-20T00:00:00.000,QUEENS,AUTO MECHANIC,ACTIVE,347.20,per Day,2080,93555.60,252.5,17270.99,1993.46
2020,841,DEPARTMENT OF TRANSPORTATION,2005-07-10T00:00:00.000,RICHMOND,ASSISTANT CAPTAIN,ACTIVE,63014.00,per Annum,1664,62673.40,825.5,45741.46,3610.43
2020,841,DEPARTMENT OF TRANSPORTATION,2005-03-20T00:00:00.000,BROOKLYN,ELECTRICIAN,ACTIVE,347.20,per Day,2080,93555.60,230,15836.50,1973.25
2020,841,DEPARTMENT OF TRANSPORTATION,2008-03-03T00:00:00.000,RICHMOND,MATE,ACTIVE,57875.00,per Annum,1664,57562.26,962,48946.56,4667.12
2020,841,DEPARTMENT OF TRANSPORTATION,2013-07-08T00:00:00.000,RICHMOND,FERRY TERMINAL SUPERVISOR,ACTIVE,80024.00,per Annum,1704,62095.90,708,38578.68,10348.85
2020,841,DEPARTMENT OF TRANSPORTATION,1992-05-06T00:00:00.000,MANHATTAN,COMPUTER SPECIALIST,ACTIVE,103960.00,per Annum,1820,102355.93,37.75,2307.32,6177.38
2020,841,DEPARTMENT OF TRANSPORTATION,2008-03-17T00:00:00.000,QUEENS,HIGHWAY REPAIRER,ACTIVE,380.64,per Day,2080,98655.03,138.5,9946.71,1044.62
2020,841,DEPARTMENT OF TRANSPORTATION,1997-02-13T00:00:00.000,RICHMOND,DECKHAND,ACTIVE,59253.00,per Annum,1664,60109.60,803.5,42736.19,6505.76
2020,841,DEPARTMENT OF TRANSPORTATION,2016-08-15T00:00:00.000,QUEENS,AUTO MECHANIC,ACTIVE,347.20,per Day,2080,93555.60,200,13797.65,1945.18
2020,841,DEPARTMENT OF TRANSPORTATION,2005-03-13T00:00:00.000,RICHMOND,HIGHWAY REPAIRER,ACTIVE,380.64,per Day,2080,98655.03,120,8581.57,1611.88
2020,841,DEPARTMENT OF TRANSPORTATION,2009-11-09T00:00:00.000,MANHATTAN,ADMINISTRATIVE ENGINEER,ACTIVE,108943.00,per Annum,1820,107270.39,22,1319.96,46.67
2020,841,DEPARTMENT OF TRANSPORTATION,2013-01-13T00:00:00.000,MANHATTAN,ADMINISTRATIVE STAFF ANALYST,ACTIVE,108555.00,per Annum,1820,107968.38,0,0.00,0.00
2020,841,DEPARTMENT OF TRANSPORTATION,1988-10-03T00:00:00.000,RICHMOND,DECKHAND,ACTIVE,59253.00,per Annum,1664,58332.62,771,40784.01,7754.45
2020,841,DEPARTMENT OF TRANSPORTATION,2012-07-23T00:00:00.000,RICHMOND,DECKHAND,ACTIVE,59253.00,per Annum,1664,60109.04,809.5,42717.13,3603.48
2020,841,DEPARTMENT OF TRANSPORTATION,1990-10-22T00:00:00.000,MANHATTAN,ASSOCIATE STAFF ANALYST,ACTIVE,94665.00,per Annum,1820,94153.49,115,6357.71,5460.80
2020,841,DEPARTMENT OF TRANSPORTATION,1994-12-12T00:00:00.000,RICHMOND,MARINE OILER,ACTIVE,61555.00,per Annum,1664,62445.35,669.5,37167.72,5359.62
2020,841,DEPARTMENT OF TRANSPORTATION,2003-01-26T00:00:00.000,RICHMOND,MATE,ACTIVE,57875.00,per Annum,1664,57562.26,817.5,41594.40,4603.16
2020,841,DEPARTMENT OF TRANSPORTATION,2000-09-24T00:00:00.000,BROOKLYN,ASSOCIATE INSPECTOR,ACTIVE,70036.00,per Annum,2080,74594.35,406.25,22957.54,5161.63
2020,841,DEPARTMENT OF TRANSPORTATION,2017-04-03T00:00:00.000,MANHATTAN,CERTIFIED IT DEVELOPER,ACTIVE,107994.00,per Annum,1820,102677.72,0,0.00,8.25
2020,841,DEPARTMENT OF TRANSPORTATION,2015-04-06T00:00:00.000,BROOKLYN,CONSTRUCTION PROJECT MANAGER,ACTIVE,92497.00,per Annum,1820,91076.92,75,4074.31,6081.05
2020,841,DEPARTMENT OF TRANSPORTATION,1981-09-08T00:00:00.000,QUEENS,SUPERVISOR OF TRAFFIC DEVICE MAINTAINERS,ACTIVE,76162.00,per Annum,1820,76197.82,340,18457.66,5959.86
2020,841,DEPARTMENT OF TRANSPORTATION,2008-05-19T00:00:00.000,RICHMOND,DECKHAND,ACTIVE,59253.00,per Annum,1664,60109.60,697.5,37345.82,3125.26
2020,841,DEPARTMENT OF TRANSPORTATION,2009-01-20T00:00:00.000,RICHMOND,ADMINISTRATIVE PROCUREMENT ANALYST-NON-MGRL,ACTIVE,97083.00,per Annum,1820,98559.96,0,0.00,521.51
2020,841,DEPARTMENT OF TRANSPORTATION,1988-03-14T00:00:00.000,QUEENS,ASSOCIATE PROJECT MANAGER,ACTIVE,86044.00,per Annum,1820,84722.92,52.75,2878.69,9655.33
2020,841,DEPARTMENT OF TRANSPORTATION,2014-08-18T00:00:00.000,MANHATTAN,ADMINISTRATIVE CITY PLANNER,ACTIVE,96336.00,per Annum,1820,94856.78,0,0.00,66.50
2020,841,DEPARTMENT OF TRANSPORTATION,2009-06-15T00:00:00.000,MANHATTAN,COMMUNITY COORDINATOR,ACTIVE,83971.00,per Annum,1820,82681.71,183.5,10632.50,975.22
2020,841,DEPARTMENT OF TRANSPORTATION,2016-02-29T00:00:00.000,MANHATTAN,TRANSPORTATION SPECIALIST,ACTIVE,84155.00,per Annum,1820,77201.27,300.25,14939.91,1094.14
2020,841,DEPARTMENT OF TRANSPORTATION,1989-08-09T00:00:00.000,QUEENS,TRANSPORTATION SPECIALIST,ACTIVE,85921.00,per Annum,1820,80465.99,119.5,5577.73,6895.51
2020,841,DEPARTMENT OF TRANSPORTATION,2001-04-08T00:00:00.000,BROOKLYN,HIGHWAY REPAIRER,ACTIVE,380.64,per Day,2076.57,91525.82,2.5,179.76,984.10
2020,841,DEPARTMENT OF TRANSPORTATION,1993-10-25T00:00:00.000,QUEENS,SUPERVISOR OF TRAFFIC DEVICE MAINTAINERS LEVEL 1 ONLY,ACTIVE,69773.00,per Annum,2080,71407.48,247,13598.93,7152.29
2020,841,DEPARTMENT OF TRANSPORTATION,1998-02-09T00:00:00.000,QUEENS,ADM MANAGER-NON-MGRL,ACTIVE,74049.00,per Annum,1820,78101.57,115,6231.47,7479.37
2020,841,DEPARTMENT OF TRANSPORTATION,2013-02-24T00:00:00.000,MANHATTAN,ADMINISTRATIVE PROCUREMENT ANALYST-NON-MGRL,ACTIVE,91780.00,per Annum,1820,91283.96,0,0.00,0.00
2020,841,DEPARTMENT OF TRANSPORTATION,2007-09-10T00:00:00.000,QUEENS,SUPERVISOR OF TRAFFIC DEVICE MAINTAINERS,ACTIVE,73746.00,per Annum,1820,73347.55,271.5,13563.18,4058.44
2020,841,DEPARTMENT OF TRANSPORTATION,2018-02-26T00:00:00.000,MANHATTAN,ADMINISTRATIVE STAFF ANALYST,ACTIVE,100000.00,per Annum,1820,89900.33,0,0.00,974.74
2020,841,DEPARTMENT OF TRANSPORTATION,1989-05-22T00:00:00.000,RICHMOND,HIGHWAY REPAIRER,CEASED,380.64,per Day,1608,76196.51,188.5,13403.75,813.23
2020,841,DEPARTMENT OF TRANSPORTATION,2015-02-09T00:00:00.000,RICHMOND,MATE,ACTIVE,57875.00,per Annum,1664,57562.26,564,28696.32,3090.04
2020,841,DEPARTMENT OF TRANSPORTATION,2018-08-06T00:00:00.000,MANHATTAN,ASSISTANT CIVIL ENGINEER,ACTIVE,85442.00,per Annum,1820,84129.99,78.5,3799.09,567.28
2020,841,DEPARTMENT OF TRANSPORTATION,1996-12-08T00:00:00.000,QUEENS,TRAFFIC DEVICE MAINTAINER,ACTIVE,67044.00,per Annum,2080,65504.01,313.5,15702.03,6819.21
2020,841,DEPARTMENT OF TRANSPORTATION,2017-05-15T00:00:00.000,MANHATTAN,CONSTRUCTION PROJECT MANAGER,ACTIVE,85646.00,per Annum,1820,84330.92,0,0.00,3305.81
2020,841,DEPARTMENT OF TRANSPORTATION,1990-08-06T00:00:00.000,QUEENS,HIGHWAY REPAIRER,ACTIVE,380.64,per Day,1832,86855.09,0,0.00,583.72
2020,841,DEPARTMENT OF TRANSPORTATION,2016-01-11T00:00:00.000,QUEENS,PRINCIPAL ADMINISTRATIVE ASSOCIATE -  NON SUPVR,ACTIVE,84081.00,per Annum,1820,79823.33,28,1256.40,4933.89
2020,841,DEPARTMENT OF TRANSPORTATION,2000-02-13T00:00:00.000,QUEENS,SUPERVISOR OF ELECTRICAL INSTALLATIONS & MAINTENANCE,ACTIVE,78304.00,per Annum,1820,77101.53,19,1004.11,7742.99
2020,841,DEPARTMENT OF TRANSPORTATION,1997-09-15T00:00:00.000,MANHATTAN,ADMINISTRATIVE ENGINEER,CEASED,111076.00,per Annum,1260,71131.40,131.5,9077.55,5306.69
2020,841,DEPARTMENT OF TRANSPORTATION,1994-10-17T00:00:00.000,QUEENS,CLIMBER & PRUNER,ACTIVE,69586.00,per Annum,2080,68509.64,233,12228.35,4613.40
2020,841,DEPARTMENT OF TRANSPORTATION,2005-04-17T00:00:00.000,RICHMOND,DECKHAND,ACTIVE,59253.00,per Annum,1664,57840.00,409,21441.42,5045.80
2020,841,DEPARTMENT OF TRANSPORTATION,2010-09-20T00:00:00.000,QUEENS,HIGHWAY REPAIRER,ACTIVE,380.64,per Day,2080,65778.85,171.5,9608.70,7876.42
2020,841,DEPARTMENT OF TRANSPORTATION,2011-07-25T00:00:00.000,MANHATTAN,ASSOCIATE INSPECTOR,ACTIVE,70015.00,per Annum,2080,73105.38,150.5,8428.36,1571.44
2020,841,DEPARTMENT OF TRANSPORTATION,2016-10-03T00:00:00.000,MANHATTAN,ASSISTANT CIVIL ENGINEER,ACTIVE,81394.00,per Annum,1820,80144.18,0,3.48,2709.04
2020,841,DEPARTMENT OF TRANSPORTATION,2018-03-12T00:00:00.000,MANHATTAN,AGENCY ATTORNEY,ACTIVE,105373.00,per Annum,1460,79546.01,0,0.00,2674.22
2020,841,DEPARTMENT OF TRANSPORTATION,2002-07-07T00:00:00.000,MANHATTAN,ASSISTANT CIVIL ENGINEER,ACTIVE,79928.00,per Annum,1820,75691.87,13.25,537.55,5979.08
2020,841,DEPARTMENT OF TRANSPORTATION,2013-02-25T00:00:00.000,RICHMOND,DECKHAND,ACTIVE,59253.00,per Annum,1664,60109.60,285,15238.76,6650.77
2020,841,DEPARTMENT OF TRANSPORTATION,2017-12-04T00:00:00.000,QUEENS,TRAFFIC CONTROL INSPECTOR,ACTIVE,61937.00,per Annum,1820,59742.58,452.5,21685.79,536.77
2020,841,DEPARTMENT OF TRANSPORTATION,1990-07-02T00:00:00.000,BRONX,TRAFFIC DEVICE MAINTAINER,ACTIVE,67044.00,per Annum,2080,65765.44,125.5,6429.24,9332.73
2020,841,DEPARTMENT OF TRANSPORTATION,2012-09-24T00:00:00.000,BROOKLYN,TRAFFIC DEVICE MAINTAINER,ACTIVE,67044.00,per Annum,2080,65743.80,210,10076.95,5686.00
2020,841,DEPARTMENT OF TRANSPORTATION,2012-03-19T00:00:00.000,BROOKLYN,HIGHWAY REPAIRER,ACTIVE,380.64,per Day,2080,65778.85,287,13521.09,1574.54
2020,841,DEPARTMENT OF TRANSPORTATION,1991-07-08T00:00:00.000,QUEENS,TRANSPORTATION SPECIALIST,ACTIVE,65640.00,per Annum,1820,64632.11,196,10840.01,5363.59
2020,841,DEPARTMENT OF TRANSPORTATION,2005-09-11T00:00:00.000,RICHMOND,DECKHAND,ACTIVE,59253.00,per Annum,1664,60109.60,280.5,15099.35,5508.43
2020,841,DEPARTMENT OF TRANSPORTATION,2017-08-07T00:00:00.000,MANHATTAN,ASSISTANT CIVIL ENGINEER,ACTIVE,76753.00,per Annum,1820,72958.25,0,0.00,6812.95
2020,841,DEPARTMENT OF TRANSPORTATION,2014-10-20T00:00:00.000,QUEENS,PRINCIPAL ADMINISTRATIVE ASSOCIATE -  NON SUPVR,ACTIVE,70901.00,per Annum,1820,72334.56,114.25,6963.01,462.04
2020,841,DEPARTMENT OF TRANSPORTATION,2008-06-30T00:00:00.000,QUEENS,TRAFFIC DEVICE MAINTAINER,ACTIVE,67044.00,per Annum,2080,65743.80,196.5,9764.82,3669.02
2020,841,DEPARTMENT OF TRANSPORTATION,2002-08-11T00:00:00.000,MANHATTAN,ASSISTANT CIVIL ENGINEER,ACTIVE,70352.00,per Annum,1820,69271.83,0,0.00,9642.06
2020,841,DEPARTMENT OF TRANSPORTATION,2005-07-10T00:00:00.000,MANHATTAN,ASSISTANT ELECTRICAL ENGINEER,ACTIVE,75814.00,per Annum,1820,74650.04,0,0.00,4039.21
2020,841,DEPARTMENT OF TRANSPORTATION,2008-01-28T00:00:00.000,MANHATTAN,ASSOCIATE INSPECTOR,ACTIVE,70015.00,per Annum,2080,74654.44,12,910.42,2497.18
2020,841,DEPARTMENT OF TRANSPORTATION,2005-06-12T00:00:00.000,BRONX,HIGHWAYS AND SEWERS INSPECTOR,ACTIVE,66406.00,per Annum,2080,70807.33,85.5,4763.49,2424.63
2020,841,DEPARTMENT OF TRANSPORTATION,2016-11-28T00:00:00.000,MANHATTAN,STAFF ANALYST,ACTIVE,74479.00,per Annum,1820,74076.39,1,42.79,3676.10
2020,841,DEPARTMENT OF TRANSPORTATION,2009-01-05T00:00:00.000,QUEENS,ASSISTANT CIVIL ENGINEER,ACTIVE,70892.00,per Annum,1820,69803.57,70.5,3825.73,3927.39
2020,841,DEPARTMENT OF TRANSPORTATION,1997-10-29T00:00:00.000,QUEENS,TRANSPORTATION SPECIALIST,ACTIVE,65640.00,per Annum,1820,64632.11,90.25,4208.70,8546.56
2020,841,DEPARTMENT OF TRANSPORTATION,1990-10-01T00:00:00.000,MANHATTAN,ADM MANAGER-NON-MGRL,ACTIVE,74455.00,per Annum,1820,75883.85,0,10.67,1130.02
2020,841,DEPARTMENT OF TRANSPORTATION,2014-10-27T00:00:00.000,MANHATTAN,ADM MANAGER-NON-MGRL,ACTIVE,74904.00,per Annum,1820,71649.08,88,4414.92,672.54
2020,841,DEPARTMENT OF TRANSPORTATION,2018-04-23T00:00:00.000,QUEENS,ASSISTANT CIVIL ENGINEER,ACTIVE,79620.00,per Annum,1820,76535.39,0,0.00,147.50
2020,841,DEPARTMENT OF TRANSPORTATION,2018-08-06T00:00:00.000,RICHMOND,DECKHAND,ACTIVE,51524.00,per Annum,1640,51000.89,386,19669.86,5521.74
2020,841,DEPARTMENT OF TRANSPORTATION,2016-09-11T00:00:00.000,QUEENS,SUPERVISOR OF ELECTRICAL INSTALLATIONS & MAINTENANCE,ACTIVE,65640.00,per Annum,1820,60686.59,314.75,14408.96,1011.13
2020,841,DEPARTMENT OF TRANSPORTATION,2008-09-07T00:00:00.000,MANHATTAN,HIGHWAYS AND SEWERS INSPECTOR,ACTIVE,63244.00,per Annum,2080,67434.92,123,5821.60,2798.98
2020,841,DEPARTMENT OF TRANSPORTATION,2001-11-13T00:00:00.000,MANHATTAN,HIGHWAYS AND SEWERS INSPECTOR,ACTIVE,66428.00,per Annum,2080,70834.44,0,438.93,4175.44
2020,841,DEPARTMENT OF TRANSPORTATION,2013-12-23T00:00:00.000,MANHATTAN,ASSOCIATE STAFF ANALYST,ACTIVE,75591.00,per Annum,1820,75182.49,0,0.00,55.17
2020,841,DEPARTMENT OF TRANSPORTATION,2012-03-19T00:00:00.000,RICHMOND,HIGHWAY REPAIRER,ACTIVE,380.64,per Day,2080,65778.85,119,7295.39,1948.64
2020,841,DEPARTMENT OF TRANSPORTATION,2008-05-19T00:00:00.000,RICHMOND,MATE,ACTIVE,57875.00,per Annum,1664,57562.26,308.5,15696.48,1359.59
2020,841,DEPARTMENT OF TRANSPORTATION,2012-03-19T00:00:00.000,BROOKLYN,HIGHWAY REPAIRER,ACTIVE,380.64,per Day,2080,65778.85,122,6877.51,1703.78
2020,841,DEPARTMENT OF TRANSPORTATION,2017-11-06T00:00:00.000,QUEENS,ASSISTANT CIVIL ENGINEER,ACTIVE,65640.00,per Annum,1820,64632.11,178,8547.51,639.81
2020,841,DEPARTMENT OF TRANSPORTATION,2012-06-10T00:00:00.000,MANHATTAN,CITY PLANNER,ACTIVE,72571.00,per Annum,1820,71456.68,5,198.33,2036.09
2020,841,DEPARTMENT OF TRANSPORTATION,2005-09-06T00:00:00.000,QUEENS,TRAFFIC DEVICE MAINTAINER,ACTIVE,67044.00,per Annum,2080,65743.80,52.5,2590.92,4975.85
2020,841,DEPARTMENT OF TRANSPORTATION,2008-06-16T00:00:00.000,MANHATTAN,TRANSPORTATION SPECIALIST,ACTIVE,68921.00,per Annum,1820,67862.89,9,432.52,5007.77
2020,841,DEPARTMENT OF TRANSPORTATION,1997-02-18T00:00:00.000,QUEENS,TRAFFIC DEVICE MAINTAINER,ACTIVE,67044.00,per Annum,2080,65752.27,18,890.90,6448.03
2020,841,DEPARTMENT OF TRANSPORTATION,1995-03-17T00:00:00.000,RICHMOND,DECKHAND,CEASED,59253.00,per Annum,1560,55760.73,201,10954.65,5220.19
2020,841,DEPARTMENT OF TRANSPORTATION,2012-03-19T00:00:00.000,BROOKLYN,HIGHWAY REPAIRER,ACTIVE,380.64,per Day,2080,65778.85,55.5,3996.75,2050.30
2020,841,DEPARTMENT OF TRANSPORTATION,2017-03-27T00:00:00.000,QUEENS,TRANSPORTATION SPECIALIST,ACTIVE,65640.00,per Annum,1820,59435.92,279.5,11336.87,662.75
2020,841,DEPARTMENT OF TRANSPORTATION,2018-03-26T00:00:00.000,MANHATTAN,COMMUNITY COORDINATOR,ACTIVE,71616.00,per Annum,1820,70516.42,0,0.00,272.25
2020,841,DEPARTMENT OF TRANSPORTATION,2016-05-16T00:00:00.000,BROOKLYN,COMMUNITY COORDINATOR,ON LEAVE,83981.00,per Annum,1540,69842.10,16.5,756.11,31.44
2020,841,DEPARTMENT OF TRANSPORTATION,2008-08-25T00:00:00.000,MANHATTAN,BRIDGE OPERATOR,ACTIVE,54224.00,per Annum,2080,53588.02,172.75,7218.63,9568.06
2020,841,DEPARTMENT OF TRANSPORTATION,2017-08-07T00:00:00.000,MANHATTAN,ASSISTANT CIVIL ENGINEER,ACTIVE,68922.00,per Annum,1820,65699.20,106,4123.47,476.32
2020,841,DEPARTMENT OF TRANSPORTATION,2018-04-09T00:00:00.000,MANHATTAN,ASSISTANT CIVIL ENGINEER,ACTIVE,72100.00,per Annum,1820,69349.32,0,0.10,259.04
2020,841,DEPARTMENT OF TRANSPORTATION,2019-02-25T00:00:00.000,MANHATTAN,COMMUNITY COORDINATOR,ACTIVE,66950.00,per Annum,1820,65922.09,83.25,3391.37,16.50
2020,841,DEPARTMENT OF TRANSPORTATION,1989-02-06T00:00:00.000,MANHATTAN,BRIDGE OPERATOR,ACTIVE,47594.00,per Annum,2080,47047.99,318.75,12351.07,9927.25
2020,841,DEPARTMENT OF TRANSPORTATION,2019-08-26T00:00:00.000,MANHATTAN,ADMINISTRATIVE CITY PLANNER,ACTIVE,83981.00,per Annum,1505,68652.04,0,0.00,670.95
2020,841,DEPARTMENT OF TRANSPORTATION,2008-12-22T00:00:00.000,QUEENS,SENIOR SERVICE INSPECTOR,ACTIVE,53525.00,per Annum,1820,56407.50,175.5,7037.12,4922.45
2020,841,DEPARTMENT OF TRANSPORTATION,2015-10-19T00:00:00.000,BROOKLYN,COMMUNITY COORDINATOR,ACTIVE,74767.00,per Annum,1820,67443.89,0,0.00,133.50
2020,841,DEPARTMENT OF TRANSPORTATION,2008-12-29T00:00:00.000,MANHATTAN,COMMUNITY COORDINATOR,ACTIVE,65948.00,per Annum,1820,62473.54,66.5,2614.39,647.58
2020,841,DEPARTMENT OF TRANSPORTATION,2016-05-23T00:00:00.000,MANHATTAN,ACCOUNTANT,ACTIVE,64415.00,per Annum,1820,63426.00,0,0.00,2294.34
2020,841,DEPARTMENT OF TRANSPORTATION,1995-08-09T00:00:00.000,MANHATTAN,CITY TAX AUDITOR,ACTIVE,55724.00,per Annum,1820,54868.47,0,0.00,9075.57
2020,841,DEPARTMENT OF TRANSPORTATION,2013-06-03T00:00:00.000,MANHATTAN,ASSISTANT TRANSPORTATION SPECIALIST,ACTIVE,63489.00,per Annum,1820,62514.22,0,0.00,1331.46
2020,841,DEPARTMENT OF TRANSPORTATION,2015-11-23T00:00:00.000,MANHATTAN,STAFF ANALYST,ACTIVE,66875.00,per Annum,1820,63131.45,0,0.00,90.75
2020,841,DEPARTMENT OF TRANSPORTATION,1982-06-23T00:00:00.000,QUEENS,TRAFFIC DEVICE MAINTAINER,ACTIVE,67044.00,per Annum,1856,58584.61,0,0.00,4366.36
2020,841,DEPARTMENT OF TRANSPORTATION,2007-04-02T00:00:00.000,MANHATTAN,PRINCIPAL ADMINISTRATIVE ASSOCIATE -  NON SUPVR,ACTIVE,35.07,per Hour,1743,58637.97,0,0.00,3392.67
2020,841,DEPARTMENT OF TRANSPORTATION,1997-11-16T00:00:00.000,QUEENS,CITY PARKING EQUIPMENT SERVICE WORKER,ACTIVE,46580.00,per Annum,2080,45856.86,266.5,9857.42,5975.40
2020,841,DEPARTMENT OF TRANSPORTATION,2015-06-29T00:00:00.000,MANHATTAN,ASSISTANT CITY HIGHWAY REPAIRER,ACTIVE,54589.00,per Annum,1500.62,38680.46,310.47,12015.21,10672.54
2020,841,DEPARTMENT OF TRANSPORTATION,2003-03-23T00:00:00.000,BROOKLYN,PRINCIPAL ADMINISTRATIVE ASSOCIATE -  NON SUPVR,ACTIVE,52943.00,per Annum,1820,52440.38,0,0.00,8646.11
2020,841,DEPARTMENT OF TRANSPORTATION,1986-06-02T00:00:00.000,MANHATTAN,TRAFFIC CONTROL INSPECTOR,ON SEPARATION LEAVE,54824.00,per Annum,1820,53974.31,1,32.08,5466.76
2020,841,DEPARTMENT OF TRANSPORTATION,2008-10-26T00:00:00.000,MANHATTAN,STAFF ANALYST,ACTIVE,57590.00,per Annum,1820,57278.85,0,0.00,1838.05
2020,841,DEPARTMENT OF TRANSPORTATION,1987-10-26T00:00:00.000,BRONX,HIGHWAYS AND SEWERS INSPECTOR,ACTIVE,66588.00,per Annum,1480,51950.08,60,4246.17,2593.39
2020,841,DEPARTMENT OF TRANSPORTATION,2016-05-02T00:00:00.000,BRONX,ASSISTANT CITY HIGHWAY REPAIRER,ACTIVE,26.15,per Hour,1504,38770.24,345.25,13418.37,6383.35
2020,841,DEPARTMENT OF TRANSPORTATION,2010-01-04T00:00:00.000,QUEENS,PRINCIPAL ADMINISTRATIVE ASSOCIATE -  NON SUPVR,ACTIVE,55590.00,per Annum,1820,56641.91,18.5,581.95,760.89
2020,841,DEPARTMENT OF TRANSPORTATION,2016-08-15T00:00:00.000,MANHATTAN,APPRENTICE INSPECTOR,ACTIVE,46848.00,per Annum,2080,48799.91,225.5,7797.43,500.00
2020,841,DEPARTMENT OF TRANSPORTATION,2019-02-25T00:00:00.000,QUEENS,ASSISTANT TRANSPORTATION SPECIALIST,ACTIVE,56727.00,per Annum,1820,55856.16,22.5,1022.89,41.25
2020,841,DEPARTMENT OF TRANSPORTATION,2015-11-23T00:00:00.000,MANHATTAN,APPRENTICE INSPECTOR,ACTIVE,50380.00,per Annum,2080,51656.73,113,4382.20,531.93
2020,841,DEPARTMENT OF TRANSPORTATION,2009-03-09T00:00:00.000,MANHATTAN,BRIDGE OPERATOR,ACTIVE,47407.00,per Annum,2080,42998.98,72.5,2594.77,9866.88
2020,841,DEPARTMENT OF TRANSPORTATION,2016-03-14T00:00:00.000,BRONX,ASSISTANT CITY HIGHWAY REPAIRER,ACTIVE,26.15,per Hour,1504,38770.25,206,8059.63,8239.00
2020,841,DEPARTMENT OF TRANSPORTATION,2004-12-14T00:00:00.000,QUEENS,CITY PARKING EQUIPMENT SERVICE WORKER,ACTIVE,44758.00,per Annum,2080,44070.56,185,6360.65,4495.41
2020,841,DEPARTMENT OF TRANSPORTATION,2014-09-02T00:00:00.000,QUEENS,ASSISTANT CITY HIGHWAY REPAIRER,ACTIVE,26.15,per Hour,1430,41181.45,42,1681.25,11499.74
2020,841,DEPARTMENT OF TRANSPORTATION,2019-03-18T00:00:00.000,BROOKLYN,ASSISTANT CITY HIGHWAY REPAIRER,ACTIVE,26.15,per Hour,1504,38770.25,233.25,9130.75,5461.48
2020,841,DEPARTMENT OF TRANSPORTATION,2016-03-14T00:00:00.000,BROOKLYN,ASSISTANT CITY HIGHWAY REPAIRER,ACTIVE,26.15,per Hour,1504,38770.24,254.5,9900.07,4444.91
2020,841,DEPARTMENT OF TRANSPORTATION,2008-06-16T00:00:00.000,QUEENS,SECRETARY,ACTIVE,54662.00,per Annum,1820,48255.49,0,0.00,4419.99
2020,841,DEPARTMENT OF TRANSPORTATION,2011-02-13T00:00:00.000,QUEENS,CLERICAL ASSOCIATE,ACTIVE,46019.00,per Annum,1820,45312.54,141,4607.93,2510.81
2020,841,DEPARTMENT OF TRANSPORTATION,2016-03-14T00:00:00.000,BROOKLYN,ASSISTANT CITY HIGHWAY REPAIRER,ACTIVE,26.15,per Hour,1512,38979.44,8.5,333.40,12980.50
2020,841,DEPARTMENT OF TRANSPORTATION,2017-05-15T00:00:00.000,QUEENS,TRAFFIC CONTROL INSPECTOR,ACTIVE,51991.00,per Annum,1820,51192.87,10.5,427.78,635.60
2020,841,DEPARTMENT OF TRANSPORTATION,2016-09-12T00:00:00.000,BROOKLYN,ASSISTANT CITY HIGHWAY REPAIRER,ACTIVE,26.15,per Hour,1504,38770.25,206.5,8068.75,4828.23
2020,841,DEPARTMENT OF TRANSPORTATION,1997-08-10T00:00:00.000,QUEENS,CITY PARKING EQUIPMENT SERVICE WORKER,ACTIVE,41734.00,per Annum,2080,41085.17,139,4593.41,5818.81
2020,841,DEPARTMENT OF TRANSPORTATION,2016-03-14T00:00:00.000,QUEENS,ASSISTANT CITY HIGHWAY REPAIRER,ACTIVE,26.15,per Hour,1503.5,38757.17,49,1902.11,10808.96
2020,841,DEPARTMENT OF TRANSPORTATION,1989-06-12T00:00:00.000,MANHATTAN,SUPERVISOR HIGHWAY REPAIRER,ACTIVE,399.68,per Day,2080,110232.24,1033.5,85256.43,30093.69
2020,841,DEPARTMENT OF TRANSPORTATION,2004-05-16T00:00:00.000,RICHMOND,ADMINISTRATIVE PROJECT MANAGER,ACTIVE,204034.00,per Annum,1820,200933.68,0,0.00,0.00
2020,841,DEPARTMENT OF TRANSPORTATION,2014-06-30T00:00:00.000,QUEENS,GASOLINE ROLLER ENGINEER-L15,ACTIVE,67.08,per Hour,1504,106950.24,512,55554.81,47244.58
2020,841,DEPARTMENT OF TRANSPORTATION,2017-11-13T00:00:00.000,BROOKLYN,MOTOR GRADER OPERATOR,ACTIVE,482.17,per Day,2048,129162.33,501,48861.33,29350.41
2020,841,DEPARTMENT OF TRANSPORTATION,2012-01-30T00:00:00.000,QUEENS,ELECTRICIAN,ACTIVE,417.97,per Day,1820,108565.73,714.25,63631.40,21621.63
2020,841,DEPARTMENT OF TRANSPORTATION,1997-12-01T00:00:00.000,RICHMOND,CRANE OPERATOR AMPES,ACTIVE,543.94,per Day,2080,149902.80,593,85975.85,7195.67
2020,841,DEPARTMENT OF TRANSPORTATION,1980-10-06T00:00:00.000,RICHMOND,SUPERVISOR ELECTRICIAN,ACTIVE,450.10,per Day,1820,116911.34,584,56267.38,36689.04
2020,841,DEPARTMENT OF TRANSPORTATION,2009-10-19T00:00:00.000,QUEENS,TRACTOR OPERATOR,ACTIVE,482.17,per Day,2080,141830.57,533,75565.50,0.00
2020,841,DEPARTMENT OF TRANSPORTATION,2019-11-22T00:00:00.000,MANHATTAN,COLLEGE AIDE,ACTIVE,17.30,per Hour,314.07,5433.39,0,0.00,0.00
2020,841,DEPARTMENT OF TRANSPORTATION,2018-03-27T00:00:00.000,MANHATTAN,COLLEGE AIDE - ASSIGNMENT LEVELS II AND III,CEASED,18.74,per Hour,353.62,6626.79,0,0.00,0.00
2020,841,DEPARTMENT OF TRANSPORTATION,1993-06-01T00:00:00.000,MANHATTAN,SUPERVISOR HIGHWAY REPAIRER,CEASED,327.36,per Day,0,0.00,0,0.00,8907.39
2020,841,DEPARTMENT OF TRANSPORTATION,1984-06-25T00:00:00.000,RICHMOND,SUPERVISOR HIGHWAY REPAIRER,CEASED,317.76,per Day,0,0.00,0,0.00,9365.18
2020,841,DEPARTMENT OF TRANSPORTATION,2019-06-03T00:00:00.000,MANHATTAN,COLLEGE AIDE,ACTIVE,17.30,per Hour,785.2,13653.71,0,0.00,122.50
2020,841,DEPARTMENT OF TRANSPORTATION,1987-04-06T00:00:00.000,MANHATTAN,ELECTRICIAN,CEASED,409.78,per Day,0,0.00,0,0.00,15722.72
2020,841,DEPARTMENT OF TRANSPORTATION,2015-09-21T00:00:00.000,MANHATTAN,COLLEGE AIDE - ASSIGNMENT LEVELS II AND III,ACTIVE,21.38,per Hour,762.72,16155.20,0,0.00,0.00
2020,841,DEPARTMENT OF TRANSPORTATION,2019-12-09T00:00:00.000,MANHATTAN,APPRENTICE INSPECTOR,ACTIVE,32057.00,per Annum,1120,17163.25,0,0.00,0.00
2020,841,DEPARTMENT OF TRANSPORTATION,2019-06-03T00:00:00.000,MANHATTAN,COLLEGE AIDE,ACTIVE,19.90,per Hour,843.7,18336.54,0,0.00,0.00
2020,841,DEPARTMENT OF TRANSPORTATION,2019-05-06T00:00:00.000,MANHATTAN,CIVIL ENGINEERING INTERN,CEASED,60447.00,per Annum,560,18501.06,16.75,624.49,28.92
2020,841,DEPARTMENT OF TRANSPORTATION,2018-12-03T00:00:00.000,MANHATTAN,COLLEGE AIDE,ACTIVE,19.90,per Hour,1013.25,20163.73,0,0.00,0.00
2020,841,DEPARTMENT OF TRANSPORTATION,2019-10-21T00:00:00.000,MANHATTAN,APPRENTICE INSPECTOR,ACTIVE,32057.00,per Annum,1400,21403.00,18,408.44,560.64
2020,841,DEPARTMENT OF TRANSPORTATION,2019-09-30T00:00:00.000,QUEENS,ASSISTANT CITY HIGHWAY REPAIRER,ACTIVE,22.73,per Hour,903.5,20436.24,30.5,1035.95,1696.60
2020,841,DEPARTMENT OF TRANSPORTATION,2016-08-07T00:00:00.000,MANHATTAN,PRINCIPAL ADMINISTRATIVE ASSOCIATE -  NON SUPVR,CEASED,57232.00,per Annum,1260,40814.11,16.5,720.09,1331.91
2020,841,DEPARTMENT OF TRANSPORTATION,2019-09-30T00:00:00.000,MANHATTAN,ASSISTANT CITY HIGHWAY REPAIRER,ACTIVE,22.73,per Hour,912.25,20638.44,43.5,1407.74,1690.14
2020,841,DEPARTMENT OF TRANSPORTATION,2020-01-06T00:00:00.000,BROOKLYN,TRAFFIC DEVICE MAINTAINER,ACTIVE,51317.00,per Annum,960,23205.75,92,3440.78,615.79
2020,841,DEPARTMENT OF TRANSPORTATION,2019-08-26T00:00:00.000,BROOKLYN,ASSISTANT CITY HIGHWAY REPAIRER,ACTIVE,22.73,per Hour,1067,24053.97,64.5,2197.15,2352.79
2020,841,DEPARTMENT OF TRANSPORTATION,2019-08-19T00:00:00.000,BRONX,ASSISTANT CITY HIGHWAY REPAIRER,ACTIVE,22.73,per Hour,1152,25931.52,2,66.21,2725.99
2020,841,DEPARTMENT OF TRANSPORTATION,1997-02-18T00:00:00.000,BROOKLYN,TRAFFIC DEVICE MAINTAINER,CEASED,67044.00,per Annum,864,26022.93,0,0.00,3604.48
2020,841,DEPARTMENT OF TRANSPORTATION,2017-08-21T00:00:00.000,MANHATTAN,BRIDGE OPERATOR,ON LEAVE,47407.00,per Annum,1304,27906.80,0,36.19,2652.72
2020,841,DEPARTMENT OF TRANSPORTATION,2014-10-27T00:00:00.000,QUEENS,ADM MANAGER-NON-MGRL,ON LEAVE,68574.00,per Annum,280,13427.10,25,1855.25,15999.19
2020,841,DEPARTMENT OF TRANSPORTATION,2019-08-19T00:00:00.000,QUEENS,ASSISTANT CITY HIGHWAY REPAIRER,ACTIVE,22.73,per Hour,1152,25931.52,110,3789.90,2323.62
2020,841,DEPARTMENT OF TRANSPORTATION,2015-07-06T00:00:00.000,MANHATTAN,ASSISTANT CITY HIGHWAY REPAIRER,CEASED,54589.00,per Annum,1094.63,30153.62,29.5,1184.42,1036.40
2020,841,DEPARTMENT OF TRANSPORTATION,2019-01-14T00:00:00.000,MANHATTAN,APPRENTICE INSPECTOR,ACTIVE,34828.00,per Annum,2080,32816.48,4,95.45,750.00
2020,841,DEPARTMENT OF TRANSPORTATION,2018-11-19T00:00:00.000,MANHATTAN,APPRENTICE INSPECTOR,ACTIVE,34828.00,per Annum,2080,33418.60,3,67.64,320.46
2020,841,DEPARTMENT OF TRANSPORTATION,2008-06-02T00:00:00.000,QUEENS,CITY ATTENDANT,ACTIVE,37364.00,per Annum,2080,31186.94,18.25,417.73,2441.68
2020,841,DEPARTMENT OF TRANSPORTATION,2019-08-19T00:00:00.000,MANHATTAN,ASSISTANT CITY HIGHWAY REPAIRER,ACTIVE,22.73,per Hour,1159.5,26102.33,104.5,3761.75,4534.64
2020,841,DEPARTMENT OF TRANSPORTATION,2019-07-22T00:00:00.000,QUEENS,CITY PARKING EQUIPMENT SERVICE WORKER,ACTIVE,36184.00,per Annum,1920,32918.25,19.5,516.37,1106.11
2020,841,DEPARTMENT OF TRANSPORTATION,2019-03-11T00:00:00.000,BROOKLYN,APPRENTICE INSPECTOR,ACTIVE,34828.00,per Annum,2080,32379.53,73.5,1713.49,1318.20
2020,841,DEPARTMENT OF TRANSPORTATION,2017-03-13T00:00:00.000,MANHATTAN,COMMUNITY ASSISTANT,ACTIVE,37398.00,per Annum,1809.2,35389.73,20,516.85,136.50
2020,841,DEPARTMENT OF TRANSPORTATION,2018-07-30T00:00:00.000,MANHATTAN,APPRENTICE INSPECTOR,ACTIVE,34828.00,per Annum,2080,34706.53,41,1012.76,500.00
2020,841,DEPARTMENT OF TRANSPORTATION,2004-06-27T00:00:00.000,MANHATTAN,COMMUNITY ASSISTANT,ACTIVE,42191.00,per Annum,1820,35322.62,0,0.00,1111.34
2020,841,DEPARTMENT OF TRANSPORTATION,2019-01-07T00:00:00.000,MANHATTAN,ASSISTANT HIGHWAY TRANSPORTATION SPECIALIST,CEASED,59740.00,per Annum,1155,37113.57,0,0.00,0.00
2020,841,DEPARTMENT OF TRANSPORTATION,2015-11-23T00:00:00.000,MANHATTAN,APPRENTICE INSPECTOR,CEASED,50380.00,per Annum,1280,29028.18,191.75,6937.75,1429.65
2020,841,DEPARTMENT OF TRANSPORTATION,2018-08-20T00:00:00.000,QUEENS,CITY PARKING EQUIPMENT SERVICE WORKER,ACTIVE,36184.00,per Annum,2080,35628.44,84.25,2213.92,1180.15
2020,841,DEPARTMENT OF TRANSPORTATION,2019-03-18T00:00:00.000,BROOKLYN,ASSISTANT CITY HIGHWAY REPAIRER,ACTIVE,22.73,per Hour,1501,33632.00,67.5,2315.41,4500.07
2020,841,DEPARTMENT OF TRANSPORTATION,2019-08-26T00:00:00.000,MANHATTAN,ASSISTANT TRANSPORTATION SPECIALIST,ACTIVE,49328.00,per Annum,1505,40324.09,2,54.00,223.50
2020,841,DEPARTMENT OF TRANSPORTATION,2018-01-08T00:00:00.000,QUEENS,CITY PARKING EQUIPMENT SERVICE WORKER,ACTIVE,41612.00,per Annum,2080,38025.76,56.25,1631.58,1197.28
2020,841,DEPARTMENT OF TRANSPORTATION,2019-01-28T00:00:00.000,BROOKLYN,APPRENTICE INSPECTOR,ACTIVE,43312.00,per Annum,2080,35027.25,230,5564.25,1528.71
2020,841,DEPARTMENT OF TRANSPORTATION,2017-07-17T00:00:00.000,BRONX,ASSISTANT CITY HIGHWAY REPAIRER,ACTIVE,26.15,per Hour,1488,37832.83,10,392.25,4038.93
2020,841,DEPARTMENT OF TRANSPORTATION,2019-04-29T00:00:00.000,QUEENS,ASSISTANT CITY HIGHWAY REPAIRER,ACTIVE,22.73,per Hour,1504,33700.16,218.17,7418.37,9539.58
2020,841,DEPARTMENT OF TRANSPORTATION,2000-12-04T00:00:00.000,MANHATTAN,BRIDGE OPERATOR,CEASED,52645.00,per Annum,1840,47565.95,5.75,242.15,2758.65
2020,841,DEPARTMENT OF TRANSPORTATION,2018-07-23T00:00:00.000,BROOKLYN,ASSISTANT CITY HIGHWAY REPAIRER,ACTIVE,22.73,per Hour,1498.75,33580.99,316,10702.38,5921.62
2020,841,DEPARTMENT OF TRANSPORTATION,2016-03-21T00:00:00.000,RICHMOND,ASSISTANT CITY HIGHWAY REPAIRER,ACTIVE,26.15,per Hour,1512,38979.44,0,0.00,10860.65
2020,841,DEPARTMENT OF TRANSPORTATION,2017-01-03T00:00:00.000,QUEENS,OPERATIONS COMMUNICATIONS SPECIALIST,ACTIVE,46105.00,per Annum,1820,45372.63,64.75,2092.22,2050.70
2020,841,DEPARTMENT OF TRANSPORTATION,2016-08-29T00:00:00.000,MANHATTAN,CLERICAL ASSOCIATE,ACTIVE,50218.00,per Annum,1820,49446.92,0,0.00,0.00
2020,841,DEPARTMENT OF TRANSPORTATION,1999-09-07T00:00:00.000,MANHATTAN,CLERICAL ASSOCIATE,ACTIVE,25.19,per Hour,1729.5,43097.53,5.5,187.04,6030.22
2020,841,DEPARTMENT OF TRANSPORTATION,2015-04-27T00:00:00.000,BRONX,ASSISTANT CITY HIGHWAY REPAIRER,ACTIVE,54589.00,per Annum,1512,38971.65,106.5,4157.59,5811.95
2020,841,DEPARTMENT OF TRANSPORTATION,2016-03-14T00:00:00.000,BRONX,ASSISTANT CITY HIGHWAY REPAIRER,ACTIVE,26.15,per Hour,1503,38744.90,128.5,5028.71,4858.18
2020,841,DEPARTMENT OF TRANSPORTATION,2019-09-09T00:00:00.000,RICHMOND,DECKHAND,ACTIVE,51524.00,per Annum,1312,39783.42,128,5671.47,2775.00
2020,841,DEPARTMENT OF TRANSPORTATION,2006-12-26T00:00:00.000,QUEENS,CITY PARKING EQUIPMENT SERVICE WORKER,ACTIVE,41612.00,per Annum,2080,40973.21,95,3018.44,4157.03
2020,841,DEPARTMENT OF TRANSPORTATION,2015-06-29T00:00:00.000,QUEENS,ASSISTANT CITY HIGHWAY REPAIRER,ACTIVE,54589.00,per Annum,1544,39812.37,112.75,4383.36,3140.84
2020,841,DEPARTMENT OF TRANSPORTATION,2016-03-14T00:00:00.000,MANHATTAN,ASSISTANT CITY HIGHWAY REPAIRER,ACTIVE,26.15,per Hour,1511.5,38966.38,71,2814.63,5197.85
2020,841,DEPARTMENT OF TRANSPORTATION,2015-07-06T00:00:00.000,MANHATTAN,ASSISTANT CITY HIGHWAY REPAIRER,ACTIVE,26.15,per Hour,1506.5,38833.72,34.25,1342.28,6271.49
2020,841,DEPARTMENT OF TRANSPORTATION,2018-07-23T00:00:00.000,RICHMOND,DECKHAND,CEASED,51524.00,per Annum,1216,37953.60,133.5,6547.10,1763.53
2020,841,DEPARTMENT OF TRANSPORTATION,2015-04-27T00:00:00.000,MANHATTAN,ASSISTANT CITY HIGHWAY REPAIRER,ACTIVE,54589.00,per Annum,1512,38971.67,61.5,2374.37,4663.08
2020,841,DEPARTMENT OF TRANSPORTATION,2015-06-29T00:00:00.000,RICHMOND,ASSISTANT CITY HIGHWAY REPAIRER,ACTIVE,54589.00,per Annum,1512,38971.64,96.5,3775.36,3259.38
2020,841,DEPARTMENT OF TRANSPORTATION,2015-06-29T00:00:00.000,MANHATTAN,ASSISTANT CITY HIGHWAY REPAIRER,ACTIVE,54589.00,per Annum,1544,39812.34,36,1406.37,4577.53
2020,841,DEPARTMENT OF TRANSPORTATION,2018-01-29T00:00:00.000,QUEENS,ASSISTANT CITY HIGHWAY REPAIRER,ACTIVE,26.15,per Hour,1503,35425.07,83,2920.47,6702.44
2020,841,DEPARTMENT OF TRANSPORTATION,2006-10-16T00:00:00.000,BROOKLYN,HIGHWAY REPAIRER,CEASED,369.52,per Day,0,-253.39,0,0.00,0.00
2020,841,DEPARTMENT OF TRANSPORTATION,2019-03-11T00:00:00.000,MANHATTAN,APPRENTICE INSPECTOR,CEASED,31320.00,per Annum,0,-1201.32,0,0.00,1201.32
2020,841,DEPARTMENT OF TRANSPORTATION,2017-04-24T00:00:00.000,QUEENS,OPERATIONS COMMUNICATIONS SPECIALIST,CEASED,38924.00,per Annum,0,-1492.98,0,0.00,1492.98
2020,841,DEPARTMENT OF TRANSPORTATION,2016-09-19T00:00:00.000,QUEENS,ASSISTANT CITY HIGHWAY REPAIRER,CEASED,26.15,per Hour,952,24365.84,260.32,10133.66,10072.61
2020,841,DEPARTMENT OF TRANSPORTATION,2019-07-15T00:00:00.000,BRONX,ASSISTANT CITY HIGHWAY REPAIRER,ACTIVE,22.73,per Hour,1343.2,30145.89,265.25,8969.92,3333.78
2020,841,DEPARTMENT OF TRANSPORTATION,2019-02-25T00:00:00.000,MANHATTAN,COMMUNITY ASSOCIATE,ACTIVE,44083.00,per Annum,1820,43406.06,0,0.00,16.50
2020,841,DEPARTMENT OF TRANSPORTATION,2018-07-30T00:00:00.000,RICHMOND,DECKHAND,CEASED,48803.00,per Annum,0,385.04,0,196.56,44.37
2020,841,DEPARTMENT OF TRANSPORTATION,2007-03-12T00:00:00.000,BROOKLYN,HIGHWAY REPAIRER,CEASED,380.64,per Day,0,-2981.19,0,180.01,3589.19
2020,841,DEPARTMENT OF TRANSPORTATION,1982-06-01T00:00:00.000,BROOKLYN,PRINCIPAL ADMINISTRATIVE ASSOCIATE -  NON SUPVR,CEASED,64248.00,per Annum,0,735.29,0,21.96,41.79
2020,841,DEPARTMENT OF TRANSPORTATION,2015-12-28T00:00:00.000,RICHMOND,MATE,CEASED,57875.00,per Annum,0,0.00,16,814.08,0.00
2020,841,DEPARTMENT OF TRANSPORTATION,2018-11-19T00:00:00.000,MANHATTAN,APPRENTICE INSPECTOR,ACTIVE,34828.00,per Annum,2080,33419.21,344.75,8032.89,1240.70
2020,841,DEPARTMENT OF TRANSPORTATION,2019-03-18T00:00:00.000,QUEENS,ASSISTANT CITY HIGHWAY REPAIRER,ACTIVE,22.73,per Hour,1504,33700.16,129.5,4379.90,5231.95
2020,868,DEPT OF CITYWIDE ADMIN SVCS,2019-01-06T00:00:00.000,MANHATTAN,SPECIAL OFFICER,ACTIVE,50207.00,per Annum,2080,48898.50,530,18686.66,2085.45
2020,868,DEPT OF CITYWIDE ADMIN SVCS,2006-06-05T00:00:00.000,BROOKLYN,CITY CUSTODIAL ASSISTANT,ACTIVE,36915.00,per Annum,2080,36348.30,0,0.00,2743.30
2020,868,DEPT OF CITYWIDE ADMIN SVCS,2017-09-18T00:00:00.000,MANHATTAN,ASSOCIATE REAL PROPERTY MANAGER,CEASED,74237.00,per Annum,1029,38798.78,0,0.00,0.00
2020,868,DEPT OF CITYWIDE ADMIN SVCS,2013-03-11T00:00:00.000,BRONX,CITY CUSTODIAL ASSISTANT,ACTIVE,36915.00,per Annum,2080,36348.30,6,159.12,1915.13
2020,868,DEPT OF CITYWIDE ADMIN SVCS,1996-06-23T00:00:00.000,MANHATTAN,COMMUNITY ASSISTANT,ACTIVE,37666.00,per Annum,1820,37079.88,0,0.00,1324.26
2020,868,DEPT OF CITYWIDE ADMIN SVCS,2013-02-25T00:00:00.000,MANHATTAN,CITY CUSTODIAL ASSISTANT,ACTIVE,36915.00,per Annum,2080,36348.30,0,0.00,2033.08
2020,868,DEPT OF CITYWIDE ADMIN SVCS,2019-07-22T00:00:00.000,MANHATTAN,NEW YORK CITY PUBLIC SERVICE FELLOW,ACTIVE,42127.00,per Annum,1680,38352.11,0,0.00,0.00
2020,868,DEPT OF CITYWIDE ADMIN SVCS,2010-04-12T00:00:00.000,BRONX,CITY CUSTODIAL ASSISTANT,ACTIVE,36915.00,per Annum,2080,36348.30,2.75,72.93,1660.50
2020,868,DEPT OF CITYWIDE ADMIN SVCS,2018-04-30T00:00:00.000,BROOKLYN,CITY CUSTODIAL ASSISTANT,ACTIVE,36915.00,per Annum,2080,31099.23,298.5,6830.05,0.00
2020,868,DEPT OF CITYWIDE ADMIN SVCS,2017-03-20T00:00:00.000,BROOKLYN,CITY CUSTODIAL ASSISTANT,ACTIVE,36915.00,per Annum,2056,35662.72,33,899.49,992.31
2020,868,DEPT OF CITYWIDE ADMIN SVCS,2010-07-19T00:00:00.000,QUEENS,CITY CUSTODIAL ASSISTANT,ACTIVE,36915.00,per Annum,2080,36348.30,36.75,962.21,0.00
2020,868,DEPT OF CITYWIDE ADMIN SVCS,2019-09-03T00:00:00.000,MANHATTAN,NEW YORK CITY URBAN FELLOW,ACTIVE,25.80,per Hour,1428,36648.15,0,0.00,413.04
2020,868,DEPT OF CITYWIDE ADMIN SVCS,2014-05-05T00:00:00.000,MANHATTAN,CUSTODIAN,ACTIVE,37151.00,per Annum,2080,36348.30,17.5,453.28,107.25
2020,868,DEPT OF CITYWIDE ADMIN SVCS,2019-12-09T00:00:00.000,MANHATTAN,COMMUNITY COORDINATOR,ACTIVE,68000.00,per Annum,980,36415.26,0,0.00,0.00
2020,868,DEPT OF CITYWIDE ADMIN SVCS,2000-02-02T00:00:00.000,MANHATTAN,CITY CUSTODIAL ASSISTANT,ACTIVE,36916.00,per Annum,2080,36346.41,0,0.00,0.00
2020,868,DEPT OF CITYWIDE ADMIN SVCS,2017-11-27T00:00:00.000,MANHATTAN,CITY CUSTODIAL ASSISTANT,ACTIVE,36915.00,per Annum,2080,34410.01,74.25,1713.14,176.39
2020,868,DEPT OF CITYWIDE ADMIN SVCS,2019-09-03T00:00:00.000,MANHATTAN,NEW YORK CITY URBAN FELLOW,ACTIVE,25.80,per Hour,1406.5,36094.02,0,0.00,0.00
2020,868,DEPT OF CITYWIDE ADMIN SVCS,2019-07-22T00:00:00.000,QUEENS,CITY CUSTODIAL ASSISTANT,ACTIVE,32260.00,per Annum,1920,29366.61,247,5792.60,611.20
2020,868,DEPT OF CITYWIDE ADMIN SVCS,2019-11-25T00:00:00.000,MANHATTAN,ELEVATOR MECHANIC,ACTIVE,398.48,per Day,1200,59772.00,67,5005.88,996.20
2020,868,DEPT OF CITYWIDE ADMIN SVCS,2004-12-26T00:00:00.000,MANHATTAN,CUSTODIAN,CEASED,39914.00,per Annum,1560,30718.37,831.25,24482.99,10550.76
2020,868,DEPT OF CITYWIDE ADMIN SVCS,1996-06-23T00:00:00.000,MANHATTAN,SECRETARY OF COMM,ACTIVE,66611.00,per Annum,1820,65598.86,0,0.00,0.00
2020,868,DEPT OF CITYWIDE ADMIN SVCS,2018-01-08T00:00:00.000,MANHATTAN,DEPUTY ASSISTANT COMMISSIONER,ACTIVE,70000.00,per Annum,1820,65404.09,0,0.00,0.00
2020,868,DEPT OF CITYWIDE ADMIN SVCS,1996-06-23T00:00:00.000,MANHATTAN,CUSTODIAN,ACTIVE,52006.00,per Annum,2080,51411.24,330.5,12666.81,1140.92
2020,868,DEPT OF CITYWIDE ADMIN SVCS,2018-02-20T00:00:00.000,MANHATTAN,SPECIAL OFFICER,ACTIVE,50207.00,per Annum,2080,49635.86,378.75,13649.74,1759.50
2020,868,DEPT OF CITYWIDE ADMIN SVCS,2001-12-30T00:00:00.000,MANHATTAN,CITY CUSTODIAL ASSISTANT,ACTIVE,43020.00,per Annum,2080,42351.60,500.5,16961.89,5658.00
2020,868,DEPT OF CITYWIDE ADMIN SVCS,2012-06-18T00:00:00.000,QUEENS,CUSTODIAN,ACTIVE,38749.00,per Annum,2080,37178.34,948,26035.48,1466.12
2020,868,DEPT OF CITYWIDE ADMIN SVCS,2019-04-29T00:00:00.000,MANHATTAN,CITY PLANNER,ACTIVE,63489.00,per Annum,1820,62514.22,0,0.00,1878.84
2020,868,DEPT OF CITYWIDE ADMIN SVCS,2019-02-18T00:00:00.000,MANHATTAN,ADMINISTRATIVE STAFF ANALYST,ACTIVE,62862.00,per Annum,1820,62522.32,0,0.00,188.50
2020,868,DEPT OF CITYWIDE ADMIN SVCS,1996-06-23T00:00:00.000,MANHATTAN,PRINCIPAL ADMINISTRATIVE ASSOCIATE -  NON SUPVR,ACTIVE,60195.00,per Annum,2030,58781.33,0,0.00,3588.45
2020,868,DEPT OF CITYWIDE ADMIN SVCS,2013-12-16T00:00:00.000,BROOKLYN,CITY CUSTODIAL ASSISTANT,ACTIVE,36915.00,per Annum,2080,36348.30,907.5,24086.41,1832.89
2020,868,DEPT OF CITYWIDE ADMIN SVCS,2018-07-09T00:00:00.000,MANHATTAN,TESTS AND MEASUREMENT SPECIALIST,ACTIVE,70000.00,per Annum,1820,62218.66,0,0.00,37.25
2020,868,DEPT OF CITYWIDE ADMIN SVCS,2018-02-19T00:00:00.000,MANHATTAN,PRINCIPAL ADMINISTRATIVE ASSOCIATE -  NON SUPVR,ACTIVE,67000.00,per Annum,1820,61216.80,16,645.51,43.86
2020,868,DEPT OF CITYWIDE ADMIN SVCS,2016-03-28T00:00:00.000,MANHATTAN,PRINCIPAL ADMINISTRATIVE ASSOCIATE -  NON SUPVR,ACTIVE,59238.00,per Annum,1820,60374.78,0,0.00,1278.94
2020,868,DEPT OF CITYWIDE ADMIN SVCS,2013-02-25T00:00:00.000,BROOKLYN,CITY CUSTODIAL ASSISTANT,ACTIVE,36915.00,per Annum,2080,30341.60,44.75,969.83,3144.39
2020,868,DEPT OF CITYWIDE ADMIN SVCS,2006-10-23T00:00:00.000,BROOKLYN,STATIONARY ENGINEER,ACTIVE,508.80,per Day,2080,140146.17,1101.5,110311.56,16535.12
2020,868,DEPT OF CITYWIDE ADMIN SVCS,2018-05-29T00:00:00.000,BROOKLYN,COMMUNITY ASSISTANT,ACTIVE,37398.00,per Annum,1820,32984.93,54.75,1246.61,85.00
2020,868,DEPT OF CITYWIDE ADMIN SVCS,2018-08-06T00:00:00.000,BROOKLYN,CITY CUSTODIAL ASSISTANT,ACTIVE,32260.00,per Annum,2080,31764.55,47,1089.31,307.07
2020,868,DEPT OF CITYWIDE ADMIN SVCS,1996-06-23T00:00:00.000,MANHATTAN,*CUSTODIAL ASSISTANT,CEASED,37425.00,per Annum,1400,24419.02,197,5810.93,2905.22
2020,868,DEPT OF CITYWIDE ADMIN SVCS,2018-12-23T00:00:00.000,MANHATTAN,CITY CUSTODIAL ASSISTANT,ACTIVE,32260.00,per Annum,2080,31764.55,57.25,1305.03,0.00
2020,868,DEPT OF CITYWIDE ADMIN SVCS,2018-09-04T00:00:00.000,MANHATTAN,CITY CUSTODIAL ASSISTANT,ACTIVE,32260.00,per Annum,2080,31764.55,10.5,248.52,898.03
2020,868,DEPT OF CITYWIDE ADMIN SVCS,2018-06-11T00:00:00.000,BRONX,CITY CUSTODIAL ASSISTANT,ACTIVE,36915.00,per Annum,1760,27097.73,188.75,4533.72,1120.87
2020,868,DEPT OF CITYWIDE ADMIN SVCS,2019-09-03T00:00:00.000,MANHATTAN,NEW YORK CITY URBAN FELLOW,CEASED,25.80,per Hour,1253,32133.15,0,0.00,341.61
2020,868,DEPT OF CITYWIDE ADMIN SVCS,2014-03-24T00:00:00.000,MANHATTAN,DEPUTY ASSISTANT COMMISSIONER,CEASED,76135.00,per Annum,385,16021.50,0,0.00,15212.73
2020,868,DEPT OF CITYWIDE ADMIN SVCS,1996-06-23T00:00:00.000,MANHATTAN,OILER,CEASED,478.00,per Day,382.75,29071.54,0,443.46,548.76
2020,868,DEPT OF CITYWIDE ADMIN SVCS,2019-11-25T00:00:00.000,MANHATTAN,SPECIAL OFFICER,ACTIVE,48139.00,per Annum,1200,26749.21,52.25,1754.42,1308.72
2020,868,DEPT OF CITYWIDE ADMIN SVCS,2011-06-27T00:00:00.000,BRONX,CLERICAL ASSOCIATE,CEASED,52242.00,per Annum,801.75,22366.74,156.75,5758.96,1249.58
2020,868,DEPT OF CITYWIDE ADMIN SVCS,2019-11-25T00:00:00.000,MANHATTAN,SPECIAL OFFICER,ACTIVE,48139.00,per Annum,1200,26279.91,38.75,1270.34,1561.55
2020,868,DEPT OF CITYWIDE ADMIN SVCS,2019-09-03T00:00:00.000,BROOKLYN,CITY CUSTODIAL ASSISTANT,ACTIVE,32260.00,per Annum,1672,25651.03,149.5,3428.82,0.00
2020,868,DEPT OF CITYWIDE ADMIN SVCS,2018-08-06T00:00:00.000,MANHATTAN,CITY CUSTODIAL ASSISTANT,ACTIVE,32260.00,per Annum,1840,28163.84,9.25,214.37,552.81
2020,868,DEPT OF CITYWIDE ADMIN SVCS,2020-03-11T00:00:00.000,BROOKLYN,ELECTRICIAN,CEASED,417.97,per Day,469,28000.51,8.5,761.30,0.00
2020,868,DEPT OF CITYWIDE ADMIN SVCS,2019-11-25T00:00:00.000,MANHATTAN,SPECIAL OFFICER,ACTIVE,48139.00,per Annum,1200,25460.15,51.75,1611.09,1513.23
2020,868,DEPT OF CITYWIDE ADMIN SVCS,2019-10-15T00:00:00.000,MANHATTAN,CLERICAL ASSOCIATE,ACTIVE,40629.00,per Annum,1253,27657.59,1,22.96,890.57
2020,868,DEPT OF CITYWIDE ADMIN SVCS,2019-11-25T00:00:00.000,MANHATTAN,SPECIAL OFFICER,ACTIVE,48139.00,per Annum,1200,25469.82,31,940.14,1711.53
2020,868,DEPT OF CITYWIDE ADMIN SVCS,2019-10-15T00:00:00.000,MANHATTAN,CLERICAL ASSOCIATE,ACTIVE,40000.00,per Annum,1253,26835.95,0,0.00,877.83
2020,868,DEPT OF CITYWIDE ADMIN SVCS,1996-06-23T00:00:00.000,MANHATTAN,CITY PLANNER,CEASED,90390.00,per Annum,501.75,24788.35,0,0.00,2111.67
2020,868,DEPT OF CITYWIDE ADMIN SVCS,2020-01-06T00:00:00.000,MANHATTAN,MANAGEMENT AUDITOR,ACTIVE,64415.00,per Annum,840,26883.36,0,0.00,0.00
2020,868,DEPT OF CITYWIDE ADMIN SVCS,2017-03-06T00:00:00.000,MANHATTAN,ASSISTANT MECHANICAL ENGINEER,CEASED,83146.00,per Annum,578,26266.11,0,0.00,147.57
2020,868,DEPT OF CITYWIDE ADMIN SVCS,2016-04-04T00:00:00.000,BRONX,STAFF ANALYST,CEASED,60683.00,per Annum,630,20894.52,80,2856.43,2409.33
2020,868,DEPT OF CITYWIDE ADMIN SVCS,2014-02-03T00:00:00.000,MANHATTAN,DEPUTY ASSISTANT COMMISSIONER,CEASED,110584.00,per Annum,385,23270.82,0,0.00,750.00
2020,868,DEPT OF CITYWIDE ADMIN SVCS,2020-02-18T00:00:00.000,MANHATTAN,DEPUTY ASSISTANT COMMISSIONER,ACTIVE,70000.00,per Annum,623,23830.59,0,0.00,0.00
2020,868,DEPT OF CITYWIDE ADMIN SVCS,2018-10-30T00:00:00.000,MANHATTAN,COLLEGE AIDE,ACTIVE,19.00,per Hour,1141,21465.75,0,0.00,0.00
2020,868,DEPT OF CITYWIDE ADMIN SVCS,2003-07-17T00:00:00.000,MANHATTAN,SPECIAL EXAMINER,ACTIVE,27.81,per Hour,769,21030.30,0,0.00,0.00
2020,868,DEPT OF CITYWIDE ADMIN SVCS,2019-11-25T00:00:00.000,BRONX,CITY CUSTODIAL ASSISTANT,ACTIVE,32260.00,per Annum,1200,18509.85,72,1724.64,538.93
2020,868,DEPT OF CITYWIDE ADMIN SVCS,2020-03-02T00:00:00.000,MANHATTAN,CITY RESEARCH SCIENTIST,ACTIVE,64140.00,per Annum,560,19627.52,0,0.00,8.25
2020,868,DEPT OF CITYWIDE ADMIN SVCS,2018-08-20T00:00:00.000,MANHATTAN,SPECIAL EXAMINER,ACTIVE,25.57,per Hour,780,19619.00,0,0.00,0.00
2020,868,DEPT OF CITYWIDE ADMIN SVCS,2018-08-20T00:00:00.000,MANHATTAN,SPECIAL EXAMINER,ACTIVE,25.57,per Hour,747,18797.39,0,0.00,0.00
2020,868,DEPT OF CITYWIDE ADMIN SVCS,2020-03-15T00:00:00.000,MANHATTAN,PROCUREMENT ANALYST,ACTIVE,70000.00,per Annum,490,18743.20,0,0.00,0.00
2020,868,DEPT OF CITYWIDE ADMIN SVCS,2020-03-16T00:00:00.000,MANHATTAN,COMMUNITY COORDINATOR,ACTIVE,72567.00,per Annum,490,17991.33,3,110.33,8.25
2020,868,DEPT OF CITYWIDE ADMIN SVCS,2020-03-02T00:00:00.000,MANHATTAN,DEPUTY ASSISTANT COMMISSIONER,ACTIVE,59000.00,per Annum,560,18054.64,0,0.00,0.00
2020,868,DEPT OF CITYWIDE ADMIN SVCS,2020-03-30T00:00:00.000,MANHATTAN,ASSOCIATE PROJECT MANAGER,ACTIVE,74650.00,per Annum,420,17132.76,0,0.00,0.00
2020,868,DEPT OF CITYWIDE ADMIN SVCS,2003-07-17T00:00:00.000,MANHATTAN,SPECIAL EXAMINER,ACTIVE,35.48,per Hour,430,14865.00,0,0.00,0.00
2020,868,DEPT OF CITYWIDE ADMIN SVCS,2017-07-10T00:00:00.000,MANHATTAN,ACCOUNTANT,CEASED,80307.00,per Annum,336,14749.68,0,0.00,0.00
2020,868,DEPT OF CITYWIDE ADMIN SVCS,2019-10-15T00:00:00.000,MANHATTAN,JOB TRAINING PARTICIPANT,CEASED,15.45,per Hour,942,14521.51,0,0.00,0.00
2020,868,DEPT OF CITYWIDE ADMIN SVCS,2019-09-30T00:00:00.000,BRONX,JOB TRAINING PARTICIPANT,CEASED,15.45,per Hour,927.25,14259.20,0,0.00,0.00
2020,868,DEPT OF CITYWIDE ADMIN SVCS,2019-08-05T00:00:00.000,MANHATTAN,CITY CUSTODIAL ASSISTANT,CEASED,32260.00,per Annum,680,10275.48,136,3085.70,0.00
2020,868,DEPT OF CITYWIDE ADMIN SVCS,2009-03-16T00:00:00.000,BROOKLYN,CITY CUSTODIAL ASSISTANT,CEASED,35840.00,per Annum,663.75,11372.14,0,0.00,1288.88
2020,868,DEPT OF CITYWIDE ADMIN SVCS,2018-10-15T00:00:00.000,BROOKLYN,CITY CUSTODIAL ASSISTANT,CEASED,32260.00,per Annum,864,10786.32,69.75,1587.03,203.28
2020,868,DEPT OF CITYWIDE ADMIN SVCS,2018-05-29T00:00:00.000,MANHATTAN,SPECIAL OFFICER,ACTIVE,50207.00,per Annum,2080,48536.71,298,10469.04,1600.88
2020,868,DEPT OF CITYWIDE ADMIN SVCS,2017-08-06T00:00:00.000,MANHATTAN,COMMUNITY ASSOCIATE,ACTIVE,53712.00,per Annum,1820,52887.50,225.25,7656.92,15.89
2020,868,DEPT OF CITYWIDE ADMIN SVCS,1996-06-23T00:00:00.000,BRONX,CITY CUSTODIAL ASSISTANT,ACTIVE,37425.00,per Annum,2080,36842.56,618.5,18404.37,5300.70
2020,868,DEPT OF CITYWIDE ADMIN SVCS,2016-05-31T00:00:00.000,MANHATTAN,FIRST DEPUTY COMMISSIONER,CEASED,230000.00,per Annum,126,15847.27,0,0.00,44002.54
2020,868,DEPT OF CITYWIDE ADMIN SVCS,2018-11-12T00:00:00.000,MANHATTAN,PRINCIPAL ADMINISTRATIVE ASSOCIATE -  NON SUPVR,ACTIVE,58283.00,per Annum,1820,57432.65,28.75,1092.64,200.13
2020,868,DEPT OF CITYWIDE ADMIN SVCS,2018-02-19T00:00:00.000,MANHATTAN,PRINCIPAL ADMINISTRATIVE ASSOCIATE -  NON SUPVR,ACTIVE,67000.00,per Annum,1820,58019.60,14.5,539.79,28.78
2020,868,DEPT OF CITYWIDE ADMIN SVCS,2003-07-17T00:00:00.000,MANHATTAN,SPECIAL EXAMINER,ACTIVE,27.81,per Hour,419.5,11569.10,0,0.00,0.00
2020,868,DEPT OF CITYWIDE ADMIN SVCS,2014-11-17T00:00:00.000,MANHATTAN,CITY CUSTODIAL ASSISTANT,CEASED,36915.00,per Annum,1063.93,9697.48,78.25,1788.61,21.76
2020,868,DEPT OF CITYWIDE ADMIN SVCS,2018-09-04T00:00:00.000,MANHATTAN,NEW YORK CITY URBAN FELLOW,CEASED,25.61,per Hour,441.07,11295.74,0,0.00,0.00
2020,868,DEPT OF CITYWIDE ADMIN SVCS,2018-08-20T00:00:00.000,MANHATTAN,NEW YORK CITY FELLOW,CEASED,29.40,per Hour,350,11074.25,0,0.00,0.00
2020,868,DEPT OF CITYWIDE ADMIN SVCS,2020-02-18T00:00:00.000,BROOKLYN,JOB TRAINING PARTICIPANT,ACTIVE,15.45,per Hour,632.6,9773.68,0,0.00,0.00
2020,868,DEPT OF CITYWIDE ADMIN SVCS,2020-02-18T00:00:00.000,MANHATTAN,JOB TRAINING PARTICIPANT,ACTIVE,15.45,per Hour,618.17,9550.73,0,0.00,0.00
2020,868,DEPT OF CITYWIDE ADMIN SVCS,2019-11-12T00:00:00.000,MANHATTAN,SPECIAL EXAMINER,ACTIVE,24.83,per Hour,322,7995.27,0,0.00,0.00
2020,868,DEPT OF CITYWIDE ADMIN SVCS,2016-09-06T00:00:00.000,MANHATTAN,NEW YORK CITY FELLOW,CEASED,29.40,per Hour,235,6909.00,0,0.00,0.00
2020,868,DEPT OF CITYWIDE ADMIN SVCS,2017-05-01T00:00:00.000,MANHATTAN,STAFF ANALYST,ACTIVE,57590.00,per Annum,1820,57278.85,12.5,512.23,38.23
2020,868,DEPT OF CITYWIDE ADMIN SVCS,2003-02-21T00:00:00.000,BROOKLYN,CITY CUSTODIAL ASSISTANT,ACTIVE,36958.00,per Annum,2080,36382.46,573.75,16874.15,4438.29
2020,868,DEPT OF CITYWIDE ADMIN SVCS,2017-12-11T00:00:00.000,MANHATTAN,COMMUNITY ASSOCIATE,ACTIVE,52659.00,per Annum,1820,51850.41,167.5,5729.60,54.27
2020,868,DEPT OF CITYWIDE ADMIN SVCS,2019-02-04T00:00:00.000,MANHATTAN,TESTS AND MEASUREMENT SPECIALIST,ACTIVE,57905.00,per Annum,1820,57592.16,0,0.00,0.00
2020,868,DEPT OF CITYWIDE ADMIN SVCS,2017-04-03T00:00:00.000,MANHATTAN,STAFF ANALYST,ACTIVE,57590.00,per Annum,1820,57278.85,0,0.00,0.00
2020,868,DEPT OF CITYWIDE ADMIN SVCS,2017-05-15T00:00:00.000,BRONX,CITY SECURITY AIDE,ACTIVE,40284.00,per Annum,2080,39665.63,440,12989.24,4528.35
2020,868,DEPT OF CITYWIDE ADMIN SVCS,2016-10-17T00:00:00.000,MANHATTAN,TESTS AND MEASUREMENT SPECIALIST,ACTIVE,66591.00,per Annum,1820,56806.55,0,0.00,0.00
2020,868,DEPT OF CITYWIDE ADMIN SVCS,2019-09-30T00:00:00.000,MANHATTAN,PROCUREMENT ANALYST,ACTIVE,75000.00,per Annum,1330,54508.15,25.25,1349.54,5.13
2020,868,DEPT OF CITYWIDE ADMIN SVCS,2011-03-21T00:00:00.000,MANHATTAN,PRINCIPAL ADMINISTRATIVE ASSOCIATE -  NON SUPVR,ACTIVE,52983.00,per Annum,1820,54022.53,0,6.60,1702.76
2020,868,DEPT OF CITYWIDE ADMIN SVCS,2014-05-19T00:00:00.000,QUEENS,SUPERVISOR OF STOCK WORKERS,ACTIVE,44950.00,per Annum,1820,44409.10,330.75,10503.03,89.61
2020,868,DEPT OF CITYWIDE ADMIN SVCS,1996-06-23T00:00:00.000,MANHATTAN,ADMINISTRATIVE STAFF ANALYST,CEASED,120904.00,per Annum,0,0.00,0,0.00,53771.25
2020,868,DEPT OF CITYWIDE ADMIN SVCS,2018-08-06T00:00:00.000,MANHATTAN,NEW YORK CITY FELLOW,ACTIVE,30.28,per Hour,1732.83,52696.59,0,0.00,0.00
2020,868,DEPT OF CITYWIDE ADMIN SVCS,2017-12-11T00:00:00.000,MANHATTAN,COMMUNITY ASSOCIATE,ACTIVE,52659.00,per Annum,1820,51850.41,23,704.44,52.50
2020,868,DEPT OF CITYWIDE ADMIN SVCS,2017-04-03T00:00:00.000,QUEENS,STOCK WORKER,ACTIVE,41697.00,per Annum,1820,40489.01,384.5,11862.94,35.56
2020,868,DEPT OF CITYWIDE ADMIN SVCS,2014-10-19T00:00:00.000,BRONX,CITY CUSTODIAL ASSISTANT,ACTIVE,36915.00,per Annum,2080,36348.30,511.25,13680.14,1910.00
2020,868,DEPT OF CITYWIDE ADMIN SVCS,2011-08-15T00:00:00.000,MANHATTAN,CLERICAL ASSOCIATE,ACTIVE,61801.00,per Annum,1820,47051.36,55.75,1625.53,2588.95
2020,868,DEPT OF CITYWIDE ADMIN SVCS,2007-08-20T00:00:00.000,BRONX,CITY CUSTODIAL ASSISTANT,ACTIVE,36915.00,per Annum,2080,36348.30,402.5,11353.80,2743.30
2020,868,DEPT OF CITYWIDE ADMIN SVCS,2018-04-16T00:00:00.000,MANHATTAN,CHAUFFEUR-ATTENDANT,ACTIVE,46350.00,per Annum,2080,45645.70,146,4789.08,0.00
2020,868,DEPT OF CITYWIDE ADMIN SVCS,2010-02-01T00:00:00.000,MANHATTAN,ASSOCIATE PROJECT MANAGER,CEASED,93932.00,per Annum,955,48089.35,4,206.23,1582.52
2020,868,DEPT OF CITYWIDE ADMIN SVCS,2019-09-16T00:00:00.000,MANHATTAN,PROCUREMENT ANALYST,ACTIVE,65000.00,per Annum,1400,49726.80,0,0.00,0.00
2020,868,DEPT OF CITYWIDE ADMIN SVCS,2006-10-23T00:00:00.000,MANHATTAN,CUSTODIAN,ACTIVE,38749.00,per Annum,2080,38257.15,394.75,10966.15,12.22
2020,868,DEPT OF CITYWIDE ADMIN SVCS,2017-05-15T00:00:00.000,QUEENS,STOCK WORKER,ACTIVE,41697.00,per Annum,1820,39953.45,283.25,8670.56,37.98
2020,868,DEPT OF CITYWIDE ADMIN SVCS,2000-12-11T00:00:00.000,MANHATTAN,CLERICAL ASSOCIATE,ACTIVE,43946.00,per Annum,1820,43271.16,0,0.00,4705.61
2020,868,DEPT OF CITYWIDE ADMIN SVCS,2014-04-07T00:00:00.000,MANHATTAN,CITY CUSTODIAL ASSISTANT,ACTIVE,36915.00,per Annum,2080,36348.30,412.75,10811.33,93.75
2020,868,DEPT OF CITYWIDE ADMIN SVCS,2006-05-08T00:00:00.000,BROOKLYN,CITY CUSTODIAL ASSISTANT,ACTIVE,36915.00,per Annum,2080,36348.30,270.25,7567.32,2743.30
2020,868,DEPT OF CITYWIDE ADMIN SVCS,2008-04-07T00:00:00.000,MANHATTAN,CUSTODIAN,ACTIVE,38749.00,per Annum,2080,38306.62,195,5570.49,2139.27
2020,868,DEPT OF CITYWIDE ADMIN SVCS,2017-05-01T00:00:00.000,MANHATTAN,ADMINISTRATIVE STAFF ANALYST,ON LEAVE,62862.00,per Annum,1330,45690.40,0,0.00,0.00
2020,868,DEPT OF CITYWIDE ADMIN SVCS,2014-04-21T00:00:00.000,BROOKLYN,CITY CUSTODIAL ASSISTANT,ACTIVE,36915.00,per Annum,2080,36348.30,322.25,8419.87,212.16
2020,868,DEPT OF CITYWIDE ADMIN SVCS,2019-09-30T00:00:00.000,MANHATTAN,CHAUFFEUR-ATTENDANT,ACTIVE,48410.00,per Annum,1520,35086.93,281.75,9798.49,0.00
2020,868,DEPT OF CITYWIDE ADMIN SVCS,2019-10-15T00:00:00.000,MANHATTAN,ADMINISTRATIVE SPACE ANALYST,ACTIVE,92700.00,per Annum,1250,44447.31,0,0.00,0.00
2020,868,DEPT OF CITYWIDE ADMIN SVCS,2020-01-06T00:00:00.000,MANHATTAN,CITY RESEARCH SCIENTIST,ACTIVE,100000.00,per Annum,840,44180.37,0,0.00,74.25
2020,868,DEPT OF CITYWIDE ADMIN SVCS,2016-05-31T00:00:00.000,BRONX,CITY CUSTODIAL ASSISTANT,ACTIVE,36916.00,per Annum,2080,36333.06,245.25,6429.35,1452.42
2020,868,DEPT OF CITYWIDE ADMIN SVCS,2018-08-20T00:00:00.000,BROOKLYN,CITY CUSTODIAL ASSISTANT,ACTIVE,32260.00,per Annum,2080,31764.55,495.25,11350.87,0.00
2020,868,DEPT OF CITYWIDE ADMIN SVCS,2018-07-23T00:00:00.000,BRONX,CITY CUSTODIAL ASSISTANT,ACTIVE,32260.00,per Annum,2080,31764.55,451,10475.53,843.74
2020,868,DEPT OF CITYWIDE ADMIN SVCS,2009-07-13T00:00:00.000,QUEENS,CUSTODIAN,ACTIVE,38749.00,per Annum,2080,40792.16,5,162.86,1560.51
2020,868,DEPT OF CITYWIDE ADMIN SVCS,2008-05-12T00:00:00.000,MANHATTAN,CITY CUSTODIAL ASSISTANT,ACTIVE,36915.00,per Annum,2080,36348.30,62.75,1827.13,3968.99
2020,868,DEPT OF CITYWIDE ADMIN SVCS,2013-02-25T00:00:00.000,BROOKLYN,CITY CUSTODIAL ASSISTANT,ACTIVE,36915.00,per Annum,2080,36348.30,213.25,5612.23,0.00
2020,868,DEPT OF CITYWIDE ADMIN SVCS,1996-06-23T00:00:00.000,MANHATTAN,COMMUNITY ASSISTANT,ACTIVE,40366.00,per Annum,1820,39738.18,0,0.00,1324.26
2020,868,DEPT OF CITYWIDE ADMIN SVCS,2005-05-08T00:00:00.000,BRONX,CITY CUSTODIAL ASSISTANT,ACTIVE,36915.00,per Annum,2080,36211.21,72,2036.88,2732.95
2020,868,DEPT OF CITYWIDE ADMIN SVCS,2001-04-15T00:00:00.000,BROOKLYN,CITY CUSTODIAL ASSISTANT,ACTIVE,36974.00,per Annum,2080,36398.49,0,0.00,4378.81
2020,868,DEPT OF CITYWIDE ADMIN SVCS,2008-04-07T00:00:00.000,MANHATTAN,CITY CUSTODIAL ASSISTANT,ACTIVE,36915.00,per Annum,2048,35783.42,42.25,1232.11,3744.08
2020,868,DEPT OF CITYWIDE ADMIN SVCS,2016-04-25T00:00:00.000,MANHATTAN,CLERICAL ASSOCIATE,ACTIVE,47611.00,per Annum,1890,40722.52,0,0.00,-26.01
2020,868,DEPT OF CITYWIDE ADMIN SVCS,2014-09-08T00:00:00.000,RICHMOND,CITY CUSTODIAL ASSISTANT,ACTIVE,36915.00,per Annum,2080,36254.91,154.5,4060.99,2.49
2020,868,DEPT OF CITYWIDE ADMIN SVCS,2001-04-01T00:00:00.000,BRONX,CUSTODIAN,ACTIVE,38803.00,per Annum,1432,26695.07,408.75,11592.61,1039.34
2020,868,DEPT OF CITYWIDE ADMIN SVCS,2007-10-09T00:00:00.000,BROOKLYN,MACHINIST,CEASED,336.24,per Day,0,4080.43,0,1080.62,151.92
2020,868,DEPT OF CITYWIDE ADMIN SVCS,2017-05-15T00:00:00.000,MANHATTAN,STATIONARY ENGINEER,CEASED,507.68,per Day,0,3799.65,0,496.13,362.02
2020,868,DEPT OF CITYWIDE ADMIN SVCS,2002-05-05T00:00:00.000,MANHATTAN,AGENCY ATTORNEY,CEASED,120818.00,per Annum,0,3600.82,0,0.00,447.70
2020,868,DEPT OF CITYWIDE ADMIN SVCS,2009-08-03T00:00:00.000,MANHATTAN,OILER,CEASED,372.80,per Day,0,3591.92,0,0.00,0.00
2020,868,DEPT OF CITYWIDE ADMIN SVCS,2019-02-19T00:00:00.000,BRONX,JOB TRAINING PARTICIPANT,CEASED,15.00,per Hour,204.25,3063.75,0,0.00,0.00
2020,868,DEPT OF CITYWIDE ADMIN SVCS,2019-01-22T00:00:00.000,MANHATTAN,JOB TRAINING PARTICIPANT,CEASED,15.00,per Hour,192,2880.00,0,0.00,0.00
2020,868,DEPT OF CITYWIDE ADMIN SVCS,2019-07-22T00:00:00.000,MANHATTAN,SUMMER COLLEGE INTERN,CEASED,15.00,per Hour,133,1995.00,0,0.00,0.00
2020,868,DEPT OF CITYWIDE ADMIN SVCS,2015-06-29T00:00:00.000,MANHATTAN,AGENCY ATTORNEY,CEASED,96918.00,per Annum,0,1686.43,0,0.00,46.99
2020,868,DEPT OF CITYWIDE ADMIN SVCS,2017-06-05T00:00:00.000,MANHATTAN,ADMINISTRATIVE BUSINESS PROMOTION COORDINATOR,CEASED,105000.00,per Annum,0,0.00,0,0.00,1703.11
2020,868,DEPT OF CITYWIDE ADMIN SVCS,2018-09-04T00:00:00.000,MANHATTAN,NEW YORK CITY URBAN FELLOW,CEASED,25.61,per Hour,35,896.35,0,0.00,0.00
2020,868,DEPT OF CITYWIDE ADMIN SVCS,2000-03-19T00:00:00.000,MANHATTAN,STATIONARY ENGINEER,CEASED,496.48,per Day,0,640.24,0,0.00,0.00
2020,868,DEPT OF CITYWIDE ADMIN SVCS,2018-09-04T00:00:00.000,MANHATTAN,NEW YORK CITY URBAN FELLOW,CEASED,25.61,per Hour,18,460.98,0,0.00,0.00
2020,868,DEPT OF CITYWIDE ADMIN SVCS,2019-09-16T00:00:00.000,BRONX,JOB TRAINING PARTICIPANT,CEASED,15.00,per Hour,8,120.00,0,0.00,0.00
2020,868,DEPT OF CITYWIDE ADMIN SVCS,2016-10-03T00:00:00.000,MANHATTAN,ASSOCIATE PROJECT MANAGER,CEASED,104295.00,per Annum,0,0.00,0,0.00,0.00
2020,868,DEPT OF CITYWIDE ADMIN SVCS,2002-01-20T00:00:00.000,MANHATTAN,ADMINISTRATIVE CITY PLANNER,ACTIVE,147437.00,per Annum,1820,145196.93,0,0.00,0.00
2020,868,DEPT OF CITYWIDE ADMIN SVCS,2002-07-21T00:00:00.000,MANHATTAN,COMPUTER SPECIALIST,ACTIVE,103696.00,per Annum,1820,102095.72,419,34042.67,6575.03
2020,868,DEPT OF CITYWIDE ADMIN SVCS,2016-11-14T00:00:00.000,MANHATTAN,COMPUTER SYSTEMS MANAGER,ACTIVE,142179.00,per Annum,1820,140018.65,0,0.00,0.00
2020,868,DEPT OF CITYWIDE ADMIN SVCS,2009-03-02T00:00:00.000,MANHATTAN,SUPERVISOR OF MECHANICS,ACTIVE,121196.00,per Annum,2080,128076.46,104.25,10030.17,16.50
2020,868,DEPT OF CITYWIDE ADMIN SVCS,1996-06-23T00:00:00.000,MANHATTAN,EXECUTIVE AGENCY COUNSEL,ACTIVE,136392.00,per Annum,1820,134319.43,0,0.00,0.00
2020,868,DEPT OF CITYWIDE ADMIN SVCS,2018-01-15T00:00:00.000,MANHATTAN,ADMINISTRATIVE PUBLIC INFORMATION SPECIALIST,ACTIVE,140000.00,per Annum,1820,131189.15,0,0.00,0.00
2020,868,DEPT OF CITYWIDE ADMIN SVCS,1996-06-23T00:00:00.000,MANHATTAN,*ATTORNEY AT LAW,ON SEPARATION LEAVE,106924.00,per Annum,1820,111142.33,0,0.00,18566.85
2020,868,DEPT OF CITYWIDE ADMIN SVCS,2018-03-26T00:00:00.000,MANHATTAN,COMPUTER SYSTEMS MANAGER,ACTIVE,131647.00,per Annum,1820,129646.83,0,0.00,0.00
2020,868,DEPT OF CITYWIDE ADMIN SVCS,2015-05-04T00:00:00.000,MANHATTAN,COMPUTER SYSTEMS MANAGER,ACTIVE,128889.00,per Annum,1820,123927.67,0,0.00,3184.68
2020,868,DEPT OF CITYWIDE ADMIN SVCS,2004-10-24T00:00:00.000,MANHATTAN,DEPUTY ASSISTANT COMMISSIONER,ACTIVE,128750.00,per Annum,1820,126793.63,0,0.00,0.00
2020,868,DEPT OF CITYWIDE ADMIN SVCS,2017-09-17T00:00:00.000,MANHATTAN,HIGH PRESSURE PLANT TENDER,ACTIVE,280.00,per Day,2080,72800.00,820.75,43089.38,9994.18
2020,868,DEPT OF CITYWIDE ADMIN SVCS,2015-12-07T00:00:00.000,MANHATTAN,ADMINISTRATIVE ARCHITECT,ACTIVE,123600.00,per Annum,1820,119614.95,0,0.00,461.06
2020,868,DEPT OF CITYWIDE ADMIN SVCS,2007-05-21T00:00:00.000,BROOKLYN,CARPENTER,ACTIVE,364.14,per Day,1820,94635.73,303,22815.83,2289.65
2020,868,DEPT OF CITYWIDE ADMIN SVCS,2016-04-18T00:00:00.000,BROOKLYN,HIGH PRESSURE PLANT TENDER,ACTIVE,280.00,per Day,2080,72800.00,675.5,35463.75,10976.26
2020,868,DEPT OF CITYWIDE ADMIN SVCS,2016-03-21T00:00:00.000,MANHATTAN,ELEVATOR MECHANIC,ACTIVE,398.48,per Day,2080,102882.56,207.5,15352.46,996.20
2020,868,DEPT OF CITYWIDE ADMIN SVCS,2016-04-04T00:00:00.000,BROOKLYN,CITY LABORER,ACTIVE,290.00,per Day,2080,74515.66,755.25,40852.05,1156.35
2020,868,DEPT OF CITYWIDE ADMIN SVCS,2009-06-22T00:00:00.000,MANHATTAN,ADMINISTRATIVE STAFF ANALYST,ACTIVE,118450.00,per Annum,1820,115197.42,0,0.00,976.19
2020,868,DEPT OF CITYWIDE ADMIN SVCS,2017-12-11T00:00:00.000,BRONX,HIGH PRESSURE PLANT TENDER,ACTIVE,280.00,per Day,2080,72800.00,625.5,32278.76,9526.85
2020,868,DEPT OF CITYWIDE ADMIN SVCS,2008-07-21T00:00:00.000,QUEENS,SUPERVISOR OF STOCK WORKERS,ACTIVE,80568.00,per Annum,1820,79310.47,556.25,32191.87,673.56
2020,868,DEPT OF CITYWIDE ADMIN SVCS,1997-03-02T00:00:00.000,MANHATTAN,DEPUTY ASSISTANT COMMISSIONER,ACTIVE,120704.00,per Annum,1820,104519.47,124.5,7184.04,124.06
2020,868,DEPT OF CITYWIDE ADMIN SVCS,2009-03-30T00:00:00.000,MANHATTAN,AUTO MECHANIC,ACTIVE,347.20,per Day,2080,93555.60,217,14234.13,953.56
2020,868,DEPT OF CITYWIDE ADMIN SVCS,2013-06-03T00:00:00.000,MANHATTAN,ASBESTOS HANDLER,ACTIVE,85670.00,per Annum,2080,84694.47,391.5,23810.84,41.23
2020,868,DEPT OF CITYWIDE ADMIN SVCS,2018-11-26T00:00:00.000,RICHMOND,HIGH PRESSURE PLANT TENDER,ACTIVE,280.00,per Day,2080,72800.00,558.25,28901.26,5413.32
2020,868,DEPT OF CITYWIDE ADMIN SVCS,2004-10-03T00:00:00.000,MANHATTAN,SUPERVISING SPECIAL OFFICER,ACTIVE,79187.00,per Annum,2080,78285.01,467.25,26476.37,2169.81
2020,868,DEPT OF CITYWIDE ADMIN SVCS,2018-04-30T00:00:00.000,MANHATTAN,ARCHITECT,ACTIVE,100052.00,per Annum,1820,98515.93,95,7815.70,525.25
2020,868,DEPT OF CITYWIDE ADMIN SVCS,2001-03-25T00:00:00.000,MANHATTAN,ADMINISTRATIVE QUALITY ASSURANCE SPECIALIST,ACTIVE,95992.00,per Annum,1820,95473.32,121,8744.09,1758.87
2020,868,DEPT OF CITYWIDE ADMIN SVCS,2019-06-24T00:00:00.000,MANHATTAN,CONSTRUCTION PROJECT MANAGER,ACTIVE,94245.00,per Annum,1820,92782.15,175.75,12309.33,692.22
2020,868,DEPT OF CITYWIDE ADMIN SVCS,1993-02-28T00:00:00.000,BROOKLYN,CHAUFFEUR-ATTENDANT,ACTIVE,72643.00,per Annum,2080,71539.06,568.25,29242.71,716.92
2020,868,DEPT OF CITYWIDE ADMIN SVCS,2005-05-08T00:00:00.000,RICHMOND,CUSTODIAN,ACTIVE,53712.00,per Annum,2080,52990.55,1266.5,47963.66,480.27
2020,868,DEPT OF CITYWIDE ADMIN SVCS,2018-11-26T00:00:00.000,MANHATTAN,ARCHITECT,ACTIVE,103000.00,per Annum,1820,101418.56,0,0.00,0.00
2020,868,DEPT OF CITYWIDE ADMIN SVCS,2013-03-25T00:00:00.000,MANHATTAN,CONSTRUCTION PROJECT MANAGER,ACTIVE,80568.00,per Annum,1820,82211.92,131.75,9201.48,5225.25
2020,868,DEPT OF CITYWIDE ADMIN SVCS,2019-02-17T00:00:00.000,MANHATTAN,ADMINISTRATIVE STAFF ANALYST,ACTIVE,95000.00,per Annum,1820,94486.57,0,0.00,116.50
2020,868,DEPT OF CITYWIDE ADMIN SVCS,2003-01-05T00:00:00.000,BRONX,CUSTODIAN,ACTIVE,73064.00,per Annum,2080,72169.21,305,16829.20,4943.60
2020,868,DEPT OF CITYWIDE ADMIN SVCS,2016-06-13T00:00:00.000,MANHATTAN,ADMINISTRATIVE QUALITY ASSURANCE SPECIALIST,ACTIVE,88517.00,per Annum,1820,88038.70,75.5,4536.07,1027.87
2020,868,DEPT OF CITYWIDE ADMIN SVCS,2007-02-20T00:00:00.000,QUEENS,MAINTENANCE WORKER,ACTIVE,249.28,per Day,2080,65869.03,547,25944.88,1728.13
2020,868,DEPT OF CITYWIDE ADMIN SVCS,1996-06-23T00:00:00.000,MANHATTAN,ADM MANAGER-NON-MGRL,ACTIVE,75929.00,per Annum,1820,77381.77,244,11740.87,2287.13
2020,868,DEPT OF CITYWIDE ADMIN SVCS,2019-04-15T00:00:00.000,MANHATTAN,AGENCY ATTORNEY,ACTIVE,92551.00,per Annum,1820,91358.18,0,0.00,0.00
2020,868,DEPT OF CITYWIDE ADMIN SVCS,2017-01-23T00:00:00.000,BROOKLYN,PAINTER,ACTIVE,292.53,per Day,1820,76057.80,228,14292.30,888.15
2020,868,DEPT OF CITYWIDE ADMIN SVCS,2014-09-22T00:00:00.000,MANHATTAN,ADMINISTRATIVE PROCUREMENT ANALYST,ACTIVE,91457.00,per Annum,1820,90067.33,0,0.00,0.00
2020,868,DEPT OF CITYWIDE ADMIN SVCS,2017-06-12T00:00:00.000,MANHATTAN,APPRAISER,ACTIVE,91311.00,per Annum,1820,89908.86,0,0.00,74.25
2020,868,DEPT OF CITYWIDE ADMIN SVCS,2006-12-18T00:00:00.000,BRONX,CUSTODIAN,ACTIVE,69825.00,per Annum,2080,68936.54,347.5,17871.58,2678.75
2020,868,DEPT OF CITYWIDE ADMIN SVCS,2003-08-24T00:00:00.000,MANHATTAN,CITY RESEARCH SCIENTIST,ACTIVE,86829.00,per Annum,1820,85495.88,0,0.00,3931.91
2020,868,DEPT OF CITYWIDE ADMIN SVCS,2005-06-20T00:00:00.000,MANHATTAN,ADMIN COMMUNITY RELATIONS SPECIALIST,ACTIVE,79612.00,per Annum,1820,79181.78,173.25,9216.72,986.32
2020,868,DEPT OF CITYWIDE ADMIN SVCS,1996-06-23T00:00:00.000,MANHATTAN,ADM MANAGER-NON-MGRL,ACTIVE,78489.00,per Annum,1820,79994.90,0,0.00,9178.30
2020,868,DEPT OF CITYWIDE ADMIN SVCS,2007-04-02T00:00:00.000,MANHATTAN,ADMINISTRATIVE STAFF ANALYST,ACTIVE,85879.00,per Annum,1820,85414.88,0,0.00,891.24
2020,868,DEPT OF CITYWIDE ADMIN SVCS,2017-05-30T00:00:00.000,BRONX,CITY SECURITY AIDE,ACTIVE,40284.00,per Annum,2080,39665.63,1351.48,40649.98,5965.43
2020,868,DEPT OF CITYWIDE ADMIN SVCS,2005-06-19T00:00:00.000,MANHATTAN,ADMINISTRATIVE INVESTIGATOR,ACTIVE,87410.00,per Annum,1820,86081.74,0,0.00,0.00
2020,868,DEPT OF CITYWIDE ADMIN SVCS,2006-09-25T00:00:00.000,MANHATTAN,ADM MANAGER-NON-MGRL,ACTIVE,83845.00,per Annum,1820,85115.04,0,0.00,844.17
2020,868,DEPT OF CITYWIDE ADMIN SVCS,2009-03-30T00:00:00.000,QUEENS,CITY CUSTODIAL ASSISTANT,ACTIVE,36915.00,per Annum,2080,36348.30,1534.25,44377.88,5231.93
2020,868,DEPT OF CITYWIDE ADMIN SVCS,2015-05-25T00:00:00.000,MANHATTAN,DEPUTY ASSISTANT COMMISSIONER,ACTIVE,86582.00,per Annum,1820,85266.35,0,0.00,0.00
2020,868,DEPT OF CITYWIDE ADMIN SVCS,1996-06-23T00:00:00.000,MANHATTAN,ADMINISTRATIVE STAFF ANALYST,ACTIVE,80665.00,per Annum,1820,80229.13,2.5,115.09,3422.33
2020,868,DEPT OF CITYWIDE ADMIN SVCS,2012-03-19T00:00:00.000,MANHATTAN,PRINCIPAL ADMINISTRATIVE ASSOCIATE -  NON SUPVR,ACTIVE,83436.00,per Annum,1820,82521.34,0,13.64,744.70
2020,868,DEPT OF CITYWIDE ADMIN SVCS,2018-07-09T00:00:00.000,MANHATTAN,SPACE ANALYST,ACTIVE,84254.00,per Annum,1820,82960.36,0,0.00,0.00
2020,868,DEPT OF CITYWIDE ADMIN SVCS,2017-05-15T00:00:00.000,BRONX,COMMUNITY COORDINATOR,ACTIVE,62216.00,per Annum,1820,61260.87,412.75,18086.17,2125.45
2020,868,DEPT OF CITYWIDE ADMIN SVCS,2001-04-15T00:00:00.000,BROOKLYN,CUSTODIAN,ACTIVE,51802.00,per Annum,2080,51209.60,766,28603.95,820.84
2020,868,DEPT OF CITYWIDE ADMIN SVCS,2014-05-12T00:00:00.000,MANHATTAN,SUPERVISING SPECIAL OFFICER,ACTIVE,73884.00,per Annum,2080,71901.17,117.75,6349.88,2064.08
2020,868,DEPT OF CITYWIDE ADMIN SVCS,2014-09-22T00:00:00.000,MANHATTAN,CONFIDENTIAL STRATEGY PLANNER,ACTIVE,93846.00,per Annum,1820,74422.48,119,5583.24,174.97
2020,868,DEPT OF CITYWIDE ADMIN SVCS,2006-11-06T00:00:00.000,MANHATTAN,ADM MANAGER-NON-MGRL,ACTIVE,77178.00,per Annum,1820,78658.51,0,5.88,1463.54
2020,868,DEPT OF CITYWIDE ADMIN SVCS,2017-01-23T00:00:00.000,BROOKLYN,PAINTER,ACTIVE,292.53,per Day,1820,61723.83,284.75,17331.77,347.17
2020,868,DEPT OF CITYWIDE ADMIN SVCS,2018-02-20T00:00:00.000,MANHATTAN,SPECIAL OFFICER,ACTIVE,50207.00,per Annum,2080,49635.30,746.75,26757.59,2056.20
2020,868,DEPT OF CITYWIDE ADMIN SVCS,2015-10-19T00:00:00.000,MANHATTAN,PRINCIPAL ADMINISTRATIVE ASSOCIATE -  NON SUPVR,ACTIVE,75048.00,per Annum,1820,75913.78,6,269.66,940.23
2020,868,DEPT OF CITYWIDE ADMIN SVCS,2015-02-17T00:00:00.000,MANHATTAN,ADMINISTRATIVE STAFF ANALYST,ACTIVE,76835.00,per Annum,1820,76419.64,12.5,683.40,6.31
2020,868,DEPT OF CITYWIDE ADMIN SVCS,2008-09-15T00:00:00.000,MANHATTAN,ADMINISTRATIVE INVESTIGATOR,ACTIVE,78147.00,per Annum,1820,76940.99,0,0.00,0.00
2020,868,DEPT OF CITYWIDE ADMIN SVCS,2005-03-13T00:00:00.000,BRONX,CUSTODIAN,ACTIVE,56681.00,per Annum,2080,56034.96,471,19237.24,1434.63
2020,868,DEPT OF CITYWIDE ADMIN SVCS,2009-08-03T00:00:00.000,MANHATTAN,ADMINISTRATIVE QUALITY ASSURANCE SPECIALIST,ACTIVE,70058.00,per Annum,1820,69679.26,112,4293.44,2178.68
2020,868,DEPT OF CITYWIDE ADMIN SVCS,2013-11-04T00:00:00.000,MANHATTAN,PRINCIPAL ADMINISTRATIVE ASSOCIATE -  NON SUPVR,ACTIVE,73007.00,per Annum,1820,74378.46,0,14.37,11.02
2020,868,DEPT OF CITYWIDE ADMIN SVCS,1996-06-23T00:00:00.000,MANHATTAN,ADM MANAGER-NON-MGRL,ACTIVE,70138.00,per Annum,1820,73146.24,0,0.00,1253.88
2020,868,DEPT OF CITYWIDE ADMIN SVCS,2009-10-13T00:00:00.000,MANHATTAN,TESTS AND MEASUREMENT SPECIALIST,ACTIVE,66591.00,per Annum,1820,66231.19,118.75,6050.41,1330.17
2020,868,DEPT OF CITYWIDE ADMIN SVCS,2017-01-23T00:00:00.000,MANHATTAN,ACCOUNTANT,ACTIVE,74160.00,per Annum,1820,72454.01,0,0.00,1008.25
2020,868,DEPT OF CITYWIDE ADMIN SVCS,2008-08-11T00:00:00.000,MANHATTAN,ASSOCIATE REAL PROPERTY MANAGER,ACTIVE,65930.00,per Annum,1820,64909.56,15.5,587.76,5452.56
2020,868,DEPT OF CITYWIDE ADMIN SVCS,2001-04-01T00:00:00.000,MANHATTAN,CUSTODIAN,ACTIVE,38803.00,per Annum,2080,38358.16,1025.75,29617.22,2608.86
2020,868,DEPT OF CITYWIDE ADMIN SVCS,2017-11-13T00:00:00.000,MANHATTAN,SUPERVISING SPECIAL OFFICER,ACTIVE,55853.00,per Annum,2080,55110.48,338.5,13432.80,1618.07
2020,868,DEPT OF CITYWIDE ADMIN SVCS,1996-06-23T00:00:00.000,MANHATTAN,QUALITY ASSURANCE SPECIALIST,ACTIVE,64520.00,per Annum,1820,62937.30,138,4798.23,2253.05
2020,868,DEPT OF CITYWIDE ADMIN SVCS,2007-01-02T00:00:00.000,QUEENS,CUSTODIAN,ACTIVE,41102.00,per Annum,2080,40633.86,965,28555.81,794.31
2020,868,DEPT OF CITYWIDE ADMIN SVCS,2014-10-06T00:00:00.000,BRONX,CUSTODIAN,ACTIVE,38749.00,per Annum,2080,37178.34,1198,32113.55,522.13
2020,868,DEPT OF CITYWIDE ADMIN SVCS,2010-03-29T00:00:00.000,QUEENS,PRINCIPAL ADMINISTRATIVE ASSOCIATE -  NON SUPVR,ACTIVE,52943.00,per Annum,1820,53958.71,398.5,15228.50,299.13
2020,868,DEPT OF CITYWIDE ADMIN SVCS,2018-04-16T00:00:00.000,QUEENS,MAINTENANCE WORKER,ACTIVE,239.84,per Day,2080,60227.38,145.25,7006.43,2096.80
2020,868,DEPT OF CITYWIDE ADMIN SVCS,2018-04-30T00:00:00.000,QUEENS,CUSTODIAN,ACTIVE,38749.00,per Annum,2080,34454.60,1367.75,33756.36,799.24
2020,868,DEPT OF CITYWIDE ADMIN SVCS,2019-01-07T00:00:00.000,MANHATTAN,EXECUTIVE AGENCY COUNSEL,CEASED,108150.00,per Annum,1085,63068.66,0,0.00,5007.02
2020,868,DEPT OF CITYWIDE ADMIN SVCS,1996-06-23T00:00:00.000,QUEENS,CUSTODIAN,ON SEPARATION LEAVE,56972.00,per Annum,2080,56319.81,167,7308.95,3465.67
2020,868,DEPT OF CITYWIDE ADMIN SVCS,1996-06-23T00:00:00.000,MANHATTAN,PRINCIPAL ADMINISTRATIVE ASSOCIATE -  NON SUPVR,ON SEPARATION LEAVE,59664.00,per Annum,1820,60831.69,48.75,1873.48,4219.81
2020,868,DEPT OF CITYWIDE ADMIN SVCS,2016-12-12T00:00:00.000,MANHATTAN,PRINCIPAL ADMINISTRATIVE ASSOCIATE -  NON SUPVR,ACTIVE,65562.00,per Annum,1820,66819.74,0,0.00,38.25
2020,868,DEPT OF CITYWIDE ADMIN SVCS,2005-05-15T00:00:00.000,BROOKLYN,CITY CUSTODIAL ASSISTANT,ACTIVE,36915.00,per Annum,2080,36348.30,915.75,26470.73,3807.54
2020,868,DEPT OF CITYWIDE ADMIN SVCS,2009-08-03T00:00:00.000,MANHATTAN,STEAM FITTER,ACTIVE,385.00,per Day,1820,100100.00,419.5,46145.00,2255.00
2020,868,DEPT OF CITYWIDE ADMIN SVCS,2006-11-13T00:00:00.000,BROOKLYN,SUPERVISOR PAINTER,ACTIVE,334.32,per Day,1820,85669.50,785.25,55319.67,11787.57
2020,868,DEPT OF CITYWIDE ADMIN SVCS,2005-06-12T00:00:00.000,MANHATTAN,SUPERVISOR ELEVATOR MECHANIC,ACTIVE,446.72,per Day,2080,115337.11,498.5,41187.76,949.28
2020,868,DEPT OF CITYWIDE ADMIN SVCS,2006-09-18T00:00:00.000,MANHATTAN,STATIONARY ENGINEER,CEASED,508.80,per Day,1953.25,132080.63,116,13228.69,12983.84
2020,868,DEPT OF CITYWIDE ADMIN SVCS,1996-06-23T00:00:00.000,BRONX,STATIONARY ENGINEER,ON SEPARATION LEAVE,508.80,per Day,2080,140146.17,140,16164.57,12199.25
2020,868,DEPT OF CITYWIDE ADMIN SVCS,2003-08-24T00:00:00.000,QUEENS,OILER,ACTIVE,478.00,per Day,1728,110594.87,516.5,49556.27,9872.44
2020,868,DEPT OF CITYWIDE ADMIN SVCS,2004-01-18T00:00:00.000,MANHATTAN,STATIONARY ENGINEER,ACTIVE,508.80,per Day,2080,137726.73,232.25,23228.67,13604.88
2020,868,DEPT OF CITYWIDE ADMIN SVCS,2014-11-03T00:00:00.000,MANHATTAN,EXECUTIVE AGENCY COUNSEL,ACTIVE,179215.00,per Annum,1820,176491.89,0,0.00,1000.00
2020,868,DEPT OF CITYWIDE ADMIN SVCS,2016-08-22T00:00:00.000,MANHATTAN,OILER,ACTIVE,478.00,per Day,2080,131626.74,410,38761.72,10770.91
2020,868,DEPT OF CITYWIDE ADMIN SVCS,2019-02-04T00:00:00.000,MANHATTAN,STATIONARY ENGINEER,ACTIVE,508.80,per Day,2080,134352.80,351,33763.89,18711.96
2020,868,DEPT OF CITYWIDE ADMIN SVCS,2015-12-28T00:00:00.000,BRONX,STATIONARY ENGINEER,ACTIVE,508.80,per Day,2080,140146.17,374,37059.24,13738.62
2020,868,DEPT OF CITYWIDE ADMIN SVCS,2015-05-26T00:00:00.000,BRONX,STATIONARY ENGINEER,ACTIVE,508.80,per Day,2080,140146.17,366,37112.26,29771.12
2020,868,DEPT OF CITYWIDE ADMIN SVCS,2007-02-12T00:00:00.000,QUEENS,STATIONARY ENGINEER,ACTIVE,508.80,per Day,1728,117754.01,781,79205.47,11840.30
2020,868,DEPT OF CITYWIDE ADMIN SVCS,2003-05-18T00:00:00.000,MANHATTAN,STATIONARY ENGINEER,ACTIVE,508.80,per Day,2080,140146.17,571.75,55832.11,17642.30
2020,868,DEPT OF CITYWIDE ADMIN SVCS,2002-10-23T00:00:00.000,QUEENS,SENIOR STATIONARY ENGINEER,ACTIVE,581.12,per Day,2080,160054.28,548.25,61528.94,4712.35
2020,868,DEPT OF CITYWIDE ADMIN SVCS,2002-05-19T00:00:00.000,BROOKLYN,ELECTRICIAN,ACTIVE,417.97,per Day,1820,108565.73,1129.5,100761.80,25314.28
2020,868,DEPT OF CITYWIDE ADMIN SVCS,1996-06-23T00:00:00.000,MANHATTAN,STATIONARY ENGINEER,ACTIVE,508.80,per Day,2080,140146.17,876.5,87590.67,14820.38
2020,868,DEPT OF CITYWIDE ADMIN SVCS,2009-09-14T00:00:00.000,BROOKLYN,STATIONARY ENGINEER,ON SEPARATION LEAVE,508.80,per Day,2080,140146.17,715,72593.39,34709.20
2020,826,DEPT OF ENVIRONMENT PROTECTION,2015-09-08T00:00:00.000,BROOKLYN,SEWAGE TREATMENT WORKER,ACTIVE,359.84,per Day,2080,88074.20,144.5,7023.97,22249.66
2020,826,DEPT OF ENVIRONMENT PROTECTION,2018-04-30T00:00:00.000,QUEENS,SEWAGE TREATMENT WORKER,ACTIVE,359.84,per Day,2080,91583.47,133,6873.28,19504.35
2020,826,DEPT OF ENVIRONMENT PROTECTION,1997-09-29T00:00:00.000,ULSTER,COMPUTER SPECIALIST,ACTIVE,113841.00,per Annum,1820,112085.09,0,0.00,6022.47
2020,826,DEPT OF ENVIRONMENT PROTECTION,1988-09-19T00:00:00.000,BROOKLYN,SUPERVISOR,ACTIVE,96529.00,per Annum,2080,95038.94,167.5,12052.59,11132.07
2020,826,DEPT OF ENVIRONMENT PROTECTION,2007-12-03T00:00:00.000,BROOKLYN,MACHINIST,ACTIVE,347.20,per Day,2080,93555.60,354,23823.29,1105.56
2020,826,DEPT OF ENVIRONMENT PROTECTION,2011-04-25T00:00:00.000,QUEENS,CONSTRUCTION LABORER,ACTIVE,352.32,per Day,2080,91091.21,165.5,11138.91,16516.46
2020,826,DEPT OF ENVIRONMENT PROTECTION,2006-03-09T00:00:00.000,QUEENS,ADMINISTRATIVE STAFF ANALYST,ACTIVE,118527.00,per Annum,1820,116038.72,0,0.00,2809.17
2020,826,DEPT OF ENVIRONMENT PROTECTION,2017-02-27T00:00:00.000,MANHATTAN,ELECTRICIAN,ACTIVE,417.97,per Day,1820,108565.73,112.75,10008.46,889.62
2020,826,DEPT OF ENVIRONMENT PROTECTION,2007-02-12T00:00:00.000,QUEENS,ADMINISTRATIVE PROJECT MANAGER,ACTIVE,117398.00,per Annum,1820,112836.00,74.5,6216.90,1016.16
2020,826,DEPT OF ENVIRONMENT PROTECTION,1992-01-06T00:00:00.000,BROOKLYN,SENIOR STATIONARY ENGINEER,CEASED,578.00,per Day,1280,92485.38,260.25,27735.30,0.00
2020,826,DEPT OF ENVIRONMENT PROTECTION,2014-12-08T00:00:00.000,RICHMOND,CONSTRUCTION LABORER,ACTIVE,352.32,per Day,2080,90386.57,293.5,19866.10,10105.00
2020,826,DEPT OF ENVIRONMENT PROTECTION,1981-05-11T00:00:00.000,QUEENS,SUPERVISOR,ACTIVE,96529.00,per Annum,2080,95038.94,306.5,21988.41,4398.65
2020,826,DEPT OF ENVIRONMENT PROTECTION,1988-07-25T00:00:00.000,BROOKLYN,SENIOR STATIONARY ENGINEER,CEASED,618.24,per Day,1280,98923.95,199.75,22990.80,0.00
2020,826,DEPT OF ENVIRONMENT PROTECTION,2015-09-08T00:00:00.000,QUEENS,SEWAGE TREATMENT WORKER,ACTIVE,359.84,per Day,2080,91586.23,168,7066.61,23466.48
2020,826,DEPT OF ENVIRONMENT PROTECTION,2014-11-17T00:00:00.000,MANHATTAN,SUPERVISOR,ACTIVE,96390.00,per Annum,2080,94910.24,308.5,21059.36,7096.37
2020,826,DEPT OF ENVIRONMENT PROTECTION,2015-09-08T00:00:00.000,BROOKLYN,SEWAGE TREATMENT WORKER,ACTIVE,359.84,per Day,2080,91586.23,202.25,13356.81,19482.88
2020,826,DEPT OF ENVIRONMENT PROTECTION,2000-10-30T00:00:00.000,BRONX,ADMINISTRATIVE ENGINEER,ACTIVE,125869.00,per Annum,1820,123928.57,0,0.00,795.64
2020,826,DEPT OF ENVIRONMENT PROTECTION,2006-09-05T00:00:00.000,QUEENS,ADMINISTRATIVE ENGINEER,ACTIVE,131471.00,per Annum,1820,125131.83,0,0.00,8.06
2020,826,DEPT OF ENVIRONMENT PROTECTION,2016-02-22T00:00:00.000,QUEENS,EXECUTIVE AGENCY COUNSEL,ACTIVE,122353.00,per Annum,1820,126557.48,0,0.00,-558.26
2020,826,DEPT OF ENVIRONMENT PROTECTION,2018-04-30T00:00:00.000,QUEENS,SEWAGE TREATMENT WORKER,ACTIVE,359.84,per Day,2080,91583.47,210.25,11787.45,23362.71
2020,826,DEPT OF ENVIRONMENT PROTECTION,2009-07-20T00:00:00.000,BROOKLYN,SEWAGE TREATMENT WORKER,ACTIVE,359.84,per Day,2080,91586.23,125.25,6989.88,29288.18
2020,826,DEPT OF ENVIRONMENT PROTECTION,2006-08-14T00:00:00.000,QUEENS,CONSTRUCTION LABORER,ACTIVE,352.32,per Day,2080,90749.13,247,16746.02,20756.72
2020,826,DEPT OF ENVIRONMENT PROTECTION,2015-10-26T00:00:00.000,MANHATTAN,CONSTRUCTION LABORER,ACTIVE,352.32,per Day,2080,91091.21,473.25,30962.43,9087.51
2020,826,DEPT OF ENVIRONMENT PROTECTION,2000-08-23T00:00:00.000,ULSTER,AGENCY ATTORNEY,ACTIVE,112358.00,per Annum,1820,116791.38,0,0.00,15156.40
2020,826,DEPT OF ENVIRONMENT PROTECTION,2001-02-05T00:00:00.000,BROOKLYN,SUPERVISOR,ACTIVE,96451.00,per Annum,2080,94961.98,382,27371.37,9922.96
2020,826,DEPT OF ENVIRONMENT PROTECTION,2008-06-02T00:00:00.000,BROOKLYN,SEWAGE TREATMENT WORKER,ACTIVE,359.84,per Day,2080,91586.23,99.5,4607.54,36239.00
2020,826,DEPT OF ENVIRONMENT PROTECTION,1997-06-09T00:00:00.000,MANHATTAN,SEWAGE TREATMENT WORKER,ACTIVE,359.84,per Day,2080,89483.87,297,18351.89,24597.78
2020,826,DEPT OF ENVIRONMENT PROTECTION,2019-04-22T00:00:00.000,QUEENS,SEWAGE TREATMENT WORKER,ACTIVE,359.84,per Day,2080,91572.65,442.25,28328.06,13190.51
2020,826,DEPT OF ENVIRONMENT PROTECTION,2010-12-06T00:00:00.000,QUEENS,SENIOR SEWAGE TREATMENT WORKER,ACTIVE,396.40,per Day,2080,97883.43,322.5,22421.50,15154.40
2020,826,DEPT OF ENVIRONMENT PROTECTION,2016-04-25T00:00:00.000,MANHATTAN,CONSTRUCTION LABORER,ACTIVE,352.32,per Day,2080,87446.90,450,30117.74,18564.77
2020,826,DEPT OF ENVIRONMENT PROTECTION,2012-02-13T00:00:00.000,MANHATTAN,OILER,ACTIVE,478.00,per Day,2080,130025.43,0,207.87,6771.55
2020,826,DEPT OF ENVIRONMENT PROTECTION,2007-02-27T00:00:00.000,MANHATTAN,SEWAGE TREATMENT WORKER,ACTIVE,359.84,per Day,2080,91586.23,327.25,18827.51,28798.70
2020,826,DEPT OF ENVIRONMENT PROTECTION,2004-10-18T00:00:00.000,QUEENS,ADMINISTRATIVE PUBLIC HEALTH SANITARIAN,ACTIVE,142512.00,per Annum,1820,140549.62,0,0.00,0.00
2020,826,DEPT OF ENVIRONMENT PROTECTION,2012-12-24T00:00:00.000,QUEENS,COMPUTER SYSTEMS MANAGER,ACTIVE,154500.00,per Annum,1820,142064.36,0,0.00,0.00
2020,826,DEPT OF ENVIRONMENT PROTECTION,1981-07-14T00:00:00.000,QUEENS,SUPERINTENDENT OF WATER AND SEWER SYSTEMS,ACTIVE,145380.00,per Annum,1820,143171.08,0,0.00,0.00
2020,826,DEPT OF ENVIRONMENT PROTECTION,2019-03-04T00:00:00.000,MANHATTAN,SEWAGE TREATMENT WORKER,ACTIVE,359.84,per Day,2080,91574.40,683.5,44811.30,6943.15
2020,826,DEPT OF ENVIRONMENT PROTECTION,2006-10-10T00:00:00.000,QUEENS,ADMINISTRATIVE STAFF ANALYST,ACTIVE,142500.00,per Annum,1820,141729.86,0,0.00,1701.92
2020,826,DEPT OF ENVIRONMENT PROTECTION,2003-04-14T00:00:00.000,QUEENS,SENIOR SEWAGE TREATMENT WORKER,ACTIVE,396.40,per Day,2080,100906.72,181,8999.54,33972.38
2020,826,DEPT OF ENVIRONMENT PROTECTION,2007-06-25T00:00:00.000,BROOKLYN,STATIONARY ENGINEER,ACTIVE,501.92,per Day,2080,108268.26,129,8442.41,27926.92
2020,826,DEPT OF ENVIRONMENT PROTECTION,2015-09-28T00:00:00.000,MANHATTAN,CONSTRUCTION LABORER,ACTIVE,352.32,per Day,2080,90918.96,184,12038.88,10337.12
2020,826,DEPT OF ENVIRONMENT PROTECTION,2018-02-04T00:00:00.000,QUEENS,SEWAGE TREATMENT WORKER,ACTIVE,359.84,per Day,2080,91585.87,253.5,16699.28,4568.36
2020,826,DEPT OF ENVIRONMENT PROTECTION,1995-04-17T00:00:00.000,QUEENS,ASSOCIATE PROJECT MANAGER,ACTIVE,103631.00,per Annum,1820,102040.01,0,0.00,10738.05
2020,826,DEPT OF ENVIRONMENT PROTECTION,1992-11-16T00:00:00.000,SULLIVAN,ASSOCIATE PUBLIC HEALTH SANITARIAN,ACTIVE,104476.00,per Annum,2080,102871.89,0,0.00,9448.13
2020,826,DEPT OF ENVIRONMENT PROTECTION,1989-05-30T00:00:00.000,WESTCHESTER,SUPERVISOR,ACTIVE,95112.00,per Annum,2080,93643.49,183.25,12900.27,5471.62
2020,826,DEPT OF ENVIRONMENT PROTECTION,2015-09-08T00:00:00.000,QUEENS,SEWAGE TREATMENT WORKER,ACTIVE,359.84,per Day,2080,91586.23,2,41.81,17294.23
2020,826,DEPT OF ENVIRONMENT PROTECTION,2019-03-04T00:00:00.000,BROOKLYN,SEWAGE TREATMENT WORKER,ACTIVE,359.84,per Day,2080,91574.30,214,14098.06,2391.22
2020,826,DEPT OF ENVIRONMENT PROTECTION,2013-10-28T00:00:00.000,MANHATTAN,ADMINISTRATIVE PROJECT MANAGER,ACTIVE,107077.00,per Annum,1820,105449.92,0,0.00,750.00
2020,826,DEPT OF ENVIRONMENT PROTECTION,2003-11-03T00:00:00.000,MANHATTAN,SEWAGE TREATMENT WORKER,ACTIVE,359.84,per Day,2080,91585.99,8,80.54,14166.82
2020,826,DEPT OF ENVIRONMENT PROTECTION,1985-07-01T00:00:00.000,QUEENS,SEWAGE TREATMENT WORKER,ACTIVE,359.84,per Day,2080,91586.23,4,261.36,13414.47
2020,826,DEPT OF ENVIRONMENT PROTECTION,1999-08-09T00:00:00.000,WESTCHESTER,ENVIRONMENTAL POLICE OFFICER,ACTIVE,68886.00,per Annum,2340,66669.11,662.95,28545.63,9917.85
2020,826,DEPT OF ENVIRONMENT PROTECTION,1999-07-19T00:00:00.000,BROOKLYN,CONSTRUCTION LABORER,ACTIVE,352.32,per Day,2080,87649.93,157,10290.78,7025.92
2020,826,DEPT OF ENVIRONMENT PROTECTION,1994-10-17T00:00:00.000,QUEENS,CITY RESEARCH SCIENTIST,ACTIVE,97276.00,per Annum,1820,95782.51,32.75,2295.85,6280.31
2020,826,DEPT OF ENVIRONMENT PROTECTION,1993-04-26T00:00:00.000,RICHMOND,STATIONARY ENGINEER,CEASED,501.92,per Day,1160,69269.49,76,7583.71,26685.44
2020,826,DEPT OF ENVIRONMENT PROTECTION,1989-11-13T00:00:00.000,QUEENS,ASSOCIATE PROJECT MANAGER,ACTIVE,86808.00,per Annum,1820,85475.25,123.75,7644.64,10092.03
2020,826,DEPT OF ENVIRONMENT PROTECTION,2002-03-25T00:00:00.000,BRONX,SEWAGE TREATMENT WORKER,ACTIVE,359.84,per Day,2080,91586.23,4,261.68,10990.57
2020,826,DEPT OF ENVIRONMENT PROTECTION,2019-09-23T00:00:00.000,QUEENS,STATIONARY ENGINEER,ACTIVE,501.92,per Day,1272,79787.37,150.75,13986.36,8263.56
2020,826,DEPT OF ENVIRONMENT PROTECTION,2016-09-26T00:00:00.000,QUEENS,ENVIRONMENTAL ENGINEER,ACTIVE,103631.00,per Annum,1820,101427.10,0,0.00,411.59
2020,826,DEPT OF ENVIRONMENT PROTECTION,2013-05-13T00:00:00.000,BRONX,STATIONARY ENGINEER,ACTIVE,501.92,per Day,2080,86544.07,108,8915.43,5783.49
2020,826,DEPT OF ENVIRONMENT PROTECTION,2017-11-27T00:00:00.000,QUEENS,COMPUTER SPECIALIST,ACTIVE,95135.00,per Annum,1820,93674.23,116.25,7202.58,295.65
2020,826,DEPT OF ENVIRONMENT PROTECTION,1989-07-10T00:00:00.000,MANHATTAN,MECHANICAL ENGINEER,ACTIVE,93376.00,per Annum,1820,91942.25,0,0.00,8876.44
2020,826,DEPT OF ENVIRONMENT PROTECTION,1988-09-12T00:00:00.000,WESTCHESTER,ADMINISTRATIVE PROCUREMENT ANALYST-NON-MGRL,ON SEPARATION LEAVE,101210.00,per Annum,1820,100662.98,0,0.00,0.00
2020,826,DEPT OF ENVIRONMENT PROTECTION,2010-09-20T00:00:00.000,BRONX,ADMINISTRATIVE PROJECT MANAGER,ACTIVE,102211.00,per Annum,1820,100641.70,0,0.00,8.25
2020,826,DEPT OF ENVIRONMENT PROTECTION,1991-10-21T00:00:00.000,MANHATTAN,SEWAGE TREATMENT WORKER,ACTIVE,359.84,per Day,2080,90146.78,475.75,24629.71,39255.12
2020,826,DEPT OF ENVIRONMENT PROTECTION,1990-09-24T00:00:00.000,MANHATTAN,SEWAGE TREATMENT WORKER,ACTIVE,359.84,per Day,2080,91586.23,498.25,24460.07,36746.99
2020,826,DEPT OF ENVIRONMENT PROTECTION,1995-12-18T00:00:00.000,QUEENS,DISTRICT SUPERVISOR,ACTIVE,101234.00,per Annum,2080,99671.72,526.75,39747.86,12260.49
2020,826,DEPT OF ENVIRONMENT PROTECTION,2007-02-26T00:00:00.000,MANHATTAN,SEWAGE TREATMENT WORKER,ACTIVE,359.84,per Day,2080,91586.23,555,36834.54,18919.13
2020,826,DEPT OF ENVIRONMENT PROTECTION,2008-08-04T00:00:00.000,RICHMOND,STATIONARY ENGINEER,ACTIVE,501.92,per Day,2080,130503.73,623.25,59563.81,48797.55
2020,826,DEPT OF ENVIRONMENT PROTECTION,2011-02-07T00:00:00.000,QUEENS,STATIONARY ENGINEER,ACTIVE,501.92,per Day,2080,130523.08,665.5,62209.37,37553.79
2020,826,DEPT OF ENVIRONMENT PROTECTION,1992-01-06T00:00:00.000,MANHATTAN,SENIOR STATIONARY ENGINEER,ACTIVE,618.24,per Day,2080,160748.06,595.25,67603.90,173.88
2020,826,DEPT OF ENVIRONMENT PROTECTION,2014-07-14T00:00:00.000,QUEENS,DEPUTY COMMISSIONER OF IT,ACTIVE,231796.00,per Annum,1820,224267.90,0,0.00,0.00
2020,826,DEPT OF ENVIRONMENT PROTECTION,1993-03-01T00:00:00.000,QUEENS,ADMINISTRATIVE ENGINEER,ACTIVE,220218.00,per Annum,1820,216871.95,0,0.00,1000.00
2020,826,DEPT OF ENVIRONMENT PROTECTION,1994-06-27T00:00:00.000,RICHMOND,STATIONARY ENGINEER,ACTIVE,501.92,per Day,2080,130503.73,588.75,57604.04,26586.12
2020,826,DEPT OF ENVIRONMENT PROTECTION,2002-10-07T00:00:00.000,BRONX,SENIOR STATIONARY ENGINEER,ACTIVE,578.00,per Day,2080,150285.38,446.75,48200.71,0.00
2020,826,DEPT OF ENVIRONMENT PROTECTION,1992-10-19T00:00:00.000,QUEENS,STATIONARY ENGINEER,ACTIVE,501.92,per Day,2080,130524.42,452.5,42093.23,16133.20
2020,826,DEPT OF ENVIRONMENT PROTECTION,1987-07-20T00:00:00.000,BRONX,CONSTRUCTION LABORER,ACTIVE,352.32,per Day,2080,91091.21,1167,76650.44,19042.84
2020,826,DEPT OF ENVIRONMENT PROTECTION,2003-11-03T00:00:00.000,BROOKLYN,STATIONARY ENGINEER,ACTIVE,501.92,per Day,2080,130503.73,8,757.59,47566.95
2020,826,DEPT OF ENVIRONMENT PROTECTION,1993-03-08T00:00:00.000,ULSTER,SUPERVISOR OF MECHANICS,ACTIVE,121196.00,per Annum,2080,120540.92,564.25,49127.35,10.75
2020,826,DEPT OF ENVIRONMENT PROTECTION,2007-10-09T00:00:00.000,WESTCHESTER,ADMINISTRATIVE MANAGER,ACTIVE,171878.00,per Annum,1820,169266.44,0,0.00,0.00
2020,826,DEPT OF ENVIRONMENT PROTECTION,1997-09-15T00:00:00.000,QUEENS,ADMINISTRATIVE ENGINEER,ACTIVE,170804.00,per Annum,1820,168208.74,0,0.00,0.00
2020,826,DEPT OF ENVIRONMENT PROTECTION,1992-11-30T00:00:00.000,WESTCHESTER,ADMINISTRATIVE ENGINEER,ACTIVE,170804.00,per Annum,1820,168208.74,0,0.00,0.00
2020,826,DEPT OF ENVIRONMENT PROTECTION,2004-06-28T00:00:00.000,QUEENS,STATIONARY ENGINEER,ACTIVE,501.92,per Day,2080,130523.08,110,10347.71,25813.07
2020,826,DEPT OF ENVIRONMENT PROTECTION,1989-08-28T00:00:00.000,RICHMOND,SENIOR STATIONARY ENGINEER,ACTIVE,618.24,per Day,2080,160748.27,42,4551.80,0.00
2020,826,DEPT OF ENVIRONMENT PROTECTION,2011-07-25T00:00:00.000,QUEENS,EXECUTIVE AGENCY COUNSEL,ACTIVE,166507.00,per Annum,1820,163976.88,0,0.00,0.00
2020,826,DEPT OF ENVIRONMENT PROTECTION,2015-09-08T00:00:00.000,MANHATTAN,SEWAGE TREATMENT WORKER,ACTIVE,359.84,per Day,2080,91586.23,882,57411.05,14543.62
2020,826,DEPT OF ENVIRONMENT PROTECTION,2002-09-30T00:00:00.000,RICHMOND,SENIOR SEWAGE TREATMENT WORKER,ACTIVE,396.40,per Day,2080,100891.05,333.5,25050.62,34715.75
2020,826,DEPT OF ENVIRONMENT PROTECTION,2001-01-29T00:00:00.000,MANHATTAN,SENIOR SEWAGE TREATMENT WORKER,ACTIVE,396.40,per Day,2080,100893.63,365.5,26805.42,32599.24
2020,826,DEPT OF ENVIRONMENT PROTECTION,2002-09-30T00:00:00.000,MANHATTAN,SENIOR SEWAGE TREATMENT WORKER,ACTIVE,396.40,per Day,2080,100891.05,274.5,18712.11,38892.42
2020,826,DEPT OF ENVIRONMENT PROTECTION,2008-07-21T00:00:00.000,QUEENS,ADMINISTRATIVE PROJECT MANAGER,ACTIVE,171878.00,per Annum,1820,157986.68,0,0.00,0.00
2020,826,DEPT OF ENVIRONMENT PROTECTION,1989-06-26T00:00:00.000,QUEENS,ADMINISTRATIVE PROJECT MANAGER,ACTIVE,164800.00,per Annum,1820,156247.03,0,0.00,631.64
2020,826,DEPT OF ENVIRONMENT PROTECTION,2014-09-08T00:00:00.000,QUEENS,AGENCY ATTORNEY,ACTIVE,107685.00,per Annum,1820,111844.62,0,0.00,4830.09
2020,826,DEPT OF ENVIRONMENT PROTECTION,1993-04-05T00:00:00.000,WESTCHESTER,ASSOCIATE PROJECT MANAGER,ACTIVE,104452.00,per Annum,1820,102848.32,0,0.00,11382.68
2020,826,DEPT OF ENVIRONMENT PROTECTION,2017-06-26T00:00:00.000,BROOKLYN,SEWAGE TREATMENT WORKER,ACTIVE,359.84,per Day,2080,91583.47,46.75,3247.36,20555.46
2020,826,DEPT OF ENVIRONMENT PROTECTION,2011-06-27T00:00:00.000,QUEENS,ADMINISTRATIVE ENGINEER,CEASED,154500.00,per Annum,1400,115984.14,0,0.00,85.00
2020,826,DEPT OF ENVIRONMENT PROTECTION,2019-05-20T00:00:00.000,BROOKLYN,SEWAGE TREATMENT WORKER,ACTIVE,359.84,per Day,2080,91571.65,282,18218.83,6770.06
2020,826,DEPT OF ENVIRONMENT PROTECTION,2016-12-26T00:00:00.000,MANHATTAN,ADMINISTRATIVE PROJECT MANAGER,CEASED,119032.00,per Annum,0,0.00,0,0.00,813.53
2020,826,DEPT OF ENVIRONMENT PROTECTION,2017-03-13T00:00:00.000,BRONX,ELECTRICIAN'S HELPER,CEASED,260.05,per Day,455,-520.10,0,0.00,743.46
2020,826,DEPT OF ENVIRONMENT PROTECTION,2019-06-24T00:00:00.000,QUEENS,CIVIL ENGINEERING INTERN,ACTIVE,53560.00,per Annum,1820,52737.59,556.25,21462.44,1793.25
2020,826,DEPT OF ENVIRONMENT PROTECTION,2006-09-11T00:00:00.000,ULSTER,ASSOCIATE STAFF ANALYST,ACTIVE,75591.00,per Annum,1820,74108.51,0,0.00,1811.79
2020,826,DEPT OF ENVIRONMENT PROTECTION,2013-05-13T00:00:00.000,QUEENS,ASSISTANT CIVIL ENGINEER,ACTIVE,72850.00,per Annum,1820,72536.84,28.75,1228.26,1882.41
2020,826,DEPT OF ENVIRONMENT PROTECTION,2018-06-25T00:00:00.000,QUEENS,PROJECT MANAGER,ACTIVE,77941.00,per Annum,1820,75334.93,0,0.00,205.25
2020,826,DEPT OF ENVIRONMENT PROTECTION,2016-08-22T00:00:00.000,WESTCHESTER,ENVIRONMENTAL POLICE OFFICER,ACTIVE,64397.00,per Annum,2340,64048.88,134.5,4470.85,6765.35
2020,826,DEPT OF ENVIRONMENT PROTECTION,1992-09-28T00:00:00.000,WESTCHESTER,ADMINISTRATIVE ENGINEER,ACTIVE,101152.00,per Annum,1820,99598.92,0,0.00,126.25
2020,826,DEPT OF ENVIRONMENT PROTECTION,1996-05-30T00:00:00.000,WESTCHESTER,ADMINISTRATIVE ENGINEER,ACTIVE,100932.00,per Annum,1820,99382.30,0,0.00,242.35
2020,826,DEPT OF ENVIRONMENT PROTECTION,2009-01-05T00:00:00.000,DELAWARE,ENVIRONMENTAL POLICE OFFICER,ACTIVE,64397.00,per Annum,2340,64048.88,83.22,3071.31,7383.89
2020,826,DEPT OF ENVIRONMENT PROTECTION,1994-11-16T00:00:00.000,QUEENS,PRINCIPAL ADMINISTRATIVE ASSOCIATE -  NON SUPVR,ACTIVE,68209.00,per Annum,1820,69540.81,0,0.00,4219.81
2020,826,DEPT OF ENVIRONMENT PROTECTION,2014-09-08T00:00:00.000,QUEENS,CONSTRUCTION PROJECT MANAGER,ACTIVE,70891.00,per Annum,1820,69802.54,0,0.00,3451.63
2020,826,DEPT OF ENVIRONMENT PROTECTION,2005-09-19T00:00:00.000,BROOKLYN,CONSTRUCTION LABORER,ACTIVE,352.32,per Day,2080,90386.57,70,4579.08,3497.60
2020,826,DEPT OF ENVIRONMENT PROTECTION,1995-09-29T00:00:00.000,QUEENS,ADM MANAGER-NON-MGRL,ACTIVE,69356.00,per Annum,1820,71956.06,10.5,511.45,633.13
2020,826,DEPT OF ENVIRONMENT PROTECTION,2001-12-03T00:00:00.000,ULSTER,ENVIRONMENTAL POLICE OFFICER,ACTIVE,64397.00,per Annum,2340,64048.88,0.5,14.85,8911.46
2020,826,DEPT OF ENVIRONMENT PROTECTION,1999-06-28T00:00:00.000,DELAWARE,ENVIRONMENTAL POLICE OFFICER,ACTIVE,64397.00,per Annum,2340,64048.88,7.5,222.82,8547.77
2020,826,DEPT OF ENVIRONMENT PROTECTION,2014-07-07T00:00:00.000,MANHATTAN,SEWAGE TREATMENT WORKER,ACTIVE,359.84,per Day,2080,91586.15,10,482.01,5357.24
2020,826,DEPT OF ENVIRONMENT PROTECTION,2016-07-11T00:00:00.000,BROOKLYN,CONSTRUCTION LABORER,ACTIVE,352.32,per Day,2080,79002.23,97.5,6469.39,11564.01
2020,826,DEPT OF ENVIRONMENT PROTECTION,2016-03-28T00:00:00.000,QUEENS,PRINCIPAL ADMINISTRATIVE ASSOCIATE -  NON SUPVR,ACTIVE,68754.00,per Annum,1820,70095.48,0,0.00,1995.10
2020,826,DEPT OF ENVIRONMENT PROTECTION,1997-04-07T00:00:00.000,QUEENS,WATER USE INSPECTOR,ACTIVE,52952.00,per Annum,1820,52345.36,379,15098.23,4317.16
2020,826,DEPT OF ENVIRONMENT PROTECTION,1988-05-23T00:00:00.000,WESTCHESTER,ASSOCIATE PROJECT MANAGER,ACTIVE,96452.00,per Annum,1820,94579.71,0,0.00,1576.81
2020,826,DEPT OF ENVIRONMENT PROTECTION,1987-11-16T00:00:00.000,QUEENS,INDUSTRIAL HYGIENIST,ACTIVE,66551.00,per Annum,1820,65521.20,0,0.00,5426.44
2020,826,DEPT OF ENVIRONMENT PROTECTION,1980-11-24T00:00:00.000,QUEENS,CLERICAL ASSOCIATE,ACTIVE,58735.00,per Annum,1890,59038.18,165.25,6592.17,5316.73
2020,826,DEPT OF ENVIRONMENT PROTECTION,2016-09-26T00:00:00.000,QUEENS,ASSISTANT CIVIL ENGINEER,ACTIVE,64353.00,per Annum,1820,63365.08,157.75,6368.98,828.01
2020,826,DEPT OF ENVIRONMENT PROTECTION,2016-04-11T00:00:00.000,MANHATTAN,COMMUNITY COORDINATOR,ACTIVE,71449.00,per Annum,1820,70234.83,0,0.00,0.00
2020,826,DEPT OF ENVIRONMENT PROTECTION,2008-07-28T00:00:00.000,WESTCHESTER,ASSOCIATE PROJECT MANAGER,ACTIVE,90250.00,per Annum,1820,88864.25,0,0.00,6762.69
2020,826,DEPT OF ENVIRONMENT PROTECTION,2017-05-08T00:00:00.000,QUEENS,CITY RESEARCH SCIENTIST,ACTIVE,70554.00,per Annum,1820,69470.76,0,0.00,298.27
2020,826,DEPT OF ENVIRONMENT PROTECTION,2007-05-29T00:00:00.000,MANHATTAN,PRINCIPAL ADMINISTRATIVE ASSOCIATE -  NON SUPVR,ACTIVE,59237.00,per Annum,1820,60290.35,210.75,8622.43,760.89
2020,826,DEPT OF ENVIRONMENT PROTECTION,2019-04-22T00:00:00.000,BROOKLYN,SEWAGE TREATMENT WORKER,ACTIVE,359.84,per Day,2080,91572.65,54,3528.36,428.09
2020,826,DEPT OF ENVIRONMENT PROTECTION,2017-09-11T00:00:00.000,QUEENS,ASSISTANT MECHANICAL ENGINEER,ACTIVE,65640.00,per Annum,1820,63860.53,115.25,4905.74,471.03
2020,826,DEPT OF ENVIRONMENT PROTECTION,2007-10-01T00:00:00.000,DELAWARE,WATERSHED MAINTAINER,ACTIVE,60017.00,per Annum,2080,59095.50,13.5,609.09,9464.48
2020,826,DEPT OF ENVIRONMENT PROTECTION,1996-10-21T00:00:00.000,BROOKLYN,AIR POLLUTION INSPECTOR,ACTIVE,53869.00,per Annum,1820,53034.03,243.5,10145.57,5822.68
2020,826,DEPT OF ENVIRONMENT PROTECTION,2008-01-28T00:00:00.000,QUEENS,ASSISTANT ARCHITECT,ACTIVE,65640.00,per Annum,1820,64632.11,0,0.00,3679.51
2020,826,DEPT OF ENVIRONMENT PROTECTION,2013-09-23T00:00:00.000,WESTCHESTER,WATERSHED MAINTAINER,ACTIVE,60017.00,per Annum,2080,59095.50,57.5,2448.37,6600.71
2020,826,DEPT OF ENVIRONMENT PROTECTION,2012-01-09T00:00:00.000,SULLIVAN,WATERSHED MAINTAINER,ACTIVE,60017.00,per Annum,2080,59095.50,43.25,1935.18,6965.33
2020,826,DEPT OF ENVIRONMENT PROTECTION,2017-11-13T00:00:00.000,QUEENS,INDUSTRIAL HYGIENIST,ACTIVE,66447.00,per Annum,1820,62253.11,189,4560.43,226.51
2020,826,DEPT OF ENVIRONMENT PROTECTION,2007-09-10T00:00:00.000,QUEENS,PRINCIPAL ADMINISTRATIVE ASSOCIATE -  NON SUPVR,ACTIVE,63296.00,per Annum,1820,63200.04,45.5,1999.13,1700.83
2020,826,DEPT OF ENVIRONMENT PROTECTION,2018-01-22T00:00:00.000,QUEENS,ASSISTANT CIVIL ENGINEER,ACTIVE,67403.00,per Annum,1820,66368.23,0,0.00,184.62
2020,826,DEPT OF ENVIRONMENT PROTECTION,2017-05-08T00:00:00.000,ULSTER,STAFF ANALYST,ACTIVE,66875.00,per Annum,1820,66513.56,0,0.00,0.00
2020,826,DEPT OF ENVIRONMENT PROTECTION,2000-04-03T00:00:00.000,QUEENS,CITY LABORER,ACTIVE,290.00,per Day,2040,66075.23,0,0.00,0.00
2020,826,DEPT OF ENVIRONMENT PROTECTION,2015-02-23T00:00:00.000,QUEENS,ADMINISTRATIVE PROJECT MANAGER,ACTIVE,80594.00,per Annum,1610,63627.85,2.5,110.28,1527.16
2020,826,DEPT OF ENVIRONMENT PROTECTION,1992-11-30T00:00:00.000,SCHOHARIE,WATERSHED MAINTAINER,ACTIVE,60205.00,per Annum,2080,59272.55,33.25,1541.43,4378.81
2020,826,DEPT OF ENVIRONMENT PROTECTION,2015-06-22T00:00:00.000,WESTCHESTER,INDUSTRIAL HYGIENIST,ACTIVE,64447.00,per Annum,1820,63457.62,21,943.66,655.49
2020,826,DEPT OF ENVIRONMENT PROTECTION,2017-02-13T00:00:00.000,QUEENS,PRINCIPAL ADMINISTRATIVE ASSOCIATE -  NON SUPVR,ACTIVE,66332.00,per Annum,1820,64689.39,0,0.00,292.34
2020,826,DEPT OF ENVIRONMENT PROTECTION,1996-05-30T00:00:00.000,QUEENS,ASSOCIATE PROJECT MANAGER,ACTIVE,78629.00,per Annum,1820,77421.85,94.5,5591.96,10853.52
2020,826,DEPT OF ENVIRONMENT PROTECTION,1992-08-10T00:00:00.000,WESTCHESTER,SCIENTIST,ACTIVE,87372.00,per Annum,1820,86030.48,0,0.00,7560.47
2020,826,DEPT OF ENVIRONMENT PROTECTION,2019-05-20T00:00:00.000,MANHATTAN,SEWAGE TREATMENT WORKER,ACTIVE,359.84,per Day,2080,87738.37,67.5,4470.09,1275.38
2020,826,DEPT OF ENVIRONMENT PROTECTION,1995-05-30T00:00:00.000,PUTNAM,WATERSHED MAINTAINER,ACTIVE,60165.00,per Annum,2080,59233.12,0,0.00,4378.81
2020,826,DEPT OF ENVIRONMENT PROTECTION,2008-01-28T00:00:00.000,WESTCHESTER,WATERSHED MAINTAINER,ACTIVE,60017.00,per Annum,2080,59095.50,19.5,880.29,3610.54
2020,826,DEPT OF ENVIRONMENT PROTECTION,2015-03-23T00:00:00.000,QUEENS,ASSOCIATE CHEMIST,ACTIVE,60862.00,per Annum,1820,59927.31,39,1505.03,1910.22
2020,826,DEPT OF ENVIRONMENT PROTECTION,2012-09-24T00:00:00.000,QUEENS,ASSOCIATE CHEMIST,ACTIVE,60862.00,per Annum,1820,55101.22,147,4957.81,2849.13
2020,826,DEPT OF ENVIRONMENT PROTECTION,2007-05-14T00:00:00.000,ULSTER,PROCUREMENT ANALYST,ACTIVE,67002.00,per Annum,1820,62398.19,6.75,247.54,0.00
2020,826,DEPT OF ENVIRONMENT PROTECTION,2015-10-19T00:00:00.000,QUEENS,INDUSTRIAL HYGIENIST,ACTIVE,54499.00,per Annum,1820,53662.36,228.75,8389.84,552.58
2020,826,DEPT OF ENVIRONMENT PROTECTION,2016-03-28T00:00:00.000,QUEENS,COMPUTER ASSOCIATE,ACTIVE,57327.00,per Annum,1820,58426.80,108.25,3858.43,8.63
2020,826,DEPT OF ENVIRONMENT PROTECTION,2016-07-11T00:00:00.000,WESTCHESTER,SCIENTIST,ACTIVE,60871.00,per Annum,1820,59936.40,16,623.33,1473.93
2020,826,DEPT OF ENVIRONMENT PROTECTION,1988-08-22T00:00:00.000,QUEENS,ASSOCIATE PROJECT MANAGER,ACTIVE,86808.00,per Annum,1820,85475.25,0,0.00,7560.47
2020,826,DEPT OF ENVIRONMENT PROTECTION,2018-06-11T00:00:00.000,QUEENS,CONSTRUCTION LABORER,ACTIVE,352.32,per Day,2080,48016.23,375,12854.00,980.71
2020,826,DEPT OF ENVIRONMENT PROTECTION,2016-06-06T00:00:00.000,WESTCHESTER,ENVIRONMENTAL POLICE OFFICER,ACTIVE,55862.00,per Annum,2340,54149.79,113.48,3048.00,3829.48
2020,826,DEPT OF ENVIRONMENT PROTECTION,2001-06-11T00:00:00.000,BROOKLYN,CLERICAL ASSOCIATE,ACTIVE,41848.00,per Annum,1820,41205.35,420.75,13658.25,5707.77
2020,826,DEPT OF ENVIRONMENT PROTECTION,2013-09-23T00:00:00.000,PUTNAM,WATERSHED MAINTAINER,ACTIVE,60017.00,per Annum,2080,59095.50,20,837.20,0.00
2020,826,DEPT OF ENVIRONMENT PROTECTION,2015-01-12T00:00:00.000,QUEENS,PRINCIPAL ADMINISTRATIVE ASSOCIATE -  NON SUPVR,ACTIVE,59238.00,per Annum,1820,59307.09,0,0.00,16.50
2020,826,DEPT OF ENVIRONMENT PROTECTION,2019-03-11T00:00:00.000,QUEENS,ASSISTANT MECHANICAL ENGINEER,ACTIVE,59452.00,per Annum,1820,58539.06,8.5,334.40,227.49
2020,826,DEPT OF ENVIRONMENT PROTECTION,1987-09-14T00:00:00.000,WESTCHESTER,COMPUTER AIDE-NON-SPVR,ACTIVE,51420.00,per Annum,1820,50622.59,22.25,869.70,5994.86
2020,826,DEPT OF ENVIRONMENT PROTECTION,2019-12-02T00:00:00.000,QUEENS,SEWAGE TREATMENT WORKER,ACTIVE,359.84,per Day,1160,51495.20,86,5768.34,134.96
2020,826,DEPT OF ENVIRONMENT PROTECTION,2010-05-17T00:00:00.000,QUEENS,PRINCIPAL ADMINISTRATIVE ASSOCIATE -  NON SUPVR,ACTIVE,59238.00,per Annum,1820,54226.83,59.5,2452.55,366.06
2020,826,DEPT OF ENVIRONMENT PROTECTION,2016-06-06T00:00:00.000,ULSTER,ENVIRONMENTAL POLICE OFFICER,ACTIVE,55862.00,per Annum,2340,54149.79,8.95,100.50,1775.96
2020,826,DEPT OF ENVIRONMENT PROTECTION,2017-11-27T00:00:00.000,ULSTER,ENVIRONMENTAL POLICE OFFICER,ACTIVE,52753.00,per Annum,2340,49589.84,23.25,491.38,5217.54
2020,826,DEPT OF ENVIRONMENT PROTECTION,1986-07-14T00:00:00.000,QUEENS,CLERICAL ASSOCIATE,ACTIVE,49891.00,per Annum,1820,49117.19,0,0.00,5835.72
2020,826,DEPT OF ENVIRONMENT PROTECTION,2019-07-22T00:00:00.000,QUEENS,COMPUTER PROGRAMMER ANALYST,ACTIVE,59768.00,per Annum,1680,54407.60,0,0.00,24.75
2020,826,DEPT OF ENVIRONMENT PROTECTION,2002-10-07T00:00:00.000,WESTCHESTER,ENVIRONMENTAL POLICE OFFICER,ACTIVE,77070.00,per Annum,2340,76653.40,3.83,134.56,13878.07
2020,826,DEPT OF ENVIRONMENT PROTECTION,2018-09-10T00:00:00.000,QUEENS,ENVIRONMENTAL ENGINEERING INTERN,ACTIVE,54765.00,per Annum,1820,53924.28,0,0.00,168.30
2020,826,DEPT OF ENVIRONMENT PROTECTION,2010-05-17T00:00:00.000,QUEENS,PRINCIPAL ADMINISTRATIVE ASSOCIATE -  NON SUPVR,ACTIVE,52943.00,per Annum,1820,53958.71,0,0.00,0.00
2020,826,DEPT OF ENVIRONMENT PROTECTION,2019-02-25T00:00:00.000,QUEENS,ASSISTANT ELECTRICAL ENGINEER,ACTIVE,57720.00,per Annum,1820,53533.24,0,0.00,35.10
2020,826,DEPT OF ENVIRONMENT PROTECTION,2019-04-08T00:00:00.000,QUEENS,ENVIRONMENTAL ENGINEERING INTERN,ACTIVE,53560.00,per Annum,1820,52737.59,15.5,608.31,24.75
2020,826,DEPT OF ENVIRONMENT PROTECTION,2019-10-15T00:00:00.000,BROOKLYN,ELECTRICIAN'S HELPER,ACTIVE,265.23,per Day,1253,47475.94,93,5285.66,0.00
2020,826,DEPT OF ENVIRONMENT PROTECTION,2010-06-07T00:00:00.000,QUEENS,CLERICAL ASSOCIATE,ACTIVE,51500.00,per Annum,1820,50705.27,0,0.00,1717.57
2020,826,DEPT OF ENVIRONMENT PROTECTION,2016-09-12T00:00:00.000,RICHMOND,WATER USE INSPECTOR,ACTIVE,52864.00,per Annum,1820,52219.69,0,0.00,0.00
2020,826,DEPT OF ENVIRONMENT PROTECTION,2011-05-23T00:00:00.000,ULSTER,ASSOCIATE PROJECT MANAGER,ACTIVE,85455.00,per Annum,1820,84142.90,0,0.00,5115.98
2020,826,DEPT OF ENVIRONMENT PROTECTION,2019-04-09T00:00:00.000,QUEENS,COMMUNITY COORDINATOR,ACTIVE,62215.00,per Annum,1610,51809.90,0,0.00,8.25
2020,826,DEPT OF ENVIRONMENT PROTECTION,2010-05-17T00:00:00.000,QUEENS,CLERICAL ASSOCIATE,ACTIVE,46019.00,per Annum,1820,45312.54,32.25,916.73,1735.13
2020,826,DEPT OF ENVIRONMENT PROTECTION,2015-05-11T00:00:00.000,BROOKLYN,GARDENER,CEASED,49922.00,per Annum,2080,46100.12,0,0.00,204.16
2020,826,DEPT OF ENVIRONMENT PROTECTION,2018-10-22T00:00:00.000,QUEENS,CLERICAL ASSOCIATE,ACTIVE,41848.00,per Annum,1820,41205.35,104.5,2983.39,722.62
2020,826,DEPT OF ENVIRONMENT PROTECTION,2019-07-22T00:00:00.000,MANHATTAN,ENGINEERING TECHNICIAN,ACTIVE,38930.00,per Annum,1680,35438.56,352.75,9200.66,49.52
2020,826,DEPT OF ENVIRONMENT PROTECTION,2019-10-28T00:00:00.000,WESTCHESTER,STAFF ANALYST,ACTIVE,62152.00,per Annum,1190,40415.80,85.5,3737.79,57.81
2020,826,DEPT OF ENVIRONMENT PROTECTION,2009-01-20T00:00:00.000,QUEENS,CLERICAL ASSOCIATE,ACTIVE,42847.00,per Annum,1820,42189.20,0,0.00,1750.60
2020,826,DEPT OF ENVIRONMENT PROTECTION,2014-03-24T00:00:00.000,MANHATTAN,GEOLOGIST,ACTIVE,91498.00,per Annum,1820,86027.99,0,0.00,889.04
2020,826,DEPT OF ENVIRONMENT PROTECTION,2012-07-23T00:00:00.000,QUEENS,ASSISTANT MECHANICAL ENGINEER,ON LEAVE,65640.00,per Annum,1190,42034.73,1,35.98,1284.20
2020,826,DEPT OF ENVIRONMENT PROTECTION,2017-11-13T00:00:00.000,BRONX,CONSTRUCTION LABORER,ACTIVE,352.32,per Day,2080,74885.70,111,6656.23,5258.54
2020,826,DEPT OF ENVIRONMENT PROTECTION,2019-08-12T00:00:00.000,QUEENS,ENGINEERING TECHNICIAN,ACTIVE,38930.00,per Annum,1575,33269.93,357,9325.87,249.56
2020,826,DEPT OF ENVIRONMENT PROTECTION,2003-09-08T00:00:00.000,QUEENS,ADMINISTRATIVE PROJECT MANAGER,ACTIVE,85389.00,per Annum,1820,84071.21,42.75,2270.18,331.18
2020,826,DEPT OF ENVIRONMENT PROTECTION,2018-02-12T00:00:00.000,ULSTER,WATERSHED MAINTAINER,ACTIVE,42611.00,per Annum,2080,41923.26,0,0.00,0.00
2020,826,DEPT OF ENVIRONMENT PROTECTION,2019-08-12T00:00:00.000,QUEENS,INVESTIGATOR,ACTIVE,47705.00,per Annum,1575,40769.14,29.5,785.12,235.00
2020,826,DEPT OF ENVIRONMENT PROTECTION,2009-03-09T00:00:00.000,WESTCHESTER,ASSOCIATE LABORATORY MICROBIOLOGIST,ACTIVE,76818.00,per Annum,1820,76402.74,0,0.00,10192.26
2020,826,DEPT OF ENVIRONMENT PROTECTION,1989-10-23T00:00:00.000,BROOKLYN,INSTRUMENTAL SPECIALIST,CEASED,67919.00,per Annum,1123,38202.91,0,0.00,3123.81
2020,826,DEPT OF ENVIRONMENT PROTECTION,2019-02-25T00:00:00.000,BRONX,WATERSHED MAINTAINER,ACTIVE,41033.00,per Annum,2080,39093.44,58,1670.73,451.69
2020,826,DEPT OF ENVIRONMENT PROTECTION,1990-08-13T00:00:00.000,WESTCHESTER,ASSOCIATE STAFF ANALYST,ACTIVE,76753.00,per Annum,1820,76338.26,77.5,4551.48,5562.71
2020,826,DEPT OF ENVIRONMENT PROTECTION,1989-08-21T00:00:00.000,QUEENS,ASSOCIATE PROJECT MANAGER,ACTIVE,78879.00,per Annum,1820,77668.09,23,1089.82,7576.97
2020,826,DEPT OF ENVIRONMENT PROTECTION,2015-08-24T00:00:00.000,QUEENS,CUSTODIAN,ACTIVE,38749.00,per Annum,2080,38301.08,41,1104.45,15.45
2020,826,DEPT OF ENVIRONMENT PROTECTION,2016-05-09T00:00:00.000,MANHATTAN,ADMINISTRATIVE PROJECT MANAGER,CEASED,123799.00,per Annum,567,38364.63,0,0.00,0.00
2020,826,DEPT OF ENVIRONMENT PROTECTION,2019-01-14T00:00:00.000,QUEENS,CLERICAL ASSOCIATE,ACTIVE,19.92,per Hour,1742.82,34343.39,24.25,482.05,1538.16
2020,826,DEPT OF ENVIRONMENT PROTECTION,1990-03-19T00:00:00.000,QUEENS,ASSISTANT ELECTRICAL ENGINEER,ACTIVE,79780.00,per Annum,1820,78554.92,10.75,525.83,6579.55
2020,826,DEPT OF ENVIRONMENT PROTECTION,2000-09-05T00:00:00.000,QUEENS,PRINCIPAL ADMINISTRATIVE ASSOCIATE -  NON SUPVR,ACTIVE,79563.00,per Annum,1820,81111.63,0,0.00,4219.81
2020,826,DEPT OF ENVIRONMENT PROTECTION,2005-10-11T00:00:00.000,WESTCHESTER,WATERSHED MAINTAINER,ACTIVE,60017.00,per Annum,2080,59095.50,455.5,20337.42,5797.95
2020,826,DEPT OF ENVIRONMENT PROTECTION,2003-08-18T00:00:00.000,BRONX,SUPERVISOR,ACTIVE,72623.00,per Annum,2080,64640.80,283,13510.77,7065.48
2020,826,DEPT OF ENVIRONMENT PROTECTION,2019-08-12T00:00:00.000,QUEENS,CLERICAL ASSOCIATE,ACTIVE,19.92,per Hour,1469.92,29065.56,0,0.00,1386.28
2020,826,DEPT OF ENVIRONMENT PROTECTION,2008-09-02T00:00:00.000,SULLIVAN,ENVIRONMENTAL POLICE OFFICER,ACTIVE,68886.00,per Annum,2340,68513.61,105.63,4301.69,11954.84
2020,826,DEPT OF ENVIRONMENT PROTECTION,2016-08-22T00:00:00.000,QUEENS,ASSISTANT ENVIRONMENTAL ENGINEER,CEASED,65640.00,per Annum,700,23938.90,0,0.00,120.11
2020,826,DEPT OF ENVIRONMENT PROTECTION,2019-12-09T00:00:00.000,ALBANY,WATERSHED MAINTAINER,ACTIVE,41033.00,per Annum,1120,21928.27,0,0.00,1448.20
2020,826,DEPT OF ENVIRONMENT PROTECTION,2020-03-09T00:00:00.000,MANHATTAN,ELECTRICIAN'S HELPER,ACTIVE,265.23,per Day,525,19892.25,44,2500.74,0.00
2020,826,DEPT OF ENVIRONMENT PROTECTION,2019-12-09T00:00:00.000,MANHATTAN,APPRENTICE,ACTIVE,37960.00,per Annum,1120,17275.86,199.5,4623.45,438.01
2020,826,DEPT OF ENVIRONMENT PROTECTION,2019-12-09T00:00:00.000,QUEENS,APPRENTICE,ACTIVE,32260.00,per Annum,1120,17275.86,139.5,3232.96,556.20
2020,826,DEPT OF ENVIRONMENT PROTECTION,2019-12-09T00:00:00.000,QUEENS,APPRENTICE,ACTIVE,37960.00,per Annum,1120,17275.86,67,1565.88,765.56
2020,826,DEPT OF ENVIRONMENT PROTECTION,2018-03-12T00:00:00.000,BROOKLYN,CITY PARK WORKER,CEASED,34716.00,per Annum,1080,17583.18,1.5,37.13,167.96
2020,826,DEPT OF ENVIRONMENT PROTECTION,2006-01-30T00:00:00.000,QUEENS,ASSISTANT CHEMICAL ENGINEER,ACTIVE,70892.00,per Annum,1820,69803.57,211,9648.13,3992.66
2020,826,DEPT OF ENVIRONMENT PROTECTION,2019-06-03T00:00:00.000,QUEENS,COLLEGE AIDE,ACTIVE,15.50,per Hour,1101.25,16898.08,0,0.00,105.00
2020,826,DEPT OF ENVIRONMENT PROTECTION,2017-03-27T00:00:00.000,MANHATTAN,MOTOR VEHICLE OPERATOR,ACTIVE,49929.00,per Annum,2080,48520.18,624.5,24562.02,10349.10
2020,826,DEPT OF ENVIRONMENT PROTECTION,2015-10-13T00:00:00.000,QUEENS,CLERICAL ASSOCIATE,CEASED,41848.00,per Annum,791,16948.28,0,0.00,0.00
2020,826,DEPT OF ENVIRONMENT PROTECTION,1997-11-17T00:00:00.000,BRONX,SUPERVISOR,ACTIVE,75684.00,per Annum,2080,74513.94,79,4447.75,4398.65
2020,826,DEPT OF ENVIRONMENT PROTECTION,2020-02-10T00:00:00.000,QUEENS,ASSOCIATE CHEMIST,ACTIVE,45193.00,per Annum,665,16422.56,0,0.00,0.00
2020,826,DEPT OF ENVIRONMENT PROTECTION,2008-02-25T00:00:00.000,QUEENS,ADMINISTRATIVE STAFF ANALYST,CEASED,76835.00,per Annum,350,14699.80,0,0.00,0.00
2020,826,DEPT OF ENVIRONMENT PROTECTION,2020-03-23T00:00:00.000,QUEENS,COMMUNITY COORDINATOR,ACTIVE,54100.00,per Annum,455,13451.10,0,0.00,81.40
2020,826,DEPT OF ENVIRONMENT PROTECTION,2020-03-23T00:00:00.000,MANHATTAN,ENGINEERING TECHNICIAN,ACTIVE,49003.00,per Annum,455,12183.80,32,1060.09,94.14
2020,826,DEPT OF ENVIRONMENT PROTECTION,2020-03-23T00:00:00.000,BROOKLYN,ASSOCIATE PARK SERVICE WORKER,ACTIVE,45432.00,per Annum,520,11295.96,52.5,1713.48,244.78
2020,826,DEPT OF ENVIRONMENT PROTECTION,2011-01-23T00:00:00.000,QUEENS,ENGINEERING TECHNICIAN,ACTIVE,64687.00,per Annum,1820,63686.04,280.75,12492.52,5464.87
2020,826,DEPT OF ENVIRONMENT PROTECTION,1984-11-05T00:00:00.000,MANHATTAN,SEWAGE TREATMENT WORKER,CEASED,340.80,per Day,0,1.94,7,146.16,12586.79
2020,826,DEPT OF ENVIRONMENT PROTECTION,2019-07-15T00:00:00.000,BRONX,COLLEGE AIDE,ACTIVE,15.75,per Hour,806.5,12627.39,0,0.00,105.00
2020,826,DEPT OF ENVIRONMENT PROTECTION,2017-04-24T00:00:00.000,QUEENS,ASSOCIATE PROJECT MANAGER,ACTIVE,77921.00,per Annum,1820,76724.35,69.5,3202.52,1244.98
2020,826,DEPT OF ENVIRONMENT PROTECTION,2020-03-23T00:00:00.000,QUEENS,CLERICAL ASSOCIATE,ACTIVE,40017.00,per Annum,455,9949.55,67.5,1889.16,114.99
2020,826,DEPT OF ENVIRONMENT PROTECTION,2020-02-24T00:00:00.000,QUEENS,INSTRUMENTAL SPECIALIST TRAINEE,ACTIVE,37388.00,per Annum,595,11870.17,0,0.00,0.00
2020,826,DEPT OF ENVIRONMENT PROTECTION,2000-12-11T00:00:00.000,QUEENS,PRINCIPAL ADMINISTRATIVE ASSOCIATE -  NON SUPVR,ACTIVE,79524.00,per Annum,1820,80578.59,0,0.00,292.34
2020,826,DEPT OF ENVIRONMENT PROTECTION,1996-12-16T00:00:00.000,BROOKLYN,SEWAGE TREATMENT WORKER,CEASED,334.08,per Day,0,0.00,0,0.00,11678.01
2020,826,DEPT OF ENVIRONMENT PROTECTION,2006-06-05T00:00:00.000,BROOKLYN,SEWAGE TREATMENT WORKER,CEASED,318.08,per Day,0,0.00,0,0.00,11613.22
2020,826,DEPT OF ENVIRONMENT PROTECTION,1988-03-28T00:00:00.000,BRONX,SENIOR SEWAGE TREATMENT WORKER,CEASED,323.92,per Day,0,0.00,0,0.00,11199.97
2020,826,DEPT OF ENVIRONMENT PROTECTION,1996-12-02T00:00:00.000,MANHATTAN,SEWAGE TREATMENT WORKER,CEASED,348.48,per Day,0,0.00,0,0.00,10979.60
2020,826,DEPT OF ENVIRONMENT PROTECTION,1978-02-27T00:00:00.000,BROOKLYN,SENIOR SEWAGE TREATMENT WORKER,CEASED,323.92,per Day,0,0.00,0,0.00,9734.20
2020,826,DEPT OF ENVIRONMENT PROTECTION,1992-02-03T00:00:00.000,BROOKLYN,SEWAGE TREATMENT WORKER,CEASED,285.36,per Day,0,0.00,0,0.00,9173.38
2020,826,DEPT OF ENVIRONMENT PROTECTION,2020-03-23T00:00:00.000,QUEENS,CLERICAL ASSOCIATE,ACTIVE,19.91,per Hour,413,8222.83,0,0.00,139.37
2020,826,DEPT OF ENVIRONMENT PROTECTION,2018-01-08T00:00:00.000,QUEENS,ASSOCIATE STAFF ANALYST,ACTIVE,75591.00,per Annum,1820,75182.49,73.25,3925.35,295.78
2020,826,DEPT OF ENVIRONMENT PROTECTION,1984-11-05T00:00:00.000,QUEENS,SEWAGE TREATMENT WORKER,CEASED,282.56,per Day,0,0.00,0,0.00,6831.46
2020,826,DEPT OF ENVIRONMENT PROTECTION,1996-05-30T00:00:00.000,MANHATTAN,ASSOCIATE WATER USE INPECTOR,CEASED,67426.00,per Annum,107,5554.42,0,51.09,195.70
2020,826,DEPT OF ENVIRONMENT PROTECTION,1979-10-01T00:00:00.000,QUEENS,SENIOR SEWAGE TREATMENT WORKER,CEASED,308.16,per Day,0,0.00,0,0.00,5160.54
2020,826,DEPT OF ENVIRONMENT PROTECTION,2014-05-27T00:00:00.000,QUEENS,ASSOCIATE STAFF ANALYST,ACTIVE,77101.00,per Annum,1820,78240.96,0,0.00,75.69
2020,826,DEPT OF ENVIRONMENT PROTECTION,2016-08-08T00:00:00.000,BROOKLYN,ENGINEERING TECHNICIAN,ACTIVE,70927.00,per Annum,1820,67897.89,205.73,9417.42,972.74
2020,826,DEPT OF ENVIRONMENT PROTECTION,1990-04-09T00:00:00.000,RICHMOND,STATIONARY ENGINEER,CEASED,476.56,per Day,0,-68.57,0,-3.32,4595.34
2020,826,DEPT OF ENVIRONMENT PROTECTION,2019-06-03T00:00:00.000,QUEENS,SUMMER COLLEGE INTERN,CEASED,15.00,per Hour,199.43,2991.50,0,0.00,105.00
2020,826,DEPT OF ENVIRONMENT PROTECTION,2019-05-13T00:00:00.000,BROOKLYN,CITY PARK WORKER,CEASED,16.14,per Hour,175.23,2828.27,0,0.00,166.85
2020,826,DEPT OF ENVIRONMENT PROTECTION,2019-05-13T00:00:00.000,BROOKLYN,CITY PARK WORKER,CEASED,16.14,per Hour,150.73,2432.85,0,0.00,162.58
2020,826,DEPT OF ENVIRONMENT PROTECTION,2008-04-07T00:00:00.000,QUEENS,ASSISTANT ELECTRICAL ENGINEER,ACTIVE,72204.00,per Annum,1820,71095.38,50.5,2293.60,3625.47
2020,826,DEPT OF ENVIRONMENT PROTECTION,1995-12-04T00:00:00.000,WESTCHESTER,ADMINISTRATIVE STAFF ANALYST,CEASED,115083.00,per Annum,38.5,2426.87,0,0.00,33.60
2020,826,DEPT OF ENVIRONMENT PROTECTION,1981-03-16T00:00:00.000,BROOKLYN,SEWAGE TREATMENT WORKER,CEASED,279.76,per Day,0,0.00,0,0.00,2076.95
2020,826,DEPT OF ENVIRONMENT PROTECTION,1985-10-15T00:00:00.000,QUEENS,ASSOCIATE CHEMIST,CEASED,96140.00,per Annum,1369.75,71009.11,0,0.00,5669.31
2020,826,DEPT OF ENVIRONMENT PROTECTION,1988-03-07T00:00:00.000,QUEENS,ASSISTANT MECHANICAL ENGINEER,ACTIVE,67574.00,per Annum,1820,66536.59,50.5,2054.91,8060.27
2020,826,DEPT OF ENVIRONMENT PROTECTION,1985-11-18T00:00:00.000,MANHATTAN,ASSOCIATE WATER USE INPECTOR,CEASED,83138.00,per Annum,0,25.12,0,0.00,0.00
2020,826,DEPT OF ENVIRONMENT PROTECTION,2002-09-30T00:00:00.000,BROOKLYN,SEWAGE TREATMENT WORKER,CEASED,318.08,per Day,0,0.00,8,159.04,0.00
2020,826,DEPT OF ENVIRONMENT PROTECTION,1996-05-30T00:00:00.000,QUEENS,PRINCIPAL ADMINISTRATIVE ASSOCIATE -  NON SUPVR,CEASED,58040.00,per Annum,0,169.30,0,0.00,8.92
2020,826,DEPT OF ENVIRONMENT PROTECTION,2018-04-30T00:00:00.000,QUEENS,SEWAGE TREATMENT WORKER,CEASED,348.48,per Day,80,-2426.54,2,122.77,562.76
2020,816,DEPT OF HEALTH/MENTAL HYGIENE,1998-05-18T00:00:00.000,QUEENS,ASSOCIATE STAFF ANALYST,ACTIVE,92897.00,per Annum,1820,92395.00,0,0.00,5437.45
2020,816,DEPT OF HEALTH/MENTAL HYGIENE,2012-06-11T00:00:00.000,QUEENS,CITY RESEARCH SCIENTIST,ACTIVE,97040.00,per Annum,1820,94209.08,0,0.00,2508.12
2020,816,DEPT OF HEALTH/MENTAL HYGIENE,2013-05-13T00:00:00.000,MANHATTAN,CRIMINALIST,ACTIVE,86520.00,per Annum,1820,84812.83,112.25,6205.56,5553.20
2020,816,DEPT OF HEALTH/MENTAL HYGIENE,1984-10-03T00:00:00.000,BROOKLYN,PUBLIC HEALTH NURSE,CEASED,84252.00,per Annum,1566.12,71269.31,22.75,1667.22,22153.72
2020,816,DEPT OF HEALTH/MENTAL HYGIENE,2019-04-22T00:00:00.000,MANHATTAN,MEDICOLEGAL INVESTIGATOR,ACTIVE,83430.00,per Annum,2080,82149.00,67.92,3997.31,8943.06
2020,816,DEPT OF HEALTH/MENTAL HYGIENE,2015-04-20T00:00:00.000,MANHATTAN,CRIMINALIST,ACTIVE,86520.00,per Annum,1820,84812.83,137.75,7839.46,2281.09
2020,816,DEPT OF HEALTH/MENTAL HYGIENE,2018-01-08T00:00:00.000,QUEENS,FAMILY PUB HEALTH NURSE,ACTIVE,88780.00,per Annum,1820,87416.90,0,0.00,7487.06
2020,816,DEPT OF HEALTH/MENTAL HYGIENE,2002-04-22T00:00:00.000,MANHATTAN,ADMINISTRATIVE STAFF ANALYST,ACTIVE,88530.00,per Annum,1820,88051.44,84.75,4801.29,1675.80
2020,816,DEPT OF HEALTH/MENTAL HYGIENE,2018-02-05T00:00:00.000,QUEENS,FAMILY PUB HEALTH NURSE,ACTIVE,88780.00,per Annum,1820,87641.66,0,0.00,6296.57
2020,816,DEPT OF HEALTH/MENTAL HYGIENE,2016-05-09T00:00:00.000,BROOKLYN,NURSE PRACTICIONER,ON LEAVE,110210.00,per Annum,1596,90810.80,25,1492.65,1264.78
2020,816,DEPT OF HEALTH/MENTAL HYGIENE,2016-08-01T00:00:00.000,MANHATTAN,FORENSIC MORTUARY TECHNICIAN,ACTIVE,55239.00,per Annum,1820,54940.53,832.5,35131.16,3479.75
2020,816,DEPT OF HEALTH/MENTAL HYGIENE,2016-01-19T00:00:00.000,QUEENS,SPEC CONSULTANT,ACTIVE,94346.00,per Annum,1820,92189.57,0,0.00,1349.21
2020,816,DEPT OF HEALTH/MENTAL HYGIENE,2014-09-02T00:00:00.000,MANHATTAN,FAMILY PUB HEALTH NURSE,ACTIVE,88780.00,per Annum,1820,87416.90,0,0.00,5782.41
2020,816,DEPT OF HEALTH/MENTAL HYGIENE,2016-10-03T00:00:00.000,QUEENS,IT PROJECT SPECIALIST,ACTIVE,96682.00,per Annum,1820,91607.07,0,0.00,1500.00
2020,816,DEPT OF HEALTH/MENTAL HYGIENE,2016-05-09T00:00:00.000,QUEENS,HEALTH SERVICES MANAGER NON MANAGERIAL LEVEL I,ACTIVE,92025.00,per Annum,1820,91527.60,0,0.00,0.00
2020,816,DEPT OF HEALTH/MENTAL HYGIENE,2019-03-18T00:00:00.000,MANHATTAN,CITY RESEARCH SCIENTIST,ACTIVE,92700.00,per Annum,1820,91276.65,0,0.00,100.85
2020,816,DEPT OF HEALTH/MENTAL HYGIENE,2019-03-18T00:00:00.000,MANHATTAN,COMMUNITY COORDINATOR,ACTIVE,77250.00,per Annum,1820,75059.83,287,15964.64,265.28
2020,816,DEPT OF HEALTH/MENTAL HYGIENE,2015-11-09T00:00:00.000,MANHATTAN,COMPUTER SPECIALIST,ACTIVE,94244.00,per Annum,1638,83696.90,0,0.00,6699.43
2020,816,DEPT OF HEALTH/MENTAL HYGIENE,2017-08-21T00:00:00.000,QUEENS,CITY MEDICAL SPECIALIST,ACTIVE,78.59,per Hour,1743,137018.91,13,1021.68,7065.02
2020,816,DEPT OF HEALTH/MENTAL HYGIENE,1987-09-08T00:00:00.000,BROOKLYN,PUBLIC HEALTH NURSE,ACTIVE,77820.00,per Annum,1820,70225.13,0,0.00,19418.80
2020,816,DEPT OF HEALTH/MENTAL HYGIENE,2017-07-10T00:00:00.000,QUEENS,SPEC CONSULTANT,ACTIVE,93459.00,per Annum,1820,87796.56,0,0.00,772.14
2020,816,DEPT OF HEALTH/MENTAL HYGIENE,2017-04-03T00:00:00.000,MANHATTAN,CITY RESEARCH SCIENTIST,ACTIVE,86830.00,per Annum,1820,85496.91,33.5,2239.50,413.82
2020,816,DEPT OF HEALTH/MENTAL HYGIENE,2016-10-11T00:00:00.000,MANHATTAN,CITY RESEARCH SCIENTIST,ACTIVE,88753.00,per Annum,1820,87390.23,0,0.00,373.41
2020,816,DEPT OF HEALTH/MENTAL HYGIENE,2005-08-29T00:00:00.000,QUEENS,JR PHNURSE,ACTIVE,34.73,per Hour,1455.25,51328.76,160,8157.31,27746.15
2020,816,DEPT OF HEALTH/MENTAL HYGIENE,1999-09-02T00:00:00.000,MANHATTAN,SUPERVISOR,ACTIVE,78430.00,per Annum,2080,77217.65,91,5401.42,4409.40
2020,816,DEPT OF HEALTH/MENTAL HYGIENE,2016-12-19T00:00:00.000,BRONX,CITY MEDICAL SPECIALIST,ACTIVE,84.00,per Hour,1743,146412.00,21,1764.00,7067.75
2020,816,DEPT OF HEALTH/MENTAL HYGIENE,2016-09-12T00:00:00.000,QUEENS,CITY RESEARCH SCIENTIST,ACTIVE,86830.00,per Annum,1820,85496.91,0,0.00,595.59
2020,816,DEPT OF HEALTH/MENTAL HYGIENE,2008-10-05T00:00:00.000,QUEENS,ADMINISTRATIVE COMMUNITY RELATIONS SPECIALIST,ACTIVE,159887.00,per Annum,1820,155676.26,0,0.00,0.00
2020,816,DEPT OF HEALTH/MENTAL HYGIENE,2015-12-28T00:00:00.000,MANHATTAN,CITY RESEARCH SCIENTIST,ACTIVE,86830.00,per Annum,1820,85496.91,0,0.00,452.31
2020,816,DEPT OF HEALTH/MENTAL HYGIENE,2012-07-02T00:00:00.000,QUEENS,AGENCY MEDICAL DIRECTOR,ACTIVE,233810.00,per Annum,1820,231684.01,0,0.00,1000.00
2020,816,DEPT OF HEALTH/MENTAL HYGIENE,1999-03-15T00:00:00.000,MANHATTAN,ASSOCIATE PUBLIC HEALTH SANITARIAN,ACTIVE,98904.00,per Annum,2080,97377.43,0,0.00,12900.76
2020,816,DEPT OF HEALTH/MENTAL HYGIENE,1995-06-04T00:00:00.000,QUEENS,CERTIFIED IT ADMINISTRATOR,ACTIVE,106155.00,per Annum,1820,104517.15,0,0.00,6003.42
2020,816,DEPT OF HEALTH/MENTAL HYGIENE,2007-10-15T00:00:00.000,QUEENS,ADMINISTRATIVE PUBLIC INFORMATION SPECIALIST,ACTIVE,221470.00,per Annum,1820,203148.94,6.5,523.51,1464.76
2020,816,DEPT OF HEALTH/MENTAL HYGIENE,2016-08-29T00:00:00.000,QUEENS,ADMINISTRATIVE MANAGEMENT AUDITOR,ACTIVE,114368.00,per Annum,1820,112630.24,0,0.00,0.00
2020,816,DEPT OF HEALTH/MENTAL HYGIENE,2010-04-12T00:00:00.000,MANHATTAN,CITY RESEARCH SCIENTIST,ACTIVE,112740.00,per Annum,1820,111008.91,0,0.00,2892.51
2020,816,DEPT OF HEALTH/MENTAL HYGIENE,2018-03-26T00:00:00.000,MANHATTAN,FAMILY PUB HEALTH NURSE,ACTIVE,88780.00,per Annum,1820,87416.90,336.75,23647.16,3313.64
2020,816,DEPT OF HEALTH/MENTAL HYGIENE,2002-04-15T00:00:00.000,MANHATTAN,CRIMINALIST,ACTIVE,86544.00,per Annum,1820,84848.40,296.5,18780.89,11486.10
2020,816,DEPT OF HEALTH/MENTAL HYGIENE,2016-09-19T00:00:00.000,QUEENS,CITY RESEARCH SCIENTIST,ACTIVE,116017.00,per Annum,1820,115355.78,0,0.00,729.09
2020,816,DEPT OF HEALTH/MENTAL HYGIENE,2018-09-11T00:00:00.000,MANHATTAN,ADMINISTRATIVE BUSINESS PROMOTION COORDINATOR,ACTIVE,123600.00,per Annum,1820,117986.59,0,0.00,0.00
2020,816,DEPT OF HEALTH/MENTAL HYGIENE,2010-07-12T00:00:00.000,QUEENS,AGENCY DEPUTY MEDICAL DIRECTOR,ACTIVE,169666.00,per Annum,1820,167087.97,0,0.00,0.00
2020,816,DEPT OF HEALTH/MENTAL HYGIENE,2011-05-09T00:00:00.000,MANHATTAN,POISON INFORMATION SPECIALIST,ACTIVE,99000.00,per Annum,1950,98465.06,1,53.60,20516.58
2020,816,DEPT OF HEALTH/MENTAL HYGIENE,2000-09-26T00:00:00.000,QUEENS,CITY MEDICAL SPECIALIST,ACTIVE,78.59,per Hour,1867.5,146768.07,7,599.27,20772.37
2020,816,DEPT OF HEALTH/MENTAL HYGIENE,1999-02-16T00:00:00.000,QUEENS,ADMIN CONTRACT SPECIALIST,ACTIVE,122040.00,per Annum,1820,119044.52,0,0.00,1141.01
2020,816,DEPT OF HEALTH/MENTAL HYGIENE,2014-09-02T00:00:00.000,MANHATTAN,CITY RESEARCH SCIENTIST,ACTIVE,111288.00,per Annum,1820,109579.50,105,9055.47,2242.52
2020,816,DEPT OF HEALTH/MENTAL HYGIENE,2017-10-30T00:00:00.000,BRONX,CITY MEDICAL SPECIALIST,ACTIVE,169021.00,per Annum,2080,168107.41,50,4047.40,0.00
2020,816,DEPT OF HEALTH/MENTAL HYGIENE,2012-11-05T00:00:00.000,QUEENS,ADMINISTRATIVE STAFF ANALYST,ACTIVE,130000.00,per Annum,1820,124354.99,0,0.00,57.75
2020,816,DEPT OF HEALTH/MENTAL HYGIENE,2017-04-03T00:00:00.000,QUEENS,COMPUTER SYSTEMS MANAGER,ACTIVE,126760.00,per Annum,1820,124833.89,0,0.00,0.00
2020,816,DEPT OF HEALTH/MENTAL HYGIENE,1986-07-13T00:00:00.000,BROOKLYN,MEDICAL SPECIALIST,CEASED,78.59,per Hour,1511,118749.50,0,0.00,7814.39
2020,816,DEPT OF HEALTH/MENTAL HYGIENE,2014-10-20T00:00:00.000,QUEENS,CITY RESEARCH SCIENTIST,ACTIVE,94761.00,per Annum,1820,93306.07,476.25,35927.45,2018.53
2020,816,DEPT OF HEALTH/MENTAL HYGIENE,2005-05-31T00:00:00.000,QUEENS,COMPUTER SYSTEMS MANAGER,ACTIVE,140000.00,per Annum,1820,129817.82,0,0.00,3398.06
2020,816,DEPT OF HEALTH/MENTAL HYGIENE,1994-04-18T00:00:00.000,BROOKLYN,CITY MEDICAL SPECIALIST,ACTIVE,78.59,per Hour,1492.5,117295.59,0,0.00,16110.68
2020,816,DEPT OF HEALTH/MENTAL HYGIENE,1995-11-29T00:00:00.000,MANHATTAN,HEALTH SERVICES MANAGER NON MANAGERIAL LEVEL II,ACTIVE,137669.00,per Annum,1820,136925.02,0,0.00,0.00
2020,816,DEPT OF HEALTH/MENTAL HYGIENE,2009-07-20T00:00:00.000,QUEENS,CITY MEDICAL SPECIALIST,ACTIVE,91.53,per Hour,1860,170247.01,79.5,7246.71,9680.55
2020,816,DEPT OF HEALTH/MENTAL HYGIENE,2015-06-08T00:00:00.000,MANHATTAN,DEPUTY DIRECTOR OF MEDICOLEGAL INVESTIGATIONS,ACTIVE,142179.00,per Annum,1820,140018.65,0,0.00,250.00
2020,816,DEPT OF HEALTH/MENTAL HYGIENE,2007-02-20T00:00:00.000,QUEENS,CITY RESEARCH SCIENTIST,ACTIVE,99404.00,per Annum,1820,97877.87,34.25,2057.91,3205.57
2020,816,DEPT OF HEALTH/MENTAL HYGIENE,2017-07-31T00:00:00.000,QUEENS,ADMINISTRATIVE PROCUREMENT ANALYST-NON-MGRL,ACTIVE,104201.00,per Annum,1820,103637.82,0,0.00,8.25
2020,816,DEPT OF HEALTH/MENTAL HYGIENE,2011-09-26T00:00:00.000,BROOKLYN,JR PHNURSE,ACTIVE,34.73,per Hour,1655.1,60581.08,383.75,18509.37,24895.30
2020,816,DEPT OF HEALTH/MENTAL HYGIENE,2011-08-01T00:00:00.000,QUEENS,ADMINISTRATIVE STAFF ANALYST,ACTIVE,104855.00,per Annum,1820,104288.37,0,0.00,0.00
2020,816,DEPT OF HEALTH/MENTAL HYGIENE,2005-04-11T00:00:00.000,QUEENS,ARCHITECT,ACTIVE,102275.00,per Annum,1820,100704.69,21,1655.25,2090.20
2020,816,DEPT OF HEALTH/MENTAL HYGIENE,2019-01-28T00:00:00.000,QUEENS,ADMINISTRATIVE PUBLIC HEALTH NURSE,ACTIVE,109180.00,per Annum,1820,104104.05,10,597.60,63.75
2020,816,DEPT OF HEALTH/MENTAL HYGIENE,2003-03-10T00:00:00.000,BRONX,HEALTH SERVICES MANAGER NON MANAGERIAL LEVEL I,ACTIVE,115000.00,per Annum,1820,105667.47,0,0.00,488.50
2020,816,DEPT OF HEALTH/MENTAL HYGIENE,2016-04-04T00:00:00.000,MANHATTAN,CITY RESEARCH SCIENTIST,ACTIVE,107738.00,per Annum,1820,106083.86,0,0.00,532.54
2020,816,DEPT OF HEALTH/MENTAL HYGIENE,2016-12-05T00:00:00.000,QUEENS,CITY RESEARCH SCIENTIST,ACTIVE,107769.00,per Annum,1820,104913.62,17,1094.35,1201.74
2020,816,DEPT OF HEALTH/MENTAL HYGIENE,1996-08-11T00:00:00.000,MANHATTAN,ADMINISTRATIVE PUBLIC HEALTH SANITARIAN,ACTIVE,109649.00,per Annum,1820,107982.74,0,0.00,0.00
2020,816,DEPT OF HEALTH/MENTAL HYGIENE,2011-05-16T00:00:00.000,QUEENS,*ASSOCIATE EXECUTIVE DIRECTOR,ACTIVE,110174.00,per Annum,1820,108500.01,0,0.00,0.00
2020,816,DEPT OF HEALTH/MENTAL HYGIENE,2009-08-03T00:00:00.000,QUEENS,CITY RESEARCH SCIENTIST,ACTIVE,99156.00,per Annum,1820,97633.52,0,0.00,3798.56
2020,816,DEPT OF HEALTH/MENTAL HYGIENE,2003-07-07T00:00:00.000,BROOKLYN,HEALTH SERVICES MANAGER NON MANAGERIAL LEVEL I,ACTIVE,99411.00,per Annum,1820,98873.81,0,0.00,236.75
2020,816,DEPT OF HEALTH/MENTAL HYGIENE,2017-09-25T00:00:00.000,QUEENS,COMMUNITY COORDINATOR,CEASED,58405.00,per Annum,290.37,8534.67,0,0.00,16.50
2020,816,DEPT OF HEALTH/MENTAL HYGIENE,2019-10-28T00:00:00.000,MANHATTAN,COMMUNITY COORDINATOR,CEASED,66000.00,per Annum,700,25245.90,0,0.00,0.00
2020,816,DEPT OF HEALTH/MENTAL HYGIENE,2009-09-08T00:00:00.000,BROOKLYN,PUBLIC HEALTH ADVISER,ON LEAVE,24.62,per Hour,916.67,22316.58,0,0.00,2753.54
2020,816,DEPT OF HEALTH/MENTAL HYGIENE,2019-05-20T00:00:00.000,QUEENS,PUBLIC HEALTH ASSISTANT,ACTIVE,17.57,per Hour,1400,24426.64,0,0.00,577.00
2020,816,DEPT OF HEALTH/MENTAL HYGIENE,2018-09-10T00:00:00.000,BROOKLYN,PUBLIC HEALTH NURSE,CEASED,34.00,per Hour,22.83,884.00,0,0.00,5318.60
2020,816,DEPT OF HEALTH/MENTAL HYGIENE,2020-02-24T00:00:00.000,MANHATTAN,COMMUNITY COORDINATOR,ACTIVE,70000.00,per Annum,595,22759.60,14.25,680.09,46.04
2020,816,DEPT OF HEALTH/MENTAL HYGIENE,1997-01-05T00:00:00.000,BROOKLYN,PUBLIC HEALTH NURSE,CEASED,81798.00,per Annum,401.53,17951.99,6,343.45,5000.74
2020,816,DEPT OF HEALTH/MENTAL HYGIENE,2015-11-23T00:00:00.000,MANHATTAN,SUPERVISOR,ON LEAVE,45838.00,per Annum,1015,24970.22,62,2010.19,277.69
2020,816,DEPT OF HEALTH/MENTAL HYGIENE,2019-07-08T00:00:00.000,BROOKLYN,PUBLIC HEALTH ADVISER,CEASED,21.40,per Hour,1007.35,21240.47,0,0.00,0.00
2020,816,DEPT OF HEALTH/MENTAL HYGIENE,2019-09-30T00:00:00.000,QUEENS,SCIENTIST,ACTIVE,39213.00,per Annum,1330,28414.81,0,0.00,0.00
2020,816,DEPT OF HEALTH/MENTAL HYGIENE,2019-11-12T00:00:00.000,MANHATTAN,SPECIAL OFFICER,ACTIVE,34834.00,per Annum,1280,20315.49,316,7549.17,1104.97
2020,816,DEPT OF HEALTH/MENTAL HYGIENE,2019-09-30T00:00:00.000,BROOKLYN,X-RAY TECHNICIAN,ACTIVE,30.67,per Hour,876,26087.30,97.75,2911.00,208.60
2020,816,DEPT OF HEALTH/MENTAL HYGIENE,2017-09-25T00:00:00.000,MANHATTAN,COMMUNITY SERVICE AIDE,ACTIVE,35265.00,per Annum,1820,29709.36,0,0.00,0.00
2020,816,DEPT OF HEALTH/MENTAL HYGIENE,2014-03-10T00:00:00.000,QUEENS,PUBLIC HEALTH ASSISTANT,ACTIVE,20.21,per Hour,1363.32,27348.20,0,0.00,2589.28
2020,816,DEPT OF HEALTH/MENTAL HYGIENE,2019-09-03T00:00:00.000,QUEENS,SCIENTIST,ACTIVE,39213.00,per Annum,1463,30286.07,0,0.00,0.00
2020,816,DEPT OF HEALTH/MENTAL HYGIENE,2016-11-14T00:00:00.000,BROOKLYN,PUBLIC HEALTH ASSISTANT,ACTIVE,20.21,per Hour,1427.25,28615.37,0,0.00,2512.75
2020,816,DEPT OF HEALTH/MENTAL HYGIENE,2018-09-10T00:00:00.000,QUEENS,PUBLIC HEALTH ASSISTANT,ACTIVE,17.58,per Hour,1743,30306.40,0,0.00,917.41
2020,816,DEPT OF HEALTH/MENTAL HYGIENE,2019-12-30T00:00:00.000,QUEENS,JUNIOR PUBLIC HEALTH NURSE,ACTIVE,41.69,per Hour,759.3,31655.23,0,0.00,17.00
2020,816,DEPT OF HEALTH/MENTAL HYGIENE,2003-07-07T00:00:00.000,QUEENS,PUBLIC HEALTH ADVISER,CEASED,54228.00,per Annum,1044.48,30414.15,0,0.00,2489.10
2020,816,DEPT OF HEALTH/MENTAL HYGIENE,2020-02-24T00:00:00.000,QUEENS,CONTRACT SPECIALIST,ACTIVE,55000.00,per Annum,595,17882.55,4,120.42,0.00
2020,816,DEPT OF HEALTH/MENTAL HYGIENE,2020-03-09T00:00:00.000,MANHATTAN,SOCIAL WORKER,ACTIVE,58000.00,per Annum,525,15973.77,0,0.00,0.00
2020,816,DEPT OF HEALTH/MENTAL HYGIENE,2020-02-24T00:00:00.000,QUEENS,PUBLIC HEALTH ADVISER,ACTIVE,49000.00,per Annum,595,15931.72,0,0.00,0.00
2020,816,DEPT OF HEALTH/MENTAL HYGIENE,2018-07-30T00:00:00.000,MANHATTAN,COLLEGE AIDE,ACTIVE,16.35,per Hour,961.75,15724.81,0,0.00,0.00
2020,816,DEPT OF HEALTH/MENTAL HYGIENE,2020-04-27T00:00:00.000,MANHATTAN,CUSTOMER INFORMATION REPRESENTATIVE MA L 1549,ACTIVE,37413.00,per Annum,280,5683.51,35.5,1018.77,302.57
2020,816,DEPT OF HEALTH/MENTAL HYGIENE,2016-11-21T00:00:00.000,QUEENS,COMMUNITY COORDINATOR,CEASED,65000.00,per Annum,475.48,14677.86,0,0.00,0.00
2020,816,DEPT OF HEALTH/MENTAL HYGIENE,2019-10-28T00:00:00.000,QUEENS,SOCIAL WORKER,CEASED,64000.00,per Annum,462,13603.85,0,0.00,979.77
2020,816,DEPT OF HEALTH/MENTAL HYGIENE,2020-02-27T00:00:00.000,QUEENS,COLLEGE AIDE,ACTIVE,15.75,per Hour,455.25,7170.28,0,0.00,0.00
2020,816,DEPT OF HEALTH/MENTAL HYGIENE,2017-11-13T00:00:00.000,QUEENS,PUBLIC HEALTH NURSE,CEASED,34.00,per Hour,126.25,4960.60,0,0.00,8951.60
2020,816,DEPT OF HEALTH/MENTAL HYGIENE,2019-04-16T00:00:00.000,MANHATTAN,COLLEGE AIDE,CEASED,16.35,per Hour,841,13750.46,0,0.00,0.00
2020,816,DEPT OF HEALTH/MENTAL HYGIENE,2018-09-17T00:00:00.000,QUEENS,SPECIAL CONSULTANT,CEASED,66463.00,per Annum,111.25,4043.89,0,0.00,0.00
2020,816,DEPT OF HEALTH/MENTAL HYGIENE,2019-06-03T00:00:00.000,MANHATTAN,COLLEGE AIDE,CEASED,15.50,per Hour,216.45,3354.98,0,0.00,0.00
2020,816,DEPT OF HEALTH/MENTAL HYGIENE,2019-07-02T00:00:00.000,QUEENS,SUMMER COLLEGE INTERN,CEASED,17.50,per Hour,183.52,3211.56,0,0.00,0.00
2020,816,DEPT OF HEALTH/MENTAL HYGIENE,2020-06-08T00:00:00.000,MANHATTAN,CRIMINALIST,ACTIVE,70349.00,per Annum,70,2690.95,8,365.81,0.00
2020,816,DEPT OF HEALTH/MENTAL HYGIENE,2018-01-02T00:00:00.000,BROOKLYN,PUBLIC HEALTH ADVISER,CEASED,20.78,per Hour,132.53,2463.12,0,0.00,16.26
2020,816,DEPT OF HEALTH/MENTAL HYGIENE,2008-05-27T00:00:00.000,QUEENS,ADMINISTRATIVE PROCUREMENT ANALYST-NON-MGRL,CEASED,129562.00,per Annum,26.5,1881.12,0,0.00,0.00
2020,816,DEPT OF HEALTH/MENTAL HYGIENE,2020-03-12T00:00:00.000,QUEENS,COLLEGE AIDE,CEASED,17.90,per Hour,99,1772.10,0,0.00,0.00
2020,816,DEPT OF HEALTH/MENTAL HYGIENE,2019-01-29T00:00:00.000,QUEENS,COLLEGE AIDE,CEASED,16.00,per Hour,74.75,1196.00,0,0.00,0.00
2020,816,DEPT OF HEALTH/MENTAL HYGIENE,2019-09-30T00:00:00.000,BRONX,PUBLIC HEALTH SANITARIAN,CEASED,44390.00,per Annum,56,1177.57,0,0.00,0.00
2020,816,DEPT OF HEALTH/MENTAL HYGIENE,2019-01-28T00:00:00.000,QUEENS,IT SERVICE MANAGEMENT SPECIALIST,CEASED,90000.00,per Annum,-35,-1355.98,0,0.00,0.00
2020,816,DEPT OF HEALTH/MENTAL HYGIENE,2017-04-24T00:00:00.000,QUEENS,CITY RESEARCH SCIENTIST,CEASED,95743.00,per Annum,-70,-3672.33,0,0.00,0.00
2020,816,DEPT OF HEALTH/MENTAL HYGIENE,2019-02-04T00:00:00.000,MANHATTAN,PUBLIC HEALTH NURSE,CEASED,35.02,per Hour,189,6806.80,3,102.00,5580.08
2020,816,DEPT OF HEALTH/MENTAL HYGIENE,2014-09-02T00:00:00.000,QUEENS,JR PHNURSE,CEASED,33.72,per Hour,96.57,3624.24,0,0.00,8795.30
2020,816,DEPT OF HEALTH/MENTAL HYGIENE,2015-11-09T00:00:00.000,QUEENS,PUBLIC HEALTH NURSE,CEASED,34.00,per Hour,70,2522.80,0,0.00,9745.29
2020,816,DEPT OF HEALTH/MENTAL HYGIENE,2018-03-12T00:00:00.000,MANHATTAN,CITY RESEARCH SCIENTIST,CEASED,81800.00,per Annum,263,11759.97,0,0.00,0.00
2020,816,DEPT OF HEALTH/MENTAL HYGIENE,1984-04-09T00:00:00.000,MANHATTAN,POISON INFORMATION SPECIALIST,CEASED,98433.00,per Annum,0,0.00,0,0.00,11479.14
2020,816,DEPT OF HEALTH/MENTAL HYGIENE,2020-02-03T00:00:00.000,QUEENS,COLLEGE AIDE,ACTIVE,17.30,per Hour,317.25,5488.44,0,0.00,0.00
2020,816,DEPT OF HEALTH/MENTAL HYGIENE,1998-12-28T00:00:00.000,BROOKLYN,MEDICOLEGAL INVESTIGATOR,CEASED,104360.00,per Annum,208,10384.37,0,0.00,893.91
2020,816,DEPT OF HEALTH/MENTAL HYGIENE,2016-05-02T00:00:00.000,QUEENS,PUBLIC HEALTH ADVISER,ACTIVE,54228.00,per Annum,882,25989.30,0,0.00,345.74
2020,816,DEPT OF HEALTH/MENTAL HYGIENE,2018-12-17T00:00:00.000,MANHATTAN,PUBLIC HEALTH SANITARIAN,ACTIVE,54377.00,per Annum,2080,49456.14,0,0.00,232.20
2020,816,DEPT OF HEALTH/MENTAL HYGIENE,2017-01-17T00:00:00.000,QUEENS,COMMUNITY ASSOCIATE,ACTIVE,57497.00,per Annum,1820,49256.95,0,0.00,0.00
2020,816,DEPT OF HEALTH/MENTAL HYGIENE,2008-10-14T00:00:00.000,QUEENS,PRINCIPAL ADMINISTRATIVE ASSOCIATE -  NON SUPVR,ACTIVE,72166.00,per Annum,1596,47310.33,0,0.00,1390.52
2020,816,DEPT OF HEALTH/MENTAL HYGIENE,2019-09-03T00:00:00.000,QUEENS,COMMUNITY COORDINATOR,ACTIVE,59653.00,per Annum,1463,47207.24,0,0.00,0.00
2020,816,DEPT OF HEALTH/MENTAL HYGIENE,2019-10-21T00:00:00.000,QUEENS,PROCUREMENT ANALYST,ACTIVE,70000.00,per Annum,1225,46858.00,0,0.00,0.00
2020,816,DEPT OF HEALTH/MENTAL HYGIENE,2017-01-23T00:00:00.000,MANHATTAN,PUBLIC HEALTH ASSISTANT,ACTIVE,41993.00,per Annum,1820,41348.30,158.5,4119.66,1302.33
2020,816,DEPT OF HEALTH/MENTAL HYGIENE,2017-04-03T00:00:00.000,QUEENS,CITY RESEARCH SCIENTIST,ACTIVE,35.11,per Hour,1705.88,45245.77,0,0.00,56.25
2020,816,DEPT OF HEALTH/MENTAL HYGIENE,2016-08-15T00:00:00.000,QUEENS,LABORATORY ASSOCIATE,ACTIVE,45219.00,per Annum,1820,44974.65,5,123.75,312.69
2020,816,DEPT OF HEALTH/MENTAL HYGIENE,2019-02-11T00:00:00.000,MANHATTAN,PUBLIC HEALTH SANITARIAN,ACTIVE,45722.00,per Annum,2080,45019.92,1.75,57.48,359.35
2020,816,DEPT OF HEALTH/MENTAL HYGIENE,2000-09-11T00:00:00.000,BROOKLYN,PUBLIC HEALTH ADVISER,ACTIVE,24.62,per Hour,1680,40938.35,0,0.00,4816.89
2020,816,DEPT OF HEALTH/MENTAL HYGIENE,2011-07-19T00:00:00.000,MANHATTAN,CITY RESEARCH SCIENTIST,ON LEAVE,70554.00,per Annum,1190,45181.65,6,246.35,704.09
2020,816,DEPT OF HEALTH/MENTAL HYGIENE,1989-06-05T00:00:00.000,QUEENS,ADMINISTRATIVE PROCUREMENT ANALYST-NON-MGRL,ACTIVE,85263.00,per Annum,1820,84398.30,0,0.00,306.75
2020,816,DEPT OF HEALTH/MENTAL HYGIENE,2008-07-21T00:00:00.000,MANHATTAN,ASSOCIATE LABORATORY MICROBIOLOGIST,ACTIVE,83000.00,per Annum,1820,79682.40,8,420.70,5163.19
2020,816,DEPT OF HEALTH/MENTAL HYGIENE,2006-04-17T00:00:00.000,MANHATTAN,ASSOCIATE PUBLIC HEALTH SANITARIAN,ACTIVE,77435.00,per Annum,2080,76246.15,0,0.00,9215.74
2020,816,DEPT OF HEALTH/MENTAL HYGIENE,2009-03-02T00:00:00.000,BROOKLYN,JR PHNURSE,ACTIVE,34.73,per Hour,1436.45,50961.76,0,0.00,29853.38
2020,816,DEPT OF HEALTH/MENTAL HYGIENE,2002-07-28T00:00:00.000,QUEENS,COMPUTER ASSOCIATE,ACTIVE,76587.00,per Annum,1820,75411.04,0,0.00,5207.78
2020,816,DEPT OF HEALTH/MENTAL HYGIENE,2002-07-01T00:00:00.000,QUEENS,PRINCIPAL ADMINISTRATIVE ASSOCIATE -  NON SUPVR,ACTIVE,74795.00,per Annum,1820,76252.95,0,0.00,4219.81
2020,816,DEPT OF HEALTH/MENTAL HYGIENE,2008-05-19T00:00:00.000,QUEENS,PUBLIC HEALTH EPIDEMIOLOGIST,ACTIVE,74544.00,per Annum,1820,73399.56,69.5,3961.24,2906.92
2020,816,DEPT OF HEALTH/MENTAL HYGIENE,2008-08-25T00:00:00.000,MANHATTAN,SUPERVISOR,ACTIVE,74594.00,per Annum,1820,73448.52,65.5,3505.19,3244.57
2020,816,DEPT OF HEALTH/MENTAL HYGIENE,2014-09-02T00:00:00.000,QUEENS,PUBLIC HEALTH NURSE,ACTIVE,35.02,per Hour,1411,49843.90,180.25,8078.22,22096.80
2020,816,DEPT OF HEALTH/MENTAL HYGIENE,2004-03-08T00:00:00.000,BRONX,ASSOCIATE PUBLIC HEALTH SANITARIAN,ACTIVE,69503.00,per Annum,2080,68435.87,0,0.00,10646.84
2020,816,DEPT OF HEALTH/MENTAL HYGIENE,2007-01-29T00:00:00.000,MANHATTAN,JR PHNURSE,ACTIVE,34.73,per Hour,1530.5,56103.67,2,108.46,22590.60
2020,816,DEPT OF HEALTH/MENTAL HYGIENE,2019-08-19T00:00:00.000,QUEENS,CITY RESEARCH SCIENTIST,ACTIVE,86830.00,per Annum,1540,69836.97,94,6225.91,2520.35
2020,816,DEPT OF HEALTH/MENTAL HYGIENE,2018-05-14T00:00:00.000,QUEENS,COMMUNITY COORDINATOR,ACTIVE,79006.00,per Annum,1820,77793.05,0,0.00,0.00
2020,816,DEPT OF HEALTH/MENTAL HYGIENE,2016-10-17T00:00:00.000,QUEENS,CITY RESEARCH SCIENTIST,ACTIVE,97138.00,per Annum,1820,77335.35,0,0.00,389.91
2020,816,DEPT OF HEALTH/MENTAL HYGIENE,2010-01-19T00:00:00.000,MANHATTAN,ASSOCIATE PUBLIC HEALTH SANITARIAN,ACTIVE,69503.00,per Annum,2080,68435.87,36.5,1961.09,6848.07
2020,816,DEPT OF HEALTH/MENTAL HYGIENE,2008-11-03T00:00:00.000,QUEENS,MOTOR VEHICLE OPERATOR,ACTIVE,49927.00,per Annum,2080,49160.57,581.25,22074.10,8214.84
2020,816,DEPT OF HEALTH/MENTAL HYGIENE,2014-09-16T00:00:00.000,QUEENS,COMMUNITY COORDINATOR,ACTIVE,80208.00,per Annum,1820,78976.62,0,0.00,255.75
2020,816,DEPT OF HEALTH/MENTAL HYGIENE,2015-07-13T00:00:00.000,MANHATTAN,CRIMINALIST,ACTIVE,72527.00,per Annum,1820,71413.63,171.75,9272.48,995.14
2020,816,DEPT OF HEALTH/MENTAL HYGIENE,2016-08-15T00:00:00.000,QUEENS,SPECIAL CONSULTANT,ACTIVE,82086.00,per Annum,1820,80825.58,0,0.00,1370.60
2020,816,DEPT OF HEALTH/MENTAL HYGIENE,2016-08-22T00:00:00.000,QUEENS,SCIENTIST,ACTIVE,75758.00,per Annum,1820,74594.75,104,5981.80,1785.11
2020,816,DEPT OF HEALTH/MENTAL HYGIENE,2018-09-17T00:00:00.000,QUEENS,SPEC CONSULTANT,ACTIVE,82400.00,per Annum,1820,80724.88,3,134.87,1991.59
2020,816,DEPT OF HEALTH/MENTAL HYGIENE,1997-08-25T00:00:00.000,QUEENS,PUBLIC HEALTH NURSE,ACTIVE,35.02,per Hour,1491,53746.58,0,0.00,30025.35
2020,816,DEPT OF HEALTH/MENTAL HYGIENE,2018-06-04T00:00:00.000,QUEENS,SPEC CONSULTANT,ACTIVE,82086.00,per Annum,1820,75448.77,138,7569.87,874.29
2020,816,DEPT OF HEALTH/MENTAL HYGIENE,2003-10-06T00:00:00.000,MANHATTAN,FORENSIC MORTUARY TECHNICIAN,ACTIVE,55245.00,per Annum,1820,54946.51,624.75,25905.79,3283.98
2020,816,DEPT OF HEALTH/MENTAL HYGIENE,2006-01-30T00:00:00.000,QUEENS,PUBLIC HEALTH EPIDEMIOLOGIST,ACTIVE,72511.00,per Annum,1820,71397.60,154.75,8264.99,4657.69
2020,816,DEPT OF HEALTH/MENTAL HYGIENE,2015-01-26T00:00:00.000,QUEENS,CRIMINALIST,ACTIVE,70349.00,per Annum,1820,68882.27,140.25,7407.32,847.70
2020,816,DEPT OF HEALTH/MENTAL HYGIENE,1996-06-09T00:00:00.000,QUEENS,ADM MANAGER-NON-MGRL,ACTIVE,73601.00,per Annum,1820,75013.07,3,123.72,1492.36
2020,816,DEPT OF HEALTH/MENTAL HYGIENE,2002-06-17T00:00:00.000,MANHATTAN,SCIENTIST,ACTIVE,71936.00,per Annum,1820,70831.55,0,0.00,5729.87
2020,816,DEPT OF HEALTH/MENTAL HYGIENE,2018-02-26T00:00:00.000,QUEENS,SPECIAL CONSULTANT,ACTIVE,73722.00,per Annum,1820,75410.18,0,0.00,1022.19
2020,816,DEPT OF HEALTH/MENTAL HYGIENE,2017-01-23T00:00:00.000,QUEENS,COMMUNITY COORDINATOR,ACTIVE,77114.00,per Annum,1820,75561.68,16.25,817.78,29.54
2020,816,DEPT OF HEALTH/MENTAL HYGIENE,2018-02-26T00:00:00.000,BROOKLYN,JR PHNURSE,ACTIVE,34.73,per Hour,1323,45767.14,260.5,10805.05,19098.05
2020,816,DEPT OF HEALTH/MENTAL HYGIENE,1998-02-23T00:00:00.000,QUEENS,COMMUNITY COORDINATOR,ACTIVE,75269.00,per Annum,1820,74105.22,0,0.00,1293.05
2020,816,DEPT OF HEALTH/MENTAL HYGIENE,2019-06-03T00:00:00.000,QUEENS,PROCUREMENT ANALYST,ACTIVE,67000.00,per Annum,1820,66637.85,162.5,8113.67,0.00
2020,816,DEPT OF HEALTH/MENTAL HYGIENE,2017-03-13T00:00:00.000,QUEENS,ADMINISTRATIVE STAFF ANALYST,ACTIVE,75000.00,per Annum,1820,74594.60,0,0.00,41.25
2020,816,DEPT OF HEALTH/MENTAL HYGIENE,2017-06-26T00:00:00.000,MANHATTAN,CRIMINALIST,ACTIVE,70349.00,per Annum,1820,68680.49,126.5,5282.17,652.10
2020,816,DEPT OF HEALTH/MENTAL HYGIENE,1993-01-28T00:00:00.000,MANHATTAN,ADM MANAGER-NON-MGRL,ACTIVE,72558.00,per Annum,1820,73949.65,0,0.00,510.70
2020,816,DEPT OF HEALTH/MENTAL HYGIENE,2018-10-15T00:00:00.000,QUEENS,SPECIAL CONSULTANT,ACTIVE,75190.00,per Annum,1820,74035.54,0,0.00,0.00
2020,816,DEPT OF HEALTH/MENTAL HYGIENE,2018-09-17T00:00:00.000,QUEENS,CITY RESEARCH SCIENTIST,ACTIVE,70554.00,per Annum,1820,68007.22,96,5234.37,533.41
2020,816,DEPT OF HEALTH/MENTAL HYGIENE,2015-04-13T00:00:00.000,BROOKLYN,PUBLIC HEALTH NURSE,ACTIVE,35.02,per Hour,1465.38,52886.13,82,3078.91,17171.19
2020,816,DEPT OF HEALTH/MENTAL HYGIENE,2017-11-06T00:00:00.000,MANHATTAN,CONSULTANT,ACTIVE,76408.00,per Annum,1820,71491.74,0,0.00,1154.40
2020,816,DEPT OF HEALTH/MENTAL HYGIENE,2016-08-01T00:00:00.000,QUEENS,ADMINISTRATIVE STAFF ANALYST,ACTIVE,77700.00,per Annum,1820,72335.31,0,0.00,10.75
2020,816,DEPT OF HEALTH/MENTAL HYGIENE,2017-07-05T00:00:00.000,QUEENS,PUBLIC HEALTH EMERGENCY PREPAREDNESS SPECIALIST,ACTIVE,69594.00,per Annum,1820,63608.12,154.25,7838.75,75.52
2020,816,DEPT OF HEALTH/MENTAL HYGIENE,2007-10-01T00:00:00.000,QUEENS,ADM MANAGER-NON-MGRL,ACTIVE,68574.00,per Annum,1820,70754.74,0,0.00,527.20
2020,816,DEPT OF HEALTH/MENTAL HYGIENE,2006-04-24T00:00:00.000,MANHATTAN,PUBLIC HEALTH SANITARIAN,ACTIVE,62533.00,per Annum,2080,61572.97,0,0.00,9573.30
2020,816,DEPT OF HEALTH/MENTAL HYGIENE,2018-02-26T00:00:00.000,QUEENS,PUBLIC HEALTH NURSE,ACTIVE,35.02,per Hour,1336,46764.45,147,5917.99,18374.90
2020,816,DEPT OF HEALTH/MENTAL HYGIENE,1997-08-11T00:00:00.000,MANHATTAN,COMPUTER SERVICE TECHNICIAN,ACTIVE,65973.00,per Annum,1820,64952.10,2.5,98.61,6003.42
2020,816,DEPT OF HEALTH/MENTAL HYGIENE,2017-03-06T00:00:00.000,QUEENS,SPECIAL CONSULTANT,ACTIVE,69826.00,per Annum,1820,68753.84,0,0.00,991.64
2020,816,DEPT OF HEALTH/MENTAL HYGIENE,2017-12-18T00:00:00.000,MANHATTAN,INSTITUTIONAL AIDE,ACTIVE,39804.00,per Annum,2080,36719.23,1081.75,29671.78,3074.30
2020,816,DEPT OF HEALTH/MENTAL HYGIENE,2006-12-11T00:00:00.000,QUEENS,MOTOR VEHICLE OPERATOR,ACTIVE,49927.00,per Annum,2080,49160.57,476.5,17980.94,1781.91
2020,816,DEPT OF HEALTH/MENTAL HYGIENE,2017-07-24T00:00:00.000,QUEENS,SPECIAL CONSULTANT,ACTIVE,69152.00,per Annum,1820,67703.73,0,0.00,809.28
2020,816,DEPT OF HEALTH/MENTAL HYGIENE,2018-10-01T00:00:00.000,QUEENS,CITY RESEARCH SCIENTIST,ACTIVE,70554.00,per Annum,1820,67769.03,0,0.00,181.74
2020,816,DEPT OF HEALTH/MENTAL HYGIENE,2018-02-26T00:00:00.000,BROOKLYN,PUBLIC HEALTH NURSE,ON LEAVE,35.02,per Hour,1302,46702.62,56,2168.90,18360.14
2020,816,DEPT OF HEALTH/MENTAL HYGIENE,2008-03-10T00:00:00.000,MANHATTAN,MOTOR VEHICLE OPERATOR,ACTIVE,49927.00,per Annum,2080,48741.99,283.25,10939.14,7443.05
2020,816,DEPT OF HEALTH/MENTAL HYGIENE,2017-12-18T00:00:00.000,QUEENS,CERTIFIED IT DEVELOPER,CEASED,94244.00,per Annum,1365,67113.46,0,0.00,0.00
2020,816,DEPT OF HEALTH/MENTAL HYGIENE,2006-11-27T00:00:00.000,BROOKLYN,JR PHNURSE,ACTIVE,34.73,per Hour,1195.5,42110.60,93.25,3696.33,21274.14
2020,816,DEPT OF HEALTH/MENTAL HYGIENE,2012-10-29T00:00:00.000,BROOKLYN,CITY MORTUARY TECHNICIAN,ACTIVE,44633.00,per Annum,1820,43947.68,440.5,14938.75,8158.58
2020,816,DEPT OF HEALTH/MENTAL HYGIENE,2003-10-06T00:00:00.000,BROOKLYN,MOTOR VEHICLE OPERATOR,ACTIVE,50152.00,per Annum,2080,49374.01,198.5,7744.09,9723.33
2020,816,DEPT OF HEALTH/MENTAL HYGIENE,2010-03-22T00:00:00.000,QUEENS,PRINCIPAL ADMINISTRATIVE ASSOCIATE -  NON SUPVR,ACTIVE,65533.00,per Annum,1820,66614.59,0,0.00,165.30
2020,816,DEPT OF HEALTH/MENTAL HYGIENE,2019-05-13T00:00:00.000,MANHATTAN,CITY RESEARCH SCIENTIST,ACTIVE,70554.00,per Annum,1820,63124.09,53.5,2905.96,24.75
2020,816,DEPT OF HEALTH/MENTAL HYGIENE,2017-08-21T00:00:00.000,QUEENS,COMMUNITY COORDINATOR,ACTIVE,66351.00,per Annum,1820,65779.92,0,0.00,256.25
2020,816,DEPT OF HEALTH/MENTAL HYGIENE,2015-11-23T00:00:00.000,MANHATTAN,CITY RESEARCH SCIENTIST,CEASED,108478.00,per Annum,1120,65317.98,0,0.00,290.18
2020,816,DEPT OF HEALTH/MENTAL HYGIENE,2017-09-11T00:00:00.000,QUEENS,PUBLIC HEALTH NURSE,ACTIVE,35.02,per Hour,1372,49563.86,1,36.13,16000.49
2020,816,DEPT OF HEALTH/MENTAL HYGIENE,2018-02-26T00:00:00.000,MANHATTAN,JR PHNURSE,ACTIVE,34.73,per Hour,1265.98,44563.06,123,4695.67,16261.39
2020,816,DEPT OF HEALTH/MENTAL HYGIENE,2016-03-07T00:00:00.000,MANHATTAN,PUBLIC HEALTH SANITARIAN,ACTIVE,67259.00,per Annum,2080,62476.87,0,0.00,2978.22
2020,816,DEPT OF HEALTH/MENTAL HYGIENE,2018-09-10T00:00:00.000,QUEENS,JR PHNURSE,ACTIVE,34.73,per Hour,1175.25,41117.35,248.5,8948.27,15342.97
2020,816,DEPT OF HEALTH/MENTAL HYGIENE,2019-03-11T00:00:00.000,QUEENS,CITY RESEARCH SCIENTIST,ACTIVE,70554.00,per Annum,1820,64908.65,0,0.00,8.25
2020,816,DEPT OF HEALTH/MENTAL HYGIENE,2016-11-28T00:00:00.000,BROOKLYN,SCIENTIST,ACTIVE,60871.00,per Annum,1820,59775.97,97,4572.92,406.98
2020,816,DEPT OF HEALTH/MENTAL HYGIENE,2018-08-27T00:00:00.000,MANHATTAN,CRIMINALIST,ACTIVE,70349.00,per Annum,1820,61544.15,54,2214.16,884.06
2020,816,DEPT OF HEALTH/MENTAL HYGIENE,2016-10-17T00:00:00.000,MANHATTAN,PUBLIC HEALTH SANITARIAN,ACTIVE,62533.00,per Annum,2080,61572.97,9.25,417.71,2285.07
2020,816,DEPT OF HEALTH/MENTAL HYGIENE,2018-10-01T00:00:00.000,QUEENS,COMMUNITY COORDINATOR,ACTIVE,75000.00,per Annum,1820,62980.40,0,0.00,463.94
2020,816,DEPT OF HEALTH/MENTAL HYGIENE,2017-07-17T00:00:00.000,MANHATTAN,PUBLIC HEALTH SANITARIAN,ACTIVE,62533.00,per Annum,2080,61053.22,0,0.00,2330.83
2020,816,DEPT OF HEALTH/MENTAL HYGIENE,2017-04-10T00:00:00.000,MANHATTAN,PUBLIC HEALTH SANITARIAN,ACTIVE,62533.00,per Annum,2080,60408.62,0,0.00,2729.38
2020,816,DEPT OF HEALTH/MENTAL HYGIENE,1992-05-01T00:00:00.000,QUEENS,PUBLIC HEALTH ADVISER,ACTIVE,58719.00,per Annum,1820,57809.27,0,0.00,5205.30
2020,816,DEPT OF HEALTH/MENTAL HYGIENE,2019-07-08T00:00:00.000,BRONX,PUBLIC HEALTH ADVISER,ACTIVE,21.40,per Hour,1616.5,34261.09,1.5,32.10,0.00
2020,816,DEPT OF HEALTH/MENTAL HYGIENE,2017-12-04T00:00:00.000,QUEENS,PUBLIC HEALTH ADVISER,ACTIVE,24.62,per Hour,1578.25,32010.76,0,0.00,3315.75
2020,816,DEPT OF HEALTH/MENTAL HYGIENE,2003-07-06T00:00:00.000,BRONX,PUBLIC HEALTH ASSISTANT,ACTIVE,21.13,per Hour,1463,30661.83,0,0.00,5799.98
2020,816,DEPT OF HEALTH/MENTAL HYGIENE,2016-11-14T00:00:00.000,MANHATTAN,PUBLIC HEALTH ADVISER,ACTIVE,24.62,per Hour,1572,34218.14,0,0.00,2331.12
2020,816,DEPT OF HEALTH/MENTAL HYGIENE,2019-07-15T00:00:00.000,BROOKLYN,EXTERMINATOR,ACTIVE,39140.00,per Annum,1715,36351.28,0,0.00,975.99
2020,816,DEPT OF HEALTH/MENTAL HYGIENE,2017-12-18T00:00:00.000,QUEENS,PRINCIPAL ADMINISTRATIVE ASSOCIATE -  NON SUPVR,ACTIVE,57362.00,per Annum,1653,37542.28,0,0.00,8.25
2020,816,DEPT OF HEALTH/MENTAL HYGIENE,2018-10-29T00:00:00.000,QUEENS,SCIENTIST,ACTIVE,45439.00,per Annum,1820,38610.97,0,0.00,71.87
2020,816,DEPT OF HEALTH/MENTAL HYGIENE,2019-08-19T00:00:00.000,QUEENS,CLERICAL ASSOCIATE,ACTIVE,46350.00,per Annum,1540,38750.39,0,0.00,0.00
2020,816,DEPT OF HEALTH/MENTAL HYGIENE,2019-01-07T00:00:00.000,MANHATTAN,PUBLIC HEALTH ASSISTANT,ACTIVE,22.15,per Hour,1743,38188.86,0,0.00,675.28
2020,816,DEPT OF HEALTH/MENTAL HYGIENE,2008-09-14T00:00:00.000,QUEENS,COMMUNITY COORDINATOR,CEASED,74975.00,per Annum,958.07,38501.91,0,0.00,694.53
2020,816,DEPT OF HEALTH/MENTAL HYGIENE,2016-10-11T00:00:00.000,MANHATTAN,CITY PEST CONTROL AIDE,ACTIVE,20.48,per Hour,1603.15,37707.14,0,4.81,1772.40
2020,816,DEPT OF HEALTH/MENTAL HYGIENE,2014-09-08T00:00:00.000,BROOKLYN,JR PHNURSE,ACTIVE,34.73,per Hour,757,26480.00,0.5,18.01,13166.01
2020,816,DEPT OF HEALTH/MENTAL HYGIENE,2019-03-04T00:00:00.000,QUEENS,SCIENTIST,ACTIVE,45095.00,per Annum,1820,40362.75,0,0.00,33.85
2020,816,DEPT OF HEALTH/MENTAL HYGIENE,2016-08-01T00:00:00.000,QUEENS,SPEC CONSULTANT,CEASED,82086.00,per Annum,944.5,41553.86,0,0.00,614.55
2020,816,DEPT OF HEALTH/MENTAL HYGIENE,2017-05-08T00:00:00.000,QUEENS,PUBLIC RECORDS AIDE,ACTIVE,43906.00,per Annum,1820,42806.99,0,0.00,0.00
2020,816,DEPT OF HEALTH/MENTAL HYGIENE,2017-06-19T00:00:00.000,QUEENS,ASST PB HLTH ADV,ACTIVE,43014.00,per Annum,1820,42353.48,0,0.00,648.37
2020,816,DEPT OF HEALTH/MENTAL HYGIENE,2006-10-17T00:00:00.000,MANHATTAN,PROCUREMENT ANALYST,ACTIVE,48672.00,per Annum,1750,41838.80,37.25,1182.15,82.24
2020,816,DEPT OF HEALTH/MENTAL HYGIENE,2009-10-05T00:00:00.000,BRONX,PUBLIC HEALTH NURSE,ON LEAVE,84252.00,per Annum,1120,50730.85,3,149.54,11355.68
2020,816,DEPT OF HEALTH/MENTAL HYGIENE,2019-09-16T00:00:00.000,QUEENS,COMPUTER SPECIALIST,ACTIVE,81951.00,per Annum,1400,62202.39,0,0.00,0.00
2020,816,DEPT OF HEALTH/MENTAL HYGIENE,2018-09-10T00:00:00.000,BRONX,PUBLIC HEALTH NURSE,ACTIVE,35.02,per Hour,1356,48401.88,0,0.00,13668.30
2020,816,DEPT OF HEALTH/MENTAL HYGIENE,2018-02-20T00:00:00.000,MANHATTAN,ASSOCIATE LABORATORY MICROBIOLOGIST,ACTIVE,70000.00,per Annum,1820,61798.52,0,0.00,124.25
2020,816,DEPT OF HEALTH/MENTAL HYGIENE,2018-11-05T00:00:00.000,MANHATTAN,CRIMINALIST,ACTIVE,55098.00,per Annum,1820,54251.90,157.5,5949.98,886.15
2020,816,DEPT OF HEALTH/MENTAL HYGIENE,2011-08-29T00:00:00.000,BRONX,JR PHNURSE,ACTIVE,34.73,per Hour,952.5,34946.14,117,4728.27,20961.12
2020,816,DEPT OF HEALTH/MENTAL HYGIENE,1989-09-11T00:00:00.000,BRONX,PUBLIC HEALTH EDUCATOR,ACTIVE,60783.00,per Annum,1820,60087.67,0,0.00,497.41
2020,816,DEPT OF HEALTH/MENTAL HYGIENE,2006-09-11T00:00:00.000,MANHATTAN,ASSISTANT PRINTING PRESS OPERATOR,ACTIVE,32.65,per Hour,1743,56297.15,7.75,261.77,3901.59
2020,816,DEPT OF HEALTH/MENTAL HYGIENE,2019-08-05T00:00:00.000,QUEENS,ECONOMIST,ACTIVE,68234.00,per Annum,1610,59580.35,7.75,340.80,18.67
2020,816,DEPT OF HEALTH/MENTAL HYGIENE,1985-08-19T00:00:00.000,BROOKLYN,PUBLIC HEALTH EDUCATOR,CEASED,67400.00,per Annum,1570.98,59471.04,0,0.72,429.34
2020,816,DEPT OF HEALTH/MENTAL HYGIENE,2017-06-05T00:00:00.000,QUEENS,PUBLIC HEALTH EDUCATOR,ACTIVE,60573.00,per Annum,1820,59733.98,0,0.00,0.00
2020,816,DEPT OF HEALTH/MENTAL HYGIENE,1987-08-23T00:00:00.000,MANHATTAN,PRINCIPAL ADMINISTRATIVE ASSOCIATE -  NON SUPVR,ACTIVE,53295.00,per Annum,1820,54340.71,24,809.68,4219.81
2020,816,DEPT OF HEALTH/MENTAL HYGIENE,2002-10-07T00:00:00.000,QUEENS,PUBLIC HEALTH ADVISER,ACTIVE,54252.00,per Annum,1820,53411.20,0,0.00,5492.98
2020,816,DEPT OF HEALTH/MENTAL HYGIENE,2018-01-22T00:00:00.000,MANHATTAN,PUBLIC HEALTH SANITARIAN,ACTIVE,54377.00,per Annum,2080,53541.93,103,4038.83,1141.04
2020,816,DEPT OF HEALTH/MENTAL HYGIENE,2018-11-19T00:00:00.000,MANHATTAN,MANAGEMENT AUDITOR,CEASED,56013.00,per Annum,1721.75,52145.39,151.25,6075.94,3.72
2020,816,DEPT OF HEALTH/MENTAL HYGIENE,2001-04-26T00:00:00.000,MANHATTAN,PUBLIC HEALTH ADVISER,ACTIVE,54107.00,per Annum,1820,53268.41,0,0.00,4870.14
2020,816,DEPT OF HEALTH/MENTAL HYGIENE,2001-07-02T00:00:00.000,MANHATTAN,CRIMINALIST,ACTIVE,55122.00,per Annum,1820,54267.60,13.5,434.31,3119.63
2020,816,DEPT OF HEALTH/MENTAL HYGIENE,2016-10-17T00:00:00.000,QUEENS,PROCUREMENT ANALYST,ACTIVE,56911.00,per Annum,1820,56603.33,14,463.34,0.00
2020,816,DEPT OF HEALTH/MENTAL HYGIENE,2017-09-11T00:00:00.000,QUEENS,PUBLIC HEALTH NURSE,ACTIVE,35.02,per Hour,1123,40775.81,5,188.60,15971.29
2020,816,DEPT OF HEALTH/MENTAL HYGIENE,2019-06-24T00:00:00.000,MANHATTAN,CUSTOMER INFORMATION REPRESENTATIVE MA L 1549,ACTIVE,40345.00,per Annum,1820,39575.76,417.75,11969.90,4608.22
2020,816,DEPT OF HEALTH/MENTAL HYGIENE,1996-03-10T00:00:00.000,QUEENS,PUBLIC HEALTH ADVISER,ACTIVE,54370.00,per Annum,1820,50860.53,0,0.00,4919.93
2020,816,DEPT OF HEALTH/MENTAL HYGIENE,2019-07-22T00:00:00.000,QUEENS,PRINCIPAL ADMINISTRATIVE ASSOCIATE -  NON SUPVR,ACTIVE,60000.00,per Annum,1680,55081.92,0,0.00,16.50
2020,816,DEPT OF HEALTH/MENTAL HYGIENE,2004-03-15T00:00:00.000,BRONX,PUBLIC HEALTH ADVISER,ACTIVE,54228.00,per Annum,1820,50469.17,0,0.00,4380.67
2020,816,DEPT OF HEALTH/MENTAL HYGIENE,2013-04-09T00:00:00.000,MANHATTAN,PUBLIC HEALTH SANITARIAN,ACTIVE,62533.00,per Annum,1680,49961.37,0,0.00,4015.09
2020,816,DEPT OF HEALTH/MENTAL HYGIENE,2017-04-03T00:00:00.000,QUEENS,ACCOUNTANT,ACTIVE,53712.00,per Annum,1820,52887.50,5.25,152.85,0.00
2020,816,DEPT OF HEALTH/MENTAL HYGIENE,2017-01-03T00:00:00.000,MANHATTAN,SR HEALTHCARE PROG PLAN ANLYST,ACTIVE,52712.00,per Annum,1820,52427.21,0,0.00,0.00
2020,816,DEPT OF HEALTH/MENTAL HYGIENE,2016-02-29T00:00:00.000,QUEENS,PUBLIC HEALTH EDUCATOR,CEASED,75665.00,per Annum,1261.28,52141.11,0,0.00,164.50
2020,816,DEPT OF HEALTH/MENTAL HYGIENE,2018-11-13T00:00:00.000,BRONX,PUBLIC HEALTH ADVISER,ACTIVE,51994.00,per Annum,1820,51195.81,0,0.00,232.20
2020,816,DEPT OF HEALTH/MENTAL HYGIENE,2018-01-22T00:00:00.000,MANHATTAN,PRINCIPAL ADMINISTRATIVE ASSOCIATE -  NON SUPVR,ACTIVE,52943.00,per Annum,1820,49770.34,31.25,925.16,545.39
2020,816,DEPT OF HEALTH/MENTAL HYGIENE,2015-12-07T00:00:00.000,MANHATTAN,PUBLIC HEALTH SANITARIAN,ON LEAVE,62533.00,per Annum,1640,48297.10,11,513.09,2349.46
2020,816,DEPT OF HEALTH/MENTAL HYGIENE,2018-07-16T00:00:00.000,QUEENS,COMPUTER ASSOCIATE,ACTIVE,49850.00,per Annum,1820,50623.22,0,1.04,0.00
2020,816,DEPT OF HEALTH/MENTAL HYGIENE,2006-02-01T00:00:00.000,MANHATTAN,CITY CUSTODIAL ASSISTANT,ACTIVE,44562.00,per Annum,2080,43877.84,80,2719.09,3691.31
2020,816,DEPT OF HEALTH/MENTAL HYGIENE,2018-10-29T00:00:00.000,MANHATTAN,ASSOCIATE LABORATORY MICROBIOLOGIST,ACTIVE,70000.00,per Annum,1820,58622.51,80.75,3991.57,107.03
2020,816,DEPT OF HEALTH/MENTAL HYGIENE,2005-07-18T00:00:00.000,BROOKLYN,COMMUNITY COORDINATOR,ACTIVE,62215.00,per Annum,1820,61259.83,18,785.68,536.87
2020,71,DEPT. OF HOMELESS SERVICES,1994-04-17T00:00:00.000,BROOKLYN,CARPENTER,CEASED,364.14,per Day,630,32727.00,0,0.00,0.77
2020,71,DEPT. OF HOMELESS SERVICES,1994-04-17T00:00:00.000,BROOKLYN,SUPERVISOR ELECTRICIAN,ACTIVE,450.10,per Day,1820,110814.83,667.5,60857.30,15338.40
2020,71,DEPT. OF HOMELESS SERVICES,2018-10-29T00:00:00.000,MANHATTAN,CASEWORKER,ACTIVE,41483.00,per Annum,1820,40846.11,15,356.71,6496.68
2020,71,DEPT. OF HOMELESS SERVICES,2015-08-24T00:00:00.000,BROOKLYN,COMMUNITY ASSOCIATE,ACTIVE,44083.00,per Annum,1820,43406.06,103.25,2833.43,1242.75
2020,71,DEPT. OF HOMELESS SERVICES,2016-02-01T00:00:00.000,MANHATTAN,SPECIAL OFFICER,ACTIVE,38287.00,per Annum,2080,37359.64,195.37,5274.60,4808.89
2020,71,DEPT. OF HOMELESS SERVICES,2016-12-07T00:00:00.000,MANHATTAN,CLERICAL ASSOCIATE,ACTIVE,42929.00,per Annum,1750,37826.87,146,4527.66,5028.57
2020,71,DEPT. OF HOMELESS SERVICES,2016-03-07T00:00:00.000,BROOKLYN,SPECIAL OFFICER,ACTIVE,38287.00,per Annum,2080,37585.84,225.5,6102.33,3633.70
2020,71,DEPT. OF HOMELESS SERVICES,2014-04-21T00:00:00.000,MANHATTAN,SPECIAL OFFICER,ON LEAVE,50207.00,per Annum,1840,36606.96,203,6287.42,4180.79
2020,71,DEPT. OF HOMELESS SERVICES,2018-05-21T00:00:00.000,MANHATTAN,SPECIAL OFFICER,ACTIVE,35985.00,per Annum,1902.85,32155.69,405.75,10296.42,4529.94
2020,71,DEPT. OF HOMELESS SERVICES,2018-10-22T00:00:00.000,MANHATTAN,SPECIAL OFFICER,ACTIVE,35985.00,per Annum,2080,33910.35,392.75,9412.25,3274.81
2020,71,DEPT. OF HOMELESS SERVICES,2014-09-01T00:00:00.000,BROOKLYN,SPECIAL OFFICER,ACTIVE,50207.00,per Annum,2080,49449.40,235.75,8375.92,3170.54
2020,71,DEPT. OF HOMELESS SERVICES,2015-07-06T00:00:00.000,MANHATTAN,COMMUNITY ASSOCIATE,ACTIVE,44190.00,per Annum,1820,43503.74,5,122.41,2609.65
2020,71,DEPT. OF HOMELESS SERVICES,2008-07-28T00:00:00.000,BRONX,SPECIAL OFFICER,ACTIVE,50207.00,per Annum,2068.57,49333.63,148,5381.35,6317.32
2020,71,DEPT. OF HOMELESS SERVICES,2012-03-12T00:00:00.000,BRONX,FRAUD INVESTIGATOR,ACTIVE,47705.00,per Annum,1820,38563.72,27.75,841.27,6380.44
2020,71,DEPT. OF HOMELESS SERVICES,2015-03-30T00:00:00.000,MANHATTAN,COMMUNITY COORDINATOR,ACTIVE,62215.00,per Annum,1820,61259.83,0,0.00,0.00
2020,71,DEPT. OF HOMELESS SERVICES,2017-10-16T00:00:00.000,MANHATTAN,SPECIAL OFFICER,ACTIVE,37136.00,per Annum,2080,36083.93,178,4727.58,4483.07
2020,71,DEPT. OF HOMELESS SERVICES,2017-08-07T00:00:00.000,MANHATTAN,SPECIAL OFFICER,ACTIVE,37136.00,per Annum,2080,35673.20,149.5,4020.52,5410.22
2020,71,DEPT. OF HOMELESS SERVICES,2019-04-22T00:00:00.000,MANHATTAN,COMMUNITY COORDINATOR,ACTIVE,54100.00,per Annum,1820,44725.04,0,0.00,0.00
2020,71,DEPT. OF HOMELESS SERVICES,2002-02-19T00:00:00.000,MANHATTAN,ADMIN CONTRACT SPECIALIST,CEASED,128910.00,per Annum,651,44603.18,0,0.00,0.00
2020,71,DEPT. OF HOMELESS SERVICES,2019-11-25T00:00:00.000,MANHATTAN,ASSOCIATE STAFF ANALYST,ACTIVE,75591.00,per Annum,1050,43371.90,0,0.00,1069.10
2020,71,DEPT. OF HOMELESS SERVICES,2019-06-10T00:00:00.000,MANHATTAN,COMMUNITY ASSOCIATE,ACTIVE,38334.00,per Annum,1820,37742.58,264.75,6520.95,17.50
2020,71,DEPT. OF HOMELESS SERVICES,2018-05-21T00:00:00.000,MANHATTAN,SPECIAL OFFICER,ACTIVE,35985.00,per Annum,2080,32019.13,323.75,8059.49,3956.49
2020,71,DEPT. OF HOMELESS SERVICES,2017-08-07T00:00:00.000,MANHATTAN,SPECIAL OFFICER,ACTIVE,37136.00,per Annum,1826.28,31619.06,279.5,7527.67,4836.09
2020,71,DEPT. OF HOMELESS SERVICES,2019-06-24T00:00:00.000,MANHATTAN,FRAUD INVESTIGATOR,ACTIVE,41483.00,per Annum,1785,40846.11,86.75,2433.48,676.01
2020,71,DEPT. OF HOMELESS SERVICES,2018-03-19T00:00:00.000,MANHATTAN,FRAUD INVESTIGATOR,ACTIVE,47705.00,per Annum,1820,42444.11,0,0.00,1415.12
2020,71,DEPT. OF HOMELESS SERVICES,2014-11-03T00:00:00.000,BROOKLYN,COMMUNITY ASSISTANT,ACTIVE,37398.00,per Annum,1950,36251.61,81.25,2152.47,5307.86
2020,71,DEPT. OF HOMELESS SERVICES,2016-08-29T00:00:00.000,MANHATTAN,SPECIAL OFFICER,CEASED,37172.00,per Annum,1600,28690.12,477.25,12633.61,1564.58
2020,71,DEPT. OF HOMELESS SERVICES,2008-01-22T00:00:00.000,BROOKLYN,ASSISTANT SUPERINTENDENT OF WELFARE SHELTERS,ACTIVE,69152.00,per Annum,945,35709.66,58,2535.98,4539.25
2020,71,DEPT. OF HOMELESS SERVICES,2019-04-15T00:00:00.000,BROOKLYN,CASEWORKER,ACTIVE,41483.00,per Annum,1820,40846.11,5,116.37,1810.21
2020,71,DEPT. OF HOMELESS SERVICES,1995-11-27T00:00:00.000,BROOKLYN,ADMINISTRATIVE STAFF ANALYST,CEASED,101000.00,per Annum,1094.28,60400.07,0,0.00,1260.89
2020,71,DEPT. OF HOMELESS SERVICES,2013-06-24T00:00:00.000,BROOKLYN,COMMUNITY ASSISTANT,ACTIVE,37398.00,per Annum,1950,35979.81,43.25,1009.56,5523.21
2020,71,DEPT. OF HOMELESS SERVICES,2019-02-04T00:00:00.000,BROOKLYN,COMMUNITY ASSISTANT,ACTIVE,32520.00,per Annum,1950,32020.68,209.5,4975.42,4978.58
2020,71,DEPT. OF HOMELESS SERVICES,1993-09-05T00:00:00.000,BROOKLYN,COMMUNITY ASSISTANT,ACTIVE,39706.00,per Annum,1950,36118.45,23.25,606.52,4804.84
2020,71,DEPT. OF HOMELESS SERVICES,2016-07-11T00:00:00.000,MANHATTAN,COMMUNITY ASSISTANT,ACTIVE,37398.00,per Annum,1950,36303.45,10.5,267.88,4894.88
2020,71,DEPT. OF HOMELESS SERVICES,2015-10-05T00:00:00.000,BROOKLYN,COMMUNITY ASSISTANT,ACTIVE,37398.00,per Annum,1950,33791.30,48.25,1222.31,5872.48
2020,71,DEPT. OF HOMELESS SERVICES,2019-01-22T00:00:00.000,BROOKLYN,COMMUNITY ASSISTANT,ACTIVE,32520.00,per Annum,1950,32020.68,166.5,3977.83,4494.33
2020,71,DEPT. OF HOMELESS SERVICES,2016-08-08T00:00:00.000,MANHATTAN,SPECIAL OFFICER,ACTIVE,38287.00,per Annum,2080,35584.32,76.25,2018.50,2849.82
2020,71,DEPT. OF HOMELESS SERVICES,2020-03-23T00:00:00.000,MANHATTAN,DEPUTY COMMISIONER,ACTIVE,159650.00,per Annum,455,39694.40,0,0.00,0.00
2020,71,DEPT. OF HOMELESS SERVICES,2018-03-05T00:00:00.000,BROOKLYN,COMMUNITY ASSISTANT,ACTIVE,37398.00,per Annum,1950,33053.22,72.5,1661.72,4492.98
2020,71,DEPT. OF HOMELESS SERVICES,2019-11-12T00:00:00.000,MANHATTAN,COMMUNITY COORDINATOR,ACTIVE,54100.00,per Annum,1110,32814.77,56.25,1965.47,3709.71
2020,71,DEPT. OF HOMELESS SERVICES,2014-11-03T00:00:00.000,BROOKLYN,STOCK WORKER,ACTIVE,37803.00,per Annum,1820,37372.85,5.5,102.85,6.94
2020,71,DEPT. OF HOMELESS SERVICES,2015-03-30T00:00:00.000,BROOKLYN,SPECIAL OFFICER,ON LEAVE,50207.00,per Annum,1472,28312.12,190.5,6334.72,1465.23
2020,71,DEPT. OF HOMELESS SERVICES,2018-11-19T00:00:00.000,MANHATTAN,COMMUNITY COORDINATOR,CEASED,62215.00,per Annum,1024.47,34213.28,0,0.00,958.69
2020,71,DEPT. OF HOMELESS SERVICES,2019-09-23T00:00:00.000,MANHATTAN,CASEWORKER,ACTIVE,47705.00,per Annum,1365,29875.62,22,691.63,3892.11
2020,71,DEPT. OF HOMELESS SERVICES,2017-06-12T00:00:00.000,BROOKLYN,COMMUNITY ASSISTANT,ACTIVE,37398.00,per Annum,1875,27610.00,87.75,2088.38,3985.84
2020,71,DEPT. OF HOMELESS SERVICES,2017-05-24T00:00:00.000,MANHATTAN,SPECIAL OFFICER,CEASED,36054.00,per Annum,1169,20669.16,426.25,11090.85,1921.90
2020,71,DEPT. OF HOMELESS SERVICES,1993-09-05T00:00:00.000,MANHATTAN,CASEWORKER,CEASED,47974.00,per Annum,973,24840.87,2.25,784.83,8016.02
2020,71,DEPT. OF HOMELESS SERVICES,2016-08-08T00:00:00.000,MANHATTAN,SPECIAL OFFICER,CEASED,34937.00,per Annum,960,26619.36,112,3129.88,3280.84
2020,71,DEPT. OF HOMELESS SERVICES,2019-04-01T00:00:00.000,MANHATTAN,SPECIAL OFFICER,CEASED,33819.00,per Annum,1320,21454.93,303.5,7591.46,3550.85
2020,71,DEPT. OF HOMELESS SERVICES,2017-05-22T00:00:00.000,MANHATTAN,SPECIAL OFFICER,ACTIVE,37136.00,per Annum,1600,27772.71,44.75,1167.00,1864.28
2020,71,DEPT. OF HOMELESS SERVICES,2019-09-16T00:00:00.000,MANHATTAN,CLERICAL ASSOCIATE,ACTIVE,40017.00,per Annum,1400,30239.82,0,0.00,0.00
2020,71,DEPT. OF HOMELESS SERVICES,2019-04-01T00:00:00.000,MANHATTAN,SPECIAL OFFICER,CEASED,33819.00,per Annum,1221.48,19755.87,147.25,3730.14,3906.17
2020,71,DEPT. OF HOMELESS SERVICES,2008-07-28T00:00:00.000,MANHATTAN,SPECIAL OFFICER,ACTIVE,50207.00,per Annum,160,1235.28,28,1315.52,21496.87
2020,71,DEPT. OF HOMELESS SERVICES,2019-11-11T00:00:00.000,MANHATTAN,COMMUNITY COORDINATOR,ON LEAVE,54100.00,per Annum,1120,20124.92,30,991.99,1202.42
2020,71,DEPT. OF HOMELESS SERVICES,2019-04-01T00:00:00.000,MANHATTAN,SPECIAL OFFICER,CEASED,33819.00,per Annum,980.83,15830.69,151.75,3563.33,2842.77
2020,71,DEPT. OF HOMELESS SERVICES,2016-10-17T00:00:00.000,MANHATTAN,SPECIAL OFFICER,ON LEAVE,37136.00,per Annum,880,14107.74,200.25,5319.62,1995.30
2020,71,DEPT. OF HOMELESS SERVICES,2018-10-29T00:00:00.000,MANHATTAN,CLERICAL ASSOCIATE,CEASED,36390.00,per Annum,1050,20334.40,0,0.00,0.00
2020,71,DEPT. OF HOMELESS SERVICES,2016-10-17T00:00:00.000,BROOKLYN,SPECIAL OFFICER,ON LEAVE,37136.00,per Annum,880,13354.79,140.25,3808.21,1333.63
2020,71,DEPT. OF HOMELESS SERVICES,2017-09-05T00:00:00.000,MANHATTAN,SOCIAL WORKER,CEASED,57030.00,per Annum,525,16364.12,0,0.00,825.30
2020,71,DEPT. OF HOMELESS SERVICES,2020-02-18T00:00:00.000,BROOKLYN,COMMUNITY ASSISTANT,ACTIVE,32520.00,per Annum,708.57,9713.37,131.5,2819.40,1225.53
2020,71,DEPT. OF HOMELESS SERVICES,2017-01-23T00:00:00.000,MANHATTAN,SPECIAL OFFICER,ON LEAVE,35985.00,per Annum,1740.58,12117.54,0,0.00,1500.00
2020,71,DEPT. OF HOMELESS SERVICES,1994-04-17T00:00:00.000,MANHATTAN,SUPERVISOR ELECTRICIAN,CEASED,388.08,per Day,0,0.00,0,0.00,13571.53
2020,71,DEPT. OF HOMELESS SERVICES,2014-10-13T00:00:00.000,MANHATTAN,SUPERVISING SPECIAL OFFICER,ON LEAVE,55853.00,per Annum,64,-387.38,0,0.00,12635.96
2020,71,DEPT. OF HOMELESS SERVICES,2018-05-21T00:00:00.000,MANHATTAN,SPECIAL OFFICER,CEASED,34937.00,per Annum,285.72,5470.87,58.5,1601.31,333.81
2020,71,DEPT. OF HOMELESS SERVICES,1994-04-17T00:00:00.000,MANHATTAN,ELECTRICIAN'S HELPER,CEASED,228.76,per Day,0,0.00,0,0.00,6660.66
2020,71,DEPT. OF HOMELESS SERVICES,2018-03-19T00:00:00.000,BRONX,SOCIAL WORKER,CEASED,49591.00,per Annum,156.53,4244.69,0,71.36,2324.62
2020,71,DEPT. OF HOMELESS SERVICES,2019-08-05T00:00:00.000,MANHATTAN,COMMUNITY COORDINATOR,CEASED,52524.00,per Annum,224,6429.01,0,0.00,0.00
2020,71,DEPT. OF HOMELESS SERVICES,2019-10-21T00:00:00.000,MANHATTAN,COMMUNITY COORDINATOR,CEASED,54100.00,per Annum,735,5147.66,0,0.00,0.00
2020,71,DEPT. OF HOMELESS SERVICES,2020-02-03T00:00:00.000,MANHATTAN,SOCIAL WORKER,CEASED,58741.00,per Annum,210,3571.03,0,0.00,0.00
2020,71,DEPT. OF HOMELESS SERVICES,2016-11-28T00:00:00.000,MANHATTAN,COMMUNITY ASSISTANT,ON LEAVE,37398.00,per Annum,150,2779.91,6.75,148.10,394.38
2020,71,DEPT. OF HOMELESS SERVICES,2015-12-07T00:00:00.000,MANHATTAN,SPECIAL OFFICER,CEASED,41401.00,per Annum,0,-1000.83,0,44.17,4200.75
2020,71,DEPT. OF HOMELESS SERVICES,2015-03-30T00:00:00.000,BRONX,SPECIAL OFFICER,CEASED,47672.00,per Annum,0,1094.51,0,120.00,90.32
2020,71,DEPT. OF HOMELESS SERVICES,2001-10-20T00:00:00.000,BRONX,PRINCIPAL ADMINISTRATIVE ASSOCIATE -  NON SUPVR,CEASED,51863.00,per Annum,0,932.95,0,11.25,111.78
2020,71,DEPT. OF HOMELESS SERVICES,2016-11-21T00:00:00.000,MANHATTAN,SPECIAL OFFICER,CEASED,36054.00,per Annum,0,819.65,0,124.65,44.27
2020,71,DEPT. OF HOMELESS SERVICES,2008-01-22T00:00:00.000,BROOKLYN,SPECIAL OFFICER,CEASED,48745.00,per Annum,0,161.07,0,25.61,762.99
2020,71,DEPT. OF HOMELESS SERVICES,2016-04-18T00:00:00.000,MANHATTAN,SPECIAL OFFICER,CEASED,35261.00,per Annum,0,518.24,0,35.80,58.93
2020,71,DEPT. OF HOMELESS SERVICES,2017-05-22T00:00:00.000,MANHATTAN,SPECIAL OFFICER,CEASED,34168.00,per Annum,0,443.26,0,79.53,15.94
2020,71,DEPT. OF HOMELESS SERVICES,2015-12-07T00:00:00.000,BROOKLYN,SPECIAL OFFICER,CEASED,46737.00,per Annum,0,389.06,0,104.75,16.42
2020,71,DEPT. OF HOMELESS SERVICES,2017-03-13T00:00:00.000,MANHATTAN,SPECIAL OFFICER,CEASED,34937.00,per Annum,0,318.12,0,119.71,23.79
2020,71,DEPT. OF HOMELESS SERVICES,2017-04-10T00:00:00.000,MANHATTAN,SPECIAL OFFICER,CEASED,34168.00,per Annum,0,299.36,0,74.91,14.72
2020,71,DEPT. OF HOMELESS SERVICES,2017-04-10T00:00:00.000,MANHATTAN,SPECIAL OFFICER,CEASED,34168.00,per Annum,0,204.08,0,76.52,18.55
2020,71,DEPT. OF HOMELESS SERVICES,2017-09-11T00:00:00.000,MANHATTAN,SPECIAL OFFICER,CEASED,33075.00,per Annum,0,216.81,0,48.13,18.43
2020,71,DEPT. OF HOMELESS SERVICES,2018-03-19T00:00:00.000,MANHATTAN,SPECIAL OFFICER,CEASED,33075.00,per Annum,0,219.75,0,29.93,7.95
2020,71,DEPT. OF HOMELESS SERVICES,2017-01-16T00:00:00.000,MANHATTAN,SPECIAL OFFICER,CEASED,33075.00,per Annum,0,132.32,0,51.88,0.32
2020,71,DEPT. OF HOMELESS SERVICES,2017-05-22T00:00:00.000,MANHATTAN,SPECIAL OFFICER,CEASED,33075.00,per Annum,0,153.76,0,10.46,6.49
2020,71,DEPT. OF HOMELESS SERVICES,2016-02-01T00:00:00.000,MANHATTAN,SPECIAL OFFICER,ON LEAVE,35985.00,per Annum,0,88.12,0,35.47,2.62
2020,71,DEPT. OF HOMELESS SERVICES,1995-11-27T00:00:00.000,MANHATTAN,ADMINISTRATIVE CONSTRUCTION PROJECT MANAGER,CEASED,116919.00,per Annum,0,-130.83,0,0.00,130.83
2020,71,DEPT. OF HOMELESS SERVICES,1993-09-05T00:00:00.000,MANHATTAN,ADMINISTRATIVE STAFF ANALYST,CEASED,92749.00,per Annum,0,-3547.78,0,0.00,3547.78
2020,71,DEPT. OF HOMELESS SERVICES,2017-02-06T00:00:00.000,MANHATTAN,ADMINISTRATIVE STAFF ANALYST,CEASED,76220.00,per Annum,0,-292.35,0,0.00,292.35
2020,71,DEPT. OF HOMELESS SERVICES,2017-05-22T00:00:00.000,MANHATTAN,ADMINISTRATIVE STAFF ANALYST,CEASED,76220.00,per Annum,0,1461.75,0,0.00,-1461.75
2020,71,DEPT. OF HOMELESS SERVICES,1993-09-05T00:00:00.000,BROOKLYN,ASSISTANT SUPERINTENDENT OF WELFARE SHELTERS,CEASED,64586.00,per Annum,0,0.00,0,0.00,0.00
2020,71,DEPT. OF HOMELESS SERVICES,2014-03-10T00:00:00.000,BROOKLYN,SUPERVISING SPECIAL OFFICER,CEASED,58014.00,per Annum,0,2138.90,0,0.00,-2138.90
2020,71,DEPT. OF HOMELESS SERVICES,2007-04-02T00:00:00.000,MANHATTAN,FRAUD INVESTIGATOR,CEASED,57030.00,per Annum,0,-4429.42,0,0.00,4429.42
2020,71,DEPT. OF HOMELESS SERVICES,1993-09-05T00:00:00.000,BROOKLYN,SUPERVISOR I,CEASED,55088.00,per Annum,0,0.00,0,0.00,0.00
2020,71,DEPT. OF HOMELESS SERVICES,1993-09-05T00:00:00.000,MANHATTAN,MOTOR VEHICLE OPERATOR,CEASED,48009.00,per Annum,0,1804.73,0,0.00,-1804.73
2020,71,DEPT. OF HOMELESS SERVICES,2011-08-14T00:00:00.000,BROOKLYN,SPECIAL OFFICER,CEASED,46737.00,per Annum,0,-1410.13,0,0.00,1410.13
2020,71,DEPT. OF HOMELESS SERVICES,2008-12-29T00:00:00.000,BROOKLYN,SPECIAL OFFICER,CEASED,44269.00,per Annum,0,-3247.38,0,0.00,3247.38
2020,71,DEPT. OF HOMELESS SERVICES,2015-12-07T00:00:00.000,BROOKLYN,SPECIAL OFFICER,CEASED,36420.00,per Annum,0,2616.14,0,0.00,-2616.14
2020,71,DEPT. OF HOMELESS SERVICES,2012-12-04T00:00:00.000,BROOKLYN,COMMUNITY ASSISTANT,CEASED,36309.00,per Annum,0,-151.36,0,0.00,151.36
2020,71,DEPT. OF HOMELESS SERVICES,2015-10-27T00:00:00.000,MANHATTAN,SPECIAL OFFICER,CEASED,32435.00,per Annum,0,-1244.08,0,0.00,1244.08
2020,71,DEPT. OF HOMELESS SERVICES,2018-08-06T00:00:00.000,MANHATTAN,SPECIAL OFFICER,CEASED,32426.00,per Annum,0,-248.74,0,0.00,248.74
2020,71,DEPT. OF HOMELESS SERVICES,2018-02-20T00:00:00.000,BROOKLYN,CASEWORKER,CEASED,39389.00,per Annum,0,-1537.46,0,-0.85,1538.31
2020,71,DEPT. OF HOMELESS SERVICES,2010-07-06T00:00:00.000,MANHATTAN,ASSISTANT SUPERINTENDENT OF WELFARE SHELTERS,CEASED,60975.00,per Annum,0,0.00,0,-5.75,5.75
2020,71,DEPT. OF HOMELESS SERVICES,1993-09-05T00:00:00.000,BROOKLYN,ASSISTANT SUPERINTENDENT OF WELFARE SHELTERS,CEASED,65889.00,per Annum,0,0.00,0,-704.84,704.84
2020,71,DEPT. OF HOMELESS SERVICES,2018-03-19T00:00:00.000,MANHATTAN,SPECIAL OFFICER,CEASED,33075.00,per Annum,-68.57,-724.20,-3.5,-47.99,2.53
2020,71,DEPT. OF HOMELESS SERVICES,2016-04-18T00:00:00.000,MANHATTAN,SPECIAL OFFICER,ON LEAVE,38287.00,per Annum,-160,-1143.29,0,43.28,15.04
2020,71,DEPT. OF HOMELESS SERVICES,2018-05-21T00:00:00.000,MANHATTAN,SPECIAL OFFICER,CEASED,32426.00,per Annum,-80,-1243.74,-2,-50.09,-46.60
2020,71,DEPT. OF HOMELESS SERVICES,2019-01-07T00:00:00.000,MANHATTAN,SPECIAL OFFICER,CEASED,32426.00,per Annum,-160,-2487.48,0,0.00,-49.68
2020,71,DEPT. OF HOMELESS SERVICES,2013-11-18T00:00:00.000,MANHATTAN,SPECIAL OFFICER,ACTIVE,50207.00,per Annum,2080,44748.96,375.5,12846.63,4874.71
2020,71,DEPT. OF HOMELESS SERVICES,2018-11-19T00:00:00.000,MANHATTAN,COMMUNITY COORDINATOR,ACTIVE,62215.00,per Annum,1820,61259.83,40,1631.50,603.05
2020,71,DEPT. OF HOMELESS SERVICES,2018-10-22T00:00:00.000,MANHATTAN,SPECIAL OFFICER,ACTIVE,35985.00,per Annum,2080,34589.51,908,23237.38,5828.88
2020,71,DEPT. OF HOMELESS SERVICES,2016-02-01T00:00:00.000,BROOKLYN,SPECIAL OFFICER,ACTIVE,38287.00,per Annum,2080,37061.00,791.25,21221.84,5576.29
2020,71,DEPT. OF HOMELESS SERVICES,2013-09-03T00:00:00.000,BROOKLYN,ASSOCIATE STAFF ANALYST,ON LEAVE,75591.00,per Annum,1295,53496.01,179.75,9986.70,387.63
2020,71,DEPT. OF HOMELESS SERVICES,2000-07-24T00:00:00.000,MANHATTAN,SUPERVISING SPECIAL OFFICER,ACTIVE,55906.00,per Annum,1440,38248.57,533,21058.63,5020.91
2020,71,DEPT. OF HOMELESS SERVICES,2015-08-03T00:00:00.000,MANHATTAN,MOTOR VEHICLE OPERATOR,ACTIVE,49927.00,per Annum,2080,49160.57,331.5,12001.90,3340.26
2020,71,DEPT. OF HOMELESS SERVICES,2016-04-11T00:00:00.000,MANHATTAN,COMMUNITY COORDINATOR,ACTIVE,62215.00,per Annum,1820,61259.83,55,2154.72,1856.72
2020,71,DEPT. OF HOMELESS SERVICES,2017-10-16T00:00:00.000,BROOKLYN,SUPERVISOR I,ACTIVE,58879.00,per Annum,1820,55587.24,83.75,2943.04,6805.62
2020,71,DEPT. OF HOMELESS SERVICES,2015-07-13T00:00:00.000,MANHATTAN,COMMUNITY COORDINATOR,ACTIVE,62215.00,per Annum,1820,61259.83,123.25,5117.65,48.21
2020,71,DEPT. OF HOMELESS SERVICES,2015-01-05T00:00:00.000,BROOKLYN,RECREATION DIRECTOR,ACTIVE,47909.00,per Annum,1820,47173.44,465,16324.12,3512.69
2020,71,DEPT. OF HOMELESS SERVICES,2015-07-27T00:00:00.000,BROOKLYN,SPECIAL OFFICER,ACTIVE,50207.00,per Annum,2080,49540.94,446.5,15831.40,2553.88
2020,71,DEPT. OF HOMELESS SERVICES,1998-05-26T00:00:00.000,BROOKLYN,SPECIAL OFFICER,ACTIVE,50282.00,per Annum,2080,49705.82,415.75,14847.33,3394.11
2020,71,DEPT. OF HOMELESS SERVICES,2017-04-10T00:00:00.000,MANHATTAN,SPECIAL OFFICER,ACTIVE,37136.00,per Annum,2080,36371.28,1038.5,27104.30,5393.22
2020,71,DEPT. OF HOMELESS SERVICES,1993-09-05T00:00:00.000,BROOKLYN,COMMUNITY ASSISTANT,ACTIVE,39638.00,per Annum,1950,39021.44,734.75,23247.67,7155.35
2020,71,DEPT. OF HOMELESS SERVICES,2013-07-22T00:00:00.000,BROOKLYN,ADM MANAGER-NON-MGRL,ACTIVE,69356.00,per Annum,1820,69195.75,0,0.00,512.26
2020,71,DEPT. OF HOMELESS SERVICES,2016-06-13T00:00:00.000,MANHATTAN,COMMUNITY COORDINATOR,ACTIVE,69001.00,per Annum,1820,67933.60,15,673.74,1362.76
2020,71,DEPT. OF HOMELESS SERVICES,2002-09-23T00:00:00.000,MANHATTAN,STAFF ANALYST,ON SEPARATION LEAVE,66875.00,per Annum,1820,64699.77,0,0.00,5437.45
2020,71,DEPT. OF HOMELESS SERVICES,2008-07-28T00:00:00.000,MANHATTAN,SPECIAL OFFICER,ACTIVE,50207.00,per Annum,2080,47616.21,387.25,14576.41,8020.58
2020,71,DEPT. OF HOMELESS SERVICES,2012-06-04T00:00:00.000,BROOKLYN,SPECIAL OFFICER,ACTIVE,50207.00,per Annum,2080,49632.28,486.02,17447.64,3644.71
2020,71,DEPT. OF HOMELESS SERVICES,2018-08-06T00:00:00.000,MANHATTAN,SPECIAL OFFICER,ACTIVE,35985.00,per Annum,2080,34726.48,1165.5,30538.51,6078.35
2020,71,DEPT. OF HOMELESS SERVICES,2008-06-02T00:00:00.000,BROOKLYN,ASSISTANT SUPERINTENDENT OF WELFARE SHELTERS,ACTIVE,69152.00,per Annum,1666,62439.75,60,2442.37,6702.64
2020,71,DEPT. OF HOMELESS SERVICES,2017-07-10T00:00:00.000,MANHATTAN,COMMUNITY COORDINATOR,ACTIVE,62215.00,per Annum,1820,56703.03,223.75,9341.18,5677.13
2020,71,DEPT. OF HOMELESS SERVICES,2013-10-14T00:00:00.000,MANHATTAN,SPECIAL OFFICER,ACTIVE,50207.00,per Annum,2080,49058.86,467.25,17093.70,5751.67
2020,71,DEPT. OF HOMELESS SERVICES,2019-06-10T00:00:00.000,MANHATTAN,SPECIAL OFFICER,ACTIVE,34834.00,per Annum,2080,33654.92,1256.25,32702.27,5628.29
2020,71,DEPT. OF HOMELESS SERVICES,2005-04-11T00:00:00.000,BROOKLYN,ASSISTANT SUPERINTENDENT OF WELFARE SHELTERS,ON SEPARATION LEAVE,69238.00,per Annum,1820,68167.02,0,0.00,3848.61
2020,71,DEPT. OF HOMELESS SERVICES,2019-12-16T00:00:00.000,BROOKLYN,ELECTRICIAN,ACTIVE,417.97,per Day,945,56396.09,191.5,17144.39,0.00
2020,71,DEPT. OF HOMELESS SERVICES,2001-08-20T00:00:00.000,BRONX,MOTOR VEHICLE SUPERVISOR,ACTIVE,58018.00,per Annum,2080,57119.30,232.75,10084.99,6963.92
2020,71,DEPT. OF HOMELESS SERVICES,2012-07-16T00:00:00.000,BRONX,SUPERVISING SPECIAL OFFICER,ACTIVE,55853.00,per Annum,2080,52091.77,366.75,14009.57,8141.09
2020,71,DEPT. OF HOMELESS SERVICES,2017-02-20T00:00:00.000,MANHATTAN,COMMUNITY COORDINATOR,ACTIVE,62215.00,per Annum,1820,61259.83,290.5,12690.93,848.00
2020,71,DEPT. OF HOMELESS SERVICES,2004-09-19T00:00:00.000,MANHATTAN,COMMUNITY COORDINATOR,ACTIVE,68471.00,per Annum,1820,67411.63,137,6251.81,1170.53
2020,71,DEPT. OF HOMELESS SERVICES,2007-04-02T00:00:00.000,BRONX,FRAUD INVESTIGATOR,ACTIVE,58741.00,per Annum,1820,57839.04,174.5,6987.27,10093.79
2020,71,DEPT. OF HOMELESS SERVICES,2017-04-03T00:00:00.000,BROOKLYN,ASSOCIATE STAFF ANALYST,ACTIVE,75591.00,per Annum,1820,75182.49,0,0.00,33.00
2020,71,DEPT. OF HOMELESS SERVICES,2019-07-22T00:00:00.000,MANHATTAN,ADMINISTRATIVE REAL PROPERTY MANAGER,ACTIVE,82610.00,per Annum,1680,75214.24,0,0.00,350.54
2020,71,DEPT. OF HOMELESS SERVICES,2001-06-18T00:00:00.000,MANHATTAN,CASEWORKER,ACTIVE,47766.00,per Annum,1820,47021.89,150,8618.74,20022.26
2020,71,DEPT. OF HOMELESS SERVICES,2015-10-19T00:00:00.000,BROOKLYN,SPECIAL OFFICER,ACTIVE,50207.00,per Annum,2080,49540.94,563.75,20749.85,5833.44
2020,71,DEPT. OF HOMELESS SERVICES,2014-04-21T00:00:00.000,BRONX,SUPERVISING SPECIAL OFFICER,ACTIVE,55853.00,per Annum,2080,58080.52,320.25,13060.21,5183.82
2020,71,DEPT. OF HOMELESS SERVICES,2019-02-19T00:00:00.000,MANHATTAN,ASSOCIATE STAFF ANALYST,ACTIVE,75591.00,per Annum,1820,75182.49,0,0.00,1846.30
2020,71,DEPT. OF HOMELESS SERVICES,2008-03-24T00:00:00.000,MANHATTAN,ADM MANAGER-NON-MGRL,ACTIVE,69356.00,per Annum,1820,71653.31,95.75,4778.89,599.36
2020,71,DEPT. OF HOMELESS SERVICES,2016-10-17T00:00:00.000,MANHATTAN,COMMUNITY ASSOCIATE,ACTIVE,44083.00,per Annum,1820,43406.06,930.25,30757.95,2955.32
2020,71,DEPT. OF HOMELESS SERVICES,2019-03-04T00:00:00.000,BROOKLYN,ADMINISTRATIVE SUPERVISOR OF BUILDING MAINTENANCE,ACTIVE,78795.00,per Annum,1820,77597.80,0,0.00,0.00
2020,71,DEPT. OF HOMELESS SERVICES,2005-06-13T00:00:00.000,BRONX,ASSOCIATE FRAUD INVESTIGATOR,ACTIVE,69152.00,per Annum,1798,67258.81,48,2177.91,9017.30
2020,71,DEPT. OF HOMELESS SERVICES,2005-05-09T00:00:00.000,MANHATTAN,ASSOCIATE FRAUD INVESTIGATOR,ACTIVE,69152.00,per Annum,1820,62020.56,204.75,8359.22,9780.37
2020,71,DEPT. OF HOMELESS SERVICES,2010-08-30T00:00:00.000,BRONX,ADMINISTRATIVE DIRECTOR OF SOCIAL SERVICES,ACTIVE,82443.00,per Annum,1820,81190.47,0,0.00,0.00
2020,71,DEPT. OF HOMELESS SERVICES,2001-08-20T00:00:00.000,MANHATTAN,ASSOCIATE STAFF ANALYST,ACTIVE,76247.00,per Annum,1820,75834.87,0,0.00,5437.45
2020,71,DEPT. OF HOMELESS SERVICES,2018-01-16T00:00:00.000,MANHATTAN,COMMUNITY COORDINATOR,ACTIVE,62215.00,per Annum,1855,54806.98,467.25,18462.71,8013.20
2020,71,DEPT. OF HOMELESS SERVICES,2005-09-12T00:00:00.000,BRONX,FRAUD INVESTIGATOR,ACTIVE,58741.00,per Annum,1820,57839.04,390.75,17175.10,6379.93
2020,71,DEPT. OF HOMELESS SERVICES,2005-03-28T00:00:00.000,MANHATTAN,ADMINISTRATIVE DIRECTOR OF SOCIAL SERVICES,CEASED,107958.00,per Annum,1400,81540.50,0,0.00,0.00
2020,71,DEPT. OF HOMELESS SERVICES,1993-09-05T00:00:00.000,BROOKLYN,ASSISTANT SUPERINTENDENT OF WELFARE SHELTERS,ACTIVE,69380.00,per Annum,1820,68306.80,118,5053.18,8951.25
2020,71,DEPT. OF HOMELESS SERVICES,2012-07-30T00:00:00.000,MANHATTAN,ADMINISTRATIVE STAFF ANALYST,ACTIVE,76835.00,per Annum,1820,76419.64,124.5,6487.10,27.33
2020,71,DEPT. OF HOMELESS SERVICES,2004-06-21T00:00:00.000,MANHATTAN,CASEWORKER,ACTIVE,71046.00,per Annum,1820,74754.30,0,0.00,8996.14
2020,71,DEPT. OF HOMELESS SERVICES,2015-12-07T00:00:00.000,BROOKLYN,SPECIAL OFFICER,ACTIVE,50207.00,per Annum,1964.57,46850.19,944.93,33577.84,3718.92
2020,71,DEPT. OF HOMELESS SERVICES,1993-09-05T00:00:00.000,QUEENS,ASSISTANT SUPERINTENDENT OF WELFARE SHELTERS,ACTIVE,69491.00,per Annum,1820,68416.30,174.75,8198.51,8374.49
2020,71,DEPT. OF HOMELESS SERVICES,2015-09-21T00:00:00.000,BRONX,SUPERVISOR II SOCIAL WORK,ACTIVE,76408.00,per Annum,1820,75234.99,129.75,6478.21,5241.91
2020,71,DEPT. OF HOMELESS SERVICES,2000-08-07T00:00:00.000,BRONX,ASSOCIATE FRAUD INVESTIGATOR,ACTIVE,69228.00,per Annum,1820,68157.06,153.5,7611.93,11875.14
2020,71,DEPT. OF HOMELESS SERVICES,2016-06-27T00:00:00.000,BRONX,SUPERVISOR II SOCIAL WORK,ACTIVE,76408.00,per Annum,1820,75234.99,149,7640.66,5010.61
2020,71,DEPT. OF HOMELESS SERVICES,2007-04-02T00:00:00.000,MANHATTAN,ASSOCIATE FRAUD INVESTIGATOR,ACTIVE,69152.00,per Annum,1820,68090.32,219,11402.15,8413.86
2020,71,DEPT. OF HOMELESS SERVICES,1994-04-17T00:00:00.000,BROOKLYN,ELECTRICIAN'S HELPER,ACTIVE,265.23,per Day,1820,68892.47,170,9661.95,9446.92
2020,71,DEPT. OF HOMELESS SERVICES,2008-07-28T00:00:00.000,BRONX,SUPERVISING SPECIAL OFFICER,ACTIVE,55853.00,per Annum,2080,54888.44,641.5,25329.00,8162.19
2020,71,DEPT. OF HOMELESS SERVICES,2015-11-02T00:00:00.000,BRONX,SUPERVISOR II SOCIAL WORK,ACTIVE,76408.00,per Annum,1820,75234.99,117.75,5806.91,7564.73
2020,71,DEPT. OF HOMELESS SERVICES,2005-05-31T00:00:00.000,BROOKLYN,ASSOCIATE PROJECT MANAGER,ACTIVE,82575.00,per Annum,1820,81307.23,0,0.00,7364.67
2020,71,DEPT. OF HOMELESS SERVICES,2013-10-21T00:00:00.000,MANHATTAN,ADMINISTRATIVE STAFF ANALYST,ACTIVE,85000.00,per Annum,1820,84540.70,101.5,5263.03,103.01
2020,71,DEPT. OF HOMELESS SERVICES,2003-02-18T00:00:00.000,MANHATTAN,ADMINISTRATIVE DIRECTOR OF SOCIAL SERVICES,ACTIVE,91311.00,per Annum,1820,89923.40,0,0.00,0.00
2020,71,DEPT. OF HOMELESS SERVICES,2018-01-22T00:00:00.000,MANHATTAN,ADMINISTRATIVE DIRECTOR OF SOCIAL SERVICES,ACTIVE,85984.00,per Annum,1820,84664.00,41.25,2641.40,3670.97
2020,71,DEPT. OF HOMELESS SERVICES,2013-05-06T00:00:00.000,MANHATTAN,SPECIAL OFFICER,ACTIVE,50207.00,per Annum,2051.43,47408.43,1150.25,40457.05,4918.50
2020,71,DEPT. OF HOMELESS SERVICES,2013-02-04T00:00:00.000,BRONX,ADMINISTRATIVE DIRECTOR OF SOCIAL SERVICES,ACTIVE,96210.00,per Annum,1820,94748.11,0,0.00,0.00
2020,71,DEPT. OF HOMELESS SERVICES,2015-07-27T00:00:00.000,MANHATTAN,ADMINISTRATIVE DIRECTOR OF SOCIAL SERVICES,ACTIVE,96402.00,per Annum,1820,94937.19,0,0.00,0.00
2020,71,DEPT. OF HOMELESS SERVICES,2004-04-05T00:00:00.000,BROOKLYN,SUPERVISING SPECIAL OFFICER,ACTIVE,64217.00,per Annum,2080,63470.16,584.75,26924.83,7969.54
2020,71,DEPT. OF HOMELESS SERVICES,2012-02-25T00:00:00.000,MANHATTAN,ADMINISTRATIVE DIRECTOR OF SOCIAL SERVICES,ACTIVE,103130.00,per Annum,1820,101562.87,0,0.00,0.00
2020,71,DEPT. OF HOMELESS SERVICES,2015-10-19T00:00:00.000,QUEENS,ASSISTANT SUPERINTENDENT OF WELFARE SHELTERS,ACTIVE,69152.00,per Annum,1820,68090.32,437,22139.80,11454.78
2020,71,DEPT. OF HOMELESS SERVICES,2016-10-17T00:00:00.000,BROOKLYN,ADMINISTRATIVE CONTRACT SPECIALIST,ACTIVE,102591.00,per Annum,1820,101015.93,0,0.00,1213.14
2020,71,DEPT. OF HOMELESS SERVICES,2016-11-01T00:00:00.000,MANHATTAN,ADMINISTRATIVE STAFF ANALYST,ACTIVE,106809.00,per Annum,1820,106231.74,0,0.00,10.75
2020,71,DEPT. OF HOMELESS SERVICES,1993-09-05T00:00:00.000,BROOKLYN,ADMINISTRATIVE DIRECTOR OF SOCIAL SERVICES,ACTIVE,109038.00,per Annum,1820,107381.14,0,0.00,0.00
2020,71,DEPT. OF HOMELESS SERVICES,2008-12-29T00:00:00.000,MANHATTAN,SUPERVISING SPECIAL OFFICER,ACTIVE,55853.00,per Annum,2080,54353.21,1194.75,46067.69,7270.90
2020,71,DEPT. OF HOMELESS SERVICES,2016-04-11T00:00:00.000,BROOKLYN,ASSOCIATE PROJECT MANAGER,ACTIVE,103666.00,per Annum,1820,102074.56,0,0.00,5907.31
2020,71,DEPT. OF HOMELESS SERVICES,2018-06-08T00:00:00.000,BROOKLYN,PLUMBER,ACTIVE,369.53,per Day,1820,96077.80,239,25233.62,0.00
2020,71,DEPT. OF HOMELESS SERVICES,2016-05-09T00:00:00.000,MANHATTAN,ADMINISTRATIVE STAFF ANALYST,ACTIVE,145000.00,per Annum,1820,120963.15,0,0.00,427.81
2020,71,DEPT. OF HOMELESS SERVICES,1994-04-17T00:00:00.000,BROOKLYN,CARPENTER,ACTIVE,364.14,per Day,1820,94635.73,467,37128.41,-9355.21
2020,71,DEPT. OF HOMELESS SERVICES,1996-03-25T00:00:00.000,MANHATTAN,ADMINISTRATIVE DIRECTOR OF SOCIAL SERVICES,ACTIVE,128906.00,per Annum,1820,122411.04,0,0.00,0.00
2020,71,DEPT. OF HOMELESS SERVICES,1996-12-02T00:00:00.000,MANHATTAN,ADMINISTRATIVE DIRECTOR OF SOCIAL SERVICES,ACTIVE,128900.00,per Annum,1820,124357.42,0,0.00,0.00
2020,71,DEPT. OF HOMELESS SERVICES,2004-06-28T00:00:00.000,MANHATTAN,ADMINISTRATIVE DIRECTOR OF SOCIAL SERVICES,ACTIVE,149350.00,per Annum,1820,133987.22,0,0.00,0.00
2020,71,DEPT. OF HOMELESS SERVICES,2013-12-23T00:00:00.000,BROOKLYN,SHEET METAL WORKER,ACTIVE,405.44,per Day,1820,106401.90,240,28398.56,0.00
2020,71,DEPT. OF HOMELESS SERVICES,2006-05-22T00:00:00.000,BROOKLYN,OILER,ON SEPARATION LEAVE,478.00,per Day,2080,131626.74,30,3029.72,2349.63
2020,71,DEPT. OF HOMELESS SERVICES,2007-11-26T00:00:00.000,BROOKLYN,OILER,ACTIVE,478.00,per Day,2080,131615.72,58,5891.62,2376.26
2020,71,DEPT. OF HOMELESS SERVICES,1997-02-10T00:00:00.000,BROOKLYN,ADMINISTRATIVE STAFF ANALYST,ACTIVE,143555.00,per Annum,1855,144046.68,0,0.00,0.00
2020,71,DEPT. OF HOMELESS SERVICES,1994-04-17T00:00:00.000,BROOKLYN,ELECTRICIAN,CEASED,417.97,per Day,1820,108565.73,243,21755.62,15024.23
2020,71,DEPT. OF HOMELESS SERVICES,2015-01-18T00:00:00.000,MANHATTAN,ADMINISTRATIVE DIRECTOR OF SOCIAL SERVICES,ACTIVE,150133.00,per Annum,1820,147851.68,0,0.00,0.00
2020,71,DEPT. OF HOMELESS SERVICES,2018-03-05T00:00:00.000,BROOKLYN,OILER,ACTIVE,478.00,per Day,2080,130024.23,175,16425.87,3395.96
2020,71,DEPT. OF HOMELESS SERVICES,2008-12-29T00:00:00.000,MANHATTAN,SPECIAL OFFICER,ACTIVE,50207.00,per Annum,1913,45743.67,280,9965.59,4122.05
2020,71,DEPT. OF HOMELESS SERVICES,2016-07-11T00:00:00.000,MANHATTAN,COMMUNITY ASSOCIATE,ACTIVE,47634.00,per Annum,1820,46855.55,375.5,12830.41,119.07
2020,71,DEPT. OF HOMELESS SERVICES,1993-09-05T00:00:00.000,MANHATTAN,HOUSEKEEPER,ACTIVE,43715.00,per Annum,1820,43213.69,256.25,8440.66,6693.22
2020,71,DEPT. OF HOMELESS SERVICES,2002-09-30T00:00:00.000,BRONX,ASSOCIATE FRAUD INVESTIGATOR,ACTIVE,69152.00,per Annum,1330,49574.20,80.25,3410.43,4535.21
2020,71,DEPT. OF HOMELESS SERVICES,2007-03-26T00:00:00.000,MANHATTAN,SUPERVISING SPECIAL OFFICER,ACTIVE,64190.00,per Annum,1673.15,51230.61,86.75,4041.73,2236.97
2020,71,DEPT. OF HOMELESS SERVICES,2017-06-26T00:00:00.000,MANHATTAN,PRINCIPAL ADMINISTRATIVE ASSOCIATE -  NON SUPVR,ACTIVE,55072.00,per Annum,1820,56128.53,9.5,302.46,872.44
2020,71,DEPT. OF HOMELESS SERVICES,2016-05-23T00:00:00.000,MANHATTAN,SPECIAL OFFICER,ACTIVE,38287.00,per Annum,2080,37791.96,450.25,12811.69,6503.32
2020,71,DEPT. OF HOMELESS SERVICES,2018-04-30T00:00:00.000,MANHATTAN,COMMUNITY COORDINATOR,ACTIVE,62215.00,per Annum,1820,54423.09,78.5,2588.05,41.25
2020,71,DEPT. OF HOMELESS SERVICES,2014-11-03T00:00:00.000,MANHATTAN,MOTOR VEHICLE OPERATOR,ACTIVE,49927.00,per Annum,2080,49160.57,141.25,5097.17,2685.86
2020,71,DEPT. OF HOMELESS SERVICES,2019-04-01T00:00:00.000,MANHATTAN,SPECIAL OFFICER,ACTIVE,34834.00,per Annum,2080,33771.82,693,17659.28,5174.82
2020,71,DEPT. OF HOMELESS SERVICES,2001-06-18T00:00:00.000,MANHATTAN,CASEWORKER,ACTIVE,47748.00,per Annum,1820,47007.00,118.75,4410.35,5030.53
2020,71,DEPT. OF HOMELESS SERVICES,2016-02-01T00:00:00.000,MANHATTAN,SPECIAL OFFICER,ACTIVE,38287.00,per Annum,2080,33013.01,625.75,16673.84,6389.43
2020,71,DEPT. OF HOMELESS SERVICES,2019-05-28T00:00:00.000,MANHATTAN,COMMUNITY COORDINATOR,ACTIVE,54100.00,per Annum,1820,53269.25,45.75,1429.02,1230.87
2020,71,DEPT. OF HOMELESS SERVICES,2001-06-18T00:00:00.000,MANHATTAN,SUPERVISING SPECIAL OFFICER,CEASED,62342.00,per Annum,1157.5,35896.91,0,216.28,18880.36
2020,71,DEPT. OF HOMELESS SERVICES,2004-01-05T00:00:00.000,MANHATTAN,COMMUNITY ASSOCIATE,ACTIVE,44090.00,per Annum,1820,43413.08,148.75,4506.18,7062.37
2020,71,DEPT. OF HOMELESS SERVICES,2014-09-01T00:00:00.000,MANHATTAN,SPECIAL OFFICER,ACTIVE,50207.00,per Annum,2080,49582.01,66.5,2406.28,2930.51
2020,71,DEPT. OF HOMELESS SERVICES,1993-09-05T00:00:00.000,BRONX,COMMUNITY ASSISTANT,ACTIVE,39706.00,per Annum,1950,39088.34,295.75,8786.29,6932.40
2020,71,DEPT. OF HOMELESS SERVICES,2017-09-11T00:00:00.000,MANHATTAN,SPECIAL OFFICER,ACTIVE,37136.00,per Annum,2080,35950.29,508.5,13844.45,4663.56
2020,71,DEPT. OF HOMELESS SERVICES,2014-11-03T00:00:00.000,MANHATTAN,MOTOR VEHICLE OPERATOR,ACTIVE,49927.00,per Annum,2080,48587.63,3,107.06,5417.09
2020,71,DEPT. OF HOMELESS SERVICES,2018-10-01T00:00:00.000,MANHATTAN,COMMUNITY COORDINATOR,ON LEAVE,54100.00,per Annum,1666,49001.62,12.75,477.95,4152.21
2020,71,DEPT. OF HOMELESS SERVICES,2015-09-14T00:00:00.000,BROOKLYN,SPECIAL OFFICER,ACTIVE,50207.00,per Annum,2080,38353.54,278,10182.73,4952.65
2020,71,DEPT. OF HOMELESS SERVICES,2005-09-12T00:00:00.000,BRONX,FRAUD INVESTIGATOR,ACTIVE,47705.00,per Annum,1820,46972.69,31,1068.71,5417.22
2020,71,DEPT. OF HOMELESS SERVICES,2016-04-25T00:00:00.000,BROOKLYN,CASEWORKER,ACTIVE,47705.00,per Annum,1820,46972.69,1.25,34.85,6263.17
2020,71,DEPT. OF HOMELESS SERVICES,1993-09-05T00:00:00.000,MANHATTAN,COMMUNITY ASSOCIATE,ACTIVE,47931.00,per Annum,1820,47187.31,24.75,823.11,5249.28
2020,71,DEPT. OF HOMELESS SERVICES,2016-11-28T00:00:00.000,MANHATTAN,PRINCIPAL ADMINISTRATIVE ASSOCIATE -  NON SUPVR,ACTIVE,52964.00,per Annum,1820,51348.30,0,0.00,1897.79
2020,71,DEPT. OF HOMELESS SERVICES,2015-04-13T00:00:00.000,MANHATTAN,CASEWORKER,ACTIVE,47705.00,per Annum,1820,46972.69,0,0.00,6254.01
2020,71,DEPT. OF HOMELESS SERVICES,2014-10-13T00:00:00.000,BROOKLYN,CASEWORKER,ACTIVE,47705.00,per Annum,1820,46972.69,30.75,1059.20,4340.73
2020,71,DEPT. OF HOMELESS SERVICES,2012-06-18T00:00:00.000,MANHATTAN,MOTOR VEHICLE OPERATOR,ACTIVE,49927.00,per Annum,2080,49160.57,0,0.00,3138.13
2020,71,DEPT. OF HOMELESS SERVICES,2019-01-07T00:00:00.000,MANHATTAN,SPECIAL OFFICER,ACTIVE,34834.00,per Annum,2080,33882.63,513,13048.18,5305.56
2020,71,DEPT. OF HOMELESS SERVICES,2018-03-19T00:00:00.000,BRONX,FRAUD INVESTIGATOR,ACTIVE,47705.00,per Annum,1820,42444.11,275.75,8106.10,1545.69
2020,71,DEPT. OF HOMELESS SERVICES,2016-02-01T00:00:00.000,MANHATTAN,SPECIAL OFFICER,ACTIVE,38287.00,per Annum,2080,34608.31,465.5,11961.51,5264.27
2020,71,DEPT. OF HOMELESS SERVICES,2017-09-11T00:00:00.000,MANHATTAN,SPECIAL OFFICER,CEASED,36054.00,per Annum,2076.57,36000.80,514.75,13267.47,2537.23
2020,71,DEPT. OF HOMELESS SERVICES,1993-09-05T00:00:00.000,BRONX,PRINCIPAL ADMINISTRATIVE ASSOCIATE -  NON SUPVR,ACTIVE,59346.00,per Annum,1750,57693.03,9.5,323.69,1984.20
2020,71,DEPT. OF HOMELESS SERVICES,1993-09-05T00:00:00.000,BRONX,COMMUNITY ASSOCIATE,ACTIVE,46706.00,per Annum,1820,45401.93,102.25,2899.04,3247.12
2020,71,DEPT. OF HOMELESS SERVICES,2016-05-23T00:00:00.000,MANHATTAN,SPECIAL OFFICER,ACTIVE,38287.00,per Annum,2080,37788.86,408,11325.98,2317.72
2020,71,DEPT. OF HOMELESS SERVICES,2017-05-22T00:00:00.000,MANHATTAN,SPECIAL OFFICER,ACTIVE,37136.00,per Annum,2080,35828.57,459.25,11898.49,3518.68
2020,71,DEPT. OF HOMELESS SERVICES,2017-08-07T00:00:00.000,MANHATTAN,SPECIAL OFFICER,ACTIVE,37136.00,per Annum,2080,36083.93,419,10900.43,4021.13
2020,71,DEPT. OF HOMELESS SERVICES,2018-08-06T00:00:00.000,MANHATTAN,SPECIAL OFFICER,ACTIVE,35985.00,per Annum,2080,34725.93,462.25,11808.61,4443.57
2020,71,DEPT. OF HOMELESS SERVICES,2015-10-26T00:00:00.000,MANHATTAN,CASEWORKER,ACTIVE,47705.00,per Annum,1820,46972.69,4,110.68,3767.20
2020,71,DEPT. OF HOMELESS SERVICES,2019-04-01T00:00:00.000,MANHATTAN,SPECIAL OFFICER,ACTIVE,34834.00,per Annum,2080,33766.76,490.5,12327.59,4468.35
2020,71,DEPT. OF HOMELESS SERVICES,2018-03-19T00:00:00.000,MANHATTAN,SPECIAL OFFICER,ACTIVE,35985.00,per Annum,2080,34916.17,495.5,12305.31,3222.86
2020,71,DEPT. OF HOMELESS SERVICES,2015-03-23T00:00:00.000,BROOKLYN,COMMUNITY ASSISTANT,ACTIVE,37398.00,per Annum,1950,36823.81,358.5,9795.11,3787.55
2020,71,DEPT. OF HOMELESS SERVICES,2018-05-21T00:00:00.000,MANHATTAN,SPECIAL OFFICER,ACTIVE,35985.00,per Annum,2080,35426.53,393.75,10223.42,4532.19
2020,71,DEPT. OF HOMELESS SERVICES,2015-09-14T00:00:00.000,BRONX,SPECIAL OFFICER,ACTIVE,50207.00,per Annum,2080,46912.37,228,8113.10,5308.16
2020,71,DEPT. OF HOMELESS SERVICES,2019-01-07T00:00:00.000,MANHATTAN,SPECIAL OFFICER,ACTIVE,34834.00,per Annum,2080,33927.76,449,11271.89,4749.20
2020,71,DEPT. OF HOMELESS SERVICES,1993-09-05T00:00:00.000,QUEENS,HOUSEKEEPER,ACTIVE,43628.00,per Annum,1820,43128.93,131.75,4147.04,2181.58
2020,71,DEPT. OF HOMELESS SERVICES,2018-10-22T00:00:00.000,MANHATTAN,SPECIAL OFFICER,ACTIVE,35985.00,per Annum,2080,34588.39,419.25,10636.86,3750.46
2020,71,DEPT. OF HOMELESS SERVICES,2019-04-01T00:00:00.000,MANHATTAN,SPECIAL OFFICER,ACTIVE,34834.00,per Annum,2080,33650.01,430.75,10768.84,4416.83
2020,71,DEPT. OF HOMELESS SERVICES,2020-02-24T00:00:00.000,BROOKLYN,CARPENTER,ACTIVE,364.14,per Day,595,30951.90,240,17582.78,0.00
2020,71,DEPT. OF HOMELESS SERVICES,2017-09-11T00:00:00.000,MANHATTAN,SPECIAL OFFICER,ACTIVE,37136.00,per Annum,2080,36083.93,271.25,7342.22,4862.12
2020,71,DEPT. OF HOMELESS SERVICES,2003-09-30T00:00:00.000,BROOKLYN,CASEWORKER,ACTIVE,47995.00,per Annum,1510,39357.76,0,0.00,8772.84
2020,71,DEPT. OF HOMELESS SERVICES,2016-02-01T00:00:00.000,BROOKLYN,SPECIAL OFFICER,ACTIVE,38287.00,per Annum,2080,33667.90,418.75,9815.62,4640.60
2020,71,DEPT. OF HOMELESS SERVICES,1993-09-05T00:00:00.000,MANHATTAN,COMMUNITY ASSOCIATE,ACTIVE,47697.00,per Annum,1820,46349.55,8.75,301.93,1328.02
2020,71,DEPT. OF HOMELESS SERVICES,2014-10-13T00:00:00.000,MANHATTAN,SPECIAL OFFICER,ON LEAVE,50207.00,per Annum,2104,41404.96,71.75,2648.48,3912.77
2020,858,DEPT OF INFO TECH & TELECOMM,2019-04-01T00:00:00.000,BROOKLYN,CERTIFIED IT ADMINISTRATOR,CEASED,105875.00,per Annum,0,0.00,0,0.00,405.65
2020,858,DEPT OF INFO TECH & TELECOMM,2004-04-12T00:00:00.000,MANHATTAN,ASSOCIATE CALL CENTER REPRESENTATIVE-NON-SPVR,CEASED,74979.00,per Annum,0,870.01,0,0.00,66.46
2020,858,DEPT OF INFO TECH & TELECOMM,2001-02-05T00:00:00.000,MANHATTAN,ADM MANAGER-NON-MGRL,CEASED,77314.00,per Annum,0,110.50,0,0.00,1004.05
2020,858,DEPT OF INFO TECH & TELECOMM,2012-03-26T00:00:00.000,MANHATTAN,ADM MANAGER-NON-MGRL,CEASED,61818.00,per Annum,0,0.00,0,0.00,1595.65
2020,858,DEPT OF INFO TECH & TELECOMM,2019-08-26T00:00:00.000,MANHATTAN,CALL CENTER REPRESENTATIVE,CEASED,34061.00,per Annum,98,520.72,0,0.00,1302.88
2020,858,DEPT OF INFO TECH & TELECOMM,2019-08-26T00:00:00.000,MANHATTAN,CALL CENTER REPRESENTATIVE,CEASED,34061.00,per Annum,112,2084.56,0,0.00,0.00
2020,858,DEPT OF INFO TECH & TELECOMM,2020-03-09T00:00:00.000,MANHATTAN,CALL CENTER REPRESENTATIVE,CEASED,35083.00,per Annum,210,2146.91,0,0.00,0.00
2020,858,DEPT OF INFO TECH & TELECOMM,2019-05-28T00:00:00.000,MANHATTAN,CALL CENTER REPRESENTATIVE,CEASED,34061.00,per Annum,-63.5,-989.19,0,0.00,5.59
2020,858,DEPT OF INFO TECH & TELECOMM,2018-09-24T00:00:00.000,MANHATTAN,CALL CENTER REPRESENTATIVE,CEASED,34061.00,per Annum,84,1434.76,0,0.00,885.41
2020,858,DEPT OF INFO TECH & TELECOMM,2019-06-24T00:00:00.000,MANHATTAN,SUMMER GRADUATE INTERN,CEASED,20.00,per Hour,141.75,2835.00,0,0.00,0.00
2020,858,DEPT OF INFO TECH & TELECOMM,2020-05-18T00:00:00.000,MANHATTAN,CALL CENTER REPRESENTATIVE,ACTIVE,35083.00,per Annum,175,3354.93,0,0.00,28.80
2020,858,DEPT OF INFO TECH & TELECOMM,2020-05-18T00:00:00.000,MANHATTAN,CALL CENTER REPRESENTATIVE,ACTIVE,35083.00,per Annum,175,3354.93,0,0.00,28.80
2020,858,DEPT OF INFO TECH & TELECOMM,2019-10-21T00:00:00.000,MANHATTAN,CALL CENTER REPRESENTATIVE,CEASED,35083.00,per Annum,210,4008.92,0,0.00,0.00
2020,858,DEPT OF INFO TECH & TELECOMM,2020-05-18T00:00:00.000,MANHATTAN,COMMUNITY ASSOCIATE,ACTIVE,44083.00,per Annum,175,4215.58,0,0.00,0.00
2020,858,DEPT OF INFO TECH & TELECOMM,2020-06-15T00:00:00.000,BROOKLYN,EXECUTIVE AGENCY COUNSEL,ACTIVE,229948.00,per Annum,35,4397.91,0,0.00,0.00
2020,858,DEPT OF INFO TECH & TELECOMM,2019-01-28T00:00:00.000,MANHATTAN,COLLEGE AIDE - ASSIGNMENT LEVELS II AND III,CEASED,21.00,per Hour,227,4767.00,0,0.00,0.00
2020,858,DEPT OF INFO TECH & TELECOMM,2020-02-28T00:00:00.000,MANHATTAN,COLLEGE AIDE - ASSIGNMENT LEVELS II AND III,ACTIVE,20.76,per Hour,250.5,5200.38,0,0.00,0.00
2020,858,DEPT OF INFO TECH & TELECOMM,2019-12-02T00:00:00.000,MANHATTAN,CALL CENTER REPRESENTATIVE,CEASED,35083.00,per Annum,280,5367.65,0,0.00,247.70
2020,858,DEPT OF INFO TECH & TELECOMM,2016-09-19T00:00:00.000,MANHATTAN,CALL CENTER REPRESENTATIVE,CEASED,39170.00,per Annum,236.68,4319.06,30,707.52,1000.00
2020,858,DEPT OF INFO TECH & TELECOMM,2019-12-02T00:00:00.000,MANHATTAN,CALL CENTER REPRESENTATIVE,CEASED,35083.00,per Annum,434,8248.00,0,0.00,691.21
2020,858,DEPT OF INFO TECH & TELECOMM,2019-02-11T00:00:00.000,MANHATTAN,CALL CENTER REPRESENTATIVE,CEASED,34061.00,per Annum,483,8893.45,0,0.00,831.22
2020,858,DEPT OF INFO TECH & TELECOMM,2006-03-20T00:00:00.000,MANHATTAN,CALL CENTER REPRESENTATIVE,ON LEAVE,40345.00,per Annum,490,8391.77,27,674.45,1585.79
2020,858,DEPT OF INFO TECH & TELECOMM,2018-12-03T00:00:00.000,MANHATTAN,CALL CENTER REPRESENTATIVE,CEASED,34061.00,per Annum,595,11076.28,0,0.00,195.75
2020,858,DEPT OF INFO TECH & TELECOMM,2019-05-28T00:00:00.000,MANHATTAN,CALL CENTER REPRESENTATIVE,ACTIVE,35083.00,per Annum,875,12468.55,0,0.00,0.00
2020,858,DEPT OF INFO TECH & TELECOMM,2016-09-19T00:00:00.000,MANHATTAN,STAFF ANALYST,CEASED,68000.00,per Annum,350,13009.52,0,0.00,353.56
2020,858,DEPT OF INFO TECH & TELECOMM,2020-03-09T00:00:00.000,MANHATTAN,CALL CENTER REPRESENTATIVE,ACTIVE,35083.00,per Annum,525,10064.78,146,3782.96,67.21
2020,858,DEPT OF INFO TECH & TELECOMM,2019-07-08T00:00:00.000,MANHATTAN,CALL CENTER REPRESENTATIVE,CEASED,35083.00,per Annum,742,13914.67,0,0.00,1006.05
2020,858,DEPT OF INFO TECH & TELECOMM,2019-10-21T00:00:00.000,MANHATTAN,CALL CENTER REPRESENTATIVE,ON LEAVE,35083.00,per Annum,805,14414.14,16,364.84,268.84
2020,858,DEPT OF INFO TECH & TELECOMM,2019-06-03T00:00:00.000,MANHATTAN,TELECOMMUNICATION MANAGER,ACTIVE,236900.00,per Annum,1820,233300.38,0,0.00,0.00
2020,858,DEPT OF INFO TECH & TELECOMM,2003-06-10T00:00:00.000,BROOKLYN,COMPUTER SYSTEMS MANAGER,ACTIVE,233094.00,per Annum,1820,229552.23,0,0.00,0.00
2020,858,DEPT OF INFO TECH & TELECOMM,2016-07-11T00:00:00.000,MANHATTAN,COMPUTER SYSTEMS MANAGER,ACTIVE,229948.00,per Annum,1820,220579.25,0,0.00,0.00
2020,858,DEPT OF INFO TECH & TELECOMM,2006-04-03T00:00:00.000,MANHATTAN,ADMINISTRATIVE STAFF ANALYST,ACTIVE,219091.00,per Annum,1820,215762.10,0,0.00,0.00
2020,858,DEPT OF INFO TECH & TELECOMM,2015-01-12T00:00:00.000,MANHATTAN,ADMINISTRATIVE MANAGER,ACTIVE,200850.00,per Annum,1820,191626.28,0,0.00,1000.00
2020,858,DEPT OF INFO TECH & TELECOMM,2016-05-09T00:00:00.000,BROOKLYN,CERTIFIED IT ADMINISTRATOR,ACTIVE,140846.00,per Annum,1820,138675.37,370.25,40344.07,7083.39
2020,858,DEPT OF INFO TECH & TELECOMM,2019-02-11T00:00:00.000,MANHATTAN,IT SECURITY SPECIALIST,ACTIVE,165664.00,per Annum,1750,156968.08,231.75,26525.92,1365.91
2020,858,DEPT OF INFO TECH & TELECOMM,2009-01-05T00:00:00.000,MANHATTAN,COMPUTER SYSTEMS MANAGER,ACTIVE,190550.00,per Annum,1820,183606.49,0,0.00,0.00
2020,858,DEPT OF INFO TECH & TELECOMM,2014-02-18T00:00:00.000,BROOKLYN,CERTIFIED IT ADMINISTRATOR,ACTIVE,132381.00,per Annum,1820,130348.32,269,26449.06,20134.34
2020,858,DEPT OF INFO TECH & TELECOMM,2019-04-23T00:00:00.000,MANHATTAN,DEPUTY COMMISSIONER,ACTIVE,169950.00,per Annum,1753,195214.27,0,0.00,-19869.56
2020,858,DEPT OF INFO TECH & TELECOMM,2006-06-26T00:00:00.000,BROOKLYN,COMPUTER SYSTEMS MANAGER,ACTIVE,170742.00,per Annum,1820,168147.56,0,0.00,0.00
2020,858,DEPT OF INFO TECH & TELECOMM,2019-04-15T00:00:00.000,MANHATTAN,COMPUTER OPERATIONS MANAGER,ACTIVE,164800.00,per Annum,1750,165233.00,0,0.00,0.00
2020,858,DEPT OF INFO TECH & TELECOMM,2005-12-05T00:00:00.000,BROOKLYN,*CERTIFIED DATABASE ADMINISTRATOR,ACTIVE,142885.00,per Annum,1820,140691.05,73.5,7696.85,16430.62
2020,858,DEPT OF INFO TECH & TELECOMM,2002-07-22T00:00:00.000,MANHATTAN,COMPUTER SYSTEMS MANAGER,ACTIVE,165970.00,per Annum,1820,163448.17,0,0.00,0.00
2020,858,DEPT OF INFO TECH & TELECOMM,2015-01-20T00:00:00.000,BROOKLYN,COMPUTER SYSTEMS MANAGER,ACTIVE,163589.00,per Annum,1820,161103.14,0,0.00,0.00
2020,858,DEPT OF INFO TECH & TELECOMM,2014-06-23T00:00:00.000,MANHATTAN,ADMINISTRATIVE STAFF ANALYST,ACTIVE,161632.00,per Annum,1820,159175.90,0,0.00,0.00
2020,858,DEPT OF INFO TECH & TELECOMM,2017-04-10T00:00:00.000,MANHATTAN,SENIOR IT ARCHITECT,ACTIVE,161136.00,per Annum,1820,158662.02,0,0.00,0.00
2020,858,DEPT OF INFO TECH & TELECOMM,2012-02-06T00:00:00.000,BROOKLYN,CERTIFIED IT ADMINISTRATOR,ACTIVE,144200.00,per Annum,1820,135636.62,157,16548.16,5344.12
2020,858,DEPT OF INFO TECH & TELECOMM,2018-09-17T00:00:00.000,MANHATTAN,IT SECURITY SPECIALIST,ACTIVE,158363.00,per Annum,1820,155931.35,0,0.00,176.94
2020,858,DEPT OF INFO TECH & TELECOMM,2018-07-16T00:00:00.000,BROOKLYN,COMPUTER SYSTEMS MANAGER,ACTIVE,157976.00,per Annum,1820,155575.70,0,0.00,497.04
2020,858,DEPT OF INFO TECH & TELECOMM,2015-12-07T00:00:00.000,BROOKLYN,COMPUTER SYSTEMS MANAGER,ACTIVE,157976.00,per Annum,1820,155575.70,0,0.00,0.00
2020,858,DEPT OF INFO TECH & TELECOMM,2013-04-08T00:00:00.000,MANHATTAN,COMPUTER SYSTEMS MANAGER,ACTIVE,180000.00,per Annum,1820,155560.45,0,0.00,0.00
2020,858,DEPT OF INFO TECH & TELECOMM,2004-06-21T00:00:00.000,BROOKLYN,COMPUTER SYSTEMS MANAGER,ACTIVE,156913.00,per Annum,1820,154528.93,0,0.00,839.94
2020,858,DEPT OF INFO TECH & TELECOMM,1998-09-21T00:00:00.000,BROOKLYN,CERTIFIED IT ADMINISTRATOR,ACTIVE,144224.00,per Annum,1820,132973.24,179.75,15532.27,6417.69
2020,858,DEPT OF INFO TECH & TELECOMM,2015-12-07T00:00:00.000,BROOKLYN,CERTIFIED IT ADMINISTRATOR,ACTIVE,134930.00,per Annum,1820,132858.37,134.5,12374.14,6312.70
2020,858,DEPT OF INFO TECH & TELECOMM,2003-11-16T00:00:00.000,BROOKLYN,COMPUTER SYSTEMS MANAGER,ACTIVE,152666.00,per Annum,1820,150346.11,0,0.00,0.00
2020,858,DEPT OF INFO TECH & TELECOMM,2016-05-02T00:00:00.000,BROOKLYN,COMPUTER SYSTEMS MANAGER,ACTIVE,150761.00,per Annum,1820,148470.18,0,0.00,0.00
2020,858,DEPT OF INFO TECH & TELECOMM,2006-01-03T00:00:00.000,BROOKLYN,COMPUTER SYSTEMS MANAGER,ACTIVE,149978.00,per Annum,1820,147699.16,0,0.00,720.00
2020,858,DEPT OF INFO TECH & TELECOMM,2007-09-17T00:00:00.000,BROOKLYN,COMPUTER SYSTEMS MANAGER,ACTIVE,146718.00,per Annum,1820,144488.74,0,0.00,0.00
2020,858,DEPT OF INFO TECH & TELECOMM,2015-12-28T00:00:00.000,BROOKLYN,CERTIFIED IT ADMINISTRATOR,ACTIVE,128909.00,per Annum,1820,126929.69,0,0.00,17366.41
2020,858,DEPT OF INFO TECH & TELECOMM,2012-11-21T00:00:00.000,BROOKLYN,COMPUTER SYSTEMS MANAGER,ACTIVE,145332.00,per Annum,1820,143123.77,0,0.00,0.00
2020,858,DEPT OF INFO TECH & TELECOMM,2017-09-25T00:00:00.000,BROOKLYN,COMPUTER OPERATIONS MANAGER,ACTIVE,144432.00,per Annum,1820,142237.31,0,0.00,0.00
2020,858,DEPT OF INFO TECH & TELECOMM,2018-12-17T00:00:00.000,MANHATTAN,ADMINISTRATIVE BUSINESS PROMOTION COORDINATOR,ACTIVE,144200.00,per Annum,1820,142008.97,0,0.00,0.00
2020,858,DEPT OF INFO TECH & TELECOMM,2006-02-27T00:00:00.000,BROOKLYN,CERTIFIED IT ADMINISTRATOR,ACTIVE,138801.00,per Annum,1820,136669.84,0,0.00,5300.53
2020,858,DEPT OF INFO TECH & TELECOMM,2018-09-10T00:00:00.000,MANHATTAN,COMPUTER SYSTEMS MANAGER,ACTIVE,150000.00,per Annum,1820,141514.45,0,0.00,0.00
2020,858,DEPT OF INFO TECH & TELECOMM,2016-01-19T00:00:00.000,BROOKLYN,CERTIFIED IT ADMINISTRATOR,ACTIVE,138308.00,per Annum,1820,136184.55,0,0.00,5224.28
2020,858,DEPT OF INFO TECH & TELECOMM,2005-10-31T00:00:00.000,BROOKLYN,CERTIFIED IT ADMINISTRATOR,ACTIVE,135210.00,per Annum,1820,133134.08,0,0.00,5241.28
2020,858,DEPT OF INFO TECH & TELECOMM,2016-06-06T00:00:00.000,MANHATTAN,AGENCY ATTORNEY,ACTIVE,120965.00,per Annum,1820,125737.78,0,0.00,11232.94
2020,858,DEPT OF INFO TECH & TELECOMM,2015-11-16T00:00:00.000,BROOKLYN,COMPUTER SYSTEMS MANAGER,ACTIVE,139050.00,per Annum,1820,136937.10,0,0.00,0.00
2020,858,DEPT OF INFO TECH & TELECOMM,2016-08-29T00:00:00.000,BROOKLYN,COMPUTER SPECIALIST,ACTIVE,110647.00,per Annum,1820,108948.04,286.5,23825.26,4139.96
2020,858,DEPT OF INFO TECH & TELECOMM,2016-04-03T00:00:00.000,BROOKLYN,COMPUTER SYSTEMS MANAGER,CEASED,206000.00,per Annum,1225,135890.28,0,0.00,0.00
2020,858,DEPT OF INFO TECH & TELECOMM,2016-05-02T00:00:00.000,BROOKLYN,COMPUTER SPECIALIST,ACTIVE,132776.00,per Annum,1820,130737.44,0,0.00,5137.98
2020,858,DEPT OF INFO TECH & TELECOMM,2017-12-04T00:00:00.000,MANHATTAN,EXECUTIVE AGENCY COUNSEL,ACTIVE,135960.00,per Annum,1820,133894.20,0,0.00,419.88
2020,858,DEPT OF INFO TECH & TELECOMM,2007-08-27T00:00:00.000,BROOKLYN,COMPUTER SYSTEMS MANAGER,ACTIVE,135421.00,per Annum,1820,133363.42,0,0.00,0.00
2020,858,DEPT OF INFO TECH & TELECOMM,2008-02-04T00:00:00.000,BROOKLYN,CERTIFIED IT DEVELOPER,ACTIVE,140000.00,per Annum,1820,129068.36,0,0.00,4005.36
2020,858,DEPT OF INFO TECH & TELECOMM,2016-09-12T00:00:00.000,BROOKLYN,COMPUTER SYSTEMS MANAGER,ACTIVE,134280.00,per Annum,1820,132239.61,0,0.00,0.00
2020,858,DEPT OF INFO TECH & TELECOMM,2006-09-25T00:00:00.000,BROOKLYN,COMPUTER SPECIALIST,ACTIVE,126742.00,per Annum,1820,124795.78,1.5,105.24,6596.53
2020,858,DEPT OF INFO TECH & TELECOMM,2013-03-25T00:00:00.000,BROOKLYN,CERTIFIED IT ADMINISTRATOR,ACTIVE,122079.00,per Annum,1820,120204.56,0,0.00,10912.83
2020,858,DEPT OF INFO TECH & TELECOMM,2015-11-02T00:00:00.000,BROOKLYN,CERTIFIED IT ADMINISTRATOR,ACTIVE,121711.00,per Annum,1820,119842.23,66.5,5367.70,5364.54
2020,858,DEPT OF INFO TECH & TELECOMM,2004-05-24T00:00:00.000,MANHATTAN,COMPUTER SYSTEMS MANAGER,ACTIVE,130407.00,per Annum,1820,128425.69,0,0.00,347.54
2020,858,DEPT OF INFO TECH & TELECOMM,2015-09-28T00:00:00.000,BROOKLYN,CERTIFIED IT ADMINISTRATOR,ACTIVE,124121.00,per Annum,1820,122215.38,0,0.00,5431.53
2020,858,DEPT OF INFO TECH & TELECOMM,2016-10-31T00:00:00.000,BROOKLYN,COMPUTER SYSTEMS MANAGER,ACTIVE,129780.00,per Annum,1820,127627.24,0,0.00,0.00
2020,858,DEPT OF INFO TECH & TELECOMM,2003-06-09T00:00:00.000,MANHATTAN,COMPUTER SYSTEMS MANAGER,ACTIVE,129228.00,per Annum,1820,127264.45,0,0.00,0.00
2020,858,DEPT OF INFO TECH & TELECOMM,2017-08-14T00:00:00.000,BROOKLYN,COMPUTER SYSTEMS MANAGER,ACTIVE,128909.00,per Annum,1820,126950.21,0,0.00,0.00
2020,858,DEPT OF INFO TECH & TELECOMM,2010-08-30T00:00:00.000,MANHATTAN,ADMINISTRATIVE STAFF ANALYST,ACTIVE,128750.00,per Annum,1820,126793.63,0,0.00,0.00
2020,858,DEPT OF INFO TECH & TELECOMM,2012-06-04T00:00:00.000,BROOKLYN,CERTIFIED IT ADMINISTRATOR,ACTIVE,122511.00,per Annum,1820,120621.80,0,0.00,6003.42
2020,858,DEPT OF INFO TECH & TELECOMM,2015-11-29T00:00:00.000,BROOKLYN,CERTIFIED IT ADMINISTRATOR,ACTIVE,118450.00,per Annum,1820,116631.29,12.5,1100.58,8021.03
2020,858,DEPT OF INFO TECH & TELECOMM,2015-10-13T00:00:00.000,BROOKLYN,COMPUTER OPERATIONS MANAGER,ACTIVE,127243.00,per Annum,1820,125309.66,0,0.00,86.96
2020,858,DEPT OF INFO TECH & TELECOMM,2004-12-13T00:00:00.000,MANHATTAN,ADMINISTRATIVE STAFF ANALYST,ACTIVE,124154.00,per Annum,1820,123482.99,0,0.00,1685.42
2020,858,DEPT OF INFO TECH & TELECOMM,2016-08-01T00:00:00.000,BROOKLYN,CERTIFIED IT ADMINISTRATOR,ACTIVE,121711.00,per Annum,1820,119842.23,0,0.00,5226.34
2020,858,DEPT OF INFO TECH & TELECOMM,2012-07-16T00:00:00.000,BROOKLYN,COMPUTER SYSTEMS MANAGER,ACTIVE,126822.00,per Annum,1820,124894.82,0,0.00,0.00
2020,858,DEPT OF INFO TECH & TELECOMM,2015-10-13T00:00:00.000,BROOKLYN,CERTIFIED IT DEVELOPER,ACTIVE,121116.00,per Annum,1820,118792.94,0,0.00,5199.31
2020,858,DEPT OF INFO TECH & TELECOMM,2008-02-04T00:00:00.000,MANHATTAN,CERTIFIED IT DEVELOPER,ACTIVE,121867.00,per Annum,1820,116504.42,24,1687.75,5298.86
2020,858,DEPT OF INFO TECH & TELECOMM,1998-12-21T00:00:00.000,BROOKLYN,COMPUTER SPECIALIST,ACTIVE,88602.00,per Annum,1820,87233.68,233,16832.15,18630.00
2020,858,DEPT OF INFO TECH & TELECOMM,2019-04-29T00:00:00.000,MANHATTAN,SENIOR IT ARCHITECT,ACTIVE,123600.00,per Annum,1820,121702.26,0,0.00,24.75
2020,858,DEPT OF INFO TECH & TELECOMM,2018-08-06T00:00:00.000,BROOKLYN,COMPUTER SPECIALIST,ACTIVE,123600.00,per Annum,1820,121702.26,0,0.00,16.50
2020,858,DEPT OF INFO TECH & TELECOMM,2008-12-08T00:00:00.000,BROOKLYN,COMPUTER SYSTEMS MANAGER,ACTIVE,123345.00,per Annum,1820,121470.61,0,0.00,0.00
2020,858,DEPT OF INFO TECH & TELECOMM,2015-10-13T00:00:00.000,BROOKLYN,COMPUTER ASSOCIATE,ACTIVE,99581.00,per Annum,1820,98052.20,160,12312.20,10806.56
2020,858,DEPT OF INFO TECH & TELECOMM,2013-05-28T00:00:00.000,BROOKLYN,CERTIFIED IT ADMINISTRATOR,ACTIVE,116265.00,per Annum,1820,114480.13,0,0.00,5240.78
2020,858,DEPT OF INFO TECH & TELECOMM,2019-05-06T00:00:00.000,BROOKLYN,COMPUTER SPECIALIST,ACTIVE,113300.00,per Annum,1820,111560.42,86,6790.55,651.15
2020,858,DEPT OF INFO TECH & TELECOMM,2013-07-01T00:00:00.000,BROOKLYN,COMPUTER SYSTEMS MANAGER,ACTIVE,118627.00,per Annum,1820,116824.51,0,0.00,1000.00
2020,858,DEPT OF INFO TECH & TELECOMM,2013-09-16T00:00:00.000,BROOKLYN,CERTIFIED IT ADMINISTRATOR,ACTIVE,111588.00,per Annum,1820,109874.71,0,0.00,7552.71
2020,858,DEPT OF INFO TECH & TELECOMM,2017-06-26T00:00:00.000,BROOKLYN,CERTIFIED IT ADMINISTRATOR,ACTIVE,118167.00,per Annum,1820,116352.63,12.25,792.32,123.19
2020,858,DEPT OF INFO TECH & TELECOMM,2012-02-21T00:00:00.000,BROOKLYN,CERTIFIED IT ADMINISTRATOR,ACTIVE,113736.00,per Annum,1820,111989.65,0,0.00,5233.03
2020,858,DEPT OF INFO TECH & TELECOMM,2016-11-14T00:00:00.000,BROOKLYN,ADMINISTRATIVE BUSINESS PROMOTION COORDINATOR,ACTIVE,118450.00,per Annum,1820,116650.15,0,0.00,0.00
2020,858,DEPT OF INFO TECH & TELECOMM,2017-09-25T00:00:00.000,MANHATTAN,COMPUTER SYSTEMS MANAGER,ACTIVE,118167.00,per Annum,1820,116371.44,0,0.00,0.00
2020,858,DEPT OF INFO TECH & TELECOMM,2018-07-30T00:00:00.000,BROOKLYN,COMPUTER SPECIALIST,ACTIVE,117264.00,per Annum,1820,115463.74,0,0.00,0.00
2020,858,DEPT OF INFO TECH & TELECOMM,2009-05-04T00:00:00.000,BROOKLYN,COMPUTER SYSTEMS MANAGER,ACTIVE,116230.00,per Annum,1820,114464.14,0,0.00,843.00
2020,858,DEPT OF INFO TECH & TELECOMM,2015-11-23T00:00:00.000,BROOKLYN,COMPUTER ASSOCIATE,ACTIVE,99581.00,per Annum,1820,98052.20,108,7531.75,9273.72
2020,858,DEPT OF INFO TECH & TELECOMM,2008-10-20T00:00:00.000,BROOKLYN,COMPUTER SYSTEMS MANAGER,ACTIVE,115849.00,per Annum,1820,114088.74,0,0.00,0.00
2020,858,DEPT OF INFO TECH & TELECOMM,2017-06-12T00:00:00.000,BROOKLYN,COMPUTER SPECIALIST,ACTIVE,113870.00,per Annum,1820,112121.45,4,243.86,1333.61
2020,858,DEPT OF INFO TECH & TELECOMM,2019-02-18T00:00:00.000,BROOKLYN,COMPUTER SPECIALIST,ACTIVE,113300.00,per Annum,1820,111560.42,0,0.00,1495.18
2020,858,DEPT OF INFO TECH & TELECOMM,2001-06-11T00:00:00.000,BROOKLYN,COMPUTER SPECIALIST,ACTIVE,108401.00,per Annum,1820,106728.61,0,0.00,6003.42
2020,858,DEPT OF INFO TECH & TELECOMM,2011-05-16T00:00:00.000,BROOKLYN,IT PROJECT SPECIALIST,ACTIVE,113300.00,per Annum,1820,111560.42,0,0.00,0.00
2020,858,DEPT OF INFO TECH & TELECOMM,2007-03-19T00:00:00.000,BROOKLYN,CERTIFIED IT ADMINISTRATOR,ACTIVE,97493.00,per Annum,1820,95996.00,0,0.00,14453.45
2020,858,DEPT OF INFO TECH & TELECOMM,2019-03-24T00:00:00.000,BROOKLYN,ADMINISTRATIVE PROCUREMENT ANALYST-NON-MGRL,ACTIVE,110437.00,per Annum,1820,109840.23,0,0.00,298.50
2020,858,DEPT OF INFO TECH & TELECOMM,2009-03-02T00:00:00.000,BROOKLYN,COMPUTER SPECIALIST,ACTIVE,106023.00,per Annum,1820,104395.05,0,0.00,5301.03
2020,858,DEPT OF INFO TECH & TELECOMM,2013-08-19T00:00:00.000,BROOKLYN,COMPUTER ASSOCIATE,ACTIVE,104640.00,per Annum,1820,103033.22,0,0.00,5224.28
2020,858,DEPT OF INFO TECH & TELECOMM,2004-07-16T00:00:00.000,BROOKLYN,*CERTIFIED LOCAL AREA NETWORK ADMINISTRATOR,ACTIVE,98255.00,per Annum,1820,96746.36,4,220.09,9805.97
2020,858,DEPT OF INFO TECH & TELECOMM,2019-07-29T00:00:00.000,BROOKLYN,AGENCY ATTORNEY,ACTIVE,111510.00,per Annum,1645,99738.45,0,0.00,6876.41
2020,858,DEPT OF INFO TECH & TELECOMM,1990-03-05T00:00:00.000,BROOKLYN,COMPUTER SPECIALIST,ACTIVE,102127.00,per Annum,1820,100551.01,0,0.00,6028.67
2020,858,DEPT OF INFO TECH & TELECOMM,2004-07-06T00:00:00.000,BROOKLYN,TELECOMMUNICATIONS ASSOCIATE,ACTIVE,87449.00,per Annum,1820,86106.31,40.5,2586.82,16116.89
2020,858,DEPT OF INFO TECH & TELECOMM,2004-04-12T00:00:00.000,MANHATTAN,ADM MANAGER-NON-MGRL,ACTIVE,83436.00,per Annum,1820,88271.10,95.25,5652.27,9659.60
2020,858,DEPT OF INFO TECH & TELECOMM,2005-09-19T00:00:00.000,BROOKLYN,TELECOMMUNICATION MANAGER,ACTIVE,105115.00,per Annum,1820,103517.66,0,0.00,0.00
2020,858,DEPT OF INFO TECH & TELECOMM,2018-08-06T00:00:00.000,MANHATTAN,COMMUNITY COORDINATOR,ACTIVE,82148.00,per Annum,1820,80886.56,368,19695.75,395.45
2020,858,DEPT OF INFO TECH & TELECOMM,2013-06-03T00:00:00.000,BROOKLYN,COMPUTER SPECIALIST,ACTIVE,97774.00,per Annum,1820,92633.70,0,0.00,8116.14
2020,858,DEPT OF INFO TECH & TELECOMM,2019-09-09T00:00:00.000,BROOKLYN,IT SERVICE MANAGEMENT SPECIALIST,ACTIVE,128750.00,per Annum,1435,100467.84,0,0.00,0.00
2020,858,DEPT OF INFO TECH & TELECOMM,2018-09-10T00:00:00.000,BROOKLYN,IT INFRASTRUCTURE ENGINEER,ACTIVE,101105.00,per Annum,1820,99552.48,0,0.00,163.25
2020,858,DEPT OF INFO TECH & TELECOMM,2008-09-08T00:00:00.000,BROOKLYN,CERTIFIED IT ADMINISTRATOR,ACTIVE,94244.00,per Annum,1820,92796.94,10,661.15,5218.36
2020,858,DEPT OF INFO TECH & TELECOMM,2018-06-18T00:00:00.000,BROOKLYN,COMPUTER ASSOCIATE,ACTIVE,100052.00,per Annum,1820,98515.93,0,0.00,0.00
2020,858,DEPT OF INFO TECH & TELECOMM,2013-04-01T00:00:00.000,BROOKLYN,COMPUTER SPECIALIST,ACTIVE,94244.00,per Annum,1820,92796.94,0,0.00,5707.78
2020,858,DEPT OF INFO TECH & TELECOMM,2010-08-30T00:00:00.000,MANHATTAN,ADMINISTRATIVE BUSINESS PROMOTION COORDINATOR,ACTIVE,99581.00,per Annum,1820,98068.05,0,0.00,0.00
2020,858,DEPT OF INFO TECH & TELECOMM,2014-01-20T00:00:00.000,MANHATTAN,ADM MANAGER-NON-MGRL,ACTIVE,95755.00,per Annum,1820,97379.25,0,0.00,664.00
2020,858,DEPT OF INFO TECH & TELECOMM,2009-03-30T00:00:00.000,BROOKLYN,COMPUTER SYSTEMS MANAGER,ACTIVE,98106.00,per Annum,1820,96615.46,0,0.00,0.00
2020,858,DEPT OF INFO TECH & TELECOMM,2015-06-08T00:00:00.000,MANHATTAN,ADMINISTRATIVE STAFF ANALYST,ACTIVE,95102.00,per Annum,1820,94587.98,0,0.00,1685.42
2020,858,DEPT OF INFO TECH & TELECOMM,2005-12-12T00:00:00.000,MANHATTAN,SUPERVISOR OF RADIO AND TELEVISION OPERATORS,ACTIVE,90632.00,per Annum,1820,89240.38,0,0.00,5196.12
2020,858,DEPT OF INFO TECH & TELECOMM,2003-01-06T00:00:00.000,MANHATTAN,ADM MANAGER-NON-MGRL,ACTIVE,84187.00,per Annum,1820,85802.07,21,1056.41,7117.88
2020,858,DEPT OF INFO TECH & TELECOMM,2019-07-22T00:00:00.000,BROOKLYN,IT PROJECT SPECIALIST,ACTIVE,103000.00,per Annum,1680,93762.30,0,0.00,8.25
2020,858,DEPT OF INFO TECH & TELECOMM,2019-09-30T00:00:00.000,BROOKLYN,IT PROJECT SPECIALIST,ACTIVE,128750.00,per Annum,1330,93295.71,0,0.00,0.00
2020,858,DEPT OF INFO TECH & TELECOMM,2004-07-05T00:00:00.000,MANHATTAN,ADM MANAGER-NON-MGRL,ACTIVE,83436.00,per Annum,1820,87235.92,0,0.00,5936.76
2020,858,DEPT OF INFO TECH & TELECOMM,2017-04-24T00:00:00.000,BROOKLYN,COMPUTER ASSOCIATE,ACTIVE,84362.00,per Annum,1820,83399.60,42,2464.62,6811.06
2020,858,DEPT OF INFO TECH & TELECOMM,2011-03-21T00:00:00.000,MANHATTAN,ASSOCIATE STAFF ANALYST,ACTIVE,92000.00,per Annum,1820,91502.89,0,0.00,0.00
2020,858,DEPT OF INFO TECH & TELECOMM,2018-04-23T00:00:00.000,BROOKLYN,COMPUTER SPECIALIST,ACTIVE,88121.00,per Annum,1820,83583.74,44,2563.62,4629.94
2020,858,DEPT OF INFO TECH & TELECOMM,2003-01-06T00:00:00.000,MANHATTAN,ADM MANAGER-NON-MGRL,ACTIVE,79867.00,per Annum,1820,81399.78,31,1519.83,6512.05
2020,858,DEPT OF INFO TECH & TELECOMM,2018-08-06T00:00:00.000,BROOKLYN,COMPUTER SPECIALIST,ACTIVE,89520.00,per Annum,1820,88145.60,1.25,61.25,16.50
2020,858,DEPT OF INFO TECH & TELECOMM,2008-01-28T00:00:00.000,BROOKLYN,TELECOMMUNICATIONS ASSOCIATE,ACTIVE,83564.00,per Annum,1820,82280.96,11.5,545.82,5207.78
2020,858,DEPT OF INFO TECH & TELECOMM,2018-07-02T00:00:00.000,MANHATTAN,AGENCY ATTORNEY,ACTIVE,87763.00,per Annum,1820,85024.52,0,0.00,1556.47
2020,858,DEPT OF INFO TECH & TELECOMM,2019-05-06T00:00:00.000,MANHATTAN,TELECOMMUNICATIONS ASSOCIATE,ACTIVE,87550.00,per Annum,1820,86205.84,0,0.00,8.25
2020,858,DEPT OF INFO TECH & TELECOMM,2016-01-04T00:00:00.000,BROOKLYN,COMPUTER ASSOCIATE,ACTIVE,71921.00,per Annum,1820,70816.72,116,6605.04,8049.03
2020,858,DEPT OF INFO TECH & TELECOMM,2011-09-06T00:00:00.000,BROOKLYN,COMPUTER SYSTEMS MANAGER,ACTIVE,85937.00,per Annum,1820,84631.23,0,0.00,0.00
2020,858,DEPT OF INFO TECH & TELECOMM,2014-09-02T00:00:00.000,BROOKLYN,COMPUTER ASSOCIATE,ACTIVE,78947.00,per Annum,1820,72014.91,273.75,12336.58,96.50
2020,858,DEPT OF INFO TECH & TELECOMM,2016-11-28T00:00:00.000,BROOKLYN,COMPUTER ASSOCIATE,ACTIVE,80568.00,per Annum,1820,79330.91,0,0.00,2485.53
2020,858,DEPT OF INFO TECH & TELECOMM,2007-04-09T00:00:00.000,BROOKLYN,TELECOMMUNICATIONS ASSOCIATE,ACTIVE,76865.00,per Annum,1820,75684.76,0,0.00,5207.78
2020,858,DEPT OF INFO TECH & TELECOMM,2007-08-27T00:00:00.000,BROOKLYN,COMPUTER ASSOCIATE,ACTIVE,74919.00,per Annum,1820,73768.68,3,129.15,6714.82
2020,858,DEPT OF INFO TECH & TELECOMM,2014-09-02T00:00:00.000,BROOKLYN,ASSOCIATE STAFF ANALYST,ACTIVE,81000.00,per Annum,1820,80562.21,0,0.00,0.00
2020,858,DEPT OF INFO TECH & TELECOMM,2017-10-10T00:00:00.000,BROOKLYN,COMPUTER ASSOCIATE,ACTIVE,63191.00,per Annum,1820,62220.57,198,10715.87,7197.93
2020,858,DEPT OF INFO TECH & TELECOMM,2018-05-29T00:00:00.000,BROOKLYN,TELECOMMUNICATIONS ASSOCIATE,ACTIVE,78989.00,per Annum,1820,77776.14,31,1636.99,0.00
2020,858,DEPT OF INFO TECH & TELECOMM,2006-11-20T00:00:00.000,MANHATTAN,PRINCIPAL ADMINISTRATIVE ASSOCIATE -  NON SUPVR,ACTIVE,71080.00,per Annum,1820,72466.85,58,2586.70,2913.09
2020,858,DEPT OF INFO TECH & TELECOMM,2017-01-17T00:00:00.000,MANHATTAN,PROCUREMENT ANALYST,ACTIVE,78221.00,per Annum,1820,77798.24,1,42.81,8.25
2020,858,DEPT OF INFO TECH & TELECOMM,2018-03-12T00:00:00.000,BROOKLYN,ADMINISTRATIVE PROCUREMENT ANALYST-NON-MGRL,ACTIVE,78221.00,per Annum,1820,77798.24,0,0.00,0.00
2020,858,DEPT OF INFO TECH & TELECOMM,2019-04-01T00:00:00.000,MANHATTAN,PRINCIPAL ADMINISTRATIVE ASSOCIATE -  NON SUPVR,ACTIVE,81943.00,per Annum,1820,77387.65,0,0.00,392.25
2020,858,DEPT OF INFO TECH & TELECOMM,2019-07-15T00:00:00.000,BROOKLYN,CYBER SECURITY ANALYST,ACTIVE,82400.00,per Annum,1715,76552.96,0,0.00,405.92
2020,858,DEPT OF INFO TECH & TELECOMM,2009-06-22T00:00:00.000,BROOKLYN,COMPUTER ASSOCIATE,ACTIVE,70691.00,per Annum,1820,69605.66,22,1112.76,6097.28
2020,858,DEPT OF INFO TECH & TELECOMM,2004-03-01T00:00:00.000,MANHATTAN,COMPUTER ASSOCIATE,ACTIVE,76587.00,per Annum,1820,75411.04,0,0.00,1290.82
2020,858,DEPT OF INFO TECH & TELECOMM,2006-10-02T00:00:00.000,MANHATTAN,ASSOCIATE CALL CENTER REPRESENTATIVE-NON-SPVR,ACTIVE,70986.00,per Annum,1820,72347.61,16,771.52,3439.11
2020,858,DEPT OF INFO TECH & TELECOMM,2013-08-12T00:00:00.000,BROOKLYN,SUPERVISING COMPUTER SERVICE TECHNICIAN,ACTIVE,70715.00,per Annum,1820,69621.37,13,655.51,6018.68
2020,858,DEPT OF INFO TECH & TELECOMM,2019-11-18T00:00:00.000,BROOKLYN,IT SECURITY SPECIALIST,ACTIVE,125000.00,per Annum,1085,74112.01,0,0.00,0.00
2020,858,DEPT OF INFO TECH & TELECOMM,2019-12-16T00:00:00.000,BROOKLYN,CERTIFIED IT ADMINISTRATOR,ACTIVE,136000.00,per Annum,945,70229.56,39.5,3368.37,122.88
2020,858,DEPT OF INFO TECH & TELECOMM,2012-10-09T00:00:00.000,MANHATTAN,ASSOCIATE CALL CENTER REPRESENTATIVE-NON-SPVR,ACTIVE,70986.00,per Annum,1820,72347.61,0,0.00,292.34
2020,858,DEPT OF INFO TECH & TELECOMM,2017-05-21T00:00:00.000,MANHATTAN,ADMINISTRATIVE STAFF ANALYST,ACTIVE,72000.00,per Annum,1820,71610.91,0,0.00,1008.25
2020,858,DEPT OF INFO TECH & TELECOMM,2017-02-27T00:00:00.000,BROOKLYN,ADMINISTRATIVE STAFF ANALYST,ACTIVE,73000.00,per Annum,1820,72605.47,0,0.00,0.00
2020,858,DEPT OF INFO TECH & TELECOMM,1999-12-14T00:00:00.000,MANHATTAN,RADIO AND TELEVISION OPERATOR,ACTIVE,61409.00,per Annum,1820,60458.21,44,1976.60,8784.68
2020,858,DEPT OF INFO TECH & TELECOMM,2010-08-09T00:00:00.000,MANHATTAN,COMPUTER ASSOCIATE,ACTIVE,70691.00,per Annum,1820,64679.52,17,802.31,5238.57
2020,858,DEPT OF INFO TECH & TELECOMM,2019-12-16T00:00:00.000,MANHATTAN,TELECOMMUNICATION MANAGER,ACTIVE,135000.00,per Annum,945,68680.28,0,0.00,0.00
2020,858,DEPT OF INFO TECH & TELECOMM,2013-05-28T00:00:00.000,MANHATTAN,COMPUTER ASSOCIATE,ACTIVE,68380.00,per Annum,1820,68208.37,0,0.00,0.00
2020,858,DEPT OF INFO TECH & TELECOMM,2017-07-10T00:00:00.000,BROOKLYN,COMPUTER ASSOCIATE,ACTIVE,75197.00,per Annum,1820,67964.87,0,0.00,8.25
2020,858,DEPT OF INFO TECH & TELECOMM,2017-10-02T00:00:00.000,BROOKLYN,COMPUTER ASSOCIATE,ACTIVE,63191.00,per Annum,1820,62220.57,31.5,1210.72,3576.52
2020,858,DEPT OF INFO TECH & TELECOMM,2019-09-03T00:00:00.000,MANHATTAN,CYBER SECURITY ANALYST,ACTIVE,82400.00,per Annum,1463,65536.52,0,0.00,25.25
2020,858,DEPT OF INFO TECH & TELECOMM,2012-07-16T00:00:00.000,MANHATTAN,ASSOCIATE CALL CENTER REPRESENTATIVE-NON-SPVR,ACTIVE,60059.00,per Annum,1820,56462.43,181.25,7866.08,275.83
2020,858,DEPT OF INFO TECH & TELECOMM,2003-01-06T00:00:00.000,BROOKLYN,COMPUTER ASSOCIATE,ACTIVE,58834.00,per Annum,1820,59985.73,0,0.00,4219.81
2020,858,DEPT OF INFO TECH & TELECOMM,2017-09-11T00:00:00.000,MANHATTAN,COMMUNITY COORDINATOR,ACTIVE,64454.00,per Annum,1820,63464.45,2,68.50,71.00
2020,858,DEPT OF INFO TECH & TELECOMM,2010-08-30T00:00:00.000,MANHATTAN,BUSINESS PROMOTION COORDINATOR,ACTIVE,54992.00,per Annum,1820,54147.58,0,0.00,9402.40
2020,858,DEPT OF INFO TECH & TELECOMM,1999-10-12T00:00:00.000,BROOKLYN,COMPUTER ASSOCIATE,ACTIVE,59003.00,per Annum,1820,56734.94,2,71.26,5863.67
2020,858,DEPT OF INFO TECH & TELECOMM,2019-10-15T00:00:00.000,BROOKLYN,TELECOMMUNICATIONS ASSOCIATE,ACTIVE,90363.00,per Annum,1253,61442.41,0,0.00,10.75
2020,858,DEPT OF INFO TECH & TELECOMM,2018-04-23T00:00:00.000,MANHATTAN,COMMUNITY ASSOCIATE,ACTIVE,63794.00,per Annum,1820,60480.54,0,0.00,0.00
2020,858,DEPT OF INFO TECH & TELECOMM,2019-05-13T00:00:00.000,BROOKLYN,TELECOMMUNICATIONS ASSOCIATE,ACTIVE,56650.00,per Annum,1820,55780.24,85,3504.93,69.79
2020,858,DEPT OF INFO TECH & TELECOMM,2019-10-07T00:00:00.000,BROOKLYN,CYBER SECURITY ANALYST,ACTIVE,83981.00,per Annum,1295,59308.91,0,0.00,8.25
2020,858,DEPT OF INFO TECH & TELECOMM,2013-10-07T00:00:00.000,BROOKLYN,COMPUTER ASSOCIATE,ACTIVE,57327.00,per Annum,1820,58388.86,0,7.53,17.00
2020,858,DEPT OF INFO TECH & TELECOMM,2016-08-15T00:00:00.000,BROOKLYN,STAFF ANALYST,ACTIVE,57590.00,per Annum,1820,57278.85,0,0.00,0.00
2020,858,DEPT OF INFO TECH & TELECOMM,2003-01-05T00:00:00.000,MANHATTAN,ADM MANAGER-NON-MGRL,ON LEAVE,80662.00,per Annum,1750,41699.93,0,5.80,15404.09
2020,858,DEPT OF INFO TECH & TELECOMM,2017-07-24T00:00:00.000,MANHATTAN,RADIO AND TELEVISION OPERATOR,ACTIVE,53712.00,per Annum,1820,52887.50,101,3725.39,310.31
2020,858,DEPT OF INFO TECH & TELECOMM,2016-07-25T00:00:00.000,BROOKLYN,RADIO AND TELEVISION OPERATOR,ACTIVE,61800.00,per Annum,1820,55421.98,22,675.57,453.99
2020,858,DEPT OF INFO TECH & TELECOMM,2012-07-16T00:00:00.000,MANHATTAN,ASSOCIATE CALL CENTER REPRESENTATIVE-NON-SPVR,ACTIVE,54599.00,per Annum,1820,55164.76,26.5,900.29,81.66
2020,858,DEPT OF INFO TECH & TELECOMM,2017-05-08T00:00:00.000,BROOKLYN,STAFF ANALYST,ACTIVE,57590.00,per Annum,1820,56088.03,0,0.00,0.00
2020,858,DEPT OF INFO TECH & TELECOMM,2018-02-26T00:00:00.000,MANHATTAN,COMMUNITY COORDINATOR,CEASED,82148.00,per Annum,980,43179.32,172,9534.12,2929.16
2020,858,DEPT OF INFO TECH & TELECOMM,2013-10-28T00:00:00.000,MANHATTAN,ASSOCIATE CALL CENTER REPRESENTATIVE-NON-SPVR,ACTIVE,54599.00,per Annum,1820,55164.76,0,0.00,0.00
2020,858,DEPT OF INFO TECH & TELECOMM,1999-04-26T00:00:00.000,BROOKLYN,CLERICAL ASSOCIATE,ACTIVE,50299.00,per Annum,1820,49518.96,0,0.00,5004.22
2020,858,DEPT OF INFO TECH & TELECOMM,2017-07-10T00:00:00.000,MANHATTAN,COMPUTER AIDE-NON-SPVR,ACTIVE,47139.00,per Annum,1820,46226.93,0,0.00,4726.74
2020,858,DEPT OF INFO TECH & TELECOMM,2018-10-29T00:00:00.000,MANHATTAN,COMMUNITY ASSOCIATE,ACTIVE,51500.00,per Annum,1820,50709.37,0,0.00,0.00
2020,858,DEPT OF INFO TECH & TELECOMM,2009-05-24T00:00:00.000,MANHATTAN,CALL CENTER REPRESENTATIVE,ACTIVE,42172.00,per Annum,1820,41516.50,0,0.00,6004.22
2020,858,DEPT OF INFO TECH & TELECOMM,2008-03-03T00:00:00.000,MANHATTAN,COMMUNITY ASSOCIATE,ACTIVE,47576.00,per Annum,1820,46845.47,0,0.00,528.62
2020,858,DEPT OF INFO TECH & TELECOMM,2007-05-14T00:00:00.000,MANHATTAN,CALL CENTER REPRESENTATIVE,ACTIVE,40345.00,per Annum,1820,39725.59,0,0.00,7439.22
2020,858,DEPT OF INFO TECH & TELECOMM,2015-04-06T00:00:00.000,MANHATTAN,CALL CENTER REPRESENTATIVE,ACTIVE,40345.00,per Annum,1820,39725.59,192.75,5018.19,1705.36
2020,858,DEPT OF INFO TECH & TELECOMM,2008-08-18T00:00:00.000,MANHATTAN,ASSOCIATE CALL CENTER REPRESENTATIVE-NON-SPVR,ON LEAVE,54599.00,per Annum,1820,45621.92,0,12.64,730.15
2020,858,DEPT OF INFO TECH & TELECOMM,2009-08-03T00:00:00.000,MANHATTAN,CALL CENTER REPRESENTATIVE,ACTIVE,40345.00,per Annum,1820,39416.93,0,0.00,6769.12
2020,858,DEPT OF INFO TECH & TELECOMM,2019-11-04T00:00:00.000,MANHATTAN,COMMUNITY COORDINATOR,ACTIVE,73000.00,per Annum,1155,46073.77,0,0.00,0.00
2020,858,DEPT OF INFO TECH & TELECOMM,2017-09-18T00:00:00.000,MANHATTAN,CALL CENTER REPRESENTATIVE,ACTIVE,40345.00,per Annum,1820,39381.74,121.75,3454.62,1621.47
2020,858,DEPT OF INFO TECH & TELECOMM,2019-12-16T00:00:00.000,BROOKLYN,ADMINISTRATIVE PUBLIC INFORMATION SPECIALIST,ACTIVE,85000.00,per Annum,945,43893.49,0,0.00,125.34
2020,858,DEPT OF INFO TECH & TELECOMM,2017-09-18T00:00:00.000,MANHATTAN,COMMUNITY ASSOCIATE,ACTIVE,44083.00,per Annum,1820,42726.32,0,0.00,1008.25
2020,858,DEPT OF INFO TECH & TELECOMM,2020-01-06T00:00:00.000,MANHATTAN,ADMINISTRATIVE BUSINESS PROMOTION COORDINATOR,ACTIVE,93866.00,per Annum,840,43086.00,0,0.00,0.00
2020,858,DEPT OF INFO TECH & TELECOMM,2018-05-21T00:00:00.000,MANHATTAN,CALL CENTER REPRESENTATIVE,ACTIVE,40345.00,per Annum,1820,38450.06,0,0.00,4503.10
2020,858,DEPT OF INFO TECH & TELECOMM,2019-09-23T00:00:00.000,MANHATTAN,COMMUNITY COORDINATOR,ACTIVE,56650.00,per Annum,1365,42102.05,0,0.00,612.48
2020,858,DEPT OF INFO TECH & TELECOMM,2019-02-11T00:00:00.000,MANHATTAN,CALL CENTER REPRESENTATIVE,ACTIVE,38856.00,per Annum,1820,35894.76,177,4459.02,1762.83
2020,858,DEPT OF INFO TECH & TELECOMM,2017-09-18T00:00:00.000,MANHATTAN,CALL CENTER REPRESENTATIVE,ACTIVE,40345.00,per Annum,1820,39227.41,37,808.53,1874.02
2020,858,DEPT OF INFO TECH & TELECOMM,2013-12-09T00:00:00.000,MANHATTAN,CALL CENTER REPRESENTATIVE,ACTIVE,40345.00,per Annum,1820,39279.82,2.5,55.29,1954.24
2020,858,DEPT OF INFO TECH & TELECOMM,2007-10-01T00:00:00.000,MANHATTAN,CALL CENTER REPRESENTATIVE,ACTIVE,40345.00,per Annum,1820,33959.06,157.5,4637.85,2632.99
2020,858,DEPT OF INFO TECH & TELECOMM,2016-09-19T00:00:00.000,MANHATTAN,CALL CENTER REPRESENTATIVE,ACTIVE,40345.00,per Annum,1820,39725.59,0,0.00,1229.62
2020,858,DEPT OF INFO TECH & TELECOMM,2014-05-05T00:00:00.000,MANHATTAN,CALL CENTER REPRESENTATIVE,ACTIVE,40345.00,per Annum,1820,39725.59,0,0.00,1154.58
2020,858,DEPT OF INFO TECH & TELECOMM,2015-01-26T00:00:00.000,MANHATTAN,CALL CENTER REPRESENTATIVE,ACTIVE,40345.00,per Annum,1820,39708.57,0,0.00,1075.04
2020,858,DEPT OF INFO TECH & TELECOMM,2017-01-23T00:00:00.000,MANHATTAN,CALL CENTER REPRESENTATIVE,ACTIVE,40345.00,per Annum,1820,38808.61,0,0.00,1152.33
2020,858,DEPT OF INFO TECH & TELECOMM,2018-12-03T00:00:00.000,MANHATTAN,CALL CENTER REPRESENTATIVE,ACTIVE,38856.00,per Annum,1820,36616.41,35,930.45,2098.56
2020,858,DEPT OF INFO TECH & TELECOMM,2018-12-03T00:00:00.000,MANHATTAN,CALL CENTER REPRESENTATIVE,ACTIVE,38856.00,per Annum,1820,36616.41,107,2711.33,208.67
2020,858,DEPT OF INFO TECH & TELECOMM,2019-05-28T00:00:00.000,MANHATTAN,CALL CENTER REPRESENTATIVE,ACTIVE,38856.00,per Annum,1820,32878.56,206.5,5093.51,760.14
2020,858,DEPT OF INFO TECH & TELECOMM,2016-08-01T00:00:00.000,BROOKLYN,CERTIFIED IT ADMINISTRATOR,CEASED,110549.00,per Annum,910,37252.95,0,0.00,889.64
2020,858,DEPT OF INFO TECH & TELECOMM,2018-10-22T00:00:00.000,MANHATTAN,CALL CENTER REPRESENTATIVE,ACTIVE,38856.00,per Annum,1820,37048.19,13,276.51,500.04
2020,858,DEPT OF INFO TECH & TELECOMM,2019-03-25T00:00:00.000,MANHATTAN,CALL CENTER REPRESENTATIVE,ACTIVE,38856.00,per Annum,1820,35393.95,78,1785.06,498.09
2020,858,DEPT OF INFO TECH & TELECOMM,2018-09-24T00:00:00.000,MANHATTAN,CALL CENTER REPRESENTATIVE,ACTIVE,38856.00,per Annum,1820,36742.04,0,0.00,675.10
2020,858,DEPT OF INFO TECH & TELECOMM,2013-06-10T00:00:00.000,MANHATTAN,CALL CENTER REPRESENTATIVE,ACTIVE,40345.00,per Annum,1820,34355.55,0,0.00,1890.67
2020,858,DEPT OF INFO TECH & TELECOMM,2017-04-03T00:00:00.000,MANHATTAN,CALL CENTER REPRESENTATIVE,ACTIVE,40345.00,per Annum,1820,32440.67,75.25,2152.04,1396.19
2020,858,DEPT OF INFO TECH & TELECOMM,2019-05-28T00:00:00.000,MANHATTAN,CALL CENTER REPRESENTATIVE,ACTIVE,38856.00,per Annum,1820,34537.42,0,0.00,334.09
2020,858,DEPT OF INFO TECH & TELECOMM,2018-05-21T00:00:00.000,MANHATTAN,CALL CENTER REPRESENTATIVE,ACTIVE,40345.00,per Annum,1820,32823.98,8,249.51,1152.22
2020,858,DEPT OF INFO TECH & TELECOMM,2019-07-08T00:00:00.000,MANHATTAN,CALL CENTER REPRESENTATIVE,ACTIVE,35083.00,per Annum,1750,33059.15,7,153.63,209.88
2020,858,DEPT OF INFO TECH & TELECOMM,2020-01-27T00:00:00.000,MANHATTAN,COMMUNITY COORDINATOR,ACTIVE,68800.00,per Annum,735,27632.75,108.75,5460.32,115.07
2020,858,DEPT OF INFO TECH & TELECOMM,2012-07-16T00:00:00.000,MANHATTAN,CALL CENTER REPRESENTATIVE,ACTIVE,40345.00,per Annum,1820,30528.78,16,357.82,1702.06
2020,858,DEPT OF INFO TECH & TELECOMM,2019-10-28T00:00:00.000,BROOKLYN,STAFF ANALYST TRAINEE,ACTIVE,47824.00,per Annum,1190,31098.61,0,0.00,500.00
2020,858,DEPT OF INFO TECH & TELECOMM,2009-05-24T00:00:00.000,MANHATTAN,CALL CENTER REPRESENTATIVE,ACTIVE,41866.00,per Annum,1703,27254.31,0,0.00,3595.40
2020,858,DEPT OF INFO TECH & TELECOMM,2015-11-30T00:00:00.000,BROOKLYN,COMPUTER ASSOCIATE,CEASED,58918.00,per Annum,770,25367.60,6.5,254.19,3456.35
2020,858,DEPT OF INFO TECH & TELECOMM,2013-06-10T00:00:00.000,MANHATTAN,CALL CENTER REPRESENTATIVE,ACTIVE,40345.00,per Annum,1820,25016.84,0,0.00,2397.10
2020,858,DEPT OF INFO TECH & TELECOMM,2019-12-02T00:00:00.000,BROOKLYN,COMMUNITY ASSOCIATE,ACTIVE,50000.00,per Annum,1015,27349.74,0,0.00,0.00
2020,858,DEPT OF INFO TECH & TELECOMM,2017-03-27T00:00:00.000,BROOKLYN,ASSOCIATE INSPECTOR,CEASED,75197.00,per Annum,673.75,26935.01,0,0.00,213.21
2020,858,DEPT OF INFO TECH & TELECOMM,2020-01-20T00:00:00.000,BROOKLYN,STAFF ANALYST,ACTIVE,62197.00,per Annum,770,26170.32,0,0.00,0.00
2020,858,DEPT OF INFO TECH & TELECOMM,2018-12-03T00:00:00.000,MANHATTAN,CALL CENTER REPRESENTATIVE,CEASED,38856.00,per Annum,1230,24088.73,47,1137.86,859.24
2020,858,DEPT OF INFO TECH & TELECOMM,2018-09-24T00:00:00.000,MANHATTAN,CALL CENTER REPRESENTATIVE,ACTIVE,38856.00,per Annum,1379,19118.45,221,6245.19,394.88
2020,858,DEPT OF INFO TECH & TELECOMM,2018-12-03T00:00:00.000,MANHATTAN,CALL CENTER REPRESENTATIVE,ON LEAVE,38856.00,per Annum,1225,23504.87,43,1103.98,1091.80
2020,858,DEPT OF INFO TECH & TELECOMM,2020-02-18T00:00:00.000,MANHATTAN,LABOR RELATIONS ANALYST,ACTIVE,75000.00,per Annum,623,25532.73,0,0.00,0.00
2020,858,DEPT OF INFO TECH & TELECOMM,2020-03-23T00:00:00.000,BROOKLYN,ADMINISTRATIVE STAFF ANALYST,ACTIVE,101235.00,per Annum,455,25170.47,0,0.00,103.80
2020,858,DEPT OF INFO TECH & TELECOMM,2019-12-02T00:00:00.000,MANHATTAN,CALL CENTER REPRESENTATIVE,ACTIVE,35083.00,per Annum,1015,19450.27,108,2726.78,67.21
2020,858,DEPT OF INFO TECH & TELECOMM,2019-12-02T00:00:00.000,MANHATTAN,CALL CENTER REPRESENTATIVE,ACTIVE,35083.00,per Annum,1015,19113.49,82,2073.93,268.84
2020,858,DEPT OF INFO TECH & TELECOMM,2019-10-21T00:00:00.000,MANHATTAN,CALL CENTER REPRESENTATIVE,CEASED,35083.00,per Annum,1176,21198.34,0,0.00,67.21
2020,858,DEPT OF INFO TECH & TELECOMM,2019-12-02T00:00:00.000,MANHATTAN,CALL CENTER REPRESENTATIVE,ACTIVE,35083.00,per Annum,1015,19391.47,0,0.00,266.44
2020,858,DEPT OF INFO TECH & TELECOMM,2019-07-08T00:00:00.000,MANHATTAN,CALL CENTER REPRESENTATIVE,CEASED,35083.00,per Annum,966,18005.60,0,0.00,873.63
2020,858,DEPT OF INFO TECH & TELECOMM,2019-12-02T00:00:00.000,MANHATTAN,CALL CENTER REPRESENTATIVE,ACTIVE,35083.00,per Annum,1015,17670.84,8,185.78,573.31
2020,846,DEPT OF PARKS & RECREATION,2005-04-18T00:00:00.000,QUEENS,GARDENER,ACTIVE,69093.00,per Annum,2080,68032.28,4,206.54,3674.94
2020,846,DEPT OF PARKS & RECREATION,2003-09-16T00:00:00.000,MANHATTAN,COMMUNITY COORDINATOR,ACTIVE,74160.00,per Annum,1820,70317.48,0,0.00,723.15
2020,846,DEPT OF PARKS & RECREATION,2005-12-28T00:00:00.000,MANHATTAN,ASSOCIATE URBAN PARK RANGER,ACTIVE,59054.00,per Annum,2080,60734.51,70.75,3454.18,9742.35
2020,846,DEPT OF PARKS & RECREATION,2014-03-03T00:00:00.000,QUEENS,SURVEYOR,ACTIVE,71777.00,per Annum,1820,70674.80,21,954.48,2320.21
2020,846,DEPT OF PARKS & RECREATION,2008-01-07T00:00:00.000,MANHATTAN,COMPUTER ASSOCIATE,ACTIVE,66136.00,per Annum,1820,65120.61,73.25,3043.78,5825.89
2020,846,DEPT OF PARKS & RECREATION,2019-11-04T00:00:00.000,QUEENS,LANDSCAPE ARCHITECT,ACTIVE,110000.00,per Annum,1155,69426.23,0,0.00,82.50
2020,846,DEPT OF PARKS & RECREATION,2017-05-01T00:00:00.000,QUEENS,COMMUNITY COORDINATOR,ACTIVE,70040.00,per Annum,1820,68964.67,0,0.00,0.00
2020,846,DEPT OF PARKS & RECREATION,2007-04-09T00:00:00.000,BROOKLYN,CITY PARK WORKER,ACTIVE,52247.00,per Annum,2080,57518.73,44,2154.42,8792.81
2020,846,DEPT OF PARKS & RECREATION,2018-06-11T00:00:00.000,MANHATTAN,COMMUNITY COORDINATOR,ACTIVE,68457.00,per Annum,1820,67405.82,13,527.48,41.25
2020,846,DEPT OF PARKS & RECREATION,2014-09-08T00:00:00.000,MANHATTAN,COMMUNITY COORDINATOR,ACTIVE,77250.00,per Annum,1624,66729.83,0,0.00,937.12
2020,846,DEPT OF PARKS & RECREATION,1999-12-08T00:00:00.000,MANHATTAN,ADMINISTRATIVE PROJECT MANAGER,ACTIVE,93923.00,per Annum,1820,92131.96,0,0.00,0.00
2020,846,DEPT OF PARKS & RECREATION,2004-07-01T00:00:00.000,MANHATTAN,CITY PARK WORKER,ACTIVE,52247.00,per Annum,2080,51444.74,207,8189.10,5687.51
2020,846,DEPT OF PARKS & RECREATION,1999-07-01T00:00:00.000,QUEENS,ASSOCIATE PARK SERVICE WORKER,ACTIVE,52307.00,per Annum,2080,55772.92,9,484.40,7835.45
2020,846,DEPT OF PARKS & RECREATION,1998-07-28T00:00:00.000,MANHATTAN,ASSOCIATE PARK SERVICE WORKER,ACTIVE,52271.00,per Annum,2080,55908.23,13.5,630.77,7344.88
2020,846,DEPT OF PARKS & RECREATION,2015-05-31T00:00:00.000,QUEENS,ASSOCIATE PARK SERVICE WORKER,ACTIVE,45432.00,per Annum,2120,44387.78,527.93,17030.54,2177.00
2020,846,DEPT OF PARKS & RECREATION,2017-10-02T00:00:00.000,MANHATTAN,URBAN PARK RANGER,ACTIVE,50635.00,per Annum,2080,52063.50,261,9480.07,1499.80
2020,846,DEPT OF PARKS & RECREATION,1986-07-08T00:00:00.000,BROOKLYN,PARK SUPERVISOR,ACTIVE,72687.00,per Annum,2080,53522.26,15,617.78,7613.98
2020,846,DEPT OF PARKS & RECREATION,2017-03-17T00:00:00.000,MANHATTAN,GARDENER,ACTIVE,49922.00,per Annum,2120,49313.77,310.5,10800.45,1269.48
2020,846,DEPT OF PARKS & RECREATION,2018-07-02T00:00:00.000,QUEENS,FORESTER,ACTIVE,65000.00,per Annum,1820,59780.63,0,0.00,515.90
2020,846,DEPT OF PARKS & RECREATION,2004-03-01T00:00:00.000,MANHATTAN,URBAN PARK RANGER,ACTIVE,50635.00,per Annum,2080,52076.82,83.25,3591.16,9892.04
2020,846,DEPT OF PARKS & RECREATION,2009-07-01T00:00:00.000,QUEENS,ASSOCIATE PARK SERVICE WORKER,ACTIVE,52247.00,per Annum,2080,55935.85,93.75,3752.36,6259.75
2020,846,DEPT OF PARKS & RECREATION,2001-07-03T00:00:00.000,BROOKLYN,ASSOCIATE PARK SERVICE WORKER,ACTIVE,52289.00,per Annum,2080,55802.45,24.75,1250.78,9295.17
2020,846,DEPT OF PARKS & RECREATION,2007-12-03T00:00:00.000,RICHMOND,PARK SUPERVISOR,ACTIVE,72687.00,per Annum,2080,66098.05,259,12771.97,13646.89
2020,846,DEPT OF PARKS & RECREATION,1974-06-16T00:00:00.000,QUEENS,ADMIN COMMUNITY RELATIONS SPECIALIST,ACTIVE,89752.00,per Annum,1820,89267.01,23,1572.01,2167.51
2020,846,DEPT OF PARKS & RECREATION,2014-11-17T00:00:00.000,MANHATTAN,ASSOCIATE URBAN PARK RANGER,ACTIVE,59054.00,per Annum,2080,60508.71,363.25,15657.47,2079.24
2020,846,DEPT OF PARKS & RECREATION,1996-09-30T00:00:00.000,BROOKLYN,STEAM FITTER'S HELPER,ACTIVE,288.75,per Day,1820,75075.00,40,3300.00,0.00
2020,846,DEPT OF PARKS & RECREATION,2000-10-10T00:00:00.000,QUEENS,PRINCIPAL ADMINISTRATIVE ASSOCIATE -  NON SUPVR,ACTIVE,74090.00,per Annum,1820,75534.72,0,0.00,4208.24
2020,846,DEPT OF PARKS & RECREATION,1998-05-18T00:00:00.000,MANHATTAN,COMMUNITY COORDINATOR,ACTIVE,79725.00,per Annum,1820,80366.87,53.75,2766.82,2351.01
2020,846,DEPT OF PARKS & RECREATION,2005-06-01T00:00:00.000,QUEENS,ADMIN COMMUNITY RELATIONS SPECIALIST,ACTIVE,100000.00,per Annum,1820,86454.16,1.25,68.42,648.84
2020,846,DEPT OF PARKS & RECREATION,2001-05-14T00:00:00.000,QUEENS,COMMUNITY COORDINATOR,ACTIVE,77046.00,per Annum,1820,75855.14,196.5,10012.10,1902.44
2020,846,DEPT OF PARKS & RECREATION,2013-09-23T00:00:00.000,QUEENS,LANDSCAPE ARCHITECT,ACTIVE,92640.00,per Annum,1820,82917.68,60.75,2725.79,2934.53
2020,846,DEPT OF PARKS & RECREATION,2016-04-19T00:00:00.000,BROOKLYN,ADMINISTRATIVE HORTICULTURIST,ACTIVE,90640.00,per Annum,1820,89248.26,4,198.44,0.00
2020,846,DEPT OF PARKS & RECREATION,1999-07-09T00:00:00.000,MANHATTAN,PARK SUPERVISOR,ACTIVE,74673.00,per Annum,2080,75409.63,129.5,7632.92,8126.94
2020,846,DEPT OF PARKS & RECREATION,2001-02-05T00:00:00.000,BROOKLYN,PAINTER,ACTIVE,292.53,per Day,1820,76057.80,316.25,19824.17,11741.65
2020,846,DEPT OF PARKS & RECREATION,1985-11-25T00:00:00.000,QUEENS,CONSTRUCTION PROJECT MANAGER,ACTIVE,100195.00,per Annum,1820,98311.29,0,0.00,9867.87
2020,846,DEPT OF PARKS & RECREATION,1989-09-22T00:00:00.000,MANHATTAN,COMMUNITY COORDINATOR,ACTIVE,79869.00,per Annum,1820,78634.65,479.75,28727.51,2373.22
2020,846,DEPT OF PARKS & RECREATION,1999-06-23T00:00:00.000,MANHATTAN,ADMINISTRATIVE PARKS & RECREATION MANAGER,ACTIVE,111603.00,per Annum,1820,109907.12,0,0.00,0.00
2020,846,DEPT OF PARKS & RECREATION,2016-03-14T00:00:00.000,BROOKLYN,CARPENTER,ACTIVE,364.14,per Day,1820,94271.59,270,23993.91,1561.37
2020,846,DEPT OF PARKS & RECREATION,2004-10-18T00:00:00.000,BROOKLYN,RECREATION SUPERVISOR,ACTIVE,72802.00,per Annum,1820,71684.41,678.5,41908.53,8089.03
2020,846,DEPT OF PARKS & RECREATION,1994-06-20T00:00:00.000,MANHATTAN,PLUMBER,ACTIVE,369.53,per Day,1820,96077.80,208,21960.65,6968.28
2020,846,DEPT OF PARKS & RECREATION,2013-01-22T00:00:00.000,QUEENS,ADMINISTRATIVE PROJECT MANAGER,ACTIVE,130462.00,per Annum,1820,128479.60,0,0.00,0.00
2020,846,DEPT OF PARKS & RECREATION,2002-06-10T00:00:00.000,BROOKLYN,CARPENTER,ACTIVE,364.14,per Day,1820,94635.73,472.5,39482.51,2393.69
2020,846,DEPT OF PARKS & RECREATION,2009-01-26T00:00:00.000,MANHATTAN,ELECTRICIAN,ACTIVE,417.97,per Day,1820,108565.73,547.5,48929.77,14526.31
2020,846,DEPT OF PARKS & RECREATION,2002-06-10T00:00:00.000,BROOKLYN,SUPERVISOR OF MECHANICS,ACTIVE,511.76,per Day,2080,131909.71,853,79338.25,3272.41
2020,846,DEPT OF PARKS & RECREATION,1997-06-09T00:00:00.000,QUEENS,CITY PLANNER,ACTIVE,97493.00,per Annum,1820,95996.00,0,0.00,4592.21
2020,846,DEPT OF PARKS & RECREATION,2013-08-05T00:00:00.000,MANHATTAN,AUTO MECHANIC,ACTIVE,347.20,per Day,2080,93555.60,65.25,4618.68,1694.35
2020,846,DEPT OF PARKS & RECREATION,2016-08-08T00:00:00.000,MANHATTAN,CLIMBER & PRUNER,ACTIVE,66140.00,per Annum,2080,64621.13,118.5,5596.33,2218.24
2020,846,DEPT OF PARKS & RECREATION,2019-08-08T00:00:00.000,MANHATTAN,JOB TRAINING PARTICIPANT,CEASED,15.00,per Hour,228.53,3428.00,5,96.38,0.00
2020,846,DEPT OF PARKS & RECREATION,2019-05-20T00:00:00.000,BROOKLYN,CITY PARK WORKER,CEASED,16.14,per Hour,165.58,2672.74,6,145.28,497.97
2020,846,DEPT OF PARKS & RECREATION,2019-06-04T00:00:00.000,MANHATTAN,JOB TRAINING PARTICIPANT,CEASED,15.00,per Hour,210,3150.00,5,82.50,0.00
2020,846,DEPT OF PARKS & RECREATION,2019-02-01T00:00:00.000,QUEENS,JOB TRAINING PARTICIPANT,CEASED,15.00,per Hour,195.22,2928.25,0,0.00,0.00
2020,846,DEPT OF PARKS & RECREATION,2018-11-14T00:00:00.000,QUEENS,JOB TRAINING PARTICIPANT,CEASED,15.00,per Hour,191.58,2873.75,0,0.00,28.60
2020,846,DEPT OF PARKS & RECREATION,2019-08-19T00:00:00.000,MANHATTAN,JOB TRAINING PARTICIPANT,CEASED,15.45,per Hour,163.22,2455.34,3.5,52.50,0.00
2020,846,DEPT OF PARKS & RECREATION,2011-06-20T00:00:00.000,BROOKLYN,LIFE GUARD,ACTIVE,19.47,per Hour,72,1360.80,0,0.00,1026.99
2020,846,DEPT OF PARKS & RECREATION,2017-03-20T00:00:00.000,MANHATTAN,URBAN PARK RANGER,CEASED,49160.00,per Annum,0,2111.82,0,100.02,32.39
2020,846,DEPT OF PARKS & RECREATION,2019-12-06T00:00:00.000,BROOKLYN,JOB TRAINING PARTICIPANT,CEASED,15.45,per Hour,139.13,2149.62,0,0.00,0.00
2020,846,DEPT OF PARKS & RECREATION,2019-12-02T00:00:00.000,BRONX,JOB TRAINING PARTICIPANT,CEASED,15.45,per Hour,136,2101.20,0,0.00,0.00
2020,846,DEPT OF PARKS & RECREATION,2019-07-31T00:00:00.000,WESTCHESTER,JOB TRAINING PARTICIPANT,CEASED,15.00,per Hour,129.52,1942.75,3,45.00,0.00
2020,846,DEPT OF PARKS & RECREATION,2019-07-19T00:00:00.000,MANHATTAN,COMMUNITY ASSOCIATE,CEASED,20.37,per Hour,93.83,1911.39,0,0.00,0.00
2020,846,DEPT OF PARKS & RECREATION,2019-06-04T00:00:00.000,RICHMOND,JOB TRAINING PARTICIPANT,CEASED,15.00,per Hour,112,1680.00,0,0.00,0.00
2020,846,DEPT OF PARKS & RECREATION,2019-07-17T00:00:00.000,QUEENS,JOB TRAINING PARTICIPANT,CEASED,15.00,per Hour,95.65,1434.75,8,177.38,0.00
2020,846,DEPT OF PARKS & RECREATION,2019-03-27T00:00:00.000,QUEENS,JOB TRAINING PARTICIPANT,CEASED,15.00,per Hour,87.75,1316.25,3.5,52.50,30.23
2020,846,DEPT OF PARKS & RECREATION,2019-02-04T00:00:00.000,MANHATTAN,JOB TRAINING PARTICIPANT,CEASED,15.00,per Hour,71.85,1077.75,0,0.00,31.20
2020,846,DEPT OF PARKS & RECREATION,2019-05-24T00:00:00.000,MANHATTAN,JOB TRAINING PARTICIPANT,CEASED,15.00,per Hour,72,1080.00,0,0.00,0.00
2020,846,DEPT OF PARKS & RECREATION,2019-06-24T00:00:00.000,MANHATTAN,JOB TRAINING PARTICIPANT,CEASED,15.00,per Hour,69.83,1047.50,0,0.00,0.00
2020,846,DEPT OF PARKS & RECREATION,2019-10-23T00:00:00.000,QUEENS,JOB TRAINING PARTICIPANT,CEASED,15.45,per Hour,60.73,938.33,0,0.00,0.00
2020,846,DEPT OF PARKS & RECREATION,2016-07-11T00:00:00.000,MANHATTAN,URBAN PARK RANGER,CEASED,48078.00,per Annum,0,718.25,0,5.86,31.26
2020,846,DEPT OF PARKS & RECREATION,2014-12-01T00:00:00.000,MANHATTAN,URBAN PARK RANGER,CEASED,49160.00,per Annum,0,684.35,0,0.72,36.27
2020,846,DEPT OF PARKS & RECREATION,2019-09-30T00:00:00.000,MANHATTAN,JOB TRAINING PARTICIPANT,CEASED,15.45,per Hour,40,600.00,0,0.00,0.00
2020,846,DEPT OF PARKS & RECREATION,2020-01-07T00:00:00.000,MANHATTAN,JOB TRAINING PARTICIPANT,CEASED,15.45,per Hour,24,370.80,0,0.00,0.00
2020,846,DEPT OF PARKS & RECREATION,2019-08-22T00:00:00.000,BROOKLYN,JOB TRAINING PARTICIPANT,CEASED,15.00,per Hour,24,360.00,0,0.00,0.00
2020,846,DEPT OF PARKS & RECREATION,2018-12-06T00:00:00.000,BROOKLYN,JOB TRAINING PARTICIPANT,CEASED,15.00,per Hour,16,240.00,4,60.00,0.00
2020,846,DEPT OF PARKS & RECREATION,2019-03-11T00:00:00.000,BRONX,JOB TRAINING PARTICIPANT,CEASED,15.00,per Hour,15.85,237.75,0,0.00,0.00
2020,846,DEPT OF PARKS & RECREATION,2013-06-20T00:00:00.000,MANHATTAN,LIFE GUARD,SEASONAL,19.47,per Hour,0,0.00,0,10.87,219.79
2020,846,DEPT OF PARKS & RECREATION,2019-09-25T00:00:00.000,QUEENS,JOB TRAINING PARTICIPANT,CEASED,15.45,per Hour,8,120.00,0,0.00,0.00
2020,846,DEPT OF PARKS & RECREATION,2019-06-19T00:00:00.000,BRONX,JOB TRAINING PARTICIPANT,CEASED,15.00,per Hour,8,120.00,0,0.00,0.00
2020,846,DEPT OF PARKS & RECREATION,2018-11-05T00:00:00.000,BROOKLYN,JOB TRAINING PARTICIPANT,CEASED,15.00,per Hour,0,0.00,2,45.00,0.00
2020,846,DEPT OF PARKS & RECREATION,2018-02-12T00:00:00.000,MANHATTAN,CITY SEASONAL AIDE,SEASONAL,15.45,per Hour,0,0.00,-5,-97.88,0.00
2020,846,DEPT OF PARKS & RECREATION,2018-10-03T00:00:00.000,QUEENS,JOB TRAINING PARTICIPANT,CEASED,15.00,per Hour,-8,-120.00,0,0.00,0.00
2020,846,DEPT OF PARKS & RECREATION,2019-01-16T00:00:00.000,QUEENS,JOB TRAINING PARTICIPANT,CEASED,15.00,per Hour,241.5,3622.50,5.5,82.50,31.20
2020,846,DEPT OF PARKS & RECREATION,2017-04-14T00:00:00.000,MANHATTAN,CITY PARK WORKER,CEASED,16.14,per Hour,197.25,3183.87,0,0.00,508.42
2020,846,DEPT OF PARKS & RECREATION,2017-01-30T00:00:00.000,MANHATTAN,ASSOCIATE URBAN PARK RANGER,CEASED,57334.00,per Annum,40,3578.12,0,74.62,8131.76
2020,846,DEPT OF PARKS & RECREATION,2019-12-31T00:00:00.000,MANHATTAN,CITY SEASONAL AIDE,ACTIVE,15.45,per Hour,768.48,11873.10,0,0.00,56.10
2020,846,DEPT OF PARKS & RECREATION,2019-12-19T00:00:00.000,BROOKLYN,JOB TRAINING PARTICIPANT,CEASED,15.45,per Hour,661.05,10213.23,79.25,1827.52,44.50
2020,846,DEPT OF PARKS & RECREATION,2016-05-23T00:00:00.000,QUEENS,CONSTRUCTION PROJECT MANAGER INTERN,CEASED,57403.00,per Annum,385,12079.59,0,0.00,90.81
2020,846,DEPT OF PARKS & RECREATION,2019-05-27T00:00:00.000,RICHMOND,CITY PARK WORKER,ACTIVE,16.62,per Hour,664,10813.54,5.5,135.18,1270.60
2020,846,DEPT OF PARKS & RECREATION,2012-06-25T00:00:00.000,BRONX,LIFE GUARD,ACTIVE,19.47,per Hour,360,6804.01,67,1946.70,3553.83
2020,846,DEPT OF PARKS & RECREATION,2014-03-06T00:00:00.000,BRONX,CITY SEASONAL AIDE,ACTIVE,18.10,per Hour,566.92,9974.18,0,0.00,2358.70
2020,846,DEPT OF PARKS & RECREATION,2018-06-19T00:00:00.000,BRONX,LIFE GUARD,ACTIVE,19.46,per Hour,424,7076.56,58,1452.04,3809.63
2020,846,DEPT OF PARKS & RECREATION,2018-05-08T00:00:00.000,QUEENS,CITY PARK WORKER,ACTIVE,16.63,per Hour,655.67,10660.89,6.25,133.57,2169.14
2020,846,DEPT OF PARKS & RECREATION,2019-12-16T00:00:00.000,QUEENS,JOB TRAINING PARTICIPANT,ACTIVE,15.45,per Hour,823.82,12727.98,16,370.80,44.50
2020,846,DEPT OF PARKS & RECREATION,2016-06-23T00:00:00.000,MANHATTAN,LIFE GUARD,ACTIVE,19.46,per Hour,160,2964.80,0,0.00,812.13
2020,846,DEPT OF PARKS & RECREATION,2019-12-19T00:00:00.000,QUEENS,JOB TRAINING PARTICIPANT,ACTIVE,15.45,per Hour,704,10876.80,16,370.80,89.00
2020,846,DEPT OF PARKS & RECREATION,2020-06-03T00:00:00.000,BROOKLYN,CITY PARK WORKER,ACTIVE,16.62,per Hour,519.9,8426.31,62.25,1539.12,1375.91
2020,846,DEPT OF PARKS & RECREATION,2006-10-18T00:00:00.000,BRONX,RECREATION SPECIALIST,CEASED,45500.00,per Annum,700,7293.59,0,0.00,4068.99
2020,846,DEPT OF PARKS & RECREATION,2019-10-04T00:00:00.000,BRONX,JOB TRAINING PARTICIPANT,CEASED,15.45,per Hour,440,6798.00,151,3499.50,32.14
2020,846,DEPT OF PARKS & RECREATION,2018-06-28T00:00:00.000,BROOKLYN,LIFE GUARD,ACTIVE,19.46,per Hour,408,6809.52,0,0.00,3494.88
2020,846,DEPT OF PARKS & RECREATION,2019-04-17T00:00:00.000,QUEENS,JOB TRAINING PARTICIPANT,CEASED,15.45,per Hour,670.02,10050.25,7,157.50,60.45
2020,846,DEPT OF PARKS & RECREATION,2019-09-09T00:00:00.000,QUEENS,JOB TRAINING PARTICIPANT,CEASED,15.45,per Hour,656,10081.21,2,45.00,32.14
2020,846,DEPT OF PARKS & RECREATION,2019-12-19T00:00:00.000,BRONX,JOB TRAINING PARTICIPANT,ACTIVE,15.45,per Hour,651.55,10066.47,0,0.00,89.00
2020,846,DEPT OF PARKS & RECREATION,2019-04-03T00:00:00.000,QUEENS,JOB TRAINING PARTICIPANT,CEASED,15.45,per Hour,618.68,9280.25,18.5,412.50,60.58
2020,846,DEPT OF PARKS & RECREATION,2020-02-06T00:00:00.000,BROOKLYN,JOB TRAINING PARTICIPANT,ACTIVE,15.45,per Hour,575.03,8884.26,39,846.17,0.00
2020,846,DEPT OF PARKS & RECREATION,2019-04-23T00:00:00.000,BRONX,JOB TRAINING PARTICIPANT,CEASED,15.00,per Hour,350.4,5256.00,22,350.38,31.20
2020,846,DEPT OF PARKS & RECREATION,2019-06-12T00:00:00.000,QUEENS,CITY SEASONAL AIDE,ACTIVE,15.45,per Hour,566.83,8538.50,23,517.50,395.77
2020,846,DEPT OF PARKS & RECREATION,2013-09-09T00:00:00.000,MANHATTAN,ELECTRICIAN,CEASED,409.78,per Day,0,0.00,0,0.00,9431.70
2020,846,DEPT OF PARKS & RECREATION,2017-06-27T00:00:00.000,RICHMOND,LIFE GUARD,ACTIVE,19.46,per Hour,348.25,6578.44,27,765.06,2076.33
2020,846,DEPT OF PARKS & RECREATION,2019-12-19T00:00:00.000,QUEENS,JOB TRAINING PARTICIPANT,CEASED,15.45,per Hour,352.5,5335.88,11.75,264.38,60.00
2020,846,DEPT OF PARKS & RECREATION,2019-05-23T00:00:00.000,RICHMOND,LIFE GUARD,ACTIVE,17.19,per Hour,448,7002.80,10,234.48,2125.89
2020,846,DEPT OF PARKS & RECREATION,2019-06-27T00:00:00.000,BROOKLYN,LIFE GUARD,ACTIVE,17.19,per Hour,411.75,6436.17,18.25,427.92,2405.23
2020,846,DEPT OF PARKS & RECREATION,2019-05-22T00:00:00.000,QUEENS,LIFE GUARD,ACTIVE,17.19,per Hour,404.25,6318.92,19,445.51,2221.74
2020,846,DEPT OF PARKS & RECREATION,2018-05-21T00:00:00.000,BROOKLYN,CITY SEASONAL AIDE,ACTIVE,17.76,per Hour,518.5,8082.48,3,45.00,814.50
2020,846,DEPT OF PARKS & RECREATION,2011-06-20T00:00:00.000,MANHATTAN,LIFE GUARD,ACTIVE,19.47,per Hour,324.5,6133.12,27,784.50,2001.22
2020,846,DEPT OF PARKS & RECREATION,2015-06-21T00:00:00.000,QUEENS,CITY PARK WORKER,CEASED,16.14,per Hour,455,7344.27,8,193.70,1337.70
2020,846,DEPT OF PARKS & RECREATION,2019-01-28T00:00:00.000,MANHATTAN,CITY PARK WORKER,CEASED,16.14,per Hour,266,4293.59,12.25,227.87,1181.99
2020,846,DEPT OF PARKS & RECREATION,2016-07-27T00:00:00.000,MANHATTAN,CITY SEASONAL AIDE,SEASONAL,17.77,per Hour,440,7590.01,16.5,396.76,745.73
2020,846,DEPT OF PARKS & RECREATION,2017-05-22T00:00:00.000,BROOKLYN,CITY SEASONAL AIDE,SEASONAL,15.45,per Hour,488,7320.00,18,405.00,987.75
2020,846,DEPT OF PARKS & RECREATION,2019-03-28T00:00:00.000,BRONX,JOB TRAINING PARTICIPANT,CEASED,15.45,per Hour,567.67,8515.00,8.5,157.50,31.20
2020,846,DEPT OF PARKS & RECREATION,2019-03-15T00:00:00.000,MANHATTAN,JOB TRAINING PARTICIPANT,CEASED,15.45,per Hour,568,8520.00,5,112.50,62.40
2020,846,DEPT OF PARKS & RECREATION,2020-05-30T00:00:00.000,BRONX,CITY PARK WORKER,ACTIVE,16.63,per Hour,480,7790.48,5.5,133.17,609.89
2020,846,DEPT OF PARKS & RECREATION,2020-01-30T00:00:00.000,QUEENS,JOB TRAINING PARTICIPANT,CEASED,15.45,per Hour,504,7563.60,12,270.01,191.25
2020,846,DEPT OF PARKS & RECREATION,2019-01-23T00:00:00.000,BRONX,CITY PARK WORKER,CEASED,16.14,per Hour,438.05,7070.68,10,242.13,613.51
2020,846,DEPT OF PARKS & RECREATION,2020-02-27T00:00:00.000,MANHATTAN,JOB TRAINING PARTICIPANT,ACTIVE,15.45,per Hour,502.92,7770.07,0,0.00,44.50
2020,846,DEPT OF PARKS & RECREATION,2016-06-29T00:00:00.000,MANHATTAN,LIFE GUARD,ACTIVE,19.46,per Hour,332.67,6284.11,2,40.93,1471.11
2020,846,DEPT OF PARKS & RECREATION,2019-05-29T00:00:00.000,QUEENS,LIFE GUARD,ACTIVE,17.19,per Hour,367.25,5740.57,11,257.93,1688.32
2020,846,DEPT OF PARKS & RECREATION,2018-12-04T00:00:00.000,MANHATTAN,JOB TRAINING PARTICIPANT,CEASED,15.45,per Hour,504.87,7573.00,0,0.00,61.43
2020,846,DEPT OF PARKS & RECREATION,2018-07-03T00:00:00.000,QUEENS,RECREATION SPECIALIST,CEASED,21.02,per Hour,304,6390.08,0,0.00,1146.59
2020,846,DEPT OF PARKS & RECREATION,2017-06-27T00:00:00.000,QUEENS,LIFE GUARD,ACTIVE,19.46,per Hour,308,5818.14,2,56.68,1609.27
2020,846,DEPT OF PARKS & RECREATION,1997-08-18T00:00:00.000,QUEENS,CITY PARK WORKER,CEASED,41239.00,per Annum,480,6737.21,0,0.00,729.58
2020,846,DEPT OF PARKS & RECREATION,2019-07-08T00:00:00.000,MANHATTAN,CITY SEASONAL AIDE,SEASONAL,15.45,per Hour,367.25,5508.75,4,88.13,1832.75
2020,846,DEPT OF PARKS & RECREATION,2019-09-05T00:00:00.000,RICHMOND,JOB TRAINING PARTICIPANT,CEASED,15.45,per Hour,383.03,5828.91,0,0.00,0.00
2020,846,DEPT OF PARKS & RECREATION,2018-05-21T00:00:00.000,BROOKLYN,CITY SEASONAL AIDE,ACTIVE,15.45,per Hour,397.65,6011.33,1.75,26.25,625.25
2020,846,DEPT OF PARKS & RECREATION,2018-07-06T00:00:00.000,BROOKLYN,LIFE GUARD,ACTIVE,19.46,per Hour,247.75,4134.95,18.75,469.42,1951.48
2020,846,DEPT OF PARKS & RECREATION,2016-06-30T00:00:00.000,MANHATTAN,LIFE GUARD,ACTIVE,19.46,per Hour,249,4703.62,16,453.36,1348.86
2020,846,DEPT OF PARKS & RECREATION,2019-06-17T00:00:00.000,MANHATTAN,CITY SEASONAL AIDE,SEASONAL,15.45,per Hour,379.75,5696.25,0,0.00,435.75
2020,846,DEPT OF PARKS & RECREATION,2014-06-29T00:00:00.000,QUEENS,RECREATION SPECIALIST,CEASED,24.41,per Hour,441.08,10668.49,0,0.00,886.62
2020,846,DEPT OF PARKS & RECREATION,2018-07-05T00:00:00.000,BRONX,COOPERATIVE EDUCATION TRAINEE-SEASONAL PARK HELP,CEASED,15.00,per Hour,275.8,4137.00,0,0.00,0.00
2020,846,DEPT OF PARKS & RECREATION,2019-01-08T00:00:00.000,MANHATTAN,JOB TRAINING PARTICIPANT,CEASED,15.00,per Hour,271.83,4077.50,2.25,50.63,31.20
2020,846,DEPT OF PARKS & RECREATION,2019-05-28T00:00:00.000,BRONX,JOB TRAINING PARTICIPANT,CEASED,15.00,per Hour,252.35,3785.25,23,434.01,31.20
2020,846,DEPT OF PARKS & RECREATION,2019-10-07T00:00:00.000,MANHATTAN,JOB TRAINING PARTICIPANT,CEASED,15.45,per Hour,284.92,4377.21,4,82.50,0.00
2020,846,DEPT OF PARKS & RECREATION,2019-04-02T00:00:00.000,MANHATTAN,JOB TRAINING PARTICIPANT,CEASED,15.00,per Hour,300,4500.00,0,0.00,31.20
2020,846,DEPT OF PARKS & RECREATION,2019-02-12T00:00:00.000,BRONX,JOB TRAINING PARTICIPANT,CEASED,15.45,per Hour,291.5,4372.50,10.25,200.63,31.20
2020,846,DEPT OF PARKS & RECREATION,2018-11-19T00:00:00.000,QUEENS,CITY SEASONAL AIDE,CEASED,15.00,per Hour,269.5,4042.50,1.5,33.75,607.50
2020,846,DEPT OF PARKS & RECREATION,2019-07-24T00:00:00.000,BROOKLYN,JOB TRAINING PARTICIPANT,CEASED,15.45,per Hour,294.93,4437.95,14.5,262.50,31.20
2020,846,DEPT OF PARKS & RECREATION,2019-07-11T00:00:00.000,BROOKLYN,CITY PARK WORKER,CEASED,16.14,per Hour,285.42,4606.99,0,0.00,340.34
2020,846,DEPT OF PARKS & RECREATION,2019-07-17T00:00:00.000,QUEENS,JOB TRAINING PARTICIPANT,CEASED,15.45,per Hour,333.12,4998.33,0,0.00,0.00
2020,846,DEPT OF PARKS & RECREATION,2020-02-20T00:00:00.000,QUEENS,JOB TRAINING PARTICIPANT,ACTIVE,15.45,per Hour,330.5,5106.27,0,0.00,0.00
2020,846,DEPT OF PARKS & RECREATION,2019-04-09T00:00:00.000,QUEENS,JOB TRAINING PARTICIPANT,CEASED,15.00,per Hour,317.35,4760.25,17.5,380.38,31.20
2020,846,DEPT OF PARKS & RECREATION,2017-06-23T00:00:00.000,RICHMOND,LIFE GUARD,ACTIVE,19.46,per Hour,392,7404.88,6.25,177.11,3138.26
2020,846,DEPT OF PARKS & RECREATION,2019-12-19T00:00:00.000,RICHMOND,JOB TRAINING PARTICIPANT,ACTIVE,15.45,per Hour,686.93,10613.13,0,0.00,89.00
2020,846,DEPT OF PARKS & RECREATION,2019-02-20T00:00:00.000,BROOKLYN,JOB TRAINING PARTICIPANT,CEASED,15.45,per Hour,557.57,8363.50,104.5,2196.15,61.30
2020,846,DEPT OF PARKS & RECREATION,2018-04-16T00:00:00.000,MANHATTAN,CITY PARK WORKER,CEASED,16.62,per Hour,695.02,11218.45,162.5,3991.80,2895.63
2020,846,DEPT OF PARKS & RECREATION,1993-03-08T00:00:00.000,MANHATTAN,CONSTRUCTION PROJECT MANAGER,CEASED,118450.00,per Annum,658.5,41450.53,0,0.00,3846.39
2020,846,DEPT OF PARKS & RECREATION,2014-03-14T00:00:00.000,BROOKLYN,CITY PARK WORKER,ACTIVE,39923.00,per Annum,2080,38963.43,168.75,5491.67,693.78
2020,846,DEPT OF PARKS & RECREATION,2019-10-16T00:00:00.000,WESTCHESTER,JOB TRAINING PARTICIPANT,ACTIVE,15.45,per Hour,1176,18169.20,8,185.40,32.14
2020,846,DEPT OF PARKS & RECREATION,2019-10-17T00:00:00.000,RICHMOND,JOB TRAINING PARTICIPANT,ACTIVE,15.45,per Hour,1200,18540.00,0,0.00,76.64
2020,846,DEPT OF PARKS & RECREATION,2019-06-13T00:00:00.000,BROOKLYN,JOB TRAINING PARTICIPANT,CEASED,15.45,per Hour,889.28,13495.11,245.75,5132.67,32.14
2020,846,DEPT OF PARKS & RECREATION,2012-06-30T00:00:00.000,QUEENS,RECREATION SPECIALIST,ACTIVE,24.90,per Hour,1658.67,40909.26,15.25,542.08,1950.89
2020,846,DEPT OF PARKS & RECREATION,2016-07-01T00:00:00.000,RICHMOND,CITY PARK WORKER,ACTIVE,39923.00,per Annum,2080,39309.95,92,2584.77,1153.80
2020,846,DEPT OF PARKS & RECREATION,2020-02-10T00:00:00.000,MANHATTAN,URBAN PARK RANGER,ACTIVE,50635.00,per Annum,760,18400.17,9.5,345.57,197.64
2020,846,DEPT OF PARKS & RECREATION,2008-04-19T00:00:00.000,BRONX,CITY PARK WORKER,ACTIVE,39923.00,per Annum,2080,39304.22,87,2438.38,777.90
2020,846,DEPT OF PARKS & RECREATION,2019-11-14T00:00:00.000,WESTCHESTER,JOB TRAINING PARTICIPANT,ACTIVE,15.45,per Hour,1111.67,17175.25,77.75,1732.34,89.00
2020,846,DEPT OF PARKS & RECREATION,2016-05-16T00:00:00.000,BRONX,CITY PARK WORKER,ACTIVE,39923.00,per Annum,2080,38851.82,14,425.30,2984.60
2020,846,DEPT OF PARKS & RECREATION,1996-11-25T00:00:00.000,QUEENS,COMMUNITY ASSISTANT,ACTIVE,41195.00,per Annum,1820,40554.66,2,45.88,1324.26
2020,846,DEPT OF PARKS & RECREATION,2018-01-29T00:00:00.000,MANHATTAN,URBAN PARK RANGER,CEASED,50635.00,per Annum,1622.5,40679.84,12.5,453.60,619.11
2020,846,DEPT OF PARKS & RECREATION,2019-08-14T00:00:00.000,MANHATTAN,JOB TRAINING PARTICIPANT,ACTIVE,15.45,per Hour,1255.58,19331.46,0,0.00,0.00
2020,846,DEPT OF PARKS & RECREATION,2019-09-09T00:00:00.000,MANHATTAN,URBAN PARK RANGER,ACTIVE,24.25,per Hour,1587.83,38090.56,26.5,973.56,1513.51
2020,846,DEPT OF PARKS & RECREATION,2019-07-17T00:00:00.000,BRONX,JOB TRAINING PARTICIPANT,CEASED,15.45,per Hour,972.02,14866.56,15.25,320.21,50.28
2020,846,DEPT OF PARKS & RECREATION,2019-07-24T00:00:00.000,BROOKLYN,JOB TRAINING PARTICIPANT,CEASED,15.45,per Hour,987.08,15059.78,14.25,290.08,60.82
2020,846,DEPT OF PARKS & RECREATION,2011-06-20T00:00:00.000,MANHATTAN,LIFE GUARD,ACTIVE,19.47,per Hour,496,9374.40,62.75,1823.22,4362.95
2020,846,DEPT OF PARKS & RECREATION,2003-07-30T00:00:00.000,BROOKLYN,CITY SEASONAL AIDE,ACTIVE,18.10,per Hour,680,12029.20,0,1.14,3530.55
2020,846,DEPT OF PARKS & RECREATION,2014-06-01T00:00:00.000,MANHATTAN,LIFE GUARD,ACTIVE,19.47,per Hour,473.5,8949.15,67,1946.70,4683.22
2020,846,DEPT OF PARKS & RECREATION,2015-06-01T00:00:00.000,BRONX,LIFE GUARD,ACTIVE,19.47,per Hour,504,9525.60,70,1984.51,4221.42
2020,846,DEPT OF PARKS & RECREATION,2012-11-19T00:00:00.000,MANHATTAN,CITY PARK WORKER,CEASED,16.62,per Hour,687.7,11100.34,119.25,2882.06,1811.39
2020,846,DEPT OF PARKS & RECREATION,2014-10-24T00:00:00.000,QUEENS,ASSOCIATE PARK SERVICE WORKER,ACTIVE,52247.00,per Annum,2080,51444.74,8,309.74,7508.63
2020,846,DEPT OF PARKS & RECREATION,2017-06-01T00:00:00.000,RICHMOND,CITY PARK WORKER,ACTIVE,39923.00,per Annum,2080,49557.16,90.75,3190.96,6104.69
2020,846,DEPT OF PARKS & RECREATION,2017-11-20T00:00:00.000,MANHATTAN,CITY PARK WORKER,ACTIVE,39923.00,per Annum,2064,34457.28,174.25,4399.39,1309.91
2020,846,DEPT OF PARKS & RECREATION,2018-11-12T00:00:00.000,QUEENS,CITY PARK WORKER,ACTIVE,39923.00,per Annum,2046.7,36648.21,33.5,1069.04,1860.22
2020,846,DEPT OF PARKS & RECREATION,1986-07-03T00:00:00.000,MANHATTAN,CITY SEASONAL AIDE,ACTIVE,18.78,per Hour,1928.73,35859.84,33,942.54,1916.01
2020,846,DEPT OF PARKS & RECREATION,2019-09-18T00:00:00.000,BRONX,JOB TRAINING PARTICIPANT,ACTIVE,15.45,per Hour,1268.25,19544.51,0,0.00,121.14
2020,846,DEPT OF PARKS & RECREATION,2018-07-02T00:00:00.000,BRONX,RECREATION SPECIALIST,ACTIVE,21.65,per Hour,1791,38373.90,3.5,74.83,108.78
2020,846,DEPT OF PARKS & RECREATION,2019-09-16T00:00:00.000,MANHATTAN,URBAN PARK RANGER,ACTIVE,24.25,per Hour,1560,37432.40,0,0.00,507.10
2020,846,DEPT OF PARKS & RECREATION,2019-01-08T00:00:00.000,MANHATTAN,CITY PARK WORKER,ACTIVE,16.62,per Hour,2047.9,35886.00,24.5,688.13,1110.98
2020,846,DEPT OF PARKS & RECREATION,2015-07-16T00:00:00.000,QUEENS,RECREATION SPECIALIST,ACTIVE,24.90,per Hour,1462.5,36132.03,16,510.45,263.33
2020,846,DEPT OF PARKS & RECREATION,2016-07-26T00:00:00.000,BRONX,CITY PARK WORKER,ACTIVE,34716.00,per Annum,2120,34829.33,9.5,233.29,972.79
2020,846,DEPT OF PARKS & RECREATION,2018-04-16T00:00:00.000,QUEENS,ASSISTANT CIVIL ENGINEER,CEASED,78989.00,per Annum,842,35562.28,0,0.00,90.52
2020,846,DEPT OF PARKS & RECREATION,2016-05-13T00:00:00.000,MANHATTAN,CITY PARK WORKER,ACTIVE,39923.00,per Annum,2040,33491.99,34,949.23,1002.72
2020,846,DEPT OF PARKS & RECREATION,2013-07-04T00:00:00.000,QUEENS,RECREATION SPECIALIST,ACTIVE,24.90,per Hour,1383.5,34102.19,14,448.20,271.06
2020,846,DEPT OF PARKS & RECREATION,2015-12-28T00:00:00.000,MANHATTAN,PLAYGROUND ASSOCIATE,ACTIVE,19.79,per Hour,1786.3,32083.67,0,0.00,1426.33
2020,846,DEPT OF PARKS & RECREATION,2014-06-01T00:00:00.000,BRONX,LIFE GUARD,ACTIVE,19.47,per Hour,480,9072.00,70.75,2055.65,4793.42
2020,846,DEPT OF PARKS & RECREATION,2006-08-04T00:00:00.000,QUEENS,CITY SEASONAL AIDE,ACTIVE,18.10,per Hour,999,17663.82,17,446.83,2505.21
2020,846,DEPT OF PARKS & RECREATION,2019-09-23T00:00:00.000,MANHATTAN,GARDENER,ACTIVE,43410.00,per Annum,1560,31692.84,27,834.64,540.77
2020,846,DEPT OF PARKS & RECREATION,2019-08-01T00:00:00.000,BROOKLYN,JOB TRAINING PARTICIPANT,CEASED,15.45,per Hour,1063.15,16238.47,199,4372.63,63.34
2020,846,DEPT OF PARKS & RECREATION,2015-06-29T00:00:00.000,QUEENS,RECREATION SPECIALIST,ACTIVE,24.90,per Hour,1274.25,31375.89,0,0.00,273.99
2020,846,DEPT OF PARKS & RECREATION,2015-04-15T00:00:00.000,QUEENS,RECREATION SPECIALIST,CEASED,45494.00,per Annum,1175.5,28764.80,0,0.00,1383.03
2020,846,DEPT OF PARKS & RECREATION,1990-06-29T00:00:00.000,QUEENS,CHIEF LIFEGUARD,ACTIVE,25.00,per Hour,528,12809.28,60.25,2619.95,10995.68
2020,846,DEPT OF PARKS & RECREATION,2020-02-03T00:00:00.000,MANHATTAN,COMMUNITY COORDINATOR,ACTIVE,54100.00,per Annum,700,20694.00,15,525.61,8.25
2020,846,DEPT OF PARKS & RECREATION,2019-06-24T00:00:00.000,MANHATTAN,CITY SEASONAL AIDE,ACTIVE,15.45,per Hour,1749.08,26798.59,34.75,784.87,-1619.67
2020,846,DEPT OF PARKS & RECREATION,2019-12-23T00:00:00.000,BRONX,EXTERMINATOR,ACTIVE,49000.00,per Annum,910,24366.16,8,260.26,933.56
2020,846,DEPT OF PARKS & RECREATION,2019-05-29T00:00:00.000,MANHATTAN,PLAYGROUND ASSOCIATE,CEASED,17.73,per Hour,1361.7,23801.89,10,173.93,374.20
2020,846,DEPT OF PARKS & RECREATION,2019-07-29T00:00:00.000,QUEENS,SUPERVISING DOCKMASTER,CEASED,62000.00,per Annum,772,22885.62,0,0.00,706.80
2020,846,DEPT OF PARKS & RECREATION,2019-09-05T00:00:00.000,BRONX,JOB TRAINING PARTICIPANT,ACTIVE,15.45,per Hour,1413.37,21754.18,0,0.00,76.64
2020,846,DEPT OF PARKS & RECREATION,2019-11-20T00:00:00.000,QUEENS,CITY PARK WORKER,ACTIVE,16.63,per Hour,1370.77,20686.38,5.25,129.54,1214.85
2020,846,DEPT OF PARKS & RECREATION,2011-06-30T00:00:00.000,BRONX,RECREATION SUPERVISOR,ACTIVE,59269.00,per Annum,1820,50331.64,96.75,4142.88,1472.55
2020,846,DEPT OF PARKS & RECREATION,2014-06-01T00:00:00.000,MANHATTAN,LIFE GUARD,ACTIVE,19.47,per Hour,478.5,9043.67,82.75,2404.32,4685.26
2020,846,DEPT OF PARKS & RECREATION,2011-09-27T00:00:00.000,BRONX,GARDENER,ACTIVE,49922.00,per Annum,2080,49155.46,157.25,5484.22,227.00
2020,846,DEPT OF PARKS & RECREATION,2007-04-30T00:00:00.000,BRONX,RECREATION DIRECTOR,ACTIVE,47909.00,per Annum,1820,45785.90,4.75,136.14,7953.67
2020,846,DEPT OF PARKS & RECREATION,2013-06-10T00:00:00.000,MANHATTAN,URBAN PARK RANGER,ACTIVE,50635.00,per Annum,2080,52115.31,0,0.00,1642.45
2020,846,DEPT OF PARKS & RECREATION,2019-04-29T00:00:00.000,MANHATTAN,JOB TRAINING PARTICIPANT,CEASED,15.45,per Hour,1071.55,16230.76,3,45.00,31.20
2020,846,DEPT OF PARKS & RECREATION,2016-04-28T00:00:00.000,BRONX,CITY PARK WORKER,ACTIVE,39923.00,per Annum,2080,48429.89,67.5,2792.37,1806.32
2020,846,DEPT OF PARKS & RECREATION,2019-10-16T00:00:00.000,BROOKLYN,JOB TRAINING PARTICIPANT,ACTIVE,15.45,per Hour,1026.72,15850.74,28,573.60,121.14
2020,846,DEPT OF PARKS & RECREATION,2013-05-07T00:00:00.000,QUEENS,ASSOCIATE PARK SERVICE WORKER,ACTIVE,52247.00,per Annum,2080,51444.74,14.5,539.32,492.40
2020,846,DEPT OF PARKS & RECREATION,2020-02-16T00:00:00.000,MANHATTAN,URBAN PARK RANGER,ACTIVE,24.25,per Hour,680,16490.00,0,0.00,97.00
2020,846,DEPT OF PARKS & RECREATION,1986-09-15T00:00:00.000,BRONX,ASSOCIATE PARK SERVICE WORKER,ACTIVE,52376.00,per Annum,2160,45689.76,11,429.38,5189.08
2020,846,DEPT OF PARKS & RECREATION,2016-01-06T00:00:00.000,QUEENS,GARDENER,ACTIVE,49922.00,per Annum,2112,49902.35,27.75,970.35,393.68
2020,846,DEPT OF PARKS & RECREATION,1981-07-01T00:00:00.000,BROOKLYN,RECREATION DIRECTOR,ACTIVE,47909.00,per Annum,1640,41875.30,65,2550.14,5769.49
2020,846,DEPT OF PARKS & RECREATION,2012-06-14T00:00:00.000,MANHATTAN,COMMUNITY COORDINATOR,CEASED,72884.00,per Annum,428.5,17070.24,0,0.00,16.50
2020,846,DEPT OF PARKS & RECREATION,2002-07-02T00:00:00.000,MANHATTAN,RECREATION SPECIALIST,ACTIVE,45524.00,per Annum,1820,44688.40,11,291.55,4841.33
2020,846,DEPT OF PARKS & RECREATION,2018-11-07T00:00:00.000,MANHATTAN,CLERICAL ASSOCIATE,CEASED,28.77,per Hour,600.55,16773.45,1.25,34.91,352.43
2020,846,DEPT OF PARKS & RECREATION,2019-07-15T00:00:00.000,MANHATTAN,URBAN PARK RANGER,ACTIVE,50635.00,per Annum,1960,46496.93,41,1439.63,1062.84
2020,846,DEPT OF PARKS & RECREATION,2017-11-06T00:00:00.000,QUEENS,COMMUNITY ASSOCIATE,ACTIVE,47393.00,per Annum,1820,46665.51,1.75,45.40,2152.84
2020,846,DEPT OF PARKS & RECREATION,2011-07-02T00:00:00.000,QUEENS,RECREATION SPECIALIST,ACTIVE,24.90,per Hour,1752.25,43166.42,17.5,634.97,4936.81
2020,846,DEPT OF PARKS & RECREATION,2019-08-02T00:00:00.000,BRONX,JOB TRAINING PARTICIPANT,CEASED,15.45,per Hour,884.5,13582.73,179,3668.29,32.14
2020,846,DEPT OF PARKS & RECREATION,2014-01-21T00:00:00.000,BROOKLYN,FORESTER,CEASED,59497.00,per Annum,1401.5,44977.14,30.25,1295.26,1678.22
2020,846,DEPT OF PARKS & RECREATION,2013-03-06T00:00:00.000,MANHATTAN,CITY PARK WORKER,ACTIVE,39923.00,per Annum,2073.13,43447.88,66.5,2380.46,1770.37
2020,846,DEPT OF PARKS & RECREATION,2016-05-28T00:00:00.000,QUEENS,CITY PARK WORKER,ACTIVE,39923.00,per Annum,2120,44036.52,65,2240.57,1205.10
2020,846,DEPT OF PARKS & RECREATION,1990-07-01T00:00:00.000,BROOKLYN,CITY PARK WORKER,ACTIVE,40073.00,per Annum,2080,39450.00,44.5,1448.96,6227.53
2020,846,DEPT OF PARKS & RECREATION,2014-04-01T00:00:00.000,BRONX,RECREATION SPECIALIST,ACTIVE,24.90,per Hour,1770.73,43984.38,0,0.00,2662.85
2020,846,DEPT OF PARKS & RECREATION,2016-05-30T00:00:00.000,RICHMOND,CITY PARK WORKER,ACTIVE,39923.00,per Annum,2080,42056.75,110.5,3297.96,1228.49
2020,846,DEPT OF PARKS & RECREATION,2016-07-07T00:00:00.000,QUEENS,LIFE GUARD,ACTIVE,19.46,per Hour,464.25,8769.69,28.5,807.57,3595.09
2020,846,DEPT OF PARKS & RECREATION,2019-06-25T00:00:00.000,RICHMOND,LIFE GUARD,ACTIVE,19.47,per Hour,471.5,8911.35,17,493.94,3932.65
2020,846,DEPT OF PARKS & RECREATION,2014-06-01T00:00:00.000,QUEENS,LIFE GUARD,ACTIVE,19.47,per Hour,488,9223.20,18,523.00,3620.59
2020,846,DEPT OF PARKS & RECREATION,2019-12-09T00:00:00.000,BRONX,JOB TRAINING PARTICIPANT,ACTIVE,15.45,per Hour,860.23,13290.63,0,0.00,89.00
2020,846,DEPT OF PARKS & RECREATION,2019-12-09T00:00:00.000,BROOKLYN,JOB TRAINING PARTICIPANT,ACTIVE,15.45,per Hour,804,12421.81,51.5,1048.55,0.00
2020,846,DEPT OF PARKS & RECREATION,2019-04-02T00:00:00.000,BROOKLYN,JOB TRAINING PARTICIPANT,CEASED,15.45,per Hour,759.5,11403.08,108.5,2433.75,62.40
2020,846,DEPT OF PARKS & RECREATION,2020-01-08T00:00:00.000,MANHATTAN,JOB TRAINING PARTICIPANT,ACTIVE,15.45,per Hour,896.78,13699.10,11.5,183.38,201.50
2020,846,DEPT OF PARKS & RECREATION,2019-07-18T00:00:00.000,MANHATTAN,JOB TRAINING PARTICIPANT,CEASED,15.45,per Hour,904.32,13779.59,16.75,379.87,62.82
2020,846,DEPT OF PARKS & RECREATION,2019-07-30T00:00:00.000,QUEENS,JOB TRAINING PARTICIPANT,CEASED,15.45,per Hour,933.98,14265.42,0,0.00,0.00
2020,846,DEPT OF PARKS & RECREATION,2019-04-09T00:00:00.000,BROOKLYN,JOB TRAINING PARTICIPANT,CEASED,15.45,per Hour,886.98,13372.89,41,899.16,31.20
2020,846,DEPT OF PARKS & RECREATION,2019-06-27T00:00:00.000,QUEENS,JOB TRAINING PARTICIPANT,CEASED,15.45,per Hour,922.6,14054.90,12,253.59,62.11
2020,846,DEPT OF PARKS & RECREATION,2019-11-26T00:00:00.000,BRONX,JOB TRAINING PARTICIPANT,ACTIVE,15.45,per Hour,922.83,14257.86,8.5,185.01,0.00
2020,846,DEPT OF PARKS & RECREATION,2019-12-18T00:00:00.000,MANHATTAN,JOB TRAINING PARTICIPANT,ACTIVE,15.45,per Hour,918.78,14195.22,13.5,312.88,42.36
2020,846,DEPT OF PARKS & RECREATION,2019-06-27T00:00:00.000,BROOKLYN,JOB TRAINING PARTICIPANT,CEASED,15.45,per Hour,922.8,14106.02,29.5,595.18,0.00
2020,846,DEPT OF PARKS & RECREATION,2012-06-25T00:00:00.000,BROOKLYN,LIFE GUARD,ACTIVE,19.47,per Hour,496,9374.40,19.25,559.32,4817.20
2020,846,DEPT OF PARKS & RECREATION,2019-07-08T00:00:00.000,MANHATTAN,JOB TRAINING PARTICIPANT,CEASED,15.45,per Hour,964.67,14660.20,9,146.10,0.00
2020,846,DEPT OF PARKS & RECREATION,2019-11-22T00:00:00.000,BRONX,JOB TRAINING PARTICIPANT,ACTIVE,15.45,per Hour,953.02,14724.12,0,0.00,89.00
2020,846,DEPT OF PARKS & RECREATION,2020-03-02T00:00:00.000,QUEENS,FORESTER,ACTIVE,28.32,per Hour,525,14868.00,0,0.00,0.00
2020,846,DEPT OF PARKS & RECREATION,1985-04-08T00:00:00.000,BROOKLYN,SUPERVISOR OF MECHANICS,CEASED,430.56,per Day,0,0.00,0,0.00,14900.68
2020,846,DEPT OF PARKS & RECREATION,2019-06-19T00:00:00.000,QUEENS,JOB TRAINING PARTICIPANT,CEASED,15.45,per Hour,967.33,14689.78,20,360.00,32.14
2020,846,DEPT OF PARKS & RECREATION,2019-07-17T00:00:00.000,QUEENS,JOB TRAINING PARTICIPANT,CEASED,15.45,per Hour,987.75,15034.95,0,0.00,60.42
2020,846,DEPT OF PARKS & RECREATION,2020-06-15T00:00:00.000,MANHATTAN,CITY SEASONAL AIDE,ACTIVE,15.45,per Hour,915,13965.75,50,1070.33,63.34
2020,57,FIRE DEPARTMENT,2014-02-10T00:00:00.000,BRONX,EMERGENCY MEDICAL SPECIALIST-EMT,CEASED,43901.00,per Annum,4.73,104.36,0,0.00,2.83
2020,57,FIRE DEPARTMENT,2016-11-14T00:00:00.000,BROOKLYN,ASSISTANT COMMISSIONER,ACTIVE,162740.00,per Annum,1820,150617.35,0,0.00,741.99
2020,57,FIRE DEPARTMENT,2002-01-27T00:00:00.000,RICHMOND,CAPTAIN,ACTIVE,112357.00,per Annum,2080,110393.41,350,24508.48,18339.05
2020,57,FIRE DEPARTMENT,2013-10-28T00:00:00.000,BROOKLYN,STRATEGIC INITIATIVE SPECIALIST,ACTIVE,155198.00,per Annum,1820,152840.01,0,0.00,500.00
2020,57,FIRE DEPARTMENT,2003-02-02T00:00:00.000,RICHMOND,FIREFIGHTER,ACTIVE,85292.00,per Annum,2080,84831.14,730.15,38670.05,31151.92
2020,57,FIRE DEPARTMENT,2000-03-01T00:00:00.000,QUEENS,FIREFIGHTER,ACTIVE,85292.00,per Annum,2080,84831.14,869.88,42387.60,27919.11
2020,57,FIRE DEPARTMENT,2005-09-25T00:00:00.000,BROOKLYN,CAPTAIN,ACTIVE,110395.00,per Annum,2080,109385.44,571.63,34713.65,17999.88
2020,57,FIRE DEPARTMENT,1997-04-30T00:00:00.000,BRONX,CAPTAIN,ACTIVE,110395.00,per Annum,2080,108890.57,576.53,34512.49,19077.18
2020,57,FIRE DEPARTMENT,2005-03-08T00:00:00.000,MANHATTAN,LIEUTENANT,ACTIVE,109360.00,per Annum,2080,108768.97,641.38,36131.47,19818.42
2020,57,FIRE DEPARTMENT,2007-08-06T00:00:00.000,QUEENS,FIREFIGHTER,ACTIVE,85292.00,per Annum,2080,86369.79,1112.77,53063.96,26683.94
2020,57,FIRE DEPARTMENT,1993-07-25T00:00:00.000,BROOKLYN,CAPTAIN,ACTIVE,125531.00,per Annum,2080,124852.50,306.08,19366.22,23061.18
2020,57,FIRE DEPARTMENT,2000-02-01T00:00:00.000,RICHMOND,LIEUTENANT,ACTIVE,109360.00,per Annum,2080,108768.97,579.43,38650.22,21154.90
2020,57,FIRE DEPARTMENT,2003-02-02T00:00:00.000,MANHATTAN,LIEUTENANT,ACTIVE,109360.00,per Annum,2080,108768.97,623.02,40262.29,20015.24
2020,57,FIRE DEPARTMENT,1984-09-12T00:00:00.000,BRONX,BATTALION CHIEF,ACTIVE,163454.00,per Annum,2080,162570.62,0,0.00,23987.63
2020,57,FIRE DEPARTMENT,1994-04-17T00:00:00.000,MANHATTAN,BATTALION CHIEF,ACTIVE,163454.00,per Annum,2080,162570.62,0,0.00,23873.15
2020,57,FIRE DEPARTMENT,2001-10-28T00:00:00.000,MANHATTAN,CAPTAIN,ACTIVE,110395.00,per Annum,2080,109088.52,936.97,51824.74,21042.58
2020,57,FIRE DEPARTMENT,2000-02-17T00:00:00.000,MANHATTAN,LIEUTENANT,ACTIVE,109360.00,per Annum,2080,108768.97,785.52,53424.51,18735.81
2020,57,FIRE DEPARTMENT,1999-02-16T00:00:00.000,QUEENS,FIREFIGHTER,ACTIVE,85292.00,per Annum,2080,84831.14,598.78,27999.94,20783.31
2020,57,FIRE DEPARTMENT,2001-07-15T00:00:00.000,MANHATTAN,FIREFIGHTER,ACTIVE,85292.00,per Annum,2080,84831.14,756.05,32654.23,16509.29
2020,57,FIRE DEPARTMENT,2009-01-26T00:00:00.000,QUEENS,ELECTRICIAN,ACTIVE,417.97,per Day,1820,108565.73,1194.25,106896.48,19966.73
2020,57,FIRE DEPARTMENT,1995-02-05T00:00:00.000,QUEENS,CAPTAIN,ACTIVE,125531.00,per Annum,2080,124852.50,1159.03,79868.63,23325.62
2020,57,FIRE DEPARTMENT,1987-07-28T00:00:00.000,BROOKLYN,DEPUTY ASSISTANT CHIEF OF DEPARTMENT,CEASED,228604.00,per Annum,0,0.00,0,0.00,225670.00
2020,57,FIRE DEPARTMENT,1981-10-26T00:00:00.000,BROOKLYN,DEPUTY COMMISSIONER,ACTIVE,225342.00,per Annum,1820,221918.17,0,0.00,1000.00
2020,57,FIRE DEPARTMENT,1990-06-15T00:00:00.000,BROOKLYN,CAPTAIN,ACTIVE,125531.00,per Annum,2080,124852.50,945.33,64500.68,22526.75
2020,57,FIRE DEPARTMENT,1990-04-25T00:00:00.000,QUEENS,CAPTAIN,ACTIVE,125531.00,per Annum,2080,124852.50,734.53,54247.33,23473.52
2020,57,FIRE DEPARTMENT,1997-10-19T00:00:00.000,QUEENS,CAPTAIN,ACTIVE,125531.00,per Annum,2080,124852.50,648.13,47447.39,23096.63
2020,57,FIRE DEPARTMENT,1996-07-18T00:00:00.000,MANHATTAN,CAPTAIN,ACTIVE,125531.00,per Annum,2080,122125.43,774.77,45300.35,23360.47
2020,57,FIRE DEPARTMENT,1991-04-14T00:00:00.000,QUEENS,DEPUTY CHIEF,ACTIVE,165558.00,per Annum,2080,164105.49,0,0.00,24550.25
2020,57,FIRE DEPARTMENT,2013-01-14T00:00:00.000,BRONX,FIREFIGHTER,ACTIVE,85292.00,per Annum,2080,84831.14,793.75,36957.20,12828.46
2020,57,FIRE DEPARTMENT,2008-01-21T00:00:00.000,MANHATTAN,FIREFIGHTER,ACTIVE,85292.00,per Annum,2080,84831.14,907.52,37068.44,14374.98
2020,57,FIRE DEPARTMENT,2004-05-25T00:00:00.000,BROOKLYN,FIRE MARSHAL,ACTIVE,95527.00,per Annum,2080,95010.76,511.5,24282.07,17743.22
2020,57,FIRE DEPARTMENT,2003-12-10T00:00:00.000,QUEENS,FIREFIGHTER,ACTIVE,85292.00,per Annum,2080,84831.14,719.9,32470.09,20021.14
2020,57,FIRE DEPARTMENT,2004-09-12T00:00:00.000,BROOKLYN,FIRE MARSHAL,ACTIVE,95527.00,per Annum,2080,95010.76,512.28,24999.19,17473.18
2020,57,FIRE DEPARTMENT,2006-04-11T00:00:00.000,QUEENS,LIEUTENANT,ACTIVE,91664.00,per Annum,2080,90947.38,642.25,29727.74,17033.86
2020,57,FIRE DEPARTMENT,2002-01-27T00:00:00.000,BRONX,FIREFIGHTER,ACTIVE,85292.00,per Annum,2080,84831.14,757.35,33128.89,20922.71
2020,57,FIRE DEPARTMENT,1999-02-16T00:00:00.000,MANHATTAN,FIREFIGHTER,ACTIVE,85292.00,per Annum,2080,84831.14,689.65,32306.61,22310.57
2020,57,FIRE DEPARTMENT,2003-02-02T00:00:00.000,BROOKLYN,LIEUTENANT,ACTIVE,90457.00,per Annum,2080,87215.97,541.92,28479.31,24059.07
2020,57,FIRE DEPARTMENT,2002-05-05T00:00:00.000,MANHATTAN,FIREFIGHTER,ACTIVE,85292.00,per Annum,2080,84831.14,827.62,35430.45,20041.04
2020,57,FIRE DEPARTMENT,2002-07-28T00:00:00.000,BROOKLYN,FIREFIGHTER,ACTIVE,85292.00,per Annum,2080,84831.14,644.28,28164.00,27405.45
2020,57,FIRE DEPARTMENT,2003-02-02T00:00:00.000,QUEENS,FIRE MARSHAL,ACTIVE,95527.00,per Annum,2080,95010.76,577.25,28609.40,17743.22
2020,57,FIRE DEPARTMENT,2006-01-15T00:00:00.000,QUEENS,FIRE MARSHAL,ACTIVE,95527.00,per Annum,2080,95010.76,668.77,30706.28,16579.15
2020,57,FIRE DEPARTMENT,1996-03-17T00:00:00.000,MANHATTAN,SUPERVISOR OF MECHANICS,ACTIVE,121196.00,per Annum,2080,120540.92,156.75,14434.49,8148.19
2020,57,FIRE DEPARTMENT,2003-09-14T00:00:00.000,BRONX,FIREFIGHTER,ACTIVE,85292.00,per Annum,2080,84831.14,1016.02,43856.23,17440.58
2020,57,FIRE DEPARTMENT,2001-10-28T00:00:00.000,BROOKLYN,FIREFIGHTER,ACTIVE,85292.00,per Annum,2080,84831.14,581.5,31947.59,30413.58
2020,57,FIRE DEPARTMENT,2003-12-10T00:00:00.000,MANHATTAN,FIREFIGHTER,ACTIVE,85292.00,per Annum,2080,84831.14,1043.52,45053.92,17323.27
2020,57,FIRE DEPARTMENT,1998-05-17T00:00:00.000,MANHATTAN,LIEUTENANT,ACTIVE,109360.00,per Annum,2080,108768.97,272.37,17157.98,21541.27
2020,57,FIRE DEPARTMENT,1987-04-20T00:00:00.000,QUEENS,BATTALION CHIEF,ACTIVE,134594.00,per Annum,2080,127090.66,0,0.00,20529.17
2020,57,FIRE DEPARTMENT,1990-10-15T00:00:00.000,BROOKLYN,FIREFIGHTER,ACTIVE,85292.00,per Annum,2080,84831.14,1030.92,44889.87,18798.97
2020,57,FIRE DEPARTMENT,1998-08-16T00:00:00.000,BROOKLYN,LIEUTENANT,ACTIVE,109360.00,per Annum,2080,108768.97,276.57,17463.69,22819.90
2020,57,FIRE DEPARTMENT,2017-06-12T00:00:00.000,QUEENS,FIREFIGHTER,ACTIVE,55192.00,per Annum,2080,50025.35,445.42,12004.28,5573.86
2020,57,FIRE DEPARTMENT,2012-07-16T00:00:00.000,QUEENS,EMERGENCY MEDICAL SPECIALIST-EMT,ACTIVE,50604.00,per Annum,2152,51054.37,278.75,11015.67,5702.61
2020,57,FIRE DEPARTMENT,2017-06-12T00:00:00.000,MANHATTAN,FIREFIGHTER,ACTIVE,55192.00,per Annum,2080,50025.35,470.28,12798.46,5286.14
2020,57,FIRE DEPARTMENT,2017-12-11T00:00:00.000,BROOKLYN,FIREFIGHTER,ACTIVE,50173.00,per Annum,2080,47982.83,614.28,14068.87,6422.85
2020,57,FIRE DEPARTMENT,1998-08-31T00:00:00.000,BROOKLYN,FIREFIGHTER,CEASED,85292.00,per Annum,977.15,39854.73,52,2845.56,25921.05
2020,57,FIRE DEPARTMENT,2016-04-11T00:00:00.000,BROOKLYN,AGENCY ATTORNEY,CEASED,91563.00,per Annum,1365,72409.06,0,0.00,5651.26
2020,57,FIRE DEPARTMENT,2015-06-29T00:00:00.000,RICHMOND,FIREFIGHTER,ACTIVE,60837.00,per Annum,2080,60415.45,368.25,10582.69,6739.70
2020,57,FIRE DEPARTMENT,2019-08-05T00:00:00.000,BROOKLYN,PROGRAM PRODUCER,ACTIVE,73391.00,per Annum,1610,64083.24,248.5,12152.92,1309.01
2020,57,FIRE DEPARTMENT,2015-06-29T00:00:00.000,BROOKLYN,FIREFIGHTER,ACTIVE,60837.00,per Annum,2080,60415.45,357.67,10885.24,6218.73
2020,57,FIRE DEPARTMENT,2015-06-29T00:00:00.000,BROOKLYN,FIREFIGHTER,ACTIVE,60837.00,per Annum,2080,60415.45,445.38,13039.07,3498.24
2020,57,FIRE DEPARTMENT,2015-06-29T00:00:00.000,BROOKLYN,FIREFIGHTER,ACTIVE,60837.00,per Annum,2080,60415.45,415.38,12429.77,3657.95
2020,57,FIRE DEPARTMENT,2018-06-11T00:00:00.000,QUEENS,FIREFIGHTER,ACTIVE,50173.00,per Annum,2080,45929.31,503.63,11947.10,18574.43
2020,57,FIRE DEPARTMENT,2015-12-28T00:00:00.000,BRONX,FIREFIGHTER,ACTIVE,60837.00,per Annum,2080,57608.28,453.25,14487.06,3595.45
2020,57,FIRE DEPARTMENT,2015-12-28T00:00:00.000,BROOKLYN,FIREFIGHTER,ACTIVE,60837.00,per Annum,2080,57608.28,390.87,11456.34,6190.85
2020,57,FIRE DEPARTMENT,2013-06-17T00:00:00.000,BRONX,EMERGENCY MEDICAL SPECIALIST-EMT,ACTIVE,50604.00,per Annum,1987.32,50686.94,506.25,19609.61,4809.67
2020,57,FIRE DEPARTMENT,1999-02-08T00:00:00.000,BROOKLYN,EMERGENCY MEDICAL SPECIALIST-PARAMEDIC,ACTIVE,65866.00,per Annum,1950,65509.91,53.5,2705.41,6479.60
2020,57,FIRE DEPARTMENT,2016-12-12T00:00:00.000,BROOKLYN,FIREFIGHTER,ACTIVE,55192.00,per Annum,2080,52534.81,661.83,17645.99,3572.54
2020,57,FIRE DEPARTMENT,2013-04-08T00:00:00.000,BROOKLYN,EMERGENCY MEDICAL SPECIALIST-PARAMEDIC,ACTIVE,53135.00,per Annum,2150,54351.12,373.5,14396.26,2658.09
2020,57,FIRE DEPARTMENT,2017-12-11T00:00:00.000,BRONX,FIREFIGHTER,ACTIVE,50173.00,per Annum,2080,47982.83,585.32,13932.37,8234.43
2020,57,FIRE DEPARTMENT,2015-12-28T00:00:00.000,QUEENS,FIREFIGHTER,ACTIVE,60837.00,per Annum,2080,57608.28,301.17,8932.78,3524.00
2020,57,FIRE DEPARTMENT,2017-12-11T00:00:00.000,BROOKLYN,FIREFIGHTER,ACTIVE,50173.00,per Annum,2080,47982.83,637.5,15935.98,6058.57
2020,57,FIRE DEPARTMENT,2015-12-28T00:00:00.000,RICHMOND,FIREFIGHTER,ACTIVE,60837.00,per Annum,2080,57608.28,304.05,8653.50,3597.14
2020,57,FIRE DEPARTMENT,1984-03-06T00:00:00.000,BROOKLYN,FIREFIGHTER,CEASED,85292.00,per Annum,828.58,33795.75,0,0.00,36039.55
2020,57,FIRE DEPARTMENT,2016-12-12T00:00:00.000,BROOKLYN,FIREFIGHTER,ACTIVE,55192.00,per Annum,2080,52534.81,391.95,10827.06,5646.64
2020,57,FIRE DEPARTMENT,2017-12-11T00:00:00.000,BRONX,FIREFIGHTER,ACTIVE,50173.00,per Annum,2080,47982.83,509.2,11509.04,9421.74
2020,57,FIRE DEPARTMENT,2017-12-11T00:00:00.000,QUEENS,FIREFIGHTER,ACTIVE,50173.00,per Annum,2080,47982.83,560.98,13727.25,7135.33
2020,57,FIRE DEPARTMENT,2016-12-12T00:00:00.000,BROOKLYN,FIREFIGHTER,ACTIVE,55192.00,per Annum,2080,52534.81,490.33,13013.14,3248.74
2020,57,FIRE DEPARTMENT,2002-03-18T00:00:00.000,BROOKLYN,RESEARCH ASSISTANT,ACTIVE,63140.00,per Annum,1820,59184.33,0,0.00,3930.05
2020,57,FIRE DEPARTMENT,2009-03-09T00:00:00.000,BROOKLYN,PROCUREMENT ANALYST,ACTIVE,32.69,per Hour,1743,56953.52,112.75,3834.59,2517.13
2020,57,FIRE DEPARTMENT,2014-10-06T00:00:00.000,BRONX,EMERGENCY MEDICAL SPECIALIST-EMT,ACTIVE,50604.00,per Annum,2151,50307.92,249,10014.53,3740.48
2020,57,FIRE DEPARTMENT,2018-06-11T00:00:00.000,MANHATTAN,FIREFIGHTER,ACTIVE,50173.00,per Annum,2080,45929.31,468.68,11197.57,7452.20
2020,57,FIRE DEPARTMENT,2018-06-11T00:00:00.000,QUEENS,FIREFIGHTER,ACTIVE,50173.00,per Annum,2080,45929.31,478.78,12139.39,6515.84
2020,57,FIRE DEPARTMENT,2013-01-14T00:00:00.000,MANHATTAN,EMERGENCY MEDICAL SPECIALIST-EMT,ACTIVE,50604.00,per Annum,2180,53830.78,158.58,4186.86,6570.21
2020,57,FIRE DEPARTMENT,2016-10-03T00:00:00.000,QUEENS,ADMINISTRATIVE STAFF ANALYST,ACTIVE,82880.00,per Annum,1400,63405.40,19.75,1008.09,507.63
2020,57,FIRE DEPARTMENT,2017-02-06T00:00:00.000,MANHATTAN,EMERGENCY MEDICAL SPECIALIST-PARAMEDIC,ACTIVE,61005.00,per Annum,2063.28,56615.66,144.25,6195.97,2721.48
2020,57,FIRE DEPARTMENT,1996-05-19T00:00:00.000,BROOKLYN,EMERGENCY MEDICAL SPECIALIST-EMT,CEASED,53163.00,per Annum,1606,41366.66,329,14710.76,9578.32
2020,57,FIRE DEPARTMENT,2007-01-21T00:00:00.000,BROOKLYN,ADMIN COMMUNITY RELATIONS SPECIALIST,ACTIVE,64357.00,per Annum,1820,64009.09,15.25,629.66,1605.35
2020,57,FIRE DEPARTMENT,2002-04-05T00:00:00.000,BROOKLYN,EMERGENCY MEDICAL SPECIALIST-EMT,ACTIVE,53163.00,per Annum,2153,51984.29,85.75,3236.65,11454.91
2020,57,FIRE DEPARTMENT,2011-06-26T00:00:00.000,BROOKLYN,CLERICAL ASSOCIATE,ACTIVE,46062.00,per Annum,1820,45346.70,468.25,16322.09,5097.27
2020,57,FIRE DEPARTMENT,2014-07-14T00:00:00.000,BRONX,FIREFIGHTER,ACTIVE,85292.00,per Annum,2080,83426.52,211.45,10116.64,11208.77
2020,57,FIRE DEPARTMENT,1999-08-08T00:00:00.000,BROOKLYN,FIREFIGHTER,CEASED,85292.00,per Annum,1782.87,72713.18,351,16235.85,15486.23
2020,57,FIRE DEPARTMENT,2014-07-14T00:00:00.000,MANHATTAN,FIREFIGHTER,ON LEAVE,85292.00,per Annum,2080,77840.04,258.93,11455.47,13380.07
2020,57,FIRE DEPARTMENT,2014-12-29T00:00:00.000,QUEENS,FIREFIGHTER,ACTIVE,85292.00,per Annum,2080,72201.24,556.58,22004.40,8139.93
2020,57,FIRE DEPARTMENT,2010-02-01T00:00:00.000,BROOKLYN,SUPERVISING FIRE ALARM DISPATCHER,ACTIVE,74282.00,per Annum,2080,73393.34,361.5,20140.61,7702.93
2020,57,FIRE DEPARTMENT,2014-12-29T00:00:00.000,BROOKLYN,FIREFIGHTER,ACTIVE,85292.00,per Annum,2080,72201.24,455.03,16568.30,10797.97
2020,57,FIRE DEPARTMENT,2014-12-29T00:00:00.000,BROOKLYN,FIREFIGHTER,ACTIVE,85292.00,per Annum,2080,72201.24,420.23,15378.11,11666.40
2020,57,FIRE DEPARTMENT,1996-03-18T00:00:00.000,BRONX,SUPERVISING EMERGENCY MEDICAL SERVICE SPECIALIST,ON LEAVE,71202.00,per Annum,2289,78637.96,192.9,8581.52,9875.30
2020,57,FIRE DEPARTMENT,2000-09-29T00:00:00.000,BROOKLYN,EMERGENCY MEDICAL SPECIALIST-EMT,ACTIVE,53163.00,per Annum,2154.5,54853.26,736.75,33936.61,8112.11
2020,57,FIRE DEPARTMENT,1998-10-16T00:00:00.000,BROOKLYN,ASSOCIATE FIRE PROTECTION INSPECTOR,ACTIVE,67218.00,per Annum,1950,66854.70,310,16287.08,11844.65
2020,57,FIRE DEPARTMENT,2016-06-27T00:00:00.000,QUEENS,FIREFIGHTER,ACTIVE,55192.00,per Annum,2080,54838.72,815.18,22269.24,6440.49
2020,57,FIRE DEPARTMENT,1996-03-17T00:00:00.000,QUEENS,EMERGENCY MEDICAL SPECIALIST-EMT,ACTIVE,53163.00,per Annum,1950,52875.74,708,31793.21,9339.35
2020,57,FIRE DEPARTMENT,1983-02-17T00:00:00.000,BROOKLYN,FIREFIGHTER,CEASED,85292.00,per Annum,1034.32,42185.23,295,13001.10,36150.53
2020,57,FIRE DEPARTMENT,2014-10-06T00:00:00.000,BROOKLYN,EMERGENCY MEDICAL SPECIALIST-PARAMEDIC,ACTIVE,61005.00,per Annum,2143,63152.89,430,21180.35,6033.88
2020,57,FIRE DEPARTMENT,2015-09-21T00:00:00.000,MANHATTAN,EMERGENCY MEDICAL SPECIALIST-EMT,ACTIVE,43901.00,per Annum,2153.5,45257.32,1089.75,38867.73,5230.06
2020,57,FIRE DEPARTMENT,2016-11-21T00:00:00.000,QUEENS,ELECTRICIAN,CEASED,417.97,per Day,770,49223.82,406.5,35694.83,3539.72
2020,57,FIRE DEPARTMENT,2016-08-22T00:00:00.000,BROOKLYN,EMERGENCY MEDICAL SPECIALIST-PARAMEDIC,ACTIVE,61005.00,per Annum,2154.5,62248.01,361.25,17625.33,7011.71
2020,57,FIRE DEPARTMENT,2016-06-27T00:00:00.000,BROOKLYN,FIREFIGHTER,ACTIVE,55192.00,per Annum,2080,54838.72,852.85,25551.68,6472.30
2020,57,FIRE DEPARTMENT,2009-09-28T00:00:00.000,BRONX,EMERGENCY MEDICAL SPECIALIST-EMT,ACTIVE,50604.00,per Annum,1954.5,50436.79,633.25,25834.66,8515.27
2020,57,FIRE DEPARTMENT,2016-08-22T00:00:00.000,BRONX,EMERGENCY MEDICAL SPECIALIST-PARAMEDIC,ACTIVE,61005.00,per Annum,2160,62088.15,400.5,18924.46,3629.31
2020,57,FIRE DEPARTMENT,2015-12-28T00:00:00.000,BROOKLYN,FIREFIGHTER,ACTIVE,60837.00,per Annum,2080,57608.28,584.53,17109.38,6503.28
2020,57,FIRE DEPARTMENT,2016-06-27T00:00:00.000,QUEENS,FIREFIGHTER,ACTIVE,55192.00,per Annum,2080,54838.72,805.05,21381.85,4686.53
2020,57,FIRE DEPARTMENT,2015-12-28T00:00:00.000,QUEENS,FIREFIGHTER,ACTIVE,60837.00,per Annum,2080,57608.28,736.88,19817.67,3263.72
2020,57,FIRE DEPARTMENT,2015-04-20T00:00:00.000,BRONX,EMERGENCY MEDICAL SPECIALIST-EMT,ACTIVE,50604.00,per Annum,2149.5,44491.56,876.5,30486.96,5150.14
2020,57,FIRE DEPARTMENT,2015-06-29T00:00:00.000,RICHMOND,FIREFIGHTER,ACTIVE,60837.00,per Annum,2080,60415.45,509.35,15522.55,3483.02
2020,57,FIRE DEPARTMENT,2016-06-27T00:00:00.000,RICHMOND,FIREFIGHTER,ACTIVE,55192.00,per Annum,2080,54838.72,285.05,7275.96,5051.99
2020,57,FIRE DEPARTMENT,2016-12-12T00:00:00.000,RICHMOND,FIREFIGHTER,ACTIVE,55192.00,per Annum,2080,52534.81,314.27,9102.37,5605.56
2020,57,FIRE DEPARTMENT,1998-01-12T00:00:00.000,QUEENS,ADMINISTRATIVE PROCUREMENT ANALYST-NON-MGRL,ACTIVE,81954.00,per Annum,1820,77501.83,0,0.34,1456.70
2020,57,FIRE DEPARTMENT,2001-10-28T00:00:00.000,BROOKLYN,FIREFIGHTER,ACTIVE,85292.00,per Annum,2080,84831.14,570.33,25859.45,15763.30
2020,57,FIRE DEPARTMENT,2005-05-31T00:00:00.000,QUEENS,FIREFIGHTER,ACTIVE,85292.00,per Annum,2080,84831.14,520.57,23909.32,18043.00
2020,57,FIRE DEPARTMENT,2007-03-25T00:00:00.000,BROOKLYN,FIREFIGHTER,ACTIVE,85292.00,per Annum,2080,84831.14,704.48,28608.74,14278.63
2020,57,FIRE DEPARTMENT,2013-01-14T00:00:00.000,BRONX,FIREFIGHTER,ACTIVE,85292.00,per Annum,2080,84831.14,651.58,29483.92,13693.83
2020,57,FIRE DEPARTMENT,1997-10-19T00:00:00.000,RICHMOND,FIREFIGHTER,ACTIVE,85292.00,per Annum,2080,84831.14,477.85,21839.20,21665.01
2020,57,FIRE DEPARTMENT,2003-09-14T00:00:00.000,QUEENS,FIREFIGHTER,ACTIVE,85292.00,per Annum,2080,84831.14,537.18,23147.98,20411.92
2020,57,FIRE DEPARTMENT,2004-03-07T00:00:00.000,BRONX,FIREFIGHTER,ACTIVE,85292.00,per Annum,2080,84831.14,564.03,25237.60,18862.22
2020,57,FIRE DEPARTMENT,2005-05-31T00:00:00.000,QUEENS,LIEUTENANT,ACTIVE,90457.00,per Annum,2080,87907.43,543.67,24975.74,16166.36
2020,57,FIRE DEPARTMENT,1990-10-15T00:00:00.000,MANHATTAN,MARINE ENGINEER,ACTIVE,91616.00,per Annum,2080,91006.50,422.67,21705.60,16669.28
2020,57,FIRE DEPARTMENT,1995-07-09T00:00:00.000,MANHATTAN,FIREFIGHTER,ACTIVE,85292.00,per Annum,2080,84831.14,98,5413.57,16142.00
2020,57,FIRE DEPARTMENT,2014-12-29T00:00:00.000,RICHMOND,FIREFIGHTER,ACTIVE,85292.00,per Annum,2080,72201.24,640.33,22741.63,11237.38
2020,57,FIRE DEPARTMENT,2004-07-07T00:00:00.000,BROOKLYN,SUPERVISING EMERGENCY MEDICAL SERVICE SPECIALIST,ACTIVE,68000.00,per Annum,2098.5,69977.15,553.25,27995.65,7616.95
2020,57,FIRE DEPARTMENT,2007-10-14T00:00:00.000,QUEENS,AUTO MECHANIC,ACTIVE,347.20,per Day,2080,93555.60,88,5961.92,8911.56
2020,57,FIRE DEPARTMENT,1996-03-17T00:00:00.000,BRONX,SUPERVISING EMERGENCY MEDICAL SERVICE SPECIALIST-DPTY CHIEFS,ACTIVE,105041.00,per Annum,1950,104026.28,0,0.00,5678.92
2020,57,FIRE DEPARTMENT,2002-01-27T00:00:00.000,BRONX,FIREFIGHTER,ACTIVE,85292.00,per Annum,2080,84831.14,184.25,8143.09,17383.65
2020,57,FIRE DEPARTMENT,2006-06-11T00:00:00.000,QUEENS,FIREFIGHTER,ACTIVE,85292.00,per Annum,2080,84831.14,183.23,8897.98,16919.92
2020,57,FIRE DEPARTMENT,2002-05-06T00:00:00.000,QUEENS,FIREFIGHTER,ACTIVE,85292.00,per Annum,2080,84831.14,244.73,10871.78,15384.20
2020,57,FIRE DEPARTMENT,2007-08-06T00:00:00.000,QUEENS,FIREFIGHTER,ACTIVE,85292.00,per Annum,2080,84831.14,178.05,9534.53,17136.34
2020,57,FIRE DEPARTMENT,2007-01-07T00:00:00.000,BROOKLYN,TELECOMMUNICATIONS ASSOCIATE,ACTIVE,94244.00,per Annum,1820,92796.94,161.5,10907.88,8065.24
2020,57,FIRE DEPARTMENT,2018-07-30T00:00:00.000,QUEENS,AUTO MECHANIC,ACTIVE,298.24,per Day,2080,79148.22,342.75,20530.15,12325.56
2020,57,FIRE DEPARTMENT,1990-03-25T00:00:00.000,MANHATTAN,FIREFIGHTER,ACTIVE,85292.00,per Annum,2080,84831.14,243,11658.26,16142.00
2020,57,FIRE DEPARTMENT,2014-07-14T00:00:00.000,RICHMOND,FIREFIGHTER,ACTIVE,85292.00,per Annum,2080,83426.52,331.85,14816.72,14853.42
2020,57,FIRE DEPARTMENT,2005-03-08T00:00:00.000,BROOKLYN,FIREFIGHTER,ACTIVE,85292.00,per Annum,2080,84831.14,249.45,11181.09,17310.36
2020,57,FIRE DEPARTMENT,2013-07-29T00:00:00.000,QUEENS,FIREFIGHTER,ACTIVE,85292.00,per Annum,2080,84831.14,313.32,13920.10,14796.62
2020,57,FIRE DEPARTMENT,2003-02-02T00:00:00.000,MANHATTAN,FIREFIGHTER,ACTIVE,85292.00,per Annum,2080,84831.14,308.48,12314.77,16627.10
2020,57,FIRE DEPARTMENT,2001-10-28T00:00:00.000,RICHMOND,FIREFIGHTER,ACTIVE,85292.00,per Annum,2080,84831.14,244,14020.11,14981.15
2020,57,FIRE DEPARTMENT,2006-04-11T00:00:00.000,BROOKLYN,FIREFIGHTER,ACTIVE,85292.00,per Annum,2080,84831.14,342.47,14899.56,14273.94
2020,57,FIRE DEPARTMENT,2001-07-15T00:00:00.000,QUEENS,FIREFIGHTER,ACTIVE,85292.00,per Annum,2080,84831.14,245.92,11210.47,18494.03
2020,57,FIRE DEPARTMENT,2000-03-01T00:00:00.000,RICHMOND,FIREFIGHTER,ACTIVE,85292.00,per Annum,2080,84831.14,251.77,11583.11,18230.33
2020,57,FIRE DEPARTMENT,2008-01-21T00:00:00.000,BRONX,FIREFIGHTER,ACTIVE,85292.00,per Annum,2080,84831.14,329.67,13645.40,17226.31
2020,57,FIRE DEPARTMENT,2011-05-02T00:00:00.000,MANHATTAN,EMERGENCY MEDICAL SPECIALIST-PARAMEDIC,ACTIVE,65226.00,per Annum,2170.92,69362.79,659.75,34734.51,11780.57
2020,57,FIRE DEPARTMENT,2005-05-31T00:00:00.000,RICHMOND,FIREFIGHTER,ACTIVE,85292.00,per Annum,2080,84831.14,348.28,16749.05,14488.34
2020,57,FIRE DEPARTMENT,2014-07-14T00:00:00.000,BROOKLYN,FIREFIGHTER,ACTIVE,85292.00,per Annum,2080,83426.52,474.2,20650.00,12053.74
2020,57,FIRE DEPARTMENT,1984-06-19T00:00:00.000,BROOKLYN,ADMIN COMMUNITY RELATIONS SPECIALIST,ACTIVE,116892.00,per Annum,1820,116260.28,0,0.00,71.50
2020,57,FIRE DEPARTMENT,2014-12-29T00:00:00.000,BROOKLYN,FIREFIGHTER,ACTIVE,85292.00,per Annum,2080,72201.24,961.52,36423.68,8323.13
2020,57,FIRE DEPARTMENT,2002-05-05T00:00:00.000,BROOKLYN,FIREFIGHTER,ACTIVE,85292.00,per Annum,2080,84831.14,385.9,16907.53,16558.94
2020,57,FIRE DEPARTMENT,2005-03-08T00:00:00.000,QUEENS,LIEUTENANT,ACTIVE,93013.00,per Annum,2080,91415.46,255.93,11589.27,15550.90
2020,57,FIRE DEPARTMENT,2005-05-31T00:00:00.000,QUEENS,FIREFIGHTER,ACTIVE,85292.00,per Annum,2080,84831.14,499.27,19903.21,13881.51
2020,57,FIRE DEPARTMENT,2014-02-10T00:00:00.000,BROOKLYN,COMPUTER SPECIALIST,ACTIVE,94268.00,per Annum,1820,92812.65,290.25,19036.00,7201.20
2020,57,FIRE DEPARTMENT,2006-04-11T00:00:00.000,QUEENS,FIREFIGHTER,ACTIVE,85292.00,per Annum,2080,84831.14,424,20425.95,13862.76
2020,57,FIRE DEPARTMENT,2006-11-19T00:00:00.000,BRONX,FIREFIGHTER,ACTIVE,85292.00,per Annum,2080,84831.14,388,17224.95,17465.25
2020,57,FIRE DEPARTMENT,2004-03-07T00:00:00.000,MANHATTAN,FIREFIGHTER,ACTIVE,85292.00,per Annum,2080,84831.14,452,19929.01,14981.15
2020,57,FIRE DEPARTMENT,2001-10-28T00:00:00.000,BRONX,FIREFIGHTER,ACTIVE,85292.00,per Annum,2080,84831.14,401.9,18190.58,16873.27
2020,57,FIRE DEPARTMENT,1990-08-19T00:00:00.000,QUEENS,FIREFIGHTER,ACTIVE,85292.00,per Annum,2080,84831.14,450,19668.11,16142.00
2020,57,FIRE DEPARTMENT,1994-07-17T00:00:00.000,BROOKLYN,FIREFIGHTER,ACTIVE,85292.00,per Annum,2080,84831.14,475,20423.52,16123.62
2020,57,FIRE DEPARTMENT,2006-06-11T00:00:00.000,RICHMOND,FIREFIGHTER,ACTIVE,85292.00,per Annum,2080,84831.14,489.13,22726.76,13887.12
2020,57,FIRE DEPARTMENT,2004-12-05T00:00:00.000,BROOKLYN,FIREFIGHTER,ACTIVE,85292.00,per Annum,2080,84831.14,427.13,20238.08,16409.02
2020,57,FIRE DEPARTMENT,2008-01-25T00:00:00.000,BROOKLYN,FIREFIGHTER,ACTIVE,85292.00,per Annum,2080,84831.14,424.3,19993.63,16975.88
2020,57,FIRE DEPARTMENT,2007-08-06T00:00:00.000,MANHATTAN,FIREFIGHTER,ACTIVE,85292.00,per Annum,2080,85978.29,495,21420.23,14704.58
2020,57,FIRE DEPARTMENT,2003-12-10T00:00:00.000,MANHATTAN,LIEUTENANT,ACTIVE,93013.00,per Annum,2080,91234.86,303.72,14973.40,16356.08
2020,57,FIRE DEPARTMENT,2013-07-29T00:00:00.000,QUEENS,FIREFIGHTER,ACTIVE,85292.00,per Annum,2080,84831.14,522.88,22026.69,17258.65
2020,57,FIRE DEPARTMENT,2003-05-04T00:00:00.000,BROOKLYN,FIREFIGHTER,ACTIVE,85292.00,per Annum,2080,84831.14,458.68,24163.04,15520.11
2020,57,FIRE DEPARTMENT,2004-03-07T00:00:00.000,BRONX,FIREFIGHTER,ACTIVE,85292.00,per Annum,2080,84831.14,476,21088.53,18769.28
2020,57,FIRE DEPARTMENT,2006-04-11T00:00:00.000,MANHATTAN,FIREFIGHTER,ACTIVE,85292.00,per Annum,2080,84831.14,596.77,25790.94,14287.64
2020,57,FIRE DEPARTMENT,1988-09-19T00:00:00.000,BROOKLYN,CAPTAIN,CEASED,125531.00,per Annum,1520,91240.39,194.5,15617.83,18158.81
2020,57,FIRE DEPARTMENT,2003-05-04T00:00:00.000,MANHATTAN,FIREFIGHTER,ACTIVE,85292.00,per Annum,2080,84831.14,472.48,23013.24,17432.29
2020,57,FIRE DEPARTMENT,2001-11-09T00:00:00.000,RICHMOND,LIEUTENANT,ACTIVE,91060.00,per Annum,2080,90150.93,350.53,17540.70,17653.80
2020,57,FIRE DEPARTMENT,2014-07-14T00:00:00.000,MANHATTAN,FIREFIGHTER,ACTIVE,85292.00,per Annum,2080,83426.52,709.97,31113.16,11121.97
2020,57,FIRE DEPARTMENT,2004-03-07T00:00:00.000,MANHATTAN,FIREFIGHTER,ACTIVE,85292.00,per Annum,2080,84831.14,571.63,25764.68,15264.67
2020,57,FIRE DEPARTMENT,2014-01-27T00:00:00.000,BROOKLYN,FIREFIGHTER,ACTIVE,85292.00,per Annum,2080,84831.14,639.73,30772.80,14434.15
2020,57,FIRE DEPARTMENT,2003-05-04T00:00:00.000,BROOKLYN,LIEUTENANT,ACTIVE,91060.00,per Annum,2080,90000.98,474.08,22921.89,17535.94
2020,57,FIRE DEPARTMENT,2007-08-06T00:00:00.000,QUEENS,FIREFIGHTER,ACTIVE,85292.00,per Annum,2080,84831.14,674.7,28780.39,17145.86
2020,57,FIRE DEPARTMENT,2006-06-11T00:00:00.000,QUEENS,LIEUTENANT,ACTIVE,90457.00,per Annum,2080,85437.93,685.6,29657.95,15803.27
2020,57,FIRE DEPARTMENT,1993-08-30T00:00:00.000,BROOKLYN,FIREFIGHTER,ACTIVE,85292.00,per Annum,2080,84831.14,536.87,25560.09,20865.71
2020,57,FIRE DEPARTMENT,2003-05-04T00:00:00.000,BRONX,FIREFIGHTER,ACTIVE,85292.00,per Annum,2080,84831.14,326.75,16818.31,29917.83
2020,57,FIRE DEPARTMENT,2002-05-05T00:00:00.000,QUEENS,LIEUTENANT,ACTIVE,93013.00,per Annum,2080,91234.86,467.87,24471.87,16219.06
2020,57,FIRE DEPARTMENT,1984-10-17T00:00:00.000,QUEENS,AUTO MECHANIC,ACTIVE,347.20,per Day,2080,93555.60,329.75,22622.57,15813.38
2020,57,FIRE DEPARTMENT,2006-04-11T00:00:00.000,QUEENS,FIREFIGHTER,ACTIVE,85292.00,per Annum,2080,84831.14,753.6,33257.28,14587.98
2020,57,FIRE DEPARTMENT,2000-10-02T00:00:00.000,BROOKLYN,FIREFIGHTER,ACTIVE,85292.00,per Annum,2080,84831.14,541.27,26079.70,22435.24
2020,57,FIRE DEPARTMENT,2010-07-12T00:00:00.000,BROOKLYN,EMERGENCY MEDICAL SPECIALIST-PARAMEDIC,ACTIVE,65226.00,per Annum,2162.5,67767.03,547,29933.94,10305.17
2020,57,FIRE DEPARTMENT,2018-02-05T00:00:00.000,QUEENS,EMERGENCY MEDICAL SPECIALIST-EMT,ACTIVE,37914.00,per Annum,2154,38938.04,389,11250.00,2150.68
2020,57,FIRE DEPARTMENT,2017-06-26T00:00:00.000,BRONX,EMERGENCY MEDICAL SPECIALIST-EMT,ACTIVE,43901.00,per Annum,2065.5,38368.90,387,11341.56,2153.53
2020,57,FIRE DEPARTMENT,2019-02-19T00:00:00.000,BRONX,EMERGENCY MEDICAL SPECIALIST-EMT,ACTIVE,37250.00,per Annum,2146,37459.52,425.75,11850.19,1926.11
2020,57,FIRE DEPARTMENT,2016-04-18T00:00:00.000,BRONX,EMERGENCY MEDICAL SPECIALIST-EMT,ACTIVE,43901.00,per Annum,2148.93,44077.04,115.75,3898.34,2565.71
2020,57,FIRE DEPARTMENT,1985-10-07T00:00:00.000,BROOKLYN,BATTALION CHIEF,CEASED,163454.00,per Annum,0,0.00,0,0.00,49899.81
2020,57,FIRE DEPARTMENT,2016-10-31T00:00:00.000,RICHMOND,EMERGENCY MEDICAL SPECIALIST-EMT,ACTIVE,43901.00,per Annum,2132.5,41929.29,88.25,2848.24,4360.92
2020,57,FIRE DEPARTMENT,2018-04-02T00:00:00.000,MANHATTAN,FIRE PROTECTION INSPECTOR,ACTIVE,53598.00,per Annum,1950,47883.18,0,0.00,408.46
2020,57,FIRE DEPARTMENT,2015-11-16T00:00:00.000,BROOKLYN,FIRE PROTECTION INSPECTOR,ON LEAVE,53598.00,per Annum,1725,47157.81,0,0.00,774.29
2020,57,FIRE DEPARTMENT,2016-10-31T00:00:00.000,BROOKLYN,EMERGENCY MEDICAL SPECIALIST-EMT,ACTIVE,43901.00,per Annum,2157.17,40546.23,165.5,5400.48,1880.06
2020,57,FIRE DEPARTMENT,2019-11-12T00:00:00.000,MANHATTAN,FIREFIGHTER,ACTIVE,43904.00,per Annum,2101.78,40706.20,158.7,4384.07,2670.50
2020,57,FIRE DEPARTMENT,2018-11-26T00:00:00.000,BROOKLYN,FIRE PROTECTION INSPECTOR,ACTIVE,46607.00,per Annum,1950,46355.07,0,0.00,58.01
2020,57,FIRE DEPARTMENT,2017-10-16T00:00:00.000,BROOKLYN,EMERGENCY MEDICAL SPECIALIST-EMT,ACTIVE,37914.00,per Annum,2149,39042.69,152,4395.96,2420.41
2020,57,FIRE DEPARTMENT,1999-04-01T00:00:00.000,BROOKLYN,FIREFIGHTER,CEASED,85292.00,per Annum,365.73,14919.66,278.23,11888.74,17415.81
2020,57,FIRE DEPARTMENT,2019-06-10T00:00:00.000,QUEENS,EMERGENCY MEDICAL SPECIALIST-EMT,ACTIVE,37250.00,per Annum,2155.5,38766.10,198.52,3546.53,1116.94
2020,57,FIRE DEPARTMENT,2018-06-11T00:00:00.000,BROOKLYN,EMERGENCY MEDICAL SPECIALIST-EMT,ACTIVE,37914.00,per Annum,2103,37122.82,140.58,3783.41,2123.75
2020,57,FIRE DEPARTMENT,2018-06-11T00:00:00.000,QUEENS,EMERGENCY MEDICAL SPECIALIST-EMT,ACTIVE,37914.00,per Annum,2170.5,39276.68,92.25,1445.33,1206.84
2020,57,FIRE DEPARTMENT,2017-10-16T00:00:00.000,BROOKLYN,EMERGENCY MEDICAL SPECIALIST-EMT,ACTIVE,37914.00,per Annum,2165.48,37988.41,31.75,802.57,2876.00
2020,57,FIRE DEPARTMENT,2019-06-10T00:00:00.000,BRONX,EMERGENCY MEDICAL SPECIALIST-EMT,ACTIVE,37250.00,per Annum,2094,36296.11,104.25,2548.44,2761.20
2020,57,FIRE DEPARTMENT,2019-02-19T00:00:00.000,QUEENS,EMERGENCY MEDICAL SPECIALIST-EMT,ACTIVE,37250.00,per Annum,2143,37629.47,100.75,2418.23,1522.82
2020,57,FIRE DEPARTMENT,2019-06-10T00:00:00.000,BROOKLYN,EMERGENCY MEDICAL SPECIALIST-EMT,ACTIVE,37250.00,per Annum,2051,36643.49,60,1467.55,2630.16
2020,57,FIRE DEPARTMENT,2016-07-25T00:00:00.000,MANHATTAN,EMERGENCY MEDICAL SPECIALIST-EMT,ACTIVE,37914.00,per Annum,1929.47,29569.69,145.5,3949.78,5162.38
2020,57,FIRE DEPARTMENT,2019-06-10T00:00:00.000,QUEENS,EMERGENCY MEDICAL SPECIALIST-EMT,ACTIVE,37250.00,per Annum,2101.5,36653.21,16,171.62,1725.70
2020,57,FIRE DEPARTMENT,2019-11-12T00:00:00.000,MANHATTAN,FIREFIGHTER,ACTIVE,43904.00,per Annum,1268.57,26630.33,419.6,9235.56,760.17
2020,57,FIRE DEPARTMENT,2018-06-11T00:00:00.000,BRONX,EMERGENCY MEDICAL SPECIALIST-EMT,ON LEAVE,37914.00,per Annum,1844,33107.38,103.5,2954.32,519.18
2020,57,FIRE DEPARTMENT,2008-07-01T00:00:00.000,BRONX,EMERGENCY MEDICAL SPECIALIST-EMT,ACTIVE,50604.00,per Annum,2098,29861.11,0,0.00,3913.56
2020,57,FIRE DEPARTMENT,2016-04-11T00:00:00.000,BROOKLYN,INVESTIGATOR,CEASED,47705.00,per Annum,1120,28724.89,0,81.32,3531.45
2020,57,FIRE DEPARTMENT,2019-11-12T00:00:00.000,MANHATTAN,FIREFIGHTER,ACTIVE,43904.00,per Annum,1268.57,26630.33,195.88,4782.08,746.47
2020,57,FIRE DEPARTMENT,2019-11-12T00:00:00.000,RICHMOND,FIREFIGHTER,ACTIVE,43904.00,per Annum,1268.57,26630.33,110.93,2981.75,723.63
2020,57,FIRE DEPARTMENT,2019-11-12T00:00:00.000,BROOKLYN,FIREFIGHTER,ACTIVE,43904.00,per Annum,1268.57,26630.33,97.85,2543.08,833.25
2020,57,FIRE DEPARTMENT,2019-11-12T00:00:00.000,BROOKLYN,FIREFIGHTER,ACTIVE,43904.00,per Annum,1268.57,26630.33,58.08,1710.38,796.71
2020,57,FIRE DEPARTMENT,2019-09-30T00:00:00.000,BRONX,EMERGENCY MEDICAL SPECIALIST-EMT,ACTIVE,35254.00,per Annum,1386,23922.81,79.5,1789.77,1861.23
2020,57,FIRE DEPARTMENT,2017-10-16T00:00:00.000,BROOKLYN,EMERGENCY MEDICAL SPECIALIST-EMT,ACTIVE,37914.00,per Annum,1883.65,21915.69,138.5,3646.99,291.14
2020,57,FIRE DEPARTMENT,2002-01-27T00:00:00.000,BROOKLYN,FIREFIGHTER,CEASED,85292.00,per Annum,0,0.00,0,0.00,15152.50
2020,57,FIRE DEPARTMENT,2001-07-15T00:00:00.000,BROOKLYN,FIREFIGHTER,CEASED,85292.00,per Annum,0,0.00,0,0.00,14638.36
2020,57,FIRE DEPARTMENT,1998-08-16T00:00:00.000,BROOKLYN,FIREFIGHTER,CEASED,85292.00,per Annum,0,0.00,0,0.00,14471.93
2020,57,FIRE DEPARTMENT,2020-02-18T00:00:00.000,QUEENS,EMERGENCY MEDICAL SPECIALIST-EMT,ACTIVE,35254.00,per Annum,646.5,12632.27,41.25,827.16,641.34
2020,57,FIRE DEPARTMENT,2004-09-12T00:00:00.000,BROOKLYN,LIEUTENANT,CEASED,109360.00,per Annum,0,0.00,0,0.00,13956.66
2020,57,FIRE DEPARTMENT,2000-02-01T00:00:00.000,BROOKLYN,FIREFIGHTER,CEASED,85292.00,per Annum,0,0.00,0,0.00,13945.68
2020,57,FIRE DEPARTMENT,2012-04-23T00:00:00.000,MANHATTAN,EMERGENCY MEDICAL SPECIALIST-EMT,ON LEAVE,50604.00,per Annum,876,12151.56,0,0.00,1084.31
2020,57,FIRE DEPARTMENT,2016-07-25T00:00:00.000,BROOKLYN,EMERGENCY MEDICAL SPECIALIST-PARAMEDIC,ACTIVE,53135.00,per Annum,2099,53110.96,173.5,7058.28,2539.59
2020,57,FIRE DEPARTMENT,2005-01-14T00:00:00.000,BROOKLYN,EMERGENCY MEDICAL SPECIALIST-EMT,ACTIVE,53163.00,per Annum,2166,53419.06,36.25,940.46,6239.86
2020,57,FIRE DEPARTMENT,2018-06-11T00:00:00.000,MANHATTAN,FIREFIGHTER,ACTIVE,50173.00,per Annum,2089.35,46116.45,321.23,8420.29,5289.68
2020,57,FIRE DEPARTMENT,2018-12-07T00:00:00.000,QUEENS,FIREFIGHTER,ACTIVE,46066.00,per Annum,2082.5,44880.52,530.18,11830.78,2857.88
2020,57,FIRE DEPARTMENT,2011-01-24T00:00:00.000,BROOKLYN,FIRE PROTECTION INSPECTOR,ACTIVE,53598.00,per Annum,1950,53308.41,32.25,1189.07,5011.57
2020,57,FIRE DEPARTMENT,2015-11-16T00:00:00.000,BROOKLYN,FIRE PROTECTION INSPECTOR,ACTIVE,53598.00,per Annum,1950,53308.41,70.5,2556.84,2167.75
2020,57,FIRE DEPARTMENT,2013-04-08T00:00:00.000,BRONX,EMERGENCY MEDICAL SPECIALIST-PARAMEDIC,ACTIVE,51854.00,per Annum,1960,51507.43,66.25,2522.43,3297.32
2020,57,FIRE DEPARTMENT,2015-12-28T00:00:00.000,MANHATTAN,FIREFIGHTER,ON LEAVE,60837.00,per Annum,2080,41149.61,401.83,11403.40,4388.85
2020,57,FIRE DEPARTMENT,2015-09-21T00:00:00.000,MANHATTAN,EMERGENCY MEDICAL SPECIALIST-EMT,ACTIVE,43901.00,per Annum,2173,46052.82,220.75,7460.76,3171.62
2020,57,FIRE DEPARTMENT,2018-02-05T00:00:00.000,BROOKLYN,EMERGENCY MEDICAL SPECIALIST-EMT,ACTIVE,37914.00,per Annum,2186,39897.90,479.7,13382.83,2498.40
2020,57,FIRE DEPARTMENT,2019-11-12T00:00:00.000,BROOKLYN,FIREFIGHTER,CEASED,43904.00,per Annum,280.02,5877.92,12.5,394.25,134.54
2020,57,FIRE DEPARTMENT,2019-07-15T00:00:00.000,BROOKLYN,SUMMER GRADUATE INTERN,CEASED,20.33,per Hour,195.25,3969.45,0,0.00,0.00
2020,57,FIRE DEPARTMENT,2010-09-27T00:00:00.000,BRONX,SUPERVISING EMERGENCY MEDICAL SERVICE SPECIALIST,CEASED,68000.00,per Annum,18.45,692.73,0,0.00,19.51
2020,57,FIRE DEPARTMENT,2016-08-22T00:00:00.000,BROOKLYN,EMERGENCY MEDICAL SPECIALIST-PARAMEDIC,CEASED,61005.00,per Annum,6.5,207.84,0,0.00,0.00
2020,57,FIRE DEPARTMENT,2016-10-31T00:00:00.000,QUEENS,EMERGENCY MEDICAL SPECIALIST-EMT,ACTIVE,43901.00,per Annum,2152,46756.39,257.5,6101.39,2102.52
2020,57,FIRE DEPARTMENT,2013-06-17T00:00:00.000,QUEENS,EMERGENCY MEDICAL SPECIALIST-EMT,ACTIVE,50604.00,per Annum,1950,50330.45,32,1180.38,2984.85
2020,57,FIRE DEPARTMENT,2015-09-21T00:00:00.000,MANHATTAN,EMERGENCY MEDICAL SPECIALIST-PARAMEDIC,ACTIVE,48237.00,per Annum,2039.5,45852.71,201.5,6023.81,2469.65
2020,57,FIRE DEPARTMENT,2018-12-07T00:00:00.000,BROOKLYN,FIREFIGHTER,ACTIVE,46066.00,per Annum,2093.5,45100.69,260.87,5494.40,3634.34
2020,57,FIRE DEPARTMENT,2007-10-15T00:00:00.000,QUEENS,MOTOR VEHICLE OPERATOR,ACTIVE,49927.00,per Annum,2080,49160.57,0,0.00,4304.36
2020,57,FIRE DEPARTMENT,2014-04-21T00:00:00.000,BROOKLYN,EMERGENCY MEDICAL SPECIALIST-EMT,ACTIVE,50604.00,per Annum,1974,50251.67,38.25,1343.04,1787.71
2020,57,FIRE DEPARTMENT,2018-02-05T00:00:00.000,BROOKLYN,EMERGENCY MEDICAL SPECIALIST-EMT,ACTIVE,37914.00,per Annum,2161.5,38013.32,509,14341.75,889.51
2020,57,FIRE DEPARTMENT,2018-10-15T00:00:00.000,BRONX,EMERGENCY MEDICAL SPECIALIST-EMT,ACTIVE,37250.00,per Annum,2105.5,38124.73,369,10270.49,4616.73
2020,57,FIRE DEPARTMENT,1996-03-17T00:00:00.000,QUEENS,SUPERVISOR OF STOCK WORKERS,ACTIVE,46840.00,per Annum,1820,46302.88,163.75,5457.82,765.09
2020,57,FIRE DEPARTMENT,2013-04-08T00:00:00.000,BROOKLYN,EMERGENCY MEDICAL SPECIALIST-EMT,ACTIVE,50604.00,per Annum,2171.5,43979.60,91.25,3669.21,4764.11
2020,57,FIRE DEPARTMENT,2003-11-05T00:00:00.000,BROOKLYN,EMERGENCY MEDICAL SPECIALIST-EMT,ACTIVE,53163.00,per Annum,1740,45147.43,46,1853.08,5378.80
2020,806,HOUSING PRESERVATION & DVLPMNT,2019-09-30T00:00:00.000,MANHATTAN,COMMUNITY ASSOCIATE,ACTIVE,38334.00,per Annum,1330,26898.08,0,0.00,0.00
2020,806,HOUSING PRESERVATION & DVLPMNT,2019-10-15T00:00:00.000,MANHATTAN,COMMUNITY ASSOCIATE,ACTIVE,38334.00,per Annum,1260,26207.63,29.75,639.94,0.00
2020,806,HOUSING PRESERVATION & DVLPMNT,2019-10-15T00:00:00.000,MANHATTAN,COMMUNITY ASSOCIATE,ACTIVE,38334.00,per Annum,1260,26081.94,0,0.00,0.00
2020,806,HOUSING PRESERVATION & DVLPMNT,2019-11-18T00:00:00.000,MANHATTAN,PRINCIPAL ADMINISTRATIVE ASSOCIATE -  NON SUPVR,ACTIVE,46037.00,per Annum,1085,26027.81,0,0.00,0.00
2020,806,HOUSING PRESERVATION & DVLPMNT,2019-12-23T00:00:00.000,MANHATTAN,ACCOUNTANT,ACTIVE,50217.00,per Annum,910,24937.46,0,0.00,0.00
2020,806,HOUSING PRESERVATION & DVLPMNT,2019-07-22T00:00:00.000,MANHATTAN,COMMUNITY ASSOCIATE,ACTIVE,38334.00,per Annum,1610,23862.81,0,0.00,0.00
2020,806,HOUSING PRESERVATION & DVLPMNT,2019-11-11T00:00:00.000,MANHATTAN,COMMUNITY ASSOCIATE,ACTIVE,38333.00,per Annum,1120,23414.90,7,167.85,0.00
2020,806,HOUSING PRESERVATION & DVLPMNT,2019-11-11T00:00:00.000,MANHATTAN,COMMUNITY ASSOCIATE,ACTIVE,38333.00,per Annum,1120,23423.98,0,0.00,0.00
2020,806,HOUSING PRESERVATION & DVLPMNT,1989-01-09T00:00:00.000,MANHATTAN,CONSTRUCTION PROJECT MANAGER,CEASED,96726.00,per Annum,392.75,20764.08,0,0.00,2475.20
2020,806,HOUSING PRESERVATION & DVLPMNT,2019-05-13T00:00:00.000,BROOKLYN,CONSTRUCTION PROJECT MANAGER,CEASED,57078.00,per Annum,770,22966.89,0,0.00,16.50
2020,806,HOUSING PRESERVATION & DVLPMNT,2018-12-17T00:00:00.000,MANHATTAN,COMMUNITY COORDINATOR,CEASED,62215.00,per Annum,700,20746.71,0,0.00,788.20
2020,806,HOUSING PRESERVATION & DVLPMNT,2017-06-19T00:00:00.000,MANHATTAN,COMMUNITY COORDINATOR,CEASED,67792.00,per Annum,280,10376.61,0,0.00,10426.88
2020,806,HOUSING PRESERVATION & DVLPMNT,1988-09-19T00:00:00.000,MANHATTAN,CONSTRUCTION PROJECT MANAGER,CEASED,88189.00,per Annum,490,16380.53,0,0.00,1821.14
2020,806,HOUSING PRESERVATION & DVLPMNT,2020-03-09T00:00:00.000,MANHATTAN,INSPECTOR,ACTIVE,53563.00,per Annum,600,15366.45,0,0.00,294.37
2020,806,HOUSING PRESERVATION & DVLPMNT,2020-03-09T00:00:00.000,BRONX,INSPECTOR,ACTIVE,53563.00,per Annum,600,15366.45,0,0.00,294.37
2020,806,HOUSING PRESERVATION & DVLPMNT,2018-05-07T00:00:00.000,MANHATTAN,INSPECTOR,CEASED,53563.00,per Annum,480,14753.71,0,106.14,359.06
2020,806,HOUSING PRESERVATION & DVLPMNT,2020-02-18T00:00:00.000,MANHATTAN,COMMUNITY ASSOCIATE,ACTIVE,44083.00,per Annum,630,15176.07,0,0.00,0.00
2020,806,HOUSING PRESERVATION & DVLPMNT,2020-02-18T00:00:00.000,MANHATTAN,COMMUNITY ASSOCIATE,ACTIVE,38333.00,per Annum,630,13196.61,0,0.00,0.00
2020,806,HOUSING PRESERVATION & DVLPMNT,2018-09-17T00:00:00.000,BROOKLYN,CONSTRUCTION PROJECT MANAGER,CEASED,55416.00,per Annum,385,10813.64,0,0.00,0.00
2020,806,HOUSING PRESERVATION & DVLPMNT,2006-04-03T00:00:00.000,MANHATTAN,COMMUNITY ASSOCIATE,ACTIVE,44083.00,per Annum,462,5901.85,0,0.00,71.94
2020,806,HOUSING PRESERVATION & DVLPMNT,2014-11-17T00:00:00.000,MANHATTAN,COMMUNITY COORDINATOR,CEASED,60403.00,per Annum,210,4103.58,0,0.00,0.00
2020,806,HOUSING PRESERVATION & DVLPMNT,2001-04-16T00:00:00.000,MANHATTAN,INSPECTOR,CEASED,59804.00,per Annum,0,3277.82,0,263.07,108.41
2020,806,HOUSING PRESERVATION & DVLPMNT,2004-03-15T00:00:00.000,BROOKLYN,INSPECTOR,CEASED,59804.00,per Annum,0,3538.58,0,11.54,25.90
2020,806,HOUSING PRESERVATION & DVLPMNT,2008-03-31T00:00:00.000,MANHATTAN,INSPECTOR,CEASED,59804.00,per Annum,0,3374.85,0,0.00,81.62
2020,806,HOUSING PRESERVATION & DVLPMNT,2019-04-15T00:00:00.000,MANHATTAN,COMMUNITY ASSOCIATE,CEASED,37217.00,per Annum,168,3275.92,0,0.00,0.00
2020,806,HOUSING PRESERVATION & DVLPMNT,1988-01-19T00:00:00.000,MANHATTAN,ADM MANAGER-NON-MGRL,CEASED,54513.00,per Annum,0,0.00,0,0.00,2554.75
2020,806,HOUSING PRESERVATION & DVLPMNT,2005-08-08T00:00:00.000,MANHATTAN,ADM MANAGER-NON-MGRL,ON LEAVE,75989.00,per Annum,0,0.00,0,0.00,1048.68
2020,806,HOUSING PRESERVATION & DVLPMNT,1987-10-26T00:00:00.000,MANHATTAN,*ATTORNEY AT LAW,CEASED,111336.00,per Annum,0,775.39,0,0.00,63.53
2020,806,HOUSING PRESERVATION & DVLPMNT,2005-10-03T00:00:00.000,MANHATTAN,ASSOCIATE INSPECTOR,CEASED,66618.00,per Annum,0,540.26,0,2.82,0.00
2020,806,HOUSING PRESERVATION & DVLPMNT,2018-06-04T00:00:00.000,MANHATTAN,COMMUNITY COORDINATOR,CEASED,63191.00,per Annum,0,0.00,0,0.00,337.15
2020,806,HOUSING PRESERVATION & DVLPMNT,1990-09-04T00:00:00.000,MANHATTAN,COMPUTER ASSOCIATE,CEASED,74450.00,per Annum,0,235.00,0,0.00,9.80
2020,806,HOUSING PRESERVATION & DVLPMNT,1993-11-15T00:00:00.000,MANHATTAN,ASSOCIATE REAL PROPERTY MANAGER,CEASED,61405.00,per Annum,6.5,218.68,0,0.00,21.31
2020,806,HOUSING PRESERVATION & DVLPMNT,2004-06-28T00:00:00.000,BRONX,INSPECTOR,CEASED,59804.00,per Annum,0,144.57,0,0.00,3.30
2020,806,HOUSING PRESERVATION & DVLPMNT,2015-03-23T00:00:00.000,MANHATTAN,COMPUTER ASSOCIATE,CEASED,64926.00,per Annum,0,122.08,0,0.00,0.00
2020,806,HOUSING PRESERVATION & DVLPMNT,1995-05-22T00:00:00.000,MANHATTAN,SUPERVISOR OF ELECTRICAL INSTALLATIONS & MAINTENANCE,CEASED,76442.00,per Annum,0,-711.99,0,0.00,711.99
2020,806,HOUSING PRESERVATION & DVLPMNT,2017-12-04T00:00:00.000,MANHATTAN,COMMUNITY COORDINATOR,CEASED,66463.00,per Annum,0,0.00,0,0.00,-63.67
2020,806,HOUSING PRESERVATION & DVLPMNT,1988-08-29T00:00:00.000,MANHATTAN,REAL PROPERTY MANAGER,CEASED,61483.00,per Annum,-105,1429.08,0,0.00,-3047.20
2020,806,HOUSING PRESERVATION & DVLPMNT,2016-08-29T00:00:00.000,MANHATTAN,CITY RESEARCH SCIENTIST,CEASED,93776.00,per Annum,1300.25,64153.45,0,0.00,297.81
2020,806,HOUSING PRESERVATION & DVLPMNT,2000-03-06T00:00:00.000,BRONX,INSPECTOR,ACTIVE,61598.00,per Annum,2080,57108.02,2,195.30,6309.12
2020,806,HOUSING PRESERVATION & DVLPMNT,2018-05-21T00:00:00.000,BROOKLYN,CONSTRUCTION PROJECT MANAGER,ACTIVE,77921.00,per Annum,1820,61992.31,8.25,450.69,688.00
2020,806,HOUSING PRESERVATION & DVLPMNT,1987-05-26T00:00:00.000,MANHATTAN,PRINCIPAL ADMINISTRATIVE ASSOCIATE -  NON SUPVR,ACTIVE,57583.00,per Annum,1820,58710.73,0,0.00,4269.31
2020,806,HOUSING PRESERVATION & DVLPMNT,2019-05-13T00:00:00.000,MANHATTAN,COMMUNITY COORDINATOR,ACTIVE,63654.00,per Annum,1820,62676.59,0,0.00,181.50
2020,806,HOUSING PRESERVATION & DVLPMNT,2015-07-06T00:00:00.000,BRONX,COMMUNITY COORDINATOR,ACTIVE,62364.00,per Annum,1820,61398.48,0,0.00,1324.26
2020,806,HOUSING PRESERVATION & DVLPMNT,1978-09-01T00:00:00.000,MANHATTAN,CLERICAL ASSOCIATE,ACTIVE,60933.00,per Annum,1820,58534.93,0,0.00,4162.66
2020,806,HOUSING PRESERVATION & DVLPMNT,2018-07-30T00:00:00.000,MANHATTAN,COMMUNITY COORDINATOR,ACTIVE,67235.00,per Annum,1820,64597.15,0,0.00,49.50
2020,806,HOUSING PRESERVATION & DVLPMNT,1995-02-06T00:00:00.000,MANHATTAN,REAL PROPERTY MANAGER,ACTIVE,57328.00,per Annum,1820,56439.75,0,0.00,6053.83
2020,806,HOUSING PRESERVATION & DVLPMNT,1997-12-15T00:00:00.000,MANHATTAN,COMMUNITY COORDINATOR,ACTIVE,61824.00,per Annum,1820,60866.76,0,0.00,1328.58
2020,806,HOUSING PRESERVATION & DVLPMNT,1979-12-10T00:00:00.000,MANHATTAN,CLERICAL ASSOCIATE,ACTIVE,59376.00,per Annum,1820,57038.87,0,0.00,5004.23
2020,806,HOUSING PRESERVATION & DVLPMNT,2015-08-24T00:00:00.000,MANHATTAN,COMMUNITY COORDINATOR,ACTIVE,63002.00,per Annum,1820,62034.63,0,0.00,0.00
2020,806,HOUSING PRESERVATION & DVLPMNT,2006-07-10T00:00:00.000,MANHATTAN,COMMUNITY COORDINATOR,ACTIVE,62215.00,per Annum,1820,61259.83,0,0.00,751.37
2020,806,HOUSING PRESERVATION & DVLPMNT,2000-10-10T00:00:00.000,MANHATTAN,CLERICAL ASSOCIATE,ACTIVE,57794.00,per Annum,1820,56898.53,0,0.00,5004.13
2020,806,HOUSING PRESERVATION & DVLPMNT,2002-07-22T00:00:00.000,MANHATTAN,CLERICAL ASSOCIATE,ACTIVE,58757.00,per Annum,1820,57846.87,0,0.00,3940.48
2020,806,HOUSING PRESERVATION & DVLPMNT,2019-08-19T00:00:00.000,MANHATTAN,HOUSING DEVELOPMENT SPECIALIST,ACTIVE,67756.00,per Annum,1540,56646.76,109,4661.89,140.25
2020,806,HOUSING PRESERVATION & DVLPMNT,2014-12-08T00:00:00.000,MANHATTAN,COMMUNITY COORDINATOR,ACTIVE,62215.00,per Annum,1820,61259.83,0,0.00,153.00
2020,806,HOUSING PRESERVATION & DVLPMNT,2016-06-27T00:00:00.000,MANHATTAN,COMMUNITY COORDINATOR,ACTIVE,62215.00,per Annum,1820,61259.83,0,0.00,8.25
2020,806,HOUSING PRESERVATION & DVLPMNT,2017-02-27T00:00:00.000,MANHATTAN,COMMUNITY COORDINATOR,ACTIVE,62215.00,per Annum,1820,61259.83,0,0.00,0.00
2020,806,HOUSING PRESERVATION & DVLPMNT,2017-09-11T00:00:00.000,MANHATTAN,COMMUNITY COORDINATOR,ACTIVE,64680.00,per Annum,1820,60603.41,0,0.00,0.00
2020,806,HOUSING PRESERVATION & DVLPMNT,2015-02-23T00:00:00.000,MANHATTAN,ADMIN COMMUNITY RELATIONS SPECIALIST,ACTIVE,58926.00,per Annum,1820,58607.53,25.5,1072.40,-367.40
2020,806,HOUSING PRESERVATION & DVLPMNT,1982-02-23T00:00:00.000,MANHATTAN,ADMIN COMMUNITY RELATIONS SPECIALIST,ACTIVE,60568.00,per Annum,1820,59289.15,0,0.00,0.00
2020,806,HOUSING PRESERVATION & DVLPMNT,2019-02-11T00:00:00.000,MANHATTAN,INSPECTOR,ACTIVE,53563.00,per Annum,2080,54109.27,84.5,3313.90,1747.06
2020,806,HOUSING PRESERVATION & DVLPMNT,2019-02-11T00:00:00.000,BROOKLYN,INSPECTOR,ACTIVE,53563.00,per Annum,2080,54109.27,19.25,778.51,4057.98
2020,806,HOUSING PRESERVATION & DVLPMNT,2004-04-19T00:00:00.000,MANHATTAN,PRINCIPAL ADMINISTRATIVE ASSOCIATE -  NON SUPVR,ACTIVE,57004.00,per Annum,1820,57065.51,0,0.00,1702.76
2020,806,HOUSING PRESERVATION & DVLPMNT,1989-10-16T00:00:00.000,MANHATTAN,SECRETARY,ACTIVE,54193.00,per Annum,1820,53361.18,0,0.00,5004.22
2020,806,HOUSING PRESERVATION & DVLPMNT,2014-10-27T00:00:00.000,MANHATTAN,COMMUNITY ASSOCIATE,ACTIVE,61015.00,per Annum,1820,57247.62,11.75,480.07,0.00
2020,806,HOUSING PRESERVATION & DVLPMNT,2008-08-04T00:00:00.000,MANHATTAN,PRINCIPAL ADMINISTRATIVE ASSOCIATE -  NON SUPVR,CEASED,60025.00,per Annum,1653.25,55729.78,0,16.62,1543.57
2020,806,HOUSING PRESERVATION & DVLPMNT,1994-04-18T00:00:00.000,BROOKLYN,LEAD ABATEMENT WORKER,ACTIVE,54026.00,per Annum,2080,53188.51,0,0.00,3644.94
2020,806,HOUSING PRESERVATION & DVLPMNT,2019-05-13T00:00:00.000,MANHATTAN,INSPECTOR,ACTIVE,53563.00,per Annum,2080,53575.30,1.5,61.33,3181.13
2020,806,HOUSING PRESERVATION & DVLPMNT,2019-05-13T00:00:00.000,MANHATTAN,INSPECTOR,ACTIVE,53563.00,per Annum,2080,53575.48,0,0.00,2954.75
2020,806,HOUSING PRESERVATION & DVLPMNT,2017-08-14T00:00:00.000,MANHATTAN,ACCOUNTANT,ACTIVE,57750.00,per Annum,1820,56191.05,0,0.00,0.00
2020,806,HOUSING PRESERVATION & DVLPMNT,2019-07-08T00:00:00.000,MANHATTAN,HOUSING DEVELOPMENT SPECIALIST,ACTIVE,57078.00,per Annum,1750,54078.73,47.75,1500.92,0.00
2020,806,HOUSING PRESERVATION & DVLPMNT,2006-07-24T00:00:00.000,MANHATTAN,CLERICAL ASSOCIATE,ACTIVE,53204.00,per Annum,1820,52387.09,0,0.00,2636.91
2020,806,HOUSING PRESERVATION & DVLPMNT,1994-07-25T00:00:00.000,MANHATTAN,COMMUNITY ASSOCIATE,ACTIVE,50042.00,per Annum,1820,49265.53,151.25,4186.83,1324.26
2020,806,HOUSING PRESERVATION & DVLPMNT,2015-02-17T00:00:00.000,MANHATTAN,COMMUNITY ASSOCIATE,ACTIVE,62084.00,per Annum,1820,54288.55,0,0.00,15.05
2020,806,HOUSING PRESERVATION & DVLPMNT,2019-09-02T00:00:00.000,MANHATTAN,HOUSING DEVELOPMENT SPECIALIST,ACTIVE,66950.00,per Annum,1470,53486.50,0,0.00,330.31
2020,806,HOUSING PRESERVATION & DVLPMNT,2005-12-27T00:00:00.000,MANHATTAN,ASSOCIATE STAFF ANALYST,ACTIVE,48.34,per Hour,1092,52787.29,0,0.00,0.00
2020,806,HOUSING PRESERVATION & DVLPMNT,2005-01-18T00:00:00.000,BROOKLYN,CLERICAL ASSOCIATE,ACTIVE,43885.00,per Annum,1820,43211.28,104.5,3573.57,4200.87
2020,806,HOUSING PRESERVATION & DVLPMNT,2018-05-21T00:00:00.000,MANHATTAN,ACCOUNTANT,ACTIVE,57750.00,per Annum,1820,50105.45,0,0.00,103.81
2020,806,HOUSING PRESERVATION & DVLPMNT,2019-09-03T00:00:00.000,MANHATTAN,COMMUNITY COORDINATOR,ACTIVE,62215.00,per Annum,1470,49703.72,0,0.00,76.75
2020,806,HOUSING PRESERVATION & DVLPMNT,2015-09-28T00:00:00.000,MANHATTAN,COMMUNITY COORDINATOR,ACTIVE,62215.00,per Annum,1750,49398.38,0,0.00,115.50
2020,806,HOUSING PRESERVATION & DVLPMNT,2019-09-03T00:00:00.000,MANHATTAN,COMMUNITY COORDINATOR,ACTIVE,61800.00,per Annum,1470,49372.05,0,0.00,136.00
2020,806,HOUSING PRESERVATION & DVLPMNT,2018-07-02T00:00:00.000,MANHATTAN,ACCOUNTANT,ACTIVE,50218.00,per Annum,1820,49446.92,0,0.00,0.00
2020,806,HOUSING PRESERVATION & DVLPMNT,2017-09-25T00:00:00.000,MANHATTAN,COMMUNITY ASSOCIATE,ACTIVE,50218.00,per Annum,1820,49254.83,0,0.00,0.00
2020,806,HOUSING PRESERVATION & DVLPMNT,2010-09-13T00:00:00.000,MANHATTAN,CLERICAL ASSOCIATE,ACTIVE,46225.00,per Annum,1820,45189.28,0,0.00,3675.11
2020,806,HOUSING PRESERVATION & DVLPMNT,2015-09-28T00:00:00.000,BRONX,COMMUNITY ASSOCIATE,ACTIVE,49373.00,per Annum,1820,47435.81,0,0.00,49.50
2020,806,HOUSING PRESERVATION & DVLPMNT,2002-08-26T00:00:00.000,MANHATTAN,COMMUNITY ASSOCIATE,ACTIVE,44107.00,per Annum,1820,43421.76,74.75,2068.90,1324.26
2020,806,HOUSING PRESERVATION & DVLPMNT,2011-01-10T00:00:00.000,MANHATTAN,ADMIN COMMUNITY RELATIONS SPECIALIST,ACTIVE,58926.00,per Annum,1820,47337.53,0,0.00,-751.30
2020,806,HOUSING PRESERVATION & DVLPMNT,2019-09-30T00:00:00.000,MANHATTAN,ADMINISTRATIVE BUSINESS PROMOTION COORDINATOR,ACTIVE,63860.00,per Annum,1330,46274.66,0,0.00,8.25
2020,806,HOUSING PRESERVATION & DVLPMNT,2002-09-23T00:00:00.000,MANHATTAN,CLERICAL ASSOCIATE,ACTIVE,41872.00,per Annum,1820,41221.05,0,0.00,4940.59
2020,806,HOUSING PRESERVATION & DVLPMNT,2013-06-10T00:00:00.000,MANHATTAN,ADMIN HOUSING DEVELOPMENT SPEC,ACTIVE,75242.00,per Annum,1435,44561.35,0,0.00,1439.06
2020,806,HOUSING PRESERVATION & DVLPMNT,2006-06-26T00:00:00.000,MANHATTAN,COMMUNITY ASSOCIATE,ACTIVE,44083.00,per Annum,1890,41719.86,140.25,3483.58,508.12
2020,806,HOUSING PRESERVATION & DVLPMNT,1985-02-11T00:00:00.000,MANHATTAN,PRINCIPAL ADMINISTRATIVE ASSOCIATE -  NON SUPVR,CEASED,69319.00,per Annum,1120,42944.86,0,0.00,2751.78
2020,806,HOUSING PRESERVATION & DVLPMNT,2004-04-19T00:00:00.000,MANHATTAN,COMMUNITY ASSISTANT,ACTIVE,45141.00,per Annum,1820,44070.54,0,0.00,1312.89
2020,806,HOUSING PRESERVATION & DVLPMNT,2019-08-26T00:00:00.000,BRONX,INSPECTOR,ACTIVE,53563.00,per Annum,1714.28,43175.46,13.25,525.50,1532.50
2020,806,HOUSING PRESERVATION & DVLPMNT,2015-04-27T00:00:00.000,MANHATTAN,CLERICAL ASSOCIATE,ACTIVE,46869.00,per Annum,1820,45030.20,0,0.00,0.00
2020,806,HOUSING PRESERVATION & DVLPMNT,2019-09-16T00:00:00.000,BROOKLYN,CONSTRUCTION PROJECT MANAGER,ACTIVE,57078.00,per Annum,1400,43475.49,6.25,214.78,172.00
2020,806,HOUSING PRESERVATION & DVLPMNT,2019-12-23T00:00:00.000,MANHATTAN,PRINCIPAL ADMINISTRATIVE ASSOCIATE -  NON SUPVR,ACTIVE,83500.00,per Annum,910,41521.87,0,0.00,2125.66
2020,806,HOUSING PRESERVATION & DVLPMNT,2016-06-27T00:00:00.000,MANHATTAN,COMMUNITY ASSOCIATE,ACTIVE,44083.00,per Annum,1820,43406.06,1,23.43,8.25
2020,806,HOUSING PRESERVATION & DVLPMNT,2018-09-24T00:00:00.000,MANHATTAN,INSPECTOR,ACTIVE,53563.00,per Annum,2080,41999.28,0,0.00,1203.65
2020,806,HOUSING PRESERVATION & DVLPMNT,2019-06-24T00:00:00.000,BROOKLYN,CLERICAL ASSOCIATE,ACTIVE,41848.00,per Annum,1820,41205.35,63.25,1726.54,197.38
2020,806,HOUSING PRESERVATION & DVLPMNT,2019-01-07T00:00:00.000,MANHATTAN,COMMUNITY ASSOCIATE,ACTIVE,43775.00,per Annum,1820,43102.81,0,0.00,0.00
2020,806,HOUSING PRESERVATION & DVLPMNT,2018-12-17T00:00:00.000,MANHATTAN,COMMUNITY ASSOCIATE,ACTIVE,42267.00,per Annum,1820,41618.04,0,0.00,0.00
2020,806,HOUSING PRESERVATION & DVLPMNT,2020-01-06T00:00:00.000,MANHATTAN,ASSOCIATE HOUSING DEVELOPMENT SPECIALIST,ACTIVE,90000.00,per Annum,840,41311.44,0,0.00,8.25
2020,806,HOUSING PRESERVATION & DVLPMNT,2002-08-26T00:00:00.000,MANHATTAN,COMMUNITY ASSISTANT,ACTIVE,40291.00,per Annum,1820,39664.44,0,0.00,1324.26
2020,806,HOUSING PRESERVATION & DVLPMNT,2019-07-22T00:00:00.000,MANHATTAN,COMMUNITY ASSOCIATE,ACTIVE,44083.00,per Annum,1680,40129.26,20.5,530.81,0.00
2020,806,HOUSING PRESERVATION & DVLPMNT,2007-02-05T00:00:00.000,MANHATTAN,COMMUNITY ASSISTANT,ACTIVE,40267.00,per Annum,1820,39104.84,0,0.00,538.37
2020,806,HOUSING PRESERVATION & DVLPMNT,2019-07-29T00:00:00.000,MANHATTAN,COMMUNITY COORDINATOR,ACTIVE,54100.00,per Annum,1645,38998.92,0,0.00,503.70
2020,806,HOUSING PRESERVATION & DVLPMNT,2019-07-22T00:00:00.000,MANHATTAN,NEW YORK CITY PUBLIC SERVICE FELLOW,ACTIVE,42127.00,per Annum,1680,38355.56,32,991.50,0.00
2020,806,HOUSING PRESERVATION & DVLPMNT,1999-11-29T00:00:00.000,MANHATTAN,ASSISTANT ARCHITECT,CEASED,65640.00,per Annum,1006.5,35452.45,0,0.00,3469.14
2020,806,HOUSING PRESERVATION & DVLPMNT,2019-05-13T00:00:00.000,MANHATTAN,COMMUNITY ASSOCIATE,ACTIVE,38334.00,per Annum,1820,37745.29,6.5,152.12,8.25
2020,806,HOUSING PRESERVATION & DVLPMNT,2019-10-24T00:00:00.000,MANHATTAN,COMMUNITY COORDINATOR,ACTIVE,60000.00,per Annum,1204,37844.22,0,0.00,0.00
2020,806,HOUSING PRESERVATION & DVLPMNT,2019-06-10T00:00:00.000,MANHATTAN,COMMUNITY ASSOCIATE,ACTIVE,38334.00,per Annum,1820,37704.50,0,0.00,0.00
2020,806,HOUSING PRESERVATION & DVLPMNT,1986-04-04T00:00:00.000,MANHATTAN,REAL PROPERTY MANAGER,CEASED,57585.00,per Annum,1050,30260.25,0,0.00,6239.87
2020,806,HOUSING PRESERVATION & DVLPMNT,2019-07-22T00:00:00.000,MANHATTAN,COMMUNITY ASSOCIATE,ACTIVE,38334.00,per Annum,1680,34844.14,0,0.00,0.00
2020,806,HOUSING PRESERVATION & DVLPMNT,2019-07-22T00:00:00.000,MANHATTAN,COMMUNITY ASSOCIATE,ACTIVE,38334.00,per Annum,1680,34685.58,0,0.00,0.00
2020,806,HOUSING PRESERVATION & DVLPMNT,2019-08-05T00:00:00.000,MANHATTAN,COMMUNITY ASSOCIATE,ACTIVE,38334.00,per Annum,1610,31886.48,34.5,994.02,33.00
2020,806,HOUSING PRESERVATION & DVLPMNT,2020-01-06T00:00:00.000,MANHATTAN,PROJECT MANAGER,ACTIVE,70000.00,per Annum,840,32131.20,0,0.00,8.25
2020,806,HOUSING PRESERVATION & DVLPMNT,2019-09-30T00:00:00.000,MANHATTAN,COMMUNITY ASSOCIATE,ACTIVE,44083.00,per Annum,1330,31943.66,0,0.00,0.00
2020,806,HOUSING PRESERVATION & DVLPMNT,2018-06-11T00:00:00.000,MANHATTAN,COMMUNITY COORDINATOR,CEASED,68457.00,per Annum,852,31194.57,0,0.00,108.25
2020,806,HOUSING PRESERVATION & DVLPMNT,2016-05-23T00:00:00.000,MANHATTAN,ADMIN COMMUNITY RELATIONS SPECIALIST,ACTIVE,65234.00,per Annum,1820,64881.45,0,0.00,0.00
2020,806,HOUSING PRESERVATION & DVLPMNT,2016-03-14T00:00:00.000,MANHATTAN,COMMUNITY ASSOCIATE,ACTIVE,51456.00,per Annum,1820,50665.80,411.25,14520.63,8.25
2020,806,HOUSING PRESERVATION & DVLPMNT,1988-10-03T00:00:00.000,MANHATTAN,CLERICAL ASSOCIATE,ACTIVE,61074.00,per Annum,1820,60128.27,0,0.00,5152.72
2020,806,HOUSING PRESERVATION & DVLPMNT,2019-02-11T00:00:00.000,MANHATTAN,INSPECTOR,ACTIVE,61598.00,per Annum,2080,62214.39,41,1844.54,1349.41
2020,806,HOUSING PRESERVATION & DVLPMNT,2016-07-18T00:00:00.000,MANHATTAN,COMMUNITY COORDINATOR,ACTIVE,66388.00,per Annum,1820,65368.51,0,0.00,66.00
2020,806,HOUSING PRESERVATION & DVLPMNT,2007-04-30T00:00:00.000,MANHATTAN,ASSOCIATE REAL PROPERTY MANAGER,ACTIVE,63247.00,per Annum,1820,62275.93,0,0.00,3484.22
2020,806,HOUSING PRESERVATION & DVLPMNT,2006-11-20T00:00:00.000,MANHATTAN,COMMUNITY ASSOCIATE,ACTIVE,66275.00,per Annum,1820,65257.53,0,0.00,528.62
2020,806,HOUSING PRESERVATION & DVLPMNT,2017-07-03T00:00:00.000,MANHATTAN,COMMUNITY COORDINATOR,ACTIVE,66950.00,per Annum,1820,65922.09,0,0.00,24.75
2020,806,HOUSING PRESERVATION & DVLPMNT,2019-06-03T00:00:00.000,MANHATTAN,HOUSING DEVELOPMENT SPECIALIST,ACTIVE,66950.00,per Annum,1820,65922.09,0,0.00,239.25
2020,806,HOUSING PRESERVATION & DVLPMNT,2018-11-05T00:00:00.000,MANHATTAN,HOUSING DEVELOPMENT SPECIALIST,ACTIVE,66950.00,per Annum,1820,65922.09,0,0.00,270.87
2020,806,HOUSING PRESERVATION & DVLPMNT,2017-07-17T00:00:00.000,MANHATTAN,INSPECTOR,ACTIVE,61598.00,per Annum,2080,62027.99,0,50.60,4299.98
2020,806,HOUSING PRESERVATION & DVLPMNT,1982-03-01T00:00:00.000,MANHATTAN,ACCOUNTANT,ACTIVE,58369.00,per Annum,1820,57472.79,0,0.00,9074.55
2020,806,HOUSING PRESERVATION & DVLPMNT,2004-06-28T00:00:00.000,MANHATTAN,PRINCIPAL ADMINISTRATIVE ASSOCIATE -  NON SUPVR,ACTIVE,57099.00,per Annum,1820,58103.98,123,4791.54,4218.46
2020,806,HOUSING PRESERVATION & DVLPMNT,2008-06-02T00:00:00.000,MANHATTAN,COMMUNITY COORDINATOR,ACTIVE,68048.00,per Annum,1820,67003.18,0,0.00,553.37
2020,806,HOUSING PRESERVATION & DVLPMNT,2016-10-11T00:00:00.000,MANHATTAN,ADMINISTRATIVE STAFF ANALYST,ACTIVE,67891.00,per Annum,1820,67523.99,0,0.00,863.49
2020,806,HOUSING PRESERVATION & DVLPMNT,1986-06-23T00:00:00.000,MANHATTAN,ASSOCIATE REAL PROPERTY MANAGER,ACTIVE,63354.00,per Annum,1820,62373.25,0,0.00,6053.83
2020,806,HOUSING PRESERVATION & DVLPMNT,2013-12-23T00:00:00.000,MANHATTAN,ADMINISTRATIVE STAFF ANALYST,ACTIVE,69040.00,per Annum,1820,68666.76,0,0.00,8.25
2020,806,HOUSING PRESERVATION & DVLPMNT,2014-09-15T00:00:00.000,BROOKLYN,INSPECTOR,ACTIVE,61598.00,per Annum,2080,62794.68,0,0.00,5938.38
2020,806,HOUSING PRESERVATION & DVLPMNT,2017-07-17T00:00:00.000,MANHATTAN,COMMUNITY COORDINATOR,ACTIVE,69826.00,per Annum,1820,68753.84,0,0.00,74.25
2020,806,HOUSING PRESERVATION & DVLPMNT,2015-12-07T00:00:00.000,BROOKLYN,INSPECTOR,ACTIVE,61598.00,per Annum,2080,65107.83,21.5,1026.10,2797.71
2020,806,HOUSING PRESERVATION & DVLPMNT,1987-09-21T00:00:00.000,MANHATTAN,PRINCIPAL ADMINISTRATIVE ASSOCIATE -  NON SUPVR,CEASED,75227.00,per Annum,1547.5,65371.98,0,0.00,3586.08
2020,806,HOUSING PRESERVATION & DVLPMNT,2004-04-19T00:00:00.000,MANHATTAN,HOUSING DEVELOPMENT SPECIALIST,ACTIVE,65640.00,per Annum,1820,64632.11,23.5,1316.19,3296.93
2020,806,HOUSING PRESERVATION & DVLPMNT,2004-10-18T00:00:00.000,MANHATTAN,PRINCIPAL ADMINISTRATIVE ASSOCIATE -  NON SUPVR,ACTIVE,66749.00,per Annum,1820,68029.89,0,0.00,1470.12
2020,806,HOUSING PRESERVATION & DVLPMNT,2015-05-11T00:00:00.000,BROOKLYN,INSPECTOR,ACTIVE,61598.00,per Annum,2080,65015.24,12.5,699.46,4733.86
2020,806,HOUSING PRESERVATION & DVLPMNT,2015-01-14T00:00:00.000,MANHATTAN,ASSOCIATE STAFF ANALYST,ACTIVE,75591.00,per Annum,1750,70517.23,0,0.00,49.50
2020,806,HOUSING PRESERVATION & DVLPMNT,1997-10-06T00:00:00.000,MANHATTAN,CLERICAL ASSOCIATE,ACTIVE,58847.00,per Annum,1820,57935.68,194.75,7975.73,5028.97
2020,806,HOUSING PRESERVATION & DVLPMNT,2007-03-19T00:00:00.000,MANHATTAN,INSPECTOR,ACTIVE,61598.00,per Annum,2080,65236.06,0,0.00,5754.43
2020,806,HOUSING PRESERVATION & DVLPMNT,2018-09-10T00:00:00.000,MANHATTAN,HOUSING DEVELOPMENT SPECIALIST,ACTIVE,75000.00,per Annum,1820,70569.21,0,0.00,763.05
2020,806,HOUSING PRESERVATION & DVLPMNT,2005-06-06T00:00:00.000,MANHATTAN,PRINCIPAL ADMINISTRATIVE ASSOCIATE -  NON SUPVR,ACTIVE,68757.00,per Annum,1820,68272.62,0,0.00,3321.65
2020,806,HOUSING PRESERVATION & DVLPMNT,2018-09-10T00:00:00.000,MANHATTAN,COMMUNITY COORDINATOR,ACTIVE,75000.00,per Annum,1820,71290.25,0,0.00,357.25
2020,806,HOUSING PRESERVATION & DVLPMNT,2014-09-15T00:00:00.000,QUEENS,INSPECTOR,ACTIVE,61598.00,per Annum,2080,65236.06,39.5,1925.18,4507.70
2020,806,HOUSING PRESERVATION & DVLPMNT,1989-01-30T00:00:00.000,MANHATTAN,ASSOCIATE REAL PROPERTY MANAGER,ACTIVE,68420.00,per Annum,1820,66232.37,0,0.00,6144.58
2020,806,HOUSING PRESERVATION & DVLPMNT,2007-01-16T00:00:00.000,MANHATTAN,ASSISTANT ARCHITECT,ACTIVE,70891.00,per Annum,1820,68632.17,0,0.00,3809.55
2020,806,HOUSING PRESERVATION & DVLPMNT,2019-08-26T00:00:00.000,MANHATTAN,COMPUTER ASSOCIATE,ACTIVE,88560.00,per Annum,1505,72007.62,11,533.20,8.25
2020,806,HOUSING PRESERVATION & DVLPMNT,2004-08-16T00:00:00.000,MANHATTAN,PRINCIPAL ADMINISTRATIVE ASSOCIATE -  NON SUPVR,ACTIVE,68401.00,per Annum,1820,68539.86,0,0.00,4127.50
2020,806,HOUSING PRESERVATION & DVLPMNT,2019-04-22T00:00:00.000,MANHATTAN,CONSTRUCTION PROJECT MANAGER,ACTIVE,72100.00,per Annum,1820,70992.96,33.75,1600.49,126.55
2020,806,HOUSING PRESERVATION & DVLPMNT,2017-04-24T00:00:00.000,MANHATTAN,COMMUNITY COORDINATOR,ACTIVE,77121.00,per Annum,1820,73152.25,0,0.00,0.00
2020,806,HOUSING PRESERVATION & DVLPMNT,2016-12-19T00:00:00.000,MANHATTAN,COMMUNITY COORDINATOR,ACTIVE,72100.00,per Annum,1820,72234.37,0,0.00,1000.00
2020,806,HOUSING PRESERVATION & DVLPMNT,2005-10-10T00:00:00.000,MANHATTAN,ACCOUNTANT,ACTIVE,65094.00,per Annum,1820,64094.46,0,0.00,9402.40
2020,806,HOUSING PRESERVATION & DVLPMNT,1963-04-01T00:00:00.000,MANHATTAN,PRINCIPAL ADMINISTRATIVE ASSOCIATE -  NON SUPVR,ACTIVE,69180.00,per Annum,1820,69278.11,0,0.00,4219.81
2020,806,HOUSING PRESERVATION & DVLPMNT,2005-04-25T00:00:00.000,BROOKLYN,INSPECTOR,ACTIVE,61598.00,per Annum,2080,65236.06,2,106.66,8411.54
2020,806,HOUSING PRESERVATION & DVLPMNT,1994-07-25T00:00:00.000,BROOKLYN,CONSTRUCTION PROJECT MANAGER,ACTIVE,69501.32,per Annum,1820,68434.31,0,0.00,5451.97
2020,806,HOUSING PRESERVATION & DVLPMNT,2014-08-25T00:00:00.000,MANHATTAN,ADM MANAGER-NON-MGRL,ACTIVE,70138.00,per Annum,1820,73086.42,0,0.00,1203.84
2020,806,HOUSING PRESERVATION & DVLPMNT,1988-06-06T00:00:00.000,MANHATTAN,REAL PROPERTY MANAGER,ACTIVE,69392.00,per Annum,1820,68318.76,0,0.00,6060.03
2020,806,HOUSING PRESERVATION & DVLPMNT,1997-07-07T00:00:00.000,MANHATTAN,INSPECTOR,ACTIVE,61598.00,per Annum,2080,65236.06,0,0.00,9361.53
2020,806,HOUSING PRESERVATION & DVLPMNT,2004-06-28T00:00:00.000,BROOKLYN,INSPECTOR,ACTIVE,61598.00,per Annum,2080,65236.06,3.25,169.82,9510.60
2020,806,HOUSING PRESERVATION & DVLPMNT,1986-08-04T00:00:00.000,RICHMOND,ADM MANAGER-NON-MGRL,ACTIVE,70138.00,per Annum,1820,73340.16,0,0.00,2161.81
2020,806,HOUSING PRESERVATION & DVLPMNT,2008-06-30T00:00:00.000,MANHATTAN,COMMUNITY ASSOCIATE,ACTIVE,61015.00,per Annum,1820,60078.25,346,14843.72,635.93
2020,806,HOUSING PRESERVATION & DVLPMNT,2003-06-23T00:00:00.000,MANHATTAN,ASSOCIATE INSPECTOR,ACTIVE,70161.00,per Annum,2080,67365.07,3.5,184.43,8335.90
2020,806,HOUSING PRESERVATION & DVLPMNT,1988-12-27T00:00:00.000,MANHATTAN,ADMINISTRATIVE PROCUREMENT ANALYST-NON-MGRL,ACTIVE,78670.00,per Annum,1820,75889.14,0,0.00,298.50
2020,806,HOUSING PRESERVATION & DVLPMNT,1997-08-25T00:00:00.000,BROOKLYN,INSPECTOR,ACTIVE,61598.00,per Annum,2080,65236.06,9.97,592.37,10879.89
2020,806,HOUSING PRESERVATION & DVLPMNT,2004-06-28T00:00:00.000,BROOKLYN,ADM MANAGER-NON-MGRL,ACTIVE,75182.00,per Annum,1820,75252.74,0,0.00,1592.38
2020,806,HOUSING PRESERVATION & DVLPMNT,1985-06-26T00:00:00.000,MANHATTAN,ADM MANAGER-NON-MGRL,ACTIVE,73192.00,per Annum,1820,75431.36,0,0.00,1597.51
2020,806,HOUSING PRESERVATION & DVLPMNT,2005-07-11T00:00:00.000,MANHATTAN,ASSOCIATE STAFF ANALYST,ACTIVE,75646.00,per Annum,1820,75237.09,0,0.00,1838.05
2020,806,HOUSING PRESERVATION & DVLPMNT,2019-04-08T00:00:00.000,MANHATTAN,CUSTOMER INFORMATION REPRESENTATIVE MA L 1549,ACTIVE,77250.00,per Annum,1820,76063.94,9,393.68,1041.46
2020,806,HOUSING PRESERVATION & DVLPMNT,2017-12-04T00:00:00.000,MANHATTAN,CITY RESEARCH SCIENTIST,ON SEPARATION LEAVE,99582.00,per Annum,1820,77312.85,0,0.00,322.79
2020,806,HOUSING PRESERVATION & DVLPMNT,2000-07-24T00:00:00.000,MANHATTAN,INSPECTOR,ACTIVE,61598.00,per Annum,2080,65101.36,0,67.15,12589.34
2020,806,HOUSING PRESERVATION & DVLPMNT,2007-08-06T00:00:00.000,MANHATTAN,ADM MANAGER-NON-MGRL,ACTIVE,75063.00,per Annum,1820,76471.07,0,0.00,1340.67
2020,806,HOUSING PRESERVATION & DVLPMNT,2016-02-08T00:00:00.000,MANHATTAN,CITY PLANNER,ACTIVE,77479.00,per Annum,1820,77071.26,2,83.16,921.57
2020,806,HOUSING PRESERVATION & DVLPMNT,2019-02-11T00:00:00.000,MANHATTAN,CITY PLANNER,ACTIVE,77250.00,per Annum,1820,77652.39,0,0.00,703.60
2020,806,HOUSING PRESERVATION & DVLPMNT,2006-11-27T00:00:00.000,MANHATTAN,INSPECTOR,ACTIVE,61598.00,per Annum,2080,63738.90,92.75,3647.93,11908.91
2020,806,HOUSING PRESERVATION & DVLPMNT,2011-02-28T00:00:00.000,MANHATTAN,CONSTRUCTION PROJECT MANAGER,ACTIVE,77921.00,per Annum,1845,75844.70,15,844.59,2710.80
2020,806,HOUSING PRESERVATION & DVLPMNT,1989-09-25T00:00:00.000,MANHATTAN,ASSOCIATE REAL PROPERTY MANAGER,ACTIVE,74629.00,per Annum,1820,73475.15,0,0.00,6053.83
2020,806,HOUSING PRESERVATION & DVLPMNT,2016-08-29T00:00:00.000,MANHATTAN,SUPERVISING DEMOLITION INSPECTOR,ACTIVE,81511.00,per Annum,1820,80259.59,1,44.61,114.25
2020,806,HOUSING PRESERVATION & DVLPMNT,2016-05-16T00:00:00.000,MANHATTAN,COMMUNITY COORDINATOR,ACTIVE,83350.00,per Annum,1820,75959.21,109.25,6261.50,433.95
2020,806,HOUSING PRESERVATION & DVLPMNT,2004-06-01T00:00:00.000,MANHATTAN,CONSTRUCTION PROJECT MANAGER,CEASED,80588.00,per Annum,385,16958.57,37.75,2481.54,63370.51
2020,806,HOUSING PRESERVATION & DVLPMNT,1988-05-31T00:00:00.000,MANHATTAN,INSPECTOR,ACTIVE,61598.00,per Annum,2080,65236.06,42.75,1536.01,16989.87
2020,806,HOUSING PRESERVATION & DVLPMNT,1985-06-28T00:00:00.000,MANHATTAN,ASSOCIATE INSPECTOR,ACTIVE,70161.00,per Annum,2080,74239.75,5.5,325.42,10090.77
2020,806,HOUSING PRESERVATION & DVLPMNT,2014-09-15T00:00:00.000,MANHATTAN,INSPECTOR,CEASED,58488.00,per Annum,0,188.57,0,0.00,0.00
2020,806,HOUSING PRESERVATION & DVLPMNT,2007-08-13T00:00:00.000,MANHATTAN,ADMIN HOUSING DEVELOPMENT SPEC,ACTIVE,87543.00,per Annum,1820,86198.84,0,0.00,206.25
2020,806,HOUSING PRESERVATION & DVLPMNT,2006-03-20T00:00:00.000,MANHATTAN,ADMIN HOUSING DEVELOPMENT SPEC,ACTIVE,88687.00,per Annum,1820,87325.40,0,0.00,24.75
2020,806,HOUSING PRESERVATION & DVLPMNT,1986-08-25T00:00:00.000,BROOKLYN,CONSTRUCTION PROJECT MANAGER,ACTIVE,78879.00,per Annum,1820,77668.09,0,0.00,9761.33
2020,806,HOUSING PRESERVATION & DVLPMNT,2006-03-06T00:00:00.000,MANHATTAN,ASSOCIATE STAFF ANALYST,ACTIVE,83250.00,per Annum,1820,82800.16,0,0.00,5445.70
2020,806,HOUSING PRESERVATION & DVLPMNT,2012-10-29T00:00:00.000,MANHATTAN,PRINCIPAL ADMINISTRATIVE ASSOCIATE -  NON SUPVR,ACTIVE,71921.00,per Annum,1820,71131.56,342.5,16822.74,1226.63
2020,806,HOUSING PRESERVATION & DVLPMNT,2017-09-11T00:00:00.000,MANHATTAN,COMPUTER SYSTEMS MANAGER,ACTIVE,91311.00,per Annum,1820,89923.40,0,0.00,0.00
2020,806,HOUSING PRESERVATION & DVLPMNT,2004-06-01T00:00:00.000,MANHATTAN,CONSTRUCTION PROJECT MANAGER,ACTIVE,76877.00,per Annum,1820,74427.39,204.5,10896.67,4767.86
2020,806,HOUSING PRESERVATION & DVLPMNT,1989-03-27T00:00:00.000,BROOKLYN,CONSTRUCTION PROJECT MANAGER,ACTIVE,77921.00,per Annum,1820,76724.35,128.5,7409.23,8123.59
2020,806,HOUSING PRESERVATION & DVLPMNT,2019-01-14T00:00:00.000,MANHATTAN,SUPERVISOR OF MECHANICAL INSTALLATIONS & MAINTENANCE,ACTIVE,82400.00,per Annum,1820,81134.81,217.25,11537.80,33.85
2020,806,HOUSING PRESERVATION & DVLPMNT,2016-02-16T00:00:00.000,MANHATTAN,COMPUTER SPECIALIST,ACTIVE,93976.00,per Annum,1820,92561.95,0,0.00,538.93
2020,806,HOUSING PRESERVATION & DVLPMNT,2003-11-03T00:00:00.000,MANHATTAN,MANAGEMENT AUDITOR,ACTIVE,84996.00,per Annum,1820,83690.79,0,0.00,9550.92
2020,806,HOUSING PRESERVATION & DVLPMNT,1985-10-28T00:00:00.000,MANHATTAN,ADMIN HOUSING DEVELOPMENT SPEC,ACTIVE,94488.00,per Annum,1820,93037.38,0,0.00,266.50
2020,806,HOUSING PRESERVATION & DVLPMNT,1996-11-18T00:00:00.000,MANHATTAN,MANAGEMENT AUDITOR,ACTIVE,88403.00,per Annum,1820,87045.71,0,0.00,6265.38
2020,806,HOUSING PRESERVATION & DVLPMNT,1988-02-16T00:00:00.000,BROOKLYN,CONSTRUCTION PROJECT MANAGER,ACTIVE,85064.00,per Annum,1820,83757.75,0,0.00,9761.33
2020,806,HOUSING PRESERVATION & DVLPMNT,2018-07-09T00:00:00.000,MANHATTAN,AGENCY ATTORNEY,ACTIVE,88049.00,per Annum,1820,88302.28,0,0.00,5530.09
2020,806,HOUSING PRESERVATION & DVLPMNT,2015-08-17T00:00:00.000,MANHATTAN,COMPUTER SYSTEMS MANAGER,ACTIVE,96402.00,per Annum,1820,94937.19,0,0.00,0.00
2020,806,HOUSING PRESERVATION & DVLPMNT,1986-03-24T00:00:00.000,MANHATTAN,ASSOCIATE STAFF ANALYST,ACTIVE,90000.00,per Annum,1820,89513.51,0,0.00,5453.95
2020,806,HOUSING PRESERVATION & DVLPMNT,2016-10-11T00:00:00.000,MANHATTAN,AGENCY ATTORNEY,ACTIVE,88708.00,per Annum,1820,91796.60,0,0.00,3186.97
2020,806,HOUSING PRESERVATION & DVLPMNT,2002-08-27T00:00:00.000,MANHATTAN,ADMIN HOUSING DEVELOPMENT SPEC,ACTIVE,96517.00,per Annum,1820,95035.18,0,0.00,181.50
2020,806,HOUSING PRESERVATION & DVLPMNT,2015-04-13T00:00:00.000,MANHATTAN,CONSTRUCTION PROJECT MANAGER,ACTIVE,77921.00,per Annum,1820,76724.35,257.25,14703.32,3905.01
2020,806,HOUSING PRESERVATION & DVLPMNT,2019-06-03T00:00:00.000,MANHATTAN,ADMINISTRATIVE PROJECT DIRECTOR,ACTIVE,97850.00,per Annum,1820,96363.27,0,0.00,0.00
2020,806,HOUSING PRESERVATION & DVLPMNT,1992-08-31T00:00:00.000,MANHATTAN,HOUSING DEVELOPMENT SPECIALIST,ACTIVE,91995.00,per Annum,1820,89063.80,0,0.00,7565.95
2020,806,HOUSING PRESERVATION & DVLPMNT,2013-04-08T00:00:00.000,MANHATTAN,ADMINISTRATIVE CITY PLANNER,ACTIVE,98755.00,per Annum,1820,97238.78,0,0.00,173.25
2020,806,HOUSING PRESERVATION & DVLPMNT,2015-11-09T00:00:00.000,MANHATTAN,COMPUTER SYSTEMS MANAGER,ACTIVE,107500.00,per Annum,1820,97326.59,0,0.00,758.25
2020,806,HOUSING PRESERVATION & DVLPMNT,1996-10-07T00:00:00.000,BROOKLYN,ASSOCIATE INSPECTOR,ACTIVE,78087.00,per Annum,2080,77036.05,196.5,11442.43,9900.58
2020,806,HOUSING PRESERVATION & DVLPMNT,2002-04-08T00:00:00.000,MANHATTAN,CIVIL ENGINEER,ACTIVE,89508.00,per Annum,1820,88133.65,0,0.00,10407.36
2020,806,HOUSING PRESERVATION & DVLPMNT,2016-08-29T00:00:00.000,MANHATTAN,CITY RESEARCH SCIENTIST,ACTIVE,99346.00,per Annum,1820,97820.51,0,0.00,1505.34
2020,806,HOUSING PRESERVATION & DVLPMNT,2016-03-21T00:00:00.000,MANHATTAN,CONSTRUCTION PROJECT MANAGER,ACTIVE,92700.00,per Annum,1820,89259.19,127,8208.30,2573.91
2020,806,HOUSING PRESERVATION & DVLPMNT,1992-11-02T00:00:00.000,MANHATTAN,ADMINISTRATIVE STAFF ANALYST,ACTIVE,98758.00,per Annum,1820,98224.29,0,0.00,1957.60
2020,806,HOUSING PRESERVATION & DVLPMNT,1987-11-23T00:00:00.000,MANHATTAN,EXECUTIVE ASSISTANT TO THE DEPUTY COMMISSIONER,ACTIVE,100611.00,per Annum,1820,100601.92,0,0.00,0.00
2020,806,HOUSING PRESERVATION & DVLPMNT,2013-10-28T00:00:00.000,MANHATTAN,CITY PLANNER,ACTIVE,105000.00,per Annum,1820,97373.38,0,0.00,3576.46
2020,806,HOUSING PRESERVATION & DVLPMNT,2019-03-25T00:00:00.000,MANHATTAN,ADMINISTRATIVE PROJECT DIRECTOR,ACTIVE,103000.00,per Annum,1820,101418.56,0,0.00,298.00
2020,806,HOUSING PRESERVATION & DVLPMNT,2016-07-11T00:00:00.000,MANHATTAN,COMPUTER SPECIALIST,ACTIVE,99581.00,per Annum,1820,98052.20,0,0.00,3804.47
2020,806,HOUSING PRESERVATION & DVLPMNT,2015-06-08T00:00:00.000,MANHATTAN,ADMINISTRATIVE PROJECT DIRECTOR,ACTIVE,103000.00,per Annum,1820,101418.56,0,0.00,596.50
2020,806,HOUSING PRESERVATION & DVLPMNT,2007-05-14T00:00:00.000,MANHATTAN,AGENCY ATTORNEY,ACTIVE,88708.00,per Annum,1820,92164.39,0,0.00,11604.13
2020,806,HOUSING PRESERVATION & DVLPMNT,1985-01-21T00:00:00.000,MANHATTAN,CONSTRUCTION PROJECT MANAGER,ACTIVE,96901.00,per Annum,1820,95413.40,0,0.00,9655.33
2020,806,HOUSING PRESERVATION & DVLPMNT,2017-04-10T00:00:00.000,MANHATTAN,SENIOR REPAIR CREW CHIEF,ACTIVE,57536.00,per Annum,1820,56652.52,1124.25,49703.06,93.32
2020,806,HOUSING PRESERVATION & DVLPMNT,2004-04-19T00:00:00.000,MANHATTAN,AGENCY ATTORNEY,ACTIVE,88708.00,per Annum,1820,92208.63,0,0.00,14488.66
2020,806,HOUSING PRESERVATION & DVLPMNT,1986-12-22T00:00:00.000,MANHATTAN,CONSTRUCTION PROJECT MANAGER,ACTIVE,86749.00,per Annum,1820,85417.02,183.75,12079.89,10043.84
2020,806,HOUSING PRESERVATION & DVLPMNT,1982-04-12T00:00:00.000,MANHATTAN,ADM MANAGER-NON-MGRL,ACTIVE,102074.00,per Annum,1820,103989.50,0,0.00,7059.35
2020,806,HOUSING PRESERVATION & DVLPMNT,2005-05-23T00:00:00.000,MANHATTAN,ASSOCIATE HOUSING DEVELOPMENT SPECIALIST,ACTIVE,94786.00,per Annum,1820,93330.52,180.5,11266.88,6906.36
2020,806,HOUSING PRESERVATION & DVLPMNT,1988-05-16T00:00:00.000,MANHATTAN,ADMINISTRATIVE CITY PLANNER,ACTIVE,112367.00,per Annum,1820,110498.64,0,0.00,1181.67
2020,806,HOUSING PRESERVATION & DVLPMNT,1996-12-02T00:00:00.000,MANHATTAN,ADMIN COMMUNITY RELATIONS SPECIALIST,ACTIVE,115631.00,per Annum,1820,113039.73,0,0.00,90.75
2020,806,HOUSING PRESERVATION & DVLPMNT,1986-12-29T00:00:00.000,MANHATTAN,ADMINISTRATIVE STAFF ANALYST,ACTIVE,113504.00,per Annum,1820,112890.48,0,0.00,1685.42
2020,806,HOUSING PRESERVATION & DVLPMNT,2014-07-21T00:00:00.000,MANHATTAN,ADMINISTRATIVE CITY PLANNER,ACTIVE,118384.00,per Annum,1820,115424.54,0,0.00,262.80
2020,806,HOUSING PRESERVATION & DVLPMNT,2006-11-27T00:00:00.000,MANHATTAN,ASSOCIATE INSPECTOR,ACTIVE,78087.00,per Annum,2080,81579.90,463,28462.20,6338.80
2020,806,HOUSING PRESERVATION & DVLPMNT,1980-03-31T00:00:00.000,MANHATTAN,ADMINISTRATIVE HOUSING DEVELOPMENT SPECIALIST,ACTIVE,120347.00,per Annum,1820,118518.53,0,0.00,0.00
2020,806,HOUSING PRESERVATION & DVLPMNT,2016-12-19T00:00:00.000,MANHATTAN,COMPUTER SPECIALIST,ACTIVE,118167.00,per Annum,1820,116352.63,0,0.00,2485.53
2020,806,HOUSING PRESERVATION & DVLPMNT,1987-03-09T00:00:00.000,MANHATTAN,*ATTORNEY AT LAW,ACTIVE,100720.00,per Annum,1820,104694.31,0,0.00,18575.10
2020,806,HOUSING PRESERVATION & DVLPMNT,1999-08-02T00:00:00.000,MANHATTAN,AGENCY ATTORNEY,ACTIVE,101417.00,per Annum,1820,105418.52,0,0.00,17929.63
2020,806,HOUSING PRESERVATION & DVLPMNT,1991-02-11T00:00:00.000,MANHATTAN,COMPUTER SPECIALIST,ACTIVE,123238.00,per Annum,1820,121337.76,0,0.00,6019.92
2020,806,HOUSING PRESERVATION & DVLPMNT,1995-09-05T00:00:00.000,MANHATTAN,CONSTRUCTION PROJECT MANAGER,ACTIVE,110000.00,per Annum,1820,100303.18,234.75,18674.00,11506.37
2020,806,HOUSING PRESERVATION & DVLPMNT,2002-04-29T00:00:00.000,MANHATTAN,ADMINISTRATIVE STAFF ANALYST,ACTIVE,132809.00,per Annum,1820,130791.16,0,0.00,0.00
2020,806,HOUSING PRESERVATION & DVLPMNT,2016-09-12T00:00:00.000,MANHATTAN,EXECUTIVE AGENCY COUNSEL,ACTIVE,132700.00,per Annum,1820,130683.71,0,0.00,375.00
2020,806,HOUSING PRESERVATION & DVLPMNT,2004-06-21T00:00:00.000,MANHATTAN,AGENCY ATTORNEY,ACTIVE,117211.00,per Annum,1820,118222.49,0,0.00,14379.91
2020,806,HOUSING PRESERVATION & DVLPMNT,2017-10-23T00:00:00.000,MANHATTAN,ADMINISTRATIVE HOUSING DEVELOPMENT SPECIALIST,ACTIVE,141532.00,per Annum,1820,139381.53,0,0.00,0.00
2020,806,HOUSING PRESERVATION & DVLPMNT,2017-01-30T00:00:00.000,MANHATTAN,EXECUTIVE AGENCY COUNSEL,ACTIVE,141799.00,per Annum,1820,139644.53,0,0.00,0.00
2020,806,HOUSING PRESERVATION & DVLPMNT,2016-08-01T00:00:00.000,MANHATTAN,SECRETARY OF THE DEPARTMENT,ACTIVE,141532.00,per Annum,1820,139381.53,0,0.00,500.00
2020,806,HOUSING PRESERVATION & DVLPMNT,2007-04-16T00:00:00.000,MANHATTAN,ASSISTANT COMMISSIONER,ACTIVE,148043.00,per Annum,1820,145793.59,0,0.00,0.00
2020,806,HOUSING PRESERVATION & DVLPMNT,1996-07-16T00:00:00.000,MANHATTAN,ASSISTANT COMMISSIONER,ACTIVE,156336.00,per Annum,1820,153960.79,0,0.00,0.00
2020,806,HOUSING PRESERVATION & DVLPMNT,1988-07-05T00:00:00.000,MANHATTAN,ADMINISTRATIVE REAL PROPERTY MANAGER,CEASED,124478.00,per Annum,966,64495.28,0,0.00,121061.03
2020,806,HOUSING PRESERVATION & DVLPMNT,1990-08-10T00:00:00.000,MANHATTAN,CONSTRUCTION PROJECT MANAGER,ACTIVE,122168.00,per Annum,1820,120292.28,594.25,56426.05,9829.76
2020,806,HOUSING PRESERVATION & DVLPMNT,2018-12-14T00:00:00.000,MANHATTAN,DEPUTY GENERAL COUNSEL,ACTIVE,207155.00,per Annum,1820,207900.80,0,0.00,0.00
2020,69,HRA/DEPT OF SOCIAL SERVICES,1984-01-09T00:00:00.000,QUEENS,ELIGIBILITY SPECIALIST,ACTIVE,44099.00,per Annum,1813,31101.45,0,0.00,5443.17
2020,69,HRA/DEPT OF SOCIAL SERVICES,2019-09-23T00:00:00.000,BROOKLYN,JOB OPPORTUNITY SPECIALIST,ON LEAVE,42389.00,per Annum,1365,31010.37,164.5,5005.58,0.00
2020,69,HRA/DEPT OF SOCIAL SERVICES,2018-05-14T00:00:00.000,QUEENS,ELIGIBILITY SPECIALIST,ACTIVE,43410.00,per Annum,1820,34677.66,0,0.00,30.25
2020,69,HRA/DEPT OF SOCIAL SERVICES,2016-10-17T00:00:00.000,QUEENS,ELIGIBILITY SPECIALIST,ACTIVE,43410.00,per Annum,1820,34544.62,0,0.00,0.00
2020,69,HRA/DEPT OF SOCIAL SERVICES,2019-02-04T00:00:00.000,MANHATTAN,CLERICAL ASSOCIATE,ACTIVE,32850.00,per Annum,1820,32345.60,0,0.00,0.00
2020,69,HRA/DEPT OF SOCIAL SERVICES,2019-08-05T00:00:00.000,BROOKLYN,ELIGIBILITY SPECIALIST,ACTIVE,37748.00,per Annum,1610,32254.41,0,0.00,0.00
2020,69,HRA/DEPT OF SOCIAL SERVICES,2017-04-03T00:00:00.000,MANHATTAN,CASEWORKER,CEASED,47705.00,per Annum,1015,25987.38,166.75,5238.53,539.02
2020,69,HRA/DEPT OF SOCIAL SERVICES,1983-12-05T00:00:00.000,BROOKLYN,PRINCIPAL ADMINISTRATIVE ASSOCIATE -  NON SUPVR,CEASED,59547.00,per Annum,848.27,29092.96,0,303.80,1990.98
2020,69,HRA/DEPT OF SOCIAL SERVICES,2019-09-12T00:00:00.000,MANHATTAN,COMMUNITY ASSOCIATE,ACTIVE,38334.00,per Annum,1400,29062.27,64.25,1864.80,128.00
2020,69,HRA/DEPT OF SOCIAL SERVICES,2019-02-03T00:00:00.000,BROOKLYN,ELIGIBILITY SPECIALIST,ON LEAVE,37748.00,per Annum,1449,27913.90,0,0.00,0.00
2020,69,HRA/DEPT OF SOCIAL SERVICES,2009-10-19T00:00:00.000,BROOKLYN,ELIGIBILITY SPECIALIST,ON LEAVE,57214.00,per Annum,1050,21311.29,0,0.00,3704.14
2020,69,HRA/DEPT OF SOCIAL SERVICES,2019-11-25T00:00:00.000,BRONX,JOB OPPORTUNITY SPECIALIST,ACTIVE,42389.00,per Annum,1050,24318.13,0,0.00,0.00
2020,69,HRA/DEPT OF SOCIAL SERVICES,2019-12-23T00:00:00.000,BRONX,CASEWORKER,ACTIVE,41483.00,per Annum,910,20110.92,0,0.00,1841.80
2020,69,HRA/DEPT OF SOCIAL SERVICES,2017-02-06T00:00:00.000,MANHATTAN,ELIGIBILITY SPECIALIST,ACTIVE,43410.00,per Annum,994,21296.98,0,0.00,-221.40
2020,69,HRA/DEPT OF SOCIAL SERVICES,2014-11-03T00:00:00.000,BROOKLYN,ELIGIBILITY SPECIALIST,CEASED,43410.00,per Annum,831.75,19300.50,48.25,1450.42,124.25
2020,69,HRA/DEPT OF SOCIAL SERVICES,2019-06-24T00:00:00.000,BROOKLYN,CASEWORKER,CEASED,41483.00,per Annum,848.75,18554.00,0,0.00,1699.05
2020,69,HRA/DEPT OF SOCIAL SERVICES,2020-02-02T00:00:00.000,MANHATTAN,COMMUNITY ASSOCIATE,ACTIVE,38333.00,per Annum,700,14662.90,128,3619.29,8.25
2020,69,HRA/DEPT OF SOCIAL SERVICES,2016-12-27T00:00:00.000,BRONX,SOCIAL WORKER,CEASED,58741.00,per Annum,546,16612.49,20.5,792.32,85.97
2020,69,HRA/DEPT OF SOCIAL SERVICES,2016-12-12T00:00:00.000,BRONX,ASSISTANT SUPERINTENDENT OF WELFARE SHELTERS,CEASED,67156.00,per Annum,350,12848.07,48,2147.71,1474.47
2020,69,HRA/DEPT OF SOCIAL SERVICES,2020-01-06T00:00:00.000,BROOKLYN,COMMUNITY ASSOCIATE,ACTIVE,20.90,per Hour,783.63,16377.94,0,0.00,0.00
2020,69,HRA/DEPT OF SOCIAL SERVICES,2020-01-28T00:00:00.000,BROOKLYN,SUPERVISOR OF OFFICE MACHINE OPERATIONS,ACTIVE,39126.00,per Annum,728,14217.89,7,171.33,0.00
2020,69,HRA/DEPT OF SOCIAL SERVICES,2019-09-30T00:00:00.000,BRONX,CLERICAL ASSOCIATE,CEASED,32850.00,per Annum,845.75,14382.18,0,0.00,0.00
2020,69,HRA/DEPT OF SOCIAL SERVICES,2019-11-18T00:00:00.000,MANHATTAN,COMMUNITY ASSOCIATE,ACTIVE,38333.00,per Annum,742,12447.70,0,0.00,879.77
2020,69,HRA/DEPT OF SOCIAL SERVICES,2020-02-18T00:00:00.000,BROOKLYN,COMMUNITY ASSISTANT,ACTIVE,37428.00,per Annum,708.57,12680.51,0,0.00,0.00
2020,69,HRA/DEPT OF SOCIAL SERVICES,1983-11-15T00:00:00.000,BRONX,PRINCIPAL ADMINISTRATIVE ASSOCIATE -  NON SUPVR,CEASED,53420.00,per Annum,350,9483.71,0,0.00,2826.37
2020,69,HRA/DEPT OF SOCIAL SERVICES,2017-09-18T00:00:00.000,QUEENS,JOB OPPORTUNITY SPECIALIST,ACTIVE,48747.00,per Annum,420,11187.84,0,0.00,306.65
2020,69,HRA/DEPT OF SOCIAL SERVICES,2020-02-23T00:00:00.000,QUEENS,ELIGIBILITY SPECIALIST,ACTIVE,37748.00,per Annum,595,11226.41,0,0.00,0.00
2020,69,HRA/DEPT OF SOCIAL SERVICES,2020-03-16T00:00:00.000,MANHATTAN,ELIGIBILITY SPECIALIST,ACTIVE,37748.00,per Annum,490,10107.37,0,0.00,0.00
2020,69,HRA/DEPT OF SOCIAL SERVICES,2019-03-18T00:00:00.000,MANHATTAN,COMMUNITY COORDINATOR,CEASED,52524.00,per Annum,350,10048.70,0,0.00,0.00
2020,69,HRA/DEPT OF SOCIAL SERVICES,2020-02-24T00:00:00.000,BRONX,ELIGIBILITY SPECIALIST,ACTIVE,37748.00,per Annum,595,9674.21,0,0.00,0.00
2020,69,HRA/DEPT OF SOCIAL SERVICES,2020-02-18T00:00:00.000,BROOKLYN,COMMUNITY ASSOCIATE,ACTIVE,20.90,per Hour,419.2,8761.29,0,0.00,0.00
2020,69,HRA/DEPT OF SOCIAL SERVICES,2019-08-19T00:00:00.000,BRONX,CLERICAL ASSOCIATE,CEASED,36390.00,per Annum,420,6036.03,0,0.00,0.00
2020,69,HRA/DEPT OF SOCIAL SERVICES,2016-06-13T00:00:00.000,MANHATTAN,CUSTODIAN,ACTIVE,38749.00,per Annum,2080,38215.90,237.5,6622.45,1714.66
2020,69,HRA/DEPT OF SOCIAL SERVICES,1984-11-13T00:00:00.000,MANHATTAN,CLERICAL ASSOCIATE,ACTIVE,41954.00,per Annum,1820,41209.49,5,124.95,4993.10
2020,69,HRA/DEPT OF SOCIAL SERVICES,2019-10-15T00:00:00.000,MANHATTAN,STAFF ANALYST,ACTIVE,66875.00,per Annum,1260,46045.08,6,237.92,8.25
2020,69,HRA/DEPT OF SOCIAL SERVICES,2020-03-03T00:00:00.000,BROOKLYN,JOB OPPORTUNITY SPECIALIST,ACTIVE,48747.00,per Annum,1820,43075.01,0,0.00,3127.51
2020,69,HRA/DEPT OF SOCIAL SERVICES,2014-12-01T00:00:00.000,BROOKLYN,COMMUNITY ASSOCIATE,ACTIVE,47634.00,per Annum,1820,46165.67,0,0.00,17.00
2020,69,HRA/DEPT OF SOCIAL SERVICES,2006-09-11T00:00:00.000,BRONX,ELIGIBILITY SPECIALIST,ACTIVE,43602.00,per Annum,1820,42873.05,0,0.00,3216.90
2020,69,HRA/DEPT OF SOCIAL SERVICES,2008-12-01T00:00:00.000,BROOKLYN,ELIGIBILITY SPECIALIST,ACTIVE,43547.00,per Annum,1820,42878.47,0,0.00,2746.51
2020,69,HRA/DEPT OF SOCIAL SERVICES,2010-06-21T00:00:00.000,BROOKLYN,CLERICAL ASSOCIATE,ACTIVE,41848.00,per Annum,1820,41205.35,107.25,2651.58,1740.11
2020,69,HRA/DEPT OF SOCIAL SERVICES,2016-12-12T00:00:00.000,BROOKLYN,ELIGIBILITY SPECIALIST,ACTIVE,43410.00,per Annum,1820,42743.58,0,0.00,2568.80
2020,69,HRA/DEPT OF SOCIAL SERVICES,2012-08-27T00:00:00.000,BROOKLYN,ELIGIBILITY SPECIALIST,ACTIVE,43410.00,per Annum,1820,42743.58,0,0.00,2419.28
2020,69,HRA/DEPT OF SOCIAL SERVICES,2001-07-09T00:00:00.000,MANHATTAN,CLERICAL ASSOCIATE,ACTIVE,41034.00,per Annum,1820,40396.25,0,0.00,4717.42
2020,69,HRA/DEPT OF SOCIAL SERVICES,2017-09-05T00:00:00.000,MANHATTAN,CASEWORKER,ACTIVE,47705.00,per Annum,1820,44091.03,0,0.00,862.74
2020,69,HRA/DEPT OF SOCIAL SERVICES,2018-12-10T00:00:00.000,BRONX,JOB OPPORTUNITY SPECIALIST,ACTIVE,42389.00,per Annum,1820,37678.75,217,6377.49,495.57
2020,69,HRA/DEPT OF SOCIAL SERVICES,2004-08-02T00:00:00.000,MANHATTAN,CLERICAL ASSOCIATE,ACTIVE,41848.00,per Annum,1820,41160.95,0,0.00,3315.92
2020,69,HRA/DEPT OF SOCIAL SERVICES,2011-03-14T00:00:00.000,MANHATTAN,ELIGIBILITY SPECIALIST,ACTIVE,43496.00,per Annum,1820,41935.63,0,0.00,2320.58
2020,69,HRA/DEPT OF SOCIAL SERVICES,2010-06-14T00:00:00.000,MANHATTAN,CLERICAL ASSOCIATE,ACTIVE,41848.00,per Annum,1820,41205.35,0,0.00,2636.91
2020,69,HRA/DEPT OF SOCIAL SERVICES,2009-01-29T00:00:00.000,BROOKLYN,ELIGIBILITY SPECIALIST,ACTIVE,43547.00,per Annum,1820,33039.03,213.25,7634.02,2766.31
2020,69,HRA/DEPT OF SOCIAL SERVICES,2018-12-10T00:00:00.000,QUEENS,ELIGIBILITY SPECIALIST,ACTIVE,37748.00,per Annum,1820,37168.51,193,5445.23,684.82
2020,69,HRA/DEPT OF SOCIAL SERVICES,2017-04-10T00:00:00.000,BRONX,ELIGIBILITY SPECIALIST,ACTIVE,43410.00,per Annum,1820,42743.58,0,0.00,281.00
2020,69,HRA/DEPT OF SOCIAL SERVICES,2017-09-05T00:00:00.000,BRONX,ELIGIBILITY SPECIALIST,ACTIVE,43410.00,per Annum,1820,41299.73,56,1580.95,115.50
2020,69,HRA/DEPT OF SOCIAL SERVICES,2017-02-21T00:00:00.000,QUEENS,ELIGIBILITY SPECIALIST,ACTIVE,43410.00,per Annum,1820,42743.58,0,0.00,184.00
2020,69,HRA/DEPT OF SOCIAL SERVICES,2016-04-11T00:00:00.000,BROOKLYN,ELIGIBILITY SPECIALIST,ACTIVE,43410.00,per Annum,1820,42739.62,0,0.00,178.50
2020,69,HRA/DEPT OF SOCIAL SERVICES,2004-06-28T00:00:00.000,BRONX,ELIGIBILITY SPECIALIST,ACTIVE,43644.00,per Annum,1820,33695.05,147.5,4767.12,4102.52
2020,69,HRA/DEPT OF SOCIAL SERVICES,2017-01-30T00:00:00.000,BRONX,ELIGIBILITY SPECIALIST,ACTIVE,43410.00,per Annum,1820,41913.33,5.5,190.32,16.50
2020,69,HRA/DEPT OF SOCIAL SERVICES,2018-09-04T00:00:00.000,BRONX,COMMUNITY ASSOCIATE,ACTIVE,38332.00,per Annum,1820,37743.57,194.25,4372.11,0.00
2020,69,HRA/DEPT OF SOCIAL SERVICES,2015-05-11T00:00:00.000,BROOKLYN,ELIGIBILITY SPECIALIST,ACTIVE,43410.00,per Annum,1820,42103.10,0,0.00,8.75
2020,69,HRA/DEPT OF SOCIAL SERVICES,2015-12-14T00:00:00.000,BRONX,ELIGIBILITY SPECIALIST,ACTIVE,46071.00,per Annum,1820,41742.25,4,100.87,255.65
2020,69,HRA/DEPT OF SOCIAL SERVICES,2018-08-20T00:00:00.000,MANHATTAN,CASEWORKER,ACTIVE,41483.00,per Annum,1820,40846.11,0,0.00,593.62
2020,69,HRA/DEPT OF SOCIAL SERVICES,1985-07-22T00:00:00.000,MANHATTAN,*CUSTODIAL ASSISTANT,ACTIVE,37378.00,per Annum,2080,36778.77,0,0.00,4376.74
2020,69,HRA/DEPT OF SOCIAL SERVICES,2007-09-09T00:00:00.000,BROOKLYN,PRINCIPAL ADMINISTRATIVE ASSOCIATE -  NON SUPVR,ACTIVE,65533.00,per Annum,1330,40662.24,0,0.00,488.23
2020,69,HRA/DEPT OF SOCIAL SERVICES,1986-11-10T00:00:00.000,MANHATTAN,SUPERVISOR I,ACTIVE,59238.00,per Annum,1166,37169.45,13.75,541.69,3300.70
2020,69,HRA/DEPT OF SOCIAL SERVICES,2017-07-10T00:00:00.000,BROOKLYN,CLERICAL ASSOCIATE,ACTIVE,41848.00,per Annum,1820,40044.22,2.25,43.51,208.39
2020,69,HRA/DEPT OF SOCIAL SERVICES,1990-01-16T00:00:00.000,RICHMOND,PRINCIPAL ADMINISTRATIVE ASSOCIATE -  NON SUPVR,CEASED,51884.00,per Annum,0,-776.40,0,210.24,1683.44
2020,69,HRA/DEPT OF SOCIAL SERVICES,2007-10-15T00:00:00.000,QUEENS,PRINCIPAL ADMINISTRATIVE ASSOCIATE -  NON SUPVR,ON LEAVE,52943.00,per Annum,0,440.85,0,0.00,6.13
2020,69,HRA/DEPT OF SOCIAL SERVICES,1990-04-30T00:00:00.000,MANHATTAN,SUPERVISOR I,CEASED,58914.00,per Annum,0,-0.01,0,0.00,0.01
2020,69,HRA/DEPT OF SOCIAL SERVICES,1993-03-01T00:00:00.000,MANHATTAN,PRINCIPAL ADMINISTRATIVE ASSOCIATE -  NON SUPVR,CEASED,48162.00,per Annum,0,-1842.26,0,0.00,1842.26
2020,69,HRA/DEPT OF SOCIAL SERVICES,2015-08-24T00:00:00.000,BROOKLYN,COMPUTER ASSOCIATE,CEASED,46405.00,per Annum,0,-1775.05,0,0.00,1775.05
2020,69,HRA/DEPT OF SOCIAL SERVICES,1995-11-06T00:00:00.000,MANHATTAN,CASEWORKER,CEASED,43164.00,per Annum,0,-1653.99,0,0.00,1653.99
2020,69,HRA/DEPT OF SOCIAL SERVICES,1985-06-05T00:00:00.000,MANHATTAN,ELIGIBILITY SPECIALIST,CEASED,39563.00,per Annum,0,-1517.48,0,0.00,1517.48
2020,69,HRA/DEPT OF SOCIAL SERVICES,2014-02-03T00:00:00.000,MANHATTAN,ELIGIBILITY SPECIALIST,CEASED,33284.00,per Annum,14,127.64,0,0.00,-127.64
2020,69,HRA/DEPT OF SOCIAL SERVICES,1986-10-20T00:00:00.000,BRONX,ADMINISTRATIVE INVESTIGATOR,CEASED,97125.00,per Annum,-63,-4097.56,0,0.00,1683.31
2020,69,HRA/DEPT OF SOCIAL SERVICES,2019-01-28T00:00:00.000,MANHATTAN,CUSTODIAN,ACTIVE,35226.00,per Annum,2080,33357.36,268.25,6422.37,49.57
2020,69,HRA/DEPT OF SOCIAL SERVICES,2010-06-14T00:00:00.000,BRONX,ELIGIBILITY SPECIALIST,ACTIVE,43642.00,per Annum,1820,38686.60,14.5,340.88,701.52
2020,69,HRA/DEPT OF SOCIAL SERVICES,1972-04-24T00:00:00.000,BROOKLYN,COMPUTER ASSOCIATE,CEASED,82298.00,per Annum,765.15,36460.66,0,38.35,1803.84
2020,69,HRA/DEPT OF SOCIAL SERVICES,2018-12-10T00:00:00.000,BROOKLYN,ELIGIBILITY SPECIALIST,ACTIVE,37748.00,per Annum,1820,37168.51,30.75,646.37,107.90
2020,69,HRA/DEPT OF SOCIAL SERVICES,2018-04-30T00:00:00.000,QUEENS,ELIGIBILITY SPECIALIST,ACTIVE,43410.00,per Annum,1820,37191.90,10.75,222.12,24.75
2020,69,HRA/DEPT OF SOCIAL SERVICES,1992-05-04T00:00:00.000,MANHATTAN,ASSOCIATE JOB OPPORTUNITY SPECIALIST,ACTIVE,70018.00,per Annum,1820,68934.80,39,1906.70,4907.45
2020,69,HRA/DEPT OF SOCIAL SERVICES,1987-02-23T00:00:00.000,BROOKLYN,PRINCIPAL ADMINISTRATIVE ASSOCIATE -  NON SUPVR,ACTIVE,59464.00,per Annum,1820,60627.78,249,10550.14,4500.31
2020,69,HRA/DEPT OF SOCIAL SERVICES,2015-06-16T00:00:00.000,MANHATTAN,COMMUNITY COORDINATOR,ACTIVE,68048.00,per Annum,1820,62619.35,262.25,12327.81,460.85
2020,69,HRA/DEPT OF SOCIAL SERVICES,2012-05-14T00:00:00.000,MANHATTAN,ASSOCIATE STAFF ANALYST,ACTIVE,75591.00,per Annum,1820,75182.49,0,0.00,0.00
2020,69,HRA/DEPT OF SOCIAL SERVICES,1985-09-16T00:00:00.000,BRONX,SUPERVISOR III,ACTIVE,76408.00,per Annum,1820,70266.85,0,0.00,4830.40
2020,69,HRA/DEPT OF SOCIAL SERVICES,1982-08-16T00:00:00.000,MANHATTAN,STAFF ANALYST,ACTIVE,67268.00,per Annum,1820,66904.37,61.75,2632.77,5437.45
2020,69,HRA/DEPT OF SOCIAL SERVICES,2017-07-10T00:00:00.000,BROOKLYN,ASSOCIATE STAFF ANALYST,ACTIVE,75591.00,per Annum,1820,74723.92,0,0.00,0.00
2020,69,HRA/DEPT OF SOCIAL SERVICES,2001-04-16T00:00:00.000,BRONX,ELIGIBILITY SPECIALIST,ACTIVE,43872.00,per Annum,1820,43190.42,676,24921.45,6607.23
2020,69,HRA/DEPT OF SOCIAL SERVICES,1997-07-21T00:00:00.000,MANHATTAN,ASSOCIATE FRAUD INVESTIGATOR,ACTIVE,69195.00,per Annum,1820,68124.48,28.5,1387.06,5067.27
2020,69,HRA/DEPT OF SOCIAL SERVICES,2004-04-05T00:00:00.000,BROOKLYN,COMPUTER ASSOCIATE,ACTIVE,82071.00,per Annum,1820,70436.98,0,0.00,3556.92
2020,69,HRA/DEPT OF SOCIAL SERVICES,2001-02-12T00:00:00.000,MANHATTAN,JOB OPPORTUNITY SPECIALIST,ACTIVE,48807.00,per Annum,1820,48049.54,753.5,29290.09,6360.15
2020,69,HRA/DEPT OF SOCIAL SERVICES,1989-01-09T00:00:00.000,BROOKLYN,ASSOCIATE JOB OPPORTUNITY SPECIALIST,ACTIVE,77198.00,per Annum,1820,76004.69,63.5,2821.96,5079.20
2020,69,HRA/DEPT OF SOCIAL SERVICES,2004-04-12T00:00:00.000,MANHATTAN,PRINCIPAL ADMINISTRATIVE ASSOCIATE -  NON SUPVR,ACTIVE,61753.00,per Annum,1820,62937.67,383.5,19536.62,1744.01
2020,69,HRA/DEPT OF SOCIAL SERVICES,1990-10-15T00:00:00.000,MANHATTAN,ASSOCIATE JOB OPPORTUNITY SPECIALIST,ACTIVE,59790.00,per Annum,1820,58864.00,465.75,20753.16,5280.02
2020,69,HRA/DEPT OF SOCIAL SERVICES,2003-08-25T00:00:00.000,MANHATTAN,ADM MANAGER-NON-MGRL,ACTIVE,81770.00,per Annum,1820,84334.45,20.25,906.33,1012.43
2020,69,HRA/DEPT OF SOCIAL SERVICES,1994-08-29T00:00:00.000,BROOKLYN,ASSOCIATE JOB OPPORTUNITY SPECIALIST,ACTIVE,77109.00,per Annum,1820,75917.10,118.75,6342.24,4862.77
2020,69,HRA/DEPT OF SOCIAL SERVICES,1984-11-13T00:00:00.000,BROOKLYN,ASSOCIATE JOB OPPORTUNITY SPECIALIST,ACTIVE,70100.00,per Annum,1820,69015.73,320,17019.16,5284.90
2020,69,HRA/DEPT OF SOCIAL SERVICES,1993-10-12T00:00:00.000,BROOKLYN,ASSOCIATE JOB OPPORTUNITY SPECIALIST,ACTIVE,59790.00,per Annum,1820,58864.00,621.25,29207.55,6004.21
2020,69,HRA/DEPT OF SOCIAL SERVICES,2000-01-03T00:00:00.000,BROOKLYN,JOB OPPORTUNITY SPECIALIST,ACTIVE,48832.00,per Annum,1820,48074.14,370.75,13475.73,4846.57
2020,69,HRA/DEPT OF SOCIAL SERVICES,1989-02-06T00:00:00.000,MANHATTAN,ELIGIBILITY SPECIALIST,ACTIVE,46602.00,per Annum,1820,45878.44,209.25,8855.87,9787.39
2020,69,HRA/DEPT OF SOCIAL SERVICES,2019-04-15T00:00:00.000,MANHATTAN,ASSOCIATE STAFF ANALYST,ACTIVE,65731.00,per Annum,1820,64468.80,0,0.00,0.00
2020,69,HRA/DEPT OF SOCIAL SERVICES,1998-05-19T00:00:00.000,MANHATTAN,CUSTODIAN,ACTIVE,51851.00,per Annum,2080,51257.70,266.5,9967.94,3025.45
2020,69,HRA/DEPT OF SOCIAL SERVICES,2013-01-07T00:00:00.000,MANHATTAN,ADMINISTRATIVE STAFF ANALYST,ACTIVE,102876.00,per Annum,1820,90236.39,0,0.00,302.00
2020,69,HRA/DEPT OF SOCIAL SERVICES,2004-04-26T00:00:00.000,BRONX,ADMIN JOB OPPORTUNITY SPEC NM,ACTIVE,81537.00,per Annum,1820,70172.69,249.75,12397.76,5114.21
2020,69,HRA/DEPT OF SOCIAL SERVICES,1985-12-30T00:00:00.000,MANHATTAN,ADMINISTRATIVE DIRECTOR OF SOCIAL SERVICES,ACTIVE,96286.00,per Annum,1820,94807.75,0,0.00,847.64
2020,69,HRA/DEPT OF SOCIAL SERVICES,2005-02-28T00:00:00.000,BRONX,AGENCY ATTORNEY,ACTIVE,91563.00,per Annum,1820,85704.80,0,0.00,10954.60
2020,69,HRA/DEPT OF SOCIAL SERVICES,1989-02-06T00:00:00.000,MANHATTAN,PRINCIPAL ADMINISTRATIVE ASSOCIATE -  NON SUPVR,ACTIVE,65671.00,per Annum,1820,66953.74,474.5,25633.44,4717.83
2020,69,HRA/DEPT OF SOCIAL SERVICES,1998-08-17T00:00:00.000,BROOKLYN,HEAD NURSE,ACTIVE,88607.00,per Annum,2080,70863.98,0,0.00,27780.54
2020,69,HRA/DEPT OF SOCIAL SERVICES,2018-06-25T00:00:00.000,MANHATTAN,IT PROJECT SPECIALIST,ACTIVE,100052.00,per Annum,1820,98515.93,13.75,752.99,50.69
2020,69,HRA/DEPT OF SOCIAL SERVICES,1999-11-29T00:00:00.000,BROOKLYN,ADM MANAGER-NON-MGRL,ACTIVE,81559.00,per Annum,1820,91783.54,4.5,231.07,7443.02
2020,69,HRA/DEPT OF SOCIAL SERVICES,2016-03-14T00:00:00.000,BROOKLYN,COMPUTER SPECIALIST,ACTIVE,88121.00,per Annum,1820,86767.92,50,3325.76,9911.78
2020,69,HRA/DEPT OF SOCIAL SERVICES,2008-10-20T00:00:00.000,MANHATTAN,CEMENT MASON,ACTIVE,336.70,per Day,1820,94457.31,64,6490.12,336.70
2020,69,HRA/DEPT OF SOCIAL SERVICES,2015-06-01T00:00:00.000,BROOKLYN,COMPUTER SPECIALIST,ACTIVE,98177.00,per Annum,1820,96669.40,6.5,368.09,7196.45
2020,69,HRA/DEPT OF SOCIAL SERVICES,2003-08-25T00:00:00.000,MANHATTAN,*ATTORNEY AT LAW,ACTIVE,95632.00,per Annum,1820,94435.99,0,0.00,17601.89
2020,69,HRA/DEPT OF SOCIAL SERVICES,2007-11-26T00:00:00.000,MANHATTAN,CITY RESEARCH SCIENTIST,ACTIVE,109123.00,per Annum,1820,107447.58,0,0.00,4891.24
2020,69,HRA/DEPT OF SOCIAL SERVICES,2014-01-21T00:00:00.000,MANHATTAN,PRINCIPAL ADMINISTRATIVE ASSOCIATE -  NON SUPVR,ACTIVE,59238.00,per Annum,1820,59135.70,344.25,14100.34,42.57
2020,69,HRA/DEPT OF SOCIAL SERVICES,1990-08-06T00:00:00.000,MANHATTAN,ASSOCIATE JOB OPPORTUNITY SPECIALIST,ACTIVE,59915.00,per Annum,1820,58987.22,218,8864.00,5223.27
2020,69,HRA/DEPT OF SOCIAL SERVICES,2010-02-16T00:00:00.000,MANHATTAN,LOCKSMITH,ACTIVE,254.96,per Day,2080,66289.60,30.5,1234.98,5454.57
2020,69,HRA/DEPT OF SOCIAL SERVICES,2014-10-24T00:00:00.000,BROOKLYN,ASSOCIATE FRAUD INVESTIGATOR,ACTIVE,69302.00,per Annum,1820,68230.01,0,0.00,4729.02
2020,69,HRA/DEPT OF SOCIAL SERVICES,2009-02-02T00:00:00.000,BROOKLYN,COMPUTER ASSOCIATE,ACTIVE,70691.00,per Annum,1820,64822.67,0,0.00,8098.68
2020,69,HRA/DEPT OF SOCIAL SERVICES,2010-06-01T00:00:00.000,MANHATTAN,JOB OPPORTUNITY SPECIALIST,ACTIVE,48747.00,per Annum,1820,47998.47,547,20129.39,4495.43
2020,69,HRA/DEPT OF SOCIAL SERVICES,2005-08-22T00:00:00.000,MANHATTAN,PRINCIPAL ADMINISTRATIVE ASSOCIATE -  NON SUPVR,ACTIVE,65533.00,per Annum,1820,65341.69,127,5548.90,988.74
2020,69,HRA/DEPT OF SOCIAL SERVICES,2007-12-17T00:00:00.000,QUEENS,PRINCIPAL ADMINISTRATIVE ASSOCIATE -  NON SUPVR,ACTIVE,52943.00,per Annum,1820,53958.71,296.75,12395.58,4533.87
2020,69,HRA/DEPT OF SOCIAL SERVICES,1996-06-24T00:00:00.000,BROOKLYN,PRINCIPAL ADMINISTRATIVE ASSOCIATE -  NON SUPVR,ACTIVE,59367.00,per Annum,1820,60528.72,128.5,5868.91,4343.56
2020,69,HRA/DEPT OF SOCIAL SERVICES,1987-03-02T00:00:00.000,MANHATTAN,STAFF ANALYST,ACTIVE,58861.00,per Annum,1820,58542.78,140.75,6588.55,5547.51
2020,69,HRA/DEPT OF SOCIAL SERVICES,2012-04-30T00:00:00.000,BROOKLYN,PRINCIPAL ADMINISTRATIVE ASSOCIATE -  NON SUPVR,ACTIVE,54628.00,per Annum,1820,55676.83,304.25,12681.14,1620.49
2020,69,HRA/DEPT OF SOCIAL SERVICES,2010-03-29T00:00:00.000,BROOKLYN,ELIGIBILITY SPECIALIST,ACTIVE,51773.00,per Annum,1820,50970.28,348,13338.12,5540.28
2020,69,HRA/DEPT OF SOCIAL SERVICES,2012-04-30T00:00:00.000,MANHATTAN,BOOKKEEPER,ACTIVE,53705.00,per Annum,1820,52880.48,362,13647.71,3305.61
2020,69,HRA/DEPT OF SOCIAL SERVICES,2005-05-31T00:00:00.000,MANHATTAN,SUPERVISOR I,ACTIVE,58879.00,per Annum,1820,57974.91,175.25,7364.74,4259.12
2020,69,HRA/DEPT OF SOCIAL SERVICES,2010-07-26T00:00:00.000,QUEENS,ASSOCIATE JOB OPPORTUNITY SPECIALIST,ACTIVE,59649.00,per Annum,1820,58733.33,331.5,15994.72,5172.09
2020,69,HRA/DEPT OF SOCIAL SERVICES,1995-01-02T00:00:00.000,MANHATTAN,ASSOCIATE FRAUD INVESTIGATOR,ACTIVE,76735.00,per Annum,1820,75549.01,0,0.00,5364.27
2020,69,HRA/DEPT OF SOCIAL SERVICES,1992-11-09T00:00:00.000,MANHATTAN,ASSOCIATE JOB OPPORTUNITY SPECIALIST,ACTIVE,70041.00,per Annum,1820,68957.68,149.25,7592.45,4855.15
2020,69,HRA/DEPT OF SOCIAL SERVICES,2017-01-23T00:00:00.000,BROOKLYN,IT PROJECT SPECIALIST,ACTIVE,81952.00,per Annum,1820,80693.77,24.75,1151.12,50.24
2020,69,HRA/DEPT OF SOCIAL SERVICES,1996-04-22T00:00:00.000,BROOKLYN,SUPERVISOR I,ACTIVE,59020.00,per Annum,1820,58106.03,21.5,902.30,8570.99
2020,69,HRA/DEPT OF SOCIAL SERVICES,1988-04-04T00:00:00.000,QUEENS,SUPERVISOR I,ACTIVE,59207.00,per Annum,1820,58289.97,0,0.00,8570.99
2020,69,HRA/DEPT OF SOCIAL SERVICES,2002-06-17T00:00:00.000,RICHMOND,SUPERVISOR I,ACTIVE,58921.00,per Annum,1820,58008.55,1.5,55.07,8570.99
2020,69,HRA/DEPT OF SOCIAL SERVICES,2016-12-12T00:00:00.000,MANHATTAN,STAFF ANALYST,ACTIVE,66875.00,per Annum,1820,66513.56,0,0.00,0.00
2020,69,HRA/DEPT OF SOCIAL SERVICES,2016-12-12T00:00:00.000,MANHATTAN,STAFF ANALYST,ACTIVE,66875.00,per Annum,1820,66513.56,0,0.00,0.00
2020,69,HRA/DEPT OF SOCIAL SERVICES,2019-06-24T00:00:00.000,BROOKLYN,STAFF ANALYST,ACTIVE,66875.00,per Annum,1820,66513.56,0,0.00,0.00
2020,69,HRA/DEPT OF SOCIAL SERVICES,2007-06-24T00:00:00.000,MANHATTAN,COMPUTER ASSOCIATE,ACTIVE,78156.00,per Annum,1820,77962.34,0,0.00,4188.22
2020,69,HRA/DEPT OF SOCIAL SERVICES,2004-06-14T00:00:00.000,MANHATTAN,ADMINISTRATIVE STAFF ANALYST,ACTIVE,76835.00,per Annum,1820,76419.64,0,0.00,1442.07
2020,69,HRA/DEPT OF SOCIAL SERVICES,1990-09-04T00:00:00.000,BRONX,SUPERVISOR II,ACTIVE,69176.00,per Annum,1820,68106.03,24.25,1109.35,8570.99
2020,69,HRA/DEPT OF SOCIAL SERVICES,1983-11-14T00:00:00.000,MANHATTAN,SUPERVISOR II,ACTIVE,69661.00,per Annum,1820,68583.61,0,0.00,8587.49
2020,69,HRA/DEPT OF SOCIAL SERVICES,1996-06-17T00:00:00.000,MANHATTAN,MANAGEMENT AUDITOR,ACTIVE,68490.00,per Annum,1820,67438.40,0,0.00,9559.83
2020,69,HRA/DEPT OF SOCIAL SERVICES,1990-06-25T00:00:00.000,BROOKLYN,SUPERVISOR II,ACTIVE,69380.00,per Annum,1820,68306.80,0,0.00,8570.99
2020,69,HRA/DEPT OF SOCIAL SERVICES,2010-06-01T00:00:00.000,BRONX,ASSOCIATE JOB OPPORTUNITY SPECIALIST,ACTIVE,59649.00,per Annum,1820,56303.35,385.5,16383.80,3839.88
2020,69,HRA/DEPT OF SOCIAL SERVICES,2003-08-25T00:00:00.000,MANHATTAN,PRINCIPAL ADMINISTRATIVE ASSOCIATE -  NON SUPVR,CEASED,59367.00,per Annum,1400,46903.50,0,0.00,3243.07
2020,69,HRA/DEPT OF SOCIAL SERVICES,1993-06-30T00:00:00.000,MANHATTAN,CLERICAL ASSOCIATE,ACTIVE,41997.00,per Annum,1820,41343.99,136.75,3584.82,5004.22
2020,69,HRA/DEPT OF SOCIAL SERVICES,2008-09-08T00:00:00.000,BROOKLYN,CASEWORKER,ACTIVE,47705.00,per Annum,1820,45982.09,0,0.00,3946.52
2020,69,HRA/DEPT OF SOCIAL SERVICES,2018-05-07T00:00:00.000,QUEENS,ELIGIBILITY SPECIALIST,ACTIVE,43410.00,per Annum,1820,37864.66,383.25,10701.72,909.34
2020,69,HRA/DEPT OF SOCIAL SERVICES,1986-04-21T00:00:00.000,BROOKLYN,ELIGIBILITY SPECIALIST,ACTIVE,44170.00,per Annum,1820,43483.72,16,516.30,5398.51
2020,69,HRA/DEPT OF SOCIAL SERVICES,2013-04-22T00:00:00.000,BROOKLYN,FRAUD INVESTIGATOR,ACTIVE,47705.00,per Annum,1820,46707.58,0,0.00,2420.38
2020,69,HRA/DEPT OF SOCIAL SERVICES,1988-07-25T00:00:00.000,QUEENS,ELIGIBILITY SPECIALIST,ACTIVE,44100.00,per Annum,1820,43414.93,1.25,33.92,5398.51
2020,69,HRA/DEPT OF SOCIAL SERVICES,1998-07-13T00:00:00.000,MANHATTAN,ELIGIBILITY SPECIALIST,ACTIVE,43920.00,per Annum,1820,43237.55,0,0.00,5398.51
2020,69,HRA/DEPT OF SOCIAL SERVICES,1987-07-06T00:00:00.000,BROOKLYN,PRINCIPAL ADMINISTRATIVE ASSOCIATE -  NON SUPVR,CEASED,65916.00,per Annum,1184.92,44327.43,37,1431.21,2749.96
2020,69,HRA/DEPT OF SOCIAL SERVICES,2014-01-06T00:00:00.000,MANHATTAN,ELIGIBILITY SPECIALIST,ACTIVE,46144.00,per Annum,1820,45087.48,0,0.00,3256.58
2020,69,HRA/DEPT OF SOCIAL SERVICES,2007-06-18T00:00:00.000,MANHATTAN,CASEWORKER,ACTIVE,47705.00,per Annum,1820,46073.96,0,0.00,2189.24
2020,69,HRA/DEPT OF SOCIAL SERVICES,2002-10-21T00:00:00.000,QUEENS,ELIGIBILITY SPECIALIST,ACTIVE,43750.00,per Annum,1820,43070.22,9.5,333.47,4839.65
2020,69,HRA/DEPT OF SOCIAL SERVICES,2014-07-21T00:00:00.000,MANHATTAN,CLERICAL ASSOCIATE,ACTIVE,48744.00,per Annum,1820,47995.44,2.75,73.37,0.00
2020,69,HRA/DEPT OF SOCIAL SERVICES,1996-01-29T00:00:00.000,BROOKLYN,CLERICAL ASSOCIATE,ACTIVE,45337.00,per Annum,1820,43088.25,0,0.00,4830.47
2020,69,HRA/DEPT OF SOCIAL SERVICES,1999-06-28T00:00:00.000,BRONX,ELIGIBILITY SPECIALIST,ACTIVE,43556.00,per Annum,1820,42131.24,0,0.00,5637.81
2020,69,HRA/DEPT OF SOCIAL SERVICES,2017-09-18T00:00:00.000,MANHATTAN,PARALEGAL AIDE,ACTIVE,49677.00,per Annum,1820,47620.84,0,0.00,0.00
2020,69,HRA/DEPT OF SOCIAL SERVICES,2002-10-21T00:00:00.000,BRONX,ELIGIBILITY SPECIALIST,ACTIVE,43750.00,per Annum,1820,43070.22,0,0.00,4512.28
2020,69,HRA/DEPT OF SOCIAL SERVICES,2019-06-10T00:00:00.000,MANHATTAN,CASEWORKER,ACTIVE,47705.00,per Annum,1820,46972.69,10,310.06,295.88
2020,69,HRA/DEPT OF SOCIAL SERVICES,1994-08-29T00:00:00.000,BRONX,ELIGIBILITY SPECIALIST,ACTIVE,43960.00,per Annum,1820,40625.70,59.75,1620.70,5081.22
2020,69,HRA/DEPT OF SOCIAL SERVICES,2012-02-06T00:00:00.000,BROOKLYN,ELIGIBILITY SPECIALIST,ACTIVE,43456.00,per Annum,1820,40336.69,131,4010.30,2621.06
2020,69,HRA/DEPT OF SOCIAL SERVICES,2007-05-28T00:00:00.000,QUEENS,CASEWORKER,ACTIVE,50259.00,per Annum,1820,49487.40,156.25,5646.45,8127.45
2020,69,HRA/DEPT OF SOCIAL SERVICES,1994-12-05T00:00:00.000,BROOKLYN,FRAUD INVESTIGATOR,ACTIVE,58929.00,per Annum,1820,58016.08,4.5,156.96,4770.27
2020,69,HRA/DEPT OF SOCIAL SERVICES,1997-02-03T00:00:00.000,QUEENS,FRAUD INVESTIGATOR,ACTIVE,58871.00,per Annum,1820,57959.24,0,0.00,4729.02
2020,69,HRA/DEPT OF SOCIAL SERVICES,1996-06-10T00:00:00.000,QUEENS,FRAUD INVESTIGATOR,ACTIVE,58871.00,per Annum,1820,57959.24,0,0.00,4729.02
2020,69,HRA/DEPT OF SOCIAL SERVICES,1999-02-22T00:00:00.000,BROOKLYN,FRAUD INVESTIGATOR,ACTIVE,58847.00,per Annum,1820,57935.68,0,0.00,4729.02
2020,69,HRA/DEPT OF SOCIAL SERVICES,2019-03-04T00:00:00.000,QUEENS,COMMUNITY COORDINATOR,ACTIVE,62215.00,per Annum,1820,61259.83,0,0.00,1040.50
2020,69,HRA/DEPT OF SOCIAL SERVICES,2009-03-23T00:00:00.000,BROOKLYN,ELIGIBILITY SPECIALIST,ACTIVE,43547.00,per Annum,1820,42878.47,499,16139.42,3204.15
2020,69,HRA/DEPT OF SOCIAL SERVICES,1988-09-26T00:00:00.000,MANHATTAN,PRINCIPAL ADMINISTRATIVE ASSOCIATE -  NON SUPVR,ACTIVE,53229.00,per Annum,1820,54127.10,43.75,1747.02,6146.59
2020,69,HRA/DEPT OF SOCIAL SERVICES,2010-06-21T00:00:00.000,BROOKLYN,COMPUTER ASSOCIATE,ACTIVE,57327.00,per Annum,1575,46642.93,326,14402.38,40.03
2020,69,HRA/DEPT OF SOCIAL SERVICES,2003-11-17T00:00:00.000,MANHATTAN,COMPUTER ASSOCIATE,ACTIVE,57327.00,per Annum,1820,56790.16,0,0.00,4293.94
2020,69,HRA/DEPT OF SOCIAL SERVICES,1981-02-09T00:00:00.000,BROOKLYN,ELIGIBILITY SPECIALIST,ACTIVE,47001.00,per Annum,1820,46271.47,241,7942.48,6691.59
2020,69,HRA/DEPT OF SOCIAL SERVICES,2010-07-12T00:00:00.000,BROOKLYN,ELIGIBILITY SPECIALIST,ACTIVE,43496.00,per Annum,1820,42828.13,407,14171.45,3479.65
2020,69,HRA/DEPT OF SOCIAL SERVICES,2013-04-22T00:00:00.000,MANHATTAN,FRAUD INVESTIGATOR,ACTIVE,58741.00,per Annum,1820,57839.04,0,0.00,2567.56
2020,69,HRA/DEPT OF SOCIAL SERVICES,2013-04-22T00:00:00.000,MANHATTAN,FRAUD INVESTIGATOR,ACTIVE,58741.00,per Annum,1820,57839.04,0,0.00,2442.31
2020,69,HRA/DEPT OF SOCIAL SERVICES,1993-06-01T00:00:00.000,BROOKLYN,PRINCIPAL ADMINISTRATIVE ASSOCIATE -  NON SUPVR,ACTIVE,53051.00,per Annum,1820,54091.55,88.5,2968.11,3096.92
2020,69,HRA/DEPT OF SOCIAL SERVICES,1994-12-12T00:00:00.000,MANHATTAN,CASEWORKER,ACTIVE,50608.00,per Annum,1820,49769.52,176.5,5555.05,4825.18
2020,69,HRA/DEPT OF SOCIAL SERVICES,1996-04-08T00:00:00.000,BRONX,PRINCIPAL ADMINISTRATIVE ASSOCIATE -  NON SUPVR,ACTIVE,53062.00,per Annum,1820,54102.48,27.75,1179.10,4832.61
2020,69,HRA/DEPT OF SOCIAL SERVICES,1999-07-19T00:00:00.000,MANHATTAN,CONTRACT SPECIALIST,ACTIVE,59159.00,per Annum,1820,58242.85,0,0.00,1324.26
2020,69,HRA/DEPT OF SOCIAL SERVICES,2012-10-15T00:00:00.000,BROOKLYN,JOB OPPORTUNITY SPECIALIST,ACTIVE,48747.00,per Annum,1820,47998.47,210.38,6958.84,4122.25
2020,69,HRA/DEPT OF SOCIAL SERVICES,2012-01-09T00:00:00.000,BRONX,CASEWORKER,ACTIVE,47705.00,per Annum,1820,46972.69,123.5,4260.60,7730.61
2020,69,HRA/DEPT OF SOCIAL SERVICES,1989-02-21T00:00:00.000,BROOKLYN,PRINCIPAL ADMINISTRATIVE ASSOCIATE -  NON SUPVR,ACTIVE,53169.00,per Annum,1820,54191.41,11.25,420.38,4292.89
2020,69,HRA/DEPT OF SOCIAL SERVICES,2006-12-11T00:00:00.000,BROOKLYN,ASSOCIATE FRAUD INVESTIGATOR,ACTIVE,69152.00,per Annum,1820,55479.54,0,0.00,3204.99
2020,69,HRA/DEPT OF SOCIAL SERVICES,1994-03-21T00:00:00.000,QUEENS,CASEWORKER,ACTIVE,47854.00,per Annum,1820,47111.33,74.5,2919.40,8579.24
2020,69,HRA/DEPT OF SOCIAL SERVICES,2017-01-23T00:00:00.000,MANHATTAN,PRINCIPAL ADMINISTRATIVE ASSOCIATE -  NON SUPVR,ACTIVE,53295.00,per Annum,1820,54340.71,0,0.00,4219.81
2020,69,HRA/DEPT OF SOCIAL SERVICES,2004-06-07T00:00:00.000,BROOKLYN,CONTRACT SPECIALIST,ACTIVE,58802.00,per Annum,1820,55079.31,32,1099.93,2327.99
2020,69,HRA/DEPT OF SOCIAL SERVICES,2015-12-14T00:00:00.000,MANHATTAN,JOB OPPORTUNITY SPECIALIST,ACTIVE,48747.00,per Annum,1820,46693.25,289.75,10002.53,1764.77
2020,69,HRA/DEPT OF SOCIAL SERVICES,1988-12-19T00:00:00.000,BROOKLYN,ELIGIBILITY SPECIALIST,ACTIVE,48950.00,per Annum,1820,47915.10,90,3809.70,6626.85
2020,69,HRA/DEPT OF SOCIAL SERVICES,2010-08-30T00:00:00.000,QUEENS,CASEWORKER,ACTIVE,47854.00,per Annum,1820,47111.33,53.75,2411.65,8752.49
2020,69,HRA/DEPT OF SOCIAL SERVICES,2013-03-04T00:00:00.000,MANHATTAN,JOB OPPORTUNITY SPECIALIST,ACTIVE,55125.00,per Annum,1820,54278.50,0,0.00,3588.04
2020,69,HRA/DEPT OF SOCIAL SERVICES,2008-12-01T00:00:00.000,MANHATTAN,PRINCIPAL ADMINISTRATIVE ASSOCIATE -  NON SUPVR,ACTIVE,52964.00,per Annum,1820,53980.71,12,379.97,3464.69
2020,69,HRA/DEPT OF SOCIAL SERVICES,1989-05-22T00:00:00.000,QUEENS,CASEWORKER,ACTIVE,47995.00,per Annum,1820,47250.14,48,1827.96,8570.99
2020,69,HRA/DEPT OF SOCIAL SERVICES,2017-12-26T00:00:00.000,QUEENS,JOB OPPORTUNITY SPECIALIST,ACTIVE,48747.00,per Annum,1820,44830.68,353,11420.04,1211.93
2020,69,HRA/DEPT OF SOCIAL SERVICES,1980-06-16T00:00:00.000,QUEENS,PRINCIPAL ADMINISTRATIVE ASSOCIATE -  NON SUPVR,ACTIVE,53325.00,per Annum,1820,49754.02,104.25,3740.79,3959.20
2020,69,HRA/DEPT OF SOCIAL SERVICES,2004-06-14T00:00:00.000,BROOKLYN,OFFICE MACHINE AIDE,ACTIVE,37777.00,per Annum,1750,28745.75,815.75,24330.36,4373.10
2020,69,HRA/DEPT OF SOCIAL SERVICES,2005-08-22T00:00:00.000,QUEENS,PRINCIPAL ADMINISTRATIVE ASSOCIATE -  NON SUPVR,ACTIVE,59238.00,per Annum,1820,55764.64,0,0.00,1570.82
2020,69,HRA/DEPT OF SOCIAL SERVICES,2000-12-26T00:00:00.000,BROOKLYN,PRINCIPAL ADMINISTRATIVE ASSOCIATE -  NON SUPVR,ACTIVE,53011.00,per Annum,1820,53775.23,0,0.00,2816.31
2020,69,HRA/DEPT OF SOCIAL SERVICES,2017-01-23T00:00:00.000,RICHMOND,JOB OPPORTUNITY SPECIALIST,ACTIVE,48747.00,per Annum,1820,47998.47,203.25,7418.87,1154.61
2020,69,HRA/DEPT OF SOCIAL SERVICES,2012-12-10T00:00:00.000,BROOKLYN,ELIGIBILITY SPECIALIST,ACTIVE,43410.00,per Annum,1820,42245.43,293.25,10410.97,3883.69
2020,69,HRA/DEPT OF SOCIAL SERVICES,2001-08-13T00:00:00.000,QUEENS,PRINCIPAL ADMINISTRATIVE ASSOCIATE -  NON SUPVR,ACTIVE,52983.00,per Annum,1820,54022.53,5,151.87,2287.44
2020,69,HRA/DEPT OF SOCIAL SERVICES,2012-05-21T00:00:00.000,MANHATTAN,BOOKKEEPER,ACTIVE,53746.00,per Annum,1820,52920.94,0,0.00,3243.42
2020,69,HRA/DEPT OF SOCIAL SERVICES,2010-06-07T00:00:00.000,QUEENS,CASEWORKER,ACTIVE,47814.00,per Annum,1820,47071.90,0,0.00,8851.49
2020,69,HRA/DEPT OF SOCIAL SERVICES,1989-09-18T00:00:00.000,MANHATTAN,CASEWORKER,ACTIVE,47995.00,per Annum,1820,47250.14,0,0.00,8570.99
2020,69,HRA/DEPT OF SOCIAL SERVICES,2000-11-27T00:00:00.000,BROOKLYN,CASEWORKER,ACTIVE,47766.00,per Annum,1820,47024.42,0,0.00,8596.74
2020,69,HRA/DEPT OF SOCIAL SERVICES,1981-10-05T00:00:00.000,QUEENS,ELIGIBILITY SPECIALIST,ACTIVE,44252.00,per Annum,1820,41922.15,240.75,7906.38,5564.47
2020,69,HRA/DEPT OF SOCIAL SERVICES,2011-07-18T00:00:00.000,MANHATTAN,ASSOCIATE JOB OPPORTUNITY SPECIALIST,ACTIVE,58479.00,per Annum,1820,51083.06,24.25,915.62,3148.79
2020,69,HRA/DEPT OF SOCIAL SERVICES,2010-09-27T00:00:00.000,QUEENS,ELIGIBILITY SPECIALIST,ACTIVE,43496.00,per Annum,1820,42828.13,236.75,8537.77,3355.70
2020,69,HRA/DEPT OF SOCIAL SERVICES,2016-11-14T00:00:00.000,BRONX,JOB OPPORTUNITY SPECIALIST,ACTIVE,48747.00,per Annum,1820,47998.47,180.75,5359.66,1250.36
2020,69,HRA/DEPT OF SOCIAL SERVICES,2018-11-26T00:00:00.000,BRONX,CASEWORKER,ACTIVE,41483.00,per Annum,1820,40846.11,291.25,9141.15,4283.81
2020,69,HRA/DEPT OF SOCIAL SERVICES,2018-10-28T00:00:00.000,BROOKLYN,COMPUTER SERVICE TECHNICIAN,ACTIVE,51251.00,per Annum,1820,50463.99,94.25,3103.46,514.68
2020,69,HRA/DEPT OF SOCIAL SERVICES,2016-09-06T00:00:00.000,BROOKLYN,CASEWORKER,ACTIVE,47705.00,per Annum,1820,46972.69,51.25,1785.27,5164.26
2020,69,HRA/DEPT OF SOCIAL SERVICES,1990-10-29T00:00:00.000,BRONX,JOB OPPORTUNITY SPECIALIST,ACTIVE,49012.00,per Annum,1820,48251.51,8.62,381.38,5242.90
2020,69,HRA/DEPT OF SOCIAL SERVICES,1988-07-05T00:00:00.000,MANHATTAN,ELIGIBILITY SPECIALIST,ACTIVE,47023.00,per Annum,1820,46292.96,14,492.83,6904.91
2020,69,HRA/DEPT OF SOCIAL SERVICES,2014-10-27T00:00:00.000,BROOKLYN,PRINCIPAL ADMINISTRATIVE ASSOCIATE -  NON SUPVR,ACTIVE,52943.00,per Annum,1820,53179.92,0,1.11,33.00
2020,69,HRA/DEPT OF SOCIAL SERVICES,1988-03-21T00:00:00.000,BRONX,JOB OPPORTUNITY SPECIALIST,ACTIVE,49067.00,per Annum,1820,48305.84,1,29.54,4846.90
2020,69,HRA/DEPT OF SOCIAL SERVICES,2015-12-14T00:00:00.000,RICHMOND,JOB OPPORTUNITY SPECIALIST,ACTIVE,48747.00,per Annum,1820,47998.47,74,2628.82,2268.55
2020,69,HRA/DEPT OF SOCIAL SERVICES,2016-06-13T00:00:00.000,BRONX,JOB OPPORTUNITY SPECIALIST,ACTIVE,48747.00,per Annum,1820,47998.47,78.25,2898.35,1969.80
2020,69,HRA/DEPT OF SOCIAL SERVICES,2013-06-24T00:00:00.000,MANHATTAN,BOOKKEEPER,ACTIVE,49870.00,per Annum,1820,49104.24,0,0.00,3743.43
2020,69,HRA/DEPT OF SOCIAL SERVICES,2016-09-19T00:00:00.000,QUEENS,JOB OPPORTUNITY SPECIALIST,ACTIVE,48747.00,per Annum,1820,47998.47,83.5,2853.83,1799.60
2020,69,HRA/DEPT OF SOCIAL SERVICES,2016-03-07T00:00:00.000,MANHATTAN,CASEWORKER,ACTIVE,47705.00,per Annum,1820,46972.69,0,0.00,5449.41
2020,69,HRA/DEPT OF SOCIAL SERVICES,2018-05-07T00:00:00.000,BROOKLYN,ELIGIBILITY SPECIALIST,ACTIVE,43410.00,per Annum,1820,37864.66,482.75,13675.48,630.13
2020,69,HRA/DEPT OF SOCIAL SERVICES,2018-12-17T00:00:00.000,MANHATTAN,COMMUNITY COORDINATOR,ACTIVE,29.61,per Hour,1716.13,50267.12,57.25,1888.65,0.00
2020,69,HRA/DEPT OF SOCIAL SERVICES,1989-07-03T00:00:00.000,BROOKLYN,CASEWORKER,ACTIVE,47995.00,per Annum,1820,47250.14,0,0.00,4830.40
2020,69,HRA/DEPT OF SOCIAL SERVICES,2008-11-17T00:00:00.000,BRONX,FRAUD INVESTIGATOR,ACTIVE,48854.00,per Annum,1820,48103.84,0,0.00,3933.38
2020,69,HRA/DEPT OF SOCIAL SERVICES,1992-05-26T00:00:00.000,MANHATTAN,ELIGIBILITY SPECIALIST,ACTIVE,46920.00,per Annum,1820,45420.22,0,0.00,6567.53
2020,69,HRA/DEPT OF SOCIAL SERVICES,2013-03-04T00:00:00.000,MANHATTAN,PRINCIPAL ADMINISTRATIVE ASSOCIATE -  NON SUPVR,ACTIVE,50763.00,per Annum,1820,48536.05,72,2379.78,1071.64
2020,69,HRA/DEPT OF SOCIAL SERVICES,1996-11-18T00:00:00.000,BRONX,CASEWORKER,ACTIVE,47837.00,per Annum,1820,47094.42,0,0.00,4830.40
2020,69,HRA/DEPT OF SOCIAL SERVICES,2010-06-14T00:00:00.000,BROOKLYN,CLERICAL ASSOCIATE,ACTIVE,41848.00,per Annum,1820,40507.79,249.75,7588.82,3701.07
2020,69,HRA/DEPT OF SOCIAL SERVICES,2014-10-27T00:00:00.000,MANHATTAN,CASEWORKER,ACTIVE,47705.00,per Annum,1820,46972.69,0,0.00,4583.76
2020,69,HRA/DEPT OF SOCIAL SERVICES,2010-04-12T00:00:00.000,BROOKLYN,ELIGIBILITY SPECIALIST,ACTIVE,43496.00,per Annum,1820,42531.02,179.5,5381.05,3584.72
2020,69,HRA/DEPT OF SOCIAL SERVICES,1988-08-29T00:00:00.000,BROOKLYN,ASSOCIATE JOB OPPORTUNITY SPECIALIST,CEASED,59939.00,per Annum,1414.93,45743.24,38.5,1696.87,3746.26
2020,69,HRA/DEPT OF SOCIAL SERVICES,1986-11-03T00:00:00.000,MANHATTAN,CLERICAL ASSOCIATE,ACTIVE,38171.00,per Annum,1820,37576.97,268.25,7059.91,6466.86
2020,69,HRA/DEPT OF SOCIAL SERVICES,2007-10-15T00:00:00.000,MANHATTAN,CASEWORKER,ACTIVE,47705.00,per Annum,1820,46972.69,0,0.00,4034.76
2020,69,HRA/DEPT OF SOCIAL SERVICES,2006-08-28T00:00:00.000,BROOKLYN,CASEWORKER,ACTIVE,47705.00,per Annum,1820,46966.17,0,0.00,4034.20
2020,69,HRA/DEPT OF SOCIAL SERVICES,2003-08-25T00:00:00.000,BRONX,CASEWORKER,ACTIVE,48064.00,per Annum,1820,46233.63,0,0.00,4719.60
2020,69,HRA/DEPT OF SOCIAL SERVICES,2003-08-25T00:00:00.000,MANHATTAN,CLERICAL ASSOCIATE,ACTIVE,46166.00,per Annum,1820,45449.11,7,203.33,5004.22
2020,69,HRA/DEPT OF SOCIAL SERVICES,2001-04-09T00:00:00.000,MANHATTAN,COMPUTER SYSTEMS MANAGER,ACTIVE,124581.00,per Annum,1820,122687.84,0,0.00,0.00
2020,69,HRA/DEPT OF SOCIAL SERVICES,2014-10-06T00:00:00.000,BROOKLYN,ADMINISTRATIVE DIRECTOR OF SOCIAL SERVICES,ACTIVE,130350.00,per Annum,1820,126265.53,0,0.00,0.00
2020,69,HRA/DEPT OF SOCIAL SERVICES,2016-12-12T00:00:00.000,BROOKLYN,COMPUTER SPECIALIST,ACTIVE,106023.00,per Annum,1820,104395.05,317,23614.43,5973.66
2020,69,HRA/DEPT OF SOCIAL SERVICES,2014-10-14T00:00:00.000,MANHATTAN,CITY RESEARCH SCIENTIST,ACTIVE,121887.00,per Annum,1820,119274.70,0,0.00,709.07
2020,69,HRA/DEPT OF SOCIAL SERVICES,2018-10-01T00:00:00.000,MANHATTAN,DEPUTY DIRECTOR OF ADMINISTRATION,ACTIVE,153689.00,per Annum,1820,151353.79,0,0.00,0.00
2020,69,HRA/DEPT OF SOCIAL SERVICES,2004-06-30T00:00:00.000,BROOKLYN,COMPUTER SPECIALIST,ACTIVE,106023.00,per Annum,1820,104395.05,279,20832.28,7487.43
2020,69,HRA/DEPT OF SOCIAL SERVICES,2007-11-19T00:00:00.000,BROOKLYN,CERTIFIED IT ADMINISTRATOR,ACTIVE,106023.00,per Annum,1820,104395.05,373,29365.50,5987.20
2020,69,HRA/DEPT OF SOCIAL SERVICES,2007-01-29T00:00:00.000,MANHATTAN,ADMINISTRATIVE STAFF ANALYST,ACTIVE,139486.00,per Annum,1820,137366.43,0,0.00,0.00
2020,69,HRA/DEPT OF SOCIAL SERVICES,2007-09-10T00:00:00.000,MANHATTAN,ADMINISTRATIVE STAFF ANALYST,ACTIVE,134048.00,per Annum,1820,128259.60,0,0.00,415.24
2020,69,HRA/DEPT OF SOCIAL SERVICES,2003-02-03T00:00:00.000,MANHATTAN,COMPUTER SPECIALIST,ACTIVE,113760.00,per Annum,1820,112005.36,0,0.00,6011.67
2020,69,HRA/DEPT OF SOCIAL SERVICES,2012-07-09T00:00:00.000,MANHATTAN,EXECUTIVE DEPUTY ADMINISTRATOR,ACTIVE,215846.00,per Annum,1820,212566.15,0,0.00,0.00
2020,996,NYC HOUSING AUTHORITY,2020-06-08T00:00:00.000,QUEENS,CITY SEASONAL AIDE,ACTIVE,40317.00,per Annum,40,771.09,0,0.00,4291.26
2020,996,NYC HOUSING AUTHORITY,2020-05-26T00:00:00.000,QUEENS,MASONS HELPER,ACTIVE,282.03,per Day,98,3948.18,23,1289.29,26.16
2020,996,NYC HOUSING AUTHORITY,2000-03-06T00:00:00.000,BRONX,PAINTER,CEASED,249.90,per Day,0,0.00,0,0.00,5559.51
2020,996,NYC HOUSING AUTHORITY,2001-01-16T00:00:00.000,MANHATTAN,PRINCIPAL ADMINISTRATIVE ASSOCIATE -  NON SUPVR,ACTIVE,74596.00,per Annum,64.25,5453.70,0,0.00,112.66
2020,996,NYC HOUSING AUTHORITY,2020-03-16T00:00:00.000,MANHATTAN,CITY SERVICE AIDE,ON LEAVE,40317.00,Prorated Annual,0,0.00,0,0.00,5567.04
2020,996,NYC HOUSING AUTHORITY,2020-03-16T00:00:00.000,MANHATTAN,CITY SERVICE AIDE,ON LEAVE,40317.00,per Annum,0,0.00,0,0.00,6185.60
2020,996,NYC HOUSING AUTHORITY,2020-06-08T00:00:00.000,QUEENS,CITY SEASONAL AIDE,ACTIVE,40317.00,per Annum,40,771.09,0,0.00,5721.68
2020,996,NYC HOUSING AUTHORITY,2018-10-01T00:00:00.000,BRONX,CARETAKER,ON LEAVE,31990.00,per Annum,1747.5,21900.44,73,1682.99,2290.52
2020,996,NYC HOUSING AUTHORITY,2019-08-12T00:00:00.000,BROOKLYN,CARETAKER,ACTIVE,31990.00,per Annum,1760,24841.95,30,555.39,1266.25
2020,996,NYC HOUSING AUTHORITY,2019-08-26T00:00:00.000,BROOKLYN,CARETAKER,ACTIVE,31990.00,per Annum,1530,23355.67,116.5,2668.73,850.50
2020,996,NYC HOUSING AUTHORITY,2006-09-25T00:00:00.000,QUEENS,MAINTENANCE WORKER,CEASED,242.00,per Day,688,23208.95,76,3788.18,125.24
2020,996,NYC HOUSING AUTHORITY,2017-02-12T00:00:00.000,BROOKLYN,CARETAKER,ON LEAVE,44930.00,per Annum,1450,23774.76,113,3254.79,1967.16
2020,996,NYC HOUSING AUTHORITY,2019-08-19T00:00:00.000,MANHATTAN,CARETAKER,ACTIVE,31990.00,per Annum,1720,25681.86,134,3291.16,1173.29
2020,996,NYC HOUSING AUTHORITY,2016-03-01T00:00:00.000,MANHATTAN,CITY SECURITY AIDE,ON LEAVE,37364.00,per Annum,1680,29382.01,44.25,1164.49,0.00
2020,996,NYC HOUSING AUTHORITY,2018-05-29T00:00:00.000,MANHATTAN,CARETAKER,ACTIVE,37434.00,per Annum,1733,26169.49,135.25,3315.37,2008.74
2020,996,NYC HOUSING AUTHORITY,2019-10-28T00:00:00.000,MANHATTAN,PLUMBER'S HELPER,CEASED,258.65,per Day,350,14225.75,223,16479.72,1034.60
2020,996,NYC HOUSING AUTHORITY,2019-06-10T00:00:00.000,MANHATTAN,CARETAKER,ACTIVE,31990.00,per Annum,2080,29587.28,29.75,680.67,3334.28
2020,996,NYC HOUSING AUTHORITY,2019-05-06T00:00:00.000,MANHATTAN,CARETAKER,ON LEAVE,31990.00,per Annum,1887.15,26314.77,287.75,6995.80,465.96
2020,996,NYC HOUSING AUTHORITY,2017-06-19T00:00:00.000,BRONX,CARETAKER,ACTIVE,44930.00,per Annum,2080,34604.54,29,673.62,4644.36
2020,996,NYC HOUSING AUTHORITY,2019-07-01T00:00:00.000,BRONX,SECRETARY,ACTIVE,41848.00,per Annum,1750,39625.79,0,0.00,151.50
2020,996,NYC HOUSING AUTHORITY,2018-05-22T00:00:00.000,QUEENS,CARETAKER,ACTIVE,31990.00,per Annum,2080,30909.61,163.75,3984.04,4863.93
2020,996,NYC HOUSING AUTHORITY,2018-05-21T00:00:00.000,MANHATTAN,PROCUREMENT ANALYST,CEASED,62577.00,per Annum,1120,38279.17,36,1267.31,0.00
2020,996,NYC HOUSING AUTHORITY,2018-05-21T00:00:00.000,BRONX,CARETAKER,ACTIVE,37434.00,per Annum,2080,32031.39,102,2440.38,4570.34
2020,996,NYC HOUSING AUTHORITY,1984-12-03T00:00:00.000,BRONX,MAINTENANCE WORKER,CEASED,242.00,per Day,440,15697.43,56.75,3036.53,19897.06
2020,996,NYC HOUSING AUTHORITY,2018-10-09T00:00:00.000,QUEENS,CARETAKER,ACTIVE,31990.00,per Annum,2080,31368.49,67,1424.50,3872.02
2020,996,NYC HOUSING AUTHORITY,2019-04-16T00:00:00.000,QUEENS,CARETAKER,ACTIVE,31990.00,per Annum,1950,29697.95,263.75,6435.22,1417.66
2020,996,NYC HOUSING AUTHORITY,2019-03-18T00:00:00.000,BROOKLYN,CARETAKER,ACTIVE,31990.00,per Annum,2080,31554.41,215,5250.21,746.22
2020,996,NYC HOUSING AUTHORITY,2012-03-05T00:00:00.000,BROOKLYN,CARETAKER,ON LEAVE,44930.00,per Annum,1646,30116.62,157.75,5416.86,2194.67
2020,996,NYC HOUSING AUTHORITY,2018-03-19T00:00:00.000,BROOKLYN,CARETAKER,ACTIVE,37434.00,per Annum,2080,31930.33,93,2215.51,3924.08
2020,996,NYC HOUSING AUTHORITY,1986-02-18T00:00:00.000,BROOKLYN,HOUSING ASSISTANT,CEASED,60167.00,per Annum,0,-2307.78,0,0.00,2307.78
2020,996,NYC HOUSING AUTHORITY,2014-11-24T00:00:00.000,MANHATTAN,CARETAKER,CEASED,43941.00,per Annum,0,-1463.48,0,43.75,1419.73
2020,996,NYC HOUSING AUTHORITY,2015-01-05T00:00:00.000,BRONX,CARETAKER,CEASED,44930.00,per Annum,0,-1229.13,0,100.54,1128.59
2020,996,NYC HOUSING AUTHORITY,2019-02-19T00:00:00.000,MANHATTAN,CARETAKER,CEASED,31286.00,per Annum,9.5,142.49,0,0.00,0.00
2020,996,NYC HOUSING AUTHORITY,2020-05-26T00:00:00.000,MANHATTAN,CITY SEASONAL AIDE,ACTIVE,28744.00,per Annum,0,0.00,0,0.00,165.00
2020,996,NYC HOUSING AUTHORITY,2018-09-12T00:00:00.000,QUEENS,MAINTENANCE WORKER,CEASED,230.08,per Day,0,171.85,0,0.00,6.05
2020,996,NYC HOUSING AUTHORITY,2017-04-24T00:00:00.000,BRONX,MAINTENANCE WORKER,CEASED,225.04,per Day,0,228.21,0,29.87,36.85
2020,996,NYC HOUSING AUTHORITY,2019-06-04T00:00:00.000,BRONX,CITY SEASONAL AIDE,CEASED,23464.00,Prorated Annual,30,359.95,0,0.00,0.00
2020,996,NYC HOUSING AUTHORITY,1999-07-12T00:00:00.000,MANHATTAN,MAINTENANCE WORKER,CEASED,236.64,per Day,0,955.26,0,7.11,169.65
2020,996,NYC HOUSING AUTHORITY,2019-04-29T00:00:00.000,MANHATTAN,CITY SEASONAL AIDE,CEASED,24168.00,Prorated Annual,120,525.13,0,0.00,950.06
2020,996,NYC HOUSING AUTHORITY,2020-03-16T00:00:00.000,MANHATTAN,CITY SERVICE AIDE,ON LEAVE,40317.00,Prorated Annual,0,0.00,0,0.00,1739.70
2020,996,NYC HOUSING AUTHORITY,2019-04-16T00:00:00.000,BROOKLYN,CITY SEASONAL AIDE,CEASED,23464.00,Prorated Annual,138,2066.85,0,0.00,0.00
2020,996,NYC HOUSING AUTHORITY,2020-03-16T00:00:00.000,MANHATTAN,CITY SERVICE AIDE,ON LEAVE,40317.00,Prorated Annual,0,0.00,0,0.00,2213.29
2020,996,NYC HOUSING AUTHORITY,2020-06-01T00:00:00.000,MANHATTAN,CITY LABORER,ACTIVE,290.00,per Day,80,2900.00,0,0.00,0.00
2020,996,NYC HOUSING AUTHORITY,2020-03-16T00:00:00.000,MANHATTAN,CITY SERVICE AIDE,ON LEAVE,40317.00,Prorated Annual,0,0.00,0,0.00,2938.16
2020,996,NYC HOUSING AUTHORITY,2020-03-16T00:00:00.000,MANHATTAN,CITY SERVICE AIDE,ON LEAVE,40317.00,Prorated Annual,0,0.00,0,0.00,4155.95
2020,996,NYC HOUSING AUTHORITY,2020-03-16T00:00:00.000,MANHATTAN,CITY SERVICE AIDE,ON LEAVE,40317.00,Prorated Annual,0,0.00,0,0.00,4300.94
2020,996,NYC HOUSING AUTHORITY,2020-03-16T00:00:00.000,MANHATTAN,CITY SERVICE AIDE,ON LEAVE,40317.00,Prorated Annual,0,0.00,0,0.00,4484.56
2020,996,NYC HOUSING AUTHORITY,2020-03-16T00:00:00.000,MANHATTAN,CITY SERVICE AIDE,ON LEAVE,40317.00,Prorated Annual,0,0.00,0,0.00,4639.20
2020,996,NYC HOUSING AUTHORITY,2014-10-06T00:00:00.000,BROOKLYN,CARETAKER,CEASED,44930.00,per Annum,240,3445.98,24.25,818.10,672.32
2020,996,NYC HOUSING AUTHORITY,2020-05-18T00:00:00.000,MANHATTAN,ELEVATOR MECHANIC HELPER,ACTIVE,248.00,per Day,160,4960.00,0,0.00,7.60
2020,996,NYC HOUSING AUTHORITY,2020-03-16T00:00:00.000,MANHATTAN,CITY SERVICE AIDE,ON LEAVE,40317.00,Prorated Annual,0,0.00,0,0.00,6804.16
2020,996,NYC HOUSING AUTHORITY,2019-05-06T00:00:00.000,BROOKLYN,CITY SEASONAL AIDE,CEASED,23464.00,Prorated Annual,480,6756.05,0,0.00,52.36
2020,996,NYC HOUSING AUTHORITY,2020-03-16T00:00:00.000,MANHATTAN,CITY SERVICE AIDE,ON LEAVE,40317.00,Prorated Annual,0,0.00,0,0.00,6862.15
2020,996,NYC HOUSING AUTHORITY,2004-01-05T00:00:00.000,BROOKLYN,BRICKLAYER,CEASED,368.97,per Day,0,5369.49,0,1098.97,416.10
2020,996,NYC HOUSING AUTHORITY,1996-10-09T00:00:00.000,BROOKLYN,ELECTRICIAN'S HELPER,CEASED,236.74,per Day,0,0.00,0,0.00,7287.00
2020,996,NYC HOUSING AUTHORITY,2020-03-09T00:00:00.000,QUEENS,CARETAKER,ACTIVE,31990.00,per Annum,368,6729.85,23.75,579.32,0.00
2020,996,NYC HOUSING AUTHORITY,2004-03-01T00:00:00.000,QUEENS,PAINTER,CEASED,257.46,per Day,0,0.00,0,0.00,8396.37
2020,996,NYC HOUSING AUTHORITY,2020-02-24T00:00:00.000,MANHATTAN,CARETAKER,ACTIVE,31990.00,per Annum,640,9345.70,30.25,702.85,501.36
2020,996,NYC HOUSING AUTHORITY,2020-02-10T00:00:00.000,BROOKLYN,CARETAKER,ACTIVE,31990.00,per Annum,720,10768.20,46.25,1102.14,854.12
2020,996,NYC HOUSING AUTHORITY,2020-02-10T00:00:00.000,BROOKLYN,CARETAKER,ACTIVE,31990.00,per Annum,720,10951.76,80,1961.06,214.49
2020,996,NYC HOUSING AUTHORITY,2020-01-27T00:00:00.000,BROOKLYN,CARETAKER,ACTIVE,31990.00,per Annum,800,11357.08,65,1493.79,666.44
2020,996,NYC HOUSING AUTHORITY,2020-02-10T00:00:00.000,BROOKLYN,CARETAKER,ACTIVE,31990.00,per Annum,720,10829.39,133.5,3066.08,595.52
2020,996,NYC HOUSING AUTHORITY,2020-01-06T00:00:00.000,MANHATTAN,CARETAKER,ACTIVE,31990.00,per Annum,920,14072.09,16.5,379.19,367.68
2020,996,NYC HOUSING AUTHORITY,2020-01-06T00:00:00.000,BRONX,CARETAKER,ACTIVE,31990.00,per Annum,920,13429.66,38,860.22,823.37
2020,996,NYC HOUSING AUTHORITY,2019-03-25T00:00:00.000,BROOKLYN,CARETAKER,CEASED,31990.00,per Annum,1024,12692.07,130,3210.41,134.35
2020,996,NYC HOUSING AUTHORITY,2019-12-16T00:00:00.000,MANHATTAN,CARETAKER,ACTIVE,31990.00,per Annum,1040,14806.27,47.25,1078.20,432.14
2020,996,NYC HOUSING AUTHORITY,2001-06-11T00:00:00.000,BROOKLYN,MAINTENANCE WORKER,CEASED,242.00,per Day,440,15707.43,0,525.46,3007.14
2020,996,NYC HOUSING AUTHORITY,2019-06-10T00:00:00.000,BRONX,CARETAKER,CEASED,31990.00,per Annum,1409.98,17599.62,38.75,911.93,2056.71
2020,996,NYC HOUSING AUTHORITY,2020-02-18T00:00:00.000,BRONX,HOUSING EXTERMINATOR,ACTIVE,53223.00,per Annum,672,17101.23,64.5,2727.65,1098.60
2020,996,NYC HOUSING AUTHORITY,2017-02-13T00:00:00.000,BROOKLYN,CARETAKER,ON LEAVE,44930.00,per Annum,1298,18855.77,65.5,1835.40,1790.60
2020,996,NYC HOUSING AUTHORITY,2019-07-22T00:00:00.000,MANHATTAN,CARETAKER,CEASED,31990.00,per Annum,1320,18274.55,148,3386.75,861.00
2020,996,NYC HOUSING AUTHORITY,2017-08-28T00:00:00.000,BROOKLYN,CARETAKER,ACTIVE,37434.00,per Annum,992,16681.68,155.25,4513.41,2005.59
2020,996,NYC HOUSING AUTHORITY,2019-10-21T00:00:00.000,BROOKLYN,CARETAKER,ACTIVE,31990.00,per Annum,1360,20802.22,78.75,1907.44,704.08
2020,996,NYC HOUSING AUTHORITY,2019-10-15T00:00:00.000,QUEENS,CARETAKER,ACTIVE,31990.00,per Annum,1392,19586.24,109.25,2691.69,1899.77
2020,996,NYC HOUSING AUTHORITY,2019-08-12T00:00:00.000,RICHMOND,CARETAKER,ACTIVE,31990.00,per Annum,1580,23179.63,25.75,591.77,884.76
2020,996,NYC HOUSING AUTHORITY,2020-01-27T00:00:00.000,BRONX,MAINTENANCE WORKER,ACTIVE,239.84,per Day,800,23730.46,32,1439.04,38.00
2020,996,NYC HOUSING AUTHORITY,2019-09-30T00:00:00.000,MANHATTAN,CARETAKER,ON LEAVE,31990.00,per Annum,1480,21303.13,153,3735.39,591.04
2020,996,NYC HOUSING AUTHORITY,1989-04-17T00:00:00.000,BRONX,CARETAKER,CEASED,44930.00,per Annum,440,9252.83,62.5,2192.97,14235.42
2020,996,NYC HOUSING AUTHORITY,2010-05-17T00:00:00.000,BRONX,CARETAKER,ACTIVE,44930.00,per Annum,2080,44486.67,584.25,21260.34,6788.91
2020,996,NYC HOUSING AUTHORITY,1996-04-24T00:00:00.000,QUEENS,SUPERVISING HOUSING GROUNDSKEEPER,ACTIVE,48987.00,per Annum,2080,48199.78,486,19216.15,5089.62
2020,996,NYC HOUSING AUTHORITY,2012-04-23T00:00:00.000,MANHATTAN,MAINTENANCE WORKER,ACTIVE,249.28,per Day,2080,64814.63,149.25,6448.09,940.70
2020,996,NYC HOUSING AUTHORITY,2010-09-27T00:00:00.000,MANHATTAN,ACCOUNTANT,ACTIVE,64750.00,per Annum,1820,63723.07,0,0.00,6262.17
2020,996,NYC HOUSING AUTHORITY,2005-06-06T00:00:00.000,BROOKLYN,MAINTENANCE WORKER,ACTIVE,249.28,per Day,2080,64206.17,120,5599.12,147.55
2020,996,NYC HOUSING AUTHORITY,2018-12-03T00:00:00.000,BROOKLYN,MAINTENANCE WORKER,ACTIVE,239.84,per Day,2080,62014.86,146.75,6315.49,595.28
2020,996,NYC HOUSING AUTHORITY,2012-09-04T00:00:00.000,MANHATTAN,CITY LABORER,ACTIVE,290.00,per Day,2080,47440.10,403.5,14734.54,6641.39
2020,996,NYC HOUSING AUTHORITY,2003-09-15T00:00:00.000,MANHATTAN,SUPERVISOR OF MOTOR TRANSPORT,ACTIVE,71906.00,per Annum,2080,65291.96,55.75,2606.73,725.01
2020,996,NYC HOUSING AUTHORITY,2015-12-21T00:00:00.000,QUEENS,HEATING PLANT TECHNICIAN,ACTIVE,52543.00,per Annum,2080,47361.69,500.5,18038.53,2806.76
2020,996,NYC HOUSING AUTHORITY,1988-05-16T00:00:00.000,MANHATTAN,MAINTENANCE WORKER,ACTIVE,249.28,per Day,2080,65533.35,32.25,1662.26,132.36
2020,996,NYC HOUSING AUTHORITY,2013-03-25T00:00:00.000,QUEENS,HOUSING ASSISTANT,ACTIVE,61521.00,per Annum,1820,60914.07,165.75,6360.63,0.00
2020,996,NYC HOUSING AUTHORITY,2019-10-07T00:00:00.000,MANHATTAN,PAINTER,ACTIVE,292.53,per Day,1260,52070.34,225.5,14135.54,0.00
2020,996,NYC HOUSING AUTHORITY,1988-05-02T00:00:00.000,MANHATTAN,PROCUREMENT ANALYST,ACTIVE,56934.00,per Annum,1820,56605.05,241.5,9037.61,298.51
2020,996,NYC HOUSING AUTHORITY,2019-11-18T00:00:00.000,BROOKLYN,CARPENTER,ACTIVE,364.16,per Day,1050,54245.75,141.25,10489.06,832.32
2020,996,NYC HOUSING AUTHORITY,2005-12-13T00:00:00.000,BROOKLYN,MAINTENANCE WORKER,ACTIVE,249.28,per Day,2080,63965.13,15.5,960.70,135.80
2020,996,NYC HOUSING AUTHORITY,1991-01-07T00:00:00.000,BROOKLYN,COMMUNITY COORDINATOR,ACTIVE,62441.00,per Annum,1820,61442.18,25.75,1139.61,1324.04
2020,996,NYC HOUSING AUTHORITY,2008-06-23T00:00:00.000,BRONX,CARETAKER,ACTIVE,44930.00,per Annum,2080,44486.67,327.5,12421.46,6505.50
2020,996,NYC HOUSING AUTHORITY,1989-10-10T00:00:00.000,BRONX,HOUSING ASSISTANT,ACTIVE,61521.00,per Annum,1820,60914.07,23.25,954.76,1331.87
2020,996,NYC HOUSING AUTHORITY,1988-07-05T00:00:00.000,BROOKLYN,COMMUNITY COORDINATOR,ACTIVE,62537.00,per Annum,1820,61536.73,0,0.00,1390.54
2020,996,NYC HOUSING AUTHORITY,1997-05-01T00:00:00.000,MANHATTAN,CARETAKER,ACTIVE,44930.00,per Annum,2080,44486.67,265,9307.49,9027.14
2020,996,NYC HOUSING AUTHORITY,2012-10-22T00:00:00.000,BROOKLYN,ECONOMIST,ACTIVE,64599.00,per Annum,1820,61920.06,24,824.96,0.00
2020,996,NYC HOUSING AUTHORITY,2008-03-10T00:00:00.000,QUEENS,HEATING PLANT TECHNICIAN,ACTIVE,52543.00,per Annum,2080,52873.19,187,6404.99,3353.86
2020,996,NYC HOUSING AUTHORITY,1996-02-19T00:00:00.000,MANHATTAN,HOUSING ASSISTANT,ACTIVE,61521.00,per Annum,1820,60914.07,0,0.00,1331.87
2020,996,NYC HOUSING AUTHORITY,1994-04-25T00:00:00.000,MANHATTAN,HOUSING ASSISTANT,ACTIVE,61521.00,per Annum,1820,60914.07,0,0.00,1331.87
2020,996,NYC HOUSING AUTHORITY,2002-11-06T00:00:00.000,BRONX,HOUSING ASSISTANT,ACTIVE,61521.00,per Annum,1820,60914.07,0,0.00,1143.51
2020,996,NYC HOUSING AUTHORITY,2002-07-15T00:00:00.000,BRONX,HOUSING ASSISTANT,ACTIVE,61521.00,per Annum,1820,60914.07,0,0.00,1034.55
2020,996,NYC HOUSING AUTHORITY,2000-01-03T00:00:00.000,BROOKLYN,HOUSING ASSISTANT,ACTIVE,61521.00,per Annum,1820,60914.07,0,0.00,1024.51
2020,996,NYC HOUSING AUTHORITY,2014-10-14T00:00:00.000,MANHATTAN,HOUSING ASSISTANT,ACTIVE,61521.00,per Annum,1820,60914.07,24,808.15,17.00
2020,996,NYC HOUSING AUTHORITY,1999-08-02T00:00:00.000,BRONX,HOUSING ASSISTANT,ACTIVE,61521.00,per Annum,1820,60453.14,0,0.00,1127.12
2020,996,NYC HOUSING AUTHORITY,2013-03-25T00:00:00.000,BROOKLYN,HOUSING ASSISTANT,ACTIVE,61521.00,per Annum,1820,60914.07,0,0.00,452.75
2020,996,NYC HOUSING AUTHORITY,2013-03-11T00:00:00.000,QUEENS,HOUSING ASSISTANT,ACTIVE,61521.00,per Annum,1820,60914.07,0,0.00,280.23
2020,996,NYC HOUSING AUTHORITY,2006-10-02T00:00:00.000,MANHATTAN,HOUSING ASSISTANT,ACTIVE,61521.00,per Annum,1820,60914.07,0,0.00,0.00
2020,996,NYC HOUSING AUTHORITY,2012-04-30T00:00:00.000,BROOKLYN,CARETAKER,ACTIVE,44930.00,per Annum,2080,43766.99,427.25,12560.76,4439.59
2020,996,NYC HOUSING AUTHORITY,2007-06-11T00:00:00.000,MANHATTAN,CARETAKER,ACTIVE,44930.00,per Annum,2080,44486.67,435.5,14468.86,1801.81
2020,996,NYC HOUSING AUTHORITY,1995-03-27T00:00:00.000,MANHATTAN,HOUSING ASSISTANT,ACTIVE,61521.00,per Annum,1841,59266.10,0,0.00,1296.00
2020,996,NYC HOUSING AUTHORITY,2010-10-18T00:00:00.000,BRONX,CARETAKER,ACTIVE,44930.00,per Annum,2080,44486.67,362.5,12769.51,2784.63
2020,996,NYC HOUSING AUTHORITY,2012-04-02T00:00:00.000,BROOKLYN,MAINTENANCE WORKER,ACTIVE,249.28,per Day,2000,56892.55,32.25,1496.45,999.57
2020,996,NYC HOUSING AUTHORITY,2003-05-27T00:00:00.000,MANHATTAN,CARETAKER,ACTIVE,44930.00,per Annum,2080,44486.67,306.25,10834.46,3608.56
2020,996,NYC HOUSING AUTHORITY,2003-09-29T00:00:00.000,BRONX,CARETAKER,ACTIVE,44930.00,per Annum,2080,44146.73,295,10922.41,3509.28
2020,996,NYC HOUSING AUTHORITY,1995-06-14T00:00:00.000,MANHATTAN,HOUSING ASSISTANT,ACTIVE,61521.00,per Annum,1738.25,54433.22,0,0.00,3547.66
2020,996,NYC HOUSING AUTHORITY,2016-08-15T00:00:00.000,MANHATTAN,CARETAKER,ACTIVE,44930.00,per Annum,2080,40064.46,446.75,14815.88,2910.86
2020,996,NYC HOUSING AUTHORITY,2012-04-23T00:00:00.000,QUEENS,HEATING PLANT TECHNICIAN,ACTIVE,52543.00,per Annum,2080,52024.73,32.5,1003.41,4009.04
2020,996,NYC HOUSING AUTHORITY,2011-05-16T00:00:00.000,BROOKLYN,CARETAKER,ACTIVE,44930.00,per Annum,2080,44486.67,302.5,9990.41,2177.81
2020,996,NYC HOUSING AUTHORITY,2002-04-01T00:00:00.000,MANHATTAN,ELEVATOR MECHANIC,ACTIVE,398.48,per Day,913.5,52442.58,67,5815.32,-1611.85
2020,996,NYC HOUSING AUTHORITY,2014-05-28T00:00:00.000,MANHATTAN,CARETAKER,ACTIVE,44930.00,per Annum,2080,43971.09,274.25,9491.72,1911.50
2020,996,NYC HOUSING AUTHORITY,2017-03-13T00:00:00.000,QUEENS,CARETAKER,ACTIVE,44930.00,per Annum,2080,38969.37,386.5,11737.97,4213.21
2020,996,NYC HOUSING AUTHORITY,1999-05-03T00:00:00.000,BROOKLYN,CARETAKER,ACTIVE,44930.00,per Annum,2080,44486.67,105.25,3807.82,6210.51
2020,996,NYC HOUSING AUTHORITY,2003-08-18T00:00:00.000,QUEENS,CARETAKER,ACTIVE,44930.00,per Annum,2080,44486.67,205.5,7213.65,1637.94
2020,996,NYC HOUSING AUTHORITY,2010-12-13T00:00:00.000,BROOKLYN,CARETAKER,ACTIVE,44930.00,per Annum,2080,44486.67,175.5,6091.11,2625.55
2020,996,NYC HOUSING AUTHORITY,2015-10-19T00:00:00.000,MANHATTAN,CARETAKER,ACTIVE,44930.00,per Annum,2080,44145.19,144.25,4901.80,3930.73
2020,996,NYC HOUSING AUTHORITY,1992-09-09T00:00:00.000,MANHATTAN,COMMUNITY COORDINATOR,CEASED,62364.00,per Annum,1540,51824.42,0,0.00,1135.98
2020,996,NYC HOUSING AUTHORITY,2012-06-25T00:00:00.000,MANHATTAN,HOUSING EXTERMINATOR,ACTIVE,53223.00,per Annum,2024,51068.73,0,0.00,1489.49
2020,996,NYC HOUSING AUTHORITY,2010-12-27T00:00:00.000,MANHATTAN,CARETAKER,ACTIVE,44930.00,per Annum,2080,44223.33,181.25,6014.33,2158.99
2020,996,NYC HOUSING AUTHORITY,2020-01-13T00:00:00.000,MANHATTAN,ADMINISTRATIVE BUSINESS PROMOTION COORDINATOR,ACTIVE,125000.00,per Annum,770,52363.38,0,0.00,0.00
2020,996,NYC HOUSING AUTHORITY,2015-01-05T00:00:00.000,MANHATTAN,CARETAKER,ACTIVE,44930.00,per Annum,2080,42662.66,249.25,8696.62,932.08
2020,996,NYC HOUSING AUTHORITY,1993-12-06T00:00:00.000,QUEENS,MAINTENANCE WORKER,CEASED,242.00,per Day,1200,36022.70,2,66.14,15119.55
2020,996,NYC HOUSING AUTHORITY,2003-02-03T00:00:00.000,BRONX,SUPERVISOR OF HOUSING CARETAKER,ACTIVE,47577.00,per Annum,2080,44005.52,132,4783.74,2343.61
2020,996,NYC HOUSING AUTHORITY,1991-01-22T00:00:00.000,QUEENS,HEATING PLANT TECHNICIAN,ACTIVE,52543.00,per Annum,2080,49635.07,0,0.00,1270.43
2020,996,NYC HOUSING AUTHORITY,2005-11-14T00:00:00.000,BRONX,CARETAKER,ACTIVE,44930.00,per Annum,2009,41177.90,144.5,5001.05,4431.03
2020,996,NYC HOUSING AUTHORITY,2011-11-14T00:00:00.000,MANHATTAN,CARETAKER,ACTIVE,44930.00,per Annum,2080,44486.67,0,0.00,5686.32
2020,996,NYC HOUSING AUTHORITY,2012-12-26T00:00:00.000,RICHMOND,CARETAKER,ACTIVE,44930.00,per Annum,2080,44142.95,54,1831.60,3619.63
2020,996,NYC HOUSING AUTHORITY,2019-09-08T00:00:00.000,MANHATTAN,CONSTRUCTION PROJECT MANAGER,ACTIVE,63860.00,per Annum,1400,48610.66,16,751.51,30.92
2020,996,NYC HOUSING AUTHORITY,2008-06-09T00:00:00.000,BROOKLYN,CARETAKER,ACTIVE,44930.00,per Annum,2080,44486.67,141.5,4919.47,-277.98
2020,996,NYC HOUSING AUTHORITY,2019-11-18T00:00:00.000,MANHATTAN,STATISTICIAN,ACTIVE,85000.00,per Annum,1050,48491.86,0,0.00,33.50
2020,996,NYC HOUSING AUTHORITY,1993-05-12T00:00:00.000,MANHATTAN,SECRETARY,ACTIVE,41997.00,per Annum,1750,39558.30,124.25,3723.87,4945.08
2020,996,NYC HOUSING AUTHORITY,2015-11-30T00:00:00.000,BROOKLYN,CARETAKER,ACTIVE,44930.00,per Annum,2080,39322.28,179.75,6137.97,2366.29
2020,996,NYC HOUSING AUTHORITY,1995-06-07T00:00:00.000,BRONX,SECRETARY,ACTIVE,41988.00,per Annum,1820,41313.80,0,0.00,5051.61
2020,996,NYC HOUSING AUTHORITY,1992-06-01T00:00:00.000,MANHATTAN,SECRETARY,ACTIVE,41997.00,per Annum,1820,41322.27,0,0.00,5002.11
2020,996,NYC HOUSING AUTHORITY,2002-02-04T00:00:00.000,QUEENS,HEATING PLANT TECHNICIAN,ACTIVE,52543.00,per Annum,1878.85,42979.92,0,0.00,3306.67
2020,996,NYC HOUSING AUTHORITY,2018-04-23T00:00:00.000,BROOKLYN,HOUSING ASSISTANT,ACTIVE,53403.00,per Annum,1820,42864.96,134.5,3219.48,42.50
2020,996,NYC HOUSING AUTHORITY,1999-02-16T00:00:00.000,BROOKLYN,COMMUNITY ASSOCIATE,ACTIVE,44190.00,per Annum,1820,43480.92,0,0.00,2418.23
2020,996,NYC HOUSING AUTHORITY,1993-04-12T00:00:00.000,BROOKLYN,MAINTENANCE WORKER,CEASED,242.00,per Day,640,19339.83,105.5,5112.32,21408.31
2020,996,NYC HOUSING AUTHORITY,2017-11-27T00:00:00.000,MANHATTAN,CARETAKER,ACTIVE,37434.00,per Annum,2080,32849.54,351.5,8867.42,3979.41
2020,996,NYC HOUSING AUTHORITY,2001-12-17T00:00:00.000,QUEENS,COMMUNITY ASSOCIATE,ACTIVE,44126.00,per Annum,1820,43417.60,0,0.00,1324.04
2020,996,NYC HOUSING AUTHORITY,2014-11-24T00:00:00.000,BROOKLYN,CARETAKER,ACTIVE,44930.00,per Annum,2039.98,41639.82,81.5,2896.52,0.00
2020,996,NYC HOUSING AUTHORITY,2017-05-15T00:00:00.000,MANHATTAN,CARETAKER,ACTIVE,44930.00,per Annum,2080,36784.13,191,4569.92,3122.60
2020,996,NYC HOUSING AUTHORITY,2017-06-05T00:00:00.000,QUEENS,CARETAKER,ACTIVE,44930.00,per Annum,2080,37409.44,140.5,4048.85,2015.47
2020,996,NYC HOUSING AUTHORITY,2017-09-11T00:00:00.000,MANHATTAN,CARETAKER,ACTIVE,37434.00,per Annum,2080,34216.42,211.25,5140.60,4025.62
2020,996,NYC HOUSING AUTHORITY,2018-05-14T00:00:00.000,QUEENS,CARETAKER,ACTIVE,37434.00,per Annum,2080,32135.51,257,6100.46,5044.06
2020,996,NYC HOUSING AUTHORITY,2019-10-15T00:00:00.000,MANHATTAN,MAINTENANCE WORKER,ACTIVE,239.84,per Day,1392,40960.32,40.25,1764.71,455.03
2020,996,NYC HOUSING AUTHORITY,2019-03-11T00:00:00.000,BROOKLYN,HOUSING ASSISTANT,ACTIVE,46776.00,per Annum,1820,43532.89,3,68.89,-852.17
2020,996,NYC HOUSING AUTHORITY,2018-05-29T00:00:00.000,RICHMOND,CARETAKER,ACTIVE,37434.00,per Annum,2080,31882.65,295.75,7006.58,3474.46
2020,996,NYC HOUSING AUTHORITY,2010-10-12T00:00:00.000,QUEENS,SECRETARY,ACTIVE,41848.00,per Annum,1820,41184.16,0,0.00,1077.29
2020,996,NYC HOUSING AUTHORITY,2003-10-06T00:00:00.000,BROOKLYN,COMMUNITY COORDINATOR,CEASED,62215.00,per Annum,840,25531.19,12,419.61,15629.33
2020,996,NYC HOUSING AUTHORITY,2018-08-27T00:00:00.000,BROOKLYN,CARETAKER,ACTIVE,31990.00,per Annum,2080,31093.17,310.25,7389.69,2908.25
2020,996,NYC HOUSING AUTHORITY,2016-07-20T00:00:00.000,MANHATTAN,CARETAKER,ACTIVE,44930.00,per Annum,1712,33582.21,117.25,3287.56,3489.09
2020,996,NYC HOUSING AUTHORITY,1990-07-23T00:00:00.000,MANHATTAN,ELEVATOR MECHANIC,ACTIVE,398.48,per Day,2080,102823.36,0,0.00,99.58
2020,996,NYC HOUSING AUTHORITY,2006-06-19T00:00:00.000,BROOKLYN,ADMINISTRATIVE HOUSING MANAGER,ACTIVE,121711.00,per Annum,1820,88549.46,258.25,14017.01,0.00
2020,996,NYC HOUSING AUTHORITY,2007-07-30T00:00:00.000,MANHATTAN,ASSISTANT RESIDENT BUILDING SUPT,ACTIVE,69171.00,per Annum,2080,67392.75,617.25,29631.49,4258.89
2020,996,NYC HOUSING AUTHORITY,1993-07-06T00:00:00.000,BROOKLYN,ASSISTANT RESIDENT BUILDING SUPT,ACTIVE,73849.00,per Annum,2080,73120.68,318.25,17095.95,10902.41
2020,996,NYC HOUSING AUTHORITY,1995-03-27T00:00:00.000,MANHATTAN,HOUSING MANAGER,ACTIVE,93140.00,per Annum,1820,92221.15,128.5,7521.47,1331.87
2020,996,NYC HOUSING AUTHORITY,1993-03-01T00:00:00.000,MANHATTAN,ADMINISTRATIVE PROJECT MANAGER,ACTIVE,102043.00,per Annum,1820,99113.37,0,0.00,1737.21
2020,996,NYC HOUSING AUTHORITY,2019-08-12T00:00:00.000,MANHATTAN,PAINTER,ACTIVE,292.53,per Day,1540,62893.95,596,37339.75,438.80
2020,996,NYC HOUSING AUTHORITY,2015-10-05T00:00:00.000,BROOKLYN,PLASTERER,ACTIVE,358.56,per Day,2080,93225.60,75.5,6767.82,217.80
2020,996,NYC HOUSING AUTHORITY,1990-07-06T00:00:00.000,BROOKLYN,HOUSING MANAGER,ACTIVE,86469.00,per Annum,1820,81432.89,305.25,16698.03,1331.87
2020,996,NYC HOUSING AUTHORITY,1986-05-19T00:00:00.000,BRONX,HOUSING MANAGER,ACTIVE,93140.00,per Annum,1820,92221.15,90.5,5740.14,1331.87
2020,996,NYC HOUSING AUTHORITY,2016-03-28T00:00:00.000,MANHATTAN,CARPENTER,ACTIVE,364.14,per Day,1820,94595.83,52.5,3810.48,0.77
2020,996,NYC HOUSING AUTHORITY,2008-07-28T00:00:00.000,MANHATTAN,ELEVATOR MECHANIC HELPER,ACTIVE,248.00,per Day,2080,63712.75,553,28086.00,5940.60
2020,996,NYC HOUSING AUTHORITY,1994-05-02T00:00:00.000,BROOKLYN,HOUSING MANAGER,ACTIVE,93140.00,per Annum,1820,92221.15,21.5,1111.83,1331.87
2020,996,NYC HOUSING AUTHORITY,2014-03-03T00:00:00.000,QUEENS,HEATING PLANT TECHNICIAN,ACTIVE,52543.00,per Annum,2080,52024.73,929.75,34261.23,8010.64
2020,996,NYC HOUSING AUTHORITY,2014-09-22T00:00:00.000,QUEENS,CHIEF OF HOUSING COMMUNITY ACTIVITIES,ACTIVE,95079.00,per Annum,1820,93586.23,0,0.00,0.00
2020,996,NYC HOUSING AUTHORITY,1988-02-01T00:00:00.000,MANHATTAN,COMPUTER SPECIALIST,ACTIVE,88476.00,per Annum,1820,87064.46,0,0.00,6000.79
2020,996,NYC HOUSING AUTHORITY,1989-03-15T00:00:00.000,MANHATTAN,CONSTRUCTION PROJECT MANAGER,ON SEPARATION LEAVE,82693.00,per Annum,1820,81381.31,0,0.00,7809.03
2020,996,NYC HOUSING AUTHORITY,1990-12-24T00:00:00.000,MANHATTAN,ASSISTANT RESIDENT BUILDING SUPT,ACTIVE,73849.00,per Annum,2080,73120.68,165.5,8868.73,6864.95
2020,996,NYC HOUSING AUTHORITY,2013-07-22T00:00:00.000,MANHATTAN,ELEVATOR MECHANIC HELPER,ACTIVE,248.00,per Day,2080,64480.00,408.5,21269.89,2253.80
2020,996,NYC HOUSING AUTHORITY,1995-03-27T00:00:00.000,BROOKLYN,HOUSING MANAGER,ACTIVE,86469.00,per Annum,1820,81432.89,93,4302.51,1331.87
2020,996,NYC HOUSING AUTHORITY,1989-09-05T00:00:00.000,QUEENS,ASSISTANT RESIDENT BUILDING SUPT,ACTIVE,69171.00,per Annum,2080,65844.05,412,19720.79,1331.87
2020,996,NYC HOUSING AUTHORITY,1991-04-08T00:00:00.000,BROOKLYN,SUPERVISING HOUSING GROUNDSKEEPER,ACTIVE,63543.00,per Annum,2080,62916.34,347.75,17512.29,6008.64
2020,996,NYC HOUSING AUTHORITY,2009-06-08T00:00:00.000,BROOKLYN,HOUSING MANAGER,ACTIVE,86469.00,per Annum,1820,81432.89,96.75,4398.33,0.00
2020,996,NYC HOUSING AUTHORITY,1980-02-11T00:00:00.000,MANHATTAN,ADM MANAGER-NON-MGRL,ACTIVE,74049.00,per Annum,1820,75648.66,0,0.00,9886.26
2020,996,NYC HOUSING AUTHORITY,2017-11-27T00:00:00.000,BROOKLYN,MAINTENANCE WORKER,ACTIVE,249.28,per Day,2080,64198.91,565.25,24928.28,-4012.78
2020,996,NYC HOUSING AUTHORITY,2008-06-09T00:00:00.000,BRONX,CHIEF CARETAKER,ACTIVE,50310.00,per Annum,2080,49813.83,881.5,30496.60,3413.73
2020,996,NYC HOUSING AUTHORITY,2020-02-18T00:00:00.000,MANHATTAN,EXECUTIVE AGENCY COUNSEL,ACTIVE,258000.00,per Annum,588,82898.19,0,0.00,0.00
2020,996,NYC HOUSING AUTHORITY,2012-04-13T00:00:00.000,QUEENS,MAINTENANCE WORKER,ACTIVE,249.28,per Day,2080,64841.37,193.5,8585.36,8733.02
2020,996,NYC HOUSING AUTHORITY,2008-06-02T00:00:00.000,BROOKLYN,SUPERVISING HOUSING GROUNDSKEEPER,ACTIVE,63543.00,per Annum,2080,61309.59,349.25,16989.04,3687.29
2020,996,NYC HOUSING AUTHORITY,1991-06-03T00:00:00.000,BRONX,ASSISTANT HOUSING MANAGER,ACTIVE,75198.00,per Annum,1820,74456.28,117.5,5806.28,1524.87
2020,996,NYC HOUSING AUTHORITY,2018-07-23T00:00:00.000,BRONX,MAINTENANCE WORKER,ACTIVE,239.84,per Day,2080,62604.86,367.75,16899.24,1414.49
2020,996,NYC HOUSING AUTHORITY,1998-11-30T00:00:00.000,MANHATTAN,SUPERVISOR II SOCIAL WORK,ACTIVE,76408.00,per Annum,1820,75196.33,0,0.00,5279.86
2020,996,NYC HOUSING AUTHORITY,2008-03-24T00:00:00.000,MANHATTAN,ASSISTANT RESIDENT BUILDING SUPT,ACTIVE,65482.00,per Annum,2080,66222.25,161.75,7483.84,6663.75
2020,996,NYC HOUSING AUTHORITY,2013-02-04T00:00:00.000,MANHATTAN,ELEVATOR MECHANIC,ACTIVE,398.48,per Day,2080,68242.00,26.5,1232.25,10881.63
2020,996,NYC HOUSING AUTHORITY,1996-10-09T00:00:00.000,BRONX,ASSISTANT HOUSING MANAGER,ACTIVE,75198.00,per Annum,1820,74456.28,85.5,4409.15,1331.87
2020,996,NYC HOUSING AUTHORITY,1989-09-25T00:00:00.000,RICHMOND,MAINTENANCE WORKER,ACTIVE,249.28,per Day,2080,65782.63,277.5,12944.32,1292.19
2020,996,NYC HOUSING AUTHORITY,2012-04-09T00:00:00.000,MANHATTAN,COMMUNITY COORDINATOR,ACTIVE,77250.00,per Annum,1820,78219.27,10.5,580.36,123.50
2020,996,NYC HOUSING AUTHORITY,1979-03-26T00:00:00.000,BRONX,HOUSING EXTERMINATOR,ACTIVE,53223.00,per Annum,2080,52698.01,486,20297.24,4188.04
2020,996,NYC HOUSING AUTHORITY,1990-01-22T00:00:00.000,MANHATTAN,CARETAKER,ACTIVE,44930.00,per Annum,2080,44486.67,815.25,28049.58,4182.15
2020,996,NYC HOUSING AUTHORITY,1988-05-02T00:00:00.000,QUEENS,MAINTENANCE WORKER,ACTIVE,249.28,per Day,2080,65782.63,206.25,9642.50,1242.42
2020,996,NYC HOUSING AUTHORITY,1989-10-16T00:00:00.000,MANHATTAN,ACCOUNTANT,ACTIVE,66422.00,per Annum,1820,65368.40,0,0.00,11050.36
2020,996,NYC HOUSING AUTHORITY,1999-07-07T00:00:00.000,MANHATTAN,MAINTENANCE WORKER,ACTIVE,249.28,per Day,2080,65782.63,10.5,530.32,9522.75
2020,996,NYC HOUSING AUTHORITY,2019-09-09T00:00:00.000,MANHATTAN,CONSTRUCTION PROJECT MANAGER,ACTIVE,81370.00,per Annum,1400,61939.40,229.75,12994.59,506.22
2020,996,NYC HOUSING AUTHORITY,2003-04-28T00:00:00.000,MANHATTAN,MAINTENANCE WORKER,ACTIVE,249.28,per Day,2080,65782.63,22,1075.47,8560.27
2020,996,NYC HOUSING AUTHORITY,1993-07-19T00:00:00.000,QUEENS,HEATING PLANT TECHNICIAN,ACTIVE,52543.00,per Annum,2080,51926.45,127,5290.19,16424.85
2020,996,NYC HOUSING AUTHORITY,1988-02-22T00:00:00.000,BROOKLYN,CARETAKER,ACTIVE,44930.00,per Annum,2080,44486.67,697,24888.15,4234.42
2020,996,NYC HOUSING AUTHORITY,2000-04-17T00:00:00.000,MANHATTAN,SUPERVISOR OF HOUSING CARETAKER,ACTIVE,63543.00,per Annum,2080,62718.85,1703.75,81113.39,10954.35
2020,996,NYC HOUSING AUTHORITY,2000-03-20T00:00:00.000,MANHATTAN,CARPENTER,ACTIVE,364.14,per Day,1820,94595.83,905.75,70965.71,4578.53
2020,996,NYC HOUSING AUTHORITY,1998-07-27T00:00:00.000,MANHATTAN,WELDER,ACTIVE,548.00,per Day,2080,140713.81,303.25,32429.66,600.00
2020,996,NYC HOUSING AUTHORITY,2000-12-26T00:00:00.000,MANHATTAN,BRICKLAYER,ACTIVE,380.94,per Day,1820,104723.49,937,71530.68,1314.19
2020,996,NYC HOUSING AUTHORITY,2010-03-22T00:00:00.000,MANHATTAN,ELEVATOR MECHANIC,ACTIVE,398.48,per Day,2080,102823.36,897.25,71066.96,6053.51
2020,996,NYC HOUSING AUTHORITY,1993-05-03T00:00:00.000,BROOKLYN,SUPERVISOR PAINTER,ACTIVE,334.32,per Day,1820,86923.20,1224.5,87723.18,13965.58
2020,996,NYC HOUSING AUTHORITY,2011-10-03T00:00:00.000,QUEENS,WELDER,ACTIVE,548.00,per Day,2080,150029.81,625.25,65412.65,1048.00
2020,996,NYC HOUSING AUTHORITY,2010-03-22T00:00:00.000,BROOKLYN,ELECTRICIAN,ACTIVE,417.97,per Day,1820,102469.37,1356.75,110830.73,11586.50
2020,996,NYC HOUSING AUTHORITY,1989-06-05T00:00:00.000,MANHATTAN,PLUMBER,ACTIVE,369.53,per Day,1820,96077.80,1400.5,147864.89,7073.87
2020,996,NYC HOUSING AUTHORITY,2017-01-09T00:00:00.000,MANHATTAN,SUPERVISOR PAINTER,ACTIVE,334.32,per Day,1820,86923.20,871.25,62416.35,1146.24
2020,996,NYC HOUSING AUTHORITY,2013-04-29T00:00:00.000,BRONX,PLASTERER,ACTIVE,358.56,per Day,2080,93225.60,575,48069.45,1501.92
2020,996,NYC HOUSING AUTHORITY,2019-01-29T00:00:00.000,MANHATTAN,PAINTER,ACTIVE,292.53,per Day,1820,76057.80,996.25,62450.32,501.48
2020,996,NYC HOUSING AUTHORITY,2015-03-23T00:00:00.000,MANHATTAN,ELEVATOR MECHANIC,ACTIVE,398.48,per Day,2080,102823.36,305,25308.08,4153.60
2020,996,NYC HOUSING AUTHORITY,2010-07-26T00:00:00.000,MANHATTAN,COMPUTER SYSTEMS MANAGER,ACTIVE,135198.00,per Annum,1876.87,132131.76,0,0.00,0.00
2020,996,NYC HOUSING AUTHORITY,2009-02-09T00:00:00.000,MANHATTAN,ELEVATOR MECHANIC,ACTIVE,398.48,per Day,2080,102787.11,265.25,23473.78,3055.29
2020,996,NYC HOUSING AUTHORITY,2011-07-05T00:00:00.000,MANHATTAN,COMPUTER SYSTEMS MANAGER,ACTIVE,130462.00,per Annum,1820,128413.56,0,0.00,0.00
2020,996,NYC HOUSING AUTHORITY,2019-01-14T00:00:00.000,MANHATTAN,PAINTER,ACTIVE,292.53,per Day,1820,76057.80,818,51276.51,877.60
2020,996,NYC HOUSING AUTHORITY,2009-04-06T00:00:00.000,MANHATTAN,ELEVATOR MECHANIC HELPER,ACTIVE,248.00,per Day,2080,64480.00,1113,56493.64,5911.80
2020,996,NYC HOUSING AUTHORITY,2007-04-09T00:00:00.000,MANHATTAN,SUPERVISOR ELEVATOR MECHANIC,ACTIVE,446.72,per Day,2080,107164.96,226,19566.02,106.58
2020,996,NYC HOUSING AUTHORITY,2012-01-09T00:00:00.000,BROOKLYN,PLUMBER,ACTIVE,369.53,per Day,1820,95523.40,295.75,31066.90,0.00
2020,996,NYC HOUSING AUTHORITY,1997-10-27T00:00:00.000,BRONX,PLASTERER,ACTIVE,358.56,per Day,2080,93225.60,372,31844.61,638.58
2020,996,NYC HOUSING AUTHORITY,2016-07-11T00:00:00.000,MANHATTAN,CARPENTER,ACTIVE,364.14,per Day,1820,94595.83,308.75,22965.37,0.77
2020,996,NYC HOUSING AUTHORITY,1994-04-25T00:00:00.000,MANHATTAN,ADMINISTRATIVE PRINTING SERVICES MANAGER,ACTIVE,121927.00,per Annum,1820,116422.46,0,0.00,1000.00
2020,996,NYC HOUSING AUTHORITY,2009-03-09T00:00:00.000,MANHATTAN,ELEVATOR MECHANIC,ACTIVE,398.48,per Day,2080,102823.36,129.25,11737.74,2517.68
2020,996,NYC HOUSING AUTHORITY,2017-06-19T00:00:00.000,MANHATTAN,ADMINISTRATIVE CLAIM EXAMINER,ACTIVE,117945.00,per Annum,1820,116093.29,0,0.00,486.64
2020,996,NYC HOUSING AUTHORITY,2016-04-04T00:00:00.000,MANHATTAN,SPECIAL ASSISTANT TO THE DEPUTY EXECUTIVE DIRECTOR,ACTIVE,117840.00,per Annum,1820,115989.86,0,0.00,500.00
2020,996,NYC HOUSING AUTHORITY,1988-05-02T00:00:00.000,QUEENS,HEATING PLANT TECHNICIAN,ACTIVE,52543.00,per Annum,2080,52024.73,1434.25,55159.90,7802.65
2020,996,NYC HOUSING AUTHORITY,1990-03-05T00:00:00.000,MANHATTAN,SUPERVISOR OF HOUSING STOCK WORKERS,ACTIVE,79065.00,per Annum,1820,78285.00,601,34725.94,1828.87
2020,996,NYC HOUSING AUTHORITY,2019-01-14T00:00:00.000,MANHATTAN,PAINTER,ACTIVE,292.53,per Day,1820,76057.80,582,36482.92,1316.40
2020,996,NYC HOUSING AUTHORITY,1991-04-16T00:00:00.000,BROOKLYN,SUPERVISOR OF HOUSING CARETAKER,ACTIVE,63543.00,per Annum,2080,62916.34,917,44563.23,4088.94
2020,996,NYC HOUSING AUTHORITY,2016-06-20T00:00:00.000,MANHATTAN,PLASTERER,ACTIVE,358.56,per Day,1884.75,80884.05,337.75,29357.14,447.06
2020,996,NYC HOUSING AUTHORITY,2000-02-07T00:00:00.000,MANHATTAN,ELEVATOR MECHANIC HELPER,ACTIVE,248.00,per Day,2080,64480.00,773.5,40509.25,4263.58
2020,996,NYC HOUSING AUTHORITY,2010-03-08T00:00:00.000,QUEENS,HEATING PLANT TECHNICIAN,ACTIVE,52543.00,per Annum,2080,52024.73,1332.75,47722.07,8717.09
2020,996,NYC HOUSING AUTHORITY,1987-05-06T00:00:00.000,MANHATTAN,SUPERVISING HOUSING GROUNDSKEEPER,ACTIVE,63543.00,per Annum,2080,62916.34,684.25,32909.57,12063.70
2020,996,NYC HOUSING AUTHORITY,1999-03-01T00:00:00.000,QUEENS,RESIDENT BUILDING SUPERINTENDENT,ACTIVE,90903.00,per Annum,1820,85101.19,336,19443.93,1751.85
2020,996,NYC HOUSING AUTHORITY,1996-07-18T00:00:00.000,MANHATTAN,ADMINISTRATIVE ENGINEER,ACTIVE,109424.00,per Annum,1820,105803.80,0,0.00,0.00
2020,996,NYC HOUSING AUTHORITY,1990-05-03T00:00:00.000,MANHATTAN,ADMINISTRATIVE STAFF ANALYST,ACTIVE,112000.00,per Annum,1820,103076.64,0,0.00,2686.04
2020,996,NYC HOUSING AUTHORITY,1993-04-21T00:00:00.000,QUEENS,MAINTENANCE WORKER,ACTIVE,249.28,per Day,2080,65782.63,774.25,35723.17,3659.08
2020,996,NYC HOUSING AUTHORITY,2015-11-30T00:00:00.000,BRONX,CARPENTER,ACTIVE,364.14,per Day,1820,94595.83,73,6034.32,4058.33
2020,996,NYC HOUSING AUTHORITY,2015-05-11T00:00:00.000,MANHATTAN,MAINTENANCE WORKER,ACTIVE,249.28,per Day,2080,65782.63,823.25,37127.49,1344.20
2020,56,POLICE DEPARTMENT,2000-03-10T00:00:00.000,QUEENS,POLICE OFFICER,ACTIVE,85292.00,per Annum,2080,84831.14,445.75,17376.86,23097.78
2020,56,POLICE DEPARTMENT,2005-01-10T00:00:00.000,RICHMOND,POLICE OFFICER,ACTIVE,85292.00,per Annum,2080,84831.14,411.88,22249.64,18692.25
2020,56,POLICE DEPARTMENT,2005-07-11T00:00:00.000,MANHATTAN,POLICE OFFICER,ACTIVE,85292.00,per Annum,2080,84831.14,312.7,20925.39,20096.05
2020,56,POLICE DEPARTMENT,2013-07-09T00:00:00.000,BROOKLYN,POLICE OFFICER,ACTIVE,85292.00,per Annum,2080,84831.14,529.12,23288.34,19417.93
2020,56,POLICE DEPARTMENT,2008-07-08T00:00:00.000,MANHATTAN,SERGEANT-,CEASED,109360.00,per Annum,1920,100402.63,221.57,13952.70,12821.96
2020,56,POLICE DEPARTMENT,2016-12-19T00:00:00.000,MANHATTAN,CITY CUSTODIAL ASSISTANT,ACTIVE,40607.00,per Annum,2080,39983.37,0,0.00,1568.36
2020,56,POLICE DEPARTMENT,2019-04-30T00:00:00.000,BROOKLYN,POLICE COMMUNICATIONS TECHNICIAN,ACTIVE,39328.00,per Annum,1823,37676.45,88.5,2294.44,4641.49
2020,56,POLICE DEPARTMENT,2011-04-01T00:00:00.000,BROOKLYN,POLICE COMMUNICATIONS TECHNICIAN,ACTIVE,53251.00,per Annum,1568,39514.87,13.8,459.94,5504.14
2020,56,POLICE DEPARTMENT,1985-07-08T00:00:00.000,MANHATTAN,LIEUTENANT D/A SPECIAL ASSIGNMENT,CEASED,141196.00,per Annum,0,1549.35,0,377.72,44994.25
2020,56,POLICE DEPARTMENT,2000-09-29T00:00:00.000,MANHATTAN,POLICE OFFICER,ACTIVE,85292.00,per Annum,2080,84831.14,352.17,24235.30,15663.44
2020,56,POLICE DEPARTMENT,2001-07-01T00:00:00.000,QUEENS,POLICE OFFICER,ACTIVE,85292.00,per Annum,2080,84831.14,343.63,18499.68,20975.05
2020,56,POLICE DEPARTMENT,2013-01-09T00:00:00.000,MANHATTAN,POLICE OFFICER,ACTIVE,85292.00,per Annum,2080,84831.14,484.22,20738.75,18599.80
2020,56,POLICE DEPARTMENT,2007-07-09T00:00:00.000,MANHATTAN,POLICE OFFICER,ACTIVE,85292.00,per Annum,2080,84831.14,366.23,24910.97,14409.00
2020,56,POLICE DEPARTMENT,2012-01-09T00:00:00.000,MANHATTAN,POLICE OFFICER,ACTIVE,85292.00,per Annum,2080,84831.14,562.42,25427.01,13346.43
2020,56,POLICE DEPARTMENT,2000-03-01T00:00:00.000,MANHATTAN,POLICE OFFICER,ACTIVE,85292.00,per Annum,2080,84831.14,339.55,22347.63,16013.51
2020,56,POLICE DEPARTMENT,2010-07-06T00:00:00.000,MANHATTAN,POLICE OFFICER,ACTIVE,85292.00,per Annum,2080,84831.14,397.48,21258.16,16441.66
2020,56,POLICE DEPARTMENT,2013-07-09T00:00:00.000,BROOKLYN,POLICE OFFICER,ACTIVE,85292.00,per Annum,2080,84831.14,457.42,22509.87,15107.28
2020,56,POLICE DEPARTMENT,2013-01-09T00:00:00.000,QUEENS,POLICE OFFICER,ACTIVE,85292.00,per Annum,2080,84831.14,431.17,20371.71,16929.97
2020,56,POLICE DEPARTMENT,2011-07-06T00:00:00.000,BROOKLYN,POLICE OFFICER,ACTIVE,85292.00,per Annum,2080,84831.14,430,20602.83,16689.14
2020,56,POLICE DEPARTMENT,2010-07-06T00:00:00.000,MANHATTAN,POLICE OFFICER,ACTIVE,85292.00,per Annum,2080,84831.14,491.75,18531.01,18588.33
2020,56,POLICE DEPARTMENT,2008-01-17T00:00:00.000,MANHATTAN,POLICE OFFICER,ACTIVE,85292.00,per Annum,2080,84831.14,322.38,20197.86,16084.42
2020,56,POLICE DEPARTMENT,2013-01-09T00:00:00.000,BRONX,POLICE OFFICER,ACTIVE,85292.00,per Annum,2080,84831.14,426.75,15697.54,20133.92
2020,56,POLICE DEPARTMENT,2006-01-09T00:00:00.000,BRONX,POLICE OFFICER,ACTIVE,85292.00,per Annum,2080,84831.14,280.08,18538.20,16081.88
2020,56,POLICE DEPARTMENT,2002-07-22T00:00:00.000,MANHATTAN,POLICE OFFICER,ACTIVE,85292.00,per Annum,2080,84831.14,273.35,18186.16,16188.58
2020,56,POLICE DEPARTMENT,2008-07-08T00:00:00.000,BRONX,POLICE OFFICER,ACTIVE,85292.00,per Annum,2080,84831.14,385.38,14820.72,19398.33
2020,56,POLICE DEPARTMENT,2011-07-06T00:00:00.000,QUEENS,SERGEANT-,ACTIVE,88945.00,per Annum,2080,87785.43,260.07,16416.40,14429.70
2020,56,POLICE DEPARTMENT,1997-07-14T00:00:00.000,MANHATTAN,CITY CUSTODIAL ASSISTANT,ACTIVE,41386.00,per Annum,2080,40742.49,195.6,6365.27,4627.46
2020,56,POLICE DEPARTMENT,2019-04-15T00:00:00.000,MANHATTAN,POLICE OFFICER,ACTIVE,42500.00,per Annum,2080,42270.23,184.37,4601.39,3690.90
2020,56,POLICE DEPARTMENT,2013-09-04T00:00:00.000,BROOKLYN,SENIOR POLICE ADMINISTRATIVE AIDE,ACTIVE,50518.00,per Annum,1820,49742.41,0,0.00,645.18
2020,56,POLICE DEPARTMENT,2019-07-01T00:00:00.000,QUEENS,POLICE OFFICER,ACTIVE,42500.00,per Annum,2080,43800.76,23.75,1165.09,5197.81
2020,56,POLICE DEPARTMENT,2018-02-20T00:00:00.000,BROOKLYN,POLICE COMMUNICATIONS TECHNICIAN,ACTIVE,49742.00,per Annum,1820,42997.13,42.58,1106.19,5861.60
2020,56,POLICE DEPARTMENT,2019-06-14T00:00:00.000,MANHATTAN,TRAFFIC ENFORCEMENT AGENT,ACTIVE,41881.00,per Annum,2076.57,41350.35,231.5,6840.73,1666.21
2020,56,POLICE DEPARTMENT,1992-11-04T00:00:00.000,QUEENS,POLICE ADMINISTRATIVE AIDE,ACTIVE,41997.00,per Annum,1820,41343.99,0,0.00,8032.98
2020,56,POLICE DEPARTMENT,2019-04-15T00:00:00.000,QUEENS,POLICE OFFICER,ACTIVE,42500.00,per Annum,2080,42270.23,105.58,2435.91,4392.55
2020,56,POLICE DEPARTMENT,2019-07-01T00:00:00.000,BROOKLYN,POLICE OFFICER,ACTIVE,42500.00,per Annum,2137.87,43703.77,85.58,2466.56,2567.11
2020,56,POLICE DEPARTMENT,2019-07-01T00:00:00.000,BRONX,POLICE OFFICER,ACTIVE,42500.00,per Annum,2000,41455.16,257,4556.88,2568.75
2020,56,POLICE DEPARTMENT,2016-07-25T00:00:00.000,MANHATTAN,TRAFFIC ENFORCEMENT AGENT,ACTIVE,42377.00,per Annum,2080,40851.98,190.75,5834.38,1794.42
2020,56,POLICE DEPARTMENT,2014-09-22T00:00:00.000,MANHATTAN,TRAFFIC ENFORCEMENT AGENT,ACTIVE,42947.00,per Annum,2080,43087.88,86.25,2803.53,1234.23
2020,56,POLICE DEPARTMENT,2008-09-22T00:00:00.000,QUEENS,SCHOOL SAFETY AGENT,ACTIVE,50207.00,per Annum,2080,49635.86,249.5,8949.81,1396.62
2020,56,POLICE DEPARTMENT,2019-01-03T00:00:00.000,BROOKLYN,POLICE OFFICER,ACTIVE,42500.00,per Annum,2080,42270.23,570.33,10515.73,7071.49
2020,56,POLICE DEPARTMENT,2018-01-10T00:00:00.000,RICHMOND,POLICE OFFICER,ACTIVE,45000.00,per Annum,2080,44640.49,447.83,8840.19,6194.01
2020,56,POLICE DEPARTMENT,2007-07-18T00:00:00.000,QUEENS,POLICE OFFICER,ACTIVE,85292.00,per Annum,2122.92,86951.80,514.63,26076.39,21385.08
2020,56,POLICE DEPARTMENT,2005-01-10T00:00:00.000,MANHATTAN,SERGEANT-,ACTIVE,90685.00,per Annum,2080,89738.91,529.57,25515.54,18854.91
2020,56,POLICE DEPARTMENT,2006-01-09T00:00:00.000,MANHATTAN,SERGEANT-,ACTIVE,109360.00,per Annum,2080,108768.97,251.3,18579.28,12367.10
2020,56,POLICE DEPARTMENT,2004-07-01T00:00:00.000,MANHATTAN,POLICE OFFICER,ACTIVE,85292.00,per Annum,2080,84831.14,742.42,31862.02,22696.51
2020,56,POLICE DEPARTMENT,2013-07-09T00:00:00.000,MANHATTAN,POLICE OFFICER,ACTIVE,85292.00,per Annum,2080,84831.14,899.25,33724.51,20245.36
2020,56,POLICE DEPARTMENT,2005-01-10T00:00:00.000,BRONX,P.O. DA DET GR3,ACTIVE,96302.00,per Annum,2080,89553.92,490,29556.70,17793.06
2020,56,POLICE DEPARTMENT,2012-01-09T00:00:00.000,BROOKLYN,POLICE OFFICER,ACTIVE,85292.00,per Annum,2080,84831.14,651.85,36738.29,14642.16
2020,56,POLICE DEPARTMENT,2005-07-11T00:00:00.000,MANHATTAN,POLICE OFFICER,ACTIVE,85292.00,per Annum,2080,84831.14,748.9,29613.63,21516.55
2020,56,POLICE DEPARTMENT,1991-04-30T00:00:00.000,MANHATTAN,POLICE OFFICER,ACTIVE,85292.00,per Annum,2080,84831.14,489,30534.46,20247.29
2020,56,POLICE DEPARTMENT,2000-09-29T00:00:00.000,MANHATTAN,POLICE OFFICER,ACTIVE,85292.00,per Annum,2165.5,89150.24,527.4,29776.96,16517.43
2020,56,POLICE DEPARTMENT,2001-07-02T00:00:00.000,BROOKLYN,POLICE OFFICER,ACTIVE,85292.00,per Annum,2080,84831.14,473.5,31803.56,15634.39
2020,56,POLICE DEPARTMENT,2005-01-10T00:00:00.000,BRONX,POLICE OFFICER,ACTIVE,85292.00,per Annum,2080,84831.14,584.08,25321.13,22003.67
2020,56,POLICE DEPARTMENT,2008-07-08T00:00:00.000,BRONX,P.O. DA DET GR3,ACTIVE,96502.00,per Annum,2080,95944.84,412.58,21020.69,15150.86
2020,56,POLICE DEPARTMENT,2002-07-01T00:00:00.000,MANHATTAN,POLICE OFFICER,ACTIVE,85292.00,per Annum,2080,84831.14,571.2,27356.22,18778.16
2020,56,POLICE DEPARTMENT,2013-01-09T00:00:00.000,BROOKLYN,POLICE OFFICER,ACTIVE,85292.00,per Annum,2080,84831.14,682.08,25824.47,19825.62
2020,56,POLICE DEPARTMENT,1995-04-30T00:00:00.000,MANHATTAN,POLICE OFFICER,ACTIVE,85292.00,per Annum,2080,84831.14,636.22,27472.92,17786.83
2020,56,POLICE DEPARTMENT,2000-09-29T00:00:00.000,QUEENS,POLICE OFFICER,ACTIVE,85292.00,per Annum,2080,84831.14,534.6,24663.79,20218.65
2020,56,POLICE DEPARTMENT,2002-07-01T00:00:00.000,MANHATTAN,POLICE OFFICER,ACTIVE,85292.00,per Annum,2080,84831.14,437.17,26456.24,17256.66
2020,56,POLICE DEPARTMENT,2005-07-11T00:00:00.000,BRONX,POLICE OFFICER,ACTIVE,85292.00,per Annum,2080,84831.14,486.5,22906.63,20783.16
2020,56,POLICE DEPARTMENT,2017-01-04T00:00:00.000,BROOKLYN,POLICE OFFICER,ACTIVE,54394.00,per Annum,2080,53927.40,202.33,5328.68,9092.95
2020,56,POLICE DEPARTMENT,1998-12-20T00:00:00.000,BROOKLYN,SCHOOL SAFETY AGENT,ACTIVE,50207.00,per Annum,2080,49632.28,445.25,16260.46,1835.22
2020,56,POLICE DEPARTMENT,1990-10-15T00:00:00.000,MANHATTAN,SERGEANT-,CEASED,109360.00,per Annum,400,20922.40,237.83,12268.34,34506.93
2020,56,POLICE DEPARTMENT,2016-10-11T00:00:00.000,BROOKLYN,POLICE OFFICER,ACTIVE,59401.00,per Annum,2080,55071.24,264.83,7607.82,4656.11
2020,56,POLICE DEPARTMENT,2011-07-06T00:00:00.000,MANHATTAN,POLICE OFFICER,ON LEAVE,85292.00,per Annum,2080,47042.03,0,0.00,19613.99
2020,56,POLICE DEPARTMENT,1998-12-20T00:00:00.000,MANHATTAN,SCHOOL SAFETY AGENT,ACTIVE,50207.00,per Annum,2080,49635.86,220.75,8882.70,7699.90
2020,56,POLICE DEPARTMENT,1996-08-08T00:00:00.000,QUEENS,TRAFFIC ENFORCEMENT AGENT,ACTIVE,45454.00,per Annum,2080,45164.93,332,12252.85,7711.15
2020,56,POLICE DEPARTMENT,2018-10-24T00:00:00.000,BROOKLYN,POLICE OFFICER,ACTIVE,45000.00,per Annum,2122.92,43612.16,664.42,16383.77,4520.69
2020,56,POLICE DEPARTMENT,2017-04-12T00:00:00.000,MANHATTAN,POLICE OFFICER,ACTIVE,46000.00,per Annum,2080,45447.98,591.58,14698.81,4119.62
2020,56,POLICE DEPARTMENT,2008-12-30T00:00:00.000,BROOKLYN,SCHOOL SAFETY AGENT,ACTIVE,50207.00,per Annum,2080,49635.86,331.5,12004.38,1302.00
2020,56,POLICE DEPARTMENT,2018-07-02T00:00:00.000,BROOKLYN,POLICE OFFICER,ACTIVE,45000.00,per Annum,2080,43438.28,616.58,12073.92,7219.92
2020,56,POLICE DEPARTMENT,2017-04-12T00:00:00.000,BROOKLYN,POLICE OFFICER,ACTIVE,46000.00,per Annum,2080,45447.98,503.08,10913.17,6153.30
2020,56,POLICE DEPARTMENT,2007-01-22T00:00:00.000,BRONX,SCHOOL SAFETY AGENT,ACTIVE,50207.00,per Annum,2080,49635.86,302,10919.53,1508.06
2020,56,POLICE DEPARTMENT,1999-04-26T00:00:00.000,QUEENS,PRINCIPAL ADMINISTRATIVE ASSOCIATE -  NON SUPVR,ACTIVE,58711.00,per Annum,1820,59766.69,0,0.00,1675.73
2020,56,POLICE DEPARTMENT,1999-01-05T00:00:00.000,MANHATTAN,SENIOR POLICE ADMINISTRATIVE AIDE,ACTIVE,53152.00,per Annum,1820,52328.13,0,0.00,8556.76
2020,56,POLICE DEPARTMENT,1990-09-24T00:00:00.000,MANHATTAN,PRINCIPAL POLICE COMMUNICATION TECHNICIAN,CEASED,80282.00,per Annum,0,1175.92,0,86.37,69.40
2020,56,POLICE DEPARTMENT,1997-11-21T00:00:00.000,MANHATTAN,TRAFFIC ENFORCEMENT AGENT,CEASED,45042.00,per Annum,0,914.71,0,399.75,21.32
2020,56,POLICE DEPARTMENT,1988-06-10T00:00:00.000,MANHATTAN,PRINCIPAL ADMINISTRATIVE ASSOCIATE -  NON SUPVR,ACTIVE,53123.00,per Annum,85,1569.88,0,8.66,162.06
2020,56,POLICE DEPARTMENT,1995-07-05T00:00:00.000,MANHATTAN,SERGEANT-,CEASED,103585.00,per Annum,0,0.00,0,522.49,1607.69
2020,56,POLICE DEPARTMENT,2020-01-10T00:00:00.000,MANHATTAN,POLICE CADET,CEASED,16.79,per Hour,288,4835.52,0,0.00,0.00
2020,56,POLICE DEPARTMENT,2012-12-03T00:00:00.000,MANHATTAN,COMPUTER PROGRAMMER ANALYST,ON LEAVE,58918.00,per Annum,168,5251.94,0,0.00,1901.14
2020,56,POLICE DEPARTMENT,2019-12-13T00:00:00.000,BROOKLYN,SCHOOL CROSSING GUARD,ACTIVE,15.45,per Hour,524.87,8109.19,0,0.00,347.65
2020,56,POLICE DEPARTMENT,2019-12-13T00:00:00.000,QUEENS,SCHOOL CROSSING GUARD,ACTIVE,15.45,per Hour,550,8497.52,0,0.00,347.65
2020,56,POLICE DEPARTMENT,2020-03-31T00:00:00.000,BROOKLYN,POLICE COMMUNICATIONS TECHNICIAN,ACTIVE,39329.00,per Annum,350,8811.43,0,0.00,871.79
2020,56,POLICE DEPARTMENT,1990-12-17T00:00:00.000,MANHATTAN,SCHOOL CROSSING GUARD,CEASED,15.46,per Hour,632.37,9587.05,0,0.00,555.93
2020,56,POLICE DEPARTMENT,2019-07-09T00:00:00.000,MANHATTAN,POLICE COMMUNICATIONS TECHNICIAN,CEASED,38183.00,per Annum,458,9849.00,0,0.00,620.73
2020,56,POLICE DEPARTMENT,2014-05-16T00:00:00.000,BRONX,SCHOOL CROSSING GUARD,ACTIVE,15.45,per Hour,789.77,12114.86,0,0.00,840.74
2020,56,POLICE DEPARTMENT,2020-01-29T00:00:00.000,BROOKLYN,SCHOOL SAFETY AGENT,ACTIVE,34834.00,per Annum,721.15,13311.73,0,0.00,0.00
2020,56,POLICE DEPARTMENT,2020-01-29T00:00:00.000,MANHATTAN,SCHOOL SAFETY AGENT,ACTIVE,34834.00,per Annum,721.15,13324.40,0,0.00,0.00
2020,56,POLICE DEPARTMENT,2019-09-13T00:00:00.000,BRONX,SCHOOL CROSSING GUARD,ACTIVE,15.45,per Hour,820,12608.25,0,0.00,840.74
2020,56,POLICE DEPARTMENT,2020-02-03T00:00:00.000,MANHATTAN,POLICE ADMINISTRATIVE AIDE,ACTIVE,36390.00,per Annum,700,13919.70,0,0.00,69.71
2020,56,POLICE DEPARTMENT,2009-11-13T00:00:00.000,RICHMOND,SCHOOL CROSSING GUARD,ACTIVE,15.45,per Hour,931.3,14284.67,0,0.00,840.74
2020,56,POLICE DEPARTMENT,1992-12-09T00:00:00.000,QUEENS,SCHOOL CROSSING GUARD,ACTIVE,15.46,per Hour,920.65,14117.68,0,0.00,1254.43
2020,56,POLICE DEPARTMENT,2017-08-28T00:00:00.000,RICHMOND,SCHOOL CROSSING GUARD,ACTIVE,15.45,per Hour,987.47,15153.61,0,0.00,840.74
2020,56,POLICE DEPARTMENT,2017-12-11T00:00:00.000,RICHMOND,SCHOOL CROSSING GUARD,ACTIVE,15.45,per Hour,995.2,15270.73,0,0.00,840.74
2020,56,POLICE DEPARTMENT,2012-02-28T00:00:00.000,MANHATTAN,TRAFFIC ENFORCEMENT AGENT,ON LEAVE,44259.00,per Annum,2080,15674.64,0,0.00,1024.47
2020,56,POLICE DEPARTMENT,2017-06-09T00:00:00.000,BROOKLYN,SCHOOL CROSSING GUARD,ACTIVE,15.45,per Hour,1103.77,16903.66,0,0.00,840.74
2020,56,POLICE DEPARTMENT,2016-01-06T00:00:00.000,BROOKLYN,POLICE OFFICER,ACTIVE,59401.00,per Annum,2080,58901.84,745.7,17361.69,10080.50
2020,56,POLICE DEPARTMENT,2015-01-07T00:00:00.000,MANHATTAN,POLICE OFFICER,ACTIVE,63125.00,per Annum,2080,62641.23,488.75,13576.70,10947.74
2020,56,POLICE DEPARTMENT,1998-12-20T00:00:00.000,MANHATTAN,SUPERVISOR OF SCHOOL SECURITY,CEASED,70419.00,per Annum,1824,61417.94,421.5,22337.87,5312.47
2020,56,POLICE DEPARTMENT,1999-08-27T00:00:00.000,BROOKLYN,SUPERVISOR OF SCHOOL SECURITY,ACTIVE,72179.00,per Annum,2080,62171.65,463.5,21043.49,6329.93
2020,56,POLICE DEPARTMENT,2017-08-07T00:00:00.000,MANHATTAN,CERTIFIED IT ADMINISTRATOR,ACTIVE,94244.00,per Annum,1820,88511.73,24.5,1081.87,24.75
2020,56,POLICE DEPARTMENT,2000-03-01T00:00:00.000,MANHATTAN,POLICE OFFICER,CEASED,85292.00,per Annum,1508.6,61527.44,307.03,11542.33,18078.55
2020,56,POLICE DEPARTMENT,1998-04-20T00:00:00.000,BROOKLYN,SUPERVISING POLICE COMMUNICATIONS TECHNICIAN,ACTIVE,68612.00,per Annum,1820,67295.73,332.5,17103.24,10858.73
2020,56,POLICE DEPARTMENT,2014-07-09T00:00:00.000,QUEENS,POLICE OFFICER,ACTIVE,85292.00,per Annum,2080,72716.67,239.83,7093.24,16869.68
2020,56,POLICE DEPARTMENT,2008-07-08T00:00:00.000,BROOKLYN,POLICE OFFICER,ACTIVE,85292.00,per Annum,2080,84831.14,151.92,7762.07,7523.34
2020,56,POLICE DEPARTMENT,1993-05-17T00:00:00.000,MANHATTAN,COMPUTER SPECIALIST,ACTIVE,94366.00,per Annum,1820,92909.16,0,0.00,8120.44
2020,56,POLICE DEPARTMENT,2006-07-10T00:00:00.000,BRONX,POLICE OFFICER,ACTIVE,85292.00,per Annum,2080,84831.14,33.83,2301.31,14468.31
2020,56,POLICE DEPARTMENT,2014-01-08T00:00:00.000,QUEENS,POLICE OFFICER,ACTIVE,85292.00,per Annum,2080,83921.33,112.92,6035.63,12705.10
2020,56,POLICE DEPARTMENT,2012-01-09T00:00:00.000,QUEENS,POLICE OFFICER,ACTIVE,85292.00,per Annum,2080,84831.14,68.28,3540.52,14447.02
2020,56,POLICE DEPARTMENT,2014-07-09T00:00:00.000,MANHATTAN,POLICE OFFICER,ACTIVE,85292.00,per Annum,2080,72716.67,413.83,16444.25,15016.26
2020,56,POLICE DEPARTMENT,2014-07-09T00:00:00.000,BROOKLYN,POLICE OFFICER,ACTIVE,85292.00,per Annum,2080,72716.67,383.75,14496.42,17206.25
2020,56,POLICE DEPARTMENT,2013-07-09T00:00:00.000,BRONX,POLICE OFFICER,ACTIVE,85292.00,per Annum,2080,84831.14,24,881.27,19417.93
2020,56,POLICE DEPARTMENT,2013-07-09T00:00:00.000,BRONX,POLICE OFFICER,ACTIVE,85292.00,per Annum,2080,84831.14,140.92,8732.49,13248.97
2020,56,POLICE DEPARTMENT,2008-07-08T00:00:00.000,BRONX,POLICE OFFICER,ACTIVE,85292.00,per Annum,2080,84831.14,112.27,7575.89,14487.35
2020,56,POLICE DEPARTMENT,2007-07-09T00:00:00.000,QUEENS,POLICE OFFICER,ACTIVE,85292.00,per Annum,2080,84831.14,101.25,6923.70,15919.27
2020,56,POLICE DEPARTMENT,2018-10-24T00:00:00.000,BROOKLYN,POLICE OFFICER,ACTIVE,45000.00,per Annum,2080,43223.56,187.75,3401.96,6861.88
2020,56,POLICE DEPARTMENT,2016-07-25T00:00:00.000,QUEENS,TRAFFIC ENFORCEMENT AGENT,ACTIVE,42377.00,per Annum,2080,42802.25,312.75,9649.89,1204.43
2020,56,POLICE DEPARTMENT,2019-10-07T00:00:00.000,MANHATTAN,POLICE OFFICER,ACTIVE,42500.00,per Annum,2000,44910.17,180.42,5721.17,3542.25
2020,56,POLICE DEPARTMENT,1998-12-20T00:00:00.000,MANHATTAN,SCHOOL SAFETY AGENT,CEASED,48745.00,per Annum,1920,44974.44,207.75,7558.37,1785.58
2020,56,POLICE DEPARTMENT,2018-01-10T00:00:00.000,QUEENS,POLICE OFFICER,ACTIVE,45000.00,per Annum,2080,44640.49,185.83,5747.78,3975.33
2020,56,POLICE DEPARTMENT,2008-12-30T00:00:00.000,BROOKLYN,SCHOOL SAFETY AGENT,ACTIVE,50207.00,per Annum,2080,49635.84,102,3758.66,1391.34
2020,56,POLICE DEPARTMENT,2017-07-05T00:00:00.000,QUEENS,POLICE OFFICER,ACTIVE,46000.00,per Annum,2080,45215.75,185.33,5293.61,4384.23
2020,56,POLICE DEPARTMENT,2018-01-10T00:00:00.000,RICHMOND,POLICE OFFICER,ACTIVE,45000.00,per Annum,2080,44640.49,120.68,2949.55,7647.25
2020,56,POLICE DEPARTMENT,2017-07-05T00:00:00.000,MANHATTAN,POLICE OFFICER,ACTIVE,46000.00,per Annum,2080,45215.75,161.42,3101.50,7473.76
2020,56,POLICE DEPARTMENT,1987-04-03T00:00:00.000,MANHATTAN,SENIOR POLICE ADMINISTRATIVE AIDE,ACTIVE,53985.00,per Annum,1820,53156.26,0,0.00,2684.39
2020,56,POLICE DEPARTMENT,2004-02-23T00:00:00.000,QUEENS,SCHOOL SAFETY AGENT,ACTIVE,50207.00,per Annum,2080,49635.86,119,4419.36,1887.54
2020,56,POLICE DEPARTMENT,2019-01-03T00:00:00.000,BRONX,POLICE OFFICER,ACTIVE,42500.00,per Annum,2122.92,43252.73,382.92,8030.56,5418.64
2020,56,POLICE DEPARTMENT,2018-01-10T00:00:00.000,BROOKLYN,POLICE OFFICER,ACTIVE,45000.00,per Annum,2080,44640.49,271.92,5500.42,6805.89
2020,56,POLICE DEPARTMENT,2000-03-17T00:00:00.000,MANHATTAN,POLICE COMMUNICATIONS TECHNICIAN,CEASED,53310.00,per Annum,1543.4,44425.85,32.08,1167.25,11399.69
2020,56,POLICE DEPARTMENT,2012-06-19T00:00:00.000,QUEENS,SCHOOL SAFETY AGENT,ACTIVE,50207.00,per Annum,2080,49635.86,177,6461.58,1398.98
2020,56,POLICE DEPARTMENT,2018-04-25T00:00:00.000,BRONX,POLICE OFFICER,ACTIVE,45000.00,per Annum,2080,43909.60,374.92,6887.78,7299.19
2020,56,POLICE DEPARTMENT,2019-01-03T00:00:00.000,MANHATTAN,POLICE OFFICER,ACTIVE,42500.00,per Annum,2080,42270.23,474.67,9544.08,6355.20
2020,56,POLICE DEPARTMENT,2018-01-10T00:00:00.000,BRONX,POLICE OFFICER,ACTIVE,45000.00,per Annum,2080,44640.49,392.33,7385.50,7373.02
2020,56,POLICE DEPARTMENT,2000-03-01T00:00:00.000,MANHATTAN,P.O. DET SPEC,ACTIVE,97324.00,per Annum,2080,96798.11,381.25,26903.55,16768.69
2020,56,POLICE DEPARTMENT,2003-07-01T00:00:00.000,MANHATTAN,SERGEANT-,ACTIVE,88945.00,per Annum,2080,85060.69,807.62,33794.96,21876.75
2020,56,POLICE DEPARTMENT,1995-04-30T00:00:00.000,QUEENS,POLICE OFFICER,ACTIVE,85292.00,per Annum,2080,84831.14,815.67,34186.83,22357.45
2020,56,POLICE DEPARTMENT,2010-07-06T00:00:00.000,BRONX,SERGEANT-,ACTIVE,109360.00,per Annum,2080,105022.02,368.72,20556.47,16078.75
2020,56,POLICE DEPARTMENT,2008-07-08T00:00:00.000,MANHATTAN,P.O. DA DET GR3,ACTIVE,97324.00,per Annum,2080,96798.11,527.87,32334.06,12705.72
2020,56,POLICE DEPARTMENT,2019-07-05T00:00:00.000,MANHATTAN,DIRECTOR OF PHOTOGRAPHIC SERVICES-PD,ACTIVE,149350.00,per Annum,1747,142080.26,0,0.00,0.00
2020,56,POLICE DEPARTMENT,2005-07-11T00:00:00.000,BROOKLYN,SERGEANT-,ACTIVE,109360.00,per Annum,2080,108768.97,254,21106.54,12286.22
2020,56,POLICE DEPARTMENT,1999-06-07T00:00:00.000,MANHATTAN,RADIO REPAIR MECHANIC,ACTIVE,421.68,per Day,2080,109631.10,236.57,16767.16,15769.19
2020,56,POLICE DEPARTMENT,1993-08-30T00:00:00.000,MANHATTAN,POLICE OFFICER,ACTIVE,85292.00,per Annum,2121.92,86780.99,855.17,37508.90,18759.33
2020,56,POLICE DEPARTMENT,1991-04-30T00:00:00.000,MANHATTAN,P.O. DET SPEC,CEASED,97324.00,per Annum,1831.48,85436.70,626.5,33446.37,25000.03
2020,56,POLICE DEPARTMENT,2000-03-01T00:00:00.000,MANHATTAN,P.O. DA DET GR3,ACTIVE,97324.00,per Annum,2080,96798.11,460.88,32616.85,15108.03
2020,56,POLICE DEPARTMENT,2008-07-08T00:00:00.000,BRONX,P.O. DA DET GR3,ACTIVE,97324.00,per Annum,2080,96798.11,670.3,32947.39,15791.40
2020,56,POLICE DEPARTMENT,2008-01-07T00:00:00.000,QUEENS,P.O. DA DET GR3,ACTIVE,97324.00,per Annum,2080,96798.11,619.5,31152.36,18584.82
2020,56,POLICE DEPARTMENT,2005-07-11T00:00:00.000,BRONX,P.O. DET SPEC,ACTIVE,97324.00,per Annum,2080,96798.11,845.67,37156.74,12784.71
2020,56,POLICE DEPARTMENT,1997-04-15T00:00:00.000,QUEENS,SERGEANT-,ACTIVE,109360.00,per Annum,2080,108768.97,285.58,13074.40,25042.50
2020,56,POLICE DEPARTMENT,2011-07-06T00:00:00.000,MANHATTAN,P.O. DA DET GR3,ACTIVE,96502.00,per Annum,2080,95908.77,762.45,38522.92,12464.62
2020,56,POLICE DEPARTMENT,2005-01-10T00:00:00.000,BROOKLYN,P.O. DA DET GR3,ACTIVE,97324.00,per Annum,2080,96798.11,685.88,34336.36,18883.27
2020,56,POLICE DEPARTMENT,2005-07-11T00:00:00.000,BROOKLYN,P.O. DA DET GR3,ACTIVE,97324.00,per Annum,2080,96798.11,753.95,36896.59,16379.81
2020,56,POLICE DEPARTMENT,2008-07-08T00:00:00.000,BRONX,P.O. DA DET GR3,ACTIVE,96502.00,per Annum,2080,95944.84,731.33,39603.31,14996.72
2020,56,POLICE DEPARTMENT,1998-08-31T00:00:00.000,MANHATTAN,P.O. DA DET GR3,ACTIVE,97324.00,per Annum,2080,96798.11,743,37725.71,20163.76
2020,56,POLICE DEPARTMENT,2006-07-10T00:00:00.000,RICHMOND,LIEUTENANT,ACTIVE,119313.00,per Annum,2080,117530.00,180.5,14237.85,23040.55
2020,56,POLICE DEPARTMENT,1995-04-02T00:00:00.000,MANHATTAN,SERGEANT-D/A SPECIAL ASSIGNMENT,CEASED,125531.00,per Annum,1316.82,79303.47,277.58,24203.63,51406.15
2020,56,POLICE DEPARTMENT,2002-07-01T00:00:00.000,QUEENS,P.O. DET SPEC,ACTIVE,97324.00,per Annum,2080,96798.11,715.42,39732.91,18726.22
2020,56,POLICE DEPARTMENT,2005-01-10T00:00:00.000,MANHATTAN,P.O. DA DET GR3,ACTIVE,97324.00,per Annum,2080,96798.11,930.85,42146.07,16429.47
2020,56,POLICE DEPARTMENT,2004-07-01T00:00:00.000,MANHATTAN,P.O. DA DET GR3,ACTIVE,97324.00,per Annum,2080,96798.11,693.32,42757.73,16361.29
2020,56,POLICE DEPARTMENT,2001-07-02T00:00:00.000,BROOKLYN,POLICE OFFICER D/A DETECTIVE 2ND GR,ACTIVE,109360.00,per Annum,2080,108768.97,363.05,30751.52,16450.60
2020,56,POLICE DEPARTMENT,2002-07-01T00:00:00.000,QUEENS,P.O. DET SPEC,ACTIVE,97324.00,per Annum,2080,96798.11,843.75,37766.72,22632.08
2020,56,POLICE DEPARTMENT,2000-03-01T00:00:00.000,MANHATTAN,P.O. DA DET GR3,ACTIVE,97324.00,per Annum,2122.75,99209.61,772.5,36113.07,22356.60
2020,56,POLICE DEPARTMENT,1993-08-30T00:00:00.000,MANHATTAN,P.O. DET SPEC,ACTIVE,97324.00,per Annum,2165.5,101621.11,512.1,36858.65,20248.09
2020,56,POLICE DEPARTMENT,2011-07-06T00:00:00.000,QUEENS,POLICE OFFICER,ACTIVE,85292.00,per Annum,2080,84831.14,225.67,8900.13,19613.99
2020,56,POLICE DEPARTMENT,2008-01-07T00:00:00.000,BRONX,POLICE OFFICER,ACTIVE,85292.00,per Annum,2080,84831.14,148.43,6996.72,21411.11
2020,56,POLICE DEPARTMENT,2017-06-09T00:00:00.000,BROOKLYN,SCHOOL CROSSING GUARD,ACTIVE,15.45,per Hour,1230.87,18808.24,0,0.00,840.74
2020,56,POLICE DEPARTMENT,2018-04-09T00:00:00.000,BROOKLYN,SCHOOL CROSSING GUARD,ACTIVE,15.45,per Hour,1241,18963.30,0,0.00,840.74
2020,56,POLICE DEPARTMENT,2019-01-14T00:00:00.000,MANHATTAN,POLICE CADET,ACTIVE,16.80,per Hour,1199.18,19895.16,0,0.00,0.00
2020,56,POLICE DEPARTMENT,2020-01-06T00:00:00.000,QUEENS,POLICE OFFICER,ACTIVE,42500.00,per Annum,960,19508.16,0,0.00,438.84
2020,56,POLICE DEPARTMENT,2008-07-08T00:00:00.000,MANHATTAN,POLICE OFFICER,ACTIVE,85292.00,per Annum,2080,84831.14,233.03,10296.21,21385.08
2020,56,POLICE DEPARTMENT,2009-01-14T00:00:00.000,QUEENS,POLICE OFFICER,ACTIVE,85292.00,per Annum,2080,84831.14,293.2,10894.30,21221.83
2020,56,POLICE DEPARTMENT,2013-01-09T00:00:00.000,BROOKLYN,POLICE OFFICER,ACTIVE,85292.00,per Annum,2080,84831.14,366.67,18800.31,13317.07
2020,56,POLICE DEPARTMENT,2009-07-14T00:00:00.000,BRONX,SERGEANT-,ACTIVE,90685.00,per Annum,2080,89738.91,267.65,13723.24,13712.09
2020,56,POLICE DEPARTMENT,2008-01-07T00:00:00.000,QUEENS,SERGEANT-,ACTIVE,90685.00,per Annum,2080,89839.45,210.25,8210.06,19376.07
2020,56,POLICE DEPARTMENT,2001-07-02T00:00:00.000,BRONX,POLICE OFFICER,ACTIVE,85292.00,per Annum,2080,84831.14,286.4,16255.16,17031.46
2020,56,POLICE DEPARTMENT,2003-07-01T00:00:00.000,BRONX,POLICE OFFICER,ACTIVE,85292.00,per Annum,2080,84831.14,293.92,11479.44,22114.66
2020,56,POLICE DEPARTMENT,2004-07-01T00:00:00.000,QUEENS,POLICE OFFICER,ACTIVE,85292.00,per Annum,2080,84831.14,204.57,11782.06,21969.65
2020,56,POLICE DEPARTMENT,2005-07-11T00:00:00.000,MANHATTAN,POLICE OFFICER,ACTIVE,85292.00,per Annum,2080,84831.14,48.62,3173.88,21385.08
2020,56,POLICE DEPARTMENT,2013-07-09T00:00:00.000,BROOKLYN,POLICE OFFICER,ACTIVE,85292.00,per Annum,2080,84831.14,216.25,11676.25,13573.25
2020,56,POLICE DEPARTMENT,2007-01-10T00:00:00.000,BROOKLYN,POLICE OFFICER,ACTIVE,85292.00,per Annum,2080,84831.14,207.58,12128.50,14587.02
2020,56,POLICE DEPARTMENT,2002-07-01T00:00:00.000,QUEENS,POLICE OFFICER,ACTIVE,85292.00,per Annum,2080,84831.14,150.17,10344.33,15704.05
2020,56,POLICE DEPARTMENT,2013-05-15T00:00:00.000,QUEENS,SCHOOL CROSSING GUARD,ACTIVE,15.45,per Hour,1292.47,19745.80,0,0.00,840.74
2020,56,POLICE DEPARTMENT,2018-02-19T00:00:00.000,BROOKLYN,POLICE CADET,ACTIVE,16.80,per Hour,1246.22,20682.51,0,0.00,-88.48
2020,56,POLICE DEPARTMENT,1998-12-20T00:00:00.000,MANHATTAN,SCHOOL SAFETY AGENT,ON LEAVE,50207.00,per Annum,592,18590.71,0,43.27,2232.18
2020,56,POLICE DEPARTMENT,1994-02-28T00:00:00.000,MANHATTAN,POLICE OFFICER,CEASED,85292.00,per Annum,240,9792.72,54,2308.13,9078.82
2020,56,POLICE DEPARTMENT,2019-11-18T00:00:00.000,RICHMOND,POLICE ADMINISTRATIVE AIDE,ACTIVE,36390.00,per Annum,1050,21575.53,4.5,89.63,0.00
2020,56,POLICE DEPARTMENT,2019-12-16T00:00:00.000,BROOKLYN,TRAFFIC ENFORCEMENT AGENT,ACTIVE,41493.00,per Annum,1040,21373.81,13.5,402.41,71.46
2020,56,POLICE DEPARTMENT,2020-01-06T00:00:00.000,BROOKLYN,CRIME ANALYST,ACTIVE,54786.00,per Annum,845,25297.31,0,0.00,0.00
2020,56,POLICE DEPARTMENT,1997-12-08T00:00:00.000,MANHATTAN,SERGEANT-,CEASED,109360.00,per Annum,45.72,2396.82,0,0.00,23675.46
2020,56,POLICE DEPARTMENT,2018-01-10T00:00:00.000,MANHATTAN,POLICE OFFICER,ON LEAVE,45000.00,per Annum,2080,19589.20,10.08,301.32,7373.02
2020,56,POLICE DEPARTMENT,2019-10-01T00:00:00.000,QUEENS,SCHOOL SAFETY AGENT,ACTIVE,34834.00,per Annum,1443.43,24295.86,109.25,2654.26,1346.54
2020,56,POLICE DEPARTMENT,2019-11-25T00:00:00.000,BROOKLYN,EVIDENCE AND PROPERTY CONTROL SPECIALIST,ACTIVE,51346.00,per Annum,1050,28602.45,0,0.00,21.84
2020,56,POLICE DEPARTMENT,2019-11-25T00:00:00.000,BROOKLYN,EVIDENCE AND PROPERTY CONTROL SPECIALIST,ACTIVE,51346.00,per Annum,1050,28602.45,0,0.00,669.43
2020,56,POLICE DEPARTMENT,1992-01-13T00:00:00.000,MANHATTAN,SERGEANT-,CEASED,109360.00,per Annum,0,0.00,0,0.00,31165.85
2020,56,POLICE DEPARTMENT,2019-09-16T00:00:00.000,QUEENS,TRAFFIC ENFORCEMENT AGENT,ACTIVE,41493.00,per Annum,1600,31383.05,24,715.41,885.20
2020,56,POLICE DEPARTMENT,1995-04-30T00:00:00.000,MANHATTAN,SERGEANT-D/A SUPERVISOR DETECTIVE SQUAD,CEASED,125531.00,per Annum,45.72,2751.24,14,742.83,30397.50
2020,56,POLICE DEPARTMENT,2019-10-07T00:00:00.000,BROOKLYN,POLICE OFFICER,ACTIVE,42500.00,per Annum,1440,30075.08,77.17,1281.60,2547.47
2020,56,POLICE DEPARTMENT,2019-10-07T00:00:00.000,BROOKLYN,POLICE OFFICER,ACTIVE,42500.00,per Annum,1440,30075.08,200.67,3332.67,1769.08
2020,56,POLICE DEPARTMENT,2019-09-24T00:00:00.000,BROOKLYN,POLICE COMMUNICATIONS TECHNICIAN,ACTIVE,39328.00,per Annum,1333,29082.38,127.58,3731.74,2388.72
2020,56,POLICE DEPARTMENT,2019-10-07T00:00:00.000,BRONX,POLICE OFFICER,ACTIVE,42500.00,per Annum,1440,30075.08,95.08,2566.54,2718.98
2020,56,POLICE DEPARTMENT,2016-03-01T00:00:00.000,QUEENS,SCHOOL SAFETY AGENT,ACTIVE,38287.00,per Annum,2080,36078.99,0,110.76,1303.32
2020,56,POLICE DEPARTMENT,2019-06-14T00:00:00.000,MANHATTAN,TRAFFIC ENFORCEMENT AGENT,ACTIVE,41493.00,per Annum,1836.57,33093.23,118.5,3476.75,1553.77
2020,56,POLICE DEPARTMENT,2018-06-21T00:00:00.000,QUEENS,SCHOOL SAFETY AGENT,ACTIVE,35985.00,per Annum,2080,35362.21,36.25,969.00,1876.19
2020,56,POLICE DEPARTMENT,2018-06-21T00:00:00.000,MANHATTAN,SCHOOL SAFETY AGENT,ACTIVE,35985.00,per Annum,2080,34217.19,105,2756.52,1302.00
2020,56,POLICE DEPARTMENT,2009-09-15T00:00:00.000,MANHATTAN,POLICE ADMINISTRATIVE AIDE,ACTIVE,41848.00,per Annum,1680,37203.52,0,0.00,1586.28
2020,56,POLICE DEPARTMENT,2007-08-06T00:00:00.000,MANHATTAN,CITY CUSTODIAL ASSISTANT,ACTIVE,36915.00,per Annum,2080,36348.30,0,0.00,3415.36
2020,56,POLICE DEPARTMENT,2016-06-30T00:00:00.000,QUEENS,SCHOOL SAFETY AGENT,ACTIVE,38287.00,per Annum,2080,37221.40,65.25,1774.44,1355.96
2020,56,POLICE DEPARTMENT,2019-10-07T00:00:00.000,BRONX,POLICE OFFICER,ACTIVE,42500.00,per Annum,1440,30075.08,108.33,2770.81,2719.75
2020,56,POLICE DEPARTMENT,2002-07-01T00:00:00.000,BROOKLYN,POLICE OFFICER,ACTIVE,85292.00,per Annum,2080,84831.14,137.33,6325.83,17360.35
2020,56,POLICE DEPARTMENT,2005-07-11T00:00:00.000,QUEENS,POLICE OFFICER,ACTIVE,85292.00,per Annum,2080,84831.14,288.83,11016.25,18181.13
2020,56,POLICE DEPARTMENT,2011-07-06T00:00:00.000,BROOKLYN,SERGEANT-,ACTIVE,88945.00,per Annum,2080,87416.14,199.3,8348.41,18478.67
2020,56,POLICE DEPARTMENT,2006-07-10T00:00:00.000,MANHATTAN,P.O. DA DET GR3,CEASED,97324.00,per Annum,1965.72,91479.19,148.98,10204.12,13003.11
2020,56,POLICE DEPARTMENT,1997-11-21T00:00:00.000,QUEENS,ASSOCIATE TRAFFIC ENFORCEMENT AGENT,ACTIVE,50614.00,per Annum,2080,53378.44,352.5,14584.84,6576.05
2020,56,POLICE DEPARTMENT,2016-01-06T00:00:00.000,QUEENS,POLICE OFFICER,ACTIVE,59401.00,per Annum,2080,58901.84,327.25,10724.77,4840.16
2020,56,POLICE DEPARTMENT,1998-12-20T00:00:00.000,BROOKLYN,SCHOOL SAFETY AGENT,ACTIVE,50207.00,per Annum,2080,49472.54,545.5,21581.74,7523.94
2020,56,POLICE DEPARTMENT,2016-01-06T00:00:00.000,QUEENS,POLICE OFFICER,ACTIVE,59401.00,per Annum,2080,58901.84,448.33,13041.85,6217.24
2020,56,POLICE DEPARTMENT,2015-10-07T00:00:00.000,MANHATTAN,POLICE OFFICER,ACTIVE,63125.00,per Annum,2080,59843.10,261.12,11056.77,6789.69
2020,56,POLICE DEPARTMENT,1989-01-30T00:00:00.000,MANHATTAN,HOSTLER,ACTIVE,49630.00,per Annum,2080,49061.51,489.5,18785.42,6100.74
2020,56,POLICE DEPARTMENT,1998-08-31T00:00:00.000,MANHATTAN,CAPTAIN,CEASED,167132.00,per Annum,571.43,46208.61,0,0.00,31229.03
2020,56,POLICE DEPARTMENT,2016-07-13T00:00:00.000,QUEENS,POLICE OFFICER,ACTIVE,59401.00,per Annum,2080,56288.82,480.67,12451.17,8443.70
2020,56,POLICE DEPARTMENT,1998-12-20T00:00:00.000,MANHATTAN,SCHOOL SAFETY AGENT,ACTIVE,50207.00,per Annum,2080,49635.86,682,24836.77,2327.94
2020,56,POLICE DEPARTMENT,2015-10-07T00:00:00.000,MANHATTAN,POLICE OFFICER,ACTIVE,63125.00,per Annum,2080,59843.10,274.57,7407.98,9221.42
2020,56,POLICE DEPARTMENT,2002-07-01T00:00:00.000,BROOKLYN,LIEUTENANT D/A COMMANDER OF DETECTIVE SQUAD,ACTIVE,134083.00,per Annum,2080,133461.60,850.25,53758.44,23458.15
2020,56,POLICE DEPARTMENT,1992-01-13T00:00:00.000,MANHATTAN,SERGEANT-D/A SUPERVISOR DETECTIVE SQUAD,ACTIVE,125531.00,per Annum,2080,124852.50,995.25,55554.07,21665.89
2020,56,POLICE DEPARTMENT,1989-07-05T00:00:00.000,BRONX,SERGEANT-D/A SPECIAL ASSIGNMENT,ACTIVE,125531.00,per Annum,2080,124852.50,713.33,53493.09,22034.14
2020,56,POLICE DEPARTMENT,2018-10-24T00:00:00.000,BROOKLYN,POLICE OFFICER,ACTIVE,59401.00,per Annum,2080,54127.27,391.33,9521.52,9004.58
2020,56,POLICE DEPARTMENT,2016-07-13T00:00:00.000,BRONX,POLICE OFFICER,ACTIVE,59401.00,per Annum,2080,56288.82,260,5773.49,9837.51
2020,56,POLICE DEPARTMENT,1998-08-31T00:00:00.000,MANHATTAN,TRAFFIC ENFORCEMENT AGENT,ACTIVE,45417.00,per Annum,2080,45171.48,408,15776.33,10772.93
2020,56,POLICE DEPARTMENT,1990-10-15T00:00:00.000,QUEENS,POLICE OFFICER D/A DETECTIVE 1ST GR,ACTIVE,125531.00,per Annum,2080,124852.50,668.87,51127.62,22091.50
2020,56,POLICE DEPARTMENT,1982-01-25T00:00:00.000,QUEENS,SERGEANT-D/A SPECIAL ASSIGNMENT,ACTIVE,125531.00,per Annum,2163.83,130276.30,795.9,46283.45,19278.27
2020,56,POLICE DEPARTMENT,2005-06-13T00:00:00.000,QUEENS,SCHOOL SAFETY AGENT,ACTIVE,50207.00,per Annum,2080,49635.86,535.5,19333.39,1503.98
2020,56,POLICE DEPARTMENT,2016-10-11T00:00:00.000,BROOKLYN,POLICE OFFICER,ACTIVE,59401.00,per Annum,2080,55071.24,239.17,6059.76,9287.42
2020,56,POLICE DEPARTMENT,1995-04-30T00:00:00.000,MANHATTAN,POLICE OFFICER D/A DETECTIVE 1ST GR,ACTIVE,125531.00,per Annum,2080,124852.50,514,47396.09,19842.51
2020,56,POLICE DEPARTMENT,1999-12-17T00:00:00.000,BROOKLYN,POLICE COMMUNICATIONS TECHNICIAN,ACTIVE,53337.00,per Annum,1820,52509.99,144,5244.95,11273.28
2020,56,POLICE DEPARTMENT,1999-01-04T00:00:00.000,MANHATTAN,PROCUREMENT ANALYST,ACTIVE,66837.00,per Annum,1820,67278.22,24.25,1051.99,643.58
2020,56,POLICE DEPARTMENT,2016-10-11T00:00:00.000,BROOKLYN,POLICE OFFICER,ACTIVE,59401.00,per Annum,2080,55071.24,333.5,9149.00,4721.56
2020,56,POLICE DEPARTMENT,2016-01-06T00:00:00.000,QUEENS,POLICE OFFICER,ACTIVE,59401.00,per Annum,2080,58901.84,166.67,5073.30,4840.16
2020,56,POLICE DEPARTMENT,2012-04-27T00:00:00.000,MANHATTAN,SCHOOL CROSSING GUARD,CEASED,15.00,per Hour,2.97,125.33,0,0.00,0.00
2020,56,POLICE DEPARTMENT,2019-02-28T00:00:00.000,MANHATTAN,POLICE COMMUNICATIONS TECHNICIAN,CEASED,38183.00,per Annum,-139,-2906.44,0,0.00,10.46
2020,56,POLICE DEPARTMENT,2019-04-30T00:00:00.000,MANHATTAN,POLICE COMMUNICATIONS TECHNICIAN,CEASED,38183.00,per Annum,-263,-5502.54,0,0.00,0.00
2020,56,POLICE DEPARTMENT,2005-01-10T00:00:00.000,MANHATTAN,SERGEANT-,ACTIVE,109360.00,per Annum,2080,108768.97,1073.53,49382.57,21962.25
2020,56,POLICE DEPARTMENT,2003-07-01T00:00:00.000,QUEENS,LIEUTENANT,ACTIVE,131564.00,per Annum,2123.75,134444.04,312.83,30547.30,14973.52
2020,56,POLICE DEPARTMENT,2004-01-20T00:00:00.000,BROOKLYN,SERGEANT-,ACTIVE,109360.00,per Annum,2080,108768.97,741.08,44538.97,20018.85
2020,56,POLICE DEPARTMENT,2000-09-29T00:00:00.000,MANHATTAN,POLICE OFFICER D/A DETECTIVE 2ND GR,ACTIVE,109360.00,per Annum,2080,108768.97,714,43095.84,19649.51
2020,56,POLICE DEPARTMENT,2016-06-06T00:00:00.000,MANHATTAN,ADMINISTRATIVE PROJECT MANAGER,ACTIVE,173486.00,per Annum,1820,170849.98,0,0.00,0.00
2020,56,POLICE DEPARTMENT,1998-08-31T00:00:00.000,QUEENS,P.O. DET SPEC,ACTIVE,97324.00,per Annum,2080,96798.11,1032,48611.60,23881.09
2020,56,POLICE DEPARTMENT,1999-07-07T00:00:00.000,MANHATTAN,SERGEANT-D/A SPECIAL ASSIGNMENT,ACTIVE,111851.00,per Annum,2080,111220.47,364.22,31746.62,18030.79
2020,56,POLICE DEPARTMENT,2004-01-20T00:00:00.000,MANHATTAN,SERGEANT-,ACTIVE,109360.00,per Annum,2080,108768.97,412.33,34539.99,15674.47
2020,56,POLICE DEPARTMENT,2016-01-06T00:00:00.000,BRONX,POLICE OFFICER,ACTIVE,59401.00,per Annum,2080,58901.84,444.83,14979.92,6283.03
2020,56,POLICE DEPARTMENT,2016-01-06T00:00:00.000,QUEENS,POLICE OFFICER,ACTIVE,59401.00,per Annum,2080,58901.84,381.5,11300.36,9690.97
